date,outlet_id,product_id,units_sold,units_returned,revenue,closing_stock
2025-07-01,outlet-1,CAKE-001,18,1,504.0,21
2025-07-01,outlet-1,CAKE-002,7,0,168.0,31
2025-07-01,outlet-1,CAKE-003,4,0,128.0,11
2025-07-01,outlet-1,CAKE-004,4,0,88.0,12
2025-07-01,outlet-1,CAKE-005,5,0,130.0,17
2025-07-01,outlet-1,CAKE-006,7,0,210.0,26
2025-07-01,outlet-1,CAKE-007,6,0,162.0,13
2025-07-01,outlet-1,CAKE-008,3,0,60.0,9
2025-07-01,outlet-1,CAKE-009,5,0,120.0,3
2025-07-01,outlet-1,CAKE-010,5,0,90.0,36
2025-07-01,outlet-2,CAKE-001,10,0,280.0,27
2025-07-01,outlet-2,CAKE-002,8,0,192.0,22
2025-07-01,outlet-2,CAKE-003,4,0,128.0,12
2025-07-01,outlet-2,CAKE-004,4,0,88.0,9
2025-07-01,outlet-2,CAKE-005,2,0,52.0,0
2025-07-01,outlet-2,CAKE-006,7,0,210.0,8
2025-07-01,outlet-2,CAKE-007,6,0,162.0,5
2025-07-01,outlet-2,CAKE-008,2,0,40.0,4
2025-07-01,outlet-2,CAKE-009,6,0,144.0,4
2025-07-01,outlet-2,CAKE-010,6,0,108.0,33
2025-07-01,outlet-3,CAKE-001,13,0,364.0,9
2025-07-01,outlet-3,CAKE-002,8,0,192.0,9
2025-07-01,outlet-3,CAKE-003,7,0,224.0,14
2025-07-01,outlet-3,CAKE-004,4,0,88.0,4
2025-07-01,outlet-3,CAKE-005,4,0,104.0,9
2025-07-01,outlet-3,CAKE-006,12,0,360.0,48
2025-07-01,outlet-3,CAKE-007,7,0,189.0,5
2025-07-01,outlet-3,CAKE-008,2,0,40.0,9
2025-07-01,outlet-3,CAKE-009,5,0,120.0,48
2025-07-01,outlet-3,CAKE-010,8,0,144.0,6
2025-07-01,outlet-4,CAKE-001,9,0,252.0,32
2025-07-01,outlet-4,CAKE-002,9,0,216.0,11
2025-07-01,outlet-4,CAKE-003,3,0,96.0,21
2025-07-01,outlet-4,CAKE-004,4,0,88.0,21
2025-07-01,outlet-4,CAKE-005,3,0,78.0,11
2025-07-01,outlet-4,CAKE-006,4,0,120.0,14
2025-07-01,outlet-4,CAKE-007,7,1,189.0,4
2025-07-01,outlet-4,CAKE-008,3,0,60.0,20
2025-07-01,outlet-4,CAKE-009,4,0,96.0,24
2025-07-01,outlet-4,CAKE-010,7,0,126.0,44
2025-07-01,outlet-5,CAKE-001,6,0,168.0,11
2025-07-01,outlet-5,CAKE-002,5,0,120.0,4
2025-07-01,outlet-5,CAKE-003,2,0,64.0,11
2025-07-01,outlet-5,CAKE-004,3,0,66.0,9
2025-07-01,outlet-5,CAKE-005,2,0,52.0,2
2025-07-01,outlet-5,CAKE-006,13,0,390.0,44
2025-07-01,outlet-5,CAKE-007,5,0,135.0,32
2025-07-01,outlet-5,CAKE-008,1,0,20.0,5
2025-07-01,outlet-5,CAKE-009,2,0,48.0,3
2025-07-01,outlet-5,CAKE-010,5,0,90.0,3
2025-07-02,outlet-1,CAKE-001,12,0,336.0,9
2025-07-02,outlet-1,CAKE-002,12,1,288.0,20
2025-07-02,outlet-1,CAKE-003,4,0,128.0,15
2025-07-02,outlet-1,CAKE-004,4,0,88.0,14
2025-07-02,outlet-1,CAKE-005,3,0,78.0,14
2025-07-02,outlet-1,CAKE-006,6,0,180.0,20
2025-07-02,outlet-1,CAKE-007,4,0,108.0,20
2025-07-02,outlet-1,CAKE-008,2,0,40.0,11
2025-07-02,outlet-1,CAKE-009,3,0,72.0,24
2025-07-02,outlet-1,CAKE-010,9,0,162.0,27
2025-07-02,outlet-2,CAKE-001,14,1,392.0,14
2025-07-02,outlet-2,CAKE-002,6,0,144.0,16
2025-07-02,outlet-2,CAKE-003,6,0,192.0,6
2025-07-02,outlet-2,CAKE-004,3,0,66.0,6
2025-07-02,outlet-2,CAKE-005,0,0,0.0,21
2025-07-02,outlet-2,CAKE-006,4,0,120.0,12
2025-07-02,outlet-2,CAKE-007,5,0,135.0,0
2025-07-02,outlet-2,CAKE-008,3,0,60.0,17
2025-07-02,outlet-2,CAKE-009,4,0,96.0,7
2025-07-02,outlet-2,CAKE-010,8,0,144.0,25
2025-07-02,outlet-3,CAKE-001,9,0,252.0,0
2025-07-02,outlet-3,CAKE-002,5,0,120.0,4
2025-07-02,outlet-3,CAKE-003,9,0,288.0,17
2025-07-02,outlet-3,CAKE-004,2,0,44.0,2
2025-07-02,outlet-3,CAKE-005,5,0,130.0,4
2025-07-02,outlet-3,CAKE-006,11,0,330.0,37
2025-07-02,outlet-3,CAKE-007,5,0,135.0,8
2025-07-02,outlet-3,CAKE-008,2,0,40.0,7
2025-07-02,outlet-3,CAKE-009,4,0,96.0,55
2025-07-02,outlet-3,CAKE-010,6,0,108.0,32
2025-07-02,outlet-4,CAKE-001,8,0,224.0,24
2025-07-02,outlet-4,CAKE-002,9,0,216.0,2
2025-07-02,outlet-4,CAKE-003,5,0,160.0,16
2025-07-02,outlet-4,CAKE-004,5,0,110.0,16
2025-07-02,outlet-4,CAKE-005,7,0,182.0,4
2025-07-02,outlet-4,CAKE-006,7,0,210.0,7
2025-07-02,outlet-4,CAKE-007,4,0,108.0,36
2025-07-02,outlet-4,CAKE-008,5,0,100.0,15
2025-07-02,outlet-4,CAKE-009,4,0,96.0,20
2025-07-02,outlet-4,CAKE-010,8,0,144.0,52
2025-07-02,outlet-5,CAKE-001,6,0,168.0,5
2025-07-02,outlet-5,CAKE-002,4,0,96.0,4
2025-07-02,outlet-5,CAKE-003,1,0,32.0,10
2025-07-02,outlet-5,CAKE-004,3,0,66.0,6
2025-07-02,outlet-5,CAKE-005,2,0,52.0,3
2025-07-02,outlet-5,CAKE-006,4,0,120.0,52
2025-07-02,outlet-5,CAKE-007,3,0,81.0,29
2025-07-02,outlet-5,CAKE-008,1,0,20.0,4
2025-07-02,outlet-5,CAKE-009,2,0,48.0,7
2025-07-02,outlet-5,CAKE-010,3,0,54.0,0
2025-07-03,outlet-1,CAKE-001,9,0,252.0,0
2025-07-03,outlet-1,CAKE-002,8,0,192.0,12
2025-07-03,outlet-1,CAKE-003,5,0,160.0,10
2025-07-03,outlet-1,CAKE-004,4,0,88.0,17
2025-07-03,outlet-1,CAKE-005,5,0,130.0,9
2025-07-03,outlet-1,CAKE-006,8,0,240.0,12
2025-07-03,outlet-1,CAKE-007,6,0,162.0,14
2025-07-03,outlet-1,CAKE-008,3,0,60.0,8
2025-07-03,outlet-1,CAKE-009,3,0,72.0,21
2025-07-03,outlet-1,CAKE-010,7,0,126.0,20
2025-07-03,outlet-2,CAKE-001,10,0,280.0,4
2025-07-03,outlet-2,CAKE-002,8,0,192.0,8
2025-07-03,outlet-2,CAKE-003,3,0,96.0,3
2025-07-03,outlet-2,CAKE-004,5,0,110.0,1
2025-07-03,outlet-2,CAKE-005,3,0,78.0,18
2025-07-03,outlet-2,CAKE-006,3,0,90.0,18
2025-07-03,outlet-2,CAKE-007,0,0,0.0,30
2025-07-03,outlet-2,CAKE-008,3,0,60.0,14
2025-07-03,outlet-2,CAKE-009,3,0,72.0,4
2025-07-03,outlet-2,CAKE-010,8,0,144.0,30
2025-07-03,outlet-3,CAKE-001,0,0,0.0,0
2025-07-03,outlet-3,CAKE-002,4,0,96.0,46
2025-07-03,outlet-3,CAKE-003,7,0,224.0,10
2025-07-03,outlet-3,CAKE-004,2,0,44.0,4
2025-07-03,outlet-3,CAKE-005,3,0,78.0,1
2025-07-03,outlet-3,CAKE-006,9,0,270.0,28
2025-07-03,outlet-3,CAKE-007,8,0,216.0,30
2025-07-03,outlet-3,CAKE-008,2,0,40.0,5
2025-07-03,outlet-3,CAKE-009,3,0,72.0,62
2025-07-03,outlet-3,CAKE-010,7,0,126.0,25
2025-07-03,outlet-4,CAKE-001,9,0,252.0,15
2025-07-03,outlet-4,CAKE-002,2,0,48.0,0
2025-07-03,outlet-4,CAKE-003,3,0,96.0,13
2025-07-03,outlet-4,CAKE-004,4,0,88.0,12
2025-07-03,outlet-4,CAKE-005,4,0,104.0,33
2025-07-03,outlet-4,CAKE-006,6,0,180.0,1
2025-07-03,outlet-4,CAKE-007,9,1,243.0,28
2025-07-03,outlet-4,CAKE-008,5,0,100.0,10
2025-07-03,outlet-4,CAKE-009,6,0,144.0,14
2025-07-03,outlet-4,CAKE-010,7,0,126.0,45
2025-07-03,outlet-5,CAKE-001,5,0,140.0,28
2025-07-03,outlet-5,CAKE-002,4,0,96.0,21
2025-07-03,outlet-5,CAKE-003,3,0,96.0,7
2025-07-03,outlet-5,CAKE-004,2,0,44.0,8
2025-07-03,outlet-5,CAKE-005,2,0,52.0,1
2025-07-03,outlet-5,CAKE-006,6,0,180.0,46
2025-07-03,outlet-5,CAKE-007,4,0,108.0,25
2025-07-03,outlet-5,CAKE-008,1,0,20.0,4
2025-07-03,outlet-5,CAKE-009,1,0,24.0,6
2025-07-03,outlet-5,CAKE-010,0,0,0.0,0
2025-07-04,outlet-1,CAKE-001,0,0,0.0,0
2025-07-04,outlet-1,CAKE-002,11,0,264.0,1
2025-07-04,outlet-1,CAKE-003,6,0,192.0,4
2025-07-04,outlet-1,CAKE-004,6,0,132.0,11
2025-07-04,outlet-1,CAKE-005,6,0,156.0,3
2025-07-04,outlet-1,CAKE-006,7,0,210.0,5
2025-07-04,outlet-1,CAKE-007,12,1,324.0,3
2025-07-04,outlet-1,CAKE-008,4,0,80.0,8
2025-07-04,outlet-1,CAKE-009,6,0,144.0,15
2025-07-04,outlet-1,CAKE-010,9,0,162.0,11
2025-07-04,outlet-2,CAKE-001,4,0,112.0,0
2025-07-04,outlet-2,CAKE-002,7,0,168.0,16
2025-07-04,outlet-2,CAKE-003,3,0,96.0,27
2025-07-04,outlet-2,CAKE-004,1,0,22.0,24
2025-07-04,outlet-2,CAKE-005,4,0,104.0,14
2025-07-04,outlet-2,CAKE-006,10,0,300.0,8
2025-07-04,outlet-2,CAKE-007,8,1,216.0,23
2025-07-04,outlet-2,CAKE-008,3,0,60.0,11
2025-07-04,outlet-2,CAKE-009,4,0,96.0,8
2025-07-04,outlet-2,CAKE-010,3,0,54.0,39
2025-07-04,outlet-3,CAKE-001,0,0,0.0,0
2025-07-04,outlet-3,CAKE-002,9,0,216.0,37
2025-07-04,outlet-3,CAKE-003,10,0,320.0,48
2025-07-04,outlet-3,CAKE-004,3,0,66.0,20
2025-07-04,outlet-3,CAKE-005,1,0,26.0,5
2025-07-04,outlet-3,CAKE-006,17,0,510.0,11
2025-07-04,outlet-3,CAKE-007,8,1,216.0,23
2025-07-04,outlet-3,CAKE-008,3,0,60.0,2
2025-07-04,outlet-3,CAKE-009,5,0,120.0,57
2025-07-04,outlet-3,CAKE-010,7,0,126.0,29
2025-07-04,outlet-4,CAKE-001,14,1,392.0,2
2025-07-04,outlet-4,CAKE-002,0,0,0.0,54
2025-07-04,outlet-4,CAKE-003,6,0,192.0,21
2025-07-04,outlet-4,CAKE-004,7,0,154.0,5
2025-07-04,outlet-4,CAKE-005,10,0,260.0,23
2025-07-04,outlet-4,CAKE-006,1,0,30.0,0
2025-07-04,outlet-4,CAKE-007,9,1,243.0,20
2025-07-04,outlet-4,CAKE-008,5,0,100.0,5
2025-07-04,outlet-4,CAKE-009,5,0,120.0,16
2025-07-04,outlet-4,CAKE-010,7,0,126.0,38
2025-07-04,outlet-5,CAKE-001,7,0,196.0,21
2025-07-04,outlet-5,CAKE-002,7,0,168.0,18
2025-07-04,outlet-5,CAKE-003,3,0,96.0,4
2025-07-04,outlet-5,CAKE-004,3,0,66.0,5
2025-07-04,outlet-5,CAKE-005,1,0,26.0,12
2025-07-04,outlet-5,CAKE-006,13,0,390.0,33
2025-07-04,outlet-5,CAKE-007,6,1,162.0,20
2025-07-04,outlet-5,CAKE-008,1,0,20.0,3
2025-07-04,outlet-5,CAKE-009,2,0,48.0,4
2025-07-04,outlet-5,CAKE-010,0,0,0.0,0
2025-07-05,outlet-1,CAKE-001,0,0,0.0,57
2025-07-05,outlet-1,CAKE-002,1,0,24.0,46
2025-07-05,outlet-1,CAKE-003,4,0,128.0,30
2025-07-05,outlet-1,CAKE-004,6,0,132.0,5
2025-07-05,outlet-1,CAKE-005,3,0,78.0,24
2025-07-05,outlet-1,CAKE-006,5,0,150.0,22
2025-07-05,outlet-1,CAKE-007,3,0,81.0,33
2025-07-05,outlet-1,CAKE-008,4,0,80.0,4
2025-07-05,outlet-1,CAKE-009,6,0,144.0,9
2025-07-05,outlet-1,CAKE-010,10,0,180.0,44
2025-07-05,outlet-2,CAKE-001,0,0,0.0,48
2025-07-05,outlet-2,CAKE-002,6,0,144.0,10
2025-07-05,outlet-2,CAKE-003,5,0,160.0,22
2025-07-05,outlet-2,CAKE-004,5,0,110.0,19
2025-07-05,outlet-2,CAKE-005,6,0,156.0,8
2025-07-05,outlet-2,CAKE-006,8,0,240.0,8
2025-07-05,outlet-2,CAKE-007,8,0,216.0,15
2025-07-05,outlet-2,CAKE-008,2,0,40.0,9
2025-07-05,outlet-2,CAKE-009,5,0,120.0,3
2025-07-05,outlet-2,CAKE-010,6,0,108.0,33
2025-07-05,outlet-3,CAKE-001,0,0,0.0,67
2025-07-05,outlet-3,CAKE-002,12,0,288.0,25
2025-07-05,outlet-3,CAKE-003,13,0,416.0,46
2025-07-05,outlet-3,CAKE-004,4,0,88.0,16
2025-07-05,outlet-3,CAKE-005,4,0,104.0,25
2025-07-05,outlet-3,CAKE-006,11,0,330.0,0
2025-07-05,outlet-3,CAKE-007,8,1,216.0,16
2025-07-05,outlet-3,CAKE-008,2,0,40.0,0
2025-07-05,outlet-3,CAKE-009,5,0,120.0,52
2025-07-05,outlet-3,CAKE-010,6,0,108.0,23
2025-07-05,outlet-4,CAKE-001,2,0,56.0,43
2025-07-05,outlet-4,CAKE-002,15,0,360.0,39
2025-07-05,outlet-4,CAKE-003,10,0,320.0,11
2025-07-05,outlet-4,CAKE-004,5,0,110.0,28
2025-07-05,outlet-4,CAKE-005,5,0,130.0,18
2025-07-05,outlet-4,CAKE-006,0,0,0.0,21
2025-07-05,outlet-4,CAKE-007,10,1,270.0,11
2025-07-05,outlet-4,CAKE-008,4,0,80.0,11
2025-07-05,outlet-4,CAKE-009,5,0,120.0,11
2025-07-05,outlet-4,CAKE-010,9,0,162.0,29
2025-07-05,outlet-5,CAKE-001,10,0,280.0,11
2025-07-05,outlet-5,CAKE-002,5,0,120.0,13
2025-07-05,outlet-5,CAKE-003,3,0,96.0,1
2025-07-05,outlet-5,CAKE-004,3,0,66.0,2
2025-07-05,outlet-5,CAKE-005,2,0,52.0,10
2025-07-05,outlet-5,CAKE-006,12,1,360.0,22
2025-07-05,outlet-5,CAKE-007,5,0,135.0,15
2025-07-05,outlet-5,CAKE-008,1,0,20.0,2
2025-07-05,outlet-5,CAKE-009,4,0,96.0,16
2025-07-05,outlet-5,CAKE-010,0,0,0.0,0
2025-07-06,outlet-1,CAKE-001,21,1,588.0,37
2025-07-06,outlet-1,CAKE-002,9,0,216.0,37
2025-07-06,outlet-1,CAKE-003,10,0,320.0,20
2025-07-06,outlet-1,CAKE-004,5,0,110.0,26
2025-07-06,outlet-1,CAKE-005,4,0,104.0,20
2025-07-06,outlet-1,CAKE-006,9,0,270.0,13
2025-07-06,outlet-1,CAKE-007,13,1,351.0,21
2025-07-06,outlet-1,CAKE-008,3,0,60.0,5
2025-07-06,outlet-1,CAKE-009,6,0,144.0,3
2025-07-06,outlet-1,CAKE-010,11,0,198.0,46
2025-07-06,outlet-2,CAKE-001,10,0,280.0,38
2025-07-06,outlet-2,CAKE-002,10,0,240.0,0
2025-07-06,outlet-2,CAKE-003,7,0,224.0,15
2025-07-06,outlet-2,CAKE-004,5,0,110.0,14
2025-07-06,outlet-2,CAKE-005,2,0,52.0,15
2025-07-06,outlet-2,CAKE-006,8,0,240.0,24
2025-07-06,outlet-2,CAKE-007,8,0,216.0,7
2025-07-06,outlet-2,CAKE-008,4,0,80.0,5
2025-07-06,outlet-2,CAKE-009,3,0,72.0,0
2025-07-06,outlet-2,CAKE-010,12,0,216.0,21
2025-07-06,outlet-3,CAKE-001,15,0,420.0,52
2025-07-06,outlet-3,CAKE-002,11,0,264.0,29
2025-07-06,outlet-3,CAKE-003,12,0,384.0,34
2025-07-06,outlet-3,CAKE-004,4,0,88.0,12
2025-07-06,outlet-3,CAKE-005,3,0,78.0,22
2025-07-06,outlet-3,CAKE-006,0,0,0.0,0
2025-07-06,outlet-3,CAKE-007,10,1,270.0,7
2025-07-06,outlet-3,CAKE-008,0,0,0.0,0
2025-07-06,outlet-3,CAKE-009,6,0,144.0,46
2025-07-06,outlet-3,CAKE-010,5,0,90.0,18
2025-07-06,outlet-4,CAKE-001,11,0,308.0,32
2025-07-06,outlet-4,CAKE-002,13,0,312.0,26
2025-07-06,outlet-4,CAKE-003,8,0,256.0,3
2025-07-06,outlet-4,CAKE-004,9,0,198.0,19
2025-07-06,outlet-4,CAKE-005,8,0,208.0,10
2025-07-06,outlet-4,CAKE-006,7,0,210.0,14
2025-07-06,outlet-4,CAKE-007,5,0,135.0,6
2025-07-06,outlet-4,CAKE-008,6,0,120.0,5
2025-07-06,outlet-4,CAKE-009,7,0,168.0,4
2025-07-06,outlet-4,CAKE-010,10,0,180.0,19
2025-07-06,outlet-5,CAKE-001,9,0,252.0,30
2025-07-06,outlet-5,CAKE-002,6,0,144.0,7
2025-07-06,outlet-5,CAKE-003,1,0,32.0,0
2025-07-06,outlet-5,CAKE-004,2,0,44.0,14
2025-07-06,outlet-5,CAKE-005,2,0,52.0,8
2025-07-06,outlet-5,CAKE-006,13,0,390.0,22
2025-07-06,outlet-5,CAKE-007,3,0,81.0,12
2025-07-06,outlet-5,CAKE-008,2,0,40.0,0
2025-07-06,outlet-5,CAKE-009,4,0,96.0,18
2025-07-06,outlet-5,CAKE-010,0,0,0.0,0
2025-07-07,outlet-1,CAKE-001,17,0,476.0,20
2025-07-07,outlet-1,CAKE-002,7,0,168.0,30
2025-07-07,outlet-1,CAKE-003,3,0,96.0,17
2025-07-07,outlet-1,CAKE-004,3,0,66.0,23
2025-07-07,outlet-1,CAKE-005,5,0,130.0,15
2025-07-07,outlet-1,CAKE-006,9,0,270.0,4
2025-07-07,outlet-1,CAKE-007,8,1,216.0,26
2025-07-07,outlet-1,CAKE-008,4,0,80.0,6
2025-07-07,outlet-1,CAKE-009,3,0,72.0,24
2025-07-07,outlet-1,CAKE-010,7,0,126.0,39
2025-07-07,outlet-2,CAKE-001,8,0,224.0,30
2025-07-07,outlet-2,CAKE-002,0,0,0.0,42
2025-07-07,outlet-2,CAKE-003,8,0,256.0,7
2025-07-07,outlet-2,CAKE-004,2,0,44.0,12
2025-07-07,outlet-2,CAKE-005,5,0,130.0,10
2025-07-07,outlet-2,CAKE-006,6,0,180.0,18
2025-07-07,outlet-2,CAKE-007,7,0,189.0,30
2025-07-07,outlet-2,CAKE-008,3,0,60.0,6
2025-07-07,outlet-2,CAKE-009,0,0,0.0,21
2025-07-07,outlet-2,CAKE-010,6,0,108.0,15
2025-07-07,outlet-3,CAKE-001,3,0,84.0,49
2025-07-07,outlet-3,CAKE-002,7,0,168.0,37
2025-07-07,outlet-3,CAKE-003,8,0,256.0,26
2025-07-07,outlet-3,CAKE-004,3,0,66.0,13
2025-07-07,outlet-3,CAKE-005,4,0,104.0,23
2025-07-07,outlet-3,CAKE-006,0,0,0.0,45
2025-07-07,outlet-3,CAKE-007,7,1,189.0,31
2025-07-07,outlet-3,CAKE-008,0,0,0.0,4
2025-07-07,outlet-3,CAKE-009,4,0,96.0,52
2025-07-07,outlet-3,CAKE-010,6,0,108.0,12
2025-07-07,outlet-4,CAKE-001,7,0,196.0,25
2025-07-07,outlet-4,CAKE-002,10,0,240.0,16
2025-07-07,outlet-4,CAKE-003,3,0,96.0,24
2025-07-07,outlet-4,CAKE-004,4,0,88.0,15
2025-07-07,outlet-4,CAKE-005,5,0,130.0,5
2025-07-07,outlet-4,CAKE-006,4,0,120.0,10
2025-07-07,outlet-4,CAKE-007,6,1,162.0,37
2025-07-07,outlet-4,CAKE-008,3,0,60.0,29
2025-07-07,outlet-4,CAKE-009,4,0,96.0,6
2025-07-07,outlet-4,CAKE-010,7,0,126.0,12
2025-07-07,outlet-5,CAKE-001,5,0,140.0,32
2025-07-07,outlet-5,CAKE-002,3,0,72.0,4
2025-07-07,outlet-5,CAKE-003,0,0,0.0,0
2025-07-07,outlet-5,CAKE-004,2,0,44.0,12
2025-07-07,outlet-5,CAKE-005,1,0,26.0,7
2025-07-07,outlet-5,CAKE-006,10,0,300.0,12
2025-07-07,outlet-5,CAKE-007,5,0,135.0,13
2025-07-07,outlet-5,CAKE-008,0,0,0.0,7
2025-07-07,outlet-5,CAKE-009,3,0,72.0,15
2025-07-07,outlet-5,CAKE-010,0,0,0.0,0
2025-07-08,outlet-1,CAKE-001,15,1,420.0,6
2025-07-08,outlet-1,CAKE-002,6,0,144.0,43
2025-07-08,outlet-1,CAKE-003,5,0,160.0,12
2025-07-08,outlet-1,CAKE-004,4,0,88.0,19
2025-07-08,outlet-1,CAKE-005,3,0,78.0,12
2025-07-08,outlet-1,CAKE-006,4,0,120.0,30
2025-07-08,outlet-1,CAKE-007,7,0,189.0,29
2025-07-08,outlet-1,CAKE-008,4,0,80.0,7
2025-07-08,outlet-1,CAKE-009,3,0,72.0,21
2025-07-08,outlet-1,CAKE-010,6,0,108.0,33
2025-07-08,outlet-2,CAKE-001,10,0,280.0,20
2025-07-08,outlet-2,CAKE-002,7,0,168.0,48
2025-07-08,outlet-2,CAKE-003,5,0,160.0,2
2025-07-08,outlet-2,CAKE-004,6,0,132.0,6
2025-07-08,outlet-2,CAKE-005,4,0,104.0,15
2025-07-08,outlet-2,CAKE-006,6,0,180.0,21
2025-07-08,outlet-2,CAKE-007,11,1,297.0,20
2025-07-08,outlet-2,CAKE-008,3,0,60.0,3
2025-07-08,outlet-2,CAKE-009,4,0,96.0,17
2025-07-08,outlet-2,CAKE-010,8,0,144.0,7
2025-07-08,outlet-3,CAKE-001,14,0,392.0,35
2025-07-08,outlet-3,CAKE-002,5,0,120.0,32
2025-07-08,outlet-3,CAKE-003,7,0,224.0,32
2025-07-08,outlet-3,CAKE-004,3,0,66.0,10
2025-07-08,outlet-3,CAKE-005,3,0,78.0,20
2025-07-08,outlet-3,CAKE-006,13,0,390.0,45
2025-07-08,outlet-3,CAKE-007,9,1,243.0,23
2025-07-08,outlet-3,CAKE-008,2,0,40.0,2
2025-07-08,outlet-3,CAKE-009,4,0,96.0,59
2025-07-08,outlet-3,CAKE-010,6,0,108.0,6
2025-07-08,outlet-4,CAKE-001,5,0,140.0,20
2025-07-08,outlet-4,CAKE-002,11,0,264.0,21
2025-07-08,outlet-4,CAKE-003,3,0,96.0,21
2025-07-08,outlet-4,CAKE-004,3,0,66.0,20
2025-07-08,outlet-4,CAKE-005,5,0,130.0,10
2025-07-08,outlet-4,CAKE-006,7,0,210.0,3
2025-07-08,outlet-4,CAKE-007,10,0,270.0,27
2025-07-08,outlet-4,CAKE-008,4,0,80.0,25
2025-07-08,outlet-4,CAKE-009,4,0,96.0,2
2025-07-08,outlet-4,CAKE-010,9,0,162.0,49
2025-07-08,outlet-5,CAKE-001,6,0,168.0,26
2025-07-08,outlet-5,CAKE-002,3,0,72.0,1
2025-07-08,outlet-5,CAKE-003,0,0,0.0,12
2025-07-08,outlet-5,CAKE-004,2,0,44.0,10
2025-07-08,outlet-5,CAKE-005,2,0,52.0,5
2025-07-08,outlet-5,CAKE-006,8,0,240.0,4
2025-07-08,outlet-5,CAKE-007,5,0,135.0,8
2025-07-08,outlet-5,CAKE-008,2,0,40.0,5
2025-07-08,outlet-5,CAKE-009,2,0,48.0,13
2025-07-08,outlet-5,CAKE-010,0,0,0.0,21
2025-07-09,outlet-1,CAKE-001,6,0,168.0,0
2025-07-09,outlet-1,CAKE-002,9,0,216.0,34
2025-07-09,outlet-1,CAKE-003,6,0,192.0,6
2025-07-09,outlet-1,CAKE-004,4,0,88.0,15
2025-07-09,outlet-1,CAKE-005,6,0,156.0,6
2025-07-09,outlet-1,CAKE-006,7,0,210.0,23
2025-07-09,outlet-1,CAKE-007,9,0,243.0,20
2025-07-09,outlet-1,CAKE-008,3,0,60.0,8
2025-07-09,outlet-1,CAKE-009,7,0,168.0,14
2025-07-09,outlet-1,CAKE-010,5,0,90.0,28
2025-07-09,outlet-2,CAKE-001,10,0,280.0,10
2025-07-09,outlet-2,CAKE-002,6,0,144.0,42
2025-07-09,outlet-2,CAKE-003,2,0,64.0,27
2025-07-09,outlet-2,CAKE-004,4,0,88.0,2
2025-07-09,outlet-2,CAKE-005,4,0,104.0,11
2025-07-09,outlet-2,CAKE-006,3,0,90.0,27
2025-07-09,outlet-2,CAKE-007,13,1,351.0,8
2025-07-09,outlet-2,CAKE-008,2,0,40.0,17
2025-07-09,outlet-2,CAKE-009,4,0,96.0,13
2025-07-09,outlet-2,CAKE-010,6,0,108.0,13
2025-07-09,outlet-3,CAKE-001,9,0,252.0,26
2025-07-09,outlet-3,CAKE-002,6,0,144.0,26
2025-07-09,outlet-3,CAKE-003,9,0,288.0,23
2025-07-09,outlet-3,CAKE-004,3,0,66.0,7
2025-07-09,outlet-3,CAKE-005,3,0,78.0,17
2025-07-09,outlet-3,CAKE-006,14,0,420.0,31
2025-07-09,outlet-3,CAKE-007,4,0,108.0,19
2025-07-09,outlet-3,CAKE-008,2,0,40.0,12
2025-07-09,outlet-3,CAKE-009,5,0,120.0,54
2025-07-09,outlet-3,CAKE-010,4,0,72.0,34
2025-07-09,outlet-4,CAKE-001,13,0,364.0,19
2025-07-09,outlet-4,CAKE-002,7,0,168.0,14
2025-07-09,outlet-4,CAKE-003,4,0,128.0,17
2025-07-09,outlet-4,CAKE-004,6,0,132.0,14
2025-07-09,outlet-4,CAKE-005,6,0,156.0,4
2025-07-09,outlet-4,CAKE-006,3,0,90.0,0
2025-07-09,outlet-4,CAKE-007,10,1,270.0,18
2025-07-09,outlet-4,CAKE-008,4,0,80.0,21
2025-07-09,outlet-4,CAKE-009,2,0,48.0,7
2025-07-09,outlet-4,CAKE-010,7,0,126.0,42
2025-07-09,outlet-5,CAKE-001,7,0,196.0,26
2025-07-09,outlet-5,CAKE-002,1,0,24.0,0
2025-07-09,outlet-5,CAKE-003,2,0,64.0,10
2025-07-09,outlet-5,CAKE-004,2,0,44.0,8
2025-07-09,outlet-5,CAKE-005,2,0,52.0,3
2025-07-09,outlet-5,CAKE-006,4,0,120.0,12
2025-07-09,outlet-5,CAKE-007,3,0,81.0,5
2025-07-09,outlet-5,CAKE-008,1,0,20.0,5
2025-07-09,outlet-5,CAKE-009,3,0,72.0,10
2025-07-09,outlet-5,CAKE-010,3,0,54.0,18
2025-07-10,outlet-1,CAKE-001,0,0,0.0,57
2025-07-10,outlet-1,CAKE-002,8,0,192.0,26
2025-07-10,outlet-1,CAKE-003,5,0,160.0,8
2025-07-10,outlet-1,CAKE-004,4,0,88.0,11
2025-07-10,outlet-1,CAKE-005,3,0,78.0,3
2025-07-10,outlet-1,CAKE-006,13,1,390.0,11
2025-07-10,outlet-1,CAKE-007,11,0,297.0,9
2025-07-10,outlet-1,CAKE-008,3,0,60.0,10
2025-07-10,outlet-1,CAKE-009,5,0,120.0,9
2025-07-10,outlet-1,CAKE-010,6,0,108.0,22
2025-07-10,outlet-2,CAKE-001,8,0,224.0,17
2025-07-10,outlet-2,CAKE-002,7,0,168.0,35
2025-07-10,outlet-2,CAKE-003,4,0,128.0,31
2025-07-10,outlet-2,CAKE-004,2,0,44.0,24
2025-07-10,outlet-2,CAKE-005,2,0,52.0,9
2025-07-10,outlet-2,CAKE-006,8,0,240.0,19
2025-07-10,outlet-2,CAKE-007,5,0,135.0,3
2025-07-10,outlet-2,CAKE-008,3,0,60.0,14
2025-07-10,outlet-2,CAKE-009,3,0,72.0,17
2025-07-10,outlet-2,CAKE-010,7,0,126.0,6
2025-07-10,outlet-3,CAKE-001,11,0,308.0,15
2025-07-10,outlet-3,CAKE-002,6,0,144.0,35
2025-07-10,outlet-3,CAKE-003,4,0,128.0,19
2025-07-10,outlet-3,CAKE-004,5,0,110.0,2
2025-07-10,outlet-3,CAKE-005,5,0,130.0,16
2025-07-10,outlet-3,CAKE-006,15,1,450.0,29
2025-07-10,outlet-3,CAKE-007,6,0,162.0,20
2025-07-10,outlet-3,CAKE-008,2,0,40.0,10
2025-07-10,outlet-3,CAKE-009,3,0,72.0,51
2025-07-10,outlet-3,CAKE-010,7,0,126.0,27
2025-07-10,outlet-4,CAKE-001,8,0,224.0,11
2025-07-10,outlet-4,CAKE-002,9,0,216.0,5
2025-07-10,outlet-4,CAKE-003,3,0,96.0,26
2025-07-10,outlet-4,CAKE-004,7,0,154.0,7
2025-07-10,outlet-4,CAKE-005,4,0,104.0,0
2025-07-10,outlet-4,CAKE-006,0,0,0.0,21
2025-07-10,outlet-4,CAKE-007,16,1,432.0,3
2025-07-10,outlet-4,CAKE-008,4,0,80.0,17
2025-07-10,outlet-4,CAKE-009,6,0,144.0,29
2025-07-10,outlet-4,CAKE-010,9,0,162.0,50
2025-07-10,outlet-5,CAKE-001,5,0,140.0,21
2025-07-10,outlet-5,CAKE-002,0,0,0.0,21
2025-07-10,outlet-5,CAKE-003,1,0,32.0,9
2025-07-10,outlet-5,CAKE-004,2,0,44.0,6
2025-07-10,outlet-5,CAKE-005,1,0,26.0,2
2025-07-10,outlet-5,CAKE-006,8,0,240.0,4
2025-07-10,outlet-5,CAKE-007,4,0,108.0,7
2025-07-10,outlet-5,CAKE-008,2,0,40.0,3
2025-07-10,outlet-5,CAKE-009,4,0,96.0,6
2025-07-10,outlet-5,CAKE-010,3,0,54.0,15
2025-07-11,outlet-1,CAKE-001,14,0,392.0,43
2025-07-11,outlet-1,CAKE-002,11,0,264.0,15
2025-07-11,outlet-1,CAKE-003,5,0,160.0,3
2025-07-11,outlet-1,CAKE-004,6,0,132.0,5
2025-07-11,outlet-1,CAKE-005,3,0,78.0,8
2025-07-11,outlet-1,CAKE-006,11,0,330.0,30
2025-07-11,outlet-1,CAKE-007,8,1,216.0,2
2025-07-11,outlet-1,CAKE-008,3,0,60.0,7
2025-07-11,outlet-1,CAKE-009,6,0,144.0,3
2025-07-11,outlet-1,CAKE-010,7,0,126.0,15
2025-07-11,outlet-2,CAKE-001,17,1,476.0,15
2025-07-11,outlet-2,CAKE-002,6,0,144.0,44
2025-07-11,outlet-2,CAKE-003,5,0,160.0,26
2025-07-11,outlet-2,CAKE-004,3,0,66.0,21
2025-07-11,outlet-2,CAKE-005,4,0,104.0,5
2025-07-11,outlet-2,CAKE-006,8,0,240.0,18
2025-07-11,outlet-2,CAKE-007,3,0,81.0,30
2025-07-11,outlet-2,CAKE-008,2,0,40.0,12
2025-07-11,outlet-2,CAKE-009,5,0,120.0,12
2025-07-11,outlet-2,CAKE-010,6,0,108.0,13
2025-07-11,outlet-3,CAKE-001,15,1,420.0,1
2025-07-11,outlet-3,CAKE-002,10,0,240.0,25
2025-07-11,outlet-3,CAKE-003,7,0,224.0,12
2025-07-11,outlet-3,CAKE-004,2,0,44.0,4
2025-07-11,outlet-3,CAKE-005,6,0,156.0,10
2025-07-11,outlet-3,CAKE-006,21,1,630.0,9
2025-07-11,outlet-3,CAKE-007,9,0,243.0,11
2025-07-11,outlet-3,CAKE-008,2,0,40.0,8
2025-07-11,outlet-3,CAKE-009,5,0,120.0,46
2025-07-11,outlet-3,CAKE-010,9,0,162.0,18
2025-07-11,outlet-4,CAKE-001,7,0,196.0,4
2025-07-11,outlet-4,CAKE-002,5,0,120.0,0
2025-07-11,outlet-4,CAKE-003,6,0,192.0,32
2025-07-11,outlet-4,CAKE-004,5,0,110.0,2
2025-07-11,outlet-4,CAKE-005,0,0,0.0,33
2025-07-11,outlet-4,CAKE-006,10,0,300.0,11
2025-07-11,outlet-4,CAKE-007,3,0,81.0,36
2025-07-11,outlet-4,CAKE-008,8,0,160.0,9
2025-07-11,outlet-4,CAKE-009,6,0,144.0,23
2025-07-11,outlet-4,CAKE-010,11,0,198.0,52
2025-07-11,outlet-5,CAKE-001,8,0,224.0,13
2025-07-11,outlet-5,CAKE-002,7,0,168.0,14
2025-07-11,outlet-5,CAKE-003,4,0,128.0,5
2025-07-11,outlet-5,CAKE-004,3,0,66.0,3
2025-07-11,outlet-5,CAKE-005,2,0,52.0,0
2025-07-11,outlet-5,CAKE-006,4,0,120.0,0
2025-07-11,outlet-5,CAKE-007,7,1,189.0,16
2025-07-11,outlet-5,CAKE-008,1,0,20.0,2
2025-07-11,outlet-5,CAKE-009,5,0,120.0,17
2025-07-11,outlet-5,CAKE-010,5,0,90.0,10
2025-07-12,outlet-1,CAKE-001,17,1,476.0,27
2025-07-12,outlet-1,CAKE-002,13,0,312.0,2
2025-07-12,outlet-1,CAKE-003,3,0,96.0,0
2025-07-12,outlet-1,CAKE-004,4,0,88.0,1
2025-07-12,outlet-1,CAKE-005,7,0,182.0,1
2025-07-12,outlet-1,CAKE-006,7,0,210.0,23
2025-07-12,outlet-1,CAKE-007,2,0,54.0,33
2025-07-12,outlet-1,CAKE-008,4,0,80.0,8
2025-07-12,outlet-1,CAKE-009,3,0,72.0,24
2025-07-12,outlet-1,CAKE-010,9,0,162.0,6
2025-07-12,outlet-2,CAKE-001,8,0,224.0,7
2025-07-12,outlet-2,CAKE-002,10,0,240.0,34
2025-07-12,outlet-2,CAKE-003,3,0,96.0,23
2025-07-12,outlet-2,CAKE-004,6,0,132.0,15
2025-07-12,outlet-2,CAKE-005,4,0,104.0,22
2025-07-12,outlet-2,CAKE-006,9,0,270.0,17
2025-07-12,outlet-2,CAKE-007,12,1,324.0,19
2025-07-12,outlet-2,CAKE-008,3,0,60.0,9
2025-07-12,outlet-2,CAKE-009,6,0,144.0,6
2025-07-12,outlet-2,CAKE-010,9,0,162.0,4
2025-07-12,outlet-3,CAKE-001,1,0,28.0,0
2025-07-12,outlet-3,CAKE-002,10,0,240.0,15
2025-07-12,outlet-3,CAKE-003,12,0,384.0,0
2025-07-12,outlet-3,CAKE-004,4,0,88.0,19
2025-07-12,outlet-3,CAKE-005,5,0,130.0,5
2025-07-12,outlet-3,CAKE-006,9,0,270.0,45
2025-07-12,outlet-3,CAKE-007,11,1,297.0,31
2025-07-12,outlet-3,CAKE-008,3,0,60.0,5
2025-07-12,outlet-3,CAKE-009,3,0,72.0,43
2025-07-12,outlet-3,CAKE-010,6,0,108.0,12
2025-07-12,outlet-4,CAKE-001,4,0,112.0,43
2025-07-12,outlet-4,CAKE-002,0,0,0.0,54
2025-07-12,outlet-4,CAKE-003,4,0,128.0,28
2025-07-12,outlet-4,CAKE-004,2,0,44.0,0
2025-07-12,outlet-4,CAKE-005,5,0,130.0,28
2025-07-12,outlet-4,CAKE-006,9,0,270.0,2
2025-07-12,outlet-4,CAKE-007,13,1,351.0,24
2025-07-12,outlet-4,CAKE-008,5,0,100.0,4
2025-07-12,outlet-4,CAKE-009,7,0,168.0,16
2025-07-12,outlet-4,CAKE-010,9,0,162.0,43
2025-07-12,outlet-5,CAKE-001,6,0,168.0,7
2025-07-12,outlet-5,CAKE-002,4,0,96.0,10
2025-07-12,outlet-5,CAKE-003,2,0,64.0,7
2025-07-12,outlet-5,CAKE-004,3,0,66.0,0
2025-07-12,outlet-5,CAKE-005,0,0,0.0,0
2025-07-12,outlet-5,CAKE-006,0,0,0.0,30
2025-07-12,outlet-5,CAKE-007,3,0,81.0,13
2025-07-12,outlet-5,CAKE-008,1,0,20.0,1
2025-07-12,outlet-5,CAKE-009,5,0,120.0,12
2025-07-12,outlet-5,CAKE-010,3,0,54.0,7
2025-07-13,outlet-1,CAKE-001,19,1,532.0,9
2025-07-13,outlet-1,CAKE-002,2,0,48.0,0
2025-07-13,outlet-1,CAKE-003,0,0,0.0,0
2025-07-13,outlet-1,CAKE-004,1,0,22.0,26
2025-07-13,outlet-1,CAKE-005,1,0,26.0,24
2025-07-13,outlet-1,CAKE-006,12,0,360.0,11
2025-07-13,outlet-1,CAKE-007,12,0,324.0,21
2025-07-13,outlet-1,CAKE-008,4,0,80.0,4
2025-07-13,outlet-1,CAKE-009,6,0,144.0,18
2025-07-13,outlet-1,CAKE-010,6,0,108.0,0
2025-07-13,outlet-2,CAKE-001,7,0,196.0,48
2025-07-13,outlet-2,CAKE-002,7,0,168.0,27
2025-07-13,outlet-2,CAKE-003,3,0,96.0,20
2025-07-13,outlet-2,CAKE-004,6,0,132.0,9
2025-07-13,outlet-2,CAKE-005,3,0,78.0,19
2025-07-13,outlet-2,CAKE-006,12,1,360.0,6
2025-07-13,outlet-2,CAKE-007,13,1,351.0,7
2025-07-13,outlet-2,CAKE-008,4,0,80.0,5
2025-07-13,outlet-2,CAKE-009,6,0,144.0,21
2025-07-13,outlet-2,CAKE-010,4,0,72.0,39
2025-07-13,outlet-3,CAKE-001,0,0,0.0,0
2025-07-13,outlet-3,CAKE-002,11,0,264.0,4
2025-07-13,outlet-3,CAKE-003,0,0,0.0,0
2025-07-13,outlet-3,CAKE-004,3,0,66.0,16
2025-07-13,outlet-3,CAKE-005,5,0,130.0,0
2025-07-13,outlet-3,CAKE-006,24,1,720.0,22
2025-07-13,outlet-3,CAKE-007,13,1,351.0,19
2025-07-13,outlet-3,CAKE-008,2,0,40.0,3
2025-07-13,outlet-3,CAKE-009,6,0,144.0,37
2025-07-13,outlet-3,CAKE-010,8,0,144.0,4
2025-07-13,outlet-4,CAKE-001,10,0,280.0,48
2025-07-13,outlet-4,CAKE-002,11,0,264.0,43
2025-07-13,outlet-4,CAKE-003,7,0,224.0,21
2025-07-13,outlet-4,CAKE-004,0,0,0.0,0
2025-07-13,outlet-4,CAKE-005,7,0,182.0,21
2025-07-13,outlet-4,CAKE-006,2,0,60.0,0
2025-07-13,outlet-4,CAKE-007,18,1,486.0,7
2025-07-13,outlet-4,CAKE-008,4,0,80.0,27
2025-07-13,outlet-4,CAKE-009,7,0,168.0,9
2025-07-13,outlet-4,CAKE-010,11,0,198.0,32
2025-07-13,outlet-5,CAKE-001,7,0,196.0,28
2025-07-13,outlet-5,CAKE-002,3,0,72.0,7
2025-07-13,outlet-5,CAKE-003,3,0,96.0,4
2025-07-13,outlet-5,CAKE-004,0,0,0.0,14
2025-07-13,outlet-5,CAKE-005,0,0,0.0,0
2025-07-13,outlet-5,CAKE-006,6,0,180.0,34
2025-07-13,outlet-5,CAKE-007,8,1,216.0,6
2025-07-13,outlet-5,CAKE-008,1,0,20.0,7
2025-07-13,outlet-5,CAKE-009,4,0,96.0,8
2025-07-13,outlet-5,CAKE-010,4,0,72.0,3
2025-07-14,outlet-1,CAKE-001,8,0,224.0,21
2025-07-14,outlet-1,CAKE-002,0,0,0.0,46
2025-07-14,outlet-1,CAKE-003,0,0,0.0,30
2025-07-14,outlet-1,CAKE-004,4,0,88.0,22
2025-07-14,outlet-1,CAKE-005,3,0,78.0,21
2025-07-14,outlet-1,CAKE-006,11,0,330.0,0
2025-07-14,outlet-1,CAKE-007,8,0,216.0,13
2025-07-14,outlet-1,CAKE-008,3,0,60.0,19
2025-07-14,outlet-1,CAKE-009,3,0,72.0,15
2025-07-14,outlet-1,CAKE-010,0,0,0.0,43
2025-07-14,outlet-2,CAKE-001,9,0,252.0,39
2025-07-14,outlet-2,CAKE-002,6,0,144.0,21
2025-07-14,outlet-2,CAKE-003,5,0,160.0,15
2025-07-14,outlet-2,CAKE-004,5,0,110.0,4
2025-07-14,outlet-2,CAKE-005,5,0,130.0,14
2025-07-14,outlet-2,CAKE-006,5,0,150.0,1
2025-07-14,outlet-2,CAKE-007,6,0,162.0,31
2025-07-14,outlet-2,CAKE-008,3,0,60.0,6
2025-07-14,outlet-2,CAKE-009,4,0,96.0,17
2025-07-14,outlet-2,CAKE-010,8,0,144.0,31
2025-07-14,outlet-3,CAKE-001,0,0,0.0,0
2025-07-14,outlet-3,CAKE-002,4,0,96.0,46
2025-07-14,outlet-3,CAKE-003,0,0,0.0,48
2025-07-14,outlet-3,CAKE-004,4,0,88.0,12
2025-07-14,outlet-3,CAKE-005,0,0,0.0,24
2025-07-14,outlet-3,CAKE-006,7,0,210.0,27
2025-07-14,outlet-3,CAKE-007,9,1,243.0,11
2025-07-14,outlet-3,CAKE-008,2,0,40.0,1
2025-07-14,outlet-3,CAKE-009,4,0,96.0,33
2025-07-14,outlet-3,CAKE-010,4,0,72.0,0
2025-07-14,outlet-4,CAKE-001,7,0,196.0,41
2025-07-14,outlet-4,CAKE-002,6,0,144.0,37
2025-07-14,outlet-4,CAKE-003,3,0,96.0,18
2025-07-14,outlet-4,CAKE-004,0,0,0.0,28
2025-07-14,outlet-4,CAKE-005,5,0,130.0,26
2025-07-14,outlet-4,CAKE-006,0,0,0.0,8
2025-07-14,outlet-4,CAKE-007,7,0,189.0,0
2025-07-14,outlet-4,CAKE-008,4,0,80.0,35
2025-07-14,outlet-4,CAKE-009,6,0,144.0,11
2025-07-14,outlet-4,CAKE-010,9,0,162.0,38
2025-07-14,outlet-5,CAKE-001,6,0,168.0,29
2025-07-14,outlet-5,CAKE-002,4,0,96.0,3
2025-07-14,outlet-5,CAKE-003,2,0,64.0,5
2025-07-14,outlet-5,CAKE-004,2,0,44.0,12
2025-07-14,outlet-5,CAKE-005,0,0,0.0,0
2025-07-14,outlet-5,CAKE-006,6,0,180.0,28
2025-07-14,outlet-5,CAKE-007,3,0,81.0,3
2025-07-14,outlet-5,CAKE-008,2,0,40.0,5
2025-07-14,outlet-5,CAKE-009,3,0,72.0,5
2025-07-14,outlet-5,CAKE-010,3,0,54.0,21
2025-07-15,outlet-1,CAKE-001,7,0,196.0,14
2025-07-15,outlet-1,CAKE-002,6,0,144.0,40
2025-07-15,outlet-1,CAKE-003,5,0,160.0,25
2025-07-15,outlet-1,CAKE-004,5,0,110.0,17
2025-07-15,outlet-1,CAKE-005,5,0,130.0,16
2025-07-15,outlet-1,CAKE-006,0,0,0.0,19
2025-07-15,outlet-1,CAKE-007,8,0,216.0,16
2025-07-15,outlet-1,CAKE-008,3,0,60.0,16
2025-07-15,outlet-1,CAKE-009,6,0,144.0,9
2025-07-15,outlet-1,CAKE-010,6,0,108.0,37
2025-07-15,outlet-2,CAKE-001,10,0,280.0,29
2025-07-15,outlet-2,CAKE-002,8,0,192.0,13
2025-07-15,outlet-2,CAKE-003,5,0,160.0,10
2025-07-15,outlet-2,CAKE-004,4,0,88.0,24
2025-07-15,outlet-2,CAKE-005,4,0,104.0,17
2025-07-15,outlet-2,CAKE-006,1,0,30.0,24
2025-07-15,outlet-2,CAKE-007,8,0,216.0,23
2025-07-15,outlet-2,CAKE-008,3,0,60.0,3
2025-07-15,outlet-2,CAKE-009,4,0,96.0,13
2025-07-15,outlet-2,CAKE-010,6,0,108.0,25
2025-07-15,outlet-3,CAKE-001,0,0,0.0,67
2025-07-15,outlet-3,CAKE-002,8,0,192.0,38
2025-07-15,outlet-3,CAKE-003,12,0,384.0,36
2025-07-15,outlet-3,CAKE-004,3,0,66.0,9
2025-07-15,outlet-3,CAKE-005,4,0,104.0,20
2025-07-15,outlet-3,CAKE-006,10,0,300.0,30
2025-07-15,outlet-3,CAKE-007,10,1,270.0,2
2025-07-15,outlet-3,CAKE-008,1,0,20.0,0
2025-07-15,outlet-3,CAKE-009,4,0,96.0,29
2025-07-15,outlet-3,CAKE-010,0,0,0.0,0
2025-07-15,outlet-4,CAKE-001,4,0,112.0,37
2025-07-15,outlet-4,CAKE-002,9,0,216.0,28
2025-07-15,outlet-4,CAKE-003,2,0,64.0,16
2025-07-15,outlet-4,CAKE-004,4,0,88.0,24
2025-07-15,outlet-4,CAKE-005,6,0,156.0,20
2025-07-15,outlet-4,CAKE-006,6,0,180.0,2
2025-07-15,outlet-4,CAKE-007,0,0,0.0,0
2025-07-15,outlet-4,CAKE-008,4,0,80.0,31
2025-07-15,outlet-4,CAKE-009,4,0,96.0,7
2025-07-15,outlet-4,CAKE-010,8,0,144.0,30
2025-07-15,outlet-5,CAKE-001,6,0,168.0,29
2025-07-15,outlet-5,CAKE-002,3,0,72.0,21
2025-07-15,outlet-5,CAKE-003,2,0,64.0,3
2025-07-15,outlet-5,CAKE-004,2,0,44.0,10
2025-07-15,outlet-5,CAKE-005,0,0,0.0,3
2025-07-15,outlet-5,CAKE-006,6,0,180.0,22
2025-07-15,outlet-5,CAKE-007,3,0,81.0,15
2025-07-15,outlet-5,CAKE-008,1,0,20.0,4
2025-07-15,outlet-5,CAKE-009,3,0,72.0,2
2025-07-15,outlet-5,CAKE-010,4,0,72.0,17
2025-07-16,outlet-1,CAKE-001,14,1,392.0,58
2025-07-16,outlet-1,CAKE-002,7,0,168.0,33
2025-07-16,outlet-1,CAKE-003,8,0,256.0,17
2025-07-16,outlet-1,CAKE-004,4,0,88.0,13
2025-07-16,outlet-1,CAKE-005,3,0,78.0,21
2025-07-16,outlet-1,CAKE-006,4,0,120.0,15
2025-07-16,outlet-1,CAKE-007,9,1,243.0,8
2025-07-16,outlet-1,CAKE-008,4,0,80.0,17
2025-07-16,outlet-1,CAKE-009,4,0,96.0,5
2025-07-16,outlet-1,CAKE-010,8,0,144.0,29
2025-07-16,outlet-2,CAKE-001,6,0,168.0,23
2025-07-16,outlet-2,CAKE-002,8,0,192.0,20
2025-07-16,outlet-2,CAKE-003,6,0,192.0,4
2025-07-16,outlet-2,CAKE-004,3,0,66.0,21
2025-07-16,outlet-2,CAKE-005,3,0,78.0,14
2025-07-16,outlet-2,CAKE-006,5,0,150.0,19
2025-07-16,outlet-2,CAKE-007,9,0,243.0,14
2025-07-16,outlet-2,CAKE-008,3,0,60.0,16
2025-07-16,outlet-2,CAKE-009,3,0,72.0,17
2025-07-16,outlet-2,CAKE-010,7,0,126.0,18
2025-07-16,outlet-3,CAKE-001,9,0,252.0,58
2025-07-16,outlet-3,CAKE-002,6,0,144.0,32
2025-07-16,outlet-3,CAKE-003,10,0,320.0,26
2025-07-16,outlet-3,CAKE-004,4,0,88.0,5
2025-07-16,outlet-3,CAKE-005,3,0,78.0,17
2025-07-16,outlet-3,CAKE-006,15,0,450.0,15
2025-07-16,outlet-3,CAKE-007,2,0,54.0,0
2025-07-16,outlet-3,CAKE-008,0,0,0.0,0
2025-07-16,outlet-3,CAKE-009,5,0,120.0,24
2025-07-16,outlet-3,CAKE-010,0,0,0.0,32
2025-07-16,outlet-4,CAKE-001,6,0,168.0,31
2025-07-16,outlet-4,CAKE-002,8,0,192.0,37
2025-07-16,outlet-4,CAKE-003,2,0,64.0,14
2025-07-16,outlet-4,CAKE-004,5,0,110.0,19
2025-07-16,outlet-4,CAKE-005,6,0,156.0,24
2025-07-16,outlet-4,CAKE-006,2,0,60.0,21
2025-07-16,outlet-4,CAKE-007,0,0,0.0,0
2025-07-16,outlet-4,CAKE-008,5,0,100.0,26
2025-07-16,outlet-4,CAKE-009,5,0,120.0,30
2025-07-16,outlet-4,CAKE-010,9,0,162.0,21
2025-07-16,outlet-5,CAKE-001,5,0,140.0,24
2025-07-16,outlet-5,CAKE-002,3,0,72.0,18
2025-07-16,outlet-5,CAKE-003,1,0,32.0,2
2025-07-16,outlet-5,CAKE-004,2,0,44.0,8
2025-07-16,outlet-5,CAKE-005,1,0,26.0,2
2025-07-16,outlet-5,CAKE-006,11,0,330.0,11
2025-07-16,outlet-5,CAKE-007,4,0,108.0,11
2025-07-16,outlet-5,CAKE-008,1,0,20.0,3
2025-07-16,outlet-5,CAKE-009,2,0,48.0,16
2025-07-16,outlet-5,CAKE-010,4,0,72.0,13
2025-07-17,outlet-1,CAKE-001,14,0,392.0,64
2025-07-17,outlet-1,CAKE-002,8,0,192.0,25
2025-07-17,outlet-1,CAKE-003,4,0,128.0,13
2025-07-17,outlet-1,CAKE-004,4,0,88.0,9
2025-07-17,outlet-1,CAKE-005,6,0,156.0,15
2025-07-17,outlet-1,CAKE-006,12,0,360.0,3
2025-07-17,outlet-1,CAKE-007,8,1,216.0,13
2025-07-17,outlet-1,CAKE-008,3,0,60.0,14
2025-07-17,outlet-1,CAKE-009,4,0,96.0,25
2025-07-17,outlet-1,CAKE-010,8,0,144.0,21
2025-07-17,outlet-2,CAKE-001,10,0,280.0,13
2025-07-17,outlet-2,CAKE-002,8,0,192.0,25
2025-07-17,outlet-2,CAKE-003,4,0,128.0,27
2025-07-17,outlet-2,CAKE-004,4,0,88.0,17
2025-07-17,outlet-2,CAKE-005,2,0,52.0,12
2025-07-17,outlet-2,CAKE-006,3,0,90.0,16
2025-07-17,outlet-2,CAKE-007,10,1,270.0,5
2025-07-17,outlet-2,CAKE-008,2,0,40.0,14
2025-07-17,outlet-2,CAKE-009,3,0,72.0,21
2025-07-17,outlet-2,CAKE-010,6,0,108.0,12
2025-07-17,outlet-3,CAKE-001,14,0,392.0,44
2025-07-17,outlet-3,CAKE-002,8,0,192.0,24
2025-07-17,outlet-3,CAKE-003,8,0,256.0,32
2025-07-17,outlet-3,CAKE-004,3,0,66.0,2
2025-07-17,outlet-3,CAKE-005,6,0,156.0,11
2025-07-17,outlet-3,CAKE-006,9,0,270.0,6
2025-07-17,outlet-3,CAKE-007,0,0,0.0,30
2025-07-17,outlet-3,CAKE-008,0,0,0.0,12
2025-07-17,outlet-3,CAKE-009,5,0,120.0,19
2025-07-17,outlet-3,CAKE-010,6,0,108.0,26
2025-07-17,outlet-4,CAKE-001,9,0,252.0,22
2025-07-17,outlet-4,CAKE-002,11,0,264.0,26
2025-07-17,outlet-4,CAKE-003,3,0,96.0,11
2025-07-17,outlet-4,CAKE-004,6,0,132.0,13
2025-07-17,outlet-4,CAKE-005,5,0,130.0,19
2025-07-17,outlet-4,CAKE-006,9,0,270.0,12
2025-07-17,outlet-4,CAKE-007,0,0,0.0,0
2025-07-17,outlet-4,CAKE-008,4,0,80.0,22
2025-07-17,outlet-4,CAKE-009,4,0,96.0,26
2025-07-17,outlet-4,CAKE-010,10,0,180.0,11
2025-07-17,outlet-5,CAKE-001,6,0,168.0,18
2025-07-17,outlet-5,CAKE-002,3,0,72.0,15
2025-07-17,outlet-5,CAKE-003,2,0,64.0,0
2025-07-17,outlet-5,CAKE-004,2,0,44.0,6
2025-07-17,outlet-5,CAKE-005,2,0,52.0,3
2025-07-17,outlet-5,CAKE-006,8,0,240.0,13
2025-07-17,outlet-5,CAKE-007,3,0,81.0,8
2025-07-17,outlet-5,CAKE-008,1,0,20.0,2
2025-07-17,outlet-5,CAKE-009,3,0,72.0,13
2025-07-17,outlet-5,CAKE-010,3,0,54.0,14
2025-07-18,outlet-1,CAKE-001,13,1,364.0,52
2025-07-18,outlet-1,CAKE-002,9,0,216.0,16
2025-07-18,outlet-1,CAKE-003,8,0,256.0,5
2025-07-18,outlet-1,CAKE-004,5,0,110.0,4
2025-07-18,outlet-1,CAKE-005,5,0,130.0,10
2025-07-18,outlet-1,CAKE-006,3,0,90.0,0
2025-07-18,outlet-1,CAKE-007,10,0,270.0,3
2025-07-18,outlet-1,CAKE-008,4,0,80.0,10
2025-07-18,outlet-1,CAKE-009,7,0,168.0,18
2025-07-18,outlet-1,CAKE-010,8,0,144.0,13
2025-07-18,outlet-2,CAKE-001,7,0,196.0,6
2025-07-18,outlet-2,CAKE-002,10,0,240.0,27
2025-07-18,outlet-2,CAKE-003,3,0,96.0,24
2025-07-18,outlet-2,CAKE-004,6,0,132.0,11
2025-07-18,outlet-2,CAKE-005,6,0,156.0,6
2025-07-18,outlet-2,CAKE-006,6,0,180.0,10
2025-07-18,outlet-2,CAKE-007,5,0,135.0,7
2025-07-18,outlet-2,CAKE-008,3,0,60.0,11
2025-07-18,outlet-2,CAKE-009,4,0,96.0,17
2025-07-18,outlet-2,CAKE-010,8,0,144.0,4
2025-07-18,outlet-3,CAKE-001,19,1,532.0,38
2025-07-18,outlet-3,CAKE-002,11,0,264.0,13
2025-07-18,outlet-3,CAKE-003,14,0,448.0,18
2025-07-18,outlet-3,CAKE-004,2,0,44.0,0
2025-07-18,outlet-3,CAKE-005,5,0,130.0,10
2025-07-18,outlet-3,CAKE-006,6,0,180.0,0
2025-07-18,outlet-3,CAKE-007,11,1,297.0,27
2025-07-18,outlet-3,CAKE-008,3,0,60.0,13
2025-07-18,outlet-3,CAKE-009,4,0,96.0,15
2025-07-18,outlet-3,CAKE-010,8,0,144.0,18
2025-07-18,outlet-4,CAKE-001,11,0,308.0,11
2025-07-18,outlet-4,CAKE-002,14,0,336.0,12
2025-07-18,outlet-4,CAKE-003,8,0,256.0,3
2025-07-18,outlet-4,CAKE-004,6,0,132.0,7
2025-07-18,outlet-4,CAKE-005,7,0,182.0,12
2025-07-18,outlet-4,CAKE-006,7,0,210.0,5
2025-07-18,outlet-4,CAKE-007,0,0,0.0,36
2025-07-18,outlet-4,CAKE-008,5,0,100.0,17
2025-07-18,outlet-4,CAKE-009,5,0,120.0,21
2025-07-18,outlet-4,CAKE-010,11,0,198.0,0
2025-07-18,outlet-5,CAKE-001,12,0,336.0,6
2025-07-18,outlet-5,CAKE-002,5,0,120.0,10
2025-07-18,outlet-5,CAKE-003,0,0,0.0,0
2025-07-18,outlet-5,CAKE-004,3,0,66.0,3
2025-07-18,outlet-5,CAKE-005,3,0,78.0,12
2025-07-18,outlet-5,CAKE-006,13,0,390.0,0
2025-07-18,outlet-5,CAKE-007,3,0,81.0,5
2025-07-18,outlet-5,CAKE-008,2,0,40.0,0
2025-07-18,outlet-5,CAKE-009,5,0,120.0,8
2025-07-18,outlet-5,CAKE-010,5,0,90.0,9
2025-07-19,outlet-1,CAKE-001,18,1,504.0,53
2025-07-19,outlet-1,CAKE-002,10,0,240.0,6
2025-07-19,outlet-1,CAKE-003,5,0,160.0,0
2025-07-19,outlet-1,CAKE-004,4,0,88.0,26
2025-07-19,outlet-1,CAKE-005,5,0,130.0,5
2025-07-19,outlet-1,CAKE-006,0,0,0.0,30
2025-07-19,outlet-1,CAKE-007,3,0,81.0,0
2025-07-19,outlet-1,CAKE-008,3,0,60.0,7
2025-07-19,outlet-1,CAKE-009,5,0,120.0,13
2025-07-19,outlet-1,CAKE-010,7,0,126.0,6
2025-07-19,outlet-2,CAKE-001,6,0,168.0,48
2025-07-19,outlet-2,CAKE-002,10,0,240.0,29
2025-07-19,outlet-2,CAKE-003,6,0,192.0,18
2025-07-19,outlet-2,CAKE-004,5,0,110.0,6
2025-07-19,outlet-2,CAKE-005,5,0,130.0,1
2025-07-19,outlet-2,CAKE-006,7,0,210.0,3
2025-07-19,outlet-2,CAKE-007,7,1,189.0,31
2025-07-19,outlet-2,CAKE-008,3,0,60.0,8
2025-07-19,outlet-2,CAKE-009,4,0,96.0,13
2025-07-19,outlet-2,CAKE-010,4,0,72.0,39
2025-07-19,outlet-3,CAKE-001,22,1,616.0,17
2025-07-19,outlet-3,CAKE-002,12,0,288.0,13
2025-07-19,outlet-3,CAKE-003,8,0,256.0,10
2025-07-19,outlet-3,CAKE-004,0,0,0.0,19
2025-07-19,outlet-3,CAKE-005,4,0,104.0,6
2025-07-19,outlet-3,CAKE-006,0,0,0.0,14
2025-07-19,outlet-3,CAKE-007,8,0,216.0,19
2025-07-19,outlet-3,CAKE-008,2,0,40.0,11
2025-07-19,outlet-3,CAKE-009,4,0,96.0,11
2025-07-19,outlet-3,CAKE-010,7,0,126.0,11
2025-07-19,outlet-4,CAKE-001,8,0,224.0,3
2025-07-19,outlet-4,CAKE-002,9,0,216.0,57
2025-07-19,outlet-4,CAKE-003,3,0,96.0,13
2025-07-19,outlet-4,CAKE-004,7,0,154.0,28
2025-07-19,outlet-4,CAKE-005,8,0,208.0,4
2025-07-19,outlet-4,CAKE-006,5,0,150.0,21
2025-07-19,outlet-4,CAKE-007,12,1,324.0,25
2025-07-19,outlet-4,CAKE-008,7,0,140.0,10
2025-07-19,outlet-4,CAKE-009,8,0,192.0,13
2025-07-19,outlet-4,CAKE-010,0,0,0.0,46
2025-07-19,outlet-5,CAKE-001,6,0,168.0,28
2025-07-19,outlet-5,CAKE-002,4,0,96.0,6
2025-07-19,outlet-5,CAKE-003,0,0,0.0,12
2025-07-19,outlet-5,CAKE-004,2,0,44.0,15
2025-07-19,outlet-5,CAKE-005,3,0,78.0,9
2025-07-19,outlet-5,CAKE-006,0,0,0.0,30
2025-07-19,outlet-5,CAKE-007,2,0,54.0,3
2025-07-19,outlet-5,CAKE-008,0,0,0.0,0
2025-07-19,outlet-5,CAKE-009,4,0,96.0,4
2025-07-19,outlet-5,CAKE-010,6,0,108.0,3
2025-07-20,outlet-1,CAKE-001,10,0,280.0,60
2025-07-20,outlet-1,CAKE-002,6,0,144.0,16
2025-07-20,outlet-1,CAKE-003,0,0,0.0,30
2025-07-20,outlet-1,CAKE-004,6,0,132.0,20
2025-07-20,outlet-1,CAKE-005,5,0,130.0,24
2025-07-20,outlet-1,CAKE-006,13,1,390.0,18
2025-07-20,outlet-1,CAKE-007,0,0,0.0,0
2025-07-20,outlet-1,CAKE-008,4,0,80.0,8
2025-07-20,outlet-1,CAKE-009,3,0,72.0,10
2025-07-20,outlet-1,CAKE-010,6,0,108.0,0
2025-07-20,outlet-2,CAKE-001,8,0,224.0,40
2025-07-20,outlet-2,CAKE-002,9,0,216.0,20
2025-07-20,outlet-2,CAKE-003,6,0,192.0,12
2025-07-20,outlet-2,CAKE-004,6,0,132.0,0
2025-07-20,outlet-2,CAKE-005,1,0,26.0,8
2025-07-20,outlet-2,CAKE-006,3,0,90.0,24
2025-07-20,outlet-2,CAKE-007,5,0,135.0,26
2025-07-20,outlet-2,CAKE-008,4,0,80.0,4
2025-07-20,outlet-2,CAKE-009,6,0,144.0,7
2025-07-20,outlet-2,CAKE-010,7,0,126.0,43
2025-07-20,outlet-3,CAKE-001,17,1,476.0,68
2025-07-20,outlet-3,CAKE-002,11,0,264.0,48
2025-07-20,outlet-3,CAKE-003,6,0,192.0,4
2025-07-20,outlet-3,CAKE-004,4,0,88.0,15
2025-07-20,outlet-3,CAKE-005,4,0,104.0,2
2025-07-20,outlet-3,CAKE-006,14,0,420.0,45
2025-07-20,outlet-3,CAKE-007,11,1,297.0,9
2025-07-20,outlet-3,CAKE-008,2,0,40.0,9
2025-07-20,outlet-3,CAKE-009,4,0,96.0,7
2025-07-20,outlet-3,CAKE-010,8,0,144.0,3
2025-07-20,outlet-4,CAKE-001,3,0,84.0,43
2025-07-20,outlet-4,CAKE-002,11,0,264.0,46
2025-07-20,outlet-4,CAKE-003,4,0,128.0,9
2025-07-20,outlet-4,CAKE-004,8,0,176.0,20
2025-07-20,outlet-4,CAKE-005,4,0,104.0,33
2025-07-20,outlet-4,CAKE-006,11,0,330.0,10
2025-07-20,outlet-4,CAKE-007,11,0,297.0,14
2025-07-20,outlet-4,CAKE-008,6,0,120.0,4
2025-07-20,outlet-4,CAKE-009,4,0,96.0,9
2025-07-20,outlet-4,CAKE-010,9,0,162.0,37
2025-07-20,outlet-5,CAKE-001,7,0,196.0,21
2025-07-20,outlet-5,CAKE-002,4,0,96.0,2
2025-07-20,outlet-5,CAKE-003,4,0,128.0,8
2025-07-20,outlet-5,CAKE-004,4,0,88.0,11
2025-07-20,outlet-5,CAKE-005,3,0,78.0,6
2025-07-20,outlet-5,CAKE-006,7,0,210.0,36
2025-07-20,outlet-5,CAKE-007,3,0,81.0,0
2025-07-20,outlet-5,CAKE-008,0,0,0.0,0
2025-07-20,outlet-5,CAKE-009,4,0,96.0,16
2025-07-20,outlet-5,CAKE-010,3,0,54.0,21
2025-07-21,outlet-1,CAKE-001,13,0,364.0,47
2025-07-21,outlet-1,CAKE-002,6,0,144.0,10
2025-07-21,outlet-1,CAKE-003,4,0,128.0,26
2025-07-21,outlet-1,CAKE-004,5,0,110.0,15
2025-07-21,outlet-1,CAKE-005,5,0,130.0,19
2025-07-21,outlet-1,CAKE-006,11,0,330.0,7
2025-07-21,outlet-1,CAKE-007,0,0,0.0,33
2025-07-21,outlet-1,CAKE-008,3,0,60.0,5
2025-07-21,outlet-1,CAKE-009,3,0,72.0,7
2025-07-21,outlet-1,CAKE-010,0,0,0.0,0
2025-07-21,outlet-2,CAKE-001,9,0,252.0,44
2025-07-21,outlet-2,CAKE-002,9,0,216.0,25
2025-07-21,outlet-2,CAKE-003,7,0,224.0,5
2025-07-21,outlet-2,CAKE-004,0,0,0.0,24
2025-07-21,outlet-2,CAKE-005,4,0,104.0,4
2025-07-21,outlet-2,CAKE-006,5,0,150.0,19
2025-07-21,outlet-2,CAKE-007,9,1,243.0,24
2025-07-21,outlet-2,CAKE-008,3,0,60.0,17
2025-07-21,outlet-2,CAKE-009,3,0,72.0,4
2025-07-21,outlet-2,CAKE-010,7,0,126.0,36
2025-07-21,outlet-3,CAKE-001,11,0,308.0,57
2025-07-21,outlet-3,CAKE-002,10,0,240.0,51
2025-07-21,outlet-3,CAKE-003,4,0,128.0,0
2025-07-21,outlet-3,CAKE-004,2,0,44.0,13
2025-07-21,outlet-3,CAKE-005,2,0,52.0,4
2025-07-21,outlet-3,CAKE-006,12,1,360.0,34
2025-07-21,outlet-3,CAKE-007,8,1,216.0,32
2025-07-21,outlet-3,CAKE-008,2,0,40.0,7
2025-07-21,outlet-3,CAKE-009,4,0,96.0,3
2025-07-21,outlet-3,CAKE-010,3,0,54.0,32
2025-07-21,outlet-4,CAKE-001,9,0,252.0,47
2025-07-21,outlet-4,CAKE-002,11,0,264.0,35
2025-07-21,outlet-4,CAKE-003,6,0,192.0,3
2025-07-21,outlet-4,CAKE-004,5,0,110.0,15
2025-07-21,outlet-4,CAKE-005,4,0,104.0,29
2025-07-21,outlet-4,CAKE-006,8,0,240.0,2
2025-07-21,outlet-4,CAKE-007,12,0,324.0,9
2025-07-21,outlet-4,CAKE-008,4,0,80.0,27
2025-07-21,outlet-4,CAKE-009,3,0,72.0,6
2025-07-21,outlet-4,CAKE-010,9,0,162.0,28
2025-07-21,outlet-5,CAKE-001,3,0,84.0,18
2025-07-21,outlet-5,CAKE-002,2,0,48.0,0
2025-07-21,outlet-5,CAKE-003,2,0,64.0,6
2025-07-21,outlet-5,CAKE-004,3,0,66.0,8
2025-07-21,outlet-5,CAKE-005,3,0,78.0,3
2025-07-21,outlet-5,CAKE-006,8,0,240.0,28
2025-07-21,outlet-5,CAKE-007,0,0,0.0,0
2025-07-21,outlet-5,CAKE-008,0,0,0.0,7
2025-07-21,outlet-5,CAKE-009,3,0,72.0,13
2025-07-21,outlet-5,CAKE-010,4,0,72.0,17
2025-07-22,outlet-1,CAKE-001,8,0,224.0,39
2025-07-22,outlet-1,CAKE-002,8,0,192.0,48
2025-07-22,outlet-1,CAKE-003,5,0,160.0,21
2025-07-22,outlet-1,CAKE-004,4,0,88.0,11
2025-07-22,outlet-1,CAKE-005,5,0,130.0,14
2025-07-22,outlet-1,CAKE-006,7,0,210.0,0
2025-07-22,outlet-1,CAKE-007,9,1,243.0,25
2025-07-22,outlet-1,CAKE-008,2,0,40.0,8
2025-07-22,outlet-1,CAKE-009,4,0,96.0,3
2025-07-22,outlet-1,CAKE-010,0,0,0.0,43
2025-07-22,outlet-2,CAKE-001,12,0,336.0,32
2025-07-22,outlet-2,CAKE-002,8,0,192.0,17
2025-07-22,outlet-2,CAKE-003,5,0,160.0,0
2025-07-22,outlet-2,CAKE-004,5,0,110.0,19
2025-07-22,outlet-2,CAKE-005,4,0,104.0,7
2025-07-22,outlet-2,CAKE-006,6,0,180.0,13
2025-07-22,outlet-2,CAKE-007,5,0,135.0,19
2025-07-22,outlet-2,CAKE-008,2,0,40.0,15
2025-07-22,outlet-2,CAKE-009,4,0,96.0,21
2025-07-22,outlet-2,CAKE-010,8,0,144.0,39
2025-07-22,outlet-3,CAKE-001,10,0,280.0,47
2025-07-22,outlet-3,CAKE-002,8,0,192.0,43
2025-07-22,outlet-3,CAKE-003,0,0,0.0,0
2025-07-22,outlet-3,CAKE-004,3,0,66.0,14
2025-07-22,outlet-3,CAKE-005,4,0,104.0,24
2025-07-22,outlet-3,CAKE-006,16,1,480.0,19
2025-07-22,outlet-3,CAKE-007,12,0,324.0,20
2025-07-22,outlet-3,CAKE-008,2,0,40.0,5
2025-07-22,outlet-3,CAKE-009,3,0,72.0,0
2025-07-22,outlet-3,CAKE-010,6,0,108.0,26
2025-07-22,outlet-4,CAKE-001,5,0,140.0,42
2025-07-22,outlet-4,CAKE-002,10,0,240.0,25
2025-07-22,outlet-4,CAKE-003,3,0,96.0,24
2025-07-22,outlet-4,CAKE-004,5,0,110.0,10
2025-07-22,outlet-4,CAKE-005,4,0,104.0,25
2025-07-22,outlet-4,CAKE-006,2,0,60.0,21
2025-07-22,outlet-4,CAKE-007,9,0,243.0,0
2025-07-22,outlet-4,CAKE-008,5,0,100.0,22
2025-07-22,outlet-4,CAKE-009,4,0,96.0,30
2025-07-22,outlet-4,CAKE-010,8,0,144.0,20
2025-07-22,outlet-5,CAKE-001,5,0,140.0,13
2025-07-22,outlet-5,CAKE-002,0,0,0.0,21
2025-07-22,outlet-5,CAKE-003,1,0,32.0,5
2025-07-22,outlet-5,CAKE-004,2,0,44.0,6
2025-07-22,outlet-5,CAKE-005,2,0,52.0,1
2025-07-22,outlet-5,CAKE-006,12,0,360.0,16
2025-07-22,outlet-5,CAKE-007,0,0,0.0,0
2025-07-22,outlet-5,CAKE-008,1,0,20.0,6
2025-07-22,outlet-5,CAKE-009,3,0,72.0,10
2025-07-22,outlet-5,CAKE-010,3,0,54.0,14
2025-07-23,outlet-1,CAKE-001,16,0,448.0,23
2025-07-23,outlet-1,CAKE-002,8,0,192.0,40
2025-07-23,outlet-1,CAKE-003,7,0,224.0,14
2025-07-23,outlet-1,CAKE-004,6,0,132.0,5
2025-07-23,outlet-1,CAKE-005,4,0,104.0,10
2025-07-23,outlet-1,CAKE-006,0,0,0.0,30
2025-07-23,outlet-1,CAKE-007,6,0,162.0,19
2025-07-23,outlet-1,CAKE-008,3,0,60.0,5
2025-07-23,outlet-1,CAKE-009,3,0,72.0,24
2025-07-23,outlet-1,CAKE-010,8,0,144.0,35
2025-07-23,outlet-2,CAKE-001,9,0,252.0,35
2025-07-23,outlet-2,CAKE-002,9,0,216.0,8
2025-07-23,outlet-2,CAKE-003,0,0,0.0,27
2025-07-23,outlet-2,CAKE-004,6,0,132.0,13
2025-07-23,outlet-2,CAKE-005,4,0,104.0,3
2025-07-23,outlet-2,CAKE-006,6,0,180.0,7
2025-07-23,outlet-2,CAKE-007,7,0,189.0,12
2025-07-23,outlet-2,CAKE-008,2,0,40.0,13
2025-07-23,outlet-2,CAKE-009,3,0,72.0,25
2025-07-23,outlet-2,CAKE-010,4,0,72.0,35
2025-07-23,outlet-3,CAKE-001,17,0,476.0,30
2025-07-23,outlet-3,CAKE-002,9,0,216.0,34
2025-07-23,outlet-3,CAKE-003,0,0,0.0,48
2025-07-23,outlet-3,CAKE-004,3,0,66.0,11
2025-07-23,outlet-3,CAKE-005,5,0,130.0,19
2025-07-23,outlet-3,CAKE-006,8,0,240.0,11
2025-07-23,outlet-3,CAKE-007,7,0,189.0,13
2025-07-23,outlet-3,CAKE-008,2,0,40.0,3
2025-07-23,outlet-3,CAKE-009,0,0,0.0,0
2025-07-23,outlet-3,CAKE-010,8,0,144.0,18
2025-07-23,outlet-4,CAKE-001,11,0,308.0,31
2025-07-23,outlet-4,CAKE-002,8,0,192.0,17
2025-07-23,outlet-4,CAKE-003,4,0,128.0,20
2025-07-23,outlet-4,CAKE-004,4,0,88.0,6
2025-07-23,outlet-4,CAKE-005,6,0,156.0,19
2025-07-23,outlet-4,CAKE-006,6,0,180.0,15
2025-07-23,outlet-4,CAKE-007,0,0,0.0,0
2025-07-23,outlet-4,CAKE-008,5,0,100.0,17
2025-07-23,outlet-4,CAKE-009,5,0,120.0,25
2025-07-23,outlet-4,CAKE-010,7,0,126.0,13
2025-07-23,outlet-5,CAKE-001,4,0,112.0,9
2025-07-23,outlet-5,CAKE-002,3,0,72.0,18
2025-07-23,outlet-5,CAKE-003,2,0,64.0,3
2025-07-23,outlet-5,CAKE-004,3,0,66.0,6
2025-07-23,outlet-5,CAKE-005,1,0,26.0,0
2025-07-23,outlet-5,CAKE-006,4,0,120.0,12
2025-07-23,outlet-5,CAKE-007,0,0,0.0,0
2025-07-23,outlet-5,CAKE-008,2,0,40.0,4
2025-07-23,outlet-5,CAKE-009,4,0,96.0,6
2025-07-23,outlet-5,CAKE-010,3,0,54.0,11
2025-07-24,outlet-1,CAKE-001,9,0,252.0,14
2025-07-24,outlet-1,CAKE-002,8,0,192.0,32
2025-07-24,outlet-1,CAKE-003,3,0,96.0,11
2025-07-24,outlet-1,CAKE-004,5,0,110.0,0
2025-07-24,outlet-1,CAKE-005,4,0,104.0,6
2025-07-24,outlet-1,CAKE-006,6,0,180.0,24
2025-07-24,outlet-1,CAKE-007,4,0,108.0,15
2025-07-24,outlet-1,CAKE-008,3,0,60.0,2
2025-07-24,outlet-1,CAKE-009,4,0,96.0,26
2025-07-24,outlet-1,CAKE-010,5,0,90.0,30
2025-07-24,outlet-2,CAKE-001,10,0,280.0,25
2025-07-24,outlet-2,CAKE-002,7,0,168.0,14
2025-07-24,outlet-2,CAKE-003,5,0,160.0,22
2025-07-24,outlet-2,CAKE-004,4,0,88.0,9
2025-07-24,outlet-2,CAKE-005,3,0,78.0,9
2025-07-24,outlet-2,CAKE-006,5,0,150.0,11
2025-07-24,outlet-2,CAKE-007,6,0,162.0,6
2025-07-24,outlet-2,CAKE-008,2,0,40.0,11
2025-07-24,outlet-2,CAKE-009,5,0,120.0,20
2025-07-24,outlet-2,CAKE-010,7,0,126.0,28
2025-07-24,outlet-3,CAKE-001,13,0,364.0,17
2025-07-24,outlet-3,CAKE-002,7,0,168.0,43
2025-07-24,outlet-3,CAKE-003,5,0,160.0,43
2025-07-24,outlet-3,CAKE-004,3,0,66.0,8
2025-07-24,outlet-3,CAKE-005,4,0,104.0,15
2025-07-24,outlet-3,CAKE-006,11,0,330.0,45
2025-07-24,outlet-3,CAKE-007,2,0,54.0,11
2025-07-24,outlet-3,CAKE-008,2,0,40.0,5
2025-07-24,outlet-3,CAKE-009,0,0,0.0,21
2025-07-24,outlet-3,CAKE-010,4,0,72.0,14
2025-07-24,outlet-4,CAKE-001,6,0,168.0,25
2025-07-24,outlet-4,CAKE-002,11,0,264.0,6
2025-07-24,outlet-4,CAKE-003,5,0,160.0,15
2025-07-24,outlet-4,CAKE-004,3,0,66.0,3
2025-07-24,outlet-4,CAKE-005,4,0,104.0,15
2025-07-24,outlet-4,CAKE-006,6,0,180.0,9
2025-07-24,outlet-4,CAKE-007,0,0,0.0,36
2025-07-24,outlet-4,CAKE-008,6,0,120.0,11
2025-07-24,outlet-4,CAKE-009,3,0,72.0,22
2025-07-24,outlet-4,CAKE-010,8,0,144.0,5
2025-07-24,outlet-5,CAKE-001,5,0,140.0,4
2025-07-24,outlet-5,CAKE-002,2,0,48.0,16
2025-07-24,outlet-5,CAKE-003,3,0,96.0,12
2025-07-24,outlet-5,CAKE-004,3,0,66.0,3
2025-07-24,outlet-5,CAKE-005,0,0,0.0,0
2025-07-24,outlet-5,CAKE-006,3,0,90.0,9
2025-07-24,outlet-5,CAKE-007,0,0,0.0,0
2025-07-24,outlet-5,CAKE-008,1,0,20.0,3
2025-07-24,outlet-5,CAKE-009,3,0,72.0,3
2025-07-24,outlet-5,CAKE-010,4,0,72.0,7
2025-07-25,outlet-1,CAKE-001,14,1,392.0,1
2025-07-25,outlet-1,CAKE-002,8,0,192.0,24
2025-07-25,outlet-1,CAKE-003,8,0,256.0,3
2025-07-25,outlet-1,CAKE-004,0,0,0.0,26
2025-07-25,outlet-1,CAKE-005,6,0,156.0,0
2025-07-25,outlet-1,CAKE-006,9,0,270.0,15
2025-07-25,outlet-1,CAKE-007,10,0,270.0,5
2025-07-25,outlet-1,CAKE-008,2,0,40.0,18
2025-07-25,outlet-1,CAKE-009,6,0,144.0,26
2025-07-25,outlet-1,CAKE-010,13,0,234.0,17
2025-07-25,outlet-2,CAKE-001,12,0,336.0,13
2025-07-25,outlet-2,CAKE-002,10,0,240.0,4
2025-07-25,outlet-2,CAKE-003,3,0,96.0,19
2025-07-25,outlet-2,CAKE-004,5,0,110.0,4
2025-07-25,outlet-2,CAKE-005,5,0,130.0,4
2025-07-25,outlet-2,CAKE-006,11,0,330.0,0
2025-07-25,outlet-2,CAKE-007,6,1,162.0,31
2025-07-25,outlet-2,CAKE-008,3,0,60.0,8
2025-07-25,outlet-2,CAKE-009,6,0,144.0,23
2025-07-25,outlet-2,CAKE-010,8,0,144.0,20
2025-07-25,outlet-3,CAKE-001,17,1,476.0,68
2025-07-25,outlet-3,CAKE-002,9,0,216.0,49
2025-07-25,outlet-3,CAKE-003,11,0,352.0,32
2025-07-25,outlet-3,CAKE-004,4,0,88.0,7
2025-07-25,outlet-3,CAKE-005,7,0,182.0,8
2025-07-25,outlet-3,CAKE-006,23,0,690.0,22
2025-07-25,outlet-3,CAKE-007,10,0,270.0,31
2025-07-25,outlet-3,CAKE-008,3,0,60.0,2
2025-07-25,outlet-3,CAKE-009,4,0,96.0,28
2025-07-25,outlet-3,CAKE-010,8,0,144.0,6
2025-07-25,outlet-4,CAKE-001,16,1,448.0,10
2025-07-25,outlet-4,CAKE-002,6,0,144.0,54
2025-07-25,outlet-4,CAKE-003,6,0,192.0,9
2025-07-25,outlet-4,CAKE-004,3,0,66.0,0
2025-07-25,outlet-4,CAKE-005,7,0,182.0,8
2025-07-25,outlet-4,CAKE-006,9,0,270.0,0
2025-07-25,outlet-4,CAKE-007,17,1,459.0,20
2025-07-25,outlet-4,CAKE-008,6,0,120.0,5
2025-07-25,outlet-4,CAKE-009,5,0,120.0,17
2025-07-25,outlet-4,CAKE-010,5,0,90.0,16
2025-07-25,outlet-5,CAKE-001,4,0,112.0,0
2025-07-25,outlet-5,CAKE-002,5,0,120.0,11
2025-07-25,outlet-5,CAKE-003,2,0,64.0,10
2025-07-25,outlet-5,CAKE-004,3,0,66.0,3
2025-07-25,outlet-5,CAKE-005,0,0,0.0,0
2025-07-25,outlet-5,CAKE-006,9,0,270.0,30
2025-07-25,outlet-5,CAKE-007,0,0,0.0,0
2025-07-25,outlet-5,CAKE-008,1,0,20.0,2
2025-07-25,outlet-5,CAKE-009,3,0,72.0,16
2025-07-25,outlet-5,CAKE-010,5,0,90.0,2
2025-07-26,outlet-1,CAKE-001,1,0,28.0,57
2025-07-26,outlet-1,CAKE-002,11,0,264.0,13
2025-07-26,outlet-1,CAKE-003,3,0,96.0,30
2025-07-26,outlet-1,CAKE-004,7,0,154.0,25
2025-07-26,outlet-1,CAKE-005,0,0,0.0,24
2025-07-26,outlet-1,CAKE-006,13,0,390.0,32
2025-07-26,outlet-1,CAKE-007,5,0,135.0,33
2025-07-26,outlet-1,CAKE-008,3,0,60.0,15
2025-07-26,outlet-1,CAKE-009,4,0,96.0,28
2025-07-26,outlet-1,CAKE-010,10,0,180.0,7
2025-07-26,outlet-2,CAKE-001,13,0,364.0,14
2025-07-26,outlet-2,CAKE-002,4,0,96.0,13
2025-07-26,outlet-2,CAKE-003,7,0,224.0,12
2025-07-26,outlet-2,CAKE-004,4,0,88.0,24
2025-07-26,outlet-2,CAKE-005,4,0,104.0,21
2025-07-26,outlet-2,CAKE-006,0,0,0.0,8
2025-07-26,outlet-2,CAKE-007,7,0,189.0,24
2025-07-26,outlet-2,CAKE-008,3,0,60.0,5
2025-07-26,outlet-2,CAKE-009,4,0,96.0,19
2025-07-26,outlet-2,CAKE-010,9,0,162.0,11
2025-07-26,outlet-3,CAKE-001,20,0,560.0,48
2025-07-26,outlet-3,CAKE-002,10,0,240.0,39
2025-07-26,outlet-3,CAKE-003,6,0,192.0,26
2025-07-26,outlet-3,CAKE-004,3,0,66.0,4
2025-07-26,outlet-3,CAKE-005,4,0,104.0,9
2025-07-26,outlet-3,CAKE-006,12,0,360.0,10
2025-07-26,outlet-3,CAKE-007,12,1,324.0,28
2025-07-26,outlet-3,CAKE-008,2,0,40.0,0
2025-07-26,outlet-3,CAKE-009,3,0,72.0,36
2025-07-26,outlet-3,CAKE-010,6,0,108.0,0
2025-07-26,outlet-4,CAKE-001,10,0,280.0,43
2025-07-26,outlet-4,CAKE-002,13,0,312.0,41
2025-07-26,outlet-4,CAKE-003,6,0,192.0,3
2025-07-26,outlet-4,CAKE-004,0,0,0.0,8
2025-07-26,outlet-4,CAKE-005,5,0,130.0,3
2025-07-26,outlet-4,CAKE-006,0,0,0.0,0
2025-07-26,outlet-4,CAKE-007,13,1,351.0,8
2025-07-26,outlet-4,CAKE-008,5,0,100.0,27
2025-07-26,outlet-4,CAKE-009,6,0,144.0,11
2025-07-26,outlet-4,CAKE-010,9,0,162.0,7
2025-07-26,outlet-5,CAKE-001,0,0,0.0,28
2025-07-26,outlet-5,CAKE-002,6,0,144.0,5
2025-07-26,outlet-5,CAKE-003,2,0,64.0,8
2025-07-26,outlet-5,CAKE-004,3,0,66.0,14
2025-07-26,outlet-5,CAKE-005,0,0,0.0,12
2025-07-26,outlet-5,CAKE-006,9,0,270.0,31
2025-07-26,outlet-5,CAKE-007,0,0,0.0,6
2025-07-26,outlet-5,CAKE-008,2,0,40.0,2
2025-07-26,outlet-5,CAKE-009,4,0,96.0,12
2025-07-26,outlet-5,CAKE-010,2,0,36.0,0
2025-07-27,outlet-1,CAKE-001,14,1,392.0,44
2025-07-27,outlet-1,CAKE-002,9,0,216.0,4
2025-07-27,outlet-1,CAKE-003,6,0,192.0,24
2025-07-27,outlet-1,CAKE-004,4,0,88.0,27
2025-07-27,outlet-1,CAKE-005,5,0,130.0,19
2025-07-27,outlet-1,CAKE-006,15,0,450.0,17
2025-07-27,outlet-1,CAKE-007,4,0,108.0,29
2025-07-27,outlet-1,CAKE-008,3,0,60.0,12
2025-07-27,outlet-1,CAKE-009,7,0,168.0,21
2025-07-27,outlet-1,CAKE-010,7,0,126.0,11
2025-07-27,outlet-2,CAKE-001,12,0,336.0,17
2025-07-27,outlet-2,CAKE-002,10,0,240.0,3
2025-07-27,outlet-2,CAKE-003,8,0,256.0,4
2025-07-27,outlet-2,CAKE-004,5,0,110.0,19
2025-07-27,outlet-2,CAKE-005,5,0,130.0,16
2025-07-27,outlet-2,CAKE-006,8,0,240.0,24
2025-07-27,outlet-2,CAKE-007,9,1,243.0,16
2025-07-27,outlet-2,CAKE-008,3,0,60.0,2
2025-07-27,outlet-2,CAKE-009,3,0,72.0,25
2025-07-27,outlet-2,CAKE-010,10,0,180.0,1
2025-07-27,outlet-3,CAKE-001,16,0,448.0,32
2025-07-27,outlet-3,CAKE-002,10,0,240.0,29
2025-07-27,outlet-3,CAKE-003,8,0,256.0,18
2025-07-27,outlet-3,CAKE-004,2,0,44.0,2
2025-07-27,outlet-3,CAKE-005,5,0,130.0,4
2025-07-27,outlet-3,CAKE-006,10,0,300.0,13
2025-07-27,outlet-3,CAKE-007,14,1,378.0,15
2025-07-27,outlet-3,CAKE-008,0,0,0.0,0
2025-07-27,outlet-3,CAKE-009,3,0,72.0,33
2025-07-27,outlet-3,CAKE-010,0,0,0.0,10
2025-07-27,outlet-4,CAKE-001,11,0,308.0,32
2025-07-27,outlet-4,CAKE-002,16,0,384.0,25
2025-07-27,outlet-4,CAKE-003,3,0,96.0,0
2025-07-27,outlet-4,CAKE-004,4,0,88.0,4
2025-07-27,outlet-4,CAKE-005,3,0,78.0,0
2025-07-27,outlet-4,CAKE-006,0,0,0.0,0
2025-07-27,outlet-4,CAKE-007,8,1,216.0,37
2025-07-27,outlet-4,CAKE-008,5,0,100.0,22
2025-07-27,outlet-4,CAKE-009,6,0,144.0,5
2025-07-27,outlet-4,CAKE-010,6,0,108.0,1
2025-07-27,outlet-5,CAKE-001,9,0,252.0,19
2025-07-27,outlet-5,CAKE-002,5,0,120.0,21
2025-07-27,outlet-5,CAKE-003,4,0,128.0,4
2025-07-27,outlet-5,CAKE-004,4,0,88.0,10
2025-07-27,outlet-5,CAKE-005,2,0,52.0,10
2025-07-27,outlet-5,CAKE-006,5,0,150.0,26
2025-07-27,outlet-5,CAKE-007,6,0,162.0,0
2025-07-27,outlet-5,CAKE-008,1,0,20.0,1
2025-07-27,outlet-5,CAKE-009,4,0,96.0,8
2025-07-27,outlet-5,CAKE-010,0,0,0.0,0
2025-07-28,outlet-1,CAKE-001,9,0,252.0,35
2025-07-28,outlet-1,CAKE-002,4,0,96.0,46
2025-07-28,outlet-1,CAKE-003,5,0,160.0,19
2025-07-28,outlet-1,CAKE-004,5,0,110.0,22
2025-07-28,outlet-1,CAKE-005,4,0,104.0,15
2025-07-28,outlet-1,CAKE-006,10,0,300.0,7
2025-07-28,outlet-1,CAKE-007,11,0,297.0,29
2025-07-28,outlet-1,CAKE-008,3,0,60.0,14
2025-07-28,outlet-1,CAKE-009,5,0,120.0,16
2025-07-28,outlet-1,CAKE-010,9,0,162.0,45
2025-07-28,outlet-2,CAKE-001,10,0,280.0,7
2025-07-28,outlet-2,CAKE-002,3,0,72.0,13
2025-07-28,outlet-2,CAKE-003,4,0,128.0,27
2025-07-28,outlet-2,CAKE-004,4,0,88.0,15
2025-07-28,outlet-2,CAKE-005,3,0,78.0,13
2025-07-28,outlet-2,CAKE-006,7,0,210.0,17
2025-07-28,outlet-2,CAKE-007,6,0,162.0,10
2025-07-28,outlet-2,CAKE-008,2,0,40.0,16
2025-07-28,outlet-2,CAKE-009,3,0,72.0,22
2025-07-28,outlet-2,CAKE-010,1,0,18.0,39
2025-07-28,outlet-3,CAKE-001,9,0,252.0,23
2025-07-28,outlet-3,CAKE-002,6,0,144.0,23
2025-07-28,outlet-3,CAKE-003,6,0,192.0,12
2025-07-28,outlet-3,CAKE-004,2,0,44.0,0
2025-07-28,outlet-3,CAKE-005,4,0,104.0,0
2025-07-28,outlet-3,CAKE-006,11,0,330.0,2
2025-07-28,outlet-3,CAKE-007,10,1,270.0,6
2025-07-28,outlet-3,CAKE-008,0,0,0.0,12
2025-07-28,outlet-3,CAKE-009,4,0,96.0,29
2025-07-28,outlet-3,CAKE-010,6,0,108.0,4
2025-07-28,outlet-4,CAKE-001,9,0,252.0,23
2025-07-28,outlet-4,CAKE-002,8,0,192.0,17
2025-07-28,outlet-4,CAKE-003,0,0,0.0,24
2025-07-28,outlet-4,CAKE-004,4,0,88.0,28
2025-07-28,outlet-4,CAKE-005,0,0,0.0,0
2025-07-28,outlet-4,CAKE-006,0,0,0.0,0
2025-07-28,outlet-4,CAKE-007,7,0,189.0,30
2025-07-28,outlet-4,CAKE-008,3,0,60.0,29
2025-07-28,outlet-4,CAKE-009,4,0,96.0,29
2025-07-28,outlet-4,CAKE-010,1,0,18.0,46
2025-07-28,outlet-5,CAKE-001,5,0,140.0,14
2025-07-28,outlet-5,CAKE-002,3,0,72.0,22
2025-07-28,outlet-5,CAKE-003,3,0,96.0,1
2025-07-28,outlet-5,CAKE-004,3,0,66.0,7
2025-07-28,outlet-5,CAKE-005,2,0,52.0,8
2025-07-28,outlet-5,CAKE-006,7,0,210.0,31
2025-07-28,outlet-5,CAKE-007,0,0,0.0,0
2025-07-28,outlet-5,CAKE-008,1,0,20.0,7
2025-07-28,outlet-5,CAKE-009,2,0,48.0,6
2025-07-28,outlet-5,CAKE-010,0,0,0.0,21
2025-07-29,outlet-1,CAKE-001,12,0,336.0,44
2025-07-29,outlet-1,CAKE-002,8,0,192.0,56
2025-07-29,outlet-1,CAKE-003,5,0,160.0,22
2025-07-29,outlet-1,CAKE-004,3,0,66.0,25
2025-07-29,outlet-1,CAKE-005,3,0,78.0,12
2025-07-29,outlet-1,CAKE-006,7,0,210.0,30
2025-07-29,outlet-1,CAKE-007,8,0,216.0,21
2025-07-29,outlet-1,CAKE-008,3,0,60.0,11
2025-07-29,outlet-1,CAKE-009,3,0,72.0,18
2025-07-29,outlet-1,CAKE-010,8,0,144.0,37
2025-07-29,outlet-2,CAKE-001,7,0,196.0,48
2025-07-29,outlet-2,CAKE-002,9,0,216.0,4
2025-07-29,outlet-2,CAKE-003,5,0,160.0,22
2025-07-29,outlet-2,CAKE-004,5,0,110.0,10
2025-07-29,outlet-2,CAKE-005,4,0,104.0,9
2025-07-29,outlet-2,CAKE-006,7,0,210.0,10
2025-07-29,outlet-2,CAKE-007,8,1,216.0,3
2025-07-29,outlet-2,CAKE-008,2,0,40.0,14
2025-07-29,outlet-2,CAKE-009,5,0,120.0,17
2025-07-29,outlet-2,CAKE-010,8,0,144.0,44
2025-07-29,outlet-3,CAKE-001,10,0,280.0,13
2025-07-29,outlet-3,CAKE-002,10,0,240.0,25
2025-07-29,outlet-3,CAKE-003,2,0,64.0,22
2025-07-29,outlet-3,CAKE-004,0,0,0.0,19
2025-07-29,outlet-3,CAKE-005,0,0,0.0,5
2025-07-29,outlet-3,CAKE-006,2,0,60.0,13
2025-07-29,outlet-3,CAKE-007,6,0,162.0,30
2025-07-29,outlet-3,CAKE-008,3,0,60.0,12
2025-07-29,outlet-3,CAKE-009,3,0,72.0,26
2025-07-29,outlet-3,CAKE-010,4,0,72.0,0
2025-07-29,outlet-4,CAKE-001,6,0,168.0,17
2025-07-29,outlet-4,CAKE-002,9,0,216.0,22
2025-07-29,outlet-4,CAKE-003,3,0,96.0,21
2025-07-29,outlet-4,CAKE-004,5,0,110.0,30
2025-07-29,outlet-4,CAKE-005,0,0,0.0,0
2025-07-29,outlet-4,CAKE-006,0,0,0.0,0
2025-07-29,outlet-4,CAKE-007,10,1,270.0,21
2025-07-29,outlet-4,CAKE-008,5,0,100.0,24
2025-07-29,outlet-4,CAKE-009,6,0,144.0,23
2025-07-29,outlet-4,CAKE-010,11,0,198.0,35
2025-07-29,outlet-5,CAKE-001,5,0,140.0,9
2025-07-29,outlet-5,CAKE-002,3,0,72.0,19
2025-07-29,outlet-5,CAKE-003,1,0,32.0,0
2025-07-29,outlet-5,CAKE-004,2,0,44.0,5
2025-07-29,outlet-5,CAKE-005,1,0,26.0,7
2025-07-29,outlet-5,CAKE-006,11,0,330.0,20
2025-07-29,outlet-5,CAKE-007,0,0,0.0,15
2025-07-29,outlet-5,CAKE-008,1,0,20.0,8
2025-07-29,outlet-5,CAKE-009,3,0,72.0,3
2025-07-29,outlet-5,CAKE-010,2,0,36.0,19
2025-07-30,outlet-1,CAKE-001,7,0,196.0,37
2025-07-30,outlet-1,CAKE-002,7,0,168.0,66
2025-07-30,outlet-1,CAKE-003,5,0,160.0,17
2025-07-30,outlet-1,CAKE-004,4,0,88.0,21
2025-07-30,outlet-1,CAKE-005,4,0,104.0,8
2025-07-30,outlet-1,CAKE-006,9,0,270.0,21
2025-07-30,outlet-1,CAKE-007,10,1,270.0,12
2025-07-30,outlet-1,CAKE-008,3,0,60.0,8
2025-07-30,outlet-1,CAKE-009,4,0,96.0,14
2025-07-30,outlet-1,CAKE-010,8,0,144.0,29
2025-07-30,outlet-2,CAKE-001,8,0,224.0,40
2025-07-30,outlet-2,CAKE-002,4,0,96.0,14
2025-07-30,outlet-2,CAKE-003,4,0,128.0,27
2025-07-30,outlet-2,CAKE-004,3,0,66.0,7
2025-07-30,outlet-2,CAKE-005,1,0,26.0,8
2025-07-30,outlet-2,CAKE-006,7,0,210.0,3
2025-07-30,outlet-2,CAKE-007,3,0,81.0,30
2025-07-30,outlet-2,CAKE-008,2,0,40.0,12
2025-07-30,outlet-2,CAKE-009,4,0,96.0,13
2025-07-30,outlet-2,CAKE-010,7,0,126.0,49
2025-07-30,outlet-3,CAKE-001,13,0,364.0,0
2025-07-30,outlet-3,CAKE-002,9,0,216.0,16
2025-07-30,outlet-3,CAKE-003,13,0,416.0,9
2025-07-30,outlet-3,CAKE-004,4,0,88.0,15
2025-07-30,outlet-3,CAKE-005,4,0,104.0,6
2025-07-30,outlet-3,CAKE-006,12,0,360.0,46
2025-07-30,outlet-3,CAKE-007,10,1,270.0,21
2025-07-30,outlet-3,CAKE-008,2,0,40.0,10
2025-07-30,outlet-3,CAKE-009,4,0,96.0,32
2025-07-30,outlet-3,CAKE-010,0,0,0.0,0
2025-07-30,outlet-4,CAKE-001,9,0,252.0,19
2025-07-30,outlet-4,CAKE-002,8,0,192.0,14
2025-07-30,outlet-4,CAKE-003,4,0,128.0,17
2025-07-30,outlet-4,CAKE-004,3,0,66.0,27
2025-07-30,outlet-4,CAKE-005,0,0,0.0,33
2025-07-30,outlet-4,CAKE-006,0,0,0.0,7
2025-07-30,outlet-4,CAKE-007,12,1,324.0,10
2025-07-30,outlet-4,CAKE-008,5,0,100.0,30
2025-07-30,outlet-4,CAKE-009,6,0,144.0,25
2025-07-30,outlet-4,CAKE-010,9,0,162.0,26
2025-07-30,outlet-5,CAKE-001,4,0,112.0,5
2025-07-30,outlet-5,CAKE-002,3,0,72.0,20
2025-07-30,outlet-5,CAKE-003,0,0,0.0,4
2025-07-30,outlet-5,CAKE-004,2,0,44.0,3
2025-07-30,outlet-5,CAKE-005,2,0,52.0,5
2025-07-30,outlet-5,CAKE-006,7,0,210.0,13
2025-07-30,outlet-5,CAKE-007,3,0,81.0,12
2025-07-30,outlet-5,CAKE-008,1,0,20.0,7
2025-07-30,outlet-5,CAKE-009,3,0,72.0,16
2025-07-30,outlet-5,CAKE-010,4,0,72.0,15
2025-07-31,outlet-1,CAKE-001,10,0,280.0,27
2025-07-31,outlet-1,CAKE-002,6,0,144.0,60
2025-07-31,outlet-1,CAKE-003,6,0,192.0,11
2025-07-31,outlet-1,CAKE-004,3,0,66.0,18
2025-07-31,outlet-1,CAKE-005,4,0,104.0,4
2025-07-31,outlet-1,CAKE-006,6,0,180.0,15
2025-07-31,outlet-1,CAKE-007,8,1,216.0,5
2025-07-31,outlet-1,CAKE-008,3,0,60.0,5
2025-07-31,outlet-1,CAKE-009,4,0,96.0,10
2025-07-31,outlet-1,CAKE-010,7,0,126.0,22
2025-07-31,outlet-2,CAKE-001,10,0,280.0,30
2025-07-31,outlet-2,CAKE-002,7,0,168.0,7
2025-07-31,outlet-2,CAKE-003,4,0,128.0,23
2025-07-31,outlet-2,CAKE-004,3,0,66.0,4
2025-07-31,outlet-2,CAKE-005,5,0,130.0,3
2025-07-31,outlet-2,CAKE-006,3,0,90.0,24
2025-07-31,outlet-2,CAKE-007,9,1,243.0,27
2025-07-31,outlet-2,CAKE-008,3,0,60.0,12
2025-07-31,outlet-2,CAKE-009,2,0,48.0,18
2025-07-31,outlet-2,CAKE-010,6,0,108.0,43
2025-07-31,outlet-3,CAKE-001,0,0,0.0,16
2025-07-31,outlet-3,CAKE-002,6,0,144.0,10
2025-07-31,outlet-3,CAKE-003,7,0,224.0,2
2025-07-31,outlet-3,CAKE-004,2,0,44.0,13
2025-07-31,outlet-3,CAKE-005,3,0,78.0,3
2025-07-31,outlet-3,CAKE-006,14,0,420.0,32
2025-07-31,outlet-3,CAKE-007,6,1,162.0,16
2025-07-31,outlet-3,CAKE-008,2,0,40.0,8
2025-07-31,outlet-3,CAKE-009,3,0,72.0,40
2025-07-31,outlet-3,CAKE-010,0,0,0.0,32
2025-07-31,outlet-4,CAKE-001,4,0,112.0,15
2025-07-31,outlet-4,CAKE-002,10,0,240.0,58
2025-07-31,outlet-4,CAKE-003,5,0,160.0,12
2025-07-31,outlet-4,CAKE-004,5,0,110.0,22
2025-07-31,outlet-4,CAKE-005,6,0,156.0,27
2025-07-31,outlet-4,CAKE-006,4,0,120.0,3
2025-07-31,outlet-4,CAKE-007,10,1,270.0,37
2025-07-31,outlet-4,CAKE-008,5,0,100.0,25
2025-07-31,outlet-4,CAKE-009,5,0,120.0,20
2025-07-31,outlet-4,CAKE-010,9,0,162.0,17
2025-07-31,outlet-5,CAKE-001,5,0,140.0,0
2025-07-31,outlet-5,CAKE-002,3,0,72.0,17
2025-07-31,outlet-5,CAKE-003,2,0,64.0,2
2025-07-31,outlet-5,CAKE-004,2,0,44.0,5
2025-07-31,outlet-5,CAKE-005,2,0,52.0,3
2025-07-31,outlet-5,CAKE-006,6,0,180.0,7
2025-07-31,outlet-5,CAKE-007,4,0,108.0,8
2025-07-31,outlet-5,CAKE-008,1,0,20.0,6
2025-07-31,outlet-5,CAKE-009,2,0,48.0,14
2025-07-31,outlet-5,CAKE-010,4,0,72.0,11
2025-08-01,outlet-1,CAKE-001,16,1,448.0,12
2025-08-01,outlet-1,CAKE-002,8,0,192.0,52
2025-08-01,outlet-1,CAKE-003,6,0,192.0,5
2025-08-01,outlet-1,CAKE-004,6,0,132.0,12
2025-08-01,outlet-1,CAKE-005,4,0,104.0,24
2025-08-01,outlet-1,CAKE-006,8,0,240.0,28
2025-08-01,outlet-1,CAKE-007,5,0,135.0,33
2025-08-01,outlet-1,CAKE-008,4,0,80.0,19
2025-08-01,outlet-1,CAKE-009,4,0,96.0,6
2025-08-01,outlet-1,CAKE-010,7,0,126.0,15
2025-08-01,outlet-2,CAKE-001,14,1,392.0,17
2025-08-01,outlet-2,CAKE-002,7,0,168.0,0
2025-08-01,outlet-2,CAKE-003,5,0,160.0,18
2025-08-01,outlet-2,CAKE-004,4,0,88.0,24
2025-08-01,outlet-2,CAKE-005,3,0,78.0,21
2025-08-01,outlet-2,CAKE-006,10,0,300.0,14
2025-08-01,outlet-2,CAKE-007,14,1,378.0,14
2025-08-01,outlet-2,CAKE-008,4,0,80.0,8
2025-08-01,outlet-2,CAKE-009,4,0,96.0,14
2025-08-01,outlet-2,CAKE-010,7,0,126.0,36
2025-08-01,outlet-3,CAKE-001,16,0,448.0,0
2025-08-01,outlet-3,CAKE-002,10,0,240.0,46
2025-08-01,outlet-3,CAKE-003,2,0,64.0,0
2025-08-01,outlet-3,CAKE-004,3,0,66.0,14
2025-08-01,outlet-3,CAKE-005,3,0,78.0,24
2025-08-01,outlet-3,CAKE-006,15,0,450.0,32
2025-08-01,outlet-3,CAKE-007,15,1,405.0,2
2025-08-01,outlet-3,CAKE-008,2,0,40.0,10
2025-08-01,outlet-3,CAKE-009,4,0,96.0,36
2025-08-01,outlet-3,CAKE-010,8,0,144.0,24
2025-08-01,outlet-4,CAKE-001,13,1,364.0,46
2025-08-01,outlet-4,CAKE-002,13,1,312.0,46
2025-08-01,outlet-4,CAKE-003,2,0,64.0,10
2025-08-01,outlet-4,CAKE-004,6,0,132.0,16
2025-08-01,outlet-4,CAKE-005,8,0,208.0,19
2025-08-01,outlet-4,CAKE-006,3,0,90.0,0
2025-08-01,outlet-4,CAKE-007,15,1,405.0,23
2025-08-01,outlet-4,CAKE-008,6,0,120.0,19
2025-08-01,outlet-4,CAKE-009,6,0,144.0,14
2025-08-01,outlet-4,CAKE-010,10,0,180.0,7
2025-08-01,outlet-5,CAKE-001,0,0,0.0,28
2025-08-01,outlet-5,CAKE-002,6,0,144.0,11
2025-08-01,outlet-5,CAKE-003,2,0,64.0,4
2025-08-01,outlet-5,CAKE-004,2,0,44.0,3
2025-08-01,outlet-5,CAKE-005,2,0,52.0,1
2025-08-01,outlet-5,CAKE-006,1,0,30.0,6
2025-08-01,outlet-5,CAKE-007,4,0,108.0,4
2025-08-01,outlet-5,CAKE-008,2,0,40.0,4
2025-08-01,outlet-5,CAKE-009,5,0,120.0,16
2025-08-01,outlet-5,CAKE-010,4,0,72.0,7
2025-08-02,outlet-1,CAKE-001,12,1,336.0,1
2025-08-02,outlet-1,CAKE-002,9,0,216.0,43
2025-08-02,outlet-1,CAKE-003,5,0,160.0,30
2025-08-02,outlet-1,CAKE-004,4,0,88.0,8
2025-08-02,outlet-1,CAKE-005,6,0,156.0,18
2025-08-02,outlet-1,CAKE-006,11,0,330.0,17
2025-08-02,outlet-1,CAKE-007,14,1,378.0,20
2025-08-02,outlet-1,CAKE-008,4,0,80.0,15
2025-08-02,outlet-1,CAKE-009,6,0,144.0,24
2025-08-02,outlet-1,CAKE-010,8,0,144.0,7
2025-08-02,outlet-2,CAKE-001,17,0,476.0,15
2025-08-02,outlet-2,CAKE-002,0,0,0.0,42
2025-08-02,outlet-2,CAKE-003,4,0,128.0,14
2025-08-02,outlet-2,CAKE-004,3,0,66.0,21
2025-08-02,outlet-2,CAKE-005,6,0,156.0,23
2025-08-02,outlet-2,CAKE-006,8,0,240.0,6
2025-08-02,outlet-2,CAKE-007,10,1,270.0,5
2025-08-02,outlet-2,CAKE-008,4,0,80.0,4
2025-08-02,outlet-2,CAKE-009,8,0,192.0,14
2025-08-02,outlet-2,CAKE-010,10,0,180.0,26
2025-08-02,outlet-3,CAKE-001,0,0,0.0,67
2025-08-02,outlet-3,CAKE-002,11,0,264.0,35
2025-08-02,outlet-3,CAKE-003,0,0,0.0,48
2025-08-02,outlet-3,CAKE-004,3,0,66.0,11
2025-08-02,outlet-3,CAKE-005,7,0,182.0,17
2025-08-02,outlet-3,CAKE-006,14,0,420.0,18
2025-08-02,outlet-3,CAKE-007,2,0,54.0,0
2025-08-02,outlet-3,CAKE-008,2,0,40.0,8
2025-08-02,outlet-3,CAKE-009,3,0,72.0,33
2025-08-02,outlet-3,CAKE-010,6,0,108.0,18
2025-08-02,outlet-4,CAKE-001,11,0,308.0,35
2025-08-02,outlet-4,CAKE-002,8,0,192.0,38
2025-08-02,outlet-4,CAKE-003,7,0,224.0,3
2025-08-02,outlet-4,CAKE-004,6,0,132.0,17
2025-08-02,outlet-4,CAKE-005,5,0,130.0,14
2025-08-02,outlet-4,CAKE-006,0,0,0.0,7
2025-08-02,outlet-4,CAKE-007,8,1,216.0,16
2025-08-02,outlet-4,CAKE-008,5,0,100.0,14
2025-08-02,outlet-4,CAKE-009,11,0,264.0,3
2025-08-02,outlet-4,CAKE-010,7,0,126.0,46
2025-08-02,outlet-5,CAKE-001,8,0,224.0,20
2025-08-02,outlet-5,CAKE-002,5,0,120.0,6
2025-08-02,outlet-5,CAKE-003,3,0,96.0,1
2025-08-02,outlet-5,CAKE-004,3,0,66.0,14
2025-08-02,outlet-5,CAKE-005,1,0,26.0,12
2025-08-02,outlet-5,CAKE-006,6,0,180.0,30
2025-08-02,outlet-5,CAKE-007,4,0,108.0,0
2025-08-02,outlet-5,CAKE-008,2,0,40.0,2
2025-08-02,outlet-5,CAKE-009,3,0,72.0,13
2025-08-02,outlet-5,CAKE-010,4,0,72.0,3
2025-08-03,outlet-1,CAKE-001,1,0,28.0,0
2025-08-03,outlet-1,CAKE-002,11,0,264.0,32
2025-08-03,outlet-1,CAKE-003,7,0,224.0,23
2025-08-03,outlet-1,CAKE-004,6,0,132.0,2
2025-08-03,outlet-1,CAKE-005,6,0,156.0,12
2025-08-03,outlet-1,CAKE-006,12,0,360.0,5
2025-08-03,outlet-1,CAKE-007,15,1,405.0,17
2025-08-03,outlet-1,CAKE-008,3,0,60.0,16
2025-08-03,outlet-1,CAKE-009,4,0,96.0,20
2025-08-03,outlet-1,CAKE-010,7,0,126.0,0
2025-08-03,outlet-2,CAKE-001,12,0,336.0,3
2025-08-03,outlet-2,CAKE-002,10,0,240.0,32
2025-08-03,outlet-2,CAKE-003,7,0,224.0,7
2025-08-03,outlet-2,CAKE-004,3,0,66.0,18
2025-08-03,outlet-2,CAKE-005,4,0,104.0,19
2025-08-03,outlet-2,CAKE-006,6,0,180.0,24
2025-08-03,outlet-2,CAKE-007,5,0,135.0,0
2025-08-03,outlet-2,CAKE-008,4,0,80.0,16
2025-08-03,outlet-2,CAKE-009,3,0,72.0,11
2025-08-03,outlet-2,CAKE-010,10,0,180.0,28
2025-08-03,outlet-3,CAKE-001,19,0,532.0,48
2025-08-03,outlet-3,CAKE-002,9,0,216.0,26
2025-08-03,outlet-3,CAKE-003,11,0,352.0,37
2025-08-03,outlet-3,CAKE-004,3,0,66.0,8
2025-08-03,outlet-3,CAKE-005,7,0,182.0,10
2025-08-03,outlet-3,CAKE-006,18,0,540.0,0
2025-08-03,outlet-3,CAKE-007,0,0,0.0,30
2025-08-03,outlet-3,CAKE-008,3,0,60.0,5
2025-08-03,outlet-3,CAKE-009,7,0,168.0,26
2025-08-03,outlet-3,CAKE-010,5,0,90.0,13
2025-08-03,outlet-4,CAKE-001,10,0,280.0,39
2025-08-03,outlet-4,CAKE-002,13,0,312.0,25
2025-08-03,outlet-4,CAKE-003,3,0,96.0,0
2025-08-03,outlet-4,CAKE-004,7,0,154.0,10
2025-08-03,outlet-4,CAKE-005,9,0,234.0,5
2025-08-03,outlet-4,CAKE-006,7,0,210.0,21
2025-08-03,outlet-4,CAKE-007,14,1,378.0,3
2025-08-03,outlet-4,CAKE-008,5,0,100.0,9
2025-08-03,outlet-4,CAKE-009,3,0,72.0,28
2025-08-03,outlet-4,CAKE-010,11,0,198.0,49
2025-08-03,outlet-5,CAKE-001,6,0,168.0,14
2025-08-03,outlet-5,CAKE-002,4,0,96.0,2
2025-08-03,outlet-5,CAKE-003,1,0,32.0,4
2025-08-03,outlet-5,CAKE-004,4,0,88.0,10
2025-08-03,outlet-5,CAKE-005,3,0,78.0,9
2025-08-03,outlet-5,CAKE-006,13,0,390.0,17
2025-08-03,outlet-5,CAKE-007,0,0,0.0,6
2025-08-03,outlet-5,CAKE-008,1,0,20.0,1
2025-08-03,outlet-5,CAKE-009,4,0,96.0,9
2025-08-03,outlet-5,CAKE-010,3,0,54.0,0
2025-08-04,outlet-1,CAKE-001,0,0,0.0,18
2025-08-04,outlet-1,CAKE-002,7,0,168.0,25
2025-08-04,outlet-1,CAKE-003,5,0,160.0,18
2025-08-04,outlet-1,CAKE-004,2,0,44.0,6
2025-08-04,outlet-1,CAKE-005,4,0,104.0,8
2025-08-04,outlet-1,CAKE-006,5,0,150.0,30
2025-08-04,outlet-1,CAKE-007,7,1,189.0,21
2025-08-04,outlet-1,CAKE-008,3,0,60.0,13
2025-08-04,outlet-1,CAKE-009,5,0,120.0,15
2025-08-04,outlet-1,CAKE-010,0,0,0.0,11
2025-08-04,outlet-2,CAKE-001,3,0,84.0,48
2025-08-04,outlet-2,CAKE-002,5,0,120.0,27
2025-08-04,outlet-2,CAKE-003,3,0,96.0,4
2025-08-04,outlet-2,CAKE-004,4,0,88.0,14
2025-08-04,outlet-2,CAKE-005,5,0,130.0,14
2025-08-04,outlet-2,CAKE-006,3,0,90.0,21
2025-08-04,outlet-2,CAKE-007,0,0,0.0,30
2025-08-04,outlet-2,CAKE-008,3,0,60.0,13
2025-08-04,outlet-2,CAKE-009,4,0,96.0,7
2025-08-04,outlet-2,CAKE-010,8,0,144.0,20
2025-08-04,outlet-3,CAKE-001,9,0,252.0,39
2025-08-04,outlet-3,CAKE-002,7,0,168.0,19
2025-08-04,outlet-3,CAKE-003,10,0,320.0,27
2025-08-04,outlet-3,CAKE-004,3,0,66.0,5
2025-08-04,outlet-3,CAKE-005,3,0,78.0,7
2025-08-04,outlet-3,CAKE-006,0,0,0.0,0
2025-08-04,outlet-3,CAKE-007,7,0,189.0,30
2025-08-04,outlet-3,CAKE-008,2,0,40.0,3
2025-08-04,outlet-3,CAKE-009,3,0,72.0,23
2025-08-04,outlet-3,CAKE-010,5,0,90.0,8
2025-08-04,outlet-4,CAKE-001,7,0,196.0,32
2025-08-04,outlet-4,CAKE-002,8,0,192.0,17
2025-08-04,outlet-4,CAKE-003,0,0,0.0,0
2025-08-04,outlet-4,CAKE-004,5,0,110.0,13
2025-08-04,outlet-4,CAKE-005,3,0,78.0,35
2025-08-04,outlet-4,CAKE-006,2,0,60.0,19
2025-08-04,outlet-4,CAKE-007,3,0,81.0,36
2025-08-04,outlet-4,CAKE-008,5,0,100.0,4
2025-08-04,outlet-4,CAKE-009,5,0,120.0,23
2025-08-04,outlet-4,CAKE-010,9,0,162.0,40
2025-08-04,outlet-5,CAKE-001,5,0,140.0,9
2025-08-04,outlet-5,CAKE-002,2,0,48.0,0
2025-08-04,outlet-5,CAKE-003,2,0,64.0,6
2025-08-04,outlet-5,CAKE-004,3,0,66.0,7
2025-08-04,outlet-5,CAKE-005,2,0,52.0,7
2025-08-04,outlet-5,CAKE-006,5,0,150.0,12
2025-08-04,outlet-5,CAKE-007,4,0,108.0,2
2025-08-04,outlet-5,CAKE-008,1,0,20.0,0
2025-08-04,outlet-5,CAKE-009,2,0,48.0,7
2025-08-04,outlet-5,CAKE-010,0,0,0.0,21
2025-08-05,outlet-1,CAKE-001,9,0,252.0,9
2025-08-05,outlet-1,CAKE-002,7,0,168.0,18
2025-08-05,outlet-1,CAKE-003,5,0,160.0,13
2025-08-05,outlet-1,CAKE-004,5,0,110.0,7
2025-08-05,outlet-1,CAKE-005,3,0,78.0,5
2025-08-05,outlet-1,CAKE-006,8,0,240.0,22
2025-08-05,outlet-1,CAKE-007,3,0,81.0,18
2025-08-05,outlet-1,CAKE-008,4,0,80.0,9
2025-08-05,outlet-1,CAKE-009,5,0,120.0,10
2025-08-05,outlet-1,CAKE-010,8,0,144.0,16
2025-08-05,outlet-2,CAKE-001,10,0,280.0,38
2025-08-05,outlet-2,CAKE-002,9,0,216.0,18
2025-08-05,outlet-2,CAKE-003,4,0,128.0,0
2025-08-05,outlet-2,CAKE-004,5,0,110.0,9
2025-08-05,outlet-2,CAKE-005,5,0,130.0,9
2025-08-05,outlet-2,CAKE-006,5,0,150.0,16
2025-08-05,outlet-2,CAKE-007,8,0,216.0,22
2025-08-05,outlet-2,CAKE-008,3,0,60.0,14
2025-08-05,outlet-2,CAKE-009,4,0,96.0,3
2025-08-05,outlet-2,CAKE-010,8,0,144.0,12
2025-08-05,outlet-3,CAKE-001,12,0,336.0,39
2025-08-05,outlet-3,CAKE-002,6,0,144.0,13
2025-08-05,outlet-3,CAKE-003,8,0,256.0,19
2025-08-05,outlet-3,CAKE-004,3,0,66.0,2
2025-08-05,outlet-3,CAKE-005,4,0,104.0,3
2025-08-05,outlet-3,CAKE-006,0,0,0.0,45
2025-08-05,outlet-3,CAKE-007,6,0,162.0,24
2025-08-05,outlet-3,CAKE-008,3,0,60.0,12
2025-08-05,outlet-3,CAKE-009,5,0,120.0,18
2025-08-05,outlet-3,CAKE-010,5,0,90.0,3
2025-08-05,outlet-4,CAKE-001,5,0,140.0,27
2025-08-05,outlet-4,CAKE-002,7,0,168.0,10
2025-08-05,outlet-4,CAKE-003,0,0,0.0,24
2025-08-05,outlet-4,CAKE-004,5,0,110.0,15
2025-08-05,outlet-4,CAKE-005,5,0,130.0,42
2025-08-05,outlet-4,CAKE-006,5,0,150.0,14
2025-08-05,outlet-4,CAKE-007,7,0,189.0,29
2025-08-05,outlet-4,CAKE-008,4,0,80.0,27
2025-08-05,outlet-4,CAKE-009,6,0,144.0,17
2025-08-05,outlet-4,CAKE-010,11,0,198.0,43
2025-08-05,outlet-5,CAKE-001,5,0,140.0,4
2025-08-05,outlet-5,CAKE-002,0,0,0.0,4
2025-08-05,outlet-5,CAKE-003,2,0,64.0,4
2025-08-05,outlet-5,CAKE-004,3,0,66.0,4
2025-08-05,outlet-5,CAKE-005,3,0,78.0,7
2025-08-05,outlet-5,CAKE-006,7,0,210.0,5
2025-08-05,outlet-5,CAKE-007,2,0,54.0,7
2025-08-05,outlet-5,CAKE-008,0,0,0.0,7
2025-08-05,outlet-5,CAKE-009,3,0,72.0,11
2025-08-05,outlet-5,CAKE-010,4,0,72.0,17
2025-08-06,outlet-1,CAKE-001,9,0,252.0,57
2025-08-06,outlet-1,CAKE-002,7,0,168.0,11
2025-08-06,outlet-1,CAKE-003,3,0,96.0,10
2025-08-06,outlet-1,CAKE-004,5,0,110.0,28
2025-08-06,outlet-1,CAKE-005,5,0,130.0,24
2025-08-06,outlet-1,CAKE-006,12,0,360.0,10
2025-08-06,outlet-1,CAKE-007,6,0,162.0,12
2025-08-06,outlet-1,CAKE-008,3,0,60.0,6
2025-08-06,outlet-1,CAKE-009,5,0,120.0,5
2025-08-06,outlet-1,CAKE-010,7,0,126.0,9
2025-08-06,outlet-2,CAKE-001,10,0,280.0,28
2025-08-06,outlet-2,CAKE-002,7,0,168.0,11
2025-08-06,outlet-2,CAKE-003,0,0,0.0,27
2025-08-06,outlet-2,CAKE-004,3,0,66.0,6
2025-08-06,outlet-2,CAKE-005,4,0,104.0,5
2025-08-06,outlet-2,CAKE-006,8,0,240.0,8
2025-08-06,outlet-2,CAKE-007,5,0,135.0,17
2025-08-06,outlet-2,CAKE-008,2,0,40.0,12
2025-08-06,outlet-2,CAKE-009,3,0,72.0,0
2025-08-06,outlet-2,CAKE-010,6,0,108.0,6
2025-08-06,outlet-3,CAKE-001,12,0,336.0,27
2025-08-06,outlet-3,CAKE-002,6,0,144.0,7
2025-08-06,outlet-3,CAKE-003,9,0,288.0,10
2025-08-06,outlet-3,CAKE-004,2,0,44.0,19
2025-08-06,outlet-3,CAKE-005,3,0,78.0,24
2025-08-06,outlet-3,CAKE-006,6,0,180.0,39
2025-08-06,outlet-3,CAKE-007,10,1,270.0,15
2025-08-06,outlet-3,CAKE-008,2,0,40.0,10
2025-08-06,outlet-3,CAKE-009,3,0,72.0,15
2025-08-06,outlet-3,CAKE-010,3,0,54.0,0
2025-08-06,outlet-4,CAKE-001,5,0,140.0,33
2025-08-06,outlet-4,CAKE-002,9,0,216.0,1
2025-08-06,outlet-4,CAKE-003,5,0,160.0,19
2025-08-06,outlet-4,CAKE-004,4,0,88.0,11
2025-08-06,outlet-4,CAKE-005,6,0,156.0,36
2025-08-06,outlet-4,CAKE-006,4,0,120.0,10
2025-08-06,outlet-4,CAKE-007,9,0,243.0,20
2025-08-06,outlet-4,CAKE-008,4,0,80.0,34
2025-08-06,outlet-4,CAKE-009,3,0,72.0,14
2025-08-06,outlet-4,CAKE-010,8,0,144.0,52
2025-08-06,outlet-5,CAKE-001,4,0,112.0,7
2025-08-06,outlet-5,CAKE-002,3,0,72.0,1
2025-08-06,outlet-5,CAKE-003,3,0,96.0,1
2025-08-06,outlet-5,CAKE-004,3,0,66.0,15
2025-08-06,outlet-5,CAKE-005,2,0,52.0,5
2025-08-06,outlet-5,CAKE-006,5,0,150.0,10
2025-08-06,outlet-5,CAKE-007,1,0,27.0,6
2025-08-06,outlet-5,CAKE-008,1,0,20.0,7
2025-08-06,outlet-5,CAKE-009,2,0,48.0,9
2025-08-06,outlet-5,CAKE-010,2,0,36.0,15
2025-08-07,outlet-1,CAKE-001,14,0,392.0,43
2025-08-07,outlet-1,CAKE-002,7,0,168.0,4
2025-08-07,outlet-1,CAKE-003,5,0,160.0,5
2025-08-07,outlet-1,CAKE-004,5,0,110.0,23
2025-08-07,outlet-1,CAKE-005,5,0,130.0,19
2025-08-07,outlet-1,CAKE-006,5,0,150.0,5
2025-08-07,outlet-1,CAKE-007,7,1,189.0,6
2025-08-07,outlet-1,CAKE-008,3,0,60.0,8
2025-08-07,outlet-1,CAKE-009,4,0,96.0,25
2025-08-07,outlet-1,CAKE-010,6,0,108.0,3
2025-08-07,outlet-2,CAKE-001,7,0,196.0,34
2025-08-07,outlet-2,CAKE-002,7,0,168.0,4
2025-08-07,outlet-2,CAKE-003,6,0,192.0,21
2025-08-07,outlet-2,CAKE-004,4,0,88.0,2
2025-08-07,outlet-2,CAKE-005,2,0,52.0,10
2025-08-07,outlet-2,CAKE-006,7,0,210.0,10
2025-08-07,outlet-2,CAKE-007,6,1,162.0,12
2025-08-07,outlet-2,CAKE-008,4,0,80.0,8
2025-08-07,outlet-2,CAKE-009,0,0,0.0,21
2025-08-07,outlet-2,CAKE-010,5,0,90.0,40
2025-08-07,outlet-3,CAKE-001,9,0,252.0,18
2025-08-07,outlet-3,CAKE-002,7,0,168.0,46
2025-08-07,outlet-3,CAKE-003,6,0,192.0,4
2025-08-07,outlet-3,CAKE-004,3,0,66.0,16
2025-08-07,outlet-3,CAKE-005,2,0,52.0,22
2025-08-07,outlet-3,CAKE-006,8,0,240.0,44
2025-08-07,outlet-3,CAKE-007,9,0,243.0,6
2025-08-07,outlet-3,CAKE-008,2,0,40.0,8
2025-08-07,outlet-3,CAKE-009,4,0,96.0,11
2025-08-07,outlet-3,CAKE-010,0,0,0.0,32
2025-08-07,outlet-4,CAKE-001,12,0,336.0,21
2025-08-07,outlet-4,CAKE-002,1,0,24.0,54
2025-08-07,outlet-4,CAKE-003,4,0,128.0,27
2025-08-07,outlet-4,CAKE-004,4,0,88.0,7
2025-08-07,outlet-4,CAKE-005,7,0,182.0,29
2025-08-07,outlet-4,CAKE-006,8,0,240.0,2
2025-08-07,outlet-4,CAKE-007,8,1,216.0,19
2025-08-07,outlet-4,CAKE-008,5,0,100.0,41
2025-08-07,outlet-4,CAKE-009,4,0,96.0,10
2025-08-07,outlet-4,CAKE-010,7,0,126.0,45
2025-08-07,outlet-5,CAKE-001,4,0,112.0,3
2025-08-07,outlet-5,CAKE-002,1,0,24.0,21
2025-08-07,outlet-5,CAKE-003,1,0,32.0,12
2025-08-07,outlet-5,CAKE-004,2,0,44.0,13
2025-08-07,outlet-5,CAKE-005,2,0,52.0,3
2025-08-07,outlet-5,CAKE-006,9,0,270.0,31
2025-08-07,outlet-5,CAKE-007,4,0,108.0,2
2025-08-07,outlet-5,CAKE-008,1,0,20.0,6
2025-08-07,outlet-5,CAKE-009,2,0,48.0,7
2025-08-07,outlet-5,CAKE-010,5,0,90.0,10
2025-08-08,outlet-1,CAKE-001,13,0,364.0,30
2025-08-08,outlet-1,CAKE-002,4,0,96.0,0
2025-08-08,outlet-1,CAKE-003,5,0,160.0,0
2025-08-08,outlet-1,CAKE-004,6,0,132.0,17
2025-08-08,outlet-1,CAKE-005,5,0,130.0,14
2025-08-08,outlet-1,CAKE-006,5,0,150.0,30
2025-08-08,outlet-1,CAKE-007,6,0,162.0,0
2025-08-08,outlet-1,CAKE-008,4,0,80.0,4
2025-08-08,outlet-1,CAKE-009,6,0,144.0,19
2025-08-08,outlet-1,CAKE-010,3,0,54.0,43
2025-08-08,outlet-2,CAKE-001,13,1,364.0,34
2025-08-08,outlet-2,CAKE-002,4,0,96.0,0
2025-08-08,outlet-2,CAKE-003,5,0,160.0,16
2025-08-08,outlet-2,CAKE-004,2,0,44.0,6
2025-08-08,outlet-2,CAKE-005,5,0,130.0,5
2025-08-08,outlet-2,CAKE-006,10,0,300.0,24
2025-08-08,outlet-2,CAKE-007,8,0,216.0,4
2025-08-08,outlet-2,CAKE-008,4,0,80.0,4
2025-08-08,outlet-2,CAKE-009,3,0,72.0,18
2025-08-08,outlet-2,CAKE-010,12,0,216.0,28
2025-08-08,outlet-3,CAKE-001,18,1,504.0,17
2025-08-08,outlet-3,CAKE-002,9,0,216.0,51
2025-08-08,outlet-3,CAKE-003,4,0,128.0,11
2025-08-08,outlet-3,CAKE-004,4,0,88.0,15
2025-08-08,outlet-3,CAKE-005,4,0,104.0,23
2025-08-08,outlet-3,CAKE-006,21,1,630.0,24
2025-08-08,outlet-3,CAKE-007,6,0,162.0,6
2025-08-08,outlet-3,CAKE-008,2,0,40.0,6
2025-08-08,outlet-3,CAKE-009,6,0,144.0,5
2025-08-08,outlet-3,CAKE-010,8,0,144.0,24
2025-08-08,outlet-4,CAKE-001,9,0,252.0,24
2025-08-08,outlet-4,CAKE-002,10,0,240.0,44
2025-08-08,outlet-4,CAKE-003,5,0,160.0,32
2025-08-08,outlet-4,CAKE-004,4,0,88.0,3
2025-08-08,outlet-4,CAKE-005,10,0,260.0,19
2025-08-08,outlet-4,CAKE-006,2,0,60.0,0
2025-08-08,outlet-4,CAKE-007,12,0,324.0,7
2025-08-08,outlet-4,CAKE-008,7,0,140.0,45
2025-08-08,outlet-4,CAKE-009,6,0,144.0,4
2025-08-08,outlet-4,CAKE-010,8,0,144.0,37
2025-08-08,outlet-5,CAKE-001,3,0,84.0,0
2025-08-08,outlet-5,CAKE-002,4,0,96.0,17
2025-08-08,outlet-5,CAKE-003,3,0,96.0,9
2025-08-08,outlet-5,CAKE-004,3,0,66.0,10
2025-08-08,outlet-5,CAKE-005,2,0,52.0,1
2025-08-08,outlet-5,CAKE-006,12,0,360.0,19
2025-08-08,outlet-5,CAKE-007,2,0,54.0,15
2025-08-08,outlet-5,CAKE-008,1,0,20.0,5
2025-08-08,outlet-5,CAKE-009,4,0,96.0,3
2025-08-08,outlet-5,CAKE-010,6,0,108.0,4
2025-08-09,outlet-1,CAKE-001,14,0,392.0,37
2025-08-09,outlet-1,CAKE-002,0,0,0.0,18
2025-08-09,outlet-1,CAKE-003,0,0,0.0,30
2025-08-09,outlet-1,CAKE-004,4,0,88.0,13
2025-08-09,outlet-1,CAKE-005,5,0,130.0,9
2025-08-09,outlet-1,CAKE-006,10,0,300.0,39
2025-08-09,outlet-1,CAKE-007,0,0,0.0,0
2025-08-09,outlet-1,CAKE-008,4,0,80.0,0
2025-08-09,outlet-1,CAKE-009,5,0,120.0,20
2025-08-09,outlet-1,CAKE-010,8,0,144.0,35
2025-08-09,outlet-2,CAKE-001,7,0,196.0,27
2025-08-09,outlet-2,CAKE-002,0,0,0.0,42
2025-08-09,outlet-2,CAKE-003,6,0,192.0,10
2025-08-09,outlet-2,CAKE-004,6,0,132.0,24
2025-08-09,outlet-2,CAKE-005,5,0,130.0,9
2025-08-09,outlet-2,CAKE-006,11,0,330.0,13
2025-08-09,outlet-2,CAKE-007,4,0,108.0,30
2025-08-09,outlet-2,CAKE-008,3,0,60.0,17
2025-08-09,outlet-2,CAKE-009,4,0,96.0,14
2025-08-09,outlet-2,CAKE-010,9,0,162.0,19
2025-08-09,outlet-3,CAKE-001,17,0,476.0,67
2025-08-09,outlet-3,CAKE-002,12,0,288.0,39
2025-08-09,outlet-3,CAKE-003,11,0,352.0,48
2025-08-09,outlet-3,CAKE-004,5,0,110.0,10
2025-08-09,outlet-3,CAKE-005,5,0,130.0,23
2025-08-09,outlet-3,CAKE-006,14,0,420.0,10
2025-08-09,outlet-3,CAKE-007,6,1,162.0,31
2025-08-09,outlet-3,CAKE-008,3,0,60.0,3
2025-08-09,outlet-3,CAKE-009,2,0,48.0,3
2025-08-09,outlet-3,CAKE-010,6,0,108.0,18
2025-08-09,outlet-4,CAKE-001,7,0,196.0,17
2025-08-09,outlet-4,CAKE-002,17,1,408.0,28
2025-08-09,outlet-4,CAKE-003,4,0,128.0,28
2025-08-09,outlet-4,CAKE-004,3,0,66.0,28
2025-08-09,outlet-4,CAKE-005,10,0,260.0,9
2025-08-09,outlet-4,CAKE-006,0,0,0.0,21
2025-08-09,outlet-4,CAKE-007,7,0,189.0,36
2025-08-09,outlet-4,CAKE-008,4,0,80.0,41
2025-08-09,outlet-4,CAKE-009,4,0,96.0,28
2025-08-09,outlet-4,CAKE-010,10,0,180.0,27
2025-08-09,outlet-5,CAKE-001,0,0,0.0,0
2025-08-09,outlet-5,CAKE-002,4,0,96.0,17
2025-08-09,outlet-5,CAKE-003,1,0,32.0,8
2025-08-09,outlet-5,CAKE-004,4,0,88.0,6
2025-08-09,outlet-5,CAKE-005,1,0,26.0,0
2025-08-09,outlet-5,CAKE-006,6,0,180.0,13
2025-08-09,outlet-5,CAKE-007,5,0,135.0,10
2025-08-09,outlet-5,CAKE-008,1,0,20.0,4
2025-08-09,outlet-5,CAKE-009,3,0,72.0,0
2025-08-09,outlet-5,CAKE-010,3,0,54.0,6
2025-08-10,outlet-1,CAKE-001,11,0,308.0,47
2025-08-10,outlet-1,CAKE-002,13,0,312.0,5
2025-08-10,outlet-1,CAKE-003,6,0,192.0,32
2025-08-10,outlet-1,CAKE-004,5,0,110.0,8
2025-08-10,outlet-1,CAKE-005,6,0,156.0,3
2025-08-10,outlet-1,CAKE-006,12,0,360.0,27
2025-08-10,outlet-1,CAKE-007,0,0,0.0,33
2025-08-10,outlet-1,CAKE-008,0,0,0.0,18
2025-08-10,outlet-1,CAKE-009,7,0,168.0,13
2025-08-10,outlet-1,CAKE-010,9,0,162.0,38
2025-08-10,outlet-2,CAKE-001,10,0,280.0,30
2025-08-10,outlet-2,CAKE-002,8,0,192.0,48
2025-08-10,outlet-2,CAKE-003,10,0,320.0,27
2025-08-10,outlet-2,CAKE-004,6,0,132.0,18
2025-08-10,outlet-2,CAKE-005,3,0,78.0,6
2025-08-10,outlet-2,CAKE-006,6,0,180.0,7
2025-08-10,outlet-2,CAKE-007,10,1,270.0,21
2025-08-10,outlet-2,CAKE-008,3,0,60.0,14
2025-08-10,outlet-2,CAKE-009,4,0,96.0,10
2025-08-10,outlet-2,CAKE-010,8,0,144.0,11
2025-08-10,outlet-3,CAKE-001,13,0,364.0,70
2025-08-10,outlet-3,CAKE-002,10,0,240.0,29
2025-08-10,outlet-3,CAKE-003,10,0,320.0,38
2025-08-10,outlet-3,CAKE-004,5,0,110.0,5
2025-08-10,outlet-3,CAKE-005,2,0,52.0,26
2025-08-10,outlet-3,CAKE-006,10,0,300.0,45
2025-08-10,outlet-3,CAKE-007,7,0,189.0,24
2025-08-10,outlet-3,CAKE-008,3,0,60.0,12
2025-08-10,outlet-3,CAKE-009,3,0,72.0,0
2025-08-10,outlet-3,CAKE-010,8,0,144.0,10
2025-08-10,outlet-4,CAKE-001,10,0,280.0,7
2025-08-10,outlet-4,CAKE-002,15,0,360.0,13
2025-08-10,outlet-4,CAKE-003,7,0,224.0,21
2025-08-10,outlet-4,CAKE-004,8,0,176.0,20
2025-08-10,outlet-4,CAKE-005,7,0,182.0,2
2025-08-10,outlet-4,CAKE-006,6,0,180.0,15
2025-08-10,outlet-4,CAKE-007,13,1,351.0,24
2025-08-10,outlet-4,CAKE-008,3,0,60.0,38
2025-08-10,outlet-4,CAKE-009,5,0,120.0,23
2025-08-10,outlet-4,CAKE-010,7,0,126.0,20
2025-08-10,outlet-5,CAKE-001,0,0,0.0,0
2025-08-10,outlet-5,CAKE-002,4,0,96.0,13
2025-08-10,outlet-5,CAKE-003,2,0,64.0,6
2025-08-10,outlet-5,CAKE-004,3,0,66.0,3
2025-08-10,outlet-5,CAKE-005,0,0,0.0,0
2025-08-10,outlet-5,CAKE-006,12,0,360.0,31
2025-08-10,outlet-5,CAKE-007,4,0,108.0,6
2025-08-10,outlet-5,CAKE-008,1,0,20.0,3
2025-08-10,outlet-5,CAKE-009,0,0,0.0,16
2025-08-10,outlet-5,CAKE-010,3,0,54.0,8
2025-08-11,outlet-1,CAKE-001,11,0,308.0,36
2025-08-11,outlet-1,CAKE-002,5,0,120.0,18
2025-08-11,outlet-1,CAKE-003,4,0,128.0,28
2025-08-11,outlet-1,CAKE-004,5,0,110.0,3
2025-08-11,outlet-1,CAKE-005,3,0,78.0,24
2025-08-11,outlet-1,CAKE-006,6,0,180.0,21
2025-08-11,outlet-1,CAKE-007,7,1,189.0,27
2025-08-11,outlet-1,CAKE-008,3,0,60.0,15
2025-08-11,outlet-1,CAKE-009,3,0,72.0,10
2025-08-11,outlet-1,CAKE-010,7,0,126.0,31
2025-08-11,outlet-2,CAKE-001,9,0,252.0,21
2025-08-11,outlet-2,CAKE-002,7,0,168.0,41
2025-08-11,outlet-2,CAKE-003,3,0,96.0,24
2025-08-11,outlet-2,CAKE-004,5,0,110.0,19
2025-08-11,outlet-2,CAKE-005,3,0,78.0,3
2025-08-11,outlet-2,CAKE-006,3,0,90.0,4
2025-08-11,outlet-2,CAKE-007,6,0,162.0,15
2025-08-11,outlet-2,CAKE-008,3,0,60.0,11
2025-08-11,outlet-2,CAKE-009,3,0,72.0,7
2025-08-11,outlet-2,CAKE-010,7,0,126.0,4
2025-08-11,outlet-3,CAKE-001,12,0,336.0,58
2025-08-11,outlet-3,CAKE-002,8,0,192.0,21
2025-08-11,outlet-3,CAKE-003,6,0,192.0,32
2025-08-11,outlet-3,CAKE-004,4,0,88.0,1
2025-08-11,outlet-3,CAKE-005,5,0,130.0,21
2025-08-11,outlet-3,CAKE-006,11,0,330.0,34
2025-08-11,outlet-3,CAKE-007,3,0,81.0,28
2025-08-11,outlet-3,CAKE-008,2,0,40.0,10
2025-08-11,outlet-3,CAKE-009,0,0,0.0,10
2025-08-11,outlet-3,CAKE-010,6,0,108.0,4
2025-08-11,outlet-4,CAKE-001,7,0,196.0,11
2025-08-11,outlet-4,CAKE-002,6,0,144.0,7
2025-08-11,outlet-4,CAKE-003,4,0,128.0,17
2025-08-11,outlet-4,CAKE-004,5,0,110.0,15
2025-08-11,outlet-4,CAKE-005,2,0,52.0,33
2025-08-11,outlet-4,CAKE-006,6,0,180.0,9
2025-08-11,outlet-4,CAKE-007,6,1,162.0,19
2025-08-11,outlet-4,CAKE-008,4,0,80.0,34
2025-08-11,outlet-4,CAKE-009,4,0,96.0,27
2025-08-11,outlet-4,CAKE-010,9,0,162.0,11
2025-08-11,outlet-5,CAKE-001,0,0,0.0,28
2025-08-11,outlet-5,CAKE-002,5,0,120.0,8
2025-08-11,outlet-5,CAKE-003,3,0,96.0,3
2025-08-11,outlet-5,CAKE-004,2,0,44.0,4
2025-08-11,outlet-5,CAKE-005,0,0,0.0,0
2025-08-11,outlet-5,CAKE-006,11,0,330.0,20
2025-08-11,outlet-5,CAKE-007,4,0,108.0,10
2025-08-11,outlet-5,CAKE-008,1,0,20.0,2
2025-08-11,outlet-5,CAKE-009,2,0,48.0,14
2025-08-11,outlet-5,CAKE-010,4,0,72.0,9
2025-08-12,outlet-1,CAKE-001,10,0,280.0,26
2025-08-12,outlet-1,CAKE-002,7,0,168.0,11
2025-08-12,outlet-1,CAKE-003,7,0,224.0,21
2025-08-12,outlet-1,CAKE-004,3,0,66.0,0
2025-08-12,outlet-1,CAKE-005,6,0,156.0,18
2025-08-12,outlet-1,CAKE-006,8,0,240.0,13
2025-08-12,outlet-1,CAKE-007,7,1,189.0,21
2025-08-12,outlet-1,CAKE-008,4,0,80.0,15
2025-08-12,outlet-1,CAKE-009,4,0,96.0,6
2025-08-12,outlet-1,CAKE-010,8,0,144.0,23
2025-08-12,outlet-2,CAKE-001,8,0,224.0,13
2025-08-12,outlet-2,CAKE-002,8,0,192.0,46
2025-08-12,outlet-2,CAKE-003,5,0,160.0,19
2025-08-12,outlet-2,CAKE-004,3,0,66.0,16
2025-08-12,outlet-2,CAKE-005,3,0,78.0,0
2025-08-12,outlet-2,CAKE-006,4,0,120.0,8
2025-08-12,outlet-2,CAKE-007,8,0,216.0,7
2025-08-12,outlet-2,CAKE-008,3,0,60.0,8
2025-08-12,outlet-2,CAKE-009,4,0,96.0,3
2025-08-12,outlet-2,CAKE-010,4,0,72.0,0
2025-08-12,outlet-3,CAKE-001,11,0,308.0,61
2025-08-12,outlet-3,CAKE-002,8,0,192.0,13
2025-08-12,outlet-3,CAKE-003,11,0,352.0,21
2025-08-12,outlet-3,CAKE-004,1,0,22.0,0
2025-08-12,outlet-3,CAKE-005,4,0,104.0,17
2025-08-12,outlet-3,CAKE-006,10,0,300.0,24
2025-08-12,outlet-3,CAKE-007,7,0,189.0,21
2025-08-12,outlet-3,CAKE-008,2,0,40.0,8
2025-08-12,outlet-3,CAKE-009,4,0,96.0,6
2025-08-12,outlet-3,CAKE-010,4,0,72.0,0
2025-08-12,outlet-4,CAKE-001,10,0,280.0,14
2025-08-12,outlet-4,CAKE-002,7,0,168.0,0
2025-08-12,outlet-4,CAKE-003,4,0,128.0,13
2025-08-12,outlet-4,CAKE-004,5,0,110.0,18
2025-08-12,outlet-4,CAKE-005,6,0,156.0,27
2025-08-12,outlet-4,CAKE-006,2,0,60.0,7
2025-08-12,outlet-4,CAKE-007,9,0,243.0,17
2025-08-12,outlet-4,CAKE-008,5,0,100.0,29
2025-08-12,outlet-4,CAKE-009,4,0,96.0,23
2025-08-12,outlet-4,CAKE-010,8,0,144.0,49
2025-08-12,outlet-5,CAKE-001,6,0,168.0,22
2025-08-12,outlet-5,CAKE-002,3,0,72.0,5
2025-08-12,outlet-5,CAKE-003,2,0,64.0,1
2025-08-12,outlet-5,CAKE-004,2,0,44.0,6
2025-08-12,outlet-5,CAKE-005,0,0,0.0,0
2025-08-12,outlet-5,CAKE-006,9,0,270.0,11
2025-08-12,outlet-5,CAKE-007,5,0,135.0,5
2025-08-12,outlet-5,CAKE-008,1,0,20.0,1
2025-08-12,outlet-5,CAKE-009,2,0,48.0,12
2025-08-12,outlet-5,CAKE-010,3,0,54.0,6
2025-08-13,outlet-1,CAKE-001,7,0,196.0,19
2025-08-13,outlet-1,CAKE-002,6,0,144.0,5
2025-08-13,outlet-1,CAKE-003,6,0,192.0,15
2025-08-13,outlet-1,CAKE-004,0,0,0.0,7
2025-08-13,outlet-1,CAKE-005,3,0,78.0,15
2025-08-13,outlet-1,CAKE-006,6,0,180.0,28
2025-08-13,outlet-1,CAKE-007,4,0,108.0,17
2025-08-13,outlet-1,CAKE-008,3,0,60.0,12
2025-08-13,outlet-1,CAKE-009,3,0,72.0,3
2025-08-13,outlet-1,CAKE-010,7,0,126.0,27
2025-08-13,outlet-2,CAKE-001,8,0,224.0,5
2025-08-13,outlet-2,CAKE-002,5,0,120.0,54
2025-08-13,outlet-2,CAKE-003,4,0,128.0,15
2025-08-13,outlet-2,CAKE-004,4,0,88.0,12
2025-08-13,outlet-2,CAKE-005,0,0,0.0,21
2025-08-13,outlet-2,CAKE-006,6,0,180.0,2
2025-08-13,outlet-2,CAKE-007,7,1,189.0,31
2025-08-13,outlet-2,CAKE-008,3,0,60.0,5
2025-08-13,outlet-2,CAKE-009,3,0,72.0,21
2025-08-13,outlet-2,CAKE-010,0,0,0.0,0
2025-08-13,outlet-3,CAKE-001,9,0,252.0,52
2025-08-13,outlet-3,CAKE-002,8,0,192.0,5
2025-08-13,outlet-3,CAKE-003,7,0,224.0,26
2025-08-13,outlet-3,CAKE-004,0,0,0.0,3
2025-08-13,outlet-3,CAKE-005,5,0,130.0,12
2025-08-13,outlet-3,CAKE-006,7,0,210.0,32
2025-08-13,outlet-3,CAKE-007,5,0,135.0,23
2025-08-13,outlet-3,CAKE-008,3,0,60.0,5
2025-08-13,outlet-3,CAKE-009,2,0,48.0,4
2025-08-13,outlet-3,CAKE-010,0,0,0.0,32
2025-08-13,outlet-4,CAKE-001,8,0,224.0,19
2025-08-13,outlet-4,CAKE-002,0,0,0.0,54
2025-08-13,outlet-4,CAKE-003,3,0,96.0,10
2025-08-13,outlet-4,CAKE-004,4,0,88.0,14
2025-08-13,outlet-4,CAKE-005,6,0,156.0,21
2025-08-13,outlet-4,CAKE-006,4,0,120.0,3
2025-08-13,outlet-4,CAKE-007,8,0,216.0,9
2025-08-13,outlet-4,CAKE-008,4,0,80.0,36
2025-08-13,outlet-4,CAKE-009,5,0,120.0,18
2025-08-13,outlet-4,CAKE-010,9,0,162.0,40
2025-08-13,outlet-5,CAKE-001,8,0,224.0,14
2025-08-13,outlet-5,CAKE-002,4,0,96.0,1
2025-08-13,outlet-5,CAKE-003,1,0,32.0,12
2025-08-13,outlet-5,CAKE-004,2,0,44.0,4
2025-08-13,outlet-5,CAKE-005,0,0,0.0,12
2025-08-13,outlet-5,CAKE-006,5,0,150.0,19
2025-08-13,outlet-5,CAKE-007,2,0,54.0,3
2025-08-13,outlet-5,CAKE-008,1,0,20.0,7
2025-08-13,outlet-5,CAKE-009,3,0,72.0,9
2025-08-13,outlet-5,CAKE-010,3,0,54.0,3
2025-08-14,outlet-1,CAKE-001,9,0,252.0,28
2025-08-14,outlet-1,CAKE-002,5,0,120.0,0
2025-08-14,outlet-1,CAKE-003,5,0,160.0,10
2025-08-14,outlet-1,CAKE-004,4,0,88.0,10
2025-08-14,outlet-1,CAKE-005,6,0,156.0,9
2025-08-14,outlet-1,CAKE-006,9,0,270.0,19
2025-08-14,outlet-1,CAKE-007,8,1,216.0,21
2025-08-14,outlet-1,CAKE-008,3,0,60.0,13
2025-08-14,outlet-1,CAKE-009,3,0,72.0,0
2025-08-14,outlet-1,CAKE-010,9,0,162.0,18
2025-08-14,outlet-2,CAKE-001,5,0,140.0,14
2025-08-14,outlet-2,CAKE-002,7,0,168.0,47
2025-08-14,outlet-2,CAKE-003,7,0,224.0,18
2025-08-14,outlet-2,CAKE-004,4,0,88.0,8
2025-08-14,outlet-2,CAKE-005,5,0,130.0,16
2025-08-14,outlet-2,CAKE-006,2,0,60.0,24
2025-08-14,outlet-2,CAKE-007,6,0,162.0,25
2025-08-14,outlet-2,CAKE-008,3,0,60.0,2
2025-08-14,outlet-2,CAKE-009,4,0,96.0,17
2025-08-14,outlet-2,CAKE-010,0,0,0.0,39
2025-08-14,outlet-3,CAKE-001,11,0,308.0,41
2025-08-14,outlet-3,CAKE-002,5,0,120.0,46
2025-08-14,outlet-3,CAKE-003,8,0,256.0,31
2025-08-14,outlet-3,CAKE-004,2,0,44.0,1
2025-08-14,outlet-3,CAKE-005,6,0,156.0,6
2025-08-14,outlet-3,CAKE-006,18,0,540.0,14
2025-08-14,outlet-3,CAKE-007,8,1,216.0,16
2025-08-14,outlet-3,CAKE-008,3,0,60.0,2
2025-08-14,outlet-3,CAKE-009,4,0,96.0,21
2025-08-14,outlet-3,CAKE-010,5,0,90.0,27
2025-08-14,outlet-4,CAKE-001,9,0,252.0,10
2025-08-14,outlet-4,CAKE-002,12,0,288.0,42
2025-08-14,outlet-4,CAKE-003,4,0,128.0,6
2025-08-14,outlet-4,CAKE-004,4,0,88.0,10
2025-08-14,outlet-4,CAKE-005,3,0,78.0,18
2025-08-14,outlet-4,CAKE-006,3,0,90.0,21
2025-08-14,outlet-4,CAKE-007,8,0,216.0,37
2025-08-14,outlet-4,CAKE-008,4,0,80.0,32
2025-08-14,outlet-4,CAKE-009,4,0,96.0,14
2025-08-14,outlet-4,CAKE-010,10,0,180.0,30
2025-08-14,outlet-5,CAKE-001,4,0,112.0,10
2025-08-14,outlet-5,CAKE-002,1,0,24.0,21
2025-08-14,outlet-5,CAKE-003,2,0,64.0,10
2025-08-14,outlet-5,CAKE-004,2,0,44.0,5
2025-08-14,outlet-5,CAKE-005,1,0,26.0,11
2025-08-14,outlet-5,CAKE-006,6,0,180.0,13
2025-08-14,outlet-5,CAKE-007,3,0,81.0,0
2025-08-14,outlet-5,CAKE-008,1,0,20.0,6
2025-08-14,outlet-5,CAKE-009,2,0,48.0,7
2025-08-14,outlet-5,CAKE-010,3,0,54.0,21
2025-08-15,outlet-1,CAKE-001,16,1,448.0,13
2025-08-15,outlet-1,CAKE-002,0,0,0.0,46
2025-08-15,outlet-1,CAKE-003,7,0,224.0,3
2025-08-15,outlet-1,CAKE-004,8,0,176.0,2
2025-08-15,outlet-1,CAKE-005,5,0,130.0,4
2025-08-15,outlet-1,CAKE-006,9,0,270.0,10
2025-08-15,outlet-1,CAKE-007,10,1,270.0,12
2025-08-15,outlet-1,CAKE-008,4,0,80.0,9
2025-08-15,outlet-1,CAKE-009,0,0,0.0,24
2025-08-15,outlet-1,CAKE-010,9,0,162.0,20
2025-08-15,outlet-2,CAKE-001,11,0,308.0,3
2025-08-15,outlet-2,CAKE-002,9,0,216.0,50
2025-08-15,outlet-2,CAKE-003,6,0,192.0,12
2025-08-15,outlet-2,CAKE-004,6,0,132.0,2
2025-08-15,outlet-2,CAKE-005,6,0,156.0,10
2025-08-15,outlet-2,CAKE-006,9,0,270.0,15
2025-08-15,outlet-2,CAKE-007,11,0,297.0,14
2025-08-15,outlet-2,CAKE-008,2,0,40.0,0
2025-08-15,outlet-2,CAKE-009,3,0,72.0,14
2025-08-15,outlet-2,CAKE-010,6,0,108.0,33
2025-08-15,outlet-3,CAKE-001,15,1,420.0,27
2025-08-15,outlet-3,CAKE-002,13,0,312.0,48
2025-08-15,outlet-3,CAKE-003,15,1,480.0,17
2025-08-15,outlet-3,CAKE-004,1,0,22.0,0
2025-08-15,outlet-3,CAKE-005,6,0,156.0,24
2025-08-15,outlet-3,CAKE-006,12,0,360.0,47
2025-08-15,outlet-3,CAKE-007,1,0,27.0,15
2025-08-15,outlet-3,CAKE-008,2,0,40.0,0
2025-08-15,outlet-3,CAKE-009,5,0,120.0,16
2025-08-15,outlet-3,CAKE-010,7,0,126.0,20
2025-08-15,outlet-4,CAKE-001,10,0,280.0,43
2025-08-15,outlet-4,CAKE-002,11,0,264.0,31
2025-08-15,outlet-4,CAKE-003,6,0,192.0,24
2025-08-15,outlet-4,CAKE-004,7,0,154.0,3
2025-08-15,outlet-4,CAKE-005,9,0,234.0,9
2025-08-15,outlet-4,CAKE-006,8,0,240.0,13
2025-08-15,outlet-4,CAKE-007,5,0,135.0,32
2025-08-15,outlet-4,CAKE-008,5,0,100.0,40
2025-08-15,outlet-4,CAKE-009,5,0,120.0,16
2025-08-15,outlet-4,CAKE-010,7,0,126.0,23
2025-08-15,outlet-5,CAKE-001,6,0,168.0,4
2025-08-15,outlet-5,CAKE-002,4,0,96.0,17
2025-08-15,outlet-5,CAKE-003,3,0,96.0,7
2025-08-15,outlet-5,CAKE-004,3,0,66.0,2
2025-08-15,outlet-5,CAKE-005,3,0,78.0,8
2025-08-15,outlet-5,CAKE-006,5,0,150.0,8
2025-08-15,outlet-5,CAKE-007,0,0,0.0,15
2025-08-15,outlet-5,CAKE-008,1,0,20.0,5
2025-08-15,outlet-5,CAKE-009,4,0,96.0,3
2025-08-15,outlet-5,CAKE-010,5,0,90.0,16
2025-08-16,outlet-1,CAKE-001,13,0,364.0,0
2025-08-16,outlet-1,CAKE-002,6,0,144.0,40
2025-08-16,outlet-1,CAKE-003,3,0,96.0,30
2025-08-16,outlet-1,CAKE-004,2,0,44.0,26
2025-08-16,outlet-1,CAKE-005,4,0,104.0,24
2025-08-16,outlet-1,CAKE-006,10,0,300.0,30
2025-08-16,outlet-1,CAKE-007,4,0,108.0,8
2025-08-16,outlet-1,CAKE-008,3,0,60.0,6
2025-08-16,outlet-1,CAKE-009,5,0,120.0,25
2025-08-16,outlet-1,CAKE-010,9,0,162.0,23
2025-08-16,outlet-2,CAKE-001,3,0,84.0,0
2025-08-16,outlet-2,CAKE-002,9,0,216.0,41
2025-08-16,outlet-2,CAKE-003,8,0,256.0,12
2025-08-16,outlet-2,CAKE-004,2,0,44.0,24
2025-08-16,outlet-2,CAKE-005,6,0,156.0,4
2025-08-16,outlet-2,CAKE-006,5,0,150.0,10
2025-08-16,outlet-2,CAKE-007,11,1,297.0,4
2025-08-16,outlet-2,CAKE-008,0,0,0.0,4
2025-08-16,outlet-2,CAKE-009,4,0,96.0,10
2025-08-16,outlet-2,CAKE-010,8,0,144.0,25
2025-08-16,outlet-3,CAKE-001,15,0,420.0,25
2025-08-16,outlet-3,CAKE-002,8,0,192.0,40
2025-08-16,outlet-3,CAKE-003,11,0,352.0,18
2025-08-16,outlet-3,CAKE-004,0,0,0.0,0
2025-08-16,outlet-3,CAKE-005,5,0,130.0,24
2025-08-16,outlet-3,CAKE-006,18,1,540.0,30
2025-08-16,outlet-3,CAKE-007,11,1,297.0,12
2025-08-16,outlet-3,CAKE-008,0,0,0.0,12
2025-08-16,outlet-3,CAKE-009,5,0,120.0,20
2025-08-16,outlet-3,CAKE-010,7,0,126.0,13
2025-08-16,outlet-4,CAKE-001,10,0,280.0,46
2025-08-16,outlet-4,CAKE-002,11,0,264.0,20
2025-08-16,outlet-4,CAKE-003,9,0,288.0,15
2025-08-16,outlet-4,CAKE-004,3,0,66.0,0
2025-08-16,outlet-4,CAKE-005,9,0,234.0,33
2025-08-16,outlet-4,CAKE-006,6,0,180.0,7
2025-08-16,outlet-4,CAKE-007,13,1,351.0,20
2025-08-16,outlet-4,CAKE-008,6,0,120.0,34
2025-08-16,outlet-4,CAKE-009,6,0,144.0,10
2025-08-16,outlet-4,CAKE-010,12,1,216.0,12
2025-08-16,outlet-5,CAKE-001,4,0,112.0,28
2025-08-16,outlet-5,CAKE-002,5,0,120.0,12
2025-08-16,outlet-5,CAKE-003,3,0,96.0,4
2025-08-16,outlet-5,CAKE-004,2,0,44.0,0
2025-08-16,outlet-5,CAKE-005,3,0,78.0,5
2025-08-16,outlet-5,CAKE-006,8,0,240.0,30
2025-08-16,outlet-5,CAKE-007,5,0,135.0,10
2025-08-16,outlet-5,CAKE-008,1,0,20.0,5
2025-08-16,outlet-5,CAKE-009,3,0,72.0,16
2025-08-16,outlet-5,CAKE-010,5,0,90.0,11
2025-08-17,outlet-1,CAKE-001,0,0,0.0,0
2025-08-17,outlet-1,CAKE-002,12,0,288.0,28
2025-08-17,outlet-1,CAKE-003,5,0,160.0,25
2025-08-17,outlet-1,CAKE-004,5,0,110.0,21
2025-08-17,outlet-1,CAKE-005,6,0,156.0,18
2025-08-17,outlet-1,CAKE-006,11,0,330.0,19
2025-08-17,outlet-1,CAKE-007,7,0,189.0,34
2025-08-17,outlet-1,CAKE-008,4,0,80.0,2
2025-08-17,outlet-1,CAKE-009,5,0,120.0,20
2025-08-17,outlet-1,CAKE-010,8,0,144.0,15
2025-08-17,outlet-2,CAKE-001,0,0,0.0,13
2025-08-17,outlet-2,CAKE-002,8,0,192.0,47
2025-08-17,outlet-2,CAKE-003,6,0,192.0,6
2025-08-17,outlet-2,CAKE-004,4,0,88.0,20
2025-08-17,outlet-2,CAKE-005,3,0,78.0,8
2025-08-17,outlet-2,CAKE-006,10,0,300.0,8
2025-08-17,outlet-2,CAKE-007,4,0,108.0,30
2025-08-17,outlet-2,CAKE-008,2,0,40.0,2
2025-08-17,outlet-2,CAKE-009,3,0,72.0,7
2025-08-17,outlet-2,CAKE-010,9,0,162.0,26
2025-08-17,outlet-3,CAKE-001,17,1,476.0,9
2025-08-17,outlet-3,CAKE-002,10,0,240.0,30
2025-08-17,outlet-3,CAKE-003,14,0,448.0,17
2025-08-17,outlet-3,CAKE-004,0,0,0.0,19
2025-08-17,outlet-3,CAKE-005,6,0,156.0,18
2025-08-17,outlet-3,CAKE-006,14,1,420.0,17
2025-08-17,outlet-3,CAKE-007,4,0,108.0,8
2025-08-17,outlet-3,CAKE-008,1,0,20.0,11
2025-08-17,outlet-3,CAKE-009,6,0,144.0,14
2025-08-17,outlet-3,CAKE-010,5,0,90.0,8
2025-08-17,outlet-4,CAKE-001,7,0,196.0,39
2025-08-17,outlet-4,CAKE-002,12,1,288.0,9
2025-08-17,outlet-4,CAKE-003,7,0,224.0,8
2025-08-17,outlet-4,CAKE-004,0,0,0.0,0
2025-08-17,outlet-4,CAKE-005,8,0,208.0,25
2025-08-17,outlet-4,CAKE-006,3,0,90.0,11
2025-08-17,outlet-4,CAKE-007,10,1,270.0,11
2025-08-17,outlet-4,CAKE-008,5,0,100.0,29
2025-08-17,outlet-4,CAKE-009,6,0,144.0,4
2025-08-17,outlet-4,CAKE-010,10,0,180.0,2
2025-08-17,outlet-5,CAKE-001,6,0,168.0,22
2025-08-17,outlet-5,CAKE-002,6,0,144.0,6
2025-08-17,outlet-5,CAKE-003,3,0,96.0,1
2025-08-17,outlet-5,CAKE-004,0,0,0.0,0
2025-08-17,outlet-5,CAKE-005,2,0,52.0,6
2025-08-17,outlet-5,CAKE-006,9,0,270.0,21
2025-08-17,outlet-5,CAKE-007,4,0,108.0,13
2025-08-17,outlet-5,CAKE-008,1,0,20.0,6
2025-08-17,outlet-5,CAKE-009,4,0,96.0,18
2025-08-17,outlet-5,CAKE-010,3,0,54.0,8
2025-08-18,outlet-1,CAKE-001,0,0,0.0,57
2025-08-18,outlet-1,CAKE-002,8,0,192.0,20
2025-08-18,outlet-1,CAKE-003,8,0,256.0,23
2025-08-18,outlet-1,CAKE-004,4,0,88.0,23
2025-08-18,outlet-1,CAKE-005,3,0,78.0,15
2025-08-18,outlet-1,CAKE-006,4,0,120.0,15
2025-08-18,outlet-1,CAKE-007,5,0,135.0,41
2025-08-18,outlet-1,CAKE-008,2,0,40.0,4
2025-08-18,outlet-1,CAKE-009,2,0,48.0,18
2025-08-18,outlet-1,CAKE-010,7,0,126.0,8
2025-08-18,outlet-2,CAKE-001,6,0,168.0,7
2025-08-18,outlet-2,CAKE-002,7,0,168.0,40
2025-08-18,outlet-2,CAKE-003,5,0,160.0,28
2025-08-18,outlet-2,CAKE-004,4,0,88.0,16
2025-08-18,outlet-2,CAKE-005,4,0,104.0,4
2025-08-18,outlet-2,CAKE-006,7,0,210.0,25
2025-08-18,outlet-2,CAKE-007,8,0,216.0,22
2025-08-18,outlet-2,CAKE-008,2,0,40.0,0
2025-08-18,outlet-2,CAKE-009,3,0,72.0,4
2025-08-18,outlet-2,CAKE-010,8,0,144.0,18
2025-08-18,outlet-3,CAKE-001,9,0,252.0,12
2025-08-18,outlet-3,CAKE-002,6,0,144.0,24
2025-08-18,outlet-3,CAKE-003,8,0,256.0,23
2025-08-18,outlet-3,CAKE-004,4,0,88.0,15
2025-08-18,outlet-3,CAKE-005,4,0,104.0,14
2025-08-18,outlet-3,CAKE-006,12,0,360.0,5
2025-08-18,outlet-3,CAKE-007,6,0,162.0,2
2025-08-18,outlet-3,CAKE-008,2,0,40.0,9
2025-08-18,outlet-3,CAKE-009,3,0,72.0,22
2025-08-18,outlet-3,CAKE-010,4,0,72.0,4
2025-08-18,outlet-4,CAKE-001,7,0,196.0,44
2025-08-18,outlet-4,CAKE-002,8,0,192.0,1
2025-08-18,outlet-4,CAKE-003,2,0,64.0,6
2025-08-18,outlet-4,CAKE-004,0,0,0.0,28
2025-08-18,outlet-4,CAKE-005,5,0,130.0,20
2025-08-18,outlet-4,CAKE-006,6,0,180.0,5
2025-08-18,outlet-4,CAKE-007,6,0,162.0,5
2025-08-18,outlet-4,CAKE-008,4,0,80.0,25
2025-08-18,outlet-4,CAKE-009,4,0,96.0,7
2025-08-18,outlet-4,CAKE-010,2,0,36.0,13
2025-08-18,outlet-5,CAKE-001,5,0,140.0,17
2025-08-18,outlet-5,CAKE-002,3,0,72.0,3
2025-08-18,outlet-5,CAKE-003,1,0,32.0,12
2025-08-18,outlet-5,CAKE-004,0,0,0.0,14
2025-08-18,outlet-5,CAKE-005,3,0,78.0,3
2025-08-18,outlet-5,CAKE-006,7,0,210.0,24
2025-08-18,outlet-5,CAKE-007,2,0,54.0,19
2025-08-18,outlet-5,CAKE-008,1,0,20.0,5
2025-08-18,outlet-5,CAKE-009,3,0,72.0,15
2025-08-18,outlet-5,CAKE-010,4,0,72.0,4
2025-08-19,outlet-1,CAKE-001,9,0,252.0,67
2025-08-19,outlet-1,CAKE-002,9,0,216.0,11
2025-08-19,outlet-1,CAKE-003,5,0,160.0,18
2025-08-19,outlet-1,CAKE-004,4,0,88.0,19
2025-08-19,outlet-1,CAKE-005,2,0,52.0,13
2025-08-19,outlet-1,CAKE-006,5,0,150.0,10
2025-08-19,outlet-1,CAKE-007,7,0,189.0,34
2025-08-19,outlet-1,CAKE-008,2,0,40.0,2
2025-08-19,outlet-1,CAKE-009,5,0,120.0,13
2025-08-19,outlet-1,CAKE-010,6,0,108.0,2
2025-08-19,outlet-2,CAKE-001,5,0,140.0,50
2025-08-19,outlet-2,CAKE-002,7,0,168.0,33
2025-08-19,outlet-2,CAKE-003,5,0,160.0,23
2025-08-19,outlet-2,CAKE-004,4,0,88.0,18
2025-08-19,outlet-2,CAKE-005,3,0,78.0,22
2025-08-19,outlet-2,CAKE-006,7,0,210.0,18
2025-08-19,outlet-2,CAKE-007,9,1,243.0,14
2025-08-19,outlet-2,CAKE-008,0,0,0.0,16
2025-08-19,outlet-2,CAKE-009,3,0,72.0,1
2025-08-19,outlet-2,CAKE-010,9,0,162.0,9
2025-08-19,outlet-3,CAKE-001,6,0,168.0,6
2025-08-19,outlet-3,CAKE-002,7,0,168.0,17
2025-08-19,outlet-3,CAKE-003,7,0,224.0,16
2025-08-19,outlet-3,CAKE-004,2,0,44.0,13
2025-08-19,outlet-3,CAKE-005,4,0,104.0,10
2025-08-19,outlet-3,CAKE-006,5,0,150.0,45
2025-08-19,outlet-3,CAKE-007,2,0,54.0,8
2025-08-19,outlet-3,CAKE-008,2,0,40.0,7
2025-08-19,outlet-3,CAKE-009,2,0,48.0,20
2025-08-19,outlet-3,CAKE-010,4,0,72.0,12
2025-08-19,outlet-4,CAKE-001,8,0,224.0,51
2025-08-19,outlet-4,CAKE-002,1,0,24.0,0
2025-08-19,outlet-4,CAKE-003,5,0,160.0,1
2025-08-19,outlet-4,CAKE-004,8,0,176.0,20
2025-08-19,outlet-4,CAKE-005,4,0,104.0,16
2025-08-19,outlet-4,CAKE-006,4,0,120.0,22
2025-08-19,outlet-4,CAKE-007,5,0,135.0,0
2025-08-19,outlet-4,CAKE-008,4,0,80.0,21
2025-08-19,outlet-4,CAKE-009,5,0,120.0,30
2025-08-19,outlet-4,CAKE-010,6,0,108.0,7
2025-08-19,outlet-5,CAKE-001,5,0,140.0,12
2025-08-19,outlet-5,CAKE-002,2,0,48.0,22
2025-08-19,outlet-5,CAKE-003,2,0,64.0,10
2025-08-19,outlet-5,CAKE-004,2,0,44.0,16
2025-08-19,outlet-5,CAKE-005,2,0,52.0,1
2025-08-19,outlet-5,CAKE-006,9,0,270.0,15
2025-08-19,outlet-5,CAKE-007,2,0,54.0,25
2025-08-19,outlet-5,CAKE-008,1,0,20.0,4
2025-08-19,outlet-5,CAKE-009,2,0,48.0,13
2025-08-19,outlet-5,CAKE-010,4,0,72.0,21
2025-08-20,outlet-1,CAKE-001,14,0,392.0,53
2025-08-20,outlet-1,CAKE-002,6,0,144.0,5
2025-08-20,outlet-1,CAKE-003,4,0,128.0,14
2025-08-20,outlet-1,CAKE-004,5,0,110.0,14
2025-08-20,outlet-1,CAKE-005,3,0,78.0,10
2025-08-20,outlet-1,CAKE-006,7,0,210.0,3
2025-08-20,outlet-1,CAKE-007,6,0,162.0,28
2025-08-20,outlet-1,CAKE-008,2,0,40.0,18
2025-08-20,outlet-1,CAKE-009,5,0,120.0,8
2025-08-20,outlet-1,CAKE-010,2,0,36.0,43
2025-08-20,outlet-2,CAKE-001,10,0,280.0,40
2025-08-20,outlet-2,CAKE-002,3,0,72.0,30
2025-08-20,outlet-2,CAKE-003,5,0,160.0,18
2025-08-20,outlet-2,CAKE-004,4,0,88.0,14
2025-08-20,outlet-2,CAKE-005,4,0,104.0,25
2025-08-20,outlet-2,CAKE-006,8,0,240.0,10
2025-08-20,outlet-2,CAKE-007,4,0,108.0,10
2025-08-20,outlet-2,CAKE-008,3,0,60.0,13
2025-08-20,outlet-2,CAKE-009,1,0,24.0,21
2025-08-20,outlet-2,CAKE-010,6,0,108.0,42
2025-08-20,outlet-3,CAKE-001,6,0,168.0,67
2025-08-20,outlet-3,CAKE-002,8,0,192.0,9
2025-08-20,outlet-3,CAKE-003,8,0,256.0,8
2025-08-20,outlet-3,CAKE-004,3,0,66.0,14
2025-08-20,outlet-3,CAKE-005,4,0,104.0,11
2025-08-20,outlet-3,CAKE-006,14,1,420.0,32
2025-08-20,outlet-3,CAKE-007,7,0,189.0,31
2025-08-20,outlet-3,CAKE-008,2,0,40.0,5
2025-08-20,outlet-3,CAKE-009,4,0,96.0,27
2025-08-20,outlet-3,CAKE-010,5,0,90.0,7
2025-08-20,outlet-4,CAKE-001,4,0,112.0,61
2025-08-20,outlet-4,CAKE-002,0,0,0.0,0
2025-08-20,outlet-4,CAKE-003,1,0,32.0,24
2025-08-20,outlet-4,CAKE-004,6,0,132.0,14
2025-08-20,outlet-4,CAKE-005,6,0,156.0,20
2025-08-20,outlet-4,CAKE-006,3,0,90.0,19
2025-08-20,outlet-4,CAKE-007,0,0,0.0,0
2025-08-20,outlet-4,CAKE-008,6,0,120.0,15
2025-08-20,outlet-4,CAKE-009,5,0,120.0,25
2025-08-20,outlet-4,CAKE-010,7,0,126.0,0
2025-08-20,outlet-5,CAKE-001,5,0,140.0,14
2025-08-20,outlet-5,CAKE-002,3,0,72.0,19
2025-08-20,outlet-5,CAKE-003,2,0,64.0,8
2025-08-20,outlet-5,CAKE-004,3,0,66.0,13
2025-08-20,outlet-5,CAKE-005,1,0,26.0,12
2025-08-20,outlet-5,CAKE-006,6,0,180.0,9
2025-08-20,outlet-5,CAKE-007,3,0,81.0,22
2025-08-20,outlet-5,CAKE-008,1,0,20.0,3
2025-08-20,outlet-5,CAKE-009,2,0,48.0,11
2025-08-20,outlet-5,CAKE-010,4,0,72.0,21
2025-08-21,outlet-1,CAKE-001,9,0,252.0,44
2025-08-21,outlet-1,CAKE-002,5,0,120.0,46
2025-08-21,outlet-1,CAKE-003,8,0,256.0,6
2025-08-21,outlet-1,CAKE-004,6,0,132.0,8
2025-08-21,outlet-1,CAKE-005,4,0,104.0,6
2025-08-21,outlet-1,CAKE-006,3,0,90.0,30
2025-08-21,outlet-1,CAKE-007,5,0,135.0,23
2025-08-21,outlet-1,CAKE-008,3,0,60.0,15
2025-08-21,outlet-1,CAKE-009,4,0,96.0,10
2025-08-21,outlet-1,CAKE-010,7,0,126.0,36
2025-08-21,outlet-2,CAKE-001,7,0,196.0,33
2025-08-21,outlet-2,CAKE-002,9,0,216.0,21
2025-08-21,outlet-2,CAKE-003,2,0,64.0,16
2025-08-21,outlet-2,CAKE-004,3,0,66.0,11
2025-08-21,outlet-2,CAKE-005,4,0,104.0,29
2025-08-21,outlet-2,CAKE-006,7,0,210.0,3
2025-08-21,outlet-2,CAKE-007,7,1,189.0,4
2025-08-21,outlet-2,CAKE-008,4,0,80.0,12
2025-08-21,outlet-2,CAKE-009,4,0,96.0,17
2025-08-21,outlet-2,CAKE-010,7,0,126.0,35
2025-08-21,outlet-3,CAKE-001,14,0,392.0,53
2025-08-21,outlet-3,CAKE-002,9,0,216.0,46
2025-08-21,outlet-3,CAKE-003,7,0,224.0,49
2025-08-21,outlet-3,CAKE-004,3,0,66.0,11
2025-08-21,outlet-3,CAKE-005,5,0,130.0,6
2025-08-21,outlet-3,CAKE-006,6,0,180.0,26
2025-08-21,outlet-3,CAKE-007,4,0,108.0,27
2025-08-21,outlet-3,CAKE-008,2,0,40.0,3
2025-08-21,outlet-3,CAKE-009,4,0,96.0,23
2025-08-21,outlet-3,CAKE-010,3,0,54.0,4
2025-08-21,outlet-4,CAKE-001,3,0,84.0,70
2025-08-21,outlet-4,CAKE-002,0,0,0.0,54
2025-08-21,outlet-4,CAKE-003,3,0,96.0,35
2025-08-21,outlet-4,CAKE-004,6,0,132.0,8
2025-08-21,outlet-4,CAKE-005,7,0,182.0,26
2025-08-21,outlet-4,CAKE-006,4,0,120.0,15
2025-08-21,outlet-4,CAKE-007,0,0,0.0,0
2025-08-21,outlet-4,CAKE-008,4,0,80.0,11
2025-08-21,outlet-4,CAKE-009,4,0,96.0,21
2025-08-21,outlet-4,CAKE-010,0,0,0.0,46
2025-08-21,outlet-5,CAKE-001,2,0,56.0,12
2025-08-21,outlet-5,CAKE-002,4,0,96.0,19
2025-08-21,outlet-5,CAKE-003,2,0,64.0,6
2025-08-21,outlet-5,CAKE-004,2,0,44.0,11
2025-08-21,outlet-5,CAKE-005,2,0,52.0,10
2025-08-21,outlet-5,CAKE-006,7,0,210.0,32
2025-08-21,outlet-5,CAKE-007,2,0,54.0,27
2025-08-21,outlet-5,CAKE-008,1,0,20.0,2
2025-08-21,outlet-5,CAKE-009,1,0,24.0,10
2025-08-21,outlet-5,CAKE-010,4,0,72.0,17
2025-08-22,outlet-1,CAKE-001,14,0,392.0,30
2025-08-22,outlet-1,CAKE-002,11,0,264.0,35
2025-08-22,outlet-1,CAKE-003,6,0,192.0,30
2025-08-22,outlet-1,CAKE-004,5,0,110.0,3
2025-08-22,outlet-1,CAKE-005,5,0,130.0,9
2025-08-22,outlet-1,CAKE-006,11,0,330.0,19
2025-08-22,outlet-1,CAKE-007,6,0,162.0,17
2025-08-22,outlet-1,CAKE-008,4,0,80.0,11
2025-08-22,outlet-1,CAKE-009,3,0,72.0,7
2025-08-22,outlet-1,CAKE-010,11,0,198.0,25
2025-08-22,outlet-2,CAKE-001,12,0,336.0,34
2025-08-22,outlet-2,CAKE-002,10,0,240.0,11
2025-08-22,outlet-2,CAKE-003,6,0,192.0,10
2025-08-22,outlet-2,CAKE-004,6,0,132.0,5
2025-08-22,outlet-2,CAKE-005,3,0,78.0,26
2025-08-22,outlet-2,CAKE-006,3,0,90.0,7
2025-08-22,outlet-2,CAKE-007,4,0,108.0,30
2025-08-22,outlet-2,CAKE-008,4,0,80.0,8
2025-08-22,outlet-2,CAKE-009,4,0,96.0,21
2025-08-22,outlet-2,CAKE-010,9,0,162.0,26
2025-08-22,outlet-3,CAKE-001,26,0,728.0,27
2025-08-22,outlet-3,CAKE-002,7,0,168.0,39
2025-08-22,outlet-3,CAKE-003,13,0,416.0,36
2025-08-22,outlet-3,CAKE-004,5,0,110.0,6
2025-08-22,outlet-3,CAKE-005,4,0,104.0,7
2025-08-22,outlet-3,CAKE-006,14,0,420.0,24
2025-08-22,outlet-3,CAKE-007,8,1,216.0,20
2025-08-22,outlet-3,CAKE-008,3,0,60.0,0
2025-08-22,outlet-3,CAKE-009,6,0,144.0,17
2025-08-22,outlet-3,CAKE-010,4,0,72.0,0
2025-08-22,outlet-4,CAKE-001,9,0,252.0,76
2025-08-22,outlet-4,CAKE-002,19,1,456.0,36
2025-08-22,outlet-4,CAKE-003,7,0,224.0,28
2025-08-22,outlet-4,CAKE-004,6,0,132.0,30
2025-08-22,outlet-4,CAKE-005,7,0,182.0,19
2025-08-22,outlet-4,CAKE-006,7,0,210.0,8
2025-08-22,outlet-4,CAKE-007,0,0,0.0,7
2025-08-22,outlet-4,CAKE-008,5,0,100.0,6
2025-08-22,outlet-4,CAKE-009,6,0,144.0,21
2025-08-22,outlet-4,CAKE-010,8,0,144.0,38
2025-08-22,outlet-5,CAKE-001,6,0,168.0,6
2025-08-22,outlet-5,CAKE-002,4,0,96.0,20
2025-08-22,outlet-5,CAKE-003,4,0,128.0,6
2025-08-22,outlet-5,CAKE-004,1,0,22.0,10
2025-08-22,outlet-5,CAKE-005,1,0,26.0,9
2025-08-22,outlet-5,CAKE-006,15,0,450.0,17
2025-08-22,outlet-5,CAKE-007,3,0,81.0,32
2025-08-22,outlet-5,CAKE-008,2,0,40.0,1
2025-08-22,outlet-5,CAKE-009,3,0,72.0,7
2025-08-22,outlet-5,CAKE-010,6,0,108.0,11
2025-08-23,outlet-1,CAKE-001,13,1,364.0,38
2025-08-23,outlet-1,CAKE-002,8,0,192.0,27
2025-08-23,outlet-1,CAKE-003,9,0,288.0,21
2025-08-23,outlet-1,CAKE-004,3,0,66.0,0
2025-08-23,outlet-1,CAKE-005,4,0,104.0,13
2025-08-23,outlet-1,CAKE-006,10,0,300.0,9
2025-08-23,outlet-1,CAKE-007,11,0,297.0,6
2025-08-23,outlet-1,CAKE-008,4,0,80.0,12
2025-08-23,outlet-1,CAKE-009,7,0,168.0,0
2025-08-23,outlet-1,CAKE-010,9,0,162.0,16
2025-08-23,outlet-2,CAKE-001,10,0,280.0,24
2025-08-23,outlet-2,CAKE-002,7,0,168.0,18
2025-08-23,outlet-2,CAKE-003,5,0,160.0,5
2025-08-23,outlet-2,CAKE-004,5,0,110.0,24
2025-08-23,outlet-2,CAKE-005,6,0,156.0,20
2025-08-23,outlet-2,CAKE-006,7,0,210.0,24
2025-08-23,outlet-2,CAKE-007,13,0,351.0,17
2025-08-23,outlet-2,CAKE-008,3,0,60.0,5
2025-08-23,outlet-2,CAKE-009,4,0,96.0,17
2025-08-23,outlet-2,CAKE-010,12,0,216.0,14
2025-08-23,outlet-3,CAKE-001,12,0,336.0,15
2025-08-23,outlet-3,CAKE-002,8,0,192.0,31
2025-08-23,outlet-3,CAKE-003,12,0,384.0,24
2025-08-23,outlet-3,CAKE-004,2,0,44.0,8
2025-08-23,outlet-3,CAKE-005,4,0,104.0,7
2025-08-23,outlet-3,CAKE-006,15,1,450.0,22
2025-08-23,outlet-3,CAKE-007,10,0,270.0,16
2025-08-23,outlet-3,CAKE-008,0,0,0.0,12
2025-08-23,outlet-3,CAKE-009,3,0,72.0,14
2025-08-23,outlet-3,CAKE-010,0,0,0.0,32
2025-08-23,outlet-4,CAKE-001,8,0,224.0,68
2025-08-23,outlet-4,CAKE-002,9,0,216.0,27
2025-08-23,outlet-4,CAKE-003,6,0,192.0,22
2025-08-23,outlet-4,CAKE-004,5,0,110.0,25
2025-08-23,outlet-4,CAKE-005,7,0,182.0,12
2025-08-23,outlet-4,CAKE-006,4,0,120.0,4
2025-08-23,outlet-4,CAKE-007,7,0,189.0,6
2025-08-23,outlet-4,CAKE-008,5,0,100.0,28
2025-08-23,outlet-4,CAKE-009,6,0,144.0,15
2025-08-23,outlet-4,CAKE-010,9,0,162.0,29
2025-08-23,outlet-5,CAKE-001,4,0,112.0,2
2025-08-23,outlet-5,CAKE-002,4,0,96.0,16
2025-08-23,outlet-5,CAKE-003,3,0,96.0,3
2025-08-23,outlet-5,CAKE-004,3,0,66.0,7
2025-08-23,outlet-5,CAKE-005,3,0,78.0,6
2025-08-23,outlet-5,CAKE-006,11,0,330.0,6
2025-08-23,outlet-5,CAKE-007,4,0,108.0,28
2025-08-23,outlet-5,CAKE-008,1,0,20.0,1
2025-08-23,outlet-5,CAKE-009,4,0,96.0,3
2025-08-23,outlet-5,CAKE-010,3,0,54.0,8
2025-08-24,outlet-1,CAKE-001,16,0,448.0,39
2025-08-24,outlet-1,CAKE-002,8,0,192.0,19
2025-08-24,outlet-1,CAKE-003,11,0,352.0,10
2025-08-24,outlet-1,CAKE-004,0,0,0.0,6
2025-08-24,outlet-1,CAKE-005,4,0,104.0,9
2025-08-24,outlet-1,CAKE-006,7,0,210.0,22
2025-08-24,outlet-1,CAKE-007,5,0,135.0,1
2025-08-24,outlet-1,CAKE-008,3,0,60.0,9
2025-08-24,outlet-1,CAKE-009,0,0,0.0,7
2025-08-24,outlet-1,CAKE-010,12,0,216.0,4
2025-08-24,outlet-2,CAKE-001,17,1,476.0,23
2025-08-24,outlet-2,CAKE-002,11,0,264.0,7
2025-08-24,outlet-2,CAKE-003,5,0,160.0,27
2025-08-24,outlet-2,CAKE-004,6,0,132.0,18
2025-08-24,outlet-2,CAKE-005,5,0,130.0,23
2025-08-24,outlet-2,CAKE-006,9,0,270.0,24
2025-08-24,outlet-2,CAKE-007,9,0,243.0,8
2025-08-24,outlet-2,CAKE-008,3,0,60.0,2
2025-08-24,outlet-2,CAKE-009,5,0,120.0,12
2025-08-24,outlet-2,CAKE-010,8,0,144.0,6
2025-08-24,outlet-3,CAKE-001,14,0,392.0,15
2025-08-24,outlet-3,CAKE-002,7,0,168.0,24
2025-08-24,outlet-3,CAKE-003,10,0,320.0,14
2025-08-24,outlet-3,CAKE-004,3,0,66.0,5
2025-08-24,outlet-3,CAKE-005,6,0,156.0,1
2025-08-24,outlet-3,CAKE-006,8,0,240.0,27
2025-08-24,outlet-3,CAKE-007,8,1,216.0,16
2025-08-24,outlet-3,CAKE-008,2,0,40.0,10
2025-08-24,outlet-3,CAKE-009,4,0,96.0,10
2025-08-24,outlet-3,CAKE-010,8,0,144.0,36
2025-08-24,outlet-4,CAKE-001,8,0,224.0,60
2025-08-24,outlet-4,CAKE-002,13,0,312.0,14
2025-08-24,outlet-4,CAKE-003,6,0,192.0,29
2025-08-24,outlet-4,CAKE-004,4,0,88.0,21
2025-08-24,outlet-4,CAKE-005,7,0,182.0,5
2025-08-24,outlet-4,CAKE-006,4,0,120.0,21
2025-08-24,outlet-4,CAKE-007,6,0,162.0,36
2025-08-24,outlet-4,CAKE-008,6,0,120.0,32
2025-08-24,outlet-4,CAKE-009,5,0,120.0,10
2025-08-24,outlet-4,CAKE-010,9,0,162.0,20
2025-08-24,outlet-5,CAKE-001,2,0,56.0,0
2025-08-24,outlet-5,CAKE-002,3,0,72.0,13
2025-08-24,outlet-5,CAKE-003,3,0,96.0,12
2025-08-24,outlet-5,CAKE-004,4,0,88.0,3
2025-08-24,outlet-5,CAKE-005,3,0,78.0,3
2025-08-24,outlet-5,CAKE-006,6,0,180.0,30
2025-08-24,outlet-5,CAKE-007,5,0,135.0,23
2025-08-24,outlet-5,CAKE-008,1,0,20.0,2
2025-08-24,outlet-5,CAKE-009,3,0,72.0,16
2025-08-24,outlet-5,CAKE-010,5,0,90.0,3
2025-08-25,outlet-1,CAKE-001,7,0,196.0,32
2025-08-25,outlet-1,CAKE-002,8,0,192.0,11
2025-08-25,outlet-1,CAKE-003,6,0,192.0,4
2025-08-25,outlet-1,CAKE-004,5,0,110.0,7
2025-08-25,outlet-1,CAKE-005,5,0,130.0,4
2025-08-25,outlet-1,CAKE-006,7,0,210.0,35
2025-08-25,outlet-1,CAKE-007,1,0,27.0,33
2025-08-25,outlet-1,CAKE-008,4,0,80.0,5
2025-08-25,outlet-1,CAKE-009,4,0,96.0,3
2025-08-25,outlet-1,CAKE-010,4,0,72.0,43
2025-08-25,outlet-2,CAKE-001,9,0,252.0,14
2025-08-25,outlet-2,CAKE-002,6,0,144.0,43
2025-08-25,outlet-2,CAKE-003,5,0,160.0,22
2025-08-25,outlet-2,CAKE-004,4,0,88.0,14
2025-08-25,outlet-2,CAKE-005,3,0,78.0,20
2025-08-25,outlet-2,CAKE-006,5,0,150.0,19
2025-08-25,outlet-2,CAKE-007,5,0,135.0,3
2025-08-25,outlet-2,CAKE-008,2,0,40.0,4
2025-08-25,outlet-2,CAKE-009,3,0,72.0,9
2025-08-25,outlet-2,CAKE-010,6,0,108.0,39
2025-08-25,outlet-3,CAKE-001,12,1,336.0,19
2025-08-25,outlet-3,CAKE-002,8,0,192.0,16
2025-08-25,outlet-3,CAKE-003,7,0,224.0,20
2025-08-25,outlet-3,CAKE-004,3,0,66.0,2
2025-08-25,outlet-3,CAKE-005,1,0,26.0,0
2025-08-25,outlet-3,CAKE-006,11,0,330.0,16
2025-08-25,outlet-3,CAKE-007,4,0,108.0,12
2025-08-25,outlet-3,CAKE-008,2,0,40.0,12
2025-08-25,outlet-3,CAKE-009,2,0,48.0,8
2025-08-25,outlet-3,CAKE-010,5,0,90.0,31
2025-08-25,outlet-4,CAKE-001,9,0,252.0,51
2025-08-25,outlet-4,CAKE-002,10,0,240.0,22
2025-08-25,outlet-4,CAKE-003,2,0,64.0,27
2025-08-25,outlet-4,CAKE-004,3,0,66.0,18
2025-08-25,outlet-4,CAKE-005,5,0,130.0,33
2025-08-25,outlet-4,CAKE-006,3,0,90.0,18
2025-08-25,outlet-4,CAKE-007,6,0,162.0,30
2025-08-25,outlet-4,CAKE-008,5,0,100.0,27
2025-08-25,outlet-4,CAKE-009,4,0,96.0,6
2025-08-25,outlet-4,CAKE-010,10,0,180.0,10
2025-08-25,outlet-5,CAKE-001,0,0,0.0,28
2025-08-25,outlet-5,CAKE-002,5,0,120.0,8
2025-08-25,outlet-5,CAKE-003,1,0,32.0,11
2025-08-25,outlet-5,CAKE-004,3,0,66.0,14
2025-08-25,outlet-5,CAKE-005,2,0,52.0,1
2025-08-25,outlet-5,CAKE-006,5,0,150.0,36
2025-08-25,outlet-5,CAKE-007,3,0,81.0,20
2025-08-25,outlet-5,CAKE-008,1,0,20.0,1
2025-08-25,outlet-5,CAKE-009,4,0,96.0,12
2025-08-25,outlet-5,CAKE-010,3,0,54.0,21
2025-08-26,outlet-1,CAKE-001,10,0,280.0,22
2025-08-26,outlet-1,CAKE-002,5,0,120.0,6
2025-08-26,outlet-1,CAKE-003,4,0,128.0,30
2025-08-26,outlet-1,CAKE-004,4,0,88.0,3
2025-08-26,outlet-1,CAKE-005,4,0,104.0,8
2025-08-26,outlet-1,CAKE-006,3,0,90.0,32
2025-08-26,outlet-1,CAKE-007,6,0,162.0,27
2025-08-26,outlet-1,CAKE-008,3,0,60.0,7
2025-08-26,outlet-1,CAKE-009,3,0,72.0,24
2025-08-26,outlet-1,CAKE-010,6,0,108.0,37
2025-08-26,outlet-2,CAKE-001,8,0,224.0,6
2025-08-26,outlet-2,CAKE-002,6,0,144.0,37
2025-08-26,outlet-2,CAKE-003,3,0,96.0,27
2025-08-26,outlet-2,CAKE-004,5,0,110.0,9
2025-08-26,outlet-2,CAKE-005,5,0,130.0,15
2025-08-26,outlet-2,CAKE-006,2,0,60.0,17
2025-08-26,outlet-2,CAKE-007,3,0,81.0,0
2025-08-26,outlet-2,CAKE-008,3,0,60.0,17
2025-08-26,outlet-2,CAKE-009,3,0,72.0,6
2025-08-26,outlet-2,CAKE-010,4,0,72.0,46
2025-08-26,outlet-3,CAKE-001,12,0,336.0,7
2025-08-26,outlet-3,CAKE-002,9,0,216.0,7
2025-08-26,outlet-3,CAKE-003,10,0,320.0,21
2025-08-26,outlet-3,CAKE-004,2,0,44.0,19
2025-08-26,outlet-3,CAKE-005,0,0,0.0,0
2025-08-26,outlet-3,CAKE-006,11,0,330.0,5
2025-08-26,outlet-3,CAKE-007,5,0,135.0,7
2025-08-26,outlet-3,CAKE-008,2,0,40.0,10
2025-08-26,outlet-3,CAKE-009,3,0,72.0,14
2025-08-26,outlet-3,CAKE-010,5,0,90.0,26
2025-08-26,outlet-4,CAKE-001,6,0,168.0,45
2025-08-26,outlet-4,CAKE-002,11,0,264.0,11
2025-08-26,outlet-4,CAKE-003,4,0,128.0,23
2025-08-26,outlet-4,CAKE-004,5,0,110.0,13
2025-08-26,outlet-4,CAKE-005,5,0,130.0,38
2025-08-26,outlet-4,CAKE-006,4,0,120.0,14
2025-08-26,outlet-4,CAKE-007,3,0,81.0,27
2025-08-26,outlet-4,CAKE-008,4,0,80.0,23
2025-08-26,outlet-4,CAKE-009,5,0,120.0,1
2025-08-26,outlet-4,CAKE-010,7,0,126.0,3
2025-08-26,outlet-5,CAKE-001,5,0,140.0,29
2025-08-26,outlet-5,CAKE-002,4,0,96.0,4
2025-08-26,outlet-5,CAKE-003,2,0,64.0,12
2025-08-26,outlet-5,CAKE-004,2,0,44.0,12
2025-08-26,outlet-5,CAKE-005,1,0,26.0,12
2025-08-26,outlet-5,CAKE-006,6,0,180.0,30
2025-08-26,outlet-5,CAKE-007,3,0,81.0,17
2025-08-26,outlet-5,CAKE-008,1,0,20.0,7
2025-08-26,outlet-5,CAKE-009,3,0,72.0,9
2025-08-26,outlet-5,CAKE-010,3,0,54.0,18
2025-08-27,outlet-1,CAKE-001,3,0,84.0,36
2025-08-27,outlet-1,CAKE-002,6,0,144.0,0
2025-08-27,outlet-1,CAKE-003,5,0,160.0,25
2025-08-27,outlet-1,CAKE-004,3,0,66.0,0
2025-08-27,outlet-1,CAKE-005,4,0,104.0,4
2025-08-27,outlet-1,CAKE-006,7,0,210.0,25
2025-08-27,outlet-1,CAKE-007,7,0,189.0,20
2025-08-27,outlet-1,CAKE-008,2,0,40.0,5
2025-08-27,outlet-1,CAKE-009,4,0,96.0,20
2025-08-27,outlet-1,CAKE-010,6,0,108.0,42
2025-08-27,outlet-2,CAKE-001,6,0,168.0,13
2025-08-27,outlet-2,CAKE-002,8,0,192.0,29
2025-08-27,outlet-2,CAKE-003,2,0,64.0,25
2025-08-27,outlet-2,CAKE-004,2,0,44.0,7
2025-08-27,outlet-2,CAKE-005,5,0,130.0,17
2025-08-27,outlet-2,CAKE-006,5,0,150.0,12
2025-08-27,outlet-2,CAKE-007,0,0,0.0,30
2025-08-27,outlet-2,CAKE-008,2,0,40.0,15
2025-08-27,outlet-2,CAKE-009,3,0,72.0,3
2025-08-27,outlet-2,CAKE-010,7,0,126.0,39
2025-08-27,outlet-3,CAKE-001,7,0,196.0,67
2025-08-27,outlet-3,CAKE-002,7,0,168.0,46
2025-08-27,outlet-3,CAKE-003,9,0,288.0,12
2025-08-27,outlet-3,CAKE-004,3,0,66.0,16
2025-08-27,outlet-3,CAKE-005,0,0,0.0,0
2025-08-27,outlet-3,CAKE-006,5,0,150.0,45
2025-08-27,outlet-3,CAKE-007,5,0,135.0,2
2025-08-27,outlet-3,CAKE-008,2,0,40.0,8
2025-08-27,outlet-3,CAKE-009,3,0,72.0,11
2025-08-27,outlet-3,CAKE-010,5,0,90.0,21
2025-08-27,outlet-4,CAKE-001,10,0,280.0,35
2025-08-27,outlet-4,CAKE-002,6,0,144.0,5
2025-08-27,outlet-4,CAKE-003,3,0,96.0,20
2025-08-27,outlet-4,CAKE-004,3,0,66.0,10
2025-08-27,outlet-4,CAKE-005,5,0,130.0,33
2025-08-27,outlet-4,CAKE-006,3,0,90.0,11
2025-08-27,outlet-4,CAKE-007,8,1,216.0,20
2025-08-27,outlet-4,CAKE-008,4,0,80.0,19
2025-08-27,outlet-4,CAKE-009,1,0,24.0,28
2025-08-27,outlet-4,CAKE-010,3,0,54.0,46
2025-08-27,outlet-5,CAKE-001,4,0,112.0,25
2025-08-27,outlet-5,CAKE-002,4,0,96.0,0
2025-08-27,outlet-5,CAKE-003,2,0,64.0,10
2025-08-27,outlet-5,CAKE-004,3,0,66.0,12
2025-08-27,outlet-5,CAKE-005,2,0,52.0,10
2025-08-27,outlet-5,CAKE-006,9,0,270.0,21
2025-08-27,outlet-5,CAKE-007,3,0,81.0,21
2025-08-27,outlet-5,CAKE-008,1,0,20.0,6
2025-08-27,outlet-5,CAKE-009,2,0,48.0,7
2025-08-27,outlet-5,CAKE-010,3,0,54.0,15
2025-08-28,outlet-1,CAKE-001,9,0,252.0,27
2025-08-28,outlet-1,CAKE-002,0,0,0.0,46
2025-08-28,outlet-1,CAKE-003,3,0,96.0,22
2025-08-28,outlet-1,CAKE-004,0,0,0.0,26
2025-08-28,outlet-1,CAKE-005,4,0,104.0,0
2025-08-28,outlet-1,CAKE-006,7,0,210.0,18
2025-08-28,outlet-1,CAKE-007,5,0,135.0,15
2025-08-28,outlet-1,CAKE-008,2,0,40.0,3
2025-08-28,outlet-1,CAKE-009,3,0,72.0,17
2025-08-28,outlet-1,CAKE-010,6,0,108.0,36
2025-08-28,outlet-2,CAKE-001,7,0,196.0,6
2025-08-28,outlet-2,CAKE-002,8,0,192.0,35
2025-08-28,outlet-2,CAKE-003,4,0,128.0,21
2025-08-28,outlet-2,CAKE-004,4,0,88.0,9
2025-08-28,outlet-2,CAKE-005,7,0,182.0,10
2025-08-28,outlet-2,CAKE-006,3,0,90.0,9
2025-08-28,outlet-2,CAKE-007,8,1,216.0,29
2025-08-28,outlet-2,CAKE-008,2,0,40.0,13
2025-08-28,outlet-2,CAKE-009,3,0,72.0,0
2025-08-28,outlet-2,CAKE-010,6,0,108.0,33
2025-08-28,outlet-3,CAKE-001,6,0,168.0,61
2025-08-28,outlet-3,CAKE-002,8,0,192.0,38
2025-08-28,outlet-3,CAKE-003,8,0,256.0,16
2025-08-28,outlet-3,CAKE-004,5,0,110.0,11
2025-08-28,outlet-3,CAKE-005,0,0,0.0,24
2025-08-28,outlet-3,CAKE-006,6,0,180.0,39
2025-08-28,outlet-3,CAKE-007,2,0,54.0,30
2025-08-28,outlet-3,CAKE-008,2,0,40.0,6
2025-08-28,outlet-3,CAKE-009,2,0,48.0,9
2025-08-28,outlet-3,CAKE-010,7,0,126.0,14
2025-08-28,outlet-4,CAKE-001,7,0,196.0,28
2025-08-28,outlet-4,CAKE-002,5,0,120.0,0
2025-08-28,outlet-4,CAKE-003,3,0,96.0,17
2025-08-28,outlet-4,CAKE-004,4,0,88.0,6
2025-08-28,outlet-4,CAKE-005,4,0,104.0,41
2025-08-28,outlet-4,CAKE-006,5,0,150.0,6
2025-08-28,outlet-4,CAKE-007,7,0,189.0,13
2025-08-28,outlet-4,CAKE-008,4,0,80.0,15
2025-08-28,outlet-4,CAKE-009,5,0,120.0,23
2025-08-28,outlet-4,CAKE-010,7,0,126.0,55
2025-08-28,outlet-5,CAKE-001,5,0,140.0,20
2025-08-28,outlet-5,CAKE-002,0,0,0.0,21
2025-08-28,outlet-5,CAKE-003,2,0,64.0,8
2025-08-28,outlet-5,CAKE-004,3,0,66.0,9
2025-08-28,outlet-5,CAKE-005,2,0,52.0,8
2025-08-28,outlet-5,CAKE-006,5,0,150.0,16
2025-08-28,outlet-5,CAKE-007,2,0,54.0,19
2025-08-28,outlet-5,CAKE-008,1,0,20.0,7
2025-08-28,outlet-5,CAKE-009,3,0,72.0,4
2025-08-28,outlet-5,CAKE-010,5,0,90.0,10
2025-08-29,outlet-1,CAKE-001,15,0,420.0,12
2025-08-29,outlet-1,CAKE-002,8,0,192.0,38
2025-08-29,outlet-1,CAKE-003,6,0,192.0,16
2025-08-29,outlet-1,CAKE-004,5,0,110.0,21
2025-08-29,outlet-1,CAKE-005,0,0,0.0,0
2025-08-29,outlet-1,CAKE-006,8,0,240.0,10
2025-08-29,outlet-1,CAKE-007,11,1,297.0,5
2025-08-29,outlet-1,CAKE-008,3,0,60.0,18
2025-08-29,outlet-1,CAKE-009,4,0,96.0,19
2025-08-29,outlet-1,CAKE-010,10,0,180.0,26
2025-08-29,outlet-2,CAKE-001,6,0,168.0,48
2025-08-29,outlet-2,CAKE-002,9,0,216.0,41
2025-08-29,outlet-2,CAKE-003,6,0,192.0,15
2025-08-29,outlet-2,CAKE-004,4,0,88.0,5
2025-08-29,outlet-2,CAKE-005,6,0,156.0,4
2025-08-29,outlet-2,CAKE-006,6,0,180.0,10
2025-08-29,outlet-2,CAKE-007,6,1,162.0,30
2025-08-29,outlet-2,CAKE-008,3,0,60.0,10
2025-08-29,outlet-2,CAKE-009,0,0,0.0,21
2025-08-29,outlet-2,CAKE-010,10,0,180.0,23
2025-08-29,outlet-3,CAKE-001,13,0,364.0,64
2025-08-29,outlet-3,CAKE-002,11,0,264.0,27
2025-08-29,outlet-3,CAKE-003,8,0,256.0,8
2025-08-29,outlet-3,CAKE-004,4,0,88.0,7
2025-08-29,outlet-3,CAKE-005,4,0,104.0,20
2025-08-29,outlet-3,CAKE-006,16,0,480.0,23
2025-08-29,outlet-3,CAKE-007,7,0,189.0,23
2025-08-29,outlet-3,CAKE-008,3,0,60.0,3
2025-08-29,outlet-3,CAKE-009,4,0,96.0,5
2025-08-29,outlet-3,CAKE-010,6,0,108.0,8
2025-08-29,outlet-4,CAKE-001,6,0,168.0,22
2025-08-29,outlet-4,CAKE-002,0,0,0.0,54
2025-08-29,outlet-4,CAKE-003,5,0,160.0,12
2025-08-29,outlet-4,CAKE-004,6,0,132.0,28
2025-08-29,outlet-4,CAKE-005,8,0,208.0,33
2025-08-29,outlet-4,CAKE-006,5,0,150.0,22
2025-08-29,outlet-4,CAKE-007,6,0,162.0,7
2025-08-29,outlet-4,CAKE-008,6,0,120.0,9
2025-08-29,outlet-4,CAKE-009,7,0,168.0,16
2025-08-29,outlet-4,CAKE-010,5,0,90.0,63
2025-08-29,outlet-5,CAKE-001,5,0,140.0,15
2025-08-29,outlet-5,CAKE-002,3,0,72.0,22
2025-08-29,outlet-5,CAKE-003,2,0,64.0,6
2025-08-29,outlet-5,CAKE-004,4,0,88.0,5
2025-08-29,outlet-5,CAKE-005,2,0,52.0,6
2025-08-29,outlet-5,CAKE-006,10,0,300.0,6
2025-08-29,outlet-5,CAKE-007,4,0,108.0,15
2025-08-29,outlet-5,CAKE-008,2,0,40.0,5
2025-08-29,outlet-5,CAKE-009,4,0,96.0,16
2025-08-29,outlet-5,CAKE-010,6,0,108.0,4
2025-08-30,outlet-1,CAKE-001,12,0,336.0,57
2025-08-30,outlet-1,CAKE-002,6,0,144.0,32
2025-08-30,outlet-1,CAKE-003,8,0,256.0,8
2025-08-30,outlet-1,CAKE-004,8,0,176.0,13
2025-08-30,outlet-1,CAKE-005,0,0,0.0,8
2025-08-30,outlet-1,CAKE-006,7,0,210.0,3
2025-08-30,outlet-1,CAKE-007,2,0,54.0,3
2025-08-30,outlet-1,CAKE-008,3,0,60.0,15
2025-08-30,outlet-1,CAKE-009,6,0,144.0,13
2025-08-30,outlet-1,CAKE-010,6,0,108.0,20
2025-08-30,outlet-2,CAKE-001,13,0,364.0,35
2025-08-30,outlet-2,CAKE-002,13,0,312.0,28
2025-08-30,outlet-2,CAKE-003,6,0,192.0,19
2025-08-30,outlet-2,CAKE-004,5,0,110.0,0
2025-08-30,outlet-2,CAKE-005,4,0,104.0,21
2025-08-30,outlet-2,CAKE-006,5,0,150.0,5
2025-08-30,outlet-2,CAKE-007,9,1,243.0,22
2025-08-30,outlet-2,CAKE-008,4,0,80.0,6
2025-08-30,outlet-2,CAKE-009,4,0,96.0,17
2025-08-30,outlet-2,CAKE-010,10,0,180.0,13
2025-08-30,outlet-3,CAKE-001,15,0,420.0,63
2025-08-30,outlet-3,CAKE-002,12,0,288.0,30
2025-08-30,outlet-3,CAKE-003,8,0,256.0,48
2025-08-30,outlet-3,CAKE-004,6,0,132.0,20
2025-08-30,outlet-3,CAKE-005,5,0,130.0,15
2025-08-30,outlet-3,CAKE-006,11,0,330.0,12
2025-08-30,outlet-3,CAKE-007,6,0,162.0,17
2025-08-30,outlet-3,CAKE-008,3,0,60.0,0
2025-08-30,outlet-3,CAKE-009,4,0,96.0,22
2025-08-30,outlet-3,CAKE-010,7,0,126.0,33
2025-08-30,outlet-4,CAKE-001,12,0,336.0,10
2025-08-30,outlet-4,CAKE-002,9,0,216.0,45
2025-08-30,outlet-4,CAKE-003,3,0,96.0,9
2025-08-30,outlet-4,CAKE-004,5,0,110.0,23
2025-08-30,outlet-4,CAKE-005,4,0,104.0,29
2025-08-30,outlet-4,CAKE-006,7,0,210.0,15
2025-08-30,outlet-4,CAKE-007,7,0,189.0,7
2025-08-30,outlet-4,CAKE-008,5,0,100.0,4
2025-08-30,outlet-4,CAKE-009,7,0,168.0,9
2025-08-30,outlet-4,CAKE-010,7,0,126.0,73
2025-08-30,outlet-5,CAKE-001,6,0,168.0,9
2025-08-30,outlet-5,CAKE-002,4,0,96.0,18
2025-08-30,outlet-5,CAKE-003,3,0,96.0,3
2025-08-30,outlet-5,CAKE-004,3,0,66.0,2
2025-08-30,outlet-5,CAKE-005,3,0,78.0,3
2025-08-30,outlet-5,CAKE-006,6,0,180.0,0
2025-08-30,outlet-5,CAKE-007,3,0,81.0,12
2025-08-30,outlet-5,CAKE-008,1,0,20.0,4
2025-08-30,outlet-5,CAKE-009,3,0,72.0,13
2025-08-30,outlet-5,CAKE-010,3,0,54.0,1
2025-08-31,outlet-1,CAKE-001,21,1,588.0,37
2025-08-31,outlet-1,CAKE-002,13,0,312.0,19
2025-08-31,outlet-1,CAKE-003,8,0,256.0,30
2025-08-31,outlet-1,CAKE-004,6,0,132.0,7
2025-08-31,outlet-1,CAKE-005,5,0,130.0,3
2025-08-31,outlet-1,CAKE-006,3,0,90.0,30
2025-08-31,outlet-1,CAKE-007,3,0,81.0,0
2025-08-31,outlet-1,CAKE-008,3,0,60.0,16
2025-08-31,outlet-1,CAKE-009,7,0,168.0,6
2025-08-31,outlet-1,CAKE-010,7,0,126.0,13
2025-08-31,outlet-2,CAKE-001,15,0,420.0,20
2025-08-31,outlet-2,CAKE-002,7,0,168.0,21
2025-08-31,outlet-2,CAKE-003,4,0,128.0,15
2025-08-31,outlet-2,CAKE-004,0,0,0.0,24
2025-08-31,outlet-2,CAKE-005,6,0,156.0,22
2025-08-31,outlet-2,CAKE-006,5,0,150.0,24
2025-08-31,outlet-2,CAKE-007,8,0,216.0,19
2025-08-31,outlet-2,CAKE-008,2,0,40.0,7
2025-08-31,outlet-2,CAKE-009,4,0,96.0,13
2025-08-31,outlet-2,CAKE-010,7,0,126.0,6
2025-08-31,outlet-3,CAKE-001,11,0,308.0,52
2025-08-31,outlet-3,CAKE-002,6,0,144.0,24
2025-08-31,outlet-3,CAKE-003,6,0,192.0,42
2025-08-31,outlet-3,CAKE-004,5,0,110.0,18
2025-08-31,outlet-3,CAKE-005,3,0,78.0,12
2025-08-31,outlet-3,CAKE-006,9,0,270.0,15
2025-08-31,outlet-3,CAKE-007,7,0,189.0,10
2025-08-31,outlet-3,CAKE-008,0,0,0.0,12
2025-08-31,outlet-3,CAKE-009,4,0,96.0,18
2025-08-31,outlet-3,CAKE-010,7,0,126.0,26
2025-08-31,outlet-4,CAKE-001,9,0,252.0,44
2025-08-31,outlet-4,CAKE-002,10,0,240.0,35
2025-08-31,outlet-4,CAKE-003,9,0,288.0,24
2025-08-31,outlet-4,CAKE-004,6,0,132.0,17
2025-08-31,outlet-4,CAKE-005,8,0,208.0,21
2025-08-31,outlet-4,CAKE-006,7,0,210.0,8
2025-08-31,outlet-4,CAKE-007,7,0,189.0,0
2025-08-31,outlet-4,CAKE-008,4,0,80.0,12
2025-08-31,outlet-4,CAKE-009,3,0,72.0,12
2025-08-31,outlet-4,CAKE-010,11,0,198.0,62
2025-08-31,outlet-5,CAKE-001,4,0,112.0,5
2025-08-31,outlet-5,CAKE-002,5,0,120.0,13
2025-08-31,outlet-5,CAKE-003,2,0,64.0,1
2025-08-31,outlet-5,CAKE-004,2,0,44.0,14
2025-08-31,outlet-5,CAKE-005,3,0,78.0,12
2025-08-31,outlet-5,CAKE-006,0,0,0.0,30
2025-08-31,outlet-5,CAKE-007,4,0,108.0,8
2025-08-31,outlet-5,CAKE-008,1,0,20.0,3
2025-08-31,outlet-5,CAKE-009,5,0,120.0,8
2025-08-31,outlet-5,CAKE-010,1,0,18.0,21
2025-09-01,outlet-1,CAKE-001,11,0,308.0,26
2025-09-01,outlet-1,CAKE-002,9,0,216.0,10
2025-09-01,outlet-1,CAKE-003,2,0,64.0,34
2025-09-01,outlet-1,CAKE-004,4,0,88.0,3
2025-09-01,outlet-1,CAKE-005,3,0,78.0,0
2025-09-01,outlet-1,CAKE-006,9,0,270.0,43
2025-09-01,outlet-1,CAKE-007,0,0,0.0,33
2025-09-01,outlet-1,CAKE-008,4,0,80.0,17
2025-09-01,outlet-1,CAKE-009,5,0,120.0,25
2025-09-01,outlet-1,CAKE-010,8,0,144.0,5
2025-09-01,outlet-2,CAKE-001,10,0,280.0,10
2025-09-01,outlet-2,CAKE-002,8,0,192.0,13
2025-09-01,outlet-2,CAKE-003,4,0,128.0,11
2025-09-01,outlet-2,CAKE-004,3,0,66.0,21
2025-09-01,outlet-2,CAKE-005,2,0,52.0,20
2025-09-01,outlet-2,CAKE-006,5,0,150.0,19
2025-09-01,outlet-2,CAKE-007,7,0,189.0,12
2025-09-01,outlet-2,CAKE-008,3,0,60.0,4
2025-09-01,outlet-2,CAKE-009,3,0,72.0,18
2025-09-01,outlet-2,CAKE-010,4,0,72.0,41
2025-09-01,outlet-3,CAKE-001,9,0,252.0,43
2025-09-01,outlet-3,CAKE-002,9,0,216.0,15
2025-09-01,outlet-3,CAKE-003,6,0,192.0,47
2025-09-01,outlet-3,CAKE-004,2,0,44.0,19
2025-09-01,outlet-3,CAKE-005,5,0,130.0,7
2025-09-01,outlet-3,CAKE-006,10,0,300.0,19
2025-09-01,outlet-3,CAKE-007,4,0,108.0,6
2025-09-01,outlet-3,CAKE-008,2,0,40.0,10
2025-09-01,outlet-3,CAKE-009,4,0,96.0,14
2025-09-01,outlet-3,CAKE-010,9,0,162.0,29
2025-09-01,outlet-4,CAKE-001,9,0,252.0,35
2025-09-01,outlet-4,CAKE-002,11,0,264.0,24
2025-09-01,outlet-4,CAKE-003,3,0,96.0,21
2025-09-01,outlet-4,CAKE-004,5,0,110.0,12
2025-09-01,outlet-4,CAKE-005,6,0,156.0,15
2025-09-01,outlet-4,CAKE-006,4,0,120.0,4
2025-09-01,outlet-4,CAKE-007,0,0,0.0,0
2025-09-01,outlet-4,CAKE-008,3,0,60.0,9
2025-09-01,outlet-4,CAKE-009,3,0,72.0,15
2025-09-01,outlet-4,CAKE-010,8,0,144.0,68
2025-09-01,outlet-5,CAKE-001,3,0,84.0,30
2025-09-01,outlet-5,CAKE-002,4,0,96.0,14
2025-09-01,outlet-5,CAKE-003,1,0,32.0,12
2025-09-01,outlet-5,CAKE-004,3,0,66.0,11
2025-09-01,outlet-5,CAKE-005,2,0,52.0,10
2025-09-01,outlet-5,CAKE-006,3,0,90.0,27
2025-09-01,outlet-5,CAKE-007,4,0,108.0,4
2025-09-01,outlet-5,CAKE-008,1,0,20.0,2
2025-09-01,outlet-5,CAKE-009,4,0,96.0,4
2025-09-01,outlet-5,CAKE-010,4,0,72.0,17
2025-09-02,outlet-1,CAKE-001,9,0,252.0,17
2025-09-02,outlet-1,CAKE-002,9,0,216.0,47
2025-09-02,outlet-1,CAKE-003,2,0,64.0,32
2025-09-02,outlet-1,CAKE-004,3,0,66.0,6
2025-09-02,outlet-1,CAKE-005,0,0,0.0,0
2025-09-02,outlet-1,CAKE-006,3,0,90.0,60
2025-09-02,outlet-1,CAKE-007,5,0,135.0,28
2025-09-02,outlet-1,CAKE-008,2,0,40.0,15
2025-09-02,outlet-1,CAKE-009,4,0,96.0,21
2025-09-02,outlet-1,CAKE-010,5,0,90.0,43
2025-09-02,outlet-2,CAKE-001,10,0,280.0,48
2025-09-02,outlet-2,CAKE-002,6,0,144.0,7
2025-09-02,outlet-2,CAKE-003,3,0,96.0,17
2025-09-02,outlet-2,CAKE-004,2,0,44.0,19
2025-09-02,outlet-2,CAKE-005,4,0,104.0,16
2025-09-02,outlet-2,CAKE-006,6,0,180.0,13
2025-09-02,outlet-2,CAKE-007,7,0,189.0,11
2025-09-02,outlet-2,CAKE-008,3,0,60.0,17
2025-09-02,outlet-2,CAKE-009,5,0,120.0,13
2025-09-02,outlet-2,CAKE-010,7,0,126.0,47
2025-09-02,outlet-3,CAKE-001,11,0,308.0,32
2025-09-02,outlet-3,CAKE-002,8,0,192.0,7
2025-09-02,outlet-3,CAKE-003,8,0,256.0,51
2025-09-02,outlet-3,CAKE-004,3,0,66.0,16
2025-09-02,outlet-3,CAKE-005,4,0,104.0,3
2025-09-02,outlet-3,CAKE-006,9,0,270.0,10
2025-09-02,outlet-3,CAKE-007,6,0,162.0,30
2025-09-02,outlet-3,CAKE-008,2,0,40.0,8
2025-09-02,outlet-3,CAKE-009,4,0,96.0,10
2025-09-02,outlet-3,CAKE-010,7,0,126.0,22
2025-09-02,outlet-4,CAKE-001,8,0,224.0,27
2025-09-02,outlet-4,CAKE-002,8,0,192.0,16
2025-09-02,outlet-4,CAKE-003,3,0,96.0,29
2025-09-02,outlet-4,CAKE-004,6,0,132.0,6
2025-09-02,outlet-4,CAKE-005,7,0,182.0,8
2025-09-02,outlet-4,CAKE-006,3,0,90.0,9
2025-09-02,outlet-4,CAKE-007,0,0,0.0,0
2025-09-02,outlet-4,CAKE-008,4,0,80.0,15
2025-09-02,outlet-4,CAKE-009,5,0,120.0,10
2025-09-02,outlet-4,CAKE-010,8,0,144.0,60
2025-09-02,outlet-5,CAKE-001,4,0,112.0,26
2025-09-02,outlet-5,CAKE-002,5,0,120.0,9
2025-09-02,outlet-5,CAKE-003,2,0,64.0,13
2025-09-02,outlet-5,CAKE-004,2,0,44.0,9
2025-09-02,outlet-5,CAKE-005,1,0,26.0,9
2025-09-02,outlet-5,CAKE-006,3,0,90.0,24
2025-09-02,outlet-5,CAKE-007,2,0,54.0,2
2025-09-02,outlet-5,CAKE-008,2,0,40.0,7
2025-09-02,outlet-5,CAKE-009,2,0,48.0,2
2025-09-02,outlet-5,CAKE-010,3,0,54.0,14
2025-09-03,outlet-1,CAKE-001,9,0,252.0,27
2025-09-03,outlet-1,CAKE-002,7,0,168.0,57
2025-09-03,outlet-1,CAKE-003,4,0,128.0,28
2025-09-03,outlet-1,CAKE-004,2,0,44.0,4
2025-09-03,outlet-1,CAKE-005,0,0,0.0,24
2025-09-03,outlet-1,CAKE-006,7,0,210.0,53
2025-09-03,outlet-1,CAKE-007,5,0,135.0,23
2025-09-03,outlet-1,CAKE-008,4,0,80.0,11
2025-09-03,outlet-1,CAKE-009,4,0,96.0,17
2025-09-03,outlet-1,CAKE-010,7,0,126.0,36
2025-09-03,outlet-2,CAKE-001,7,0,196.0,41
2025-09-03,outlet-2,CAKE-002,7,0,168.0,12
2025-09-03,outlet-2,CAKE-003,4,0,128.0,13
2025-09-03,outlet-2,CAKE-004,4,0,88.0,20
2025-09-03,outlet-2,CAKE-005,4,0,104.0,12
2025-09-03,outlet-2,CAKE-006,4,0,120.0,9
2025-09-03,outlet-2,CAKE-007,5,0,135.0,6
2025-09-03,outlet-2,CAKE-008,2,0,40.0,15
2025-09-03,outlet-2,CAKE-009,3,0,72.0,10
2025-09-03,outlet-2,CAKE-010,6,0,108.0,53
2025-09-03,outlet-3,CAKE-001,11,0,308.0,37
2025-09-03,outlet-3,CAKE-002,6,0,144.0,1
2025-09-03,outlet-3,CAKE-003,10,0,320.0,41
2025-09-03,outlet-3,CAKE-004,4,0,88.0,12
2025-09-03,outlet-3,CAKE-005,3,0,78.0,24
2025-09-03,outlet-3,CAKE-006,6,0,180.0,4
2025-09-03,outlet-3,CAKE-007,6,0,162.0,24
2025-09-03,outlet-3,CAKE-008,2,0,40.0,6
2025-09-03,outlet-3,CAKE-009,4,0,96.0,6
2025-09-03,outlet-3,CAKE-010,5,0,90.0,17
2025-09-03,outlet-4,CAKE-001,10,0,280.0,17
2025-09-03,outlet-4,CAKE-002,11,0,264.0,5
2025-09-03,outlet-4,CAKE-003,4,0,128.0,38
2025-09-03,outlet-4,CAKE-004,3,0,66.0,3
2025-09-03,outlet-4,CAKE-005,4,0,104.0,16
2025-09-03,outlet-4,CAKE-006,4,0,120.0,5
2025-09-03,outlet-4,CAKE-007,0,0,0.0,36
2025-09-03,outlet-4,CAKE-008,4,0,80.0,11
2025-09-03,outlet-4,CAKE-009,3,0,72.0,7
2025-09-03,outlet-4,CAKE-010,7,0,126.0,53
2025-09-03,outlet-5,CAKE-001,5,0,140.0,21
2025-09-03,outlet-5,CAKE-002,3,0,72.0,6
2025-09-03,outlet-5,CAKE-003,2,0,64.0,11
2025-09-03,outlet-5,CAKE-004,3,0,66.0,6
2025-09-03,outlet-5,CAKE-005,2,0,52.0,7
2025-09-03,outlet-5,CAKE-006,5,0,150.0,19
2025-09-03,outlet-5,CAKE-007,1,0,27.0,1
2025-09-03,outlet-5,CAKE-008,1,0,20.0,6
2025-09-03,outlet-5,CAKE-009,2,0,48.0,0
2025-09-03,outlet-5,CAKE-010,4,0,72.0,10
2025-09-04,outlet-1,CAKE-001,9,0,252.0,39
2025-09-04,outlet-1,CAKE-002,9,0,216.0,48
2025-09-04,outlet-1,CAKE-003,4,0,128.0,24
2025-09-04,outlet-1,CAKE-004,4,0,88.0,0
2025-09-04,outlet-1,CAKE-005,2,0,52.0,22
2025-09-04,outlet-1,CAKE-006,5,0,150.0,48
2025-09-04,outlet-1,CAKE-007,4,0,108.0,19
2025-09-04,outlet-1,CAKE-008,3,0,60.0,12
2025-09-04,outlet-1,CAKE-009,5,0,120.0,12
2025-09-04,outlet-1,CAKE-010,8,0,144.0,28
2025-09-04,outlet-2,CAKE-001,8,0,224.0,33
2025-09-04,outlet-2,CAKE-002,8,0,192.0,17
2025-09-04,outlet-2,CAKE-003,5,0,160.0,8
2025-09-04,outlet-2,CAKE-004,4,0,88.0,21
2025-09-04,outlet-2,CAKE-005,5,0,130.0,7
2025-09-04,outlet-2,CAKE-006,6,0,180.0,3
2025-09-04,outlet-2,CAKE-007,4,0,108.0,32
2025-09-04,outlet-2,CAKE-008,2,0,40.0,13
2025-09-04,outlet-2,CAKE-009,5,0,120.0,5
2025-09-04,outlet-2,CAKE-010,6,0,108.0,58
2025-09-04,outlet-3,CAKE-001,13,1,364.0,25
2025-09-04,outlet-3,CAKE-002,1,0,24.0,0
2025-09-04,outlet-3,CAKE-003,10,0,320.0,31
2025-09-04,outlet-3,CAKE-004,3,0,66.0,13
2025-09-04,outlet-3,CAKE-005,3,0,78.0,26
2025-09-04,outlet-3,CAKE-006,4,0,120.0,45
2025-09-04,outlet-3,CAKE-007,6,0,162.0,18
2025-09-04,outlet-3,CAKE-008,2,0,40.0,4
2025-09-04,outlet-3,CAKE-009,4,0,96.0,2
2025-09-04,outlet-3,CAKE-010,5,0,90.0,12
2025-09-04,outlet-4,CAKE-001,8,0,224.0,9
2025-09-04,outlet-4,CAKE-002,5,0,120.0,0
2025-09-04,outlet-4,CAKE-003,3,0,96.0,48
2025-09-04,outlet-4,CAKE-004,3,0,66.0,7
2025-09-04,outlet-4,CAKE-005,5,0,130.0,11
2025-09-04,outlet-4,CAKE-006,3,0,90.0,2
2025-09-04,outlet-4,CAKE-007,9,1,243.0,28
2025-09-04,outlet-4,CAKE-008,3,0,60.0,8
2025-09-04,outlet-4,CAKE-009,6,0,144.0,7
2025-09-04,outlet-4,CAKE-010,5,0,90.0,48
2025-09-04,outlet-5,CAKE-001,4,0,112.0,17
2025-09-04,outlet-5,CAKE-002,3,0,72.0,7
2025-09-04,outlet-5,CAKE-003,2,0,64.0,9
2025-09-04,outlet-5,CAKE-004,2,0,44.0,4
2025-09-04,outlet-5,CAKE-005,1,0,26.0,6
2025-09-04,outlet-5,CAKE-006,6,0,180.0,13
2025-09-04,outlet-5,CAKE-007,1,0,27.0,15
2025-09-04,outlet-5,CAKE-008,1,0,20.0,5
2025-09-04,outlet-5,CAKE-009,0,0,0.0,6
2025-09-04,outlet-5,CAKE-010,5,0,90.0,5
2025-09-05,outlet-1,CAKE-001,7,0,196.0,32
2025-09-05,outlet-1,CAKE-002,6,0,144.0,42
2025-09-05,outlet-1,CAKE-003,4,0,128.0,20
2025-09-05,outlet-1,CAKE-004,0,0,0.0,26
2025-09-05,outlet-1,CAKE-005,6,0,156.0,16
2025-09-05,outlet-1,CAKE-006,7,0,210.0,63
2025-09-05,outlet-1,CAKE-007,9,0,243.0,10
2025-09-05,outlet-1,CAKE-008,4,0,80.0,12
2025-09-05,outlet-1,CAKE-009,5,0,120.0,13
2025-09-05,outlet-1,CAKE-010,9,0,162.0,19
2025-09-05,outlet-2,CAKE-001,12,0,336.0,21
2025-09-05,outlet-2,CAKE-002,7,0,168.0,10
2025-09-05,outlet-2,CAKE-003,5,0,160.0,3
2025-09-05,outlet-2,CAKE-004,4,0,88.0,17
2025-09-05,outlet-2,CAKE-005,5,0,130.0,2
2025-09-05,outlet-2,CAKE-006,3,0,90.0,0
2025-09-05,outlet-2,CAKE-007,1,0,27.0,31
2025-09-05,outlet-2,CAKE-008,3,0,60.0,10
2025-09-05,outlet-2,CAKE-009,3,0,72.0,2
2025-09-05,outlet-2,CAKE-010,11,0,198.0,47
2025-09-05,outlet-3,CAKE-001,19,0,532.0,19
2025-09-05,outlet-3,CAKE-002,0,0,0.0,46
2025-09-05,outlet-3,CAKE-003,13,0,416.0,18
2025-09-05,outlet-3,CAKE-004,5,0,110.0,8
2025-09-05,outlet-3,CAKE-005,5,0,130.0,21
2025-09-05,outlet-3,CAKE-006,18,1,540.0,41
2025-09-05,outlet-3,CAKE-007,6,0,162.0,12
2025-09-05,outlet-3,CAKE-008,3,0,60.0,1
2025-09-05,outlet-3,CAKE-009,2,0,48.0,12
2025-09-05,outlet-3,CAKE-010,7,0,126.0,5
2025-09-05,outlet-4,CAKE-001,9,0,252.0,43
2025-09-05,outlet-4,CAKE-002,0,0,0.0,54
2025-09-05,outlet-4,CAKE-003,4,0,128.0,44
2025-09-05,outlet-4,CAKE-004,7,0,154.0,0
2025-09-05,outlet-4,CAKE-005,10,0,260.0,34
2025-09-05,outlet-4,CAKE-006,2,0,60.0,0
2025-09-05,outlet-4,CAKE-007,10,0,270.0,18
2025-09-05,outlet-4,CAKE-008,6,0,120.0,2
2025-09-05,outlet-4,CAKE-009,7,0,168.0,28
2025-09-05,outlet-4,CAKE-010,11,0,198.0,37
2025-09-05,outlet-5,CAKE-001,9,0,252.0,8
2025-09-05,outlet-5,CAKE-002,6,0,144.0,22
2025-09-05,outlet-5,CAKE-003,3,0,96.0,6
2025-09-05,outlet-5,CAKE-004,3,0,66.0,5
2025-09-05,outlet-5,CAKE-005,2,0,52.0,4
2025-09-05,outlet-5,CAKE-006,6,0,180.0,7
2025-09-05,outlet-5,CAKE-007,3,0,81.0,12
2025-09-05,outlet-5,CAKE-008,2,0,40.0,3
2025-09-05,outlet-5,CAKE-009,4,0,96.0,7
2025-09-05,outlet-5,CAKE-010,5,0,90.0,0
2025-09-06,outlet-1,CAKE-001,13,0,364.0,19
2025-09-06,outlet-1,CAKE-002,6,0,144.0,36
2025-09-06,outlet-1,CAKE-003,6,0,192.0,14
2025-09-06,outlet-1,CAKE-004,5,0,110.0,28
2025-09-06,outlet-1,CAKE-005,4,0,104.0,12
2025-09-06,outlet-1,CAKE-006,6,0,180.0,57
2025-09-06,outlet-1,CAKE-007,8,1,216.0,3
2025-09-06,outlet-1,CAKE-008,4,0,80.0,13
2025-09-06,outlet-1,CAKE-009,5,0,120.0,8
2025-09-06,outlet-1,CAKE-010,12,0,216.0,7
2025-09-06,outlet-2,CAKE-001,8,0,224.0,13
2025-09-06,outlet-2,CAKE-002,10,0,240.0,42
2025-09-06,outlet-2,CAKE-003,3,0,96.0,27
2025-09-06,outlet-2,CAKE-004,6,0,132.0,11
2025-09-06,outlet-2,CAKE-005,2,0,52.0,21
2025-09-06,outlet-2,CAKE-006,0,0,0.0,0
2025-09-06,outlet-2,CAKE-007,10,0,270.0,21
2025-09-06,outlet-2,CAKE-008,3,0,60.0,7
2025-09-06,outlet-2,CAKE-009,2,0,48.0,9
2025-09-06,outlet-2,CAKE-010,9,0,162.0,38
2025-09-06,outlet-3,CAKE-001,19,1,532.0,1
2025-09-06,outlet-3,CAKE-002,7,0,168.0,39
2025-09-06,outlet-3,CAKE-003,16,0,512.0,2
2025-09-06,outlet-3,CAKE-004,4,0,88.0,8
2025-09-06,outlet-3,CAKE-005,5,0,130.0,16
2025-09-06,outlet-3,CAKE-006,11,0,330.0,30
2025-09-06,outlet-3,CAKE-007,7,1,189.0,6
2025-09-06,outlet-3,CAKE-008,1,0,20.0,12
2025-09-06,outlet-3,CAKE-009,5,0,120.0,7
2025-09-06,outlet-3,CAKE-010,5,0,90.0,12
2025-09-06,outlet-4,CAKE-001,13,0,364.0,30
2025-09-06,outlet-4,CAKE-002,11,0,264.0,43
2025-09-06,outlet-4,CAKE-003,6,0,192.0,38
2025-09-06,outlet-4,CAKE-004,0,0,0.0,28
2025-09-06,outlet-4,CAKE-005,8,0,208.0,38
2025-09-06,outlet-4,CAKE-006,0,0,0.0,0
2025-09-06,outlet-4,CAKE-007,11,1,297.0,8
2025-09-06,outlet-4,CAKE-008,2,0,40.0,27
2025-09-06,outlet-4,CAKE-009,7,0,168.0,21
2025-09-06,outlet-4,CAKE-010,9,0,162.0,28
2025-09-06,outlet-5,CAKE-001,6,0,168.0,10
2025-09-06,outlet-5,CAKE-002,5,0,120.0,17
2025-09-06,outlet-5,CAKE-003,3,0,96.0,3
2025-09-06,outlet-5,CAKE-004,3,0,66.0,2
2025-09-06,outlet-5,CAKE-005,2,0,52.0,2
2025-09-06,outlet-5,CAKE-006,6,0,180.0,31
2025-09-06,outlet-5,CAKE-007,4,0,108.0,8
2025-09-06,outlet-5,CAKE-008,1,0,20.0,2
2025-09-06,outlet-5,CAKE-009,4,0,96.0,3
2025-09-06,outlet-5,CAKE-010,0,0,0.0,21
2025-09-07,outlet-1,CAKE-001,9,0,252.0,10
2025-09-07,outlet-1,CAKE-002,9,0,216.0,27
2025-09-07,outlet-1,CAKE-003,8,0,256.0,6
2025-09-07,outlet-1,CAKE-004,6,0,132.0,28
2025-09-07,outlet-1,CAKE-005,3,0,78.0,16
2025-09-07,outlet-1,CAKE-006,13,0,390.0,64
2025-09-07,outlet-1,CAKE-007,3,0,81.0,0
2025-09-07,outlet-1,CAKE-008,4,0,80.0,9
2025-09-07,outlet-1,CAKE-009,5,0,120.0,3
2025-09-07,outlet-1,CAKE-010,7,0,126.0,0
2025-09-07,outlet-2,CAKE-001,11,0,308.0,50
2025-09-07,outlet-2,CAKE-002,9,0,216.0,33
2025-09-07,outlet-2,CAKE-003,6,0,192.0,21
2025-09-07,outlet-2,CAKE-004,8,0,176.0,3
2025-09-07,outlet-2,CAKE-005,2,0,52.0,19
2025-09-07,outlet-2,CAKE-006,0,0,0.0,8
2025-09-07,outlet-2,CAKE-007,8,1,216.0,20
2025-09-07,outlet-2,CAKE-008,4,0,80.0,3
2025-09-07,outlet-2,CAKE-009,5,0,120.0,4
2025-09-07,outlet-2,CAKE-010,9,0,162.0,29
2025-09-07,outlet-3,CAKE-001,1,0,28.0,67
2025-09-07,outlet-3,CAKE-002,10,0,240.0,29
2025-09-07,outlet-3,CAKE-003,2,0,64.0,0
2025-09-07,outlet-3,CAKE-004,3,0,66.0,5
2025-09-07,outlet-3,CAKE-005,4,0,104.0,12
2025-09-07,outlet-3,CAKE-006,7,0,210.0,23
2025-09-07,outlet-3,CAKE-007,6,0,162.0,30
2025-09-07,outlet-3,CAKE-008,2,0,40.0,10
2025-09-07,outlet-3,CAKE-009,4,0,96.0,12
2025-09-07,outlet-3,CAKE-010,8,0,144.0,4
2025-09-07,outlet-4,CAKE-001,14,1,392.0,29
2025-09-07,outlet-4,CAKE-002,9,0,216.0,34
2025-09-07,outlet-4,CAKE-003,8,0,256.0,30
2025-09-07,outlet-4,CAKE-004,5,0,110.0,23
2025-09-07,outlet-4,CAKE-005,8,0,208.0,30
2025-09-07,outlet-4,CAKE-006,0,0,0.0,21
2025-09-07,outlet-4,CAKE-007,8,0,216.0,0
2025-09-07,outlet-4,CAKE-008,6,0,120.0,21
2025-09-07,outlet-4,CAKE-009,5,0,120.0,16
2025-09-07,outlet-4,CAKE-010,15,0,270.0,27
2025-09-07,outlet-5,CAKE-001,7,0,196.0,3
2025-09-07,outlet-5,CAKE-002,4,0,96.0,13
2025-09-07,outlet-5,CAKE-003,2,0,64.0,1
2025-09-07,outlet-5,CAKE-004,2,0,44.0,14
2025-09-07,outlet-5,CAKE-005,2,0,52.0,12
2025-09-07,outlet-5,CAKE-006,7,0,210.0,24
2025-09-07,outlet-5,CAKE-007,5,0,135.0,11
2025-09-07,outlet-5,CAKE-008,1,0,20.0,3
2025-09-07,outlet-5,CAKE-009,3,0,72.0,16
2025-09-07,outlet-5,CAKE-010,6,0,108.0,15
2025-09-08,outlet-1,CAKE-001,8,0,224.0,59
2025-09-08,outlet-1,CAKE-002,6,0,144.0,21
2025-09-08,outlet-1,CAKE-003,3,0,96.0,11
2025-09-08,outlet-1,CAKE-004,4,0,88.0,24
2025-09-08,outlet-1,CAKE-005,4,0,104.0,12
2025-09-08,outlet-1,CAKE-006,7,0,210.0,57
2025-09-08,outlet-1,CAKE-007,0,0,0.0,33
2025-09-08,outlet-1,CAKE-008,4,0,80.0,5
2025-09-08,outlet-1,CAKE-009,3,0,72.0,24
2025-09-08,outlet-1,CAKE-010,0,0,0.0,10
2025-09-08,outlet-2,CAKE-001,9,0,252.0,41
2025-09-08,outlet-2,CAKE-002,6,0,144.0,27
2025-09-08,outlet-2,CAKE-003,5,0,160.0,16
2025-09-08,outlet-2,CAKE-004,3,0,66.0,6
2025-09-08,outlet-2,CAKE-005,2,0,52.0,17
2025-09-08,outlet-2,CAKE-006,5,0,150.0,3
2025-09-08,outlet-2,CAKE-007,6,0,162.0,14
2025-09-08,outlet-2,CAKE-008,3,0,60.0,16
2025-09-08,outlet-2,CAKE-009,4,0,96.0,7
2025-09-08,outlet-2,CAKE-010,6,0,108.0,23
2025-09-08,outlet-3,CAKE-001,8,0,224.0,59
2025-09-08,outlet-3,CAKE-002,10,0,240.0,19
2025-09-08,outlet-3,CAKE-003,0,0,0.0,48
2025-09-08,outlet-3,CAKE-004,3,0,66.0,2
2025-09-08,outlet-3,CAKE-005,5,0,130.0,7
2025-09-08,outlet-3,CAKE-006,12,0,360.0,25
2025-09-08,outlet-3,CAKE-007,5,0,135.0,25
2025-09-08,outlet-3,CAKE-008,1,0,20.0,9
2025-09-08,outlet-3,CAKE-009,4,0,96.0,8
2025-09-08,outlet-3,CAKE-010,4,0,72.0,13
2025-09-08,outlet-4,CAKE-001,8,0,224.0,21
2025-09-08,outlet-4,CAKE-002,8,0,192.0,26
2025-09-08,outlet-4,CAKE-003,3,0,96.0,27
2025-09-08,outlet-4,CAKE-004,4,0,88.0,19
2025-09-08,outlet-4,CAKE-005,6,0,156.0,24
2025-09-08,outlet-4,CAKE-006,3,0,90.0,18
2025-09-08,outlet-4,CAKE-007,0,0,0.0,0
2025-09-08,outlet-4,CAKE-008,5,0,100.0,16
2025-09-08,outlet-4,CAKE-009,3,0,72.0,13
2025-09-08,outlet-4,CAKE-010,7,0,126.0,20
2025-09-08,outlet-5,CAKE-001,3,0,84.0,0
2025-09-08,outlet-5,CAKE-002,4,0,96.0,9
2025-09-08,outlet-5,CAKE-003,1,0,32.0,12
2025-09-08,outlet-5,CAKE-004,2,0,44.0,16
2025-09-08,outlet-5,CAKE-005,2,0,52.0,10
2025-09-08,outlet-5,CAKE-006,5,0,150.0,19
2025-09-08,outlet-5,CAKE-007,1,0,27.0,10
2025-09-08,outlet-5,CAKE-008,1,0,20.0,2
2025-09-08,outlet-5,CAKE-009,2,0,48.0,14
2025-09-08,outlet-5,CAKE-010,4,0,72.0,11
2025-09-09,outlet-1,CAKE-001,11,0,308.0,48
2025-09-09,outlet-1,CAKE-002,7,0,168.0,14
2025-09-09,outlet-1,CAKE-003,4,0,128.0,14
2025-09-09,outlet-1,CAKE-004,4,0,88.0,20
2025-09-09,outlet-1,CAKE-005,5,0,130.0,7
2025-09-09,outlet-1,CAKE-006,6,0,180.0,51
2025-09-09,outlet-1,CAKE-007,1,0,27.0,32
2025-09-09,outlet-1,CAKE-008,3,0,60.0,2
2025-09-09,outlet-1,CAKE-009,4,0,96.0,20
2025-09-09,outlet-1,CAKE-010,6,0,108.0,4
2025-09-09,outlet-2,CAKE-001,9,0,252.0,48
2025-09-09,outlet-2,CAKE-002,6,0,144.0,21
2025-09-09,outlet-2,CAKE-003,4,0,128.0,12
2025-09-09,outlet-2,CAKE-004,4,0,88.0,2
2025-09-09,outlet-2,CAKE-005,4,0,104.0,20
2025-09-09,outlet-2,CAKE-006,3,0,90.0,8
2025-09-09,outlet-2,CAKE-007,4,0,108.0,10
2025-09-09,outlet-2,CAKE-008,3,0,60.0,13
2025-09-09,outlet-2,CAKE-009,4,0,96.0,3
2025-09-09,outlet-2,CAKE-010,8,0,144.0,26
2025-09-09,outlet-3,CAKE-001,6,0,168.0,53
2025-09-09,outlet-3,CAKE-002,4,0,96.0,29
2025-09-09,outlet-3,CAKE-003,7,0,224.0,41
2025-09-09,outlet-3,CAKE-004,2,0,44.0,4
2025-09-09,outlet-3,CAKE-005,3,0,78.0,4
2025-09-09,outlet-3,CAKE-006,11,0,330.0,14
2025-09-09,outlet-3,CAKE-007,3,0,81.0,22
2025-09-09,outlet-3,CAKE-008,2,0,40.0,7
2025-09-09,outlet-3,CAKE-009,3,0,72.0,5
2025-09-09,outlet-3,CAKE-010,6,0,108.0,7
2025-09-09,outlet-4,CAKE-001,8,0,224.0,13
2025-09-09,outlet-4,CAKE-002,10,0,240.0,16
2025-09-09,outlet-4,CAKE-003,5,0,160.0,22
2025-09-09,outlet-4,CAKE-004,5,0,110.0,14
2025-09-09,outlet-4,CAKE-005,7,0,182.0,17
2025-09-09,outlet-4,CAKE-006,4,0,120.0,22
2025-09-09,outlet-4,CAKE-007,0,0,0.0,0
2025-09-09,outlet-4,CAKE-008,5,0,100.0,11
2025-09-09,outlet-4,CAKE-009,5,0,120.0,8
2025-09-09,outlet-4,CAKE-010,7,0,126.0,13
2025-09-09,outlet-5,CAKE-001,0,0,0.0,6
2025-09-09,outlet-5,CAKE-002,4,0,96.0,5
2025-09-09,outlet-5,CAKE-003,2,0,64.0,10
2025-09-09,outlet-5,CAKE-004,2,0,44.0,14
2025-09-09,outlet-5,CAKE-005,2,0,52.0,12
2025-09-09,outlet-5,CAKE-006,5,0,150.0,14
2025-09-09,outlet-5,CAKE-007,3,0,81.0,7
2025-09-09,outlet-5,CAKE-008,1,0,20.0,1
2025-09-09,outlet-5,CAKE-009,3,0,72.0,11
2025-09-09,outlet-5,CAKE-010,4,0,72.0,7
2025-09-10,outlet-1,CAKE-001,7,0,196.0,41
2025-09-10,outlet-1,CAKE-002,9,0,216.0,5
2025-09-10,outlet-1,CAKE-003,5,0,160.0,9
2025-09-10,outlet-1,CAKE-004,5,0,110.0,15
2025-09-10,outlet-1,CAKE-005,5,0,130.0,2
2025-09-10,outlet-1,CAKE-006,5,0,150.0,46
2025-09-10,outlet-1,CAKE-007,6,0,162.0,26
2025-09-10,outlet-1,CAKE-008,2,0,40.0,18
2025-09-10,outlet-1,CAKE-009,4,0,96.0,16
2025-09-10,outlet-1,CAKE-010,4,0,72.0,0
2025-09-10,outlet-2,CAKE-001,7,0,196.0,41
2025-09-10,outlet-2,CAKE-002,6,0,144.0,30
2025-09-10,outlet-2,CAKE-003,5,0,160.0,7
2025-09-10,outlet-2,CAKE-004,2,0,44.0,0
2025-09-10,outlet-2,CAKE-005,4,0,104.0,16
2025-09-10,outlet-2,CAKE-006,6,0,180.0,10
2025-09-10,outlet-2,CAKE-007,3,0,81.0,7
2025-09-10,outlet-2,CAKE-008,3,0,60.0,10
2025-09-10,outlet-2,CAKE-009,3,0,72.0,21
2025-09-10,outlet-2,CAKE-010,7,0,126.0,19
2025-09-10,outlet-3,CAKE-001,13,0,364.0,40
2025-09-10,outlet-3,CAKE-002,6,0,144.0,23
2025-09-10,outlet-3,CAKE-003,8,0,256.0,33
2025-09-10,outlet-3,CAKE-004,3,0,66.0,5
2025-09-10,outlet-3,CAKE-005,4,0,104.0,24
2025-09-10,outlet-3,CAKE-006,7,0,210.0,7
2025-09-10,outlet-3,CAKE-007,6,0,162.0,16
2025-09-10,outlet-3,CAKE-008,2,0,40.0,5
2025-09-10,outlet-3,CAKE-009,5,0,120.0,21
2025-09-10,outlet-3,CAKE-010,4,0,72.0,3
2025-09-10,outlet-4,CAKE-001,4,0,112.0,9
2025-09-10,outlet-4,CAKE-002,9,0,216.0,25
2025-09-10,outlet-4,CAKE-003,5,0,160.0,17
2025-09-10,outlet-4,CAKE-004,6,0,132.0,8
2025-09-10,outlet-4,CAKE-005,8,0,208.0,9
2025-09-10,outlet-4,CAKE-006,6,0,180.0,23
2025-09-10,outlet-4,CAKE-007,0,0,0.0,36
2025-09-10,outlet-4,CAKE-008,4,0,80.0,7
2025-09-10,outlet-4,CAKE-009,3,0,72.0,11
2025-09-10,outlet-4,CAKE-010,8,0,144.0,5
2025-09-10,outlet-5,CAKE-001,5,0,140.0,29
2025-09-10,outlet-5,CAKE-002,3,0,72.0,2
2025-09-10,outlet-5,CAKE-003,2,0,64.0,8
2025-09-10,outlet-5,CAKE-004,3,0,66.0,11
2025-09-10,outlet-5,CAKE-005,2,0,52.0,10
2025-09-10,outlet-5,CAKE-006,5,0,150.0,21
2025-09-10,outlet-5,CAKE-007,3,0,81.0,4
2025-09-10,outlet-5,CAKE-008,1,0,20.0,2
2025-09-10,outlet-5,CAKE-009,3,0,72.0,8
2025-09-10,outlet-5,CAKE-010,2,0,36.0,5
2025-09-11,outlet-1,CAKE-001,9,0,252.0,54
2025-09-11,outlet-1,CAKE-002,5,0,120.0,0
2025-09-11,outlet-1,CAKE-003,5,0,160.0,4
2025-09-11,outlet-1,CAKE-004,5,0,110.0,10
2025-09-11,outlet-1,CAKE-005,2,0,52.0,9
2025-09-11,outlet-1,CAKE-006,7,0,210.0,39
2025-09-11,outlet-1,CAKE-007,7,0,189.0,19
2025-09-11,outlet-1,CAKE-008,2,0,40.0,21
2025-09-11,outlet-1,CAKE-009,6,0,144.0,10
2025-09-11,outlet-1,CAKE-010,0,0,0.0,43
2025-09-11,outlet-2,CAKE-001,3,0,84.0,38
2025-09-11,outlet-2,CAKE-002,10,0,240.0,20
2025-09-11,outlet-2,CAKE-003,4,0,128.0,13
2025-09-11,outlet-2,CAKE-004,0,0,0.0,0
2025-09-11,outlet-2,CAKE-005,5,0,130.0,11
2025-09-11,outlet-2,CAKE-006,5,0,150.0,5
2025-09-11,outlet-2,CAKE-007,6,0,162.0,31
2025-09-11,outlet-2,CAKE-008,2,0,40.0,8
2025-09-11,outlet-2,CAKE-009,4,0,96.0,17
2025-09-11,outlet-2,CAKE-010,7,0,126.0,12
2025-09-11,outlet-3,CAKE-001,15,0,420.0,25
2025-09-11,outlet-3,CAKE-002,8,0,192.0,15
2025-09-11,outlet-3,CAKE-003,8,0,256.0,39
2025-09-11,outlet-3,CAKE-004,3,0,66.0,5
2025-09-11,outlet-3,CAKE-005,4,0,104.0,20
2025-09-11,outlet-3,CAKE-006,7,0,210.0,45
2025-09-11,outlet-3,CAKE-007,3,0,81.0,13
2025-09-11,outlet-3,CAKE-008,2,0,40.0,7
2025-09-11,outlet-3,CAKE-009,3,0,72.0,29
2025-09-11,outlet-3,CAKE-010,3,0,54.0,0
2025-09-11,outlet-4,CAKE-001,6,0,168.0,46
2025-09-11,outlet-4,CAKE-002,10,0,240.0,15
2025-09-11,outlet-4,CAKE-003,4,0,128.0,24
2025-09-11,outlet-4,CAKE-004,6,0,132.0,30
2025-09-11,outlet-4,CAKE-005,2,0,52.0,7
2025-09-11,outlet-4,CAKE-006,2,0,60.0,21
2025-09-11,outlet-4,CAKE-007,5,0,135.0,31
2025-09-11,outlet-4,CAKE-008,6,0,120.0,1
2025-09-11,outlet-4,CAKE-009,3,0,72.0,8
2025-09-11,outlet-4,CAKE-010,5,0,90.0,46
2025-09-11,outlet-5,CAKE-001,6,0,168.0,23
2025-09-11,outlet-5,CAKE-002,2,0,48.0,21
2025-09-11,outlet-5,CAKE-003,2,0,64.0,6
2025-09-11,outlet-5,CAKE-004,3,0,66.0,8
2025-09-11,outlet-5,CAKE-005,2,0,52.0,11
2025-09-11,outlet-5,CAKE-006,4,0,120.0,17
2025-09-11,outlet-5,CAKE-007,2,0,54.0,10
2025-09-11,outlet-5,CAKE-008,1,0,20.0,1
2025-09-11,outlet-5,CAKE-009,3,0,72.0,5
2025-09-11,outlet-5,CAKE-010,4,0,72.0,6
2025-09-12,outlet-1,CAKE-001,17,1,476.0,38
2025-09-12,outlet-1,CAKE-002,0,0,0.0,46
2025-09-12,outlet-1,CAKE-003,4,0,128.0,30
2025-09-12,outlet-1,CAKE-004,4,0,88.0,6
2025-09-12,outlet-1,CAKE-005,6,0,156.0,3
2025-09-12,outlet-1,CAKE-006,12,1,360.0,28
2025-09-12,outlet-1,CAKE-007,9,1,243.0,23
2025-09-12,outlet-1,CAKE-008,3,0,60.0,18
2025-09-12,outlet-1,CAKE-009,4,0,96.0,6
2025-09-12,outlet-1,CAKE-010,9,0,162.0,34
2025-09-12,outlet-2,CAKE-001,9,0,252.0,29
2025-09-12,outlet-2,CAKE-002,7,0,168.0,13
2025-09-12,outlet-2,CAKE-003,9,0,288.0,4
2025-09-12,outlet-2,CAKE-004,0,0,0.0,24
2025-09-12,outlet-2,CAKE-005,3,0,78.0,8
2025-09-12,outlet-2,CAKE-006,5,0,150.0,8
2025-09-12,outlet-2,CAKE-007,6,0,162.0,25
2025-09-12,outlet-2,CAKE-008,3,0,60.0,5
2025-09-12,outlet-2,CAKE-009,6,0,144.0,11
2025-09-12,outlet-2,CAKE-010,6,0,108.0,6
2025-09-12,outlet-3,CAKE-001,12,0,336.0,13
2025-09-12,outlet-3,CAKE-002,9,0,216.0,6
2025-09-12,outlet-3,CAKE-003,8,0,256.0,31
2025-09-12,outlet-3,CAKE-004,5,0,110.0,0
2025-09-12,outlet-3,CAKE-005,5,0,130.0,15
2025-09-12,outlet-3,CAKE-006,14,0,420.0,31
2025-09-12,outlet-3,CAKE-007,8,1,216.0,13
2025-09-12,outlet-3,CAKE-008,2,0,40.0,5
2025-09-12,outlet-3,CAKE-009,3,0,72.0,26
2025-09-12,outlet-3,CAKE-010,0,0,0.0,11
2025-09-12,outlet-4,CAKE-001,7,0,196.0,39
2025-09-12,outlet-4,CAKE-002,10,0,240.0,5
2025-09-12,outlet-4,CAKE-003,5,0,160.0,19
2025-09-12,outlet-4,CAKE-004,7,0,154.0,23
2025-09-12,outlet-4,CAKE-005,7,0,182.0,0
2025-09-12,outlet-4,CAKE-006,5,0,150.0,16
2025-09-12,outlet-4,CAKE-007,8,1,216.0,24
2025-09-12,outlet-4,CAKE-008,1,0,20.0,10
2025-09-12,outlet-4,CAKE-009,4,0,96.0,4
2025-09-12,outlet-4,CAKE-010,10,0,180.0,51
2025-09-12,outlet-5,CAKE-001,6,0,168.0,17
2025-09-12,outlet-5,CAKE-002,5,0,120.0,16
2025-09-12,outlet-5,CAKE-003,3,0,96.0,3
2025-09-12,outlet-5,CAKE-004,3,0,66.0,5
2025-09-12,outlet-5,CAKE-005,2,0,52.0,9
2025-09-12,outlet-5,CAKE-006,7,0,210.0,20
2025-09-12,outlet-5,CAKE-007,5,0,135.0,11
2025-09-12,outlet-5,CAKE-008,1,0,20.0,7
2025-09-12,outlet-5,CAKE-009,4,0,96.0,1
2025-09-12,outlet-5,CAKE-010,4,0,72.0,2
2025-09-13,outlet-1,CAKE-001,11,0,308.0,27
2025-09-13,outlet-1,CAKE-002,11,0,264.0,35
2025-09-13,outlet-1,CAKE-003,6,0,192.0,24
2025-09-13,outlet-1,CAKE-004,6,0,132.0,26
2025-09-13,outlet-1,CAKE-005,3,0,78.0,0
2025-09-13,outlet-1,CAKE-006,9,0,270.0,37
2025-09-13,outlet-1,CAKE-007,6,0,162.0,27
2025-09-13,outlet-1,CAKE-008,4,0,80.0,14
2025-09-13,outlet-1,CAKE-009,6,0,144.0,24
2025-09-13,outlet-1,CAKE-010,10,0,180.0,24
2025-09-13,outlet-2,CAKE-001,13,0,364.0,16
2025-09-13,outlet-2,CAKE-002,9,0,216.0,4
2025-09-13,outlet-2,CAKE-003,4,0,128.0,9
2025-09-13,outlet-2,CAKE-004,5,0,110.0,19
2025-09-13,outlet-2,CAKE-005,5,0,130.0,3
2025-09-13,outlet-2,CAKE-006,6,0,180.0,2
2025-09-13,outlet-2,CAKE-007,8,0,216.0,17
2025-09-13,outlet-2,CAKE-008,3,0,60.0,2
2025-09-13,outlet-2,CAKE-009,4,0,96.0,15
2025-09-13,outlet-2,CAKE-010,6,0,108.0,12
2025-09-13,outlet-3,CAKE-001,11,0,308.0,2
2025-09-13,outlet-3,CAKE-002,6,0,144.0,0
2025-09-13,outlet-3,CAKE-003,12,0,384.0,19
2025-09-13,outlet-3,CAKE-004,0,0,0.0,19
2025-09-13,outlet-3,CAKE-005,5,0,130.0,15
2025-09-13,outlet-3,CAKE-006,10,0,300.0,21
2025-09-13,outlet-3,CAKE-007,7,0,189.0,6
2025-09-13,outlet-3,CAKE-008,3,0,60.0,2
2025-09-13,outlet-3,CAKE-009,4,0,96.0,33
2025-09-13,outlet-3,CAKE-010,7,0,126.0,4
2025-09-13,outlet-4,CAKE-001,12,1,336.0,28
2025-09-13,outlet-4,CAKE-002,5,0,120.0,0
2025-09-13,outlet-4,CAKE-003,6,0,192.0,13
2025-09-13,outlet-4,CAKE-004,4,0,88.0,19
2025-09-13,outlet-4,CAKE-005,0,0,0.0,33
2025-09-13,outlet-4,CAKE-006,8,0,240.0,15
2025-09-13,outlet-4,CAKE-007,6,0,162.0,18
2025-09-13,outlet-4,CAKE-008,8,0,160.0,2
2025-09-13,outlet-4,CAKE-009,4,0,96.0,0
2025-09-13,outlet-4,CAKE-010,10,0,180.0,41
2025-09-13,outlet-5,CAKE-001,6,0,168.0,11
2025-09-13,outlet-5,CAKE-002,4,0,96.0,17
2025-09-13,outlet-5,CAKE-003,1,0,32.0,2
2025-09-13,outlet-5,CAKE-004,4,0,88.0,15
2025-09-13,outlet-5,CAKE-005,4,0,104.0,5
2025-09-13,outlet-5,CAKE-006,4,0,120.0,16
2025-09-13,outlet-5,CAKE-007,4,0,108.0,7
2025-09-13,outlet-5,CAKE-008,2,0,40.0,5
2025-09-13,outlet-5,CAKE-009,1,0,24.0,16
2025-09-13,outlet-5,CAKE-010,2,0,36.0,21
2025-09-14,outlet-1,CAKE-001,13,0,364.0,31
2025-09-14,outlet-1,CAKE-002,11,0,264.0,24
2025-09-14,outlet-1,CAKE-003,2,0,64.0,22
2025-09-14,outlet-1,CAKE-004,5,0,110.0,21
2025-09-14,outlet-1,CAKE-005,0,0,0.0,24
2025-09-14,outlet-1,CAKE-006,3,0,90.0,55
2025-09-14,outlet-1,CAKE-007,5,0,135.0,22
2025-09-14,outlet-1,CAKE-008,4,0,80.0,15
2025-09-14,outlet-1,CAKE-009,6,0,144.0,18
2025-09-14,outlet-1,CAKE-010,10,0,180.0,25
2025-09-14,outlet-2,CAKE-001,9,0,252.0,23
2025-09-14,outlet-2,CAKE-002,4,0,96.0,0
2025-09-14,outlet-2,CAKE-003,5,0,160.0,4
2025-09-14,outlet-2,CAKE-004,4,0,88.0,15
2025-09-14,outlet-2,CAKE-005,3,0,78.0,0
2025-09-14,outlet-2,CAKE-006,2,0,60.0,9
2025-09-14,outlet-2,CAKE-007,6,1,162.0,12
2025-09-14,outlet-2,CAKE-008,2,0,40.0,0
2025-09-14,outlet-2,CAKE-009,5,0,120.0,10
2025-09-14,outlet-2,CAKE-010,11,0,198.0,40
2025-09-14,outlet-3,CAKE-001,2,0,56.0,67
2025-09-14,outlet-3,CAKE-002,0,0,0.0,46
2025-09-14,outlet-3,CAKE-003,13,0,416.0,18
2025-09-14,outlet-3,CAKE-004,3,0,66.0,16
2025-09-14,outlet-3,CAKE-005,6,0,156.0,9
2025-09-14,outlet-3,CAKE-006,14,0,420.0,7
2025-09-14,outlet-3,CAKE-007,6,0,162.0,8
2025-09-14,outlet-3,CAKE-008,2,0,40.0,12
2025-09-14,outlet-3,CAKE-009,5,0,120.0,38
2025-09-14,outlet-3,CAKE-010,4,0,72.0,32
2025-09-14,outlet-4,CAKE-001,8,0,224.0,20
2025-09-14,outlet-4,CAKE-002,0,0,0.0,54
2025-09-14,outlet-4,CAKE-003,7,0,224.0,6
2025-09-14,outlet-4,CAKE-004,3,0,66.0,16
2025-09-14,outlet-4,CAKE-005,11,0,286.0,33
2025-09-14,outlet-4,CAKE-006,3,0,90.0,12
2025-09-14,outlet-4,CAKE-007,10,0,270.0,8
2025-09-14,outlet-4,CAKE-008,2,0,40.0,0
2025-09-14,outlet-4,CAKE-009,0,0,0.0,28
2025-09-14,outlet-4,CAKE-010,10,0,180.0,31
2025-09-14,outlet-5,CAKE-001,7,0,196.0,10
2025-09-14,outlet-5,CAKE-002,4,0,96.0,13
2025-09-14,outlet-5,CAKE-003,2,0,64.0,3
2025-09-14,outlet-5,CAKE-004,2,0,44.0,16
2025-09-14,outlet-5,CAKE-005,2,0,52.0,3
2025-09-14,outlet-5,CAKE-006,4,0,120.0,12
2025-09-14,outlet-5,CAKE-007,3,0,81.0,12
2025-09-14,outlet-5,CAKE-008,2,0,40.0,3
2025-09-14,outlet-5,CAKE-009,4,0,96.0,12
2025-09-14,outlet-5,CAKE-010,4,0,72.0,17
2025-09-15,outlet-1,CAKE-001,11,0,308.0,20
2025-09-15,outlet-1,CAKE-002,8,0,192.0,16
2025-09-15,outlet-1,CAKE-003,6,0,192.0,16
2025-09-15,outlet-1,CAKE-004,5,0,110.0,22
2025-09-15,outlet-1,CAKE-005,4,0,104.0,20
2025-09-15,outlet-1,CAKE-006,8,0,240.0,47
2025-09-15,outlet-1,CAKE-007,3,0,81.0,32
2025-09-15,outlet-1,CAKE-008,4,0,80.0,11
2025-09-15,outlet-1,CAKE-009,5,0,120.0,13
2025-09-15,outlet-1,CAKE-010,6,0,108.0,19
2025-09-15,outlet-2,CAKE-001,9,0,252.0,14
2025-09-15,outlet-2,CAKE-002,0,0,0.0,14
2025-09-15,outlet-2,CAKE-003,4,0,128.0,27
2025-09-15,outlet-2,CAKE-004,5,0,110.0,10
2025-09-15,outlet-2,CAKE-005,0,0,0.0,0
2025-09-15,outlet-2,CAKE-006,5,0,150.0,4
2025-09-15,outlet-2,CAKE-007,6,0,162.0,6
2025-09-15,outlet-2,CAKE-008,0,0,0.0,4
2025-09-15,outlet-2,CAKE-009,5,0,120.0,5
2025-09-15,outlet-2,CAKE-010,6,0,108.0,34
2025-09-15,outlet-3,CAKE-001,12,0,336.0,55
2025-09-15,outlet-3,CAKE-002,8,0,192.0,38
2025-09-15,outlet-3,CAKE-003,10,0,320.0,8
2025-09-15,outlet-3,CAKE-004,3,0,66.0,13
2025-09-15,outlet-3,CAKE-005,4,0,104.0,5
2025-09-15,outlet-3,CAKE-006,6,0,180.0,46
2025-09-15,outlet-3,CAKE-007,3,0,81.0,5
2025-09-15,outlet-3,CAKE-008,2,0,40.0,14
2025-09-15,outlet-3,CAKE-009,3,0,72.0,35
2025-09-15,outlet-3,CAKE-010,4,0,72.0,28
2025-09-15,outlet-4,CAKE-001,8,0,224.0,12
2025-09-15,outlet-4,CAKE-002,5,0,120.0,49
2025-09-15,outlet-4,CAKE-003,4,0,128.0,2
2025-09-15,outlet-4,CAKE-004,4,0,88.0,12
2025-09-15,outlet-4,CAKE-005,6,0,156.0,27
2025-09-15,outlet-4,CAKE-006,3,0,90.0,9
2025-09-15,outlet-4,CAKE-007,6,0,162.0,38
2025-09-15,outlet-4,CAKE-008,0,0,0.0,0
2025-09-15,outlet-4,CAKE-009,5,0,120.0,23
2025-09-15,outlet-4,CAKE-010,7,0,126.0,24
2025-09-15,outlet-5,CAKE-001,7,0,196.0,3
2025-09-15,outlet-5,CAKE-002,4,0,96.0,9
2025-09-15,outlet-5,CAKE-003,2,0,64.0,1
2025-09-15,outlet-5,CAKE-004,2,0,44.0,14
2025-09-15,outlet-5,CAKE-005,2,0,52.0,1
2025-09-15,outlet-5,CAKE-006,3,0,90.0,9
2025-09-15,outlet-5,CAKE-007,2,0,54.0,10
2025-09-15,outlet-5,CAKE-008,1,0,20.0,2
2025-09-15,outlet-5,CAKE-009,4,0,96.0,14
2025-09-15,outlet-5,CAKE-010,4,0,72.0,13
2025-09-16,outlet-1,CAKE-001,9,0,252.0,11
2025-09-16,outlet-1,CAKE-002,7,0,168.0,9
2025-09-16,outlet-1,CAKE-003,6,0,192.0,10
2025-09-16,outlet-1,CAKE-004,4,0,88.0,18
2025-09-16,outlet-1,CAKE-005,4,0,104.0,24
2025-09-16,outlet-1,CAKE-006,7,0,210.0,40
2025-09-16,outlet-1,CAKE-007,8,0,216.0,24
2025-09-16,outlet-1,CAKE-008,3,0,60.0,8
2025-09-16,outlet-1,CAKE-009,3,0,72.0,10
2025-09-16,outlet-1,CAKE-010,8,0,144.0,11
2025-09-16,outlet-2,CAKE-001,9,0,252.0,19
2025-09-16,outlet-2,CAKE-002,8,0,192.0,6
2025-09-16,outlet-2,CAKE-003,3,0,96.0,24
2025-09-16,outlet-2,CAKE-004,5,0,110.0,5
2025-09-16,outlet-2,CAKE-005,0,0,0.0,21
2025-09-16,outlet-2,CAKE-006,4,0,120.0,24
2025-09-16,outlet-2,CAKE-007,6,0,162.0,6
2025-09-16,outlet-2,CAKE-008,2,0,40.0,2
2025-09-16,outlet-2,CAKE-009,4,0,96.0,10
2025-09-16,outlet-2,CAKE-010,6,0,108.0,39
2025-09-16,outlet-3,CAKE-001,8,0,224.0,47
2025-09-16,outlet-3,CAKE-002,6,0,144.0,32
2025-09-16,outlet-3,CAKE-003,8,0,256.0,0
2025-09-16,outlet-3,CAKE-004,2,0,44.0,11
2025-09-16,outlet-3,CAKE-005,4,0,104.0,1
2025-09-16,outlet-3,CAKE-006,6,0,180.0,40
2025-09-16,outlet-3,CAKE-007,5,0,135.0,8
2025-09-16,outlet-3,CAKE-008,2,0,40.0,12
2025-09-16,outlet-3,CAKE-009,3,0,72.0,32
2025-09-16,outlet-3,CAKE-010,3,0,54.0,25
2025-09-16,outlet-4,CAKE-001,7,0,196.0,5
2025-09-16,outlet-4,CAKE-002,10,0,240.0,39
2025-09-16,outlet-4,CAKE-003,2,0,64.0,13
2025-09-16,outlet-4,CAKE-004,4,0,88.0,8
2025-09-16,outlet-4,CAKE-005,6,0,156.0,21
2025-09-16,outlet-4,CAKE-006,3,0,90.0,13
2025-09-16,outlet-4,CAKE-007,6,1,162.0,33
2025-09-16,outlet-4,CAKE-008,0,0,0.0,0
2025-09-16,outlet-4,CAKE-009,5,0,120.0,18
2025-09-16,outlet-4,CAKE-010,7,0,126.0,17
2025-09-16,outlet-5,CAKE-001,3,0,84.0,0
2025-09-16,outlet-5,CAKE-002,3,0,72.0,11
2025-09-16,outlet-5,CAKE-003,1,0,32.0,0
2025-09-16,outlet-5,CAKE-004,2,0,44.0,12
2025-09-16,outlet-5,CAKE-005,1,0,26.0,0
2025-09-16,outlet-5,CAKE-006,5,0,150.0,4
2025-09-16,outlet-5,CAKE-007,3,0,81.0,7
2025-09-16,outlet-5,CAKE-008,1,0,20.0,1
2025-09-16,outlet-5,CAKE-009,3,0,72.0,11
2025-09-16,outlet-5,CAKE-010,4,0,72.0,9
2025-09-17,outlet-1,CAKE-001,11,0,308.0,57
2025-09-17,outlet-1,CAKE-002,9,0,216.0,0
2025-09-17,outlet-1,CAKE-003,5,0,160.0,5
2025-09-17,outlet-1,CAKE-004,4,0,88.0,14
2025-09-17,outlet-1,CAKE-005,4,0,104.0,20
2025-09-17,outlet-1,CAKE-006,4,0,120.0,36
2025-09-17,outlet-1,CAKE-007,8,0,216.0,16
2025-09-17,outlet-1,CAKE-008,2,0,40.0,6
2025-09-17,outlet-1,CAKE-009,4,0,96.0,6
2025-09-17,outlet-1,CAKE-010,6,0,108.0,5
2025-09-17,outlet-2,CAKE-001,6,0,168.0,13
2025-09-17,outlet-2,CAKE-002,6,0,144.0,42
2025-09-17,outlet-2,CAKE-003,3,0,96.0,21
2025-09-17,outlet-2,CAKE-004,5,0,110.0,6
2025-09-17,outlet-2,CAKE-005,3,0,78.0,18
2025-09-17,outlet-2,CAKE-006,4,0,120.0,27
2025-09-17,outlet-2,CAKE-007,3,0,81.0,9
2025-09-17,outlet-2,CAKE-008,2,0,40.0,0
2025-09-17,outlet-2,CAKE-009,3,0,72.0,7
2025-09-17,outlet-2,CAKE-010,3,0,54.0,36
2025-09-17,outlet-3,CAKE-001,12,0,336.0,35
2025-09-17,outlet-3,CAKE-002,7,0,168.0,25
2025-09-17,outlet-3,CAKE-003,0,0,0.0,48
2025-09-17,outlet-3,CAKE-004,3,0,66.0,8
2025-09-17,outlet-3,CAKE-005,1,0,26.0,24
2025-09-17,outlet-3,CAKE-006,5,0,150.0,47
2025-09-17,outlet-3,CAKE-007,5,0,135.0,3
2025-09-17,outlet-3,CAKE-008,2,0,40.0,14
2025-09-17,outlet-3,CAKE-009,3,0,72.0,29
2025-09-17,outlet-3,CAKE-010,7,0,126.0,18
2025-09-17,outlet-4,CAKE-001,5,0,140.0,0
2025-09-17,outlet-4,CAKE-002,8,0,192.0,31
2025-09-17,outlet-4,CAKE-003,5,0,160.0,8
2025-09-17,outlet-4,CAKE-004,3,0,66.0,5
2025-09-17,outlet-4,CAKE-005,8,0,208.0,13
2025-09-17,outlet-4,CAKE-006,3,0,90.0,10
2025-09-17,outlet-4,CAKE-007,8,1,216.0,26
2025-09-17,outlet-4,CAKE-008,0,0,0.0,27
2025-09-17,outlet-4,CAKE-009,3,0,72.0,15
2025-09-17,outlet-4,CAKE-010,6,0,108.0,26
2025-09-17,outlet-5,CAKE-001,0,0,0.0,28
2025-09-17,outlet-5,CAKE-002,4,0,96.0,7
2025-09-17,outlet-5,CAKE-003,0,0,0.0,0
2025-09-17,outlet-5,CAKE-004,2,0,44.0,10
2025-09-17,outlet-5,CAKE-005,0,0,0.0,3
2025-09-17,outlet-5,CAKE-006,4,0,120.0,30
2025-09-17,outlet-5,CAKE-007,3,0,81.0,4
2025-09-17,outlet-5,CAKE-008,1,0,20.0,0
2025-09-17,outlet-5,CAKE-009,3,0,72.0,8
2025-09-17,outlet-5,CAKE-010,3,0,54.0,6
2025-09-18,outlet-1,CAKE-001,9,0,252.0,48
2025-09-18,outlet-1,CAKE-002,0,0,0.0,0
2025-09-18,outlet-1,CAKE-003,5,0,160.0,30
2025-09-18,outlet-1,CAKE-004,3,0,66.0,11
2025-09-18,outlet-1,CAKE-005,5,0,130.0,15
2025-09-18,outlet-1,CAKE-006,2,0,60.0,55
2025-09-18,outlet-1,CAKE-007,7,0,189.0,9
2025-09-18,outlet-1,CAKE-008,2,0,40.0,9
2025-09-18,outlet-1,CAKE-009,4,0,96.0,2
2025-09-18,outlet-1,CAKE-010,5,0,90.0,0
2025-09-18,outlet-2,CAKE-001,8,0,224.0,5
2025-09-18,outlet-2,CAKE-002,6,0,144.0,51
2025-09-18,outlet-2,CAKE-003,5,0,160.0,16
2025-09-18,outlet-2,CAKE-004,5,0,110.0,1
2025-09-18,outlet-2,CAKE-005,4,0,104.0,14
2025-09-18,outlet-2,CAKE-006,4,0,120.0,31
2025-09-18,outlet-2,CAKE-007,4,0,108.0,5
2025-09-18,outlet-2,CAKE-008,0,0,0.0,0
2025-09-18,outlet-2,CAKE-009,4,0,96.0,3
2025-09-18,outlet-2,CAKE-010,6,0,108.0,30
2025-09-18,outlet-3,CAKE-001,10,0,280.0,25
2025-09-18,outlet-3,CAKE-002,9,0,216.0,16
2025-09-18,outlet-3,CAKE-003,7,0,224.0,41
2025-09-18,outlet-3,CAKE-004,5,0,110.0,3
2025-09-18,outlet-3,CAKE-005,4,0,104.0,20
2025-09-18,outlet-3,CAKE-006,9,0,270.0,38
2025-09-18,outlet-3,CAKE-007,3,0,81.0,6
2025-09-18,outlet-3,CAKE-008,3,0,60.0,15
2025-09-18,outlet-3,CAKE-009,3,0,72.0,26
2025-09-18,outlet-3,CAKE-010,5,0,90.0,25
2025-09-18,outlet-4,CAKE-001,0,0,0.0,43
2025-09-18,outlet-4,CAKE-002,14,1,336.0,18
2025-09-18,outlet-4,CAKE-003,3,0,96.0,5
2025-09-18,outlet-4,CAKE-004,5,0,110.0,0
2025-09-18,outlet-4,CAKE-005,7,0,182.0,19
2025-09-18,outlet-4,CAKE-006,3,0,90.0,7
2025-09-18,outlet-4,CAKE-007,4,0,108.0,22
2025-09-18,outlet-4,CAKE-008,5,0,100.0,22
2025-09-18,outlet-4,CAKE-009,6,0,144.0,9
2025-09-18,outlet-4,CAKE-010,7,0,126.0,19
2025-09-18,outlet-5,CAKE-001,5,0,140.0,23
2025-09-18,outlet-5,CAKE-002,4,0,96.0,7
2025-09-18,outlet-5,CAKE-003,0,0,0.0,12
2025-09-18,outlet-5,CAKE-004,2,0,44.0,8
2025-09-18,outlet-5,CAKE-005,3,0,78.0,3
2025-09-18,outlet-5,CAKE-006,5,0,150.0,25
2025-09-18,outlet-5,CAKE-007,4,0,108.0,0
2025-09-18,outlet-5,CAKE-008,0,0,0.0,0
2025-09-18,outlet-5,CAKE-009,3,0,72.0,5
2025-09-18,outlet-5,CAKE-010,4,0,72.0,2
2025-09-19,outlet-1,CAKE-001,12,0,336.0,58
2025-09-19,outlet-1,CAKE-002,0,0,0.0,46
2025-09-19,outlet-1,CAKE-003,8,0,256.0,22
2025-09-19,outlet-1,CAKE-004,5,0,110.0,6
2025-09-19,outlet-1,CAKE-005,4,0,104.0,11
2025-09-19,outlet-1,CAKE-006,4,0,120.0,51
2025-09-19,outlet-1,CAKE-007,5,0,135.0,4
2025-09-19,outlet-1,CAKE-008,4,0,80.0,5
2025-09-19,outlet-1,CAKE-009,2,0,48.0,0
2025-09-19,outlet-1,CAKE-010,0,0,0.0,43
2025-09-19,outlet-2,CAKE-001,5,0,140.0,0
2025-09-19,outlet-2,CAKE-002,10,0,240.0,41
2025-09-19,outlet-2,CAKE-003,6,0,192.0,10
2025-09-19,outlet-2,CAKE-004,1,0,22.0,24
2025-09-19,outlet-2,CAKE-005,5,0,130.0,18
2025-09-19,outlet-2,CAKE-006,6,0,180.0,25
2025-09-19,outlet-2,CAKE-007,4,0,108.0,31
2025-09-19,outlet-2,CAKE-008,0,0,0.0,4
2025-09-19,outlet-2,CAKE-009,3,0,72.0,21
2025-09-19,outlet-2,CAKE-010,6,0,108.0,24
2025-09-19,outlet-3,CAKE-001,10,0,280.0,15
2025-09-19,outlet-3,CAKE-002,11,0,264.0,5
2025-09-19,outlet-3,CAKE-003,13,0,416.0,28
2025-09-19,outlet-3,CAKE-004,3,0,66.0,19
2025-09-19,outlet-3,CAKE-005,5,0,130.0,20
2025-09-19,outlet-3,CAKE-006,8,0,240.0,30
2025-09-19,outlet-3,CAKE-007,6,0,162.0,30
2025-09-19,outlet-3,CAKE-008,3,0,60.0,12
2025-09-19,outlet-3,CAKE-009,5,0,120.0,21
2025-09-19,outlet-3,CAKE-010,7,0,126.0,18
2025-09-19,outlet-4,CAKE-001,11,0,308.0,32
2025-09-19,outlet-4,CAKE-002,13,0,312.0,5
2025-09-19,outlet-4,CAKE-003,5,0,160.0,24
2025-09-19,outlet-4,CAKE-004,0,0,0.0,28
2025-09-19,outlet-4,CAKE-005,7,0,182.0,12
2025-09-19,outlet-4,CAKE-006,4,0,120.0,3
2025-09-19,outlet-4,CAKE-007,9,0,243.0,13
2025-09-19,outlet-4,CAKE-008,4,0,80.0,18
2025-09-19,outlet-4,CAKE-009,8,0,192.0,9
2025-09-19,outlet-4,CAKE-010,8,0,144.0,11
2025-09-19,outlet-5,CAKE-001,4,0,112.0,27
2025-09-19,outlet-5,CAKE-002,4,0,96.0,3
2025-09-19,outlet-5,CAKE-003,2,0,64.0,13
2025-09-19,outlet-5,CAKE-004,3,0,66.0,9
2025-09-19,outlet-5,CAKE-005,3,0,78.0,3
2025-09-19,outlet-5,CAKE-006,3,0,90.0,22
2025-09-19,outlet-5,CAKE-007,0,0,0.0,15
2025-09-19,outlet-5,CAKE-008,0,0,0.0,0
2025-09-19,outlet-5,CAKE-009,3,0,72.0,7
2025-09-19,outlet-5,CAKE-010,2,0,36.0,4
2025-09-20,outlet-1,CAKE-001,17,0,476.0,41
2025-09-20,outlet-1,CAKE-002,12,0,288.0,34
2025-09-20,outlet-1,CAKE-003,8,0,256.0,14
2025-09-20,outlet-1,CAKE-004,5,0,110.0,8
2025-09-20,outlet-1,CAKE-005,4,0,104.0,7
2025-09-20,outlet-1,CAKE-006,6,0,180.0,45
2025-09-20,outlet-1,CAKE-007,4,0,108.0,33
2025-09-20,outlet-1,CAKE-008,4,0,80.0,19
2025-09-20,outlet-1,CAKE-009,0,0,0.0,0
2025-09-20,outlet-1,CAKE-010,8,0,144.0,47
2025-09-20,outlet-2,CAKE-001,0,0,0.0,48
2025-09-20,outlet-2,CAKE-002,9,0,216.0,32
2025-09-20,outlet-2,CAKE-003,4,0,128.0,6
2025-09-20,outlet-2,CAKE-004,3,0,66.0,21
2025-09-20,outlet-2,CAKE-005,5,0,130.0,13
2025-09-20,outlet-2,CAKE-006,5,0,150.0,20
2025-09-20,outlet-2,CAKE-007,6,0,162.0,32
2025-09-20,outlet-2,CAKE-008,4,0,80.0,0
2025-09-20,outlet-2,CAKE-009,6,0,144.0,15
2025-09-20,outlet-2,CAKE-010,12,0,216.0,23
2025-09-20,outlet-3,CAKE-001,15,1,420.0,1
2025-09-20,outlet-3,CAKE-002,5,0,120.0,0
2025-09-20,outlet-3,CAKE-003,3,0,96.0,25
2025-09-20,outlet-3,CAKE-004,4,0,88.0,15
2025-09-20,outlet-3,CAKE-005,7,0,182.0,17
2025-09-20,outlet-3,CAKE-006,17,0,510.0,26
2025-09-20,outlet-3,CAKE-007,7,0,189.0,23
2025-09-20,outlet-3,CAKE-008,2,0,40.0,10
2025-09-20,outlet-3,CAKE-009,6,0,144.0,26
2025-09-20,outlet-3,CAKE-010,9,0,162.0,9
2025-09-20,outlet-4,CAKE-001,8,0,224.0,24
2025-09-20,outlet-4,CAKE-002,5,0,120.0,18
2025-09-20,outlet-4,CAKE-003,5,0,160.0,19
2025-09-20,outlet-4,CAKE-004,5,0,110.0,23
2025-09-20,outlet-4,CAKE-005,8,0,208.0,4
2025-09-20,outlet-4,CAKE-006,3,0,90.0,21
2025-09-20,outlet-4,CAKE-007,5,0,135.0,15
2025-09-20,outlet-4,CAKE-008,6,0,120.0,12
2025-09-20,outlet-4,CAKE-009,5,0,120.0,4
2025-09-20,outlet-4,CAKE-010,7,0,126.0,4
2025-09-20,outlet-5,CAKE-001,5,0,140.0,22
2025-09-20,outlet-5,CAKE-002,3,0,72.0,0
2025-09-20,outlet-5,CAKE-003,2,0,64.0,11
2025-09-20,outlet-5,CAKE-004,3,0,66.0,6
2025-09-20,outlet-5,CAKE-005,3,0,78.0,12
2025-09-20,outlet-5,CAKE-006,6,0,180.0,16
2025-09-20,outlet-5,CAKE-007,2,0,54.0,13
2025-09-20,outlet-5,CAKE-008,0,0,0.0,0
2025-09-20,outlet-5,CAKE-009,3,0,72.0,4
2025-09-20,outlet-5,CAKE-010,3,0,54.0,22
2025-09-21,outlet-1,CAKE-001,15,0,420.0,26
2025-09-21,outlet-1,CAKE-002,8,0,192.0,26
2025-09-21,outlet-1,CAKE-003,7,0,224.0,7
2025-09-21,outlet-1,CAKE-004,5,0,110.0,3
2025-09-21,outlet-1,CAKE-005,6,0,156.0,1
2025-09-21,outlet-1,CAKE-006,5,0,150.0,40
2025-09-21,outlet-1,CAKE-007,6,0,162.0,40
2025-09-21,outlet-1,CAKE-008,4,0,80.0,15
2025-09-21,outlet-1,CAKE-009,0,0,0.0,24
2025-09-21,outlet-1,CAKE-010,10,0,180.0,37
2025-09-21,outlet-2,CAKE-001,7,0,196.0,54
2025-09-21,outlet-2,CAKE-002,11,0,264.0,21
2025-09-21,outlet-2,CAKE-003,6,0,192.0,27
2025-09-21,outlet-2,CAKE-004,5,0,110.0,16
2025-09-21,outlet-2,CAKE-005,6,0,156.0,7
2025-09-21,outlet-2,CAKE-006,7,0,210.0,13
2025-09-21,outlet-2,CAKE-007,6,0,162.0,26
2025-09-21,outlet-2,CAKE-008,0,0,0.0,16
2025-09-21,outlet-2,CAKE-009,3,0,72.0,12
2025-09-21,outlet-2,CAKE-010,13,1,234.0,11
2025-09-21,outlet-3,CAKE-001,1,0,28.0,67
2025-09-21,outlet-3,CAKE-002,0,0,0.0,46
2025-09-21,outlet-3,CAKE-003,13,0,416.0,26
2025-09-21,outlet-3,CAKE-004,3,0,66.0,12
2025-09-21,outlet-3,CAKE-005,5,0,130.0,12
2025-09-21,outlet-3,CAKE-006,8,0,240.0,18
2025-09-21,outlet-3,CAKE-007,8,0,216.0,23
2025-09-21,outlet-3,CAKE-008,1,0,20.0,13
2025-09-21,outlet-3,CAKE-009,5,0,120.0,32
2025-09-21,outlet-3,CAKE-010,7,0,126.0,34
2025-09-21,outlet-4,CAKE-001,10,0,280.0,29
2025-09-21,outlet-4,CAKE-002,10,0,240.0,8
2025-09-21,outlet-4,CAKE-003,7,0,224.0,12
2025-09-21,outlet-4,CAKE-004,7,0,154.0,16
2025-09-21,outlet-4,CAKE-005,4,0,104.0,33
2025-09-21,outlet-4,CAKE-006,7,0,210.0,14
2025-09-21,outlet-4,CAKE-007,15,1,405.0,1
2025-09-21,outlet-4,CAKE-008,5,0,100.0,7
2025-09-21,outlet-4,CAKE-009,4,0,96.0,0
2025-09-21,outlet-4,CAKE-010,4,0,72.0,46
2025-09-21,outlet-5,CAKE-001,7,0,196.0,15
2025-09-21,outlet-5,CAKE-002,0,0,0.0,0
2025-09-21,outlet-5,CAKE-003,4,0,128.0,7
2025-09-21,outlet-5,CAKE-004,3,0,66.0,6
2025-09-21,outlet-5,CAKE-005,3,0,78.0,9
2025-09-21,outlet-5,CAKE-006,8,0,240.0,20
2025-09-21,outlet-5,CAKE-007,3,0,81.0,10
2025-09-21,outlet-5,CAKE-008,0,0,0.0,7
2025-09-21,outlet-5,CAKE-009,4,0,96.0,16
2025-09-21,outlet-5,CAKE-010,5,0,90.0,17
2025-09-22,outlet-1,CAKE-001,9,0,252.0,35
2025-09-22,outlet-1,CAKE-002,9,0,216.0,36
2025-09-22,outlet-1,CAKE-003,4,0,128.0,3
2025-09-22,outlet-1,CAKE-004,3,0,66.0,26
2025-09-22,outlet-1,CAKE-005,1,0,26.0,7
2025-09-22,outlet-1,CAKE-006,9,0,270.0,31
2025-09-22,outlet-1,CAKE-007,4,0,108.0,36
2025-09-22,outlet-1,CAKE-008,2,0,40.0,13
2025-09-22,outlet-1,CAKE-009,5,0,120.0,19
2025-09-22,outlet-1,CAKE-010,7,0,126.0,42
2025-09-22,outlet-2,CAKE-001,4,0,112.0,50
2025-09-22,outlet-2,CAKE-002,6,0,144.0,15
2025-09-22,outlet-2,CAKE-003,5,0,160.0,22
2025-09-22,outlet-2,CAKE-004,4,0,88.0,12
2025-09-22,outlet-2,CAKE-005,4,0,104.0,3
2025-09-22,outlet-2,CAKE-006,4,0,120.0,9
2025-09-22,outlet-2,CAKE-007,3,0,81.0,23
2025-09-22,outlet-2,CAKE-008,3,0,60.0,13
2025-09-22,outlet-2,CAKE-009,3,0,72.0,9
2025-09-22,outlet-2,CAKE-010,6,0,108.0,17
2025-09-22,outlet-3,CAKE-001,7,0,196.0,75
2025-09-22,outlet-3,CAKE-002,7,0,168.0,39
2025-09-22,outlet-3,CAKE-003,7,0,224.0,19
2025-09-22,outlet-3,CAKE-004,5,0,110.0,10
2025-09-22,outlet-3,CAKE-005,3,0,78.0,9
2025-09-22,outlet-3,CAKE-006,7,0,210.0,11
2025-09-22,outlet-3,CAKE-007,5,0,135.0,18
2025-09-22,outlet-3,CAKE-008,2,0,40.0,11
2025-09-22,outlet-3,CAKE-009,4,0,96.0,28
2025-09-22,outlet-3,CAKE-010,6,0,108.0,40
2025-09-22,outlet-4,CAKE-001,7,0,196.0,22
2025-09-22,outlet-4,CAKE-002,8,0,192.0,54
2025-09-22,outlet-4,CAKE-003,4,0,128.0,8
2025-09-22,outlet-4,CAKE-004,4,0,88.0,12
2025-09-22,outlet-4,CAKE-005,6,0,156.0,27
2025-09-22,outlet-4,CAKE-006,6,0,180.0,8
2025-09-22,outlet-4,CAKE-007,1,0,27.0,36
2025-09-22,outlet-4,CAKE-008,4,0,80.0,3
2025-09-22,outlet-4,CAKE-009,0,0,0.0,28
2025-09-22,outlet-4,CAKE-010,9,0,162.0,37
2025-09-22,outlet-5,CAKE-001,4,0,112.0,11
2025-09-22,outlet-5,CAKE-002,0,0,0.0,21
2025-09-22,outlet-5,CAKE-003,3,0,96.0,4
2025-09-22,outlet-5,CAKE-004,3,0,66.0,3
2025-09-22,outlet-5,CAKE-005,2,0,52.0,7
2025-09-22,outlet-5,CAKE-006,6,0,180.0,14
2025-09-22,outlet-5,CAKE-007,4,0,108.0,6
2025-09-22,outlet-5,CAKE-008,1,0,20.0,6
2025-09-22,outlet-5,CAKE-009,4,0,96.0,12
2025-09-22,outlet-5,CAKE-010,3,0,54.0,14
2025-09-23,outlet-1,CAKE-001,6,0,168.0,49
2025-09-23,outlet-1,CAKE-002,10,0,240.0,26
2025-09-23,outlet-1,CAKE-003,3,0,96.0,30
2025-09-23,outlet-1,CAKE-004,4,0,88.0,22
2025-09-23,outlet-1,CAKE-005,4,0,104.0,12
2025-09-23,outlet-1,CAKE-006,5,0,150.0,26
2025-09-23,outlet-1,CAKE-007,5,0,135.0,31
2025-09-23,outlet-1,CAKE-008,3,0,60.0,10
2025-09-23,outlet-1,CAKE-009,5,0,120.0,14
2025-09-23,outlet-1,CAKE-010,5,0,90.0,37
2025-09-23,outlet-2,CAKE-001,7,0,196.0,43
2025-09-23,outlet-2,CAKE-002,7,0,168.0,8
2025-09-23,outlet-2,CAKE-003,3,0,96.0,29
2025-09-23,outlet-2,CAKE-004,4,0,88.0,8
2025-09-23,outlet-2,CAKE-005,3,0,78.0,0
2025-09-23,outlet-2,CAKE-006,4,0,120.0,5
2025-09-23,outlet-2,CAKE-007,6,0,162.0,17
2025-09-23,outlet-2,CAKE-008,2,0,40.0,11
2025-09-23,outlet-2,CAKE-009,4,0,96.0,5
2025-09-23,outlet-2,CAKE-010,7,0,126.0,22
2025-09-23,outlet-3,CAKE-001,15,0,420.0,60
2025-09-23,outlet-3,CAKE-002,7,0,168.0,32
2025-09-23,outlet-3,CAKE-003,7,0,224.0,12
2025-09-23,outlet-3,CAKE-004,4,0,88.0,6
2025-09-23,outlet-3,CAKE-005,3,0,78.0,6
2025-09-23,outlet-3,CAKE-006,8,0,240.0,15
2025-09-23,outlet-3,CAKE-007,4,0,108.0,22
2025-09-23,outlet-3,CAKE-008,2,0,40.0,9
2025-09-23,outlet-3,CAKE-009,3,0,72.0,25
2025-09-23,outlet-3,CAKE-010,4,0,72.0,36
2025-09-23,outlet-4,CAKE-001,7,0,196.0,27
2025-09-23,outlet-4,CAKE-002,9,0,216.0,45
2025-09-23,outlet-4,CAKE-003,5,0,160.0,3
2025-09-23,outlet-4,CAKE-004,7,0,154.0,5
2025-09-23,outlet-4,CAKE-005,3,0,78.0,24
2025-09-23,outlet-4,CAKE-006,4,0,120.0,4
2025-09-23,outlet-4,CAKE-007,7,0,189.0,29
2025-09-23,outlet-4,CAKE-008,3,0,60.0,0
2025-09-23,outlet-4,CAKE-009,5,0,120.0,23
2025-09-23,outlet-4,CAKE-010,8,0,144.0,45
2025-09-23,outlet-5,CAKE-001,3,0,84.0,15
2025-09-23,outlet-5,CAKE-002,4,0,96.0,17
2025-09-23,outlet-5,CAKE-003,2,0,64.0,2
2025-09-23,outlet-5,CAKE-004,3,0,66.0,0
2025-09-23,outlet-5,CAKE-005,1,0,26.0,6
2025-09-23,outlet-5,CAKE-006,3,0,90.0,11
2025-09-23,outlet-5,CAKE-007,2,0,54.0,4
2025-09-23,outlet-5,CAKE-008,1,0,20.0,5
2025-09-23,outlet-5,CAKE-009,3,0,72.0,15
2025-09-23,outlet-5,CAKE-010,4,0,72.0,10
2025-09-24,outlet-1,CAKE-001,12,0,336.0,37
2025-09-24,outlet-1,CAKE-002,8,0,192.0,38
2025-09-24,outlet-1,CAKE-003,6,0,192.0,24
2025-09-24,outlet-1,CAKE-004,4,0,88.0,18
2025-09-24,outlet-1,CAKE-005,2,0,52.0,10
2025-09-24,outlet-1,CAKE-006,6,0,180.0,20
2025-09-24,outlet-1,CAKE-007,7,1,189.0,25
2025-09-24,outlet-1,CAKE-008,3,0,60.0,7
2025-09-24,outlet-1,CAKE-009,4,0,96.0,10
2025-09-24,outlet-1,CAKE-010,7,0,126.0,30
2025-09-24,outlet-2,CAKE-001,7,0,196.0,50
2025-09-24,outlet-2,CAKE-002,8,0,192.0,42
2025-09-24,outlet-2,CAKE-003,5,0,160.0,24
2025-09-24,outlet-2,CAKE-004,5,0,110.0,3
2025-09-24,outlet-2,CAKE-005,0,0,0.0,21
2025-09-24,outlet-2,CAKE-006,3,0,90.0,11
2025-09-24,outlet-2,CAKE-007,4,0,108.0,13
2025-09-24,outlet-2,CAKE-008,3,0,60.0,8
2025-09-24,outlet-2,CAKE-009,4,0,96.0,22
2025-09-24,outlet-2,CAKE-010,8,0,144.0,14
2025-09-24,outlet-3,CAKE-001,15,1,420.0,46
2025-09-24,outlet-3,CAKE-002,9,0,216.0,23
2025-09-24,outlet-3,CAKE-003,7,0,224.0,19
2025-09-24,outlet-3,CAKE-004,2,0,44.0,7
2025-09-24,outlet-3,CAKE-005,5,0,130.0,25
2025-09-24,outlet-3,CAKE-006,6,0,180.0,22
2025-09-24,outlet-3,CAKE-007,5,0,135.0,17
2025-09-24,outlet-3,CAKE-008,2,0,40.0,11
2025-09-24,outlet-3,CAKE-009,4,0,96.0,31
2025-09-24,outlet-3,CAKE-010,7,0,126.0,29
2025-09-24,outlet-4,CAKE-001,8,0,224.0,19
2025-09-24,outlet-4,CAKE-002,8,0,192.0,37
2025-09-24,outlet-4,CAKE-003,3,0,96.0,24
2025-09-24,outlet-4,CAKE-004,5,0,110.0,28
2025-09-24,outlet-4,CAKE-005,7,0,182.0,17
2025-09-24,outlet-4,CAKE-006,4,0,120.0,21
2025-09-24,outlet-4,CAKE-007,5,0,135.0,24
2025-09-24,outlet-4,CAKE-008,0,0,0.0,0
2025-09-24,outlet-4,CAKE-009,4,0,96.0,19
2025-09-24,outlet-4,CAKE-010,6,0,108.0,39
2025-09-24,outlet-5,CAKE-001,5,0,140.0,10
2025-09-24,outlet-5,CAKE-002,4,0,96.0,17
2025-09-24,outlet-5,CAKE-003,1,0,32.0,1
2025-09-24,outlet-5,CAKE-004,0,0,0.0,14
2025-09-24,outlet-5,CAKE-005,2,0,52.0,4
2025-09-24,outlet-5,CAKE-006,4,0,120.0,7
2025-09-24,outlet-5,CAKE-007,1,0,27.0,3
2025-09-24,outlet-5,CAKE-008,1,0,20.0,6
2025-09-24,outlet-5,CAKE-009,1,0,24.0,14
2025-09-24,outlet-5,CAKE-010,3,0,54.0,7
2025-09-25,outlet-1,CAKE-001,10,0,280.0,27
2025-09-25,outlet-1,CAKE-002,9,0,216.0,29
2025-09-25,outlet-1,CAKE-003,6,0,192.0,26
2025-09-25,outlet-1,CAKE-004,5,0,110.0,20
2025-09-25,outlet-1,CAKE-005,2,0,52.0,8
2025-09-25,outlet-1,CAKE-006,4,0,120.0,16
2025-09-25,outlet-1,CAKE-007,6,0,162.0,19
2025-09-25,outlet-1,CAKE-008,3,0,60.0,4
2025-09-25,outlet-1,CAKE-009,3,0,72.0,7
2025-09-25,outlet-1,CAKE-010,6,0,108.0,36
2025-09-25,outlet-2,CAKE-001,11,0,308.0,39
2025-09-25,outlet-2,CAKE-002,6,0,144.0,36
2025-09-25,outlet-2,CAKE-003,4,0,128.0,20
2025-09-25,outlet-2,CAKE-004,3,0,66.0,24
2025-09-25,outlet-2,CAKE-005,2,0,52.0,19
2025-09-25,outlet-2,CAKE-006,3,0,90.0,8
2025-09-25,outlet-2,CAKE-007,5,0,135.0,8
2025-09-25,outlet-2,CAKE-008,3,0,60.0,9
2025-09-25,outlet-2,CAKE-009,4,0,96.0,26
2025-09-25,outlet-2,CAKE-010,6,0,108.0,21
2025-09-25,outlet-3,CAKE-001,17,0,476.0,29
2025-09-25,outlet-3,CAKE-002,8,0,192.0,15
2025-09-25,outlet-3,CAKE-003,8,0,256.0,11
2025-09-25,outlet-3,CAKE-004,4,0,88.0,3
2025-09-25,outlet-3,CAKE-005,3,0,78.0,22
2025-09-25,outlet-3,CAKE-006,6,0,180.0,16
2025-09-25,outlet-3,CAKE-007,6,0,162.0,11
2025-09-25,outlet-3,CAKE-008,3,0,60.0,8
2025-09-25,outlet-3,CAKE-009,5,0,120.0,37
2025-09-25,outlet-3,CAKE-010,6,0,108.0,35
2025-09-25,outlet-4,CAKE-001,6,0,168.0,13
2025-09-25,outlet-4,CAKE-002,14,0,336.0,23
2025-09-25,outlet-4,CAKE-003,4,0,128.0,20
2025-09-25,outlet-4,CAKE-004,5,0,110.0,23
2025-09-25,outlet-4,CAKE-005,4,0,104.0,13
2025-09-25,outlet-4,CAKE-006,4,0,120.0,17
2025-09-25,outlet-4,CAKE-007,4,0,108.0,20
2025-09-25,outlet-4,CAKE-008,0,0,0.0,27
2025-09-25,outlet-4,CAKE-009,5,0,120.0,22
2025-09-25,outlet-4,CAKE-010,6,0,108.0,33
2025-09-25,outlet-5,CAKE-001,6,0,168.0,4
2025-09-25,outlet-5,CAKE-002,3,0,72.0,14
2025-09-25,outlet-5,CAKE-003,1,0,32.0,12
2025-09-25,outlet-5,CAKE-004,2,0,44.0,12
2025-09-25,outlet-5,CAKE-005,1,0,26.0,3
2025-09-25,outlet-5,CAKE-006,3,0,90.0,14
2025-09-25,outlet-5,CAKE-007,2,0,54.0,16
2025-09-25,outlet-5,CAKE-008,1,0,20.0,5
2025-09-25,outlet-5,CAKE-009,2,0,48.0,12
2025-09-25,outlet-5,CAKE-010,4,0,72.0,3
2025-09-26,outlet-1,CAKE-001,10,0,280.0,17
2025-09-26,outlet-1,CAKE-002,8,0,192.0,21
2025-09-26,outlet-1,CAKE-003,4,0,128.0,22
2025-09-26,outlet-1,CAKE-004,6,0,132.0,14
2025-09-26,outlet-1,CAKE-005,5,0,130.0,3
2025-09-26,outlet-1,CAKE-006,4,0,120.0,12
2025-09-26,outlet-1,CAKE-007,9,1,243.0,23
2025-09-26,outlet-1,CAKE-008,3,0,60.0,1
2025-09-26,outlet-1,CAKE-009,4,0,96.0,3
2025-09-26,outlet-1,CAKE-010,9,0,162.0,27
2025-09-26,outlet-2,CAKE-001,14,0,392.0,25
2025-09-26,outlet-2,CAKE-002,10,0,240.0,26
2025-09-26,outlet-2,CAKE-003,8,0,256.0,12
2025-09-26,outlet-2,CAKE-004,4,0,88.0,20
2025-09-26,outlet-2,CAKE-005,6,0,156.0,13
2025-09-26,outlet-2,CAKE-006,2,0,60.0,6
2025-09-26,outlet-2,CAKE-007,5,0,135.0,9
2025-09-26,outlet-2,CAKE-008,3,0,60.0,6
2025-09-26,outlet-2,CAKE-009,4,0,96.0,22
2025-09-26,outlet-2,CAKE-010,8,0,144.0,13
2025-09-26,outlet-3,CAKE-001,11,0,308.0,18
2025-09-26,outlet-3,CAKE-002,9,0,216.0,6
2025-09-26,outlet-3,CAKE-003,10,0,320.0,1
2025-09-26,outlet-3,CAKE-004,3,0,66.0,19
2025-09-26,outlet-3,CAKE-005,5,0,130.0,17
2025-09-26,outlet-3,CAKE-006,6,0,180.0,10
2025-09-26,outlet-3,CAKE-007,9,0,243.0,32
2025-09-26,outlet-3,CAKE-008,3,0,60.0,8
2025-09-26,outlet-3,CAKE-009,4,0,96.0,33
2025-09-26,outlet-3,CAKE-010,9,0,162.0,36
2025-09-26,outlet-4,CAKE-001,11,0,308.0,16
2025-09-26,outlet-4,CAKE-002,11,0,264.0,12
2025-09-26,outlet-4,CAKE-003,6,0,192.0,26
2025-09-26,outlet-4,CAKE-004,7,0,154.0,16
2025-09-26,outlet-4,CAKE-005,7,0,182.0,6
2025-09-26,outlet-4,CAKE-006,3,0,90.0,14
2025-09-26,outlet-4,CAKE-007,9,1,243.0,12
2025-09-26,outlet-4,CAKE-008,6,0,120.0,31
2025-09-26,outlet-4,CAKE-009,4,0,96.0,18
2025-09-26,outlet-4,CAKE-010,11,0,198.0,22
2025-09-26,outlet-5,CAKE-001,4,0,112.0,28
2025-09-26,outlet-5,CAKE-002,5,0,120.0,9
2025-09-26,outlet-5,CAKE-003,3,0,96.0,9
2025-09-26,outlet-5,CAKE-004,3,0,66.0,9
2025-09-26,outlet-5,CAKE-005,2,0,52.0,1
2025-09-26,outlet-5,CAKE-006,8,0,240.0,6
2025-09-26,outlet-5,CAKE-007,4,0,108.0,12
2025-09-26,outlet-5,CAKE-008,2,0,40.0,5
2025-09-26,outlet-5,CAKE-009,3,0,72.0,9
2025-09-26,outlet-5,CAKE-010,3,0,54.0,0
2025-09-27,outlet-1,CAKE-001,7,0,196.0,30
2025-09-27,outlet-1,CAKE-002,10,0,240.0,11
2025-09-27,outlet-1,CAKE-003,5,0,160.0,17
2025-09-27,outlet-1,CAKE-004,6,0,132.0,8
2025-09-27,outlet-1,CAKE-005,3,0,78.0,0
2025-09-27,outlet-1,CAKE-006,6,0,180.0,6
2025-09-27,outlet-1,CAKE-007,5,0,135.0,30
2025-09-27,outlet-1,CAKE-008,1,0,20.0,5
2025-09-27,outlet-1,CAKE-009,3,0,72.0,6
2025-09-27,outlet-1,CAKE-010,10,0,180.0,17
2025-09-27,outlet-2,CAKE-001,12,0,336.0,13
2025-09-27,outlet-2,CAKE-002,7,0,168.0,19
2025-09-27,outlet-2,CAKE-003,6,0,192.0,6
2025-09-27,outlet-2,CAKE-004,6,0,132.0,14
2025-09-27,outlet-2,CAKE-005,5,0,130.0,8
2025-09-27,outlet-2,CAKE-006,4,0,120.0,2
2025-09-27,outlet-2,CAKE-007,9,1,243.0,1
2025-09-27,outlet-2,CAKE-008,3,0,60.0,3
2025-09-27,outlet-2,CAKE-009,5,0,120.0,17
2025-09-27,outlet-2,CAKE-010,5,0,90.0,8
2025-09-27,outlet-3,CAKE-001,15,1,420.0,71
2025-09-27,outlet-3,CAKE-002,6,0,144.0,46
2025-09-27,outlet-3,CAKE-003,1,0,32.0,12
2025-09-27,outlet-3,CAKE-004,6,0,132.0,13
2025-09-27,outlet-3,CAKE-005,4,0,104.0,13
2025-09-27,outlet-3,CAKE-006,10,0,300.0,45
2025-09-27,outlet-3,CAKE-007,7,1,189.0,26
2025-09-27,outlet-3,CAKE-008,2,0,40.0,6
2025-09-27,outlet-3,CAKE-009,5,0,120.0,28
2025-09-27,outlet-3,CAKE-010,7,0,126.0,29
2025-09-27,outlet-4,CAKE-001,8,0,224.0,8
2025-09-27,outlet-4,CAKE-002,12,0,288.0,54
2025-09-27,outlet-4,CAKE-003,6,0,192.0,20
2025-09-27,outlet-4,CAKE-004,7,0,154.0,9
2025-09-27,outlet-4,CAKE-005,6,0,156.0,33
2025-09-27,outlet-4,CAKE-006,6,0,180.0,8
2025-09-27,outlet-4,CAKE-007,8,1,216.0,11
2025-09-27,outlet-4,CAKE-008,6,0,120.0,25
2025-09-27,outlet-4,CAKE-009,7,0,168.0,11
2025-09-27,outlet-4,CAKE-010,9,0,162.0,13
2025-09-27,outlet-5,CAKE-001,2,0,56.0,26
2025-09-27,outlet-5,CAKE-002,4,0,96.0,10
2025-09-27,outlet-5,CAKE-003,4,0,128.0,5
2025-09-27,outlet-5,CAKE-004,4,0,88.0,5
2025-09-27,outlet-5,CAKE-005,1,0,26.0,12
2025-09-27,outlet-5,CAKE-006,6,0,180.0,12
2025-09-27,outlet-5,CAKE-007,5,0,135.0,7
2025-09-27,outlet-5,CAKE-008,2,0,40.0,3
2025-09-27,outlet-5,CAKE-009,3,0,72.0,6
2025-09-27,outlet-5,CAKE-010,0,0,0.0,21
2025-09-28,outlet-1,CAKE-001,13,0,364.0,39
2025-09-28,outlet-1,CAKE-002,11,0,264.0,46
2025-09-28,outlet-1,CAKE-003,12,0,384.0,5
2025-09-28,outlet-1,CAKE-004,7,0,154.0,27
2025-09-28,outlet-1,CAKE-005,0,0,0.0,0
2025-09-28,outlet-1,CAKE-006,6,0,180.0,0
2025-09-28,outlet-1,CAKE-007,9,1,243.0,22
2025-09-28,outlet-1,CAKE-008,3,0,60.0,2
2025-09-28,outlet-1,CAKE-009,4,0,96.0,2
2025-09-28,outlet-1,CAKE-010,10,0,180.0,7
2025-09-28,outlet-2,CAKE-001,10,0,280.0,51
2025-09-28,outlet-2,CAKE-002,12,0,288.0,7
2025-09-28,outlet-2,CAKE-003,6,0,192.0,27
2025-09-28,outlet-2,CAKE-004,5,0,110.0,9
2025-09-28,outlet-2,CAKE-005,5,0,130.0,3
2025-09-28,outlet-2,CAKE-006,2,0,60.0,0
2025-09-28,outlet-2,CAKE-007,1,0,27.0,0
2025-09-28,outlet-2,CAKE-008,3,0,60.0,0
2025-09-28,outlet-2,CAKE-009,5,0,120.0,19
2025-09-28,outlet-2,CAKE-010,8,0,144.0,0
2025-09-28,outlet-3,CAKE-001,11,0,308.0,60
2025-09-28,outlet-3,CAKE-002,11,0,264.0,35
2025-09-28,outlet-3,CAKE-003,11,0,352.0,1
2025-09-28,outlet-3,CAKE-004,4,0,88.0,9
2025-09-28,outlet-3,CAKE-005,4,0,104.0,9
2025-09-28,outlet-3,CAKE-006,13,0,390.0,48
2025-09-28,outlet-3,CAKE-007,6,0,162.0,20
2025-09-28,outlet-3,CAKE-008,3,0,60.0,3
2025-09-28,outlet-3,CAKE-009,4,0,96.0,33
2025-09-28,outlet-3,CAKE-010,11,0,198.0,18
2025-09-28,outlet-4,CAKE-001,8,0,224.0,0
2025-09-28,outlet-4,CAKE-002,14,1,336.0,41
2025-09-28,outlet-4,CAKE-003,8,0,256.0,12
2025-09-28,outlet-4,CAKE-004,5,0,110.0,4
2025-09-28,outlet-4,CAKE-005,6,0,156.0,27
2025-09-28,outlet-4,CAKE-006,4,0,120.0,4
2025-09-28,outlet-4,CAKE-007,4,0,108.0,7
2025-09-28,outlet-4,CAKE-008,8,0,160.0,17
2025-09-28,outlet-4,CAKE-009,7,0,168.0,10
2025-09-28,outlet-4,CAKE-010,9,0,162.0,4
2025-09-28,outlet-5,CAKE-001,7,0,196.0,19
2025-09-28,outlet-5,CAKE-002,5,0,120.0,5
2025-09-28,outlet-5,CAKE-003,3,0,96.0,2
2025-09-28,outlet-5,CAKE-004,3,0,66.0,2
2025-09-28,outlet-5,CAKE-005,2,0,52.0,13
2025-09-28,outlet-5,CAKE-006,6,0,180.0,17
2025-09-28,outlet-5,CAKE-007,4,0,108.0,3
2025-09-28,outlet-5,CAKE-008,2,0,40.0,1
2025-09-28,outlet-5,CAKE-009,3,0,72.0,3
2025-09-28,outlet-5,CAKE-010,5,0,90.0,16
2025-09-29,outlet-1,CAKE-001,10,0,280.0,29
2025-09-29,outlet-1,CAKE-002,9,0,216.0,37
2025-09-29,outlet-1,CAKE-003,5,0,160.0,0
2025-09-29,outlet-1,CAKE-004,4,0,88.0,23
2025-09-29,outlet-1,CAKE-005,0,0,0.0,8
2025-09-29,outlet-1,CAKE-006,0,0,0.0,30
2025-09-29,outlet-1,CAKE-007,6,0,162.0,16
2025-09-29,outlet-1,CAKE-008,2,0,40.0,4
2025-09-29,outlet-1,CAKE-009,2,0,48.0,0
2025-09-29,outlet-1,CAKE-010,6,0,108.0,1
2025-09-29,outlet-2,CAKE-001,10,0,280.0,41
2025-09-29,outlet-2,CAKE-002,7,0,168.0,0
2025-09-29,outlet-2,CAKE-003,5,0,160.0,22
2025-09-29,outlet-2,CAKE-004,4,0,88.0,11
2025-09-29,outlet-2,CAKE-005,3,0,78.0,0
2025-09-29,outlet-2,CAKE-006,0,0,0.0,24
2025-09-29,outlet-2,CAKE-007,0,0,0.0,30
2025-09-29,outlet-2,CAKE-008,0,0,0.0,0
2025-09-29,outlet-2,CAKE-009,4,0,96.0,15
2025-09-29,outlet-2,CAKE-010,0,0,0.0,0
2025-09-29,outlet-3,CAKE-001,14,0,392.0,60
2025-09-29,outlet-3,CAKE-002,9,0,216.0,26
2025-09-29,outlet-3,CAKE-003,1,0,32.0,0
2025-09-29,outlet-3,CAKE-004,3,0,66.0,6
2025-09-29,outlet-3,CAKE-005,4,0,104.0,5
2025-09-29,outlet-3,CAKE-006,8,0,240.0,40
2025-09-29,outlet-3,CAKE-007,6,1,162.0,15
2025-09-29,outlet-3,CAKE-008,2,0,40.0,13
2025-09-29,outlet-3,CAKE-009,4,0,96.0,29
2025-09-29,outlet-3,CAKE-010,6,0,108.0,12
2025-09-29,outlet-4,CAKE-001,0,0,0.0,15
2025-09-29,outlet-4,CAKE-002,8,0,192.0,33
2025-09-29,outlet-4,CAKE-003,3,0,96.0,9
2025-09-29,outlet-4,CAKE-004,4,0,88.0,8
2025-09-29,outlet-4,CAKE-005,7,0,182.0,20
2025-09-29,outlet-4,CAKE-006,4,0,120.0,6
2025-09-29,outlet-4,CAKE-007,5,0,135.0,38
2025-09-29,outlet-4,CAKE-008,4,0,80.0,13
2025-09-29,outlet-4,CAKE-009,4,0,96.0,6
2025-09-29,outlet-4,CAKE-010,4,0,72.0,0
2025-09-29,outlet-5,CAKE-001,7,0,196.0,20
2025-09-29,outlet-5,CAKE-002,3,0,72.0,2
2025-09-29,outlet-5,CAKE-003,1,0,32.0,1
2025-09-29,outlet-5,CAKE-004,2,0,44.0,0
2025-09-29,outlet-5,CAKE-005,1,0,26.0,12
2025-09-29,outlet-5,CAKE-006,6,0,180.0,11
2025-09-29,outlet-5,CAKE-007,2,0,54.0,16
2025-09-29,outlet-5,CAKE-008,1,0,20.0,2
2025-09-29,outlet-5,CAKE-009,3,0,72.0,16
2025-09-29,outlet-5,CAKE-010,5,0,90.0,11
2025-09-30,outlet-1,CAKE-001,9,0,252.0,37
2025-09-30,outlet-1,CAKE-002,8,0,192.0,29
2025-09-30,outlet-1,CAKE-003,0,0,0.0,6
2025-09-30,outlet-1,CAKE-004,5,0,110.0,24
2025-09-30,outlet-1,CAKE-005,5,0,130.0,3
2025-09-30,outlet-1,CAKE-006,5,0,150.0,46
2025-09-30,outlet-1,CAKE-007,6,0,162.0,10
2025-09-30,outlet-1,CAKE-008,4,0,80.0,0
2025-09-30,outlet-1,CAKE-009,0,0,0.0,0
2025-09-30,outlet-1,CAKE-010,1,0,18.0,43
2025-09-30,outlet-2,CAKE-001,9,0,252.0,47
2025-09-30,outlet-2,CAKE-002,0,0,0.0,42
2025-09-30,outlet-2,CAKE-003,6,0,192.0,16
2025-09-30,outlet-2,CAKE-004,4,0,88.0,7
2025-09-30,outlet-2,CAKE-005,0,0,0.0,21
2025-09-30,outlet-2,CAKE-006,3,0,90.0,21
2025-09-30,outlet-2,CAKE-007,2,0,54.0,28
2025-09-30,outlet-2,CAKE-008,0,0,0.0,4
2025-09-30,outlet-2,CAKE-009,5,0,120.0,10
2025-09-30,outlet-2,CAKE-010,0,0,0.0,0
2025-09-30,outlet-3,CAKE-001,14,0,392.0,59
2025-09-30,outlet-3,CAKE-002,5,0,120.0,21
2025-09-30,outlet-3,CAKE-003,0,0,0.0,0
2025-09-30,outlet-3,CAKE-004,2,0,44.0,4
2025-09-30,outlet-3,CAKE-005,5,0,130.0,4
2025-09-30,outlet-3,CAKE-006,7,0,210.0,46
2025-09-30,outlet-3,CAKE-007,3,0,81.0,12
2025-09-30,outlet-3,CAKE-008,2,0,40.0,11
2025-09-30,outlet-3,CAKE-009,4,0,96.0,35
2025-09-30,outlet-3,CAKE-010,7,0,126.0,15
2025-09-30,outlet-4,CAKE-001,6,0,168.0,9
2025-09-30,outlet-4,CAKE-002,8,0,192.0,25
2025-09-30,outlet-4,CAKE-003,4,0,128.0,5
2025-09-30,outlet-4,CAKE-004,7,0,154.0,29
2025-09-30,outlet-4,CAKE-005,4,0,104.0,16
2025-09-30,outlet-4,CAKE-006,4,0,120.0,2
2025-09-30,outlet-4,CAKE-007,9,1,243.0,30
2025-09-30,outlet-4,CAKE-008,7,0,140.0,6
2025-09-30,outlet-4,CAKE-009,4,0,96.0,2
2025-09-30,outlet-4,CAKE-010,0,0,0.0,46
2025-09-30,outlet-5,CAKE-001,5,0,140.0,15
2025-09-30,outlet-5,CAKE-002,2,0,48.0,21
2025-09-30,outlet-5,CAKE-003,1,0,32.0,12
2025-09-30,outlet-5,CAKE-004,0,0,0.0,14
2025-09-30,outlet-5,CAKE-005,2,0,52.0,10
2025-09-30,outlet-5,CAKE-006,6,0,180.0,5
2025-09-30,outlet-5,CAKE-007,2,0,54.0,21
2025-09-30,outlet-5,CAKE-008,1,0,20.0,1
2025-09-30,outlet-5,CAKE-009,3,0,72.0,13
2025-09-30,outlet-5,CAKE-010,4,0,72.0,7
2025-10-01,outlet-1,CAKE-001,7,0,196.0,30
2025-10-01,outlet-1,CAKE-002,9,0,216.0,20
2025-10-01,outlet-1,CAKE-003,4,0,128.0,32
2025-10-01,outlet-1,CAKE-004,4,0,88.0,20
2025-10-01,outlet-1,CAKE-005,3,0,78.0,0
2025-10-01,outlet-1,CAKE-006,6,0,180.0,40
2025-10-01,outlet-1,CAKE-007,7,0,189.0,3
2025-10-01,outlet-1,CAKE-008,0,0,0.0,18
2025-10-01,outlet-1,CAKE-009,0,0,0.0,24
2025-10-01,outlet-1,CAKE-010,8,0,144.0,35
2025-10-01,outlet-2,CAKE-001,8,0,224.0,53
2025-10-01,outlet-2,CAKE-002,8,0,192.0,34
2025-10-01,outlet-2,CAKE-003,5,0,160.0,11
2025-10-01,outlet-2,CAKE-004,3,0,66.0,4
2025-10-01,outlet-2,CAKE-005,2,0,52.0,19
2025-10-01,outlet-2,CAKE-006,5,0,150.0,23
2025-10-01,outlet-2,CAKE-007,4,0,108.0,24
2025-10-01,outlet-2,CAKE-008,2,0,40.0,2
2025-10-01,outlet-2,CAKE-009,4,0,96.0,6
2025-10-01,outlet-2,CAKE-010,0,0,0.0,0
2025-10-01,outlet-3,CAKE-001,8,0,224.0,51
2025-10-01,outlet-3,CAKE-002,7,0,168.0,14
2025-10-01,outlet-3,CAKE-003,0,0,0.0,0
2025-10-01,outlet-3,CAKE-004,4,0,88.0,0
2025-10-01,outlet-3,CAKE-005,4,0,104.0,24
2025-10-01,outlet-3,CAKE-006,5,0,150.0,53
2025-10-01,outlet-3,CAKE-007,7,0,189.0,5
2025-10-01,outlet-3,CAKE-008,2,0,40.0,9
2025-10-01,outlet-3,CAKE-009,4,0,96.0,43
2025-10-01,outlet-3,CAKE-010,6,0,108.0,9
2025-10-01,outlet-4,CAKE-001,9,0,252.0,0
2025-10-01,outlet-4,CAKE-002,8,0,192.0,17
2025-10-01,outlet-4,CAKE-003,5,0,160.0,13
2025-10-01,outlet-4,CAKE-004,5,0,110.0,24
2025-10-01,outlet-4,CAKE-005,6,0,156.0,21
2025-10-01,outlet-4,CAKE-006,2,0,60.0,21
2025-10-01,outlet-4,CAKE-007,5,0,135.0,25
2025-10-01,outlet-4,CAKE-008,4,0,80.0,29
2025-10-01,outlet-4,CAKE-009,2,0,48.0,28
2025-10-01,outlet-4,CAKE-010,9,0,162.0,50
2025-10-01,outlet-5,CAKE-001,4,0,112.0,17
2025-10-01,outlet-5,CAKE-002,4,0,96.0,17
2025-10-01,outlet-5,CAKE-003,2,0,64.0,10
2025-10-01,outlet-5,CAKE-004,2,0,44.0,12
2025-10-01,outlet-5,CAKE-005,2,0,52.0,8
2025-10-01,outlet-5,CAKE-006,5,0,150.0,0
2025-10-01,outlet-5,CAKE-007,3,0,81.0,24
2025-10-01,outlet-5,CAKE-008,1,0,20.0,2
2025-10-01,outlet-5,CAKE-009,3,0,72.0,10
2025-10-01,outlet-5,CAKE-010,4,0,72.0,3
2025-10-02,outlet-1,CAKE-001,10,0,280.0,20
2025-10-02,outlet-1,CAKE-002,9,0,216.0,11
2025-10-02,outlet-1,CAKE-003,5,0,160.0,34
2025-10-02,outlet-1,CAKE-004,5,0,110.0,15
2025-10-02,outlet-1,CAKE-005,0,0,0.0,24
2025-10-02,outlet-1,CAKE-006,4,0,120.0,36
2025-10-02,outlet-1,CAKE-007,3,0,81.0,0
2025-10-02,outlet-1,CAKE-008,3,0,60.0,15
2025-10-02,outlet-1,CAKE-009,4,0,96.0,20
2025-10-02,outlet-1,CAKE-010,5,0,90.0,30
2025-10-02,outlet-2,CAKE-001,9,0,252.0,44
2025-10-02,outlet-2,CAKE-002,8,0,192.0,26
2025-10-02,outlet-2,CAKE-003,4,0,128.0,7
2025-10-02,outlet-2,CAKE-004,4,0,88.0,0
2025-10-02,outlet-2,CAKE-005,3,0,78.0,16
2025-10-02,outlet-2,CAKE-006,2,0,60.0,21
2025-10-02,outlet-2,CAKE-007,3,0,81.0,21
2025-10-02,outlet-2,CAKE-008,2,0,40.0,4
2025-10-02,outlet-2,CAKE-009,4,0,96.0,2
2025-10-02,outlet-2,CAKE-010,0,0,0.0,12
2025-10-02,outlet-3,CAKE-001,16,1,448.0,36
2025-10-02,outlet-3,CAKE-002,6,0,144.0,21
2025-10-02,outlet-3,CAKE-003,0,0,0.0,11
2025-10-02,outlet-3,CAKE-004,0,0,0.0,0
2025-10-02,outlet-3,CAKE-005,4,0,104.0,20
2025-10-02,outlet-3,CAKE-006,8,0,240.0,58
2025-10-02,outlet-3,CAKE-007,3,0,81.0,32
2025-10-02,outlet-3,CAKE-008,2,0,40.0,7
2025-10-02,outlet-3,CAKE-009,3,0,72.0,40
2025-10-02,outlet-3,CAKE-010,7,0,126.0,2
2025-10-02,outlet-4,CAKE-001,0,0,0.0,0
2025-10-02,outlet-4,CAKE-002,8,0,192.0,9
2025-10-02,outlet-4,CAKE-003,4,0,128.0,9
2025-10-02,outlet-4,CAKE-004,5,0,110.0,19
2025-10-02,outlet-4,CAKE-005,7,0,182.0,14
2025-10-02,outlet-4,CAKE-006,4,0,120.0,17
2025-10-02,outlet-4,CAKE-007,6,0,162.0,19
2025-10-02,outlet-4,CAKE-008,5,0,100.0,24
2025-10-02,outlet-4,CAKE-009,4,0,96.0,31
2025-10-02,outlet-4,CAKE-010,8,0,144.0,42
2025-10-02,outlet-5,CAKE-001,4,0,112.0,13
2025-10-02,outlet-5,CAKE-002,3,0,72.0,14
2025-10-02,outlet-5,CAKE-003,3,0,96.0,7
2025-10-02,outlet-5,CAKE-004,2,0,44.0,10
2025-10-02,outlet-5,CAKE-005,2,0,52.0,6
2025-10-02,outlet-5,CAKE-006,0,0,0.0,0
2025-10-02,outlet-5,CAKE-007,2,0,54.0,29
2025-10-02,outlet-5,CAKE-008,1,0,20.0,1
2025-10-02,outlet-5,CAKE-009,4,0,96.0,6
2025-10-02,outlet-5,CAKE-010,3,0,54.0,21
2025-10-03,outlet-1,CAKE-001,6,0,168.0,34
2025-10-03,outlet-1,CAKE-002,10,0,240.0,47
2025-10-03,outlet-1,CAKE-003,5,0,160.0,29
2025-10-03,outlet-1,CAKE-004,6,0,132.0,9
2025-10-03,outlet-1,CAKE-005,3,0,78.0,21
2025-10-03,outlet-1,CAKE-006,7,0,210.0,46
2025-10-03,outlet-1,CAKE-007,0,0,0.0,33
2025-10-03,outlet-1,CAKE-008,4,0,80.0,11
2025-10-03,outlet-1,CAKE-009,4,0,96.0,16
2025-10-03,outlet-1,CAKE-010,12,0,216.0,29
2025-10-03,outlet-2,CAKE-001,13,1,364.0,47
2025-10-03,outlet-2,CAKE-002,11,0,264.0,15
2025-10-03,outlet-2,CAKE-003,6,0,192.0,11
2025-10-03,outlet-2,CAKE-004,0,0,0.0,0
2025-10-03,outlet-2,CAKE-005,5,0,130.0,11
2025-10-03,outlet-2,CAKE-006,5,0,150.0,23
2025-10-03,outlet-2,CAKE-007,8,0,216.0,13
2025-10-03,outlet-2,CAKE-008,3,0,60.0,17
2025-10-03,outlet-2,CAKE-009,2,0,48.0,21
2025-10-03,outlet-2,CAKE-010,9,0,162.0,42
2025-10-03,outlet-3,CAKE-001,15,1,420.0,22
2025-10-03,outlet-3,CAKE-002,8,0,192.0,13
2025-10-03,outlet-3,CAKE-003,11,0,352.0,0
2025-10-03,outlet-3,CAKE-004,0,0,0.0,0
2025-10-03,outlet-3,CAKE-005,5,0,130.0,15
2025-10-03,outlet-3,CAKE-006,5,0,150.0,68
2025-10-03,outlet-3,CAKE-007,6,0,162.0,26
2025-10-03,outlet-3,CAKE-008,3,0,60.0,4
2025-10-03,outlet-3,CAKE-009,4,0,96.0,36
2025-10-03,outlet-3,CAKE-010,2,0,36.0,0
2025-10-03,outlet-4,CAKE-001,0,0,0.0,0
2025-10-03,outlet-4,CAKE-002,9,0,216.0,54
2025-10-03,outlet-4,CAKE-003,6,0,192.0,3
2025-10-03,outlet-4,CAKE-004,7,0,154.0,12
2025-10-03,outlet-4,CAKE-005,4,0,104.0,20
2025-10-03,outlet-4,CAKE-006,8,0,240.0,9
2025-10-03,outlet-4,CAKE-007,9,1,243.0,11
2025-10-03,outlet-4,CAKE-008,5,0,100.0,19
2025-10-03,outlet-4,CAKE-009,4,0,96.0,27
2025-10-03,outlet-4,CAKE-010,6,0,108.0,36
2025-10-03,outlet-5,CAKE-001,6,0,168.0,7
2025-10-03,outlet-5,CAKE-002,6,0,144.0,8
2025-10-03,outlet-5,CAKE-003,3,0,96.0,4
2025-10-03,outlet-5,CAKE-004,2,0,44.0,12
2025-10-03,outlet-5,CAKE-005,3,0,78.0,3
2025-10-03,outlet-5,CAKE-006,0,0,0.0,30
2025-10-03,outlet-5,CAKE-007,5,0,135.0,24
2025-10-03,outlet-5,CAKE-008,1,0,20.0,2
2025-10-03,outlet-5,CAKE-009,5,0,120.0,1
2025-10-03,outlet-5,CAKE-010,5,0,90.0,16
2025-10-04,outlet-1,CAKE-001,20,0,560.0,14
2025-10-04,outlet-1,CAKE-002,10,0,240.0,55
2025-10-04,outlet-1,CAKE-003,6,0,192.0,23
2025-10-04,outlet-1,CAKE-004,7,0,154.0,2
2025-10-04,outlet-1,CAKE-005,6,0,156.0,15
2025-10-04,outlet-1,CAKE-006,7,0,210.0,57
2025-10-04,outlet-1,CAKE-007,5,0,135.0,39
2025-10-04,outlet-1,CAKE-008,3,0,60.0,8
2025-10-04,outlet-1,CAKE-009,5,0,120.0,17
2025-10-04,outlet-1,CAKE-010,10,0,180.0,19
2025-10-04,outlet-2,CAKE-001,11,0,308.0,36
2025-10-04,outlet-2,CAKE-002,9,0,216.0,6
2025-10-04,outlet-2,CAKE-003,8,0,256.0,3
2025-10-04,outlet-2,CAKE-004,0,0,0.0,5
2025-10-04,outlet-2,CAKE-005,5,0,130.0,13
2025-10-04,outlet-2,CAKE-006,5,0,150.0,18
2025-10-04,outlet-2,CAKE-007,6,0,162.0,7
2025-10-04,outlet-2,CAKE-008,3,0,60.0,14
2025-10-04,outlet-2,CAKE-009,5,0,120.0,16
2025-10-04,outlet-2,CAKE-010,10,0,180.0,32
2025-10-04,outlet-3,CAKE-001,16,0,448.0,6
2025-10-04,outlet-3,CAKE-002,9,0,216.0,18
2025-10-04,outlet-3,CAKE-003,0,0,0.0,48
2025-10-04,outlet-3,CAKE-004,0,0,0.0,4
2025-10-04,outlet-3,CAKE-005,7,0,182.0,8
2025-10-04,outlet-3,CAKE-006,9,0,270.0,59
2025-10-04,outlet-3,CAKE-007,10,1,270.0,17
2025-10-04,outlet-3,CAKE-008,2,0,40.0,2
2025-10-04,outlet-3,CAKE-009,6,0,144.0,30
2025-10-04,outlet-3,CAKE-010,0,0,0.0,32
2025-10-04,outlet-4,CAKE-001,0,0,0.0,13
2025-10-04,outlet-4,CAKE-002,11,0,264.0,61
2025-10-04,outlet-4,CAKE-003,3,0,96.0,24
2025-10-04,outlet-4,CAKE-004,6,0,132.0,6
2025-10-04,outlet-4,CAKE-005,7,0,182.0,13
2025-10-04,outlet-4,CAKE-006,4,0,120.0,5
2025-10-04,outlet-4,CAKE-007,11,1,297.0,9
2025-10-04,outlet-4,CAKE-008,5,0,100.0,26
2025-10-04,outlet-4,CAKE-009,4,0,96.0,23
2025-10-04,outlet-4,CAKE-010,13,1,234.0,24
2025-10-04,outlet-5,CAKE-001,6,0,168.0,8
2025-10-04,outlet-5,CAKE-002,4,0,96.0,4
2025-10-04,outlet-5,CAKE-003,2,0,64.0,2
2025-10-04,outlet-5,CAKE-004,4,0,88.0,8
2025-10-04,outlet-5,CAKE-005,2,0,52.0,1
2025-10-04,outlet-5,CAKE-006,8,0,240.0,22
2025-10-04,outlet-5,CAKE-007,3,0,81.0,21
2025-10-04,outlet-5,CAKE-008,2,0,40.0,7
2025-10-04,outlet-5,CAKE-009,1,0,24.0,0
2025-10-04,outlet-5,CAKE-010,5,0,90.0,16
2025-10-05,outlet-1,CAKE-001,14,0,392.0,21
2025-10-05,outlet-1,CAKE-002,6,0,144.0,49
2025-10-05,outlet-1,CAKE-003,3,0,96.0,20
2025-10-05,outlet-1,CAKE-004,2,0,44.0,0
2025-10-05,outlet-1,CAKE-005,4,0,104.0,11
2025-10-05,outlet-1,CAKE-006,4,0,120.0,53
2025-10-05,outlet-1,CAKE-007,6,0,162.0,33
2025-10-05,outlet-1,CAKE-008,2,0,40.0,11
2025-10-05,outlet-1,CAKE-009,4,0,96.0,20
2025-10-05,outlet-1,CAKE-010,11,0,198.0,19
2025-10-05,outlet-2,CAKE-001,16,0,448.0,20
2025-10-05,outlet-2,CAKE-002,6,0,144.0,42
2025-10-05,outlet-2,CAKE-003,3,0,96.0,0
2025-10-05,outlet-2,CAKE-004,5,0,110.0,0
2025-10-05,outlet-2,CAKE-005,6,0,156.0,7
2025-10-05,outlet-2,CAKE-006,6,0,180.0,20
2025-10-05,outlet-2,CAKE-007,1,0,27.0,6
2025-10-05,outlet-2,CAKE-008,4,0,80.0,10
2025-10-05,outlet-2,CAKE-009,3,0,72.0,13
2025-10-05,outlet-2,CAKE-010,9,0,162.0,34
2025-10-05,outlet-3,CAKE-001,6,0,168.0,67
2025-10-05,outlet-3,CAKE-002,12,0,288.0,6
2025-10-05,outlet-3,CAKE-003,16,0,512.0,32
2025-10-05,outlet-3,CAKE-004,4,0,88.0,19
2025-10-05,outlet-3,CAKE-005,3,0,78.0,5
2025-10-05,outlet-3,CAKE-006,14,1,420.0,46
2025-10-05,outlet-3,CAKE-007,5,0,135.0,12
2025-10-05,outlet-3,CAKE-008,2,0,40.0,4
2025-10-05,outlet-3,CAKE-009,5,0,120.0,25
2025-10-05,outlet-3,CAKE-010,9,0,162.0,23
2025-10-05,outlet-4,CAKE-001,13,0,364.0,43
2025-10-05,outlet-4,CAKE-002,13,1,312.0,68
2025-10-05,outlet-4,CAKE-003,5,0,160.0,19
2025-10-05,outlet-4,CAKE-004,6,0,132.0,28
2025-10-05,outlet-4,CAKE-005,9,0,234.0,4
2025-10-05,outlet-4,CAKE-006,5,0,150.0,21
2025-10-05,outlet-4,CAKE-007,7,0,189.0,2
2025-10-05,outlet-4,CAKE-008,5,0,100.0,21
2025-10-05,outlet-4,CAKE-009,4,0,96.0,19
2025-10-05,outlet-4,CAKE-010,6,0,108.0,18
2025-10-05,outlet-5,CAKE-001,3,0,84.0,5
2025-10-05,outlet-5,CAKE-002,4,0,96.0,0
2025-10-05,outlet-5,CAKE-003,1,0,32.0,1
2025-10-05,outlet-5,CAKE-004,1,0,22.0,7
2025-10-05,outlet-5,CAKE-005,1,0,26.0,12
2025-10-05,outlet-5,CAKE-006,10,0,300.0,12
2025-10-05,outlet-5,CAKE-007,3,0,81.0,18
2025-10-05,outlet-5,CAKE-008,1,0,20.0,7
2025-10-05,outlet-5,CAKE-009,0,0,0.0,16
2025-10-05,outlet-5,CAKE-010,4,0,72.0,12
2025-10-06,outlet-1,CAKE-001,10,0,280.0,11
2025-10-06,outlet-1,CAKE-002,5,0,120.0,44
2025-10-06,outlet-1,CAKE-003,5,0,160.0,15
2025-10-06,outlet-1,CAKE-004,0,0,0.0,0
2025-10-06,outlet-1,CAKE-005,3,0,78.0,8
2025-10-06,outlet-1,CAKE-006,5,0,150.0,48
2025-10-06,outlet-1,CAKE-007,5,0,135.0,28
2025-10-06,outlet-1,CAKE-008,3,0,60.0,12
2025-10-06,outlet-1,CAKE-009,6,0,144.0,14
2025-10-06,outlet-1,CAKE-010,7,0,126.0,12
2025-10-06,outlet-2,CAKE-001,6,0,168.0,14
2025-10-06,outlet-2,CAKE-002,6,0,144.0,36
2025-10-06,outlet-2,CAKE-003,0,0,0.0,27
2025-10-06,outlet-2,CAKE-004,0,0,0.0,24
2025-10-06,outlet-2,CAKE-005,4,0,104.0,3
2025-10-06,outlet-2,CAKE-006,3,0,90.0,17
2025-10-06,outlet-2,CAKE-007,5,0,135.0,31
2025-10-06,outlet-2,CAKE-008,3,0,60.0,7
2025-10-06,outlet-2,CAKE-009,4,0,96.0,9
2025-10-06,outlet-2,CAKE-010,5,0,90.0,29
2025-10-06,outlet-3,CAKE-001,11,0,308.0,56
2025-10-06,outlet-3,CAKE-002,6,0,144.0,46
2025-10-06,outlet-3,CAKE-003,5,0,160.0,27
2025-10-06,outlet-3,CAKE-004,4,0,88.0,15
2025-10-06,outlet-3,CAKE-005,4,0,104.0,1
2025-10-06,outlet-3,CAKE-006,7,0,210.0,39
2025-10-06,outlet-3,CAKE-007,8,0,216.0,12
2025-10-06,outlet-3,CAKE-008,2,0,40.0,6
2025-10-06,outlet-3,CAKE-009,5,0,120.0,31
2025-10-06,outlet-3,CAKE-010,7,0,126.0,16
2025-10-06,outlet-4,CAKE-001,8,0,224.0,35
2025-10-06,outlet-4,CAKE-002,10,0,240.0,58
2025-10-06,outlet-4,CAKE-003,5,0,160.0,25
2025-10-06,outlet-4,CAKE-004,5,0,110.0,23
2025-10-06,outlet-4,CAKE-005,4,0,104.0,10
2025-10-06,outlet-4,CAKE-006,5,0,150.0,23
2025-10-06,outlet-4,CAKE-007,2,0,54.0,36
2025-10-06,outlet-4,CAKE-008,4,0,80.0,17
2025-10-06,outlet-4,CAKE-009,3,0,72.0,16
2025-10-06,outlet-4,CAKE-010,10,0,180.0,8
2025-10-06,outlet-5,CAKE-001,5,0,140.0,28
2025-10-06,outlet-5,CAKE-002,0,0,0.0,21
2025-10-06,outlet-5,CAKE-003,1,0,32.0,12
2025-10-06,outlet-5,CAKE-004,3,0,66.0,4
2025-10-06,outlet-5,CAKE-005,2,0,52.0,10
2025-10-06,outlet-5,CAKE-006,2,0,60.0,10
2025-10-06,outlet-5,CAKE-007,3,0,81.0,15
2025-10-06,outlet-5,CAKE-008,1,0,20.0,8
2025-10-06,outlet-5,CAKE-009,3,0,72.0,13
2025-10-06,outlet-5,CAKE-010,4,0,72.0,8
2025-10-07,outlet-1,CAKE-001,10,0,280.0,58
2025-10-07,outlet-1,CAKE-002,6,0,144.0,38
2025-10-07,outlet-1,CAKE-003,5,0,160.0,10
2025-10-07,outlet-1,CAKE-004,0,0,0.0,26
2025-10-07,outlet-1,CAKE-005,4,0,104.0,4
2025-10-07,outlet-1,CAKE-006,3,0,90.0,45
2025-10-07,outlet-1,CAKE-007,3,0,81.0,25
2025-10-07,outlet-1,CAKE-008,3,0,60.0,9
2025-10-07,outlet-1,CAKE-009,4,0,96.0,10
2025-10-07,outlet-1,CAKE-010,7,0,126.0,5
2025-10-07,outlet-2,CAKE-001,9,0,252.0,5
2025-10-07,outlet-2,CAKE-002,5,0,120.0,31
2025-10-07,outlet-2,CAKE-003,3,0,96.0,34
2025-10-07,outlet-2,CAKE-004,4,0,88.0,20
2025-10-07,outlet-2,CAKE-005,3,0,78.0,9
2025-10-07,outlet-2,CAKE-006,4,0,120.0,13
2025-10-07,outlet-2,CAKE-007,3,0,81.0,28
2025-10-07,outlet-2,CAKE-008,3,0,60.0,4
2025-10-07,outlet-2,CAKE-009,4,0,96.0,5
2025-10-07,outlet-2,CAKE-010,5,0,90.0,24
2025-10-07,outlet-3,CAKE-001,11,0,308.0,61
2025-10-07,outlet-3,CAKE-002,9,0,216.0,37
2025-10-07,outlet-3,CAKE-003,7,0,224.0,20
2025-10-07,outlet-3,CAKE-004,5,0,110.0,10
2025-10-07,outlet-3,CAKE-005,1,0,26.0,24
2025-10-07,outlet-3,CAKE-006,12,0,360.0,27
2025-10-07,outlet-3,CAKE-007,5,0,135.0,7
2025-10-07,outlet-3,CAKE-008,2,0,40.0,4
2025-10-07,outlet-3,CAKE-009,3,0,72.0,37
2025-10-07,outlet-3,CAKE-010,6,0,108.0,10
2025-10-07,outlet-4,CAKE-001,8,0,224.0,27
2025-10-07,outlet-4,CAKE-002,10,0,240.0,48
2025-10-07,outlet-4,CAKE-003,5,0,160.0,20
2025-10-07,outlet-4,CAKE-004,6,0,132.0,24
2025-10-07,outlet-4,CAKE-005,5,0,130.0,5
2025-10-07,outlet-4,CAKE-006,3,0,90.0,20
2025-10-07,outlet-4,CAKE-007,8,0,216.0,28
2025-10-07,outlet-4,CAKE-008,4,0,80.0,13
2025-10-07,outlet-4,CAKE-009,5,0,120.0,11
2025-10-07,outlet-4,CAKE-010,6,0,108.0,48
2025-10-07,outlet-5,CAKE-001,5,0,140.0,23
2025-10-07,outlet-5,CAKE-002,2,0,48.0,19
2025-10-07,outlet-5,CAKE-003,2,0,64.0,10
2025-10-07,outlet-5,CAKE-004,3,0,66.0,15
2025-10-07,outlet-5,CAKE-005,2,0,52.0,8
2025-10-07,outlet-5,CAKE-006,6,0,180.0,4
2025-10-07,outlet-5,CAKE-007,1,0,27.0,14
2025-10-07,outlet-5,CAKE-008,1,0,20.0,7
2025-10-07,outlet-5,CAKE-009,4,0,96.0,9
2025-10-07,outlet-5,CAKE-010,5,0,90.0,8
2025-10-08,outlet-1,CAKE-001,9,0,252.0,49
2025-10-08,outlet-1,CAKE-002,11,0,264.0,27
2025-10-08,outlet-1,CAKE-003,3,0,96.0,7
2025-10-08,outlet-1,CAKE-004,5,0,110.0,21
2025-10-08,outlet-1,CAKE-005,4,0,104.0,24
2025-10-08,outlet-1,CAKE-006,8,0,240.0,37
2025-10-08,outlet-1,CAKE-007,4,0,108.0,21
2025-10-08,outlet-1,CAKE-008,4,0,80.0,5
2025-10-08,outlet-1,CAKE-009,4,0,96.0,6
2025-10-08,outlet-1,CAKE-010,4,0,72.0,1
2025-10-08,outlet-2,CAKE-001,5,0,140.0,48
2025-10-08,outlet-2,CAKE-002,7,0,168.0,24
2025-10-08,outlet-2,CAKE-003,6,0,192.0,37
2025-10-08,outlet-2,CAKE-004,5,0,110.0,15
2025-10-08,outlet-2,CAKE-005,3,0,78.0,6
2025-10-08,outlet-2,CAKE-006,3,0,90.0,10
2025-10-08,outlet-2,CAKE-007,4,0,108.0,24
2025-10-08,outlet-2,CAKE-008,2,0,40.0,2
2025-10-08,outlet-2,CAKE-009,4,0,96.0,1
2025-10-08,outlet-2,CAKE-010,6,0,108.0,18
2025-10-08,outlet-3,CAKE-001,12,0,336.0,62
2025-10-08,outlet-3,CAKE-002,9,0,216.0,28
2025-10-08,outlet-3,CAKE-003,7,0,224.0,13
2025-10-08,outlet-3,CAKE-004,4,0,88.0,6
2025-10-08,outlet-3,CAKE-005,3,0,78.0,21
2025-10-08,outlet-3,CAKE-006,8,0,240.0,19
2025-10-08,outlet-3,CAKE-007,5,0,135.0,32
2025-10-08,outlet-3,CAKE-008,3,0,60.0,4
2025-10-08,outlet-3,CAKE-009,4,0,96.0,33
2025-10-08,outlet-3,CAKE-010,5,0,90.0,5
2025-10-08,outlet-4,CAKE-001,10,0,280.0,17
2025-10-08,outlet-4,CAKE-002,8,0,192.0,40
2025-10-08,outlet-4,CAKE-003,3,0,96.0,31
2025-10-08,outlet-4,CAKE-004,4,0,88.0,20
2025-10-08,outlet-4,CAKE-005,5,0,130.0,33
2025-10-08,outlet-4,CAKE-006,5,0,150.0,15
2025-10-08,outlet-4,CAKE-007,8,0,216.0,20
2025-10-08,outlet-4,CAKE-008,3,0,60.0,19
2025-10-08,outlet-4,CAKE-009,5,0,120.0,6
2025-10-08,outlet-4,CAKE-010,9,0,162.0,54
2025-10-08,outlet-5,CAKE-001,4,0,112.0,19
2025-10-08,outlet-5,CAKE-002,3,0,72.0,16
2025-10-08,outlet-5,CAKE-003,2,0,64.0,12
2025-10-08,outlet-5,CAKE-004,4,0,88.0,11
2025-10-08,outlet-5,CAKE-005,1,0,26.0,7
2025-10-08,outlet-5,CAKE-006,4,0,120.0,30
2025-10-08,outlet-5,CAKE-007,2,0,54.0,12
2025-10-08,outlet-5,CAKE-008,1,0,20.0,6
2025-10-08,outlet-5,CAKE-009,3,0,72.0,6
2025-10-08,outlet-5,CAKE-010,3,0,54.0,5
2025-10-09,outlet-1,CAKE-001,13,0,364.0,36
2025-10-09,outlet-1,CAKE-002,9,0,216.0,38
2025-10-09,outlet-1,CAKE-003,4,0,128.0,3
2025-10-09,outlet-1,CAKE-004,4,0,88.0,17
2025-10-09,outlet-1,CAKE-005,5,0,130.0,19
2025-10-09,outlet-1,CAKE-006,5,0,150.0,51
2025-10-09,outlet-1,CAKE-007,5,0,135.0,16
2025-10-09,outlet-1,CAKE-008,2,0,40.0,3
2025-10-09,outlet-1,CAKE-009,4,0,96.0,2
2025-10-09,outlet-1,CAKE-010,1,0,18.0,43
2025-10-09,outlet-2,CAKE-001,7,0,196.0,41
2025-10-09,outlet-2,CAKE-002,7,0,168.0,17
2025-10-09,outlet-2,CAKE-003,3,0,96.0,34
2025-10-09,outlet-2,CAKE-004,5,0,110.0,10
2025-10-09,outlet-2,CAKE-005,3,0,78.0,3
2025-10-09,outlet-2,CAKE-006,4,0,120.0,6
2025-10-09,outlet-2,CAKE-007,5,0,135.0,19
2025-10-09,outlet-2,CAKE-008,2,0,40.0,0
2025-10-09,outlet-2,CAKE-009,1,0,24.0,21
2025-10-09,outlet-2,CAKE-010,6,0,108.0,25
2025-10-09,outlet-3,CAKE-001,15,1,420.0,48
2025-10-09,outlet-3,CAKE-002,11,0,264.0,17
2025-10-09,outlet-3,CAKE-003,4,0,128.0,9
2025-10-09,outlet-3,CAKE-004,4,0,88.0,6
2025-10-09,outlet-3,CAKE-005,6,0,156.0,15
2025-10-09,outlet-3,CAKE-006,10,0,300.0,23
2025-10-09,outlet-3,CAKE-007,6,0,162.0,33
2025-10-09,outlet-3,CAKE-008,2,0,40.0,2
2025-10-09,outlet-3,CAKE-009,3,0,72.0,30
2025-10-09,outlet-3,CAKE-010,5,0,90.0,0
2025-10-09,outlet-4,CAKE-001,9,0,252.0,8
2025-10-09,outlet-4,CAKE-002,11,0,264.0,29
2025-10-09,outlet-4,CAKE-003,4,0,128.0,27
2025-10-09,outlet-4,CAKE-004,5,0,110.0,15
2025-10-09,outlet-4,CAKE-005,5,0,130.0,28
2025-10-09,outlet-4,CAKE-006,5,0,150.0,10
2025-10-09,outlet-4,CAKE-007,5,0,135.0,15
2025-10-09,outlet-4,CAKE-008,5,0,100.0,14
2025-10-09,outlet-4,CAKE-009,3,0,72.0,3
2025-10-09,outlet-4,CAKE-010,8,0,144.0,46
2025-10-09,outlet-5,CAKE-001,5,0,140.0,14
2025-10-09,outlet-5,CAKE-002,4,0,96.0,12
2025-10-09,outlet-5,CAKE-003,2,0,64.0,10
2025-10-09,outlet-5,CAKE-004,3,0,66.0,8
2025-10-09,outlet-5,CAKE-005,3,0,78.0,4
2025-10-09,outlet-5,CAKE-006,5,0,150.0,25
2025-10-09,outlet-5,CAKE-007,1,0,27.0,11
2025-10-09,outlet-5,CAKE-008,1,0,20.0,5
2025-10-09,outlet-5,CAKE-009,2,0,48.0,4
2025-10-09,outlet-5,CAKE-010,4,0,72.0,1
2025-10-10,outlet-1,CAKE-001,7,0,196.0,29
2025-10-10,outlet-1,CAKE-002,11,0,264.0,27
2025-10-10,outlet-1,CAKE-003,3,0,96.0,6
2025-10-10,outlet-1,CAKE-004,6,0,132.0,11
2025-10-10,outlet-1,CAKE-005,6,0,156.0,13
2025-10-10,outlet-1,CAKE-006,7,0,210.0,44
2025-10-10,outlet-1,CAKE-007,6,0,162.0,10
2025-10-10,outlet-1,CAKE-008,3,0,60.0,0
2025-10-10,outlet-1,CAKE-009,2,0,48.0,0
2025-10-10,outlet-1,CAKE-010,10,0,180.0,33
2025-10-10,outlet-2,CAKE-001,8,0,224.0,47
2025-10-10,outlet-2,CAKE-002,6,0,144.0,25
2025-10-10,outlet-2,CAKE-003,7,0,224.0,27
2025-10-10,outlet-2,CAKE-004,5,0,110.0,5
2025-10-10,outlet-2,CAKE-005,3,0,78.0,21
2025-10-10,outlet-2,CAKE-006,6,0,180.0,24
2025-10-10,outlet-2,CAKE-007,11,1,297.0,9
2025-10-10,outlet-2,CAKE-008,0,0,0.0,16
2025-10-10,outlet-2,CAKE-009,4,0,96.0,17
2025-10-10,outlet-2,CAKE-010,8,0,144.0,17
2025-10-10,outlet-3,CAKE-001,18,0,504.0,45
2025-10-10,outlet-3,CAKE-002,9,0,216.0,22
2025-10-10,outlet-3,CAKE-003,9,0,288.0,0
2025-10-10,outlet-3,CAKE-004,4,0,88.0,2
2025-10-10,outlet-3,CAKE-005,5,0,130.0,10
2025-10-10,outlet-3,CAKE-006,13,0,390.0,10
2025-10-10,outlet-3,CAKE-007,6,0,162.0,27
2025-10-10,outlet-3,CAKE-008,2,0,40.0,12
2025-10-10,outlet-3,CAKE-009,3,0,72.0,27
2025-10-10,outlet-3,CAKE-010,0,0,0.0,32
2025-10-10,outlet-4,CAKE-001,3,0,84.0,5
2025-10-10,outlet-4,CAKE-002,15,0,360.0,14
2025-10-10,outlet-4,CAKE-003,6,0,192.0,34
2025-10-10,outlet-4,CAKE-004,6,0,132.0,9
2025-10-10,outlet-4,CAKE-005,7,0,182.0,21
2025-10-10,outlet-4,CAKE-006,6,0,180.0,4
2025-10-10,outlet-4,CAKE-007,13,1,351.0,3
2025-10-10,outlet-4,CAKE-008,6,0,120.0,8
2025-10-10,outlet-4,CAKE-009,3,0,72.0,28
2025-10-10,outlet-4,CAKE-010,11,0,198.0,35
2025-10-10,outlet-5,CAKE-001,7,0,196.0,7
2025-10-10,outlet-5,CAKE-002,5,0,120.0,7
2025-10-10,outlet-5,CAKE-003,3,0,96.0,7
2025-10-10,outlet-5,CAKE-004,2,0,44.0,6
2025-10-10,outlet-5,CAKE-005,2,0,52.0,2
2025-10-10,outlet-5,CAKE-006,9,0,270.0,28
2025-10-10,outlet-5,CAKE-007,4,0,108.0,7
2025-10-10,outlet-5,CAKE-008,1,0,20.0,4
2025-10-10,outlet-5,CAKE-009,4,0,96.0,7
2025-10-10,outlet-5,CAKE-010,1,0,18.0,5
2025-10-11,outlet-1,CAKE-001,6,0,168.0,40
2025-10-11,outlet-1,CAKE-002,7,0,168.0,20
2025-10-11,outlet-1,CAKE-003,5,0,160.0,1
2025-10-11,outlet-1,CAKE-004,6,0,132.0,10
2025-10-11,outlet-1,CAKE-005,4,0,104.0,9
2025-10-11,outlet-1,CAKE-006,9,0,270.0,52
2025-10-11,outlet-1,CAKE-007,10,1,270.0,34
2025-10-11,outlet-1,CAKE-008,0,0,0.0,18
2025-10-11,outlet-1,CAKE-009,0,0,0.0,0
2025-10-11,outlet-1,CAKE-010,9,0,162.0,24
2025-10-11,outlet-2,CAKE-001,10,0,280.0,37
2025-10-11,outlet-2,CAKE-002,11,0,264.0,14
2025-10-11,outlet-2,CAKE-003,5,0,160.0,22
2025-10-11,outlet-2,CAKE-004,5,0,110.0,24
2025-10-11,outlet-2,CAKE-005,4,0,104.0,17
2025-10-11,outlet-2,CAKE-006,3,0,90.0,21
2025-10-11,outlet-2,CAKE-007,6,0,162.0,3
2025-10-11,outlet-2,CAKE-008,4,0,80.0,12
2025-10-11,outlet-2,CAKE-009,5,0,120.0,12
2025-10-11,outlet-2,CAKE-010,8,0,144.0,9
2025-10-11,outlet-3,CAKE-001,12,0,336.0,33
2025-10-11,outlet-3,CAKE-002,12,0,288.0,10
2025-10-11,outlet-3,CAKE-003,0,0,0.0,48
2025-10-11,outlet-3,CAKE-004,2,0,44.0,3
2025-10-11,outlet-3,CAKE-005,10,0,260.0,24
2025-10-11,outlet-3,CAKE-006,10,0,300.0,45
2025-10-11,outlet-3,CAKE-007,7,0,189.0,20
2025-10-11,outlet-3,CAKE-008,2,0,40.0,10
2025-10-11,outlet-3,CAKE-009,4,0,96.0,23
2025-10-11,outlet-3,CAKE-010,8,0,144.0,24
2025-10-11,outlet-4,CAKE-001,5,0,140.0,0
2025-10-11,outlet-4,CAKE-002,14,1,336.0,1
2025-10-11,outlet-4,CAKE-003,6,0,192.0,28
2025-10-11,outlet-4,CAKE-004,2,0,44.0,7
2025-10-11,outlet-4,CAKE-005,4,0,104.0,17
2025-10-11,outlet-4,CAKE-006,4,0,120.0,21
2025-10-11,outlet-4,CAKE-007,3,0,81.0,36
2025-10-11,outlet-4,CAKE-008,6,0,120.0,29
2025-10-11,outlet-4,CAKE-009,5,0,120.0,23
2025-10-11,outlet-4,CAKE-010,11,0,198.0,24
2025-10-11,outlet-5,CAKE-001,6,0,168.0,8
2025-10-11,outlet-5,CAKE-002,4,0,96.0,3
2025-10-11,outlet-5,CAKE-003,2,0,64.0,5
2025-10-11,outlet-5,CAKE-004,4,0,88.0,2
2025-10-11,outlet-5,CAKE-005,2,0,52.0,12
2025-10-11,outlet-5,CAKE-006,5,0,150.0,23
2025-10-11,outlet-5,CAKE-007,5,0,135.0,2
2025-10-11,outlet-5,CAKE-008,1,0,20.0,5
2025-10-11,outlet-5,CAKE-009,4,0,96.0,3
2025-10-11,outlet-5,CAKE-010,5,0,90.0,0
2025-10-12,outlet-1,CAKE-001,14,1,392.0,27
2025-10-12,outlet-1,CAKE-002,11,0,264.0,9
2025-10-12,outlet-1,CAKE-003,1,0,32.0,0
2025-10-12,outlet-1,CAKE-004,5,0,110.0,5
2025-10-12,outlet-1,CAKE-005,7,0,182.0,2
2025-10-12,outlet-1,CAKE-006,7,0,210.0,45
2025-10-12,outlet-1,CAKE-007,9,1,243.0,26
2025-10-12,outlet-1,CAKE-008,4,0,80.0,19
2025-10-12,outlet-1,CAKE-009,0,0,0.0,24
2025-10-12,outlet-1,CAKE-010,8,0,144.0,16
2025-10-12,outlet-2,CAKE-001,6,0,168.0,31
2025-10-12,outlet-2,CAKE-002,9,0,216.0,5
2025-10-12,outlet-2,CAKE-003,6,0,192.0,16
2025-10-12,outlet-2,CAKE-004,5,0,110.0,25
2025-10-12,outlet-2,CAKE-005,3,0,78.0,14
2025-10-12,outlet-2,CAKE-006,7,0,210.0,14
2025-10-12,outlet-2,CAKE-007,3,0,81.0,7
2025-10-12,outlet-2,CAKE-008,3,0,60.0,9
2025-10-12,outlet-2,CAKE-009,6,0,144.0,12
2025-10-12,outlet-2,CAKE-010,5,0,90.0,4
2025-10-12,outlet-3,CAKE-001,14,0,392.0,19
2025-10-12,outlet-3,CAKE-002,10,0,240.0,0
2025-10-12,outlet-3,CAKE-003,11,0,352.0,37
2025-10-12,outlet-3,CAKE-004,3,0,66.0,0
2025-10-12,outlet-3,CAKE-005,6,0,156.0,18
2025-10-12,outlet-3,CAKE-006,9,0,270.0,36
2025-10-12,outlet-3,CAKE-007,6,0,162.0,14
2025-10-12,outlet-3,CAKE-008,2,0,40.0,8
2025-10-12,outlet-3,CAKE-009,3,0,72.0,20
2025-10-12,outlet-3,CAKE-010,8,0,144.0,16
2025-10-12,outlet-4,CAKE-001,0,0,0.0,14
2025-10-12,outlet-4,CAKE-002,1,0,24.0,54
2025-10-12,outlet-4,CAKE-003,5,0,160.0,23
2025-10-12,outlet-4,CAKE-004,7,0,154.0,0
2025-10-12,outlet-4,CAKE-005,7,0,182.0,10
2025-10-12,outlet-4,CAKE-006,6,0,180.0,15
2025-10-12,outlet-4,CAKE-007,8,0,216.0,28
2025-10-12,outlet-4,CAKE-008,5,0,100.0,24
2025-10-12,outlet-4,CAKE-009,7,0,168.0,16
2025-10-12,outlet-4,CAKE-010,11,0,198.0,13
2025-10-12,outlet-5,CAKE-001,7,0,196.0,1
2025-10-12,outlet-5,CAKE-002,3,0,72.0,4
2025-10-12,outlet-5,CAKE-003,4,0,128.0,1
2025-10-12,outlet-5,CAKE-004,2,0,44.0,14
2025-10-12,outlet-5,CAKE-005,2,0,52.0,13
2025-10-12,outlet-5,CAKE-006,7,0,210.0,16
2025-10-12,outlet-5,CAKE-007,2,0,54.0,15
2025-10-12,outlet-5,CAKE-008,1,0,20.0,5
2025-10-12,outlet-5,CAKE-009,3,0,72.0,16
2025-10-12,outlet-5,CAKE-010,0,0,0.0,0
2025-10-13,outlet-1,CAKE-001,8,0,224.0,19
2025-10-13,outlet-1,CAKE-002,8,0,192.0,47
2025-10-13,outlet-1,CAKE-003,0,0,0.0,30
2025-10-13,outlet-1,CAKE-004,5,0,110.0,26
2025-10-13,outlet-1,CAKE-005,2,0,52.0,24
2025-10-13,outlet-1,CAKE-006,2,0,60.0,43
2025-10-13,outlet-1,CAKE-007,6,0,162.0,20
2025-10-13,outlet-1,CAKE-008,4,0,80.0,15
2025-10-13,outlet-1,CAKE-009,3,0,72.0,28
2025-10-13,outlet-1,CAKE-010,5,0,90.0,11
2025-10-13,outlet-2,CAKE-001,7,0,196.0,24
2025-10-13,outlet-2,CAKE-002,5,0,120.0,42
2025-10-13,outlet-2,CAKE-003,7,0,224.0,9
2025-10-13,outlet-2,CAKE-004,2,0,44.0,23
2025-10-13,outlet-2,CAKE-005,3,0,78.0,11
2025-10-13,outlet-2,CAKE-006,4,0,120.0,10
2025-10-13,outlet-2,CAKE-007,4,0,108.0,3
2025-10-13,outlet-2,CAKE-008,3,0,60.0,6
2025-10-13,outlet-2,CAKE-009,3,0,72.0,9
2025-10-13,outlet-2,CAKE-010,4,0,72.0,0
2025-10-13,outlet-3,CAKE-001,12,0,336.0,7
2025-10-13,outlet-3,CAKE-002,0,0,0.0,0
2025-10-13,outlet-3,CAKE-003,8,0,256.0,29
2025-10-13,outlet-3,CAKE-004,0,0,0.0,19
2025-10-13,outlet-3,CAKE-005,5,0,130.0,13
2025-10-13,outlet-3,CAKE-006,8,0,240.0,40
2025-10-13,outlet-3,CAKE-007,5,0,135.0,9
2025-10-13,outlet-3,CAKE-008,2,0,40.0,6
2025-10-13,outlet-3,CAKE-009,5,0,120.0,15
2025-10-13,outlet-3,CAKE-010,5,0,90.0,23
2025-10-13,outlet-4,CAKE-001,8,0,224.0,6
2025-10-13,outlet-4,CAKE-002,12,0,288.0,42
2025-10-13,outlet-4,CAKE-003,4,0,128.0,19
2025-10-13,outlet-4,CAKE-004,0,0,0.0,28
2025-10-13,outlet-4,CAKE-005,4,0,104.0,6
2025-10-13,outlet-4,CAKE-006,4,0,120.0,11
2025-10-13,outlet-4,CAKE-007,5,0,135.0,23
2025-10-13,outlet-4,CAKE-008,6,0,120.0,18
2025-10-13,outlet-4,CAKE-009,3,0,72.0,13
2025-10-13,outlet-4,CAKE-010,8,0,144.0,5
2025-10-13,outlet-5,CAKE-001,1,0,28.0,28
2025-10-13,outlet-5,CAKE-002,3,0,72.0,22
2025-10-13,outlet-5,CAKE-003,1,0,32.0,0
2025-10-13,outlet-5,CAKE-004,3,0,66.0,11
2025-10-13,outlet-5,CAKE-005,2,0,52.0,11
2025-10-13,outlet-5,CAKE-006,7,0,210.0,9
2025-10-13,outlet-5,CAKE-007,2,0,54.0,21
2025-10-13,outlet-5,CAKE-008,1,0,20.0,4
2025-10-13,outlet-5,CAKE-009,2,0,48.0,14
2025-10-13,outlet-5,CAKE-010,0,0,0.0,21
2025-10-14,outlet-1,CAKE-001,8,0,224.0,11
2025-10-14,outlet-1,CAKE-002,10,0,240.0,37
2025-10-14,outlet-1,CAKE-003,6,0,192.0,32
2025-10-14,outlet-1,CAKE-004,4,0,88.0,22
2025-10-14,outlet-1,CAKE-005,4,0,104.0,20
2025-10-14,outlet-1,CAKE-006,4,0,120.0,39
2025-10-14,outlet-1,CAKE-007,6,0,162.0,14
2025-10-14,outlet-1,CAKE-008,2,0,40.0,18
2025-10-14,outlet-1,CAKE-009,3,0,72.0,25
2025-10-14,outlet-1,CAKE-010,9,0,162.0,45
2025-10-14,outlet-2,CAKE-001,6,0,168.0,18
2025-10-14,outlet-2,CAKE-002,10,0,240.0,45
2025-10-14,outlet-2,CAKE-003,5,0,160.0,4
2025-10-14,outlet-2,CAKE-004,5,0,110.0,18
2025-10-14,outlet-2,CAKE-005,4,0,104.0,7
2025-10-14,outlet-2,CAKE-006,4,0,120.0,14
2025-10-14,outlet-2,CAKE-007,3,0,81.0,30
2025-10-14,outlet-2,CAKE-008,3,0,60.0,3
2025-10-14,outlet-2,CAKE-009,4,0,96.0,5
2025-10-14,outlet-2,CAKE-010,0,0,0.0,10
2025-10-14,outlet-3,CAKE-001,7,0,196.0,16
2025-10-14,outlet-3,CAKE-002,0,0,0.0,0
2025-10-14,outlet-3,CAKE-003,5,0,160.0,36
2025-10-14,outlet-3,CAKE-004,3,0,66.0,20
2025-10-14,outlet-3,CAKE-005,4,0,104.0,9
2025-10-14,outlet-3,CAKE-006,8,0,240.0,47
2025-10-14,outlet-3,CAKE-007,7,0,189.0,32
2025-10-14,outlet-3,CAKE-008,2,0,40.0,4
2025-10-14,outlet-3,CAKE-009,3,0,72.0,12
2025-10-14,outlet-3,CAKE-010,3,0,54.0,20
2025-10-14,outlet-4,CAKE-001,6,0,168.0,14
2025-10-14,outlet-4,CAKE-002,11,0,264.0,46
2025-10-14,outlet-4,CAKE-003,2,0,64.0,17
2025-10-14,outlet-4,CAKE-004,3,0,66.0,25
2025-10-14,outlet-4,CAKE-005,5,0,130.0,34
2025-10-14,outlet-4,CAKE-006,4,0,120.0,7
2025-10-14,outlet-4,CAKE-007,7,0,189.0,22
2025-10-14,outlet-4,CAKE-008,5,0,100.0,13
2025-10-14,outlet-4,CAKE-009,7,0,168.0,6
2025-10-14,outlet-4,CAKE-010,5,0,90.0,46
2025-10-14,outlet-5,CAKE-001,4,0,112.0,24
2025-10-14,outlet-5,CAKE-002,4,0,96.0,18
2025-10-14,outlet-5,CAKE-003,0,0,0.0,0
2025-10-14,outlet-5,CAKE-004,4,0,88.0,11
2025-10-14,outlet-5,CAKE-005,2,0,52.0,9
2025-10-14,outlet-5,CAKE-006,8,0,240.0,31
2025-10-14,outlet-5,CAKE-007,3,0,81.0,18
2025-10-14,outlet-5,CAKE-008,1,0,20.0,3
2025-10-14,outlet-5,CAKE-009,3,0,72.0,11
2025-10-14,outlet-5,CAKE-010,3,0,54.0,18
2025-10-15,outlet-1,CAKE-001,11,0,308.0,19
2025-10-15,outlet-1,CAKE-002,7,0,168.0,30
2025-10-15,outlet-1,CAKE-003,3,0,96.0,29
2025-10-15,outlet-1,CAKE-004,5,0,110.0,17
2025-10-15,outlet-1,CAKE-005,3,0,78.0,17
2025-10-15,outlet-1,CAKE-006,4,0,120.0,35
2025-10-15,outlet-1,CAKE-007,5,0,135.0,9
2025-10-15,outlet-1,CAKE-008,3,0,60.0,20
2025-10-15,outlet-1,CAKE-009,6,0,144.0,19
2025-10-15,outlet-1,CAKE-010,6,0,108.0,39
2025-10-15,outlet-2,CAKE-001,8,0,224.0,10
2025-10-15,outlet-2,CAKE-002,8,0,192.0,37
2025-10-15,outlet-2,CAKE-003,4,0,128.0,0
2025-10-15,outlet-2,CAKE-004,4,0,88.0,14
2025-10-15,outlet-2,CAKE-005,5,0,130.0,2
2025-10-15,outlet-2,CAKE-006,4,0,120.0,10
2025-10-15,outlet-2,CAKE-007,3,0,81.0,27
2025-10-15,outlet-2,CAKE-008,2,0,40.0,1
2025-10-15,outlet-2,CAKE-009,4,0,96.0,22
2025-10-15,outlet-2,CAKE-010,5,0,90.0,5
2025-10-15,outlet-3,CAKE-001,7,0,196.0,9
2025-10-15,outlet-3,CAKE-002,0,0,0.0,46
2025-10-15,outlet-3,CAKE-003,7,0,224.0,29
2025-10-15,outlet-3,CAKE-004,1,0,22.0,19
2025-10-15,outlet-3,CAKE-005,3,0,78.0,6
2025-10-15,outlet-3,CAKE-006,8,0,240.0,52
2025-10-15,outlet-3,CAKE-007,5,0,135.0,27
2025-10-15,outlet-3,CAKE-008,2,0,40.0,2
2025-10-15,outlet-3,CAKE-009,3,0,72.0,9
2025-10-15,outlet-3,CAKE-010,5,0,90.0,15
2025-10-15,outlet-4,CAKE-001,13,0,364.0,44
2025-10-15,outlet-4,CAKE-002,5,0,120.0,41
2025-10-15,outlet-4,CAKE-003,3,0,96.0,14
2025-10-15,outlet-4,CAKE-004,4,0,88.0,21
2025-10-15,outlet-4,CAKE-005,7,0,182.0,27
2025-10-15,outlet-4,CAKE-006,4,0,120.0,9
2025-10-15,outlet-4,CAKE-007,4,0,108.0,18
2025-10-15,outlet-4,CAKE-008,5,0,100.0,8
2025-10-15,outlet-4,CAKE-009,5,0,120.0,29
2025-10-15,outlet-4,CAKE-010,5,0,90.0,41
2025-10-15,outlet-5,CAKE-001,7,0,196.0,17
2025-10-15,outlet-5,CAKE-002,4,0,96.0,14
2025-10-15,outlet-5,CAKE-003,0,0,0.0,0
2025-10-15,outlet-5,CAKE-004,2,0,44.0,9
2025-10-15,outlet-5,CAKE-005,3,0,78.0,6
2025-10-15,outlet-5,CAKE-006,5,0,150.0,39
2025-10-15,outlet-5,CAKE-007,3,0,81.0,23
2025-10-15,outlet-5,CAKE-008,1,0,20.0,2
2025-10-15,outlet-5,CAKE-009,4,0,96.0,7
2025-10-15,outlet-5,CAKE-010,3,0,54.0,15
2025-10-16,outlet-1,CAKE-001,8,0,224.0,11
2025-10-16,outlet-1,CAKE-002,9,0,216.0,21
2025-10-16,outlet-1,CAKE-003,6,0,192.0,23
2025-10-16,outlet-1,CAKE-004,6,0,132.0,11
2025-10-16,outlet-1,CAKE-005,5,0,130.0,12
2025-10-16,outlet-1,CAKE-006,3,0,90.0,32
2025-10-16,outlet-1,CAKE-007,9,1,243.0,34
2025-10-16,outlet-1,CAKE-008,3,0,60.0,17
2025-10-16,outlet-1,CAKE-009,5,0,120.0,14
2025-10-16,outlet-1,CAKE-010,6,0,108.0,33
2025-10-16,outlet-2,CAKE-001,9,0,252.0,14
2025-10-16,outlet-2,CAKE-002,7,0,168.0,44
2025-10-16,outlet-2,CAKE-003,0,0,0.0,9
2025-10-16,outlet-2,CAKE-004,3,0,66.0,11
2025-10-16,outlet-2,CAKE-005,2,0,52.0,9
2025-10-16,outlet-2,CAKE-006,5,0,150.0,5
2025-10-16,outlet-2,CAKE-007,7,0,189.0,20
2025-10-16,outlet-2,CAKE-008,1,0,20.0,16
2025-10-16,outlet-2,CAKE-009,4,0,96.0,18
2025-10-16,outlet-2,CAKE-010,4,0,72.0,14
2025-10-16,outlet-3,CAKE-001,9,0,252.0,67
2025-10-16,outlet-3,CAKE-002,8,0,192.0,38
2025-10-16,outlet-3,CAKE-003,10,0,320.0,19
2025-10-16,outlet-3,CAKE-004,4,0,88.0,15
2025-10-16,outlet-3,CAKE-005,5,0,130.0,25
2025-10-16,outlet-3,CAKE-006,11,0,330.0,41
2025-10-16,outlet-3,CAKE-007,8,0,216.0,19
2025-10-16,outlet-3,CAKE-008,2,0,40.0,4
2025-10-16,outlet-3,CAKE-009,3,0,72.0,6
2025-10-16,outlet-3,CAKE-010,6,0,108.0,9
2025-10-16,outlet-4,CAKE-001,9,0,252.0,35
2025-10-16,outlet-4,CAKE-002,10,0,240.0,31
2025-10-16,outlet-4,CAKE-003,3,0,96.0,11
2025-10-16,outlet-4,CAKE-004,5,0,110.0,16
2025-10-16,outlet-4,CAKE-005,5,0,130.0,22
2025-10-16,outlet-4,CAKE-006,2,0,60.0,7
2025-10-16,outlet-4,CAKE-007,4,0,108.0,14
2025-10-16,outlet-4,CAKE-008,4,0,80.0,14
2025-10-16,outlet-4,CAKE-009,5,0,120.0,24
2025-10-16,outlet-4,CAKE-010,9,0,162.0,48
2025-10-16,outlet-5,CAKE-001,5,0,140.0,19
2025-10-16,outlet-5,CAKE-002,3,0,72.0,11
2025-10-16,outlet-5,CAKE-003,0,0,0.0,12
2025-10-16,outlet-5,CAKE-004,3,0,66.0,6
2025-10-16,outlet-5,CAKE-005,2,0,52.0,4
2025-10-16,outlet-5,CAKE-006,7,0,210.0,32
2025-10-16,outlet-5,CAKE-007,2,0,54.0,21
2025-10-16,outlet-5,CAKE-008,1,0,20.0,1
2025-10-16,outlet-5,CAKE-009,4,0,96.0,10
2025-10-16,outlet-5,CAKE-010,2,0,36.0,13
2025-10-17,outlet-1,CAKE-001,11,0,308.0,57
2025-10-17,outlet-1,CAKE-002,11,0,264.0,10
2025-10-17,outlet-1,CAKE-003,6,0,192.0,17
2025-10-17,outlet-1,CAKE-004,5,0,110.0,6
2025-10-17,outlet-1,CAKE-005,7,0,182.0,5
2025-10-17,outlet-1,CAKE-006,3,0,90.0,29
2025-10-17,outlet-1,CAKE-007,7,0,189.0,27
2025-10-17,outlet-1,CAKE-008,3,0,60.0,14
2025-10-17,outlet-1,CAKE-009,5,0,120.0,9
2025-10-17,outlet-1,CAKE-010,5,0,90.0,28
2025-10-17,outlet-2,CAKE-001,14,0,392.0,48
2025-10-17,outlet-2,CAKE-002,11,0,264.0,33
2025-10-17,outlet-2,CAKE-003,9,0,288.0,0
2025-10-17,outlet-2,CAKE-004,6,0,132.0,5
2025-10-17,outlet-2,CAKE-005,6,0,156.0,3
2025-10-17,outlet-2,CAKE-006,5,0,150.0,24
2025-10-17,outlet-2,CAKE-007,9,1,243.0,12
2025-10-17,outlet-2,CAKE-008,4,0,80.0,12
2025-10-17,outlet-2,CAKE-009,7,0,168.0,11
2025-10-17,outlet-2,CAKE-010,9,0,162.0,5
2025-10-17,outlet-3,CAKE-001,15,1,420.0,53
2025-10-17,outlet-3,CAKE-002,10,0,240.0,28
2025-10-17,outlet-3,CAKE-003,11,0,352.0,8
2025-10-17,outlet-3,CAKE-004,5,0,110.0,10
2025-10-17,outlet-3,CAKE-005,6,0,156.0,19
2025-10-17,outlet-3,CAKE-006,6,0,180.0,48
2025-10-17,outlet-3,CAKE-007,3,0,81.0,16
2025-10-17,outlet-3,CAKE-008,3,0,60.0,13
2025-10-17,outlet-3,CAKE-009,5,0,120.0,1
2025-10-17,outlet-3,CAKE-010,6,0,108.0,14
2025-10-17,outlet-4,CAKE-001,10,0,280.0,25
2025-10-17,outlet-4,CAKE-002,10,0,240.0,21
2025-10-17,outlet-4,CAKE-003,5,0,160.0,6
2025-10-17,outlet-4,CAKE-004,5,0,110.0,11
2025-10-17,outlet-4,CAKE-005,5,0,130.0,17
2025-10-17,outlet-4,CAKE-006,5,0,150.0,2
2025-10-17,outlet-4,CAKE-007,8,0,216.0,6
2025-10-17,outlet-4,CAKE-008,5,0,100.0,19
2025-10-17,outlet-4,CAKE-009,7,0,168.0,17
2025-10-17,outlet-4,CAKE-010,11,0,198.0,37
2025-10-17,outlet-5,CAKE-001,7,0,196.0,12
2025-10-17,outlet-5,CAKE-002,6,0,144.0,5
2025-10-17,outlet-5,CAKE-003,2,0,64.0,10
2025-10-17,outlet-5,CAKE-004,2,0,44.0,7
2025-10-17,outlet-5,CAKE-005,3,0,78.0,1
2025-10-17,outlet-5,CAKE-006,9,0,270.0,23
2025-10-17,outlet-5,CAKE-007,2,0,54.0,19
2025-10-17,outlet-5,CAKE-008,1,0,20.0,7
2025-10-17,outlet-5,CAKE-009,2,0,48.0,8
2025-10-17,outlet-5,CAKE-010,4,0,72.0,9
2025-10-18,outlet-1,CAKE-001,14,0,392.0,43
2025-10-18,outlet-1,CAKE-002,8,0,192.0,22
2025-10-18,outlet-1,CAKE-003,7,0,224.0,18
2025-10-18,outlet-1,CAKE-004,6,0,132.0,26
2025-10-18,outlet-1,CAKE-005,5,0,130.0,24
2025-10-18,outlet-1,CAKE-006,9,0,270.0,20
2025-10-18,outlet-1,CAKE-007,8,0,216.0,19
2025-10-18,outlet-1,CAKE-008,3,0,60.0,11
2025-10-18,outlet-1,CAKE-009,4,0,96.0,11
2025-10-18,outlet-1,CAKE-010,12,0,216.0,16
2025-10-18,outlet-2,CAKE-001,12,0,336.0,36
2025-10-18,outlet-2,CAKE-002,11,0,264.0,36
2025-10-18,outlet-2,CAKE-003,0,0,0.0,27
2025-10-18,outlet-2,CAKE-004,5,0,110.0,0
2025-10-18,outlet-2,CAKE-005,3,0,78.0,0
2025-10-18,outlet-2,CAKE-006,7,0,210.0,17
2025-10-18,outlet-2,CAKE-007,5,0,135.0,7
2025-10-18,outlet-2,CAKE-008,4,0,80.0,8
2025-10-18,outlet-2,CAKE-009,4,0,96.0,7
2025-10-18,outlet-2,CAKE-010,5,0,90.0,39
2025-10-18,outlet-3,CAKE-001,24,1,672.0,43
2025-10-18,outlet-3,CAKE-002,11,0,264.0,17
2025-10-18,outlet-3,CAKE-003,8,0,256.0,14
2025-10-18,outlet-3,CAKE-004,4,0,88.0,6
2025-10-18,outlet-3,CAKE-005,4,0,104.0,15
2025-10-18,outlet-3,CAKE-006,9,0,270.0,51
2025-10-18,outlet-3,CAKE-007,8,1,216.0,16
2025-10-18,outlet-3,CAKE-008,2,0,40.0,11
2025-10-18,outlet-3,CAKE-009,1,0,24.0,21
2025-10-18,outlet-3,CAKE-010,7,0,126.0,7
2025-10-18,outlet-4,CAKE-001,7,0,196.0,18
2025-10-18,outlet-4,CAKE-002,13,0,312.0,8
2025-10-18,outlet-4,CAKE-003,5,0,160.0,25
2025-10-18,outlet-4,CAKE-004,5,0,110.0,6
2025-10-18,outlet-4,CAKE-005,4,0,104.0,25
2025-10-18,outlet-4,CAKE-006,2,0,60.0,21
2025-10-18,outlet-4,CAKE-007,6,0,162.0,36
2025-10-18,outlet-4,CAKE-008,8,0,160.0,11
2025-10-18,outlet-4,CAKE-009,9,0,216.0,8
2025-10-18,outlet-4,CAKE-010,12,0,216.0,25
2025-10-18,outlet-5,CAKE-001,7,0,196.0,13
2025-10-18,outlet-5,CAKE-002,4,0,96.0,22
2025-10-18,outlet-5,CAKE-003,4,0,128.0,6
2025-10-18,outlet-5,CAKE-004,2,0,44.0,5
2025-10-18,outlet-5,CAKE-005,1,0,26.0,12
2025-10-18,outlet-5,CAKE-006,6,0,180.0,17
2025-10-18,outlet-5,CAKE-007,4,0,108.0,15
2025-10-18,outlet-5,CAKE-008,1,0,20.0,6
2025-10-18,outlet-5,CAKE-009,4,0,96.0,4
2025-10-18,outlet-5,CAKE-010,3,0,54.0,6
2025-10-19,outlet-1,CAKE-001,13,0,364.0,30
2025-10-19,outlet-1,CAKE-002,8,0,192.0,14
2025-10-19,outlet-1,CAKE-003,7,0,224.0,11
2025-10-19,outlet-1,CAKE-004,5,0,110.0,21
2025-10-19,outlet-1,CAKE-005,7,0,182.0,17
2025-10-19,outlet-1,CAKE-006,6,0,180.0,14
2025-10-19,outlet-1,CAKE-007,5,0,135.0,14
2025-10-19,outlet-1,CAKE-008,3,0,60.0,8
2025-10-19,outlet-1,CAKE-009,5,0,120.0,6
2025-10-19,outlet-1,CAKE-010,10,0,180.0,6
2025-10-19,outlet-2,CAKE-001,13,1,364.0,24
2025-10-19,outlet-2,CAKE-002,8,0,192.0,28
2025-10-19,outlet-2,CAKE-003,4,0,128.0,23
2025-10-19,outlet-2,CAKE-004,0,0,0.0,24
2025-10-19,outlet-2,CAKE-005,0,0,0.0,21
2025-10-19,outlet-2,CAKE-006,4,0,120.0,13
2025-10-19,outlet-2,CAKE-007,4,0,108.0,3
2025-10-19,outlet-2,CAKE-008,2,0,40.0,6
2025-10-19,outlet-2,CAKE-009,7,0,168.0,21
2025-10-19,outlet-2,CAKE-010,12,1,216.0,28
2025-10-19,outlet-3,CAKE-001,8,0,224.0,48
2025-10-19,outlet-3,CAKE-002,10,0,240.0,7
2025-10-19,outlet-3,CAKE-003,10,0,320.0,4
2025-10-19,outlet-3,CAKE-004,3,0,66.0,3
2025-10-19,outlet-3,CAKE-005,4,0,104.0,11
2025-10-19,outlet-3,CAKE-006,11,0,330.0,40
2025-10-19,outlet-3,CAKE-007,10,1,270.0,7
2025-10-19,outlet-3,CAKE-008,2,0,40.0,9
2025-10-19,outlet-3,CAKE-009,6,0,144.0,15
2025-10-19,outlet-3,CAKE-010,7,0,126.0,12
2025-10-19,outlet-4,CAKE-001,10,0,280.0,22
2025-10-19,outlet-4,CAKE-002,8,0,192.0,54
2025-10-19,outlet-4,CAKE-003,4,0,128.0,21
2025-10-19,outlet-4,CAKE-004,6,0,132.0,28
2025-10-19,outlet-4,CAKE-005,4,0,104.0,21
2025-10-19,outlet-4,CAKE-006,3,0,90.0,18
2025-10-19,outlet-4,CAKE-007,7,0,189.0,29
2025-10-19,outlet-4,CAKE-008,5,0,100.0,6
2025-10-19,outlet-4,CAKE-009,7,0,168.0,1
2025-10-19,outlet-4,CAKE-010,7,0,126.0,18
2025-10-19,outlet-5,CAKE-001,8,0,224.0,5
2025-10-19,outlet-5,CAKE-002,5,0,120.0,17
2025-10-19,outlet-5,CAKE-003,3,0,96.0,3
2025-10-19,outlet-5,CAKE-004,3,0,66.0,2
2025-10-19,outlet-5,CAKE-005,4,0,104.0,8
2025-10-19,outlet-5,CAKE-006,7,0,210.0,10
2025-10-19,outlet-5,CAKE-007,0,0,0.0,15
2025-10-19,outlet-5,CAKE-008,1,0,20.0,5
2025-10-19,outlet-5,CAKE-009,4,0,96.0,16
2025-10-19,outlet-5,CAKE-010,6,0,108.0,21
2025-10-20,outlet-1,CAKE-001,13,0,364.0,17
2025-10-20,outlet-1,CAKE-002,6,0,144.0,8
2025-10-20,outlet-1,CAKE-003,5,0,160.0,6
2025-10-20,outlet-1,CAKE-004,2,0,44.0,19
2025-10-20,outlet-1,CAKE-005,5,0,130.0,12
2025-10-20,outlet-1,CAKE-006,3,0,90.0,11
2025-10-20,outlet-1,CAKE-007,5,0,135.0,9
2025-10-20,outlet-1,CAKE-008,3,0,60.0,5
2025-10-20,outlet-1,CAKE-009,4,0,96.0,2
2025-10-20,outlet-1,CAKE-010,4,0,72.0,2
2025-10-20,outlet-2,CAKE-001,7,0,196.0,17
2025-10-20,outlet-2,CAKE-002,7,0,168.0,21
2025-10-20,outlet-2,CAKE-003,6,0,192.0,17
2025-10-20,outlet-2,CAKE-004,3,0,66.0,21
2025-10-20,outlet-2,CAKE-005,4,0,104.0,17
2025-10-20,outlet-2,CAKE-006,4,0,120.0,9
2025-10-20,outlet-2,CAKE-007,3,0,81.0,0
2025-10-20,outlet-2,CAKE-008,3,0,60.0,3
2025-10-20,outlet-2,CAKE-009,4,0,96.0,25
2025-10-20,outlet-2,CAKE-010,6,0,108.0,34
2025-10-20,outlet-3,CAKE-001,12,0,336.0,36
2025-10-20,outlet-3,CAKE-002,7,0,168.0,46
2025-10-20,outlet-3,CAKE-003,4,0,128.0,48
2025-10-20,outlet-3,CAKE-004,3,0,66.0,0
2025-10-20,outlet-3,CAKE-005,4,0,104.0,7
2025-10-20,outlet-3,CAKE-006,11,0,330.0,29
2025-10-20,outlet-3,CAKE-007,7,1,189.0,31
2025-10-20,outlet-3,CAKE-008,2,0,40.0,10
2025-10-20,outlet-3,CAKE-009,3,0,72.0,12
2025-10-20,outlet-3,CAKE-010,5,0,90.0,7
2025-10-20,outlet-4,CAKE-001,5,0,140.0,17
2025-10-20,outlet-4,CAKE-002,8,0,192.0,46
2025-10-20,outlet-4,CAKE-003,4,0,128.0,17
2025-10-20,outlet-4,CAKE-004,5,0,110.0,23
2025-10-20,outlet-4,CAKE-005,6,0,156.0,15
2025-10-20,outlet-4,CAKE-006,4,0,120.0,14
2025-10-20,outlet-4,CAKE-007,4,0,108.0,25
2025-10-20,outlet-4,CAKE-008,4,0,80.0,2
2025-10-20,outlet-4,CAKE-009,1,0,24.0,8
2025-10-20,outlet-4,CAKE-010,6,0,108.0,29
2025-10-20,outlet-5,CAKE-001,5,0,140.0,28
2025-10-20,outlet-5,CAKE-002,4,0,96.0,13
2025-10-20,outlet-5,CAKE-003,3,0,96.0,12
2025-10-20,outlet-5,CAKE-004,2,0,44.0,0
2025-10-20,outlet-5,CAKE-005,2,0,52.0,9
2025-10-20,outlet-5,CAKE-006,6,0,180.0,4
2025-10-20,outlet-5,CAKE-007,3,0,81.0,12
2025-10-20,outlet-5,CAKE-008,1,0,20.0,4
2025-10-20,outlet-5,CAKE-009,3,0,72.0,13
2025-10-20,outlet-5,CAKE-010,5,0,90.0,16
2025-10-21,outlet-1,CAKE-001,4,0,112.0,13
2025-10-21,outlet-1,CAKE-002,8,0,192.0,46
2025-10-21,outlet-1,CAKE-003,4,0,128.0,32
2025-10-21,outlet-1,CAKE-004,3,0,66.0,16
2025-10-21,outlet-1,CAKE-005,4,0,104.0,8
2025-10-21,outlet-1,CAKE-006,6,0,180.0,25
2025-10-21,outlet-1,CAKE-007,5,0,135.0,4
2025-10-21,outlet-1,CAKE-008,4,0,80.0,19
2025-10-21,outlet-1,CAKE-009,2,0,48.0,24
2025-10-21,outlet-1,CAKE-010,2,0,36.0,43
2025-10-21,outlet-2,CAKE-001,6,0,168.0,24
2025-10-21,outlet-2,CAKE-002,7,0,168.0,14
2025-10-21,outlet-2,CAKE-003,4,0,128.0,13
2025-10-21,outlet-2,CAKE-004,3,0,66.0,18
2025-10-21,outlet-2,CAKE-005,3,0,78.0,22
2025-10-21,outlet-2,CAKE-006,5,0,150.0,11
2025-10-21,outlet-2,CAKE-007,0,0,0.0,30
2025-10-21,outlet-2,CAKE-008,3,0,60.0,3
2025-10-21,outlet-2,CAKE-009,4,0,96.0,28
2025-10-21,outlet-2,CAKE-010,5,0,90.0,29
2025-10-21,outlet-3,CAKE-001,14,0,392.0,22
2025-10-21,outlet-3,CAKE-002,9,0,216.0,37
2025-10-21,outlet-3,CAKE-003,6,0,192.0,42
2025-10-21,outlet-3,CAKE-004,0,0,0.0,19
2025-10-21,outlet-3,CAKE-005,5,0,130.0,2
2025-10-21,outlet-3,CAKE-006,8,0,240.0,21
2025-10-21,outlet-3,CAKE-007,7,0,189.0,24
2025-10-21,outlet-3,CAKE-008,2,0,40.0,8
2025-10-21,outlet-3,CAKE-009,3,0,72.0,9
2025-10-21,outlet-3,CAKE-010,6,0,108.0,1
2025-10-21,outlet-4,CAKE-001,6,0,168.0,26
2025-10-21,outlet-4,CAKE-002,10,0,240.0,36
2025-10-21,outlet-4,CAKE-003,6,0,192.0,11
2025-10-21,outlet-4,CAKE-004,4,0,88.0,19
2025-10-21,outlet-4,CAKE-005,5,0,130.0,10
2025-10-21,outlet-4,CAKE-006,5,0,150.0,9
2025-10-21,outlet-4,CAKE-007,5,0,135.0,26
2025-10-21,outlet-4,CAKE-008,2,0,40.0,0
2025-10-21,outlet-4,CAKE-009,4,0,96.0,4
2025-10-21,outlet-4,CAKE-010,4,0,72.0,25
2025-10-21,outlet-5,CAKE-001,4,0,112.0,24
2025-10-21,outlet-5,CAKE-002,3,0,72.0,10
2025-10-21,outlet-5,CAKE-003,2,0,64.0,10
2025-10-21,outlet-5,CAKE-004,0,0,0.0,14
2025-10-21,outlet-5,CAKE-005,2,0,52.0,7
2025-10-21,outlet-5,CAKE-006,3,0,90.0,31
2025-10-21,outlet-5,CAKE-007,2,0,54.0,10
2025-10-21,outlet-5,CAKE-008,2,0,40.0,2
2025-10-21,outlet-5,CAKE-009,3,0,72.0,10
2025-10-21,outlet-5,CAKE-010,4,0,72.0,12
2025-10-22,outlet-1,CAKE-001,11,0,308.0,59
2025-10-22,outlet-1,CAKE-002,9,0,216.0,57
2025-10-22,outlet-1,CAKE-003,6,0,192.0,26
2025-10-22,outlet-1,CAKE-004,4,0,88.0,12
2025-10-22,outlet-1,CAKE-005,5,0,130.0,3
2025-10-22,outlet-1,CAKE-006,4,0,120.0,21
2025-10-22,outlet-1,CAKE-007,4,0,108.0,12
2025-10-22,outlet-1,CAKE-008,3,0,60.0,16
2025-10-22,outlet-1,CAKE-009,5,0,120.0,19
2025-10-22,outlet-1,CAKE-010,6,0,108.0,37
2025-10-22,outlet-2,CAKE-001,4,0,112.0,35
2025-10-22,outlet-2,CAKE-002,7,0,168.0,7
2025-10-22,outlet-2,CAKE-003,4,0,128.0,9
2025-10-22,outlet-2,CAKE-004,4,0,88.0,14
2025-10-22,outlet-2,CAKE-005,3,0,78.0,19
2025-10-22,outlet-2,CAKE-006,5,0,150.0,6
2025-10-22,outlet-2,CAKE-007,4,0,108.0,26
2025-10-22,outlet-2,CAKE-008,2,0,40.0,1
2025-10-22,outlet-2,CAKE-009,4,0,96.0,24
2025-10-22,outlet-2,CAKE-010,6,0,108.0,23
2025-10-22,outlet-3,CAKE-001,8,0,224.0,14
2025-10-22,outlet-3,CAKE-002,5,0,120.0,32
2025-10-22,outlet-3,CAKE-003,9,0,288.0,33
2025-10-22,outlet-3,CAKE-004,3,0,66.0,16
2025-10-22,outlet-3,CAKE-005,2,0,52.0,0
2025-10-22,outlet-3,CAKE-006,10,0,300.0,27
2025-10-22,outlet-3,CAKE-007,7,0,189.0,17
2025-10-22,outlet-3,CAKE-008,2,0,40.0,6
2025-10-22,outlet-3,CAKE-009,3,0,72.0,6
2025-10-22,outlet-3,CAKE-010,1,0,18.0,32
2025-10-22,outlet-4,CAKE-001,5,0,140.0,21
2025-10-22,outlet-4,CAKE-002,12,0,288.0,24
2025-10-22,outlet-4,CAKE-003,5,0,160.0,6
2025-10-22,outlet-4,CAKE-004,3,0,66.0,16
2025-10-22,outlet-4,CAKE-005,6,0,156.0,4
2025-10-22,outlet-4,CAKE-006,4,0,120.0,13
2025-10-22,outlet-4,CAKE-007,7,0,189.0,19
2025-10-22,outlet-4,CAKE-008,0,0,0.0,27
2025-10-22,outlet-4,CAKE-009,4,0,96.0,28
2025-10-22,outlet-4,CAKE-010,4,0,72.0,21
2025-10-22,outlet-5,CAKE-001,2,0,56.0,22
2025-10-22,outlet-5,CAKE-002,3,0,72.0,7
2025-10-22,outlet-5,CAKE-003,2,0,64.0,8
2025-10-22,outlet-5,CAKE-004,1,0,22.0,13
2025-10-22,outlet-5,CAKE-005,2,0,52.0,5
2025-10-22,outlet-5,CAKE-006,6,0,180.0,25
2025-10-22,outlet-5,CAKE-007,1,0,27.0,15
2025-10-22,outlet-5,CAKE-008,1,0,20.0,1
2025-10-22,outlet-5,CAKE-009,3,0,72.0,7
2025-10-22,outlet-5,CAKE-010,4,0,72.0,8
2025-10-23,outlet-1,CAKE-001,12,1,336.0,48
2025-10-23,outlet-1,CAKE-002,9,0,216.0,48
2025-10-23,outlet-1,CAKE-003,6,0,192.0,28
2025-10-23,outlet-1,CAKE-004,5,0,110.0,7
2025-10-23,outlet-1,CAKE-005,3,0,78.0,24
2025-10-23,outlet-1,CAKE-006,6,0,180.0,15
2025-10-23,outlet-1,CAKE-007,6,0,162.0,6
2025-10-23,outlet-1,CAKE-008,3,0,60.0,13
2025-10-23,outlet-1,CAKE-009,4,0,96.0,15
2025-10-23,outlet-1,CAKE-010,8,0,144.0,29
2025-10-23,outlet-2,CAKE-001,5,0,140.0,30
2025-10-23,outlet-2,CAKE-002,7,0,168.0,14
2025-10-23,outlet-2,CAKE-003,4,0,128.0,5
2025-10-23,outlet-2,CAKE-004,5,0,110.0,15
2025-10-23,outlet-2,CAKE-005,4,0,104.0,15
2025-10-23,outlet-2,CAKE-006,4,0,120.0,2
2025-10-23,outlet-2,CAKE-007,6,0,162.0,20
2025-10-23,outlet-2,CAKE-008,1,0,20.0,16
2025-10-23,outlet-2,CAKE-009,3,0,72.0,21
2025-10-23,outlet-2,CAKE-010,6,0,108.0,17
2025-10-23,outlet-3,CAKE-001,14,1,392.0,14
2025-10-23,outlet-3,CAKE-002,8,0,192.0,24
2025-10-23,outlet-3,CAKE-003,9,0,288.0,24
2025-10-23,outlet-3,CAKE-004,4,0,88.0,12
2025-10-23,outlet-3,CAKE-005,0,0,0.0,0
2025-10-23,outlet-3,CAKE-006,7,0,210.0,20
2025-10-23,outlet-3,CAKE-007,6,0,162.0,11
2025-10-23,outlet-3,CAKE-008,2,0,40.0,8
2025-10-23,outlet-3,CAKE-009,4,0,96.0,2
2025-10-23,outlet-3,CAKE-010,6,0,108.0,26
2025-10-23,outlet-4,CAKE-001,9,0,252.0,12
2025-10-23,outlet-4,CAKE-002,8,0,192.0,16
2025-10-23,outlet-4,CAKE-003,2,0,64.0,4
2025-10-23,outlet-4,CAKE-004,4,0,88.0,12
2025-10-23,outlet-4,CAKE-005,4,0,104.0,0
2025-10-23,outlet-4,CAKE-006,5,0,150.0,8
2025-10-23,outlet-4,CAKE-007,5,0,135.0,14
2025-10-23,outlet-4,CAKE-008,4,0,80.0,23
2025-10-23,outlet-4,CAKE-009,6,0,144.0,22
2025-10-23,outlet-4,CAKE-010,6,0,108.0,15
2025-10-23,outlet-5,CAKE-001,3,0,84.0,19
2025-10-23,outlet-5,CAKE-002,4,0,96.0,3
2025-10-23,outlet-5,CAKE-003,1,0,32.0,7
2025-10-23,outlet-5,CAKE-004,3,0,66.0,10
2025-10-23,outlet-5,CAKE-005,2,0,52.0,3
2025-10-23,outlet-5,CAKE-006,6,0,180.0,19
2025-10-23,outlet-5,CAKE-007,3,0,81.0,19
2025-10-23,outlet-5,CAKE-008,1,0,20.0,7
2025-10-23,outlet-5,CAKE-009,3,0,72.0,4
2025-10-23,outlet-5,CAKE-010,4,0,72.0,4
2025-10-24,outlet-1,CAKE-001,11,0,308.0,55
2025-10-24,outlet-1,CAKE-002,8,0,192.0,59
2025-10-24,outlet-1,CAKE-003,8,0,256.0,20
2025-10-24,outlet-1,CAKE-004,5,0,110.0,28
2025-10-24,outlet-1,CAKE-005,6,0,156.0,18
2025-10-24,outlet-1,CAKE-006,7,0,210.0,8
2025-10-24,outlet-1,CAKE-007,6,0,162.0,0
2025-10-24,outlet-1,CAKE-008,4,0,80.0,9
2025-10-24,outlet-1,CAKE-009,5,0,120.0,16
2025-10-24,outlet-1,CAKE-010,7,0,126.0,22
2025-10-24,outlet-2,CAKE-001,12,0,336.0,18
2025-10-24,outlet-2,CAKE-002,11,0,264.0,45
2025-10-24,outlet-2,CAKE-003,5,0,160.0,9
2025-10-24,outlet-2,CAKE-004,6,0,132.0,15
2025-10-24,outlet-2,CAKE-005,5,0,130.0,10
2025-10-24,outlet-2,CAKE-006,2,0,60.0,7
2025-10-24,outlet-2,CAKE-007,6,0,162.0,14
2025-10-24,outlet-2,CAKE-008,4,0,80.0,12
2025-10-24,outlet-2,CAKE-009,5,0,120.0,16
2025-10-24,outlet-2,CAKE-010,7,0,126.0,20
2025-10-24,outlet-3,CAKE-001,14,1,392.0,16
2025-10-24,outlet-3,CAKE-002,12,0,288.0,12
2025-10-24,outlet-3,CAKE-003,8,0,256.0,28
2025-10-24,outlet-3,CAKE-004,5,0,110.0,11
2025-10-24,outlet-3,CAKE-005,0,0,0.0,24
2025-10-24,outlet-3,CAKE-006,8,0,240.0,12
2025-10-24,outlet-3,CAKE-007,6,0,162.0,5
2025-10-24,outlet-3,CAKE-008,2,0,40.0,6
2025-10-24,outlet-3,CAKE-009,2,0,48.0,12
2025-10-24,outlet-3,CAKE-010,7,0,126.0,19
2025-10-24,outlet-4,CAKE-001,9,0,252.0,46
2025-10-24,outlet-4,CAKE-002,13,0,312.0,57
2025-10-24,outlet-4,CAKE-003,4,0,128.0,24
2025-10-24,outlet-4,CAKE-004,7,0,154.0,12
2025-10-24,outlet-4,CAKE-005,0,0,0.0,33
2025-10-24,outlet-4,CAKE-006,5,0,150.0,3
2025-10-24,outlet-4,CAKE-007,12,1,324.0,3
2025-10-24,outlet-4,CAKE-008,5,0,100.0,18
2025-10-24,outlet-4,CAKE-009,7,0,168.0,15
2025-10-24,outlet-4,CAKE-010,10,0,180.0,18
2025-10-24,outlet-5,CAKE-001,6,0,168.0,13
2025-10-24,outlet-5,CAKE-002,3,0,72.0,4
2025-10-24,outlet-5,CAKE-003,1,0,32.0,6
2025-10-24,outlet-5,CAKE-004,4,0,88.0,6
2025-10-24,outlet-5,CAKE-005,3,0,78.0,12
2025-10-24,outlet-5,CAKE-006,10,0,300.0,9
2025-10-24,outlet-5,CAKE-007,5,0,135.0,14
2025-10-24,outlet-5,CAKE-008,2,0,40.0,7
2025-10-24,outlet-5,CAKE-009,4,0,96.0,16
2025-10-24,outlet-5,CAKE-010,4,0,72.0,0
2025-10-25,outlet-1,CAKE-001,15,0,420.0,40
2025-10-25,outlet-1,CAKE-002,8,0,192.0,51
2025-10-25,outlet-1,CAKE-003,6,0,192.0,14
2025-10-25,outlet-1,CAKE-004,7,0,154.0,21
2025-10-25,outlet-1,CAKE-005,4,0,104.0,14
2025-10-25,outlet-1,CAKE-006,5,0,150.0,22
2025-10-25,outlet-1,CAKE-007,0,0,0.0,33
2025-10-25,outlet-1,CAKE-008,4,0,80.0,9
2025-10-25,outlet-1,CAKE-009,7,0,168.0,9
2025-10-25,outlet-1,CAKE-010,6,0,108.0,16
2025-10-25,outlet-2,CAKE-001,9,0,252.0,9
2025-10-25,outlet-2,CAKE-002,9,0,216.0,36
2025-10-25,outlet-2,CAKE-003,5,0,160.0,4
2025-10-25,outlet-2,CAKE-004,5,0,110.0,10
2025-10-25,outlet-2,CAKE-005,2,0,52.0,8
2025-10-25,outlet-2,CAKE-006,7,0,210.0,0
2025-10-25,outlet-2,CAKE-007,5,0,135.0,16
2025-10-25,outlet-2,CAKE-008,3,0,60.0,9
2025-10-25,outlet-2,CAKE-009,4,0,96.0,12
2025-10-25,outlet-2,CAKE-010,11,0,198.0,9
2025-10-25,outlet-3,CAKE-001,16,1,448.0,1
2025-10-25,outlet-3,CAKE-002,7,0,168.0,5
2025-10-25,outlet-3,CAKE-003,11,0,352.0,17
2025-10-25,outlet-3,CAKE-004,4,0,88.0,11
2025-10-25,outlet-3,CAKE-005,2,0,52.0,22
2025-10-25,outlet-3,CAKE-006,11,0,330.0,46
2025-10-25,outlet-3,CAKE-007,5,0,135.0,30
2025-10-25,outlet-3,CAKE-008,3,0,60.0,3
2025-10-25,outlet-3,CAKE-009,4,0,96.0,8
2025-10-25,outlet-3,CAKE-010,9,0,162.0,10
2025-10-25,outlet-4,CAKE-001,8,0,224.0,38
2025-10-25,outlet-4,CAKE-002,13,1,312.0,45
2025-10-25,outlet-4,CAKE-003,6,0,192.0,18
2025-10-25,outlet-4,CAKE-004,5,0,110.0,7
2025-10-25,outlet-4,CAKE-005,5,0,130.0,28
2025-10-25,outlet-4,CAKE-006,3,0,90.0,0
2025-10-25,outlet-4,CAKE-007,1,0,27.0,38
2025-10-25,outlet-4,CAKE-008,4,0,80.0,14
2025-10-25,outlet-4,CAKE-009,8,0,192.0,7
2025-10-25,outlet-4,CAKE-010,10,0,180.0,24
2025-10-25,outlet-5,CAKE-001,3,0,84.0,10
2025-10-25,outlet-5,CAKE-002,4,0,96.0,5
2025-10-25,outlet-5,CAKE-003,4,0,128.0,2
2025-10-25,outlet-5,CAKE-004,3,0,66.0,3
2025-10-25,outlet-5,CAKE-005,1,0,26.0,11
2025-10-25,outlet-5,CAKE-006,9,0,270.0,0
2025-10-25,outlet-5,CAKE-007,4,0,108.0,10
2025-10-25,outlet-5,CAKE-008,1,0,20.0,6
2025-10-25,outlet-5,CAKE-009,5,0,120.0,11
2025-10-25,outlet-5,CAKE-010,0,0,0.0,0
2025-10-26,outlet-1,CAKE-001,20,1,560.0,21
2025-10-26,outlet-1,CAKE-002,12,0,288.0,39
2025-10-26,outlet-1,CAKE-003,5,0,160.0,9
2025-10-26,outlet-1,CAKE-004,5,0,110.0,16
2025-10-26,outlet-1,CAKE-005,6,0,156.0,8
2025-10-26,outlet-1,CAKE-006,8,0,240.0,14
2025-10-26,outlet-1,CAKE-007,9,0,243.0,24
2025-10-26,outlet-1,CAKE-008,4,0,80.0,5
2025-10-26,outlet-1,CAKE-009,5,0,120.0,4
2025-10-26,outlet-1,CAKE-010,14,0,252.0,14
2025-10-26,outlet-2,CAKE-001,9,0,252.0,48
2025-10-26,outlet-2,CAKE-002,9,0,216.0,27
2025-10-26,outlet-2,CAKE-003,4,0,128.0,0
2025-10-26,outlet-2,CAKE-004,6,0,132.0,4
2025-10-26,outlet-2,CAKE-005,6,0,156.0,2
2025-10-26,outlet-2,CAKE-006,0,0,0.0,0
2025-10-26,outlet-2,CAKE-007,10,1,270.0,7
2025-10-26,outlet-2,CAKE-008,2,0,40.0,7
2025-10-26,outlet-2,CAKE-009,6,0,144.0,6
2025-10-26,outlet-2,CAKE-010,9,0,162.0,39
2025-10-26,outlet-3,CAKE-001,1,0,28.0,14
2025-10-26,outlet-3,CAKE-002,5,0,120.0,13
2025-10-26,outlet-3,CAKE-003,8,0,256.0,9
2025-10-26,outlet-3,CAKE-004,3,0,66.0,11
2025-10-26,outlet-3,CAKE-005,2,0,52.0,24
2025-10-26,outlet-3,CAKE-006,17,1,510.0,42
2025-10-26,outlet-3,CAKE-007,10,1,270.0,21
2025-10-26,outlet-3,CAKE-008,3,0,60.0,4
2025-10-26,outlet-3,CAKE-009,6,0,144.0,12
2025-10-26,outlet-3,CAKE-010,6,0,108.0,4
2025-10-26,outlet-4,CAKE-001,9,0,252.0,29
2025-10-26,outlet-4,CAKE-002,10,0,240.0,35
2025-10-26,outlet-4,CAKE-003,7,0,224.0,11
2025-10-26,outlet-4,CAKE-004,4,0,88.0,3
2025-10-26,outlet-4,CAKE-005,9,0,234.0,19
2025-10-26,outlet-4,CAKE-006,0,0,0.0,21
2025-10-26,outlet-4,CAKE-007,9,0,243.0,29
2025-10-26,outlet-4,CAKE-008,6,0,120.0,8
2025-10-26,outlet-4,CAKE-009,6,0,144.0,1
2025-10-26,outlet-4,CAKE-010,8,0,144.0,16
2025-10-26,outlet-5,CAKE-001,6,0,168.0,4
2025-10-26,outlet-5,CAKE-002,3,0,72.0,2
2025-10-26,outlet-5,CAKE-003,2,0,64.0,12
2025-10-26,outlet-5,CAKE-004,3,0,66.0,0
2025-10-26,outlet-5,CAKE-005,3,0,78.0,8
2025-10-26,outlet-5,CAKE-006,0,0,0.0,30
2025-10-26,outlet-5,CAKE-007,4,0,108.0,6
2025-10-26,outlet-5,CAKE-008,1,0,20.0,5
2025-10-26,outlet-5,CAKE-009,4,0,96.0,7
2025-10-26,outlet-5,CAKE-010,0,0,0.0,21
2025-10-27,outlet-1,CAKE-001,13,0,364.0,8
2025-10-27,outlet-1,CAKE-002,9,0,216.0,46
2025-10-27,outlet-1,CAKE-003,4,0,128.0,5
2025-10-27,outlet-1,CAKE-004,4,0,88.0,12
2025-10-27,outlet-1,CAKE-005,5,0,130.0,11
2025-10-27,outlet-1,CAKE-006,7,0,210.0,29
2025-10-27,outlet-1,CAKE-007,5,0,135.0,19
2025-10-27,outlet-1,CAKE-008,3,0,60.0,2
2025-10-27,outlet-1,CAKE-009,4,0,96.0,24
2025-10-27,outlet-1,CAKE-010,8,0,144.0,18
2025-10-27,outlet-2,CAKE-001,11,0,308.0,37
2025-10-27,outlet-2,CAKE-002,6,0,144.0,21
2025-10-27,outlet-2,CAKE-003,0,0,0.0,0
2025-10-27,outlet-2,CAKE-004,3,0,66.0,25
2025-10-27,outlet-2,CAKE-005,2,0,52.0,21
2025-10-27,outlet-2,CAKE-006,0,0,0.0,24
2025-10-27,outlet-2,CAKE-007,5,0,135.0,2
2025-10-27,outlet-2,CAKE-008,2,0,40.0,5
2025-10-27,outlet-2,CAKE-009,4,0,96.0,2
2025-10-27,outlet-2,CAKE-010,6,0,108.0,33
2025-10-27,outlet-3,CAKE-001,9,0,252.0,21
2025-10-27,outlet-3,CAKE-002,7,0,168.0,6
2025-10-27,outlet-3,CAKE-003,8,0,256.0,49
2025-10-27,outlet-3,CAKE-004,4,0,88.0,7
2025-10-27,outlet-3,CAKE-005,5,0,130.0,19
2025-10-27,outlet-3,CAKE-006,6,0,180.0,36
2025-10-27,outlet-3,CAKE-007,6,0,162.0,15
2025-10-27,outlet-3,CAKE-008,3,0,60.0,1
2025-10-27,outlet-3,CAKE-009,4,0,96.0,8
2025-10-27,outlet-3,CAKE-010,4,0,72.0,12
2025-10-27,outlet-4,CAKE-001,9,0,252.0,20
2025-10-27,outlet-4,CAKE-002,6,0,144.0,29
2025-10-27,outlet-4,CAKE-003,5,0,160.0,6
2025-10-27,outlet-4,CAKE-004,3,0,66.0,0
2025-10-27,outlet-4,CAKE-005,6,0,156.0,13
2025-10-27,outlet-4,CAKE-006,3,0,90.0,18
2025-10-27,outlet-4,CAKE-007,6,0,162.0,23
2025-10-27,outlet-4,CAKE-008,4,0,80.0,4
2025-10-27,outlet-4,CAKE-009,1,0,24.0,28
2025-10-27,outlet-4,CAKE-010,6,0,108.0,10
2025-10-27,outlet-5,CAKE-001,4,0,112.0,28
2025-10-27,outlet-5,CAKE-002,2,0,48.0,21
2025-10-27,outlet-5,CAKE-003,3,0,96.0,9
2025-10-27,outlet-5,CAKE-004,0,0,0.0,0
2025-10-27,outlet-5,CAKE-005,1,0,26.0,7
2025-10-27,outlet-5,CAKE-006,5,0,150.0,36
2025-10-27,outlet-5,CAKE-007,2,0,54.0,4
2025-10-27,outlet-5,CAKE-008,1,0,20.0,4
2025-10-27,outlet-5,CAKE-009,3,0,72.0,4
2025-10-27,outlet-5,CAKE-010,3,0,54.0,18
2025-10-28,outlet-1,CAKE-001,8,0,224.0,57
2025-10-28,outlet-1,CAKE-002,7,0,168.0,39
2025-10-28,outlet-1,CAKE-003,3,0,96.0,32
2025-10-28,outlet-1,CAKE-004,3,0,66.0,9
2025-10-28,outlet-1,CAKE-005,5,0,130.0,6
2025-10-28,outlet-1,CAKE-006,6,0,180.0,23
2025-10-28,outlet-1,CAKE-007,4,0,108.0,15
2025-10-28,outlet-1,CAKE-008,2,0,40.0,0
2025-10-28,outlet-1,CAKE-009,4,0,96.0,20
2025-10-28,outlet-1,CAKE-010,6,0,108.0,12
2025-10-28,outlet-2,CAKE-001,6,0,168.0,31
2025-10-28,outlet-2,CAKE-002,7,0,168.0,14
2025-10-28,outlet-2,CAKE-003,0,0,0.0,27
2025-10-28,outlet-2,CAKE-004,4,0,88.0,27
2025-10-28,outlet-2,CAKE-005,4,0,104.0,17
2025-10-28,outlet-2,CAKE-006,7,0,210.0,25
2025-10-28,outlet-2,CAKE-007,2,0,54.0,5
2025-10-28,outlet-2,CAKE-008,3,0,60.0,2
2025-10-28,outlet-2,CAKE-009,2,0,48.0,21
2025-10-28,outlet-2,CAKE-010,7,0,126.0,26
2025-10-28,outlet-3,CAKE-001,9,0,252.0,12
2025-10-28,outlet-3,CAKE-002,6,0,144.0,46
2025-10-28,outlet-3,CAKE-003,13,1,416.0,37
2025-10-28,outlet-3,CAKE-004,2,0,44.0,5
2025-10-28,outlet-3,CAKE-005,3,0,78.0,16
2025-10-28,outlet-3,CAKE-006,6,0,180.0,30
2025-10-28,outlet-3,CAKE-007,3,0,81.0,12
2025-10-28,outlet-3,CAKE-008,1,0,20.0,0
2025-10-28,outlet-3,CAKE-009,3,0,72.0,5
2025-10-28,outlet-3,CAKE-010,5,0,90.0,7
2025-10-28,outlet-4,CAKE-001,9,0,252.0,23
2025-10-28,outlet-4,CAKE-002,9,0,216.0,20
2025-10-28,outlet-4,CAKE-003,3,0,96.0,3
2025-10-28,outlet-4,CAKE-004,0,0,0.0,28
2025-10-28,outlet-4,CAKE-005,6,0,156.0,7
2025-10-28,outlet-4,CAKE-006,4,0,120.0,14
2025-10-28,outlet-4,CAKE-007,6,0,162.0,17
2025-10-28,outlet-4,CAKE-008,4,0,80.0,27
2025-10-28,outlet-4,CAKE-009,7,0,168.0,21
2025-10-28,outlet-4,CAKE-010,8,0,144.0,48
2025-10-28,outlet-5,CAKE-001,3,0,84.0,25
2025-10-28,outlet-5,CAKE-002,4,0,96.0,17
2025-10-28,outlet-5,CAKE-003,3,0,96.0,6
2025-10-28,outlet-5,CAKE-004,0,0,0.0,0
2025-10-28,outlet-5,CAKE-005,2,0,52.0,5
2025-10-28,outlet-5,CAKE-006,6,0,180.0,30
2025-10-28,outlet-5,CAKE-007,2,0,54.0,2
2025-10-28,outlet-5,CAKE-008,1,0,20.0,3
2025-10-28,outlet-5,CAKE-009,3,0,72.0,17
2025-10-28,outlet-5,CAKE-010,4,0,72.0,14
2025-10-29,outlet-1,CAKE-001,14,0,392.0,60
2025-10-29,outlet-1,CAKE-002,7,0,168.0,32
2025-10-29,outlet-1,CAKE-003,5,0,160.0,27
2025-10-29,outlet-1,CAKE-004,6,0,132.0,3
2025-10-29,outlet-1,CAKE-005,4,0,104.0,2
2025-10-29,outlet-1,CAKE-006,4,0,120.0,19
2025-10-29,outlet-1,CAKE-007,7,0,189.0,8
2025-10-29,outlet-1,CAKE-008,0,0,0.0,18
2025-10-29,outlet-1,CAKE-009,4,0,96.0,16
2025-10-29,outlet-1,CAKE-010,7,0,126.0,5
2025-10-29,outlet-2,CAKE-001,9,0,252.0,22
2025-10-29,outlet-2,CAKE-002,5,0,120.0,9
2025-10-29,outlet-2,CAKE-003,6,0,192.0,21
2025-10-29,outlet-2,CAKE-004,5,0,110.0,22
2025-10-29,outlet-2,CAKE-005,5,0,130.0,12
2025-10-29,outlet-2,CAKE-006,4,0,120.0,28
2025-10-29,outlet-2,CAKE-007,5,0,135.0,30
2025-10-29,outlet-2,CAKE-008,2,0,40.0,16
2025-10-29,outlet-2,CAKE-009,3,0,72.0,18
2025-10-29,outlet-2,CAKE-010,8,0,144.0,28
2025-10-29,outlet-3,CAKE-001,12,0,336.0,13
2025-10-29,outlet-3,CAKE-002,7,0,168.0,39
2025-10-29,outlet-3,CAKE-003,9,0,288.0,28
2025-10-29,outlet-3,CAKE-004,4,0,88.0,20
2025-10-29,outlet-3,CAKE-005,5,0,130.0,11
2025-10-29,outlet-3,CAKE-006,8,0,240.0,22
2025-10-29,outlet-3,CAKE-007,3,0,81.0,9
2025-10-29,outlet-3,CAKE-008,0,0,0.0,12
2025-10-29,outlet-3,CAKE-009,3,0,72.0,13
2025-10-29,outlet-3,CAKE-010,7,0,126.0,32
2025-10-29,outlet-4,CAKE-001,9,0,252.0,14
2025-10-29,outlet-4,CAKE-002,6,0,144.0,29
2025-10-29,outlet-4,CAKE-003,3,0,96.0,0
2025-10-29,outlet-4,CAKE-004,3,0,66.0,25
2025-10-29,outlet-4,CAKE-005,7,0,182.0,0
2025-10-29,outlet-4,CAKE-006,4,0,120.0,10
2025-10-29,outlet-4,CAKE-007,7,0,189.0,10
2025-10-29,outlet-4,CAKE-008,6,0,120.0,21
2025-10-29,outlet-4,CAKE-009,5,0,120.0,16
2025-10-29,outlet-4,CAKE-010,7,0,126.0,41
2025-10-29,outlet-5,CAKE-001,4,0,112.0,21
2025-10-29,outlet-5,CAKE-002,3,0,72.0,14
2025-10-29,outlet-5,CAKE-003,2,0,64.0,4
2025-10-29,outlet-5,CAKE-004,0,0,0.0,0
2025-10-29,outlet-5,CAKE-005,2,0,52.0,3
2025-10-29,outlet-5,CAKE-006,5,0,150.0,25
2025-10-29,outlet-5,CAKE-007,2,0,54.0,0
2025-10-29,outlet-5,CAKE-008,1,0,20.0,2
2025-10-29,outlet-5,CAKE-009,3,0,72.0,14
2025-10-29,outlet-5,CAKE-010,3,0,54.0,11
2025-10-30,outlet-1,CAKE-001,12,1,336.0,49
2025-10-30,outlet-1,CAKE-002,7,0,168.0,25
2025-10-30,outlet-1,CAKE-003,5,0,160.0,22
2025-10-30,outlet-1,CAKE-004,3,0,66.0,26
2025-10-30,outlet-1,CAKE-005,2,0,52.0,0
2025-10-30,outlet-1,CAKE-006,3,0,90.0,33
2025-10-30,outlet-1,CAKE-007,5,0,135.0,3
2025-10-30,outlet-1,CAKE-008,3,0,60.0,19
2025-10-30,outlet-1,CAKE-009,4,0,96.0,12
2025-10-30,outlet-1,CAKE-010,5,0,90.0,43
2025-10-30,outlet-2,CAKE-001,4,0,112.0,18
2025-10-30,outlet-2,CAKE-002,6,0,144.0,45
2025-10-30,outlet-2,CAKE-003,6,0,192.0,23
2025-10-30,outlet-2,CAKE-004,3,0,66.0,19
2025-10-30,outlet-2,CAKE-005,6,0,156.0,6
2025-10-30,outlet-2,CAKE-006,5,0,150.0,32
2025-10-30,outlet-2,CAKE-007,5,0,135.0,25
2025-10-30,outlet-2,CAKE-008,3,0,60.0,13
2025-10-30,outlet-2,CAKE-009,3,0,72.0,22
2025-10-30,outlet-2,CAKE-010,5,0,90.0,23
2025-10-30,outlet-3,CAKE-001,10,0,280.0,3
2025-10-30,outlet-3,CAKE-002,9,0,216.0,30
2025-10-30,outlet-3,CAKE-003,6,0,192.0,22
2025-10-30,outlet-3,CAKE-004,2,0,44.0,18
2025-10-30,outlet-3,CAKE-005,4,0,104.0,7
2025-10-30,outlet-3,CAKE-006,7,0,210.0,15
2025-10-30,outlet-3,CAKE-007,5,0,135.0,11
2025-10-30,outlet-3,CAKE-008,3,0,60.0,9
2025-10-30,outlet-3,CAKE-009,1,0,24.0,12
2025-10-30,outlet-3,CAKE-010,6,0,108.0,26
2025-10-30,outlet-4,CAKE-001,8,0,224.0,6
2025-10-30,outlet-4,CAKE-002,5,0,120.0,24
2025-10-30,outlet-4,CAKE-003,0,0,0.0,13
2025-10-30,outlet-4,CAKE-004,4,0,88.0,21
2025-10-30,outlet-4,CAKE-005,0,0,0.0,11
2025-10-30,outlet-4,CAKE-006,3,0,90.0,7
2025-10-30,outlet-4,CAKE-007,3,0,81.0,7
2025-10-30,outlet-4,CAKE-008,5,0,100.0,16
2025-10-30,outlet-4,CAKE-009,4,0,96.0,19
2025-10-30,outlet-4,CAKE-010,9,0,162.0,32
2025-10-30,outlet-5,CAKE-001,3,0,84.0,18
2025-10-30,outlet-5,CAKE-002,3,0,72.0,11
2025-10-30,outlet-5,CAKE-003,2,0,64.0,2
2025-10-30,outlet-5,CAKE-004,0,0,0.0,14
2025-10-30,outlet-5,CAKE-005,2,0,52.0,1
2025-10-30,outlet-5,CAKE-006,4,0,120.0,21
2025-10-30,outlet-5,CAKE-007,0,0,0.0,15
2025-10-30,outlet-5,CAKE-008,1,0,20.0,1
2025-10-30,outlet-5,CAKE-009,2,0,48.0,12
2025-10-30,outlet-5,CAKE-010,3,0,54.0,8
2025-10-31,outlet-1,CAKE-001,18,1,504.0,32
2025-10-31,outlet-1,CAKE-002,12,0,288.0,30
2025-10-31,outlet-1,CAKE-003,9,0,288.0,13
2025-10-31,outlet-1,CAKE-004,6,0,132.0,20
2025-10-31,outlet-1,CAKE-005,0,0,0.0,8
2025-10-31,outlet-1,CAKE-006,9,0,270.0,24
2025-10-31,outlet-1,CAKE-007,3,0,81.0,33
2025-10-31,outlet-1,CAKE-008,4,0,80.0,15
2025-10-31,outlet-1,CAKE-009,7,0,168.0,5
2025-10-31,outlet-1,CAKE-010,10,0,180.0,33
2025-10-31,outlet-2,CAKE-001,9,0,252.0,9
2025-10-31,outlet-2,CAKE-002,8,0,192.0,50
2025-10-31,outlet-2,CAKE-003,5,0,160.0,18
2025-10-31,outlet-2,CAKE-004,4,0,88.0,15
2025-10-31,outlet-2,CAKE-005,6,0,156.0,0
2025-10-31,outlet-2,CAKE-006,9,0,270.0,23
2025-10-31,outlet-2,CAKE-007,7,1,189.0,24
2025-10-31,outlet-2,CAKE-008,3,0,60.0,14
2025-10-31,outlet-2,CAKE-009,4,0,96.0,18
2025-10-31,outlet-2,CAKE-010,11,0,198.0,12
2025-10-31,outlet-3,CAKE-001,3,0,84.0,0
2025-10-31,outlet-3,CAKE-002,10,0,240.0,20
2025-10-31,outlet-3,CAKE-003,16,0,512.0,6
2025-10-31,outlet-3,CAKE-004,4,0,88.0,14
2025-10-31,outlet-3,CAKE-005,6,0,156.0,1
2025-10-31,outlet-3,CAKE-006,14,0,420.0,15
2025-10-31,outlet-3,CAKE-007,8,0,216.0,3
2025-10-31,outlet-3,CAKE-008,2,0,40.0,7
2025-10-31,outlet-3,CAKE-009,4,0,96.0,19
2025-10-31,outlet-3,CAKE-010,9,0,162.0,28
2025-10-31,outlet-4,CAKE-001,6,0,168.0,0
2025-10-31,outlet-4,CAKE-002,12,0,288.0,12
2025-10-31,outlet-4,CAKE-003,7,0,224.0,6
2025-10-31,outlet-4,CAKE-004,9,0,198.0,12
2025-10-31,outlet-4,CAKE-005,9,0,234.0,35
2025-10-31,outlet-4,CAKE-006,6,0,180.0,22
2025-10-31,outlet-4,CAKE-007,7,0,189.0,0
2025-10-31,outlet-4,CAKE-008,6,0,120.0,22
2025-10-31,outlet-4,CAKE-009,5,0,120.0,14
2025-10-31,outlet-4,CAKE-010,10,0,180.0,22
2025-10-31,outlet-5,CAKE-001,2,0,56.0,16
2025-10-31,outlet-5,CAKE-002,5,0,120.0,6
2025-10-31,outlet-5,CAKE-003,2,0,64.0,12
2025-10-31,outlet-5,CAKE-004,2,0,44.0,12
2025-10-31,outlet-5,CAKE-005,1,0,26.0,12
2025-10-31,outlet-5,CAKE-006,5,0,150.0,16
2025-10-31,outlet-5,CAKE-007,2,0,54.0,13
2025-10-31,outlet-5,CAKE-008,1,0,20.0,7
2025-10-31,outlet-5,CAKE-009,3,0,72.0,15
2025-10-31,outlet-5,CAKE-010,7,0,126.0,1
2025-11-01,outlet-1,CAKE-001,15,1,420.0,18
2025-11-01,outlet-1,CAKE-002,8,0,192.0,22
2025-11-01,outlet-1,CAKE-003,5,0,160.0,8
2025-11-01,outlet-1,CAKE-004,4,0,88.0,16
2025-11-01,outlet-1,CAKE-005,7,0,182.0,25
2025-11-01,outlet-1,CAKE-006,5,0,150.0,41
2025-11-01,outlet-1,CAKE-007,10,0,270.0,23
2025-11-01,outlet-1,CAKE-008,4,0,80.0,11
2025-11-01,outlet-1,CAKE-009,5,0,120.0,24
2025-11-01,outlet-1,CAKE-010,12,0,216.0,21
2025-11-01,outlet-2,CAKE-001,9,0,252.0,48
2025-11-01,outlet-2,CAKE-002,9,0,216.0,41
2025-11-01,outlet-2,CAKE-003,9,0,288.0,9
2025-11-01,outlet-2,CAKE-004,5,0,110.0,10
2025-11-01,outlet-2,CAKE-005,0,0,0.0,8
2025-11-01,outlet-2,CAKE-006,4,0,120.0,19
2025-11-01,outlet-2,CAKE-007,8,0,216.0,16
2025-11-01,outlet-2,CAKE-008,3,0,60.0,15
2025-11-01,outlet-2,CAKE-009,4,0,96.0,14
2025-11-01,outlet-2,CAKE-010,8,0,144.0,4
2025-11-01,outlet-3,CAKE-001,0,0,0.0,67
2025-11-01,outlet-3,CAKE-002,11,0,264.0,9
2025-11-01,outlet-3,CAKE-003,6,0,192.0,48
2025-11-01,outlet-3,CAKE-004,4,0,88.0,13
2025-11-01,outlet-3,CAKE-005,1,0,26.0,24
2025-11-01,outlet-3,CAKE-006,10,0,300.0,5
2025-11-01,outlet-3,CAKE-007,3,0,81.0,30
2025-11-01,outlet-3,CAKE-008,2,0,40.0,5
2025-11-01,outlet-3,CAKE-009,6,0,144.0,13
2025-11-01,outlet-3,CAKE-010,6,0,108.0,22
2025-11-01,outlet-4,CAKE-001,0,0,0.0,0
2025-11-01,outlet-4,CAKE-002,10,0,240.0,2
2025-11-01,outlet-4,CAKE-003,6,0,192.0,24
2025-11-01,outlet-4,CAKE-004,6,0,132.0,6
2025-11-01,outlet-4,CAKE-005,7,0,182.0,28
2025-11-01,outlet-4,CAKE-006,7,0,210.0,15
2025-11-01,outlet-4,CAKE-007,0,0,0.0,36
2025-11-01,outlet-4,CAKE-008,4,0,80.0,18
2025-11-01,outlet-4,CAKE-009,6,0,144.0,8
2025-11-01,outlet-4,CAKE-010,7,0,126.0,28
2025-11-01,outlet-5,CAKE-001,9,0,252.0,7
2025-11-01,outlet-5,CAKE-002,4,0,96.0,2
2025-11-01,outlet-5,CAKE-003,2,0,64.0,10
2025-11-01,outlet-5,CAKE-004,3,0,66.0,9
2025-11-01,outlet-5,CAKE-005,3,0,78.0,9
2025-11-01,outlet-5,CAKE-006,6,0,180.0,10
2025-11-01,outlet-5,CAKE-007,3,0,81.0,10
2025-11-01,outlet-5,CAKE-008,1,0,20.0,8
2025-11-01,outlet-5,CAKE-009,3,0,72.0,12
2025-11-01,outlet-5,CAKE-010,1,0,18.0,21
2025-11-02,outlet-1,CAKE-001,15,0,420.0,60
2025-11-02,outlet-1,CAKE-002,8,0,192.0,14
2025-11-02,outlet-1,CAKE-003,5,0,160.0,3
2025-11-02,outlet-1,CAKE-004,4,0,88.0,12
2025-11-02,outlet-1,CAKE-005,5,0,130.0,20
2025-11-02,outlet-1,CAKE-006,9,0,270.0,32
2025-11-02,outlet-1,CAKE-007,8,0,216.0,15
2025-11-02,outlet-1,CAKE-008,3,0,60.0,8
2025-11-02,outlet-1,CAKE-009,4,0,96.0,20
2025-11-02,outlet-1,CAKE-010,13,0,234.0,8
2025-11-02,outlet-2,CAKE-001,14,0,392.0,34
2025-11-02,outlet-2,CAKE-002,8,0,192.0,33
2025-11-02,outlet-2,CAKE-003,4,0,128.0,5
2025-11-02,outlet-2,CAKE-004,5,0,110.0,11
2025-11-02,outlet-2,CAKE-005,3,0,78.0,12
2025-11-02,outlet-2,CAKE-006,4,0,120.0,15
2025-11-02,outlet-2,CAKE-007,6,0,162.0,10
2025-11-02,outlet-2,CAKE-008,3,0,60.0,12
2025-11-02,outlet-2,CAKE-009,7,0,168.0,7
2025-11-02,outlet-2,CAKE-010,4,0,72.0,0
2025-11-02,outlet-3,CAKE-001,13,0,364.0,54
2025-11-02,outlet-3,CAKE-002,9,0,216.0,16
2025-11-02,outlet-3,CAKE-003,10,0,320.0,38
2025-11-02,outlet-3,CAKE-004,3,0,66.0,10
2025-11-02,outlet-3,CAKE-005,4,0,104.0,20
2025-11-02,outlet-3,CAKE-006,5,0,150.0,45
2025-11-02,outlet-3,CAKE-007,2,0,54.0,28
2025-11-02,outlet-3,CAKE-008,3,0,60.0,2
2025-11-02,outlet-3,CAKE-009,6,0,144.0,7
2025-11-02,outlet-3,CAKE-010,8,0,144.0,14
2025-11-02,outlet-4,CAKE-001,0,0,0.0,0
2025-11-02,outlet-4,CAKE-002,2,0,48.0,54
2025-11-02,outlet-4,CAKE-003,5,0,160.0,30
2025-11-02,outlet-4,CAKE-004,6,0,132.0,0
2025-11-02,outlet-4,CAKE-005,5,0,130.0,23
2025-11-02,outlet-4,CAKE-006,4,0,120.0,11
2025-11-02,outlet-4,CAKE-007,7,1,189.0,30
2025-11-02,outlet-4,CAKE-008,6,0,120.0,12
2025-11-02,outlet-4,CAKE-009,7,0,168.0,29
2025-11-02,outlet-4,CAKE-010,9,0,162.0,35
2025-11-02,outlet-5,CAKE-001,5,0,140.0,30
2025-11-02,outlet-5,CAKE-002,2,0,48.0,0
2025-11-02,outlet-5,CAKE-003,1,0,32.0,9
2025-11-02,outlet-5,CAKE-004,3,0,66.0,10
2025-11-02,outlet-5,CAKE-005,2,0,52.0,7
2025-11-02,outlet-5,CAKE-006,6,0,180.0,16
2025-11-02,outlet-5,CAKE-007,2,0,54.0,8
2025-11-02,outlet-5,CAKE-008,1,0,20.0,8
2025-11-02,outlet-5,CAKE-009,2,0,48.0,10
2025-11-02,outlet-5,CAKE-010,5,0,90.0,21
2025-11-03,outlet-1,CAKE-001,4,0,112.0,76
2025-11-03,outlet-1,CAKE-002,8,0,192.0,6
2025-11-03,outlet-1,CAKE-003,3,0,96.0,0
2025-11-03,outlet-1,CAKE-004,4,0,88.0,8
2025-11-03,outlet-1,CAKE-005,4,0,104.0,16
2025-11-03,outlet-1,CAKE-006,3,0,90.0,29
2025-11-03,outlet-1,CAKE-007,6,0,162.0,9
2025-11-03,outlet-1,CAKE-008,4,0,80.0,4
2025-11-03,outlet-1,CAKE-009,5,0,120.0,15
2025-11-03,outlet-1,CAKE-010,8,0,144.0,11
2025-11-03,outlet-2,CAKE-001,13,0,364.0,21
2025-11-03,outlet-2,CAKE-002,6,0,144.0,27
2025-11-03,outlet-2,CAKE-003,3,0,96.0,29
2025-11-03,outlet-2,CAKE-004,4,0,88.0,7
2025-11-03,outlet-2,CAKE-005,3,0,78.0,9
2025-11-03,outlet-2,CAKE-006,5,0,150.0,10
2025-11-03,outlet-2,CAKE-007,5,0,135.0,12
2025-11-03,outlet-2,CAKE-008,3,0,60.0,9
2025-11-03,outlet-2,CAKE-009,3,0,72.0,4
2025-11-03,outlet-2,CAKE-010,0,0,0.0,11
2025-11-03,outlet-3,CAKE-001,14,0,392.0,40
2025-11-03,outlet-3,CAKE-002,9,0,216.0,7
2025-11-03,outlet-3,CAKE-003,5,0,160.0,45
2025-11-03,outlet-3,CAKE-004,3,0,66.0,7
2025-11-03,outlet-3,CAKE-005,4,0,104.0,16
2025-11-03,outlet-3,CAKE-006,5,0,150.0,40
2025-11-03,outlet-3,CAKE-007,4,0,108.0,24
2025-11-03,outlet-3,CAKE-008,2,0,40.0,0
2025-11-03,outlet-3,CAKE-009,0,0,0.0,7
2025-11-03,outlet-3,CAKE-010,6,0,108.0,20
2025-11-03,outlet-4,CAKE-001,0,0,0.0,43
2025-11-03,outlet-4,CAKE-002,6,0,144.0,48
2025-11-03,outlet-4,CAKE-003,3,0,96.0,27
2025-11-03,outlet-4,CAKE-004,0,0,0.0,0
2025-11-03,outlet-4,CAKE-005,2,0,52.0,21
2025-11-03,outlet-4,CAKE-006,3,0,90.0,8
2025-11-03,outlet-4,CAKE-007,4,0,108.0,26
2025-11-03,outlet-4,CAKE-008,6,0,120.0,6
2025-11-03,outlet-4,CAKE-009,5,0,120.0,24
2025-11-03,outlet-4,CAKE-010,7,0,126.0,43
2025-11-03,outlet-5,CAKE-001,8,0,224.0,22
2025-11-03,outlet-5,CAKE-002,0,0,0.0,0
2025-11-03,outlet-5,CAKE-003,2,0,64.0,7
2025-11-03,outlet-5,CAKE-004,3,0,66.0,7
2025-11-03,outlet-5,CAKE-005,2,0,52.0,5
2025-11-03,outlet-5,CAKE-006,7,0,210.0,9
2025-11-03,outlet-5,CAKE-007,3,0,81.0,5
2025-11-03,outlet-5,CAKE-008,1,0,20.0,9
2025-11-03,outlet-5,CAKE-009,2,0,48.0,8
2025-11-03,outlet-5,CAKE-010,3,0,54.0,18
2025-11-04,outlet-1,CAKE-001,10,0,280.0,88
2025-11-04,outlet-1,CAKE-002,6,0,144.0,46
2025-11-04,outlet-1,CAKE-003,0,0,0.0,0
2025-11-04,outlet-1,CAKE-004,3,0,66.0,5
2025-11-04,outlet-1,CAKE-005,4,0,104.0,12
2025-11-04,outlet-1,CAKE-006,4,0,120.0,25
2025-11-04,outlet-1,CAKE-007,7,0,189.0,35
2025-11-04,outlet-1,CAKE-008,3,0,60.0,5
2025-11-04,outlet-1,CAKE-009,4,0,96.0,11
2025-11-04,outlet-1,CAKE-010,6,0,108.0,5
2025-11-04,outlet-2,CAKE-001,7,0,196.0,27
2025-11-04,outlet-2,CAKE-002,6,0,144.0,21
2025-11-04,outlet-2,CAKE-003,4,0,128.0,33
2025-11-04,outlet-2,CAKE-004,4,0,88.0,3
2025-11-04,outlet-2,CAKE-005,3,0,78.0,6
2025-11-04,outlet-2,CAKE-006,3,0,90.0,7
2025-11-04,outlet-2,CAKE-007,6,0,162.0,6
2025-11-04,outlet-2,CAKE-008,2,0,40.0,7
2025-11-04,outlet-2,CAKE-009,3,0,72.0,1
2025-11-04,outlet-2,CAKE-010,9,0,162.0,13
2025-11-04,outlet-3,CAKE-001,12,0,336.0,28
2025-11-04,outlet-3,CAKE-002,7,0,168.0,0
2025-11-04,outlet-3,CAKE-003,9,0,288.0,36
2025-11-04,outlet-3,CAKE-004,4,0,88.0,3
2025-11-04,outlet-3,CAKE-005,4,0,104.0,12
2025-11-04,outlet-3,CAKE-006,7,0,210.0,46
2025-11-04,outlet-3,CAKE-007,4,0,108.0,27
2025-11-04,outlet-3,CAKE-008,0,0,0.0,12
2025-11-04,outlet-3,CAKE-009,3,0,72.0,4
2025-11-04,outlet-3,CAKE-010,4,0,72.0,16
2025-11-04,outlet-4,CAKE-001,5,0,140.0,38
2025-11-04,outlet-4,CAKE-002,10,0,240.0,38
2025-11-04,outlet-4,CAKE-003,5,0,160.0,33
2025-11-04,outlet-4,CAKE-004,0,0,0.0,28
2025-11-04,outlet-4,CAKE-005,6,0,156.0,15
2025-11-04,outlet-4,CAKE-006,4,0,120.0,4
2025-11-04,outlet-4,CAKE-007,8,1,216.0,19
2025-11-04,outlet-4,CAKE-008,4,0,80.0,13
2025-11-04,outlet-4,CAKE-009,5,0,120.0,27
2025-11-04,outlet-4,CAKE-010,8,0,144.0,35
2025-11-04,outlet-5,CAKE-001,2,0,56.0,20
2025-11-04,outlet-5,CAKE-002,0,0,0.0,21
2025-11-04,outlet-5,CAKE-003,3,0,96.0,4
2025-11-04,outlet-5,CAKE-004,2,0,44.0,5
2025-11-04,outlet-5,CAKE-005,3,0,78.0,2
2025-11-04,outlet-5,CAKE-006,3,0,90.0,6
2025-11-04,outlet-5,CAKE-007,3,0,81.0,2
2025-11-04,outlet-5,CAKE-008,1,0,20.0,8
2025-11-04,outlet-5,CAKE-009,2,0,48.0,6
2025-11-04,outlet-5,CAKE-010,4,0,72.0,14
2025-11-05,outlet-1,CAKE-001,6,0,168.0,102
2025-11-05,outlet-1,CAKE-002,7,0,168.0,39
2025-11-05,outlet-1,CAKE-003,0,0,0.0,6
2025-11-05,outlet-1,CAKE-004,2,0,44.0,3
2025-11-05,outlet-1,CAKE-005,4,0,104.0,8
2025-11-05,outlet-1,CAKE-006,5,0,150.0,20
2025-11-05,outlet-1,CAKE-007,6,0,162.0,29
2025-11-05,outlet-1,CAKE-008,3,0,60.0,2
2025-11-05,outlet-1,CAKE-009,5,0,120.0,13
2025-11-05,outlet-1,CAKE-010,5,0,90.0,0
2025-11-05,outlet-2,CAKE-001,7,0,196.0,34
2025-11-05,outlet-2,CAKE-002,7,0,168.0,29
2025-11-05,outlet-2,CAKE-003,5,0,160.0,38
2025-11-05,outlet-2,CAKE-004,3,0,66.0,24
2025-11-05,outlet-2,CAKE-005,5,0,130.0,22
2025-11-05,outlet-2,CAKE-006,2,0,60.0,14
2025-11-05,outlet-2,CAKE-007,6,0,162.0,0
2025-11-05,outlet-2,CAKE-008,3,0,60.0,4
2025-11-05,outlet-2,CAKE-009,1,0,24.0,8
2025-11-05,outlet-2,CAKE-010,5,0,90.0,20
2025-11-05,outlet-3,CAKE-001,16,1,448.0,26
2025-11-05,outlet-3,CAKE-002,0,0,0.0,0
2025-11-05,outlet-3,CAKE-003,13,0,416.0,23
2025-11-05,outlet-3,CAKE-004,3,0,66.0,3
2025-11-05,outlet-3,CAKE-005,4,0,104.0,8
2025-11-05,outlet-3,CAKE-006,10,0,300.0,36
2025-11-05,outlet-3,CAKE-007,6,0,162.0,21
2025-11-05,outlet-3,CAKE-008,2,0,40.0,10
2025-11-05,outlet-3,CAKE-009,4,0,96.0,0
2025-11-05,outlet-3,CAKE-010,6,0,108.0,10
2025-11-05,outlet-4,CAKE-001,7,0,196.0,31
2025-11-05,outlet-4,CAKE-002,10,0,240.0,46
2025-11-05,outlet-4,CAKE-003,4,0,128.0,29
2025-11-05,outlet-4,CAKE-004,3,0,66.0,25
2025-11-05,outlet-4,CAKE-005,8,0,208.0,7
2025-11-05,outlet-4,CAKE-006,4,0,120.0,0
2025-11-05,outlet-4,CAKE-007,9,1,243.0,11
2025-11-05,outlet-4,CAKE-008,5,0,100.0,8
2025-11-05,outlet-4,CAKE-009,5,0,120.0,22
2025-11-05,outlet-4,CAKE-010,8,0,144.0,27
2025-11-05,outlet-5,CAKE-001,7,0,196.0,13
2025-11-05,outlet-5,CAKE-002,3,0,72.0,23
2025-11-05,outlet-5,CAKE-003,2,0,64.0,5
2025-11-05,outlet-5,CAKE-004,2,0,44.0,7
2025-11-05,outlet-5,CAKE-005,2,0,52.0,0
2025-11-05,outlet-5,CAKE-006,4,0,120.0,12
2025-11-05,outlet-5,CAKE-007,2,0,54.0,15
2025-11-05,outlet-5,CAKE-008,1,0,20.0,7
2025-11-05,outlet-5,CAKE-009,2,0,48.0,4
2025-11-05,outlet-5,CAKE-010,4,0,72.0,10
2025-11-06,outlet-1,CAKE-001,8,0,224.0,115
2025-11-06,outlet-1,CAKE-002,10,0,240.0,46
2025-11-06,outlet-1,CAKE-003,4,0,128.0,32
2025-11-06,outlet-1,CAKE-004,3,0,66.0,26
2025-11-06,outlet-1,CAKE-005,3,0,78.0,5
2025-11-06,outlet-1,CAKE-006,2,0,60.0,18
2025-11-06,outlet-1,CAKE-007,7,1,189.0,34
2025-11-06,outlet-1,CAKE-008,2,0,40.0,0
2025-11-06,outlet-1,CAKE-009,4,0,96.0,9
2025-11-06,outlet-1,CAKE-010,0,0,0.0,11
2025-11-06,outlet-2,CAKE-001,5,0,140.0,29
2025-11-06,outlet-2,CAKE-002,6,0,144.0,37
2025-11-06,outlet-2,CAKE-003,4,0,128.0,34
2025-11-06,outlet-2,CAKE-004,5,0,110.0,25
2025-11-06,outlet-2,CAKE-005,3,0,78.0,19
2025-11-06,outlet-2,CAKE-006,10,0,300.0,12
2025-11-06,outlet-2,CAKE-007,0,0,0.0,30
2025-11-06,outlet-2,CAKE-008,2,0,40.0,2
2025-11-06,outlet-2,CAKE-009,5,0,120.0,3
2025-11-06,outlet-2,CAKE-010,6,0,108.0,14
2025-11-06,outlet-3,CAKE-001,6,0,168.0,20
2025-11-06,outlet-3,CAKE-002,0,0,0.0,46
2025-11-06,outlet-3,CAKE-003,9,0,288.0,14
2025-11-06,outlet-3,CAKE-004,3,0,66.0,0
2025-11-06,outlet-3,CAKE-005,3,0,78.0,10
2025-11-06,outlet-3,CAKE-006,7,0,210.0,29
2025-11-06,outlet-3,CAKE-007,5,0,135.0,16
2025-11-06,outlet-3,CAKE-008,3,0,60.0,7
2025-11-06,outlet-3,CAKE-009,0,0,0.0,21
2025-11-06,outlet-3,CAKE-010,5,0,90.0,5
2025-11-06,outlet-4,CAKE-001,3,0,84.0,43
2025-11-06,outlet-4,CAKE-002,13,0,312.0,33
2025-11-06,outlet-4,CAKE-003,2,0,64.0,27
2025-11-06,outlet-4,CAKE-004,5,0,110.0,28
2025-11-06,outlet-4,CAKE-005,5,0,130.0,2
2025-11-06,outlet-4,CAKE-006,0,0,0.0,7
2025-11-06,outlet-4,CAKE-007,8,1,216.0,4
2025-11-06,outlet-4,CAKE-008,4,0,80.0,4
2025-11-06,outlet-4,CAKE-009,4,0,96.0,18
2025-11-06,outlet-4,CAKE-010,11,0,198.0,16
2025-11-06,outlet-5,CAKE-001,6,0,168.0,7
2025-11-06,outlet-5,CAKE-002,4,0,96.0,23
2025-11-06,outlet-5,CAKE-003,2,0,64.0,3
2025-11-06,outlet-5,CAKE-004,3,0,66.0,4
2025-11-06,outlet-5,CAKE-005,0,0,0.0,0
2025-11-06,outlet-5,CAKE-006,5,0,150.0,7
2025-11-06,outlet-5,CAKE-007,2,0,54.0,13
2025-11-06,outlet-5,CAKE-008,2,0,40.0,5
2025-11-06,outlet-5,CAKE-009,2,0,48.0,2
2025-11-06,outlet-5,CAKE-010,4,0,72.0,6
2025-11-07,outlet-1,CAKE-001,9,0,252.0,123
2025-11-07,outlet-1,CAKE-002,9,0,216.0,37
2025-11-07,outlet-1,CAKE-003,9,0,288.0,23
2025-11-07,outlet-1,CAKE-004,5,0,110.0,21
2025-11-07,outlet-1,CAKE-005,5,0,130.0,0
2025-11-07,outlet-1,CAKE-006,6,0,180.0,33
2025-11-07,outlet-1,CAKE-007,7,1,189.0,40
2025-11-07,outlet-1,CAKE-008,0,0,0.0,0
2025-11-07,outlet-1,CAKE-009,6,0,144.0,8
2025-11-07,outlet-1,CAKE-010,10,0,180.0,1
2025-11-07,outlet-2,CAKE-001,10,0,280.0,34
2025-11-07,outlet-2,CAKE-002,11,0,264.0,40
2025-11-07,outlet-2,CAKE-003,6,0,192.0,28
2025-11-07,outlet-2,CAKE-004,4,0,88.0,21
2025-11-07,outlet-2,CAKE-005,4,0,104.0,22
2025-11-07,outlet-2,CAKE-006,7,0,210.0,14
2025-11-07,outlet-2,CAKE-007,5,0,135.0,25
2025-11-07,outlet-2,CAKE-008,2,0,40.0,4
2025-11-07,outlet-2,CAKE-009,3,0,72.0,0
2025-11-07,outlet-2,CAKE-010,9,0,162.0,5
2025-11-07,outlet-3,CAKE-001,10,0,280.0,24
2025-11-07,outlet-3,CAKE-002,13,0,312.0,33
2025-11-07,outlet-3,CAKE-003,7,0,224.0,20
2025-11-07,outlet-3,CAKE-004,0,0,0.0,4
2025-11-07,outlet-3,CAKE-005,7,0,182.0,3
2025-11-07,outlet-3,CAKE-006,13,0,390.0,16
2025-11-07,outlet-3,CAKE-007,2,0,54.0,14
2025-11-07,outlet-3,CAKE-008,3,0,60.0,8
2025-11-07,outlet-3,CAKE-009,5,0,120.0,16
2025-11-07,outlet-3,CAKE-010,5,0,90.0,0
2025-11-07,outlet-4,CAKE-001,12,0,336.0,31
2025-11-07,outlet-4,CAKE-002,12,0,288.0,21
2025-11-07,outlet-4,CAKE-003,4,0,128.0,23
2025-11-07,outlet-4,CAKE-004,7,0,154.0,21
2025-11-07,outlet-4,CAKE-005,2,0,52.0,13
2025-11-07,outlet-4,CAKE-006,5,0,150.0,2
2025-11-07,outlet-4,CAKE-007,4,0,108.0,36
2025-11-07,outlet-4,CAKE-008,4,0,80.0,0
2025-11-07,outlet-4,CAKE-009,7,0,168.0,11
2025-11-07,outlet-4,CAKE-010,9,0,162.0,21
2025-11-07,outlet-5,CAKE-001,6,0,168.0,29
2025-11-07,outlet-5,CAKE-002,5,0,120.0,18
2025-11-07,outlet-5,CAKE-003,2,0,64.0,1
2025-11-07,outlet-5,CAKE-004,2,0,44.0,2
2025-11-07,outlet-5,CAKE-005,0,0,0.0,12
2025-11-07,outlet-5,CAKE-006,3,0,90.0,15
2025-11-07,outlet-5,CAKE-007,4,0,108.0,15
2025-11-07,outlet-5,CAKE-008,1,0,20.0,4
2025-11-07,outlet-5,CAKE-009,2,0,48.0,16
2025-11-07,outlet-5,CAKE-010,4,0,72.0,2
2025-11-08,outlet-1,CAKE-001,13,0,364.0,110
2025-11-08,outlet-1,CAKE-002,13,1,312.0,25
2025-11-08,outlet-1,CAKE-003,7,0,224.0,16
2025-11-08,outlet-1,CAKE-004,7,0,154.0,20
2025-11-08,outlet-1,CAKE-005,0,0,0.0,24
2025-11-08,outlet-1,CAKE-006,8,0,240.0,25
2025-11-08,outlet-1,CAKE-007,5,0,135.0,35
2025-11-08,outlet-1,CAKE-008,0,0,0.0,0
2025-11-08,outlet-1,CAKE-009,5,0,120.0,3
2025-11-08,outlet-1,CAKE-010,1,0,18.0,0
2025-11-08,outlet-2,CAKE-001,9,0,252.0,25
2025-11-08,outlet-2,CAKE-002,8,0,192.0,45
2025-11-08,outlet-2,CAKE-003,7,0,224.0,21
2025-11-08,outlet-2,CAKE-004,4,0,88.0,23
2025-11-08,outlet-2,CAKE-005,5,0,130.0,17
2025-11-08,outlet-2,CAKE-006,3,0,90.0,11
2025-11-08,outlet-2,CAKE-007,7,0,189.0,18
2025-11-08,outlet-2,CAKE-008,2,0,40.0,6
2025-11-08,outlet-2,CAKE-009,0,0,0.0,0
2025-11-08,outlet-2,CAKE-010,5,0,90.0,39
2025-11-08,outlet-3,CAKE-001,12,1,336.0,13
2025-11-08,outlet-3,CAKE-002,11,0,264.0,22
2025-11-08,outlet-3,CAKE-003,9,0,288.0,11
2025-11-08,outlet-3,CAKE-004,3,0,66.0,4
2025-11-08,outlet-3,CAKE-005,3,0,78.0,5
2025-11-08,outlet-3,CAKE-006,6,0,180.0,10
2025-11-08,outlet-3,CAKE-007,6,0,162.0,15
2025-11-08,outlet-3,CAKE-008,3,0,60.0,5
2025-11-08,outlet-3,CAKE-009,4,0,96.0,24
2025-11-08,outlet-3,CAKE-010,0,0,0.0,10
2025-11-08,outlet-4,CAKE-001,12,0,336.0,19
2025-11-08,outlet-4,CAKE-002,11,0,264.0,10
2025-11-08,outlet-4,CAKE-003,5,0,160.0,18
2025-11-08,outlet-4,CAKE-004,7,0,154.0,14
2025-11-08,outlet-4,CAKE-005,7,0,182.0,6
2025-11-08,outlet-4,CAKE-006,2,0,60.0,21
2025-11-08,outlet-4,CAKE-007,6,0,162.0,30
2025-11-08,outlet-4,CAKE-008,0,0,0.0,27
2025-11-08,outlet-4,CAKE-009,6,0,144.0,5
2025-11-08,outlet-4,CAKE-010,10,0,180.0,25
2025-11-08,outlet-5,CAKE-001,6,0,168.0,30
2025-11-08,outlet-5,CAKE-002,5,0,120.0,13
2025-11-08,outlet-5,CAKE-003,1,0,32.0,12
2025-11-08,outlet-5,CAKE-004,2,0,44.0,14
2025-11-08,outlet-5,CAKE-005,2,0,52.0,10
2025-11-08,outlet-5,CAKE-006,6,0,180.0,9
2025-11-08,outlet-5,CAKE-007,2,0,54.0,20
2025-11-08,outlet-5,CAKE-008,2,0,40.0,2
2025-11-08,outlet-5,CAKE-009,2,0,48.0,14
2025-11-08,outlet-5,CAKE-010,2,0,36.0,21
2025-11-09,outlet-1,CAKE-001,15,0,420.0,95
2025-11-09,outlet-1,CAKE-002,11,0,264.0,14
2025-11-09,outlet-1,CAKE-003,6,0,192.0,10
2025-11-09,outlet-1,CAKE-004,7,0,154.0,13
2025-11-09,outlet-1,CAKE-005,4,0,104.0,20
2025-11-09,outlet-1,CAKE-006,9,0,270.0,33
2025-11-09,outlet-1,CAKE-007,8,0,216.0,27
2025-11-09,outlet-1,CAKE-008,0,0,0.0,0
2025-11-09,outlet-1,CAKE-009,3,0,72.0,0
2025-11-09,outlet-1,CAKE-010,0,0,0.0,0
2025-11-09,outlet-2,CAKE-001,7,0,196.0,18
2025-11-09,outlet-2,CAKE-002,11,0,264.0,49
2025-11-09,outlet-2,CAKE-003,6,0,192.0,15
2025-11-09,outlet-2,CAKE-004,3,0,66.0,20
2025-11-09,outlet-2,CAKE-005,5,0,130.0,12
2025-11-09,outlet-2,CAKE-006,6,0,180.0,5
2025-11-09,outlet-2,CAKE-007,5,0,135.0,13
2025-11-09,outlet-2,CAKE-008,3,0,60.0,3
2025-11-09,outlet-2,CAKE-009,0,0,0.0,21
2025-11-09,outlet-2,CAKE-010,10,0,180.0,29
2025-11-09,outlet-3,CAKE-001,12,1,336.0,69
2025-11-09,outlet-3,CAKE-002,11,0,264.0,11
2025-11-09,outlet-3,CAKE-003,11,0,352.0,13
2025-11-09,outlet-3,CAKE-004,4,0,88.0,19
2025-11-09,outlet-3,CAKE-005,3,0,78.0,2
2025-11-09,outlet-3,CAKE-006,10,0,300.0,15
2025-11-09,outlet-3,CAKE-007,8,1,216.0,15
2025-11-09,outlet-3,CAKE-008,3,0,60.0,6
2025-11-09,outlet-3,CAKE-009,5,0,120.0,31
2025-11-09,outlet-3,CAKE-010,4,0,72.0,6
2025-11-09,outlet-4,CAKE-001,11,0,308.0,8
2025-11-09,outlet-4,CAKE-002,10,0,240.0,0
2025-11-09,outlet-4,CAKE-003,7,0,224.0,21
2025-11-09,outlet-4,CAKE-004,7,0,154.0,7
2025-11-09,outlet-4,CAKE-005,6,0,156.0,12
2025-11-09,outlet-4,CAKE-006,6,0,180.0,15
2025-11-09,outlet-4,CAKE-007,12,1,324.0,19
2025-11-09,outlet-4,CAKE-008,5,0,100.0,34
2025-11-09,outlet-4,CAKE-009,5,0,120.0,28
2025-11-09,outlet-4,CAKE-010,13,0,234.0,12
2025-11-09,outlet-5,CAKE-001,7,0,196.0,30
2025-11-09,outlet-5,CAKE-002,6,0,144.0,7
2025-11-09,outlet-5,CAKE-003,3,0,96.0,9
2025-11-09,outlet-5,CAKE-004,2,0,44.0,12
2025-11-09,outlet-5,CAKE-005,3,0,78.0,7
2025-11-09,outlet-5,CAKE-006,8,0,240.0,1
2025-11-09,outlet-5,CAKE-007,4,0,108.0,23
2025-11-09,outlet-5,CAKE-008,2,0,40.0,0
2025-11-09,outlet-5,CAKE-009,3,0,72.0,17
2025-11-09,outlet-5,CAKE-010,5,0,90.0,20
2025-11-10,outlet-1,CAKE-001,9,0,252.0,86
2025-11-10,outlet-1,CAKE-002,7,0,168.0,7
2025-11-10,outlet-1,CAKE-003,4,0,128.0,6
2025-11-10,outlet-1,CAKE-004,4,0,88.0,9
2025-11-10,outlet-1,CAKE-005,4,0,104.0,16
2025-11-10,outlet-1,CAKE-006,4,0,120.0,29
2025-11-10,outlet-1,CAKE-007,5,0,135.0,22
2025-11-10,outlet-1,CAKE-008,0,0,0.0,18
2025-11-10,outlet-1,CAKE-009,0,0,0.0,24
2025-11-10,outlet-1,CAKE-010,0,0,0.0,0
2025-11-10,outlet-2,CAKE-001,4,0,112.0,28
2025-11-10,outlet-2,CAKE-002,7,0,168.0,42
2025-11-10,outlet-2,CAKE-003,5,0,160.0,10
2025-11-10,outlet-2,CAKE-004,3,0,66.0,17
2025-11-10,outlet-2,CAKE-005,4,0,104.0,8
2025-11-10,outlet-2,CAKE-006,5,0,150.0,0
2025-11-10,outlet-2,CAKE-007,6,0,162.0,7
2025-11-10,outlet-2,CAKE-008,2,0,40.0,1
2025-11-10,outlet-2,CAKE-009,3,0,72.0,18
2025-11-10,outlet-2,CAKE-010,8,0,144.0,32
2025-11-10,outlet-3,CAKE-001,12,0,336.0,57
2025-11-10,outlet-3,CAKE-002,6,0,144.0,5
2025-11-10,outlet-3,CAKE-003,11,0,352.0,16
2025-11-10,outlet-3,CAKE-004,1,0,22.0,18
2025-11-10,outlet-3,CAKE-005,2,0,52.0,24
2025-11-10,outlet-3,CAKE-006,8,0,240.0,7
2025-11-10,outlet-3,CAKE-007,7,1,189.0,9
2025-11-10,outlet-3,CAKE-008,3,0,60.0,7
2025-11-10,outlet-3,CAKE-009,4,0,96.0,27
2025-11-10,outlet-3,CAKE-010,6,0,108.0,32
2025-11-10,outlet-4,CAKE-001,7,0,196.0,1
2025-11-10,outlet-4,CAKE-002,0,0,0.0,0
2025-11-10,outlet-4,CAKE-003,3,0,96.0,18
2025-11-10,outlet-4,CAKE-004,5,0,110.0,30
2025-11-10,outlet-4,CAKE-005,6,0,156.0,6
2025-11-10,outlet-4,CAKE-006,4,0,120.0,11
2025-11-10,outlet-4,CAKE-007,8,1,216.0,18
2025-11-10,outlet-4,CAKE-008,4,0,80.0,30
2025-11-10,outlet-4,CAKE-009,3,0,72.0,25
2025-11-10,outlet-4,CAKE-010,12,0,216.0,46
2025-11-10,outlet-5,CAKE-001,7,0,196.0,23
2025-11-10,outlet-5,CAKE-002,3,0,72.0,4
2025-11-10,outlet-5,CAKE-003,3,0,96.0,6
2025-11-10,outlet-5,CAKE-004,3,0,66.0,12
2025-11-10,outlet-5,CAKE-005,2,0,52.0,5
2025-11-10,outlet-5,CAKE-006,1,0,30.0,0
2025-11-10,outlet-5,CAKE-007,3,0,81.0,20
2025-11-10,outlet-5,CAKE-008,0,0,0.0,7
2025-11-10,outlet-5,CAKE-009,3,0,72.0,20
2025-11-10,outlet-5,CAKE-010,4,0,72.0,16
2025-11-11,outlet-1,CAKE-001,7,0,196.0,79
2025-11-11,outlet-1,CAKE-002,7,0,168.0,46
2025-11-11,outlet-1,CAKE-003,6,0,192.0,8
2025-11-11,outlet-1,CAKE-004,5,0,110.0,4
2025-11-11,outlet-1,CAKE-005,5,0,130.0,11
2025-11-11,outlet-1,CAKE-006,4,0,120.0,25
2025-11-11,outlet-1,CAKE-007,6,1,162.0,17
2025-11-11,outlet-1,CAKE-008,3,0,60.0,20
2025-11-11,outlet-1,CAKE-009,5,0,120.0,25
2025-11-11,outlet-1,CAKE-010,0,0,0.0,43
2025-11-11,outlet-2,CAKE-001,8,0,224.0,20
2025-11-11,outlet-2,CAKE-002,7,0,168.0,35
2025-11-11,outlet-2,CAKE-003,4,0,128.0,6
2025-11-11,outlet-2,CAKE-004,2,0,44.0,15
2025-11-11,outlet-2,CAKE-005,4,0,104.0,13
2025-11-11,outlet-2,CAKE-006,0,0,0.0,0
2025-11-11,outlet-2,CAKE-007,2,0,54.0,5
2025-11-11,outlet-2,CAKE-008,1,0,20.0,16
2025-11-11,outlet-2,CAKE-009,4,0,96.0,14
2025-11-11,outlet-2,CAKE-010,7,0,126.0,36
2025-11-11,outlet-3,CAKE-001,8,0,224.0,49
2025-11-11,outlet-3,CAKE-002,5,0,120.0,12
2025-11-11,outlet-3,CAKE-003,8,0,256.0,8
2025-11-11,outlet-3,CAKE-004,5,0,110.0,13
2025-11-11,outlet-3,CAKE-005,6,0,156.0,18
2025-11-11,outlet-3,CAKE-006,4,0,120.0,3
2025-11-11,outlet-3,CAKE-007,5,0,135.0,4
2025-11-11,outlet-3,CAKE-008,2,0,40.0,5
2025-11-11,outlet-3,CAKE-009,2,0,48.0,25
2025-11-11,outlet-3,CAKE-010,7,0,126.0,25
2025-11-11,outlet-4,CAKE-001,1,0,28.0,0
2025-11-11,outlet-4,CAKE-002,0,0,0.0,17
2025-11-11,outlet-4,CAKE-003,4,0,128.0,14
2025-11-11,outlet-4,CAKE-004,4,0,88.0,34
2025-11-11,outlet-4,CAKE-005,5,0,130.0,14
2025-11-11,outlet-4,CAKE-006,6,0,180.0,5
2025-11-11,outlet-4,CAKE-007,6,0,162.0,12
2025-11-11,outlet-4,CAKE-008,4,0,80.0,26
2025-11-11,outlet-4,CAKE-009,4,0,96.0,21
2025-11-11,outlet-4,CAKE-010,7,0,126.0,39
2025-11-11,outlet-5,CAKE-001,5,0,140.0,18
2025-11-11,outlet-5,CAKE-002,4,0,96.0,4
2025-11-11,outlet-5,CAKE-003,2,0,64.0,4
2025-11-11,outlet-5,CAKE-004,3,0,66.0,9
2025-11-11,outlet-5,CAKE-005,2,0,52.0,3
2025-11-11,outlet-5,CAKE-006,0,0,0.0,0
2025-11-11,outlet-5,CAKE-007,3,0,81.0,17
2025-11-11,outlet-5,CAKE-008,1,0,20.0,7
2025-11-11,outlet-5,CAKE-009,4,0,96.0,16
2025-11-11,outlet-5,CAKE-010,3,0,54.0,13
2025-11-12,outlet-1,CAKE-001,13,0,364.0,66
2025-11-12,outlet-1,CAKE-002,6,0,144.0,40
2025-11-12,outlet-1,CAKE-003,6,0,192.0,32
2025-11-12,outlet-1,CAKE-004,4,0,88.0,6
2025-11-12,outlet-1,CAKE-005,6,0,156.0,5
2025-11-12,outlet-1,CAKE-006,7,0,210.0,18
2025-11-12,outlet-1,CAKE-007,5,0,135.0,12
2025-11-12,outlet-1,CAKE-008,3,0,60.0,17
2025-11-12,outlet-1,CAKE-009,4,0,96.0,21
2025-11-12,outlet-1,CAKE-010,6,0,108.0,37
2025-11-12,outlet-2,CAKE-001,10,0,280.0,10
2025-11-12,outlet-2,CAKE-002,9,0,216.0,26
2025-11-12,outlet-2,CAKE-003,4,0,128.0,2
2025-11-12,outlet-2,CAKE-004,5,0,110.0,10
2025-11-12,outlet-2,CAKE-005,4,0,104.0,9
2025-11-12,outlet-2,CAKE-006,0,0,0.0,24
2025-11-12,outlet-2,CAKE-007,4,0,108.0,31
2025-11-12,outlet-2,CAKE-008,3,0,60.0,13
2025-11-12,outlet-2,CAKE-009,5,0,120.0,16
2025-11-12,outlet-2,CAKE-010,6,0,108.0,40
2025-11-12,outlet-3,CAKE-001,16,1,448.0,34
2025-11-12,outlet-3,CAKE-002,7,0,168.0,5
2025-11-12,outlet-3,CAKE-003,4,0,128.0,15
2025-11-12,outlet-3,CAKE-004,3,0,66.0,10
2025-11-12,outlet-3,CAKE-005,2,0,52.0,16
2025-11-12,outlet-3,CAKE-006,3,0,90.0,45
2025-11-12,outlet-3,CAKE-007,4,0,108.0,0
2025-11-12,outlet-3,CAKE-008,1,0,20.0,8
2025-11-12,outlet-3,CAKE-009,4,0,96.0,21
2025-11-12,outlet-3,CAKE-010,6,0,108.0,19
2025-11-12,outlet-4,CAKE-001,0,0,0.0,0
2025-11-12,outlet-4,CAKE-002,10,0,240.0,7
2025-11-12,outlet-4,CAKE-003,4,0,128.0,10
2025-11-12,outlet-4,CAKE-004,4,0,88.0,30
2025-11-12,outlet-4,CAKE-005,7,0,182.0,7
2025-11-12,outlet-4,CAKE-006,3,0,90.0,2
2025-11-12,outlet-4,CAKE-007,7,0,189.0,5
2025-11-12,outlet-4,CAKE-008,4,0,80.0,22
2025-11-12,outlet-4,CAKE-009,5,0,120.0,23
2025-11-12,outlet-4,CAKE-010,7,0,126.0,49
2025-11-12,outlet-5,CAKE-001,4,0,112.0,14
2025-11-12,outlet-5,CAKE-002,2,0,48.0,2
2025-11-12,outlet-5,CAKE-003,3,0,96.0,5
2025-11-12,outlet-5,CAKE-004,3,0,66.0,10
2025-11-12,outlet-5,CAKE-005,3,0,78.0,12
2025-11-12,outlet-5,CAKE-006,0,0,0.0,11
2025-11-12,outlet-5,CAKE-007,2,0,54.0,22
2025-11-12,outlet-5,CAKE-008,1,0,20.0,6
2025-11-12,outlet-5,CAKE-009,3,0,72.0,13
2025-11-12,outlet-5,CAKE-010,5,0,90.0,8
2025-11-13,outlet-1,CAKE-001,10,0,280.0,56
2025-11-13,outlet-1,CAKE-002,6,0,144.0,34
2025-11-13,outlet-1,CAKE-003,5,0,160.0,27
2025-11-13,outlet-1,CAKE-004,5,0,110.0,1
2025-11-13,outlet-1,CAKE-005,3,0,78.0,2
2025-11-13,outlet-1,CAKE-006,3,0,90.0,15
2025-11-13,outlet-1,CAKE-007,6,1,162.0,7
2025-11-13,outlet-1,CAKE-008,4,0,80.0,18
2025-11-13,outlet-1,CAKE-009,3,0,72.0,18
2025-11-13,outlet-1,CAKE-010,9,0,162.0,28
2025-11-13,outlet-2,CAKE-001,10,0,280.0,48
2025-11-13,outlet-2,CAKE-002,7,0,168.0,19
2025-11-13,outlet-2,CAKE-003,2,0,64.0,27
2025-11-13,outlet-2,CAKE-004,5,0,110.0,5
2025-11-13,outlet-2,CAKE-005,3,0,78.0,6
2025-11-13,outlet-2,CAKE-006,2,0,60.0,22
2025-11-13,outlet-2,CAKE-007,3,0,81.0,28
2025-11-13,outlet-2,CAKE-008,3,0,60.0,10
2025-11-13,outlet-2,CAKE-009,1,0,24.0,22
2025-11-13,outlet-2,CAKE-010,8,0,144.0,32
2025-11-13,outlet-3,CAKE-001,15,0,420.0,19
2025-11-13,outlet-3,CAKE-002,5,0,120.0,16
2025-11-13,outlet-3,CAKE-003,11,0,352.0,4
2025-11-13,outlet-3,CAKE-004,4,0,88.0,9
2025-11-13,outlet-3,CAKE-005,4,0,104.0,12
2025-11-13,outlet-3,CAKE-006,9,0,270.0,48
2025-11-13,outlet-3,CAKE-007,0,0,0.0,0
2025-11-13,outlet-3,CAKE-008,2,0,40.0,6
2025-11-13,outlet-3,CAKE-009,3,0,72.0,18
2025-11-13,outlet-3,CAKE-010,6,0,108.0,13
2025-11-13,outlet-4,CAKE-001,0,0,0.0,0
2025-11-13,outlet-4,CAKE-002,7,0,168.0,0
2025-11-13,outlet-4,CAKE-003,5,0,160.0,5
2025-11-13,outlet-4,CAKE-004,4,0,88.0,26
2025-11-13,outlet-4,CAKE-005,7,0,182.0,0
2025-11-13,outlet-4,CAKE-006,2,0,60.0,0
2025-11-13,outlet-4,CAKE-007,5,0,135.0,36
2025-11-13,outlet-4,CAKE-008,4,0,80.0,18
2025-11-13,outlet-4,CAKE-009,5,0,120.0,18
2025-11-13,outlet-4,CAKE-010,6,0,108.0,58
2025-11-13,outlet-5,CAKE-001,5,0,140.0,9
2025-11-13,outlet-5,CAKE-002,2,0,48.0,0
2025-11-13,outlet-5,CAKE-003,2,0,64.0,3
2025-11-13,outlet-5,CAKE-004,2,0,44.0,11
2025-11-13,outlet-5,CAKE-005,2,0,52.0,10
2025-11-13,outlet-5,CAKE-006,3,0,90.0,8
2025-11-13,outlet-5,CAKE-007,4,0,108.0,18
2025-11-13,outlet-5,CAKE-008,1,0,20.0,5
2025-11-13,outlet-5,CAKE-009,4,0,96.0,9
2025-11-13,outlet-5,CAKE-010,3,0,54.0,5
2025-11-14,outlet-1,CAKE-001,14,0,392.0,42
2025-11-14,outlet-1,CAKE-002,14,0,336.0,20
2025-11-14,outlet-1,CAKE-003,2,0,64.0,25
2025-11-14,outlet-1,CAKE-004,1,0,22.0,0
2025-11-14,outlet-1,CAKE-005,2,0,52.0,24
2025-11-14,outlet-1,CAKE-006,9,0,270.0,6
2025-11-14,outlet-1,CAKE-007,7,0,189.0,33
2025-11-14,outlet-1,CAKE-008,4,0,80.0,14
2025-11-14,outlet-1,CAKE-009,6,0,144.0,12
2025-11-14,outlet-1,CAKE-010,12,1,216.0,17
2025-11-14,outlet-2,CAKE-001,10,0,280.0,38
2025-11-14,outlet-2,CAKE-002,9,0,216.0,10
2025-11-14,outlet-2,CAKE-003,6,0,192.0,21
2025-11-14,outlet-2,CAKE-004,5,0,110.0,24
2025-11-14,outlet-2,CAKE-005,3,0,78.0,3
2025-11-14,outlet-2,CAKE-006,6,0,180.0,16
2025-11-14,outlet-2,CAKE-007,8,0,216.0,27
2025-11-14,outlet-2,CAKE-008,3,0,60.0,7
2025-11-14,outlet-2,CAKE-009,5,0,120.0,24
2025-11-14,outlet-2,CAKE-010,9,0,162.0,23
2025-11-14,outlet-3,CAKE-001,17,1,476.0,70
2025-11-14,outlet-3,CAKE-002,8,0,192.0,21
2025-11-14,outlet-3,CAKE-003,4,0,128.0,0
2025-11-14,outlet-3,CAKE-004,3,0,66.0,10
2025-11-14,outlet-3,CAKE-005,2,0,52.0,15
2025-11-14,outlet-3,CAKE-006,19,0,570.0,29
2025-11-14,outlet-3,CAKE-007,0,0,0.0,30
2025-11-14,outlet-3,CAKE-008,3,0,60.0,3
2025-11-14,outlet-3,CAKE-009,4,0,96.0,14
2025-11-14,outlet-3,CAKE-010,8,0,144.0,5
2025-11-14,outlet-4,CAKE-001,0,0,0.0,12
2025-11-14,outlet-4,CAKE-002,0,0,0.0,15
2025-11-14,outlet-4,CAKE-003,3,0,96.0,2
2025-11-14,outlet-4,CAKE-004,6,0,132.0,20
2025-11-14,outlet-4,CAKE-005,0,0,0.0,33
2025-11-14,outlet-4,CAKE-006,0,0,0.0,7
2025-11-14,outlet-4,CAKE-007,10,1,270.0,27
2025-11-14,outlet-4,CAKE-008,5,0,100.0,26
2025-11-14,outlet-4,CAKE-009,7,0,168.0,11
2025-11-14,outlet-4,CAKE-010,8,0,144.0,63
2025-11-14,outlet-5,CAKE-001,4,0,112.0,5
2025-11-14,outlet-5,CAKE-002,0,0,0.0,21
2025-11-14,outlet-5,CAKE-003,3,0,96.0,12
2025-11-14,outlet-5,CAKE-004,2,0,44.0,9
2025-11-14,outlet-5,CAKE-005,3,0,78.0,7
2025-11-14,outlet-5,CAKE-006,5,0,150.0,3
2025-11-14,outlet-5,CAKE-007,3,0,81.0,15
2025-11-14,outlet-5,CAKE-008,1,0,20.0,6
2025-11-14,outlet-5,CAKE-009,3,0,72.0,6
2025-11-14,outlet-5,CAKE-010,4,0,72.0,1
2025-11-15,outlet-1,CAKE-001,12,0,336.0,30
2025-11-15,outlet-1,CAKE-002,8,0,192.0,12
2025-11-15,outlet-1,CAKE-003,4,0,128.0,28
2025-11-15,outlet-1,CAKE-004,0,0,0.0,0
2025-11-15,outlet-1,CAKE-005,5,0,130.0,19
2025-11-15,outlet-1,CAKE-006,6,0,180.0,30
2025-11-15,outlet-1,CAKE-007,8,1,216.0,26
2025-11-15,outlet-1,CAKE-008,5,0,100.0,9
2025-11-15,outlet-1,CAKE-009,6,0,144.0,6
2025-11-15,outlet-1,CAKE-010,11,0,198.0,6
2025-11-15,outlet-2,CAKE-001,15,0,420.0,38
2025-11-15,outlet-2,CAKE-002,10,0,240.0,15
2025-11-15,outlet-2,CAKE-003,7,0,224.0,14
2025-11-15,outlet-2,CAKE-004,4,0,88.0,25
2025-11-15,outlet-2,CAKE-005,3,0,78.0,0
2025-11-15,outlet-2,CAKE-006,3,0,90.0,13
2025-11-15,outlet-2,CAKE-007,8,1,216.0,20
2025-11-15,outlet-2,CAKE-008,4,0,80.0,3
2025-11-15,outlet-2,CAKE-009,6,0,144.0,18
2025-11-15,outlet-2,CAKE-010,14,1,252.0,10
2025-11-15,outlet-3,CAKE-001,21,0,588.0,49
2025-11-15,outlet-3,CAKE-002,11,0,264.0,10
2025-11-15,outlet-3,CAKE-003,0,0,0.0,48
2025-11-15,outlet-3,CAKE-004,3,0,66.0,7
2025-11-15,outlet-3,CAKE-005,6,0,156.0,9
2025-11-15,outlet-3,CAKE-006,12,0,360.0,17
2025-11-15,outlet-3,CAKE-007,7,0,189.0,23
2025-11-15,outlet-3,CAKE-008,3,0,60.0,12
2025-11-15,outlet-3,CAKE-009,6,0,144.0,8
2025-11-15,outlet-3,CAKE-010,5,0,90.0,32
2025-11-15,outlet-4,CAKE-001,8,0,224.0,19
2025-11-15,outlet-4,CAKE-002,13,1,312.0,57
2025-11-15,outlet-4,CAKE-003,2,0,64.0,24
2025-11-15,outlet-4,CAKE-004,8,0,176.0,19
2025-11-15,outlet-4,CAKE-005,6,0,156.0,40
2025-11-15,outlet-4,CAKE-006,5,0,150.0,2
2025-11-15,outlet-4,CAKE-007,10,1,270.0,18
2025-11-15,outlet-4,CAKE-008,4,0,80.0,22
2025-11-15,outlet-4,CAKE-009,6,0,144.0,5
2025-11-15,outlet-4,CAKE-010,10,0,180.0,53
2025-11-15,outlet-5,CAKE-001,5,0,140.0,8
2025-11-15,outlet-5,CAKE-002,7,0,168.0,14
2025-11-15,outlet-5,CAKE-003,2,0,64.0,10
2025-11-15,outlet-5,CAKE-004,2,0,44.0,10
2025-11-15,outlet-5,CAKE-005,2,0,52.0,5
2025-11-15,outlet-5,CAKE-006,3,0,90.0,30
2025-11-15,outlet-5,CAKE-007,2,0,54.0,13
2025-11-15,outlet-5,CAKE-008,1,0,20.0,5
2025-11-15,outlet-5,CAKE-009,2,0,48.0,4
2025-11-15,outlet-5,CAKE-010,1,0,18.0,21
2025-11-16,outlet-1,CAKE-001,8,0,224.0,22
2025-11-16,outlet-1,CAKE-002,12,0,288.0,46
2025-11-16,outlet-1,CAKE-003,6,0,192.0,22
2025-11-16,outlet-1,CAKE-004,0,0,0.0,0
2025-11-16,outlet-1,CAKE-005,5,0,130.0,14
2025-11-16,outlet-1,CAKE-006,6,0,180.0,24
2025-11-16,outlet-1,CAKE-007,10,1,270.0,28
2025-11-16,outlet-1,CAKE-008,3,0,60.0,6
2025-11-16,outlet-1,CAKE-009,6,0,144.0,24
2025-11-16,outlet-1,CAKE-010,6,0,108.0,12
2025-11-16,outlet-2,CAKE-001,13,0,364.0,25
2025-11-16,outlet-2,CAKE-002,10,0,240.0,5
2025-11-16,outlet-2,CAKE-003,8,0,256.0,6
2025-11-16,outlet-2,CAKE-004,3,0,66.0,22
2025-11-16,outlet-2,CAKE-005,0,0,0.0,0
2025-11-16,outlet-2,CAKE-006,9,0,270.0,4
2025-11-16,outlet-2,CAKE-007,10,1,270.0,11
2025-11-16,outlet-2,CAKE-008,3,0,60.0,4
2025-11-16,outlet-2,CAKE-009,5,0,120.0,13
2025-11-16,outlet-2,CAKE-010,10,0,180.0,0
2025-11-16,outlet-3,CAKE-001,7,0,196.0,42
2025-11-16,outlet-3,CAKE-002,10,0,240.0,13
2025-11-16,outlet-3,CAKE-003,14,1,448.0,48
2025-11-16,outlet-3,CAKE-004,5,0,110.0,2
2025-11-16,outlet-3,CAKE-005,4,0,104.0,5
2025-11-16,outlet-3,CAKE-006,11,0,330.0,21
2025-11-16,outlet-3,CAKE-007,14,1,378.0,10
2025-11-16,outlet-3,CAKE-008,2,0,40.0,10
2025-11-16,outlet-3,CAKE-009,5,0,120.0,13
2025-11-16,outlet-3,CAKE-010,8,0,144.0,24
2025-11-16,outlet-4,CAKE-001,10,0,280.0,20
2025-11-16,outlet-4,CAKE-002,12,1,288.0,46
2025-11-16,outlet-4,CAKE-003,5,0,160.0,19
2025-11-16,outlet-4,CAKE-004,5,0,110.0,21
2025-11-16,outlet-4,CAKE-005,6,0,156.0,34
2025-11-16,outlet-4,CAKE-006,2,0,60.0,0
2025-11-16,outlet-4,CAKE-007,10,1,270.0,9
2025-11-16,outlet-4,CAKE-008,6,0,120.0,16
2025-11-16,outlet-4,CAKE-009,5,0,120.0,28
2025-11-16,outlet-4,CAKE-010,10,0,180.0,43
2025-11-16,outlet-5,CAKE-001,7,0,196.0,29
2025-11-16,outlet-5,CAKE-002,4,0,96.0,10
2025-11-16,outlet-5,CAKE-003,4,0,128.0,6
2025-11-16,outlet-5,CAKE-004,3,0,66.0,7
2025-11-16,outlet-5,CAKE-005,1,0,26.0,4
2025-11-16,outlet-5,CAKE-006,7,0,210.0,23
2025-11-16,outlet-5,CAKE-007,4,0,108.0,9
2025-11-16,outlet-5,CAKE-008,1,0,20.0,4
2025-11-16,outlet-5,CAKE-009,4,0,96.0,0
2025-11-16,outlet-5,CAKE-010,3,0,54.0,18
2025-11-17,outlet-1,CAKE-001,13,0,364.0,9
2025-11-17,outlet-1,CAKE-002,9,0,216.0,37
2025-11-17,outlet-1,CAKE-003,4,0,128.0,18
2025-11-17,outlet-1,CAKE-004,0,0,0.0,0
2025-11-17,outlet-1,CAKE-005,4,0,104.0,18
2025-11-17,outlet-1,CAKE-006,7,0,210.0,36
2025-11-17,outlet-1,CAKE-007,4,0,108.0,37
2025-11-17,outlet-1,CAKE-008,3,0,60.0,3
2025-11-17,outlet-1,CAKE-009,5,0,120.0,19
2025-11-17,outlet-1,CAKE-010,7,0,126.0,5
2025-11-17,outlet-2,CAKE-001,9,0,252.0,30
2025-11-17,outlet-2,CAKE-002,5,0,120.0,0
2025-11-17,outlet-2,CAKE-003,5,0,160.0,10
2025-11-17,outlet-2,CAKE-004,4,0,88.0,18
2025-11-17,outlet-2,CAKE-005,0,0,0.0,7
2025-11-17,outlet-2,CAKE-006,4,0,120.0,24
2025-11-17,outlet-2,CAKE-007,6,0,162.0,5
2025-11-17,outlet-2,CAKE-008,3,0,60.0,5
2025-11-17,outlet-2,CAKE-009,3,0,72.0,10
2025-11-17,outlet-2,CAKE-010,0,0,0.0,39
2025-11-17,outlet-3,CAKE-001,15,1,420.0,28
2025-11-17,outlet-3,CAKE-002,7,0,168.0,6
2025-11-17,outlet-3,CAKE-003,10,0,320.0,38
2025-11-17,outlet-3,CAKE-004,2,0,44.0,19
2025-11-17,outlet-3,CAKE-005,5,0,130.0,0
2025-11-17,outlet-3,CAKE-006,8,0,240.0,13
2025-11-17,outlet-3,CAKE-007,5,0,135.0,5
2025-11-17,outlet-3,CAKE-008,2,0,40.0,8
2025-11-17,outlet-3,CAKE-009,4,0,96.0,9
2025-11-17,outlet-3,CAKE-010,3,0,54.0,21
2025-11-17,outlet-4,CAKE-001,5,0,140.0,15
2025-11-17,outlet-4,CAKE-002,12,0,288.0,34
2025-11-17,outlet-4,CAKE-003,5,0,160.0,14
2025-11-17,outlet-4,CAKE-004,6,0,132.0,23
2025-11-17,outlet-4,CAKE-005,4,0,104.0,42
2025-11-17,outlet-4,CAKE-006,0,0,0.0,21
2025-11-17,outlet-4,CAKE-007,5,0,135.0,4
2025-11-17,outlet-4,CAKE-008,4,0,80.0,23
2025-11-17,outlet-4,CAKE-009,5,0,120.0,30
2025-11-17,outlet-4,CAKE-010,7,0,126.0,36
2025-11-17,outlet-5,CAKE-001,3,0,84.0,26
2025-11-17,outlet-5,CAKE-002,3,0,72.0,7
2025-11-17,outlet-5,CAKE-003,1,0,32.0,5
2025-11-17,outlet-5,CAKE-004,2,0,44.0,5
2025-11-17,outlet-5,CAKE-005,2,0,52.0,2
2025-11-17,outlet-5,CAKE-006,5,0,150.0,18
2025-11-17,outlet-5,CAKE-007,2,0,54.0,7
2025-11-17,outlet-5,CAKE-008,1,0,20.0,3
2025-11-17,outlet-5,CAKE-009,0,0,0.0,0
2025-11-17,outlet-5,CAKE-010,5,0,90.0,13
2025-11-18,outlet-1,CAKE-001,9,0,252.0,57
2025-11-18,outlet-1,CAKE-002,10,0,240.0,42
2025-11-18,outlet-1,CAKE-003,4,0,128.0,14
2025-11-18,outlet-1,CAKE-004,0,0,0.0,26
2025-11-18,outlet-1,CAKE-005,4,0,104.0,14
2025-11-18,outlet-1,CAKE-006,4,0,120.0,49
2025-11-18,outlet-1,CAKE-007,6,0,162.0,31
2025-11-18,outlet-1,CAKE-008,3,0,60.0,0
2025-11-18,outlet-1,CAKE-009,3,0,72.0,16
2025-11-18,outlet-1,CAKE-010,5,0,90.0,12
2025-11-18,outlet-2,CAKE-001,5,0,140.0,25
2025-11-18,outlet-2,CAKE-002,0,0,0.0,13
2025-11-18,outlet-2,CAKE-003,6,0,192.0,4
2025-11-18,outlet-2,CAKE-004,3,0,66.0,15
2025-11-18,outlet-2,CAKE-005,4,0,104.0,3
2025-11-18,outlet-2,CAKE-006,3,0,90.0,21
2025-11-18,outlet-2,CAKE-007,5,0,135.0,30
2025-11-18,outlet-2,CAKE-008,3,0,60.0,5
2025-11-18,outlet-2,CAKE-009,4,0,96.0,15
2025-11-18,outlet-2,CAKE-010,5,0,90.0,34
2025-11-18,outlet-3,CAKE-001,11,0,308.0,17
2025-11-18,outlet-3,CAKE-002,6,0,144.0,0
2025-11-18,outlet-3,CAKE-003,10,0,320.0,28
2025-11-18,outlet-3,CAKE-004,5,0,110.0,14
2025-11-18,outlet-3,CAKE-005,0,0,0.0,5
2025-11-18,outlet-3,CAKE-006,8,0,240.0,19
2025-11-18,outlet-3,CAKE-007,3,0,81.0,2
2025-11-18,outlet-3,CAKE-008,2,0,40.0,6
2025-11-18,outlet-3,CAKE-009,4,0,96.0,16
2025-11-18,outlet-3,CAKE-010,6,0,108.0,25
2025-11-18,outlet-4,CAKE-001,5,0,140.0,10
2025-11-18,outlet-4,CAKE-002,6,0,144.0,46
2025-11-18,outlet-4,CAKE-003,4,0,128.0,10
2025-11-18,outlet-4,CAKE-004,5,0,110.0,18
2025-11-18,outlet-4,CAKE-005,6,0,156.0,36
2025-11-18,outlet-4,CAKE-006,4,0,120.0,25
2025-11-18,outlet-4,CAKE-007,4,0,108.0,36
2025-11-18,outlet-4,CAKE-008,4,0,80.0,19
2025-11-18,outlet-4,CAKE-009,4,0,96.0,26
2025-11-18,outlet-4,CAKE-010,10,0,180.0,43
2025-11-18,outlet-5,CAKE-001,5,0,140.0,21
2025-11-18,outlet-5,CAKE-002,3,0,72.0,4
2025-11-18,outlet-5,CAKE-003,3,0,96.0,2
2025-11-18,outlet-5,CAKE-004,2,0,44.0,7
2025-11-18,outlet-5,CAKE-005,1,0,26.0,1
2025-11-18,outlet-5,CAKE-006,5,0,150.0,13
2025-11-18,outlet-5,CAKE-007,2,0,54.0,5
2025-11-18,outlet-5,CAKE-008,1,0,20.0,2
2025-11-18,outlet-5,CAKE-009,0,0,0.0,0
2025-11-18,outlet-5,CAKE-010,4,0,72.0,14
2025-11-19,outlet-1,CAKE-001,13,1,364.0,62
2025-11-19,outlet-1,CAKE-002,11,0,264.0,31
2025-11-19,outlet-1,CAKE-003,4,0,128.0,10
2025-11-19,outlet-1,CAKE-004,5,0,110.0,21
2025-11-19,outlet-1,CAKE-005,4,0,104.0,10
2025-11-19,outlet-1,CAKE-006,4,0,120.0,45
2025-11-19,outlet-1,CAKE-007,5,0,135.0,26
2025-11-19,outlet-1,CAKE-008,0,0,0.0,18
2025-11-19,outlet-1,CAKE-009,6,0,144.0,10
2025-11-19,outlet-1,CAKE-010,7,0,126.0,5
2025-11-19,outlet-2,CAKE-001,8,0,224.0,17
2025-11-19,outlet-2,CAKE-002,4,0,96.0,23
2025-11-19,outlet-2,CAKE-003,4,0,128.0,27
2025-11-19,outlet-2,CAKE-004,4,0,88.0,11
2025-11-19,outlet-2,CAKE-005,3,0,78.0,21
2025-11-19,outlet-2,CAKE-006,4,0,120.0,17
2025-11-19,outlet-2,CAKE-007,2,0,54.0,28
2025-11-19,outlet-2,CAKE-008,3,0,60.0,2
2025-11-19,outlet-2,CAKE-009,4,0,96.0,11
2025-11-19,outlet-2,CAKE-010,7,0,126.0,27
2025-11-19,outlet-3,CAKE-001,6,0,168.0,11
2025-11-19,outlet-3,CAKE-002,0,0,0.0,46
2025-11-19,outlet-3,CAKE-003,9,0,288.0,19
2025-11-19,outlet-3,CAKE-004,4,0,88.0,13
2025-11-19,outlet-3,CAKE-005,4,0,104.0,25
2025-11-19,outlet-3,CAKE-006,9,0,270.0,10
2025-11-19,outlet-3,CAKE-007,2,0,54.0,30
2025-11-19,outlet-3,CAKE-008,2,0,40.0,4
2025-11-19,outlet-3,CAKE-009,2,0,48.0,14
2025-11-19,outlet-3,CAKE-010,4,0,72.0,21
2025-11-19,outlet-4,CAKE-001,7,0,196.0,46
2025-11-19,outlet-4,CAKE-002,10,0,240.0,36
2025-11-19,outlet-4,CAKE-003,4,0,128.0,6
2025-11-19,outlet-4,CAKE-004,4,0,88.0,14
2025-11-19,outlet-4,CAKE-005,6,0,156.0,30
2025-11-19,outlet-4,CAKE-006,4,0,120.0,21
2025-11-19,outlet-4,CAKE-007,8,0,216.0,28
2025-11-19,outlet-4,CAKE-008,5,0,100.0,14
2025-11-19,outlet-4,CAKE-009,3,0,72.0,23
2025-11-19,outlet-4,CAKE-010,8,0,144.0,52
2025-11-19,outlet-5,CAKE-001,6,0,168.0,22
2025-11-19,outlet-5,CAKE-002,3,0,72.0,6
2025-11-19,outlet-5,CAKE-003,1,0,32.0,5
2025-11-19,outlet-5,CAKE-004,2,0,44.0,5
2025-11-19,outlet-5,CAKE-005,1,0,26.0,12
2025-11-19,outlet-5,CAKE-006,3,0,90.0,10
2025-11-19,outlet-5,CAKE-007,2,0,54.0,3
2025-11-19,outlet-5,CAKE-008,1,0,20.0,1
2025-11-19,outlet-5,CAKE-009,0,0,0.0,16
2025-11-19,outlet-5,CAKE-010,4,0,72.0,10
2025-11-20,outlet-1,CAKE-001,11,0,308.0,51
2025-11-20,outlet-1,CAKE-002,6,0,144.0,44
2025-11-20,outlet-1,CAKE-003,5,0,160.0,5
2025-11-20,outlet-1,CAKE-004,5,0,110.0,16
2025-11-20,outlet-1,CAKE-005,3,0,78.0,16
2025-11-20,outlet-1,CAKE-006,4,0,120.0,41
2025-11-20,outlet-1,CAKE-007,4,0,108.0,22
2025-11-20,outlet-1,CAKE-008,3,0,60.0,15
2025-11-20,outlet-1,CAKE-009,4,0,96.0,6
2025-11-20,outlet-1,CAKE-010,5,0,90.0,43
2025-11-20,outlet-2,CAKE-001,11,0,308.0,6
2025-11-20,outlet-2,CAKE-002,5,0,120.0,32
2025-11-20,outlet-2,CAKE-003,3,0,96.0,24
2025-11-20,outlet-2,CAKE-004,3,0,66.0,8
2025-11-20,outlet-2,CAKE-005,4,0,104.0,17
2025-11-20,outlet-2,CAKE-006,4,0,120.0,13
2025-11-20,outlet-2,CAKE-007,7,0,189.0,21
2025-11-20,outlet-2,CAKE-008,2,0,40.0,0
2025-11-20,outlet-2,CAKE-009,4,0,96.0,7
2025-11-20,outlet-2,CAKE-010,8,0,144.0,19
2025-11-20,outlet-3,CAKE-001,6,0,168.0,5
2025-11-20,outlet-3,CAKE-002,8,0,192.0,38
2025-11-20,outlet-3,CAKE-003,11,0,352.0,8
2025-11-20,outlet-3,CAKE-004,2,0,44.0,11
2025-11-20,outlet-3,CAKE-005,4,0,104.0,21
2025-11-20,outlet-3,CAKE-006,6,0,180.0,4
2025-11-20,outlet-3,CAKE-007,5,0,135.0,25
2025-11-20,outlet-3,CAKE-008,2,0,40.0,2
2025-11-20,outlet-3,CAKE-009,5,0,120.0,18
2025-11-20,outlet-3,CAKE-010,5,0,90.0,16
2025-11-20,outlet-4,CAKE-001,9,0,252.0,37
2025-11-20,outlet-4,CAKE-002,12,0,288.0,24
2025-11-20,outlet-4,CAKE-003,5,0,160.0,1
2025-11-20,outlet-4,CAKE-004,6,0,132.0,8
2025-11-20,outlet-4,CAKE-005,6,0,156.0,24
2025-11-20,outlet-4,CAKE-006,4,0,120.0,17
2025-11-20,outlet-4,CAKE-007,5,0,135.0,29
2025-11-20,outlet-4,CAKE-008,3,0,60.0,11
2025-11-20,outlet-4,CAKE-009,6,0,144.0,17
2025-11-20,outlet-4,CAKE-010,8,0,144.0,58
2025-11-20,outlet-5,CAKE-001,5,0,140.0,17
2025-11-20,outlet-5,CAKE-002,4,0,96.0,6
2025-11-20,outlet-5,CAKE-003,3,0,96.0,2
2025-11-20,outlet-5,CAKE-004,2,0,44.0,3
2025-11-20,outlet-5,CAKE-005,1,0,26.0,11
2025-11-20,outlet-5,CAKE-006,4,0,120.0,6
2025-11-20,outlet-5,CAKE-007,2,0,54.0,16
2025-11-20,outlet-5,CAKE-008,1,0,20.0,2
2025-11-20,outlet-5,CAKE-009,2,0,48.0,14
2025-11-20,outlet-5,CAKE-010,4,0,72.0,6
2025-11-21,outlet-1,CAKE-001,15,0,420.0,36
2025-11-21,outlet-1,CAKE-002,8,0,192.0,36
2025-11-21,outlet-1,CAKE-003,5,0,160.0,30
2025-11-21,outlet-1,CAKE-004,4,0,88.0,12
2025-11-21,outlet-1,CAKE-005,5,0,130.0,11
2025-11-21,outlet-1,CAKE-006,6,0,180.0,35
2025-11-21,outlet-1,CAKE-007,5,0,135.0,17
2025-11-21,outlet-1,CAKE-008,3,0,60.0,12
2025-11-21,outlet-1,CAKE-009,4,0,96.0,2
2025-11-21,outlet-1,CAKE-010,9,0,162.0,34
2025-11-21,outlet-2,CAKE-001,6,0,168.0,16
2025-11-21,outlet-2,CAKE-002,9,0,216.0,23
2025-11-21,outlet-2,CAKE-003,7,0,224.0,17
2025-11-21,outlet-2,CAKE-004,5,0,110.0,3
2025-11-21,outlet-2,CAKE-005,5,0,130.0,12
2025-11-21,outlet-2,CAKE-006,9,0,270.0,4
2025-11-21,outlet-2,CAKE-007,6,0,162.0,15
2025-11-21,outlet-2,CAKE-008,0,0,0.0,16
2025-11-21,outlet-2,CAKE-009,5,0,120.0,2
2025-11-21,outlet-2,CAKE-010,10,0,180.0,9
2025-11-21,outlet-3,CAKE-001,5,0,140.0,0
2025-11-21,outlet-3,CAKE-002,12,0,288.0,26
2025-11-21,outlet-3,CAKE-003,8,0,256.0,48
2025-11-21,outlet-3,CAKE-004,6,0,132.0,9
2025-11-21,outlet-3,CAKE-005,5,0,130.0,16
2025-11-21,outlet-3,CAKE-006,4,0,120.0,45
2025-11-21,outlet-3,CAKE-007,5,0,135.0,20
2025-11-21,outlet-3,CAKE-008,2,0,40.0,0
2025-11-21,outlet-3,CAKE-009,5,0,120.0,13
2025-11-21,outlet-3,CAKE-010,9,0,162.0,7
2025-11-21,outlet-4,CAKE-001,12,0,336.0,25
2025-11-21,outlet-4,CAKE-002,11,0,264.0,13
2025-11-21,outlet-4,CAKE-003,1,0,32.0,24
2025-11-21,outlet-4,CAKE-004,5,0,110.0,3
2025-11-21,outlet-4,CAKE-005,8,0,208.0,16
2025-11-21,outlet-4,CAKE-006,7,0,210.0,10
2025-11-21,outlet-4,CAKE-007,12,1,324.0,18
2025-11-21,outlet-4,CAKE-008,6,0,120.0,16
2025-11-21,outlet-4,CAKE-009,7,0,168.0,10
2025-11-21,outlet-4,CAKE-010,11,0,198.0,47
2025-11-21,outlet-5,CAKE-001,7,0,196.0,10
2025-11-21,outlet-5,CAKE-002,4,0,96.0,7
2025-11-21,outlet-5,CAKE-003,2,0,64.0,12
2025-11-21,outlet-5,CAKE-004,2,0,44.0,15
2025-11-21,outlet-5,CAKE-005,3,0,78.0,8
2025-11-21,outlet-5,CAKE-006,6,0,180.0,0
2025-11-21,outlet-5,CAKE-007,5,0,135.0,11
2025-11-21,outlet-5,CAKE-008,2,0,40.0,0
2025-11-21,outlet-5,CAKE-009,3,0,72.0,11
2025-11-21,outlet-5,CAKE-010,5,0,90.0,1
2025-11-22,outlet-1,CAKE-001,10,0,280.0,26
2025-11-22,outlet-1,CAKE-002,11,0,264.0,25
2025-11-22,outlet-1,CAKE-003,5,0,160.0,25
2025-11-22,outlet-1,CAKE-004,4,0,88.0,14
2025-11-22,outlet-1,CAKE-005,5,0,130.0,6
2025-11-22,outlet-1,CAKE-006,8,0,240.0,27
2025-11-22,outlet-1,CAKE-007,7,0,189.0,10
2025-11-22,outlet-1,CAKE-008,4,0,80.0,8
2025-11-22,outlet-1,CAKE-009,2,0,48.0,24
2025-11-22,outlet-1,CAKE-010,8,0,144.0,26
2025-11-22,outlet-2,CAKE-001,9,0,252.0,21
2025-11-22,outlet-2,CAKE-002,11,0,264.0,24
2025-11-22,outlet-2,CAKE-003,7,0,224.0,10
2025-11-22,outlet-2,CAKE-004,3,0,66.0,24
2025-11-22,outlet-2,CAKE-005,3,0,78.0,9
2025-11-22,outlet-2,CAKE-006,4,0,120.0,7
2025-11-22,outlet-2,CAKE-007,7,1,189.0,9
2025-11-22,outlet-2,CAKE-008,3,0,60.0,13
2025-11-22,outlet-2,CAKE-009,2,0,48.0,21
2025-11-22,outlet-2,CAKE-010,7,0,126.0,41
2025-11-22,outlet-3,CAKE-001,0,0,0.0,67
2025-11-22,outlet-3,CAKE-002,10,0,240.0,16
2025-11-22,outlet-3,CAKE-003,8,0,256.0,40
2025-11-22,outlet-3,CAKE-004,4,0,88.0,5
2025-11-22,outlet-3,CAKE-005,8,0,208.0,8
2025-11-22,outlet-3,CAKE-006,11,0,330.0,34
2025-11-22,outlet-3,CAKE-007,8,0,216.0,12
2025-11-22,outlet-3,CAKE-008,0,0,0.0,4
2025-11-22,outlet-3,CAKE-009,5,0,120.0,19
2025-11-22,outlet-3,CAKE-010,5,0,90.0,14
2025-11-22,outlet-4,CAKE-001,12,0,336.0,13
2025-11-22,outlet-4,CAKE-002,11,0,264.0,20
2025-11-22,outlet-4,CAKE-003,7,0,224.0,17
2025-11-22,outlet-4,CAKE-004,3,0,66.0,28
2025-11-22,outlet-4,CAKE-005,4,0,104.0,12
2025-11-22,outlet-4,CAKE-006,7,0,210.0,3
2025-11-22,outlet-4,CAKE-007,12,1,324.0,7
2025-11-22,outlet-4,CAKE-008,4,0,80.0,12
2025-11-22,outlet-4,CAKE-009,4,0,96.0,6
2025-11-22,outlet-4,CAKE-010,7,0,126.0,40
2025-11-22,outlet-5,CAKE-001,8,0,224.0,2
2025-11-22,outlet-5,CAKE-002,4,0,96.0,3
2025-11-22,outlet-5,CAKE-003,2,0,64.0,14
2025-11-22,outlet-5,CAKE-004,2,0,44.0,13
2025-11-22,outlet-5,CAKE-005,3,0,78.0,5
2025-11-22,outlet-5,CAKE-006,0,0,0.0,30
2025-11-22,outlet-5,CAKE-007,4,0,108.0,7
2025-11-22,outlet-5,CAKE-008,0,0,0.0,0
2025-11-22,outlet-5,CAKE-009,4,0,96.0,7
2025-11-22,outlet-5,CAKE-010,1,0,18.0,0
2025-11-23,outlet-1,CAKE-001,10,0,280.0,33
2025-11-23,outlet-1,CAKE-002,11,0,264.0,34
2025-11-23,outlet-1,CAKE-003,7,0,224.0,18
2025-11-23,outlet-1,CAKE-004,7,0,154.0,7
2025-11-23,outlet-1,CAKE-005,5,0,130.0,1
2025-11-23,outlet-1,CAKE-006,5,0,150.0,22
2025-11-23,outlet-1,CAKE-007,8,1,216.0,3
2025-11-23,outlet-1,CAKE-008,4,0,80.0,4
2025-11-23,outlet-1,CAKE-009,5,0,120.0,19
2025-11-23,outlet-1,CAKE-010,11,0,198.0,15
2025-11-23,outlet-2,CAKE-001,13,0,364.0,23
2025-11-23,outlet-2,CAKE-002,11,0,264.0,13
2025-11-23,outlet-2,CAKE-003,4,0,128.0,6
2025-11-23,outlet-2,CAKE-004,6,0,132.0,18
2025-11-23,outlet-2,CAKE-005,5,0,130.0,4
2025-11-23,outlet-2,CAKE-006,7,0,210.0,24
2025-11-23,outlet-2,CAKE-007,7,1,189.0,3
2025-11-23,outlet-2,CAKE-008,3,0,60.0,14
2025-11-23,outlet-2,CAKE-009,3,0,72.0,18
2025-11-23,outlet-2,CAKE-010,10,0,180.0,42
2025-11-23,outlet-3,CAKE-001,10,0,280.0,57
2025-11-23,outlet-3,CAKE-002,11,0,264.0,5
2025-11-23,outlet-3,CAKE-003,17,1,544.0,24
2025-11-23,outlet-3,CAKE-004,5,0,110.0,4
2025-11-23,outlet-3,CAKE-005,6,0,156.0,2
2025-11-23,outlet-3,CAKE-006,12,0,360.0,22
2025-11-23,outlet-3,CAKE-007,5,0,135.0,15
2025-11-23,outlet-3,CAKE-008,3,0,60.0,1
2025-11-23,outlet-3,CAKE-009,4,0,96.0,15
2025-11-23,outlet-3,CAKE-010,3,0,54.0,11
2025-11-23,outlet-4,CAKE-001,10,0,280.0,46
2025-11-23,outlet-4,CAKE-002,10,0,240.0,10
2025-11-23,outlet-4,CAKE-003,6,0,192.0,22
2025-11-23,outlet-4,CAKE-004,5,0,110.0,23
2025-11-23,outlet-4,CAKE-005,4,0,104.0,8
2025-11-23,outlet-4,CAKE-006,3,0,90.0,21
2025-11-23,outlet-4,CAKE-007,6,0,162.0,8
2025-11-23,outlet-4,CAKE-008,7,0,140.0,17
2025-11-23,outlet-4,CAKE-009,6,0,144.0,6
2025-11-23,outlet-4,CAKE-010,11,0,198.0,29
2025-11-23,outlet-5,CAKE-001,2,0,56.0,0
2025-11-23,outlet-5,CAKE-002,3,0,72.0,4
2025-11-23,outlet-5,CAKE-003,4,0,128.0,10
2025-11-23,outlet-5,CAKE-004,4,0,88.0,9
2025-11-23,outlet-5,CAKE-005,2,0,52.0,3
2025-11-23,outlet-5,CAKE-006,7,0,210.0,23
2025-11-23,outlet-5,CAKE-007,2,0,54.0,11
2025-11-23,outlet-5,CAKE-008,0,0,0.0,7
2025-11-23,outlet-5,CAKE-009,3,0,72.0,4
2025-11-23,outlet-5,CAKE-010,0,0,0.0,0
2025-11-24,outlet-1,CAKE-001,10,0,280.0,40
2025-11-24,outlet-1,CAKE-002,6,0,144.0,28
2025-11-24,outlet-1,CAKE-003,4,0,128.0,14
2025-11-24,outlet-1,CAKE-004,6,0,132.0,1
2025-11-24,outlet-1,CAKE-005,1,0,26.0,24
2025-11-24,outlet-1,CAKE-006,5,0,150.0,17
2025-11-24,outlet-1,CAKE-007,3,0,81.0,33
2025-11-24,outlet-1,CAKE-008,3,0,60.0,19
2025-11-24,outlet-1,CAKE-009,2,0,48.0,17
2025-11-24,outlet-1,CAKE-010,8,0,144.0,7
2025-11-24,outlet-2,CAKE-001,9,0,252.0,14
2025-11-24,outlet-2,CAKE-002,7,0,168.0,6
2025-11-24,outlet-2,CAKE-003,6,0,192.0,0
2025-11-24,outlet-2,CAKE-004,5,0,110.0,13
2025-11-24,outlet-2,CAKE-005,4,0,104.0,0
2025-11-24,outlet-2,CAKE-006,4,0,120.0,20
2025-11-24,outlet-2,CAKE-007,3,0,81.0,30
2025-11-24,outlet-2,CAKE-008,3,0,60.0,15
2025-11-24,outlet-2,CAKE-009,4,0,96.0,14
2025-11-24,outlet-2,CAKE-010,6,0,108.0,36
2025-11-24,outlet-3,CAKE-001,11,0,308.0,46
2025-11-24,outlet-3,CAKE-002,5,0,120.0,13
2025-11-24,outlet-3,CAKE-003,12,0,384.0,12
2025-11-24,outlet-3,CAKE-004,4,0,88.0,19
2025-11-24,outlet-3,CAKE-005,2,0,52.0,0
2025-11-24,outlet-3,CAKE-006,8,0,240.0,28
2025-11-24,outlet-3,CAKE-007,4,0,108.0,11
2025-11-24,outlet-3,CAKE-008,1,0,20.0,0
2025-11-24,outlet-3,CAKE-009,4,0,96.0,11
2025-11-24,outlet-3,CAKE-010,6,0,108.0,5
2025-11-24,outlet-4,CAKE-001,9,0,252.0,37
2025-11-24,outlet-4,CAKE-002,9,0,216.0,55
2025-11-24,outlet-4,CAKE-003,4,0,128.0,18
2025-11-24,outlet-4,CAKE-004,6,0,132.0,26
2025-11-24,outlet-4,CAKE-005,8,0,208.0,12
2025-11-24,outlet-4,CAKE-006,3,0,90.0,18
2025-11-24,outlet-4,CAKE-007,3,0,81.0,5
2025-11-24,outlet-4,CAKE-008,5,0,100.0,12
2025-11-24,outlet-4,CAKE-009,6,0,144.0,0
2025-11-24,outlet-4,CAKE-010,9,0,162.0,20
2025-11-24,outlet-5,CAKE-001,0,0,0.0,28
2025-11-24,outlet-5,CAKE-002,3,0,72.0,1
2025-11-24,outlet-5,CAKE-003,2,0,64.0,8
2025-11-24,outlet-5,CAKE-004,2,0,44.0,7
2025-11-24,outlet-5,CAKE-005,3,0,78.0,12
2025-11-24,outlet-5,CAKE-006,5,0,150.0,30
2025-11-24,outlet-5,CAKE-007,3,0,81.0,8
2025-11-24,outlet-5,CAKE-008,1,0,20.0,6
2025-11-24,outlet-5,CAKE-009,1,0,24.0,3
2025-11-24,outlet-5,CAKE-010,0,0,0.0,0
2025-11-25,outlet-1,CAKE-001,11,0,308.0,29
2025-11-25,outlet-1,CAKE-002,9,0,216.0,19
2025-11-25,outlet-1,CAKE-003,3,0,96.0,11
2025-11-25,outlet-1,CAKE-004,1,0,22.0,0
2025-11-25,outlet-1,CAKE-005,6,0,156.0,18
2025-11-25,outlet-1,CAKE-006,7,0,210.0,10
2025-11-25,outlet-1,CAKE-007,5,0,135.0,28
2025-11-25,outlet-1,CAKE-008,3,0,60.0,16
2025-11-25,outlet-1,CAKE-009,5,0,120.0,18
2025-11-25,outlet-1,CAKE-010,7,0,126.0,43
2025-11-25,outlet-2,CAKE-001,8,0,224.0,19
2025-11-25,outlet-2,CAKE-002,6,0,144.0,0
2025-11-25,outlet-2,CAKE-003,0,0,0.0,27
2025-11-25,outlet-2,CAKE-004,4,0,88.0,9
2025-11-25,outlet-2,CAKE-005,0,0,0.0,21
2025-11-25,outlet-2,CAKE-006,0,0,0.0,29
2025-11-25,outlet-2,CAKE-007,6,0,162.0,24
2025-11-25,outlet-2,CAKE-008,3,0,60.0,12
2025-11-25,outlet-2,CAKE-009,4,0,96.0,18
2025-11-25,outlet-2,CAKE-010,5,0,90.0,31
2025-11-25,outlet-3,CAKE-001,15,0,420.0,31
2025-11-25,outlet-3,CAKE-002,7,0,168.0,6
2025-11-25,outlet-3,CAKE-003,7,0,224.0,5
2025-11-25,outlet-3,CAKE-004,2,0,44.0,20
2025-11-25,outlet-3,CAKE-005,0,0,0.0,24
2025-11-25,outlet-3,CAKE-006,12,0,360.0,16
2025-11-25,outlet-3,CAKE-007,3,0,81.0,8
2025-11-25,outlet-3,CAKE-008,0,0,0.0,12
2025-11-25,outlet-3,CAKE-009,4,0,96.0,7
2025-11-25,outlet-3,CAKE-010,5,0,90.0,32
2025-11-25,outlet-4,CAKE-001,7,0,196.0,30
2025-11-25,outlet-4,CAKE-002,9,0,216.0,46
2025-11-25,outlet-4,CAKE-003,5,0,160.0,24
2025-11-25,outlet-4,CAKE-004,4,0,88.0,29
2025-11-25,outlet-4,CAKE-005,6,0,156.0,6
2025-11-25,outlet-4,CAKE-006,4,0,120.0,14
2025-11-25,outlet-4,CAKE-007,5,0,135.0,36
2025-11-25,outlet-4,CAKE-008,3,0,60.0,9
2025-11-25,outlet-4,CAKE-009,0,0,0.0,28
2025-11-25,outlet-4,CAKE-010,5,0,90.0,15
2025-11-25,outlet-5,CAKE-001,5,0,140.0,23
2025-11-25,outlet-5,CAKE-002,1,0,24.0,5
2025-11-25,outlet-5,CAKE-003,2,0,64.0,10
2025-11-25,outlet-5,CAKE-004,2,0,44.0,5
2025-11-25,outlet-5,CAKE-005,1,0,26.0,14
2025-11-25,outlet-5,CAKE-006,4,0,120.0,26
2025-11-25,outlet-5,CAKE-007,1,0,27.0,7
2025-11-25,outlet-5,CAKE-008,1,0,20.0,6
2025-11-25,outlet-5,CAKE-009,2,0,48.0,17
2025-11-25,outlet-5,CAKE-010,0,0,0.0,4
2025-11-26,outlet-1,CAKE-001,6,0,168.0,23
2025-11-26,outlet-1,CAKE-002,6,0,144.0,13
2025-11-26,outlet-1,CAKE-003,6,0,192.0,5
2025-11-26,outlet-1,CAKE-004,0,0,0.0,0
2025-11-26,outlet-1,CAKE-005,5,0,130.0,13
2025-11-26,outlet-1,CAKE-006,4,0,120.0,6
2025-11-26,outlet-1,CAKE-007,7,0,189.0,21
2025-11-26,outlet-1,CAKE-008,2,0,40.0,18
2025-11-26,outlet-1,CAKE-009,4,0,96.0,14
2025-11-26,outlet-1,CAKE-010,5,0,90.0,38
2025-11-26,outlet-2,CAKE-001,6,0,168.0,13
2025-11-26,outlet-2,CAKE-002,0,0,0.0,14
2025-11-26,outlet-2,CAKE-003,7,0,224.0,20
2025-11-26,outlet-2,CAKE-004,4,0,88.0,5
2025-11-26,outlet-2,CAKE-005,3,0,78.0,18
2025-11-26,outlet-2,CAKE-006,5,0,150.0,33
2025-11-26,outlet-2,CAKE-007,6,0,162.0,24
2025-11-26,outlet-2,CAKE-008,2,0,40.0,10
2025-11-26,outlet-2,CAKE-009,4,0,96.0,14
2025-11-26,outlet-2,CAKE-010,7,0,126.0,24
2025-11-26,outlet-3,CAKE-001,10,0,280.0,21
2025-11-26,outlet-3,CAKE-002,6,0,144.0,0
2025-11-26,outlet-3,CAKE-003,5,0,160.0,48
2025-11-26,outlet-3,CAKE-004,3,0,66.0,17
2025-11-26,outlet-3,CAKE-005,4,0,104.0,20
2025-11-26,outlet-3,CAKE-006,9,0,270.0,22
2025-11-26,outlet-3,CAKE-007,6,0,162.0,2
2025-11-26,outlet-3,CAKE-008,2,0,40.0,14
2025-11-26,outlet-3,CAKE-009,2,0,48.0,5
2025-11-26,outlet-3,CAKE-010,4,0,72.0,28
2025-11-26,outlet-4,CAKE-001,11,0,308.0,34
2025-11-26,outlet-4,CAKE-002,8,0,192.0,38
2025-11-26,outlet-4,CAKE-003,5,0,160.0,19
2025-11-26,outlet-4,CAKE-004,6,0,132.0,30
2025-11-26,outlet-4,CAKE-005,5,0,130.0,13
2025-11-26,outlet-4,CAKE-006,4,0,120.0,10
2025-11-26,outlet-4,CAKE-007,8,0,216.0,28
2025-11-26,outlet-4,CAKE-008,4,0,80.0,5
2025-11-26,outlet-4,CAKE-009,5,0,120.0,30
2025-11-26,outlet-4,CAKE-010,8,0,144.0,7
2025-11-26,outlet-5,CAKE-001,5,0,140.0,18
2025-11-26,outlet-5,CAKE-002,2,0,48.0,3
2025-11-26,outlet-5,CAKE-003,2,0,64.0,8
2025-11-26,outlet-5,CAKE-004,2,0,44.0,3
2025-11-26,outlet-5,CAKE-005,2,0,52.0,12
2025-11-26,outlet-5,CAKE-006,5,0,150.0,21
2025-11-26,outlet-5,CAKE-007,3,0,81.0,4
2025-11-26,outlet-5,CAKE-008,1,0,20.0,5
2025-11-26,outlet-5,CAKE-009,2,0,48.0,15
2025-11-26,outlet-5,CAKE-010,4,0,72.0,0
2025-11-27,outlet-1,CAKE-001,8,0,224.0,15
2025-11-27,outlet-1,CAKE-002,7,0,168.0,6
2025-11-27,outlet-1,CAKE-003,3,0,96.0,32
2025-11-27,outlet-1,CAKE-004,0,0,0.0,26
2025-11-27,outlet-1,CAKE-005,3,0,78.0,10
2025-11-27,outlet-1,CAKE-006,5,0,150.0,31
2025-11-27,outlet-1,CAKE-007,9,0,243.0,12
2025-11-27,outlet-1,CAKE-008,2,0,40.0,16
2025-11-27,outlet-1,CAKE-009,4,0,96.0,10
2025-11-27,outlet-1,CAKE-010,6,0,108.0,32
2025-11-27,outlet-2,CAKE-001,7,0,196.0,6
2025-11-27,outlet-2,CAKE-002,4,0,96.0,10
2025-11-27,outlet-2,CAKE-003,5,0,160.0,15
2025-11-27,outlet-2,CAKE-004,4,0,88.0,7
2025-11-27,outlet-2,CAKE-005,4,0,104.0,14
2025-11-27,outlet-2,CAKE-006,7,0,210.0,26
2025-11-27,outlet-2,CAKE-007,5,0,135.0,19
2025-11-27,outlet-2,CAKE-008,1,0,20.0,13
2025-11-27,outlet-2,CAKE-009,4,0,96.0,17
2025-11-27,outlet-2,CAKE-010,8,0,144.0,16
2025-11-27,outlet-3,CAKE-001,5,0,140.0,30
2025-11-27,outlet-3,CAKE-002,0,0,0.0,0
2025-11-27,outlet-3,CAKE-003,4,0,128.0,44
2025-11-27,outlet-3,CAKE-004,3,0,66.0,14
2025-11-27,outlet-3,CAKE-005,4,0,104.0,16
2025-11-27,outlet-3,CAKE-006,8,0,240.0,14
2025-11-27,outlet-3,CAKE-007,2,0,54.0,30
2025-11-27,outlet-3,CAKE-008,2,0,40.0,15
2025-11-27,outlet-3,CAKE-009,5,0,120.0,0
2025-11-27,outlet-3,CAKE-010,6,0,108.0,22
2025-11-27,outlet-4,CAKE-001,6,0,168.0,28
2025-11-27,outlet-4,CAKE-002,9,0,216.0,29
2025-11-27,outlet-4,CAKE-003,3,0,96.0,16
2025-11-27,outlet-4,CAKE-004,4,0,88.0,26
2025-11-27,outlet-4,CAKE-005,5,0,130.0,8
2025-11-27,outlet-4,CAKE-006,3,0,90.0,7
2025-11-27,outlet-4,CAKE-007,6,0,162.0,22
2025-11-27,outlet-4,CAKE-008,5,0,100.0,27
2025-11-27,outlet-4,CAKE-009,5,0,120.0,25
2025-11-27,outlet-4,CAKE-010,6,0,108.0,18
2025-11-27,outlet-5,CAKE-001,5,0,140.0,13
2025-11-27,outlet-5,CAKE-002,3,0,72.0,21
2025-11-27,outlet-5,CAKE-003,2,0,64.0,6
2025-11-27,outlet-5,CAKE-004,2,0,44.0,4
2025-11-27,outlet-5,CAKE-005,2,0,52.0,10
2025-11-27,outlet-5,CAKE-006,3,0,90.0,18
2025-11-27,outlet-5,CAKE-007,3,0,81.0,16
2025-11-27,outlet-5,CAKE-008,1,0,20.0,4
2025-11-27,outlet-5,CAKE-009,3,0,72.0,12
2025-11-27,outlet-5,CAKE-010,0,0,0.0,21
2025-11-28,outlet-1,CAKE-001,13,0,364.0,59
2025-11-28,outlet-1,CAKE-002,6,0,144.0,0
2025-11-28,outlet-1,CAKE-003,6,0,192.0,34
2025-11-28,outlet-1,CAKE-004,4,0,88.0,22
2025-11-28,outlet-1,CAKE-005,5,0,130.0,5
2025-11-28,outlet-1,CAKE-006,11,0,330.0,20
2025-11-28,outlet-1,CAKE-007,8,0,216.0,4
2025-11-28,outlet-1,CAKE-008,4,0,80.0,16
2025-11-28,outlet-1,CAKE-009,6,0,144.0,4
2025-11-28,outlet-1,CAKE-010,9,0,162.0,34
2025-11-28,outlet-2,CAKE-001,6,0,168.0,48
2025-11-28,outlet-2,CAKE-002,10,0,240.0,42
2025-11-28,outlet-2,CAKE-003,7,0,224.0,8
2025-11-28,outlet-2,CAKE-004,5,0,110.0,2
2025-11-28,outlet-2,CAKE-005,5,0,130.0,9
2025-11-28,outlet-2,CAKE-006,8,0,240.0,18
2025-11-28,outlet-2,CAKE-007,10,0,270.0,9
2025-11-28,outlet-2,CAKE-008,3,0,60.0,14
2025-11-28,outlet-2,CAKE-009,2,0,48.0,22
2025-11-28,outlet-2,CAKE-010,7,0,126.0,9
2025-11-28,outlet-3,CAKE-001,13,0,364.0,17
2025-11-28,outlet-3,CAKE-002,0,0,0.0,0
2025-11-28,outlet-3,CAKE-003,11,0,352.0,44
2025-11-28,outlet-3,CAKE-004,4,0,88.0,10
2025-11-28,outlet-3,CAKE-005,6,0,156.0,10
2025-11-28,outlet-3,CAKE-006,12,0,360.0,47
2025-11-28,outlet-3,CAKE-007,2,0,54.0,28
2025-11-28,outlet-3,CAKE-008,3,0,60.0,12
2025-11-28,outlet-3,CAKE-009,0,0,0.0,0
2025-11-28,outlet-3,CAKE-010,6,0,108.0,16
2025-11-28,outlet-4,CAKE-001,14,0,392.0,14
2025-11-28,outlet-4,CAKE-002,11,0,264.0,18
2025-11-28,outlet-4,CAKE-003,5,0,160.0,11
2025-11-28,outlet-4,CAKE-004,6,0,132.0,20
2025-11-28,outlet-4,CAKE-005,8,0,208.0,33
2025-11-28,outlet-4,CAKE-006,5,0,150.0,2
2025-11-28,outlet-4,CAKE-007,12,0,324.0,10
2025-11-28,outlet-4,CAKE-008,6,0,120.0,21
2025-11-28,outlet-4,CAKE-009,5,0,120.0,20
2025-11-28,outlet-4,CAKE-010,7,0,126.0,11
2025-11-28,outlet-5,CAKE-001,8,0,224.0,5
2025-11-28,outlet-5,CAKE-002,4,0,96.0,17
2025-11-28,outlet-5,CAKE-003,3,0,96.0,3
2025-11-28,outlet-5,CAKE-004,3,0,66.0,1
2025-11-28,outlet-5,CAKE-005,2,0,52.0,8
2025-11-28,outlet-5,CAKE-006,6,0,180.0,12
2025-11-28,outlet-5,CAKE-007,4,0,108.0,12
2025-11-28,outlet-5,CAKE-008,1,0,20.0,3
2025-11-28,outlet-5,CAKE-009,4,0,96.0,8
2025-11-28,outlet-5,CAKE-010,5,0,90.0,16
2025-11-29,outlet-1,CAKE-001,10,0,280.0,49
2025-11-29,outlet-1,CAKE-002,0,0,0.0,46
2025-11-29,outlet-1,CAKE-003,8,0,256.0,26
2025-11-29,outlet-1,CAKE-004,5,0,110.0,17
2025-11-29,outlet-1,CAKE-005,5,0,130.0,9
2025-11-29,outlet-1,CAKE-006,8,0,240.0,30
2025-11-29,outlet-1,CAKE-007,4,0,108.0,33
2025-11-29,outlet-1,CAKE-008,4,0,80.0,12
2025-11-29,outlet-1,CAKE-009,4,0,96.0,0
2025-11-29,outlet-1,CAKE-010,8,0,144.0,26
2025-11-29,outlet-2,CAKE-001,9,0,252.0,39
2025-11-29,outlet-2,CAKE-002,10,0,240.0,32
2025-11-29,outlet-2,CAKE-003,6,0,192.0,29
2025-11-29,outlet-2,CAKE-004,2,0,44.0,24
2025-11-29,outlet-2,CAKE-005,7,0,182.0,9
2025-11-29,outlet-2,CAKE-006,4,0,120.0,14
2025-11-29,outlet-2,CAKE-007,6,0,162.0,9
2025-11-29,outlet-2,CAKE-008,3,0,60.0,11
2025-11-29,outlet-2,CAKE-009,6,0,144.0,24
2025-11-29,outlet-2,CAKE-010,9,0,162.0,0
2025-11-29,outlet-3,CAKE-001,16,0,448.0,68
2025-11-29,outlet-3,CAKE-002,0,0,0.0,0
2025-11-29,outlet-3,CAKE-003,15,0,480.0,29
2025-11-29,outlet-3,CAKE-004,4,0,88.0,6
2025-11-29,outlet-3,CAKE-005,6,0,156.0,4
2025-11-29,outlet-3,CAKE-006,9,0,270.0,38
2025-11-29,outlet-3,CAKE-007,7,1,189.0,30
2025-11-29,outlet-3,CAKE-008,2,0,40.0,10
2025-11-29,outlet-3,CAKE-009,0,0,0.0,21
2025-11-29,outlet-3,CAKE-010,6,0,108.0,10
2025-11-29,outlet-4,CAKE-001,12,0,336.0,45
2025-11-29,outlet-4,CAKE-002,18,0,432.0,0
2025-11-29,outlet-4,CAKE-003,8,0,256.0,3
2025-11-29,outlet-4,CAKE-004,4,0,88.0,16
2025-11-29,outlet-4,CAKE-005,8,0,208.0,25
2025-11-29,outlet-4,CAKE-006,2,0,60.0,0
2025-11-29,outlet-4,CAKE-007,9,1,243.0,2
2025-11-29,outlet-4,CAKE-008,5,0,100.0,16
2025-11-29,outlet-4,CAKE-009,8,0,192.0,20
2025-11-29,outlet-4,CAKE-010,6,0,108.0,5
2025-11-29,outlet-5,CAKE-001,5,0,140.0,28
2025-11-29,outlet-5,CAKE-002,4,0,96.0,17
2025-11-29,outlet-5,CAKE-003,3,0,96.0,0
2025-11-29,outlet-5,CAKE-004,1,0,22.0,0
2025-11-29,outlet-5,CAKE-005,3,0,78.0,5
2025-11-29,outlet-5,CAKE-006,6,0,180.0,6
2025-11-29,outlet-5,CAKE-007,5,0,135.0,7
2025-11-29,outlet-5,CAKE-008,1,0,20.0,2
2025-11-29,outlet-5,CAKE-009,4,0,96.0,4
2025-11-29,outlet-5,CAKE-010,2,0,36.0,14
2025-11-30,outlet-1,CAKE-001,10,0,280.0,59
2025-11-30,outlet-1,CAKE-002,12,0,288.0,34
2025-11-30,outlet-1,CAKE-003,6,0,192.0,20
2025-11-30,outlet-1,CAKE-004,7,0,154.0,10
2025-11-30,outlet-1,CAKE-005,5,0,130.0,4
2025-11-30,outlet-1,CAKE-006,3,0,90.0,27
2025-11-30,outlet-1,CAKE-007,7,1,189.0,27
2025-11-30,outlet-1,CAKE-008,3,0,60.0,9
2025-11-30,outlet-1,CAKE-009,0,0,0.0,0
2025-11-30,outlet-1,CAKE-010,10,0,180.0,16
2025-11-30,outlet-2,CAKE-001,13,1,364.0,27
2025-11-30,outlet-2,CAKE-002,5,0,120.0,42
2025-11-30,outlet-2,CAKE-003,5,0,160.0,32
2025-11-30,outlet-2,CAKE-004,5,0,110.0,19
2025-11-30,outlet-2,CAKE-005,3,0,78.0,13
2025-11-30,outlet-2,CAKE-006,6,0,180.0,8
2025-11-30,outlet-2,CAKE-007,7,1,189.0,3
2025-11-30,outlet-2,CAKE-008,3,0,60.0,8
2025-11-30,outlet-2,CAKE-009,6,0,144.0,18
2025-11-30,outlet-2,CAKE-010,0,0,0.0,39
2025-11-30,outlet-3,CAKE-001,12,0,336.0,56
2025-11-30,outlet-3,CAKE-002,0,0,0.0,46
2025-11-30,outlet-3,CAKE-003,14,0,448.0,15
2025-11-30,outlet-3,CAKE-004,4,0,88.0,2
2025-11-30,outlet-3,CAKE-005,4,0,104.0,5
2025-11-30,outlet-3,CAKE-006,5,0,150.0,33
2025-11-30,outlet-3,CAKE-007,10,1,270.0,21
2025-11-30,outlet-3,CAKE-008,3,0,60.0,7
2025-11-30,outlet-3,CAKE-009,4,0,96.0,17
2025-11-30,outlet-3,CAKE-010,8,0,144.0,34
2025-11-30,outlet-4,CAKE-001,12,1,336.0,46
2025-11-30,outlet-4,CAKE-002,0,0,0.0,18
2025-11-30,outlet-4,CAKE-003,3,0,96.0,24
2025-11-30,outlet-4,CAKE-004,7,0,154.0,9
2025-11-30,outlet-4,CAKE-005,8,0,208.0,17
2025-11-30,outlet-4,CAKE-006,0,0,0.0,0
2025-11-30,outlet-4,CAKE-007,2,0,54.0,36
2025-11-30,outlet-4,CAKE-008,6,0,120.0,20
2025-11-30,outlet-4,CAKE-009,7,0,168.0,13
2025-11-30,outlet-4,CAKE-010,5,0,90.0,0
2025-11-30,outlet-5,CAKE-001,5,0,140.0,23
2025-11-30,outlet-5,CAKE-002,4,0,96.0,17
2025-11-30,outlet-5,CAKE-003,0,0,0.0,0
2025-11-30,outlet-5,CAKE-004,0,0,0.0,14
2025-11-30,outlet-5,CAKE-005,2,0,52.0,3
2025-11-30,outlet-5,CAKE-006,6,0,180.0,0
2025-11-30,outlet-5,CAKE-007,5,0,135.0,2
2025-11-30,outlet-5,CAKE-008,2,0,40.0,2
2025-11-30,outlet-5,CAKE-009,4,0,96.0,16
2025-11-30,outlet-5,CAKE-010,7,0,126.0,7
2025-12-01,outlet-1,CAKE-001,11,0,308.0,48
2025-12-01,outlet-1,CAKE-002,10,0,240.0,24
2025-12-01,outlet-1,CAKE-003,4,0,128.0,16
2025-12-01,outlet-1,CAKE-004,2,0,44.0,8
2025-12-01,outlet-1,CAKE-005,4,0,104.0,24
2025-12-01,outlet-1,CAKE-006,7,0,210.0,20
2025-12-01,outlet-1,CAKE-007,1,0,27.0,26
2025-12-01,outlet-1,CAKE-008,3,0,60.0,6
2025-12-01,outlet-1,CAKE-009,0,0,0.0,0
2025-12-01,outlet-1,CAKE-010,5,0,90.0,11
2025-12-01,outlet-2,CAKE-001,6,0,168.0,21
2025-12-01,outlet-2,CAKE-002,6,0,144.0,50
2025-12-01,outlet-2,CAKE-003,5,0,160.0,27
2025-12-01,outlet-2,CAKE-004,4,0,88.0,15
2025-12-01,outlet-2,CAKE-005,3,0,78.0,10
2025-12-01,outlet-2,CAKE-006,4,0,120.0,4
2025-12-01,outlet-2,CAKE-007,3,0,81.0,30
2025-12-01,outlet-2,CAKE-008,2,0,40.0,6
2025-12-01,outlet-2,CAKE-009,5,0,120.0,20
2025-12-01,outlet-2,CAKE-010,6,0,108.0,33
2025-12-01,outlet-3,CAKE-001,12,0,336.0,57
2025-12-01,outlet-3,CAKE-002,9,0,216.0,37
2025-12-01,outlet-3,CAKE-003,4,0,128.0,24
2025-12-01,outlet-3,CAKE-004,2,0,44.0,0
2025-12-01,outlet-3,CAKE-005,5,0,130.0,24
2025-12-01,outlet-3,CAKE-006,8,0,240.0,25
2025-12-01,outlet-3,CAKE-007,7,0,189.0,14
2025-12-01,outlet-3,CAKE-008,3,0,60.0,4
2025-12-01,outlet-3,CAKE-009,3,0,72.0,14
2025-12-01,outlet-3,CAKE-010,4,0,72.0,30
2025-12-01,outlet-4,CAKE-001,4,0,112.0,42
2025-12-01,outlet-4,CAKE-002,9,0,216.0,9
2025-12-01,outlet-4,CAKE-003,4,0,128.0,32
2025-12-01,outlet-4,CAKE-004,6,0,132.0,3
2025-12-01,outlet-4,CAKE-005,6,0,156.0,11
2025-12-01,outlet-4,CAKE-006,0,0,0.0,0
2025-12-01,outlet-4,CAKE-007,6,0,162.0,37
2025-12-01,outlet-4,CAKE-008,4,0,80.0,16
2025-12-01,outlet-4,CAKE-009,4,0,96.0,9
2025-12-01,outlet-4,CAKE-010,0,0,0.0,0
2025-12-01,outlet-5,CAKE-001,4,0,112.0,19
2025-12-01,outlet-5,CAKE-002,5,0,120.0,12
2025-12-01,outlet-5,CAKE-003,0,0,0.0,4
2025-12-01,outlet-5,CAKE-004,2,0,44.0,12
2025-12-01,outlet-5,CAKE-005,3,0,78.0,12
2025-12-01,outlet-5,CAKE-006,0,0,0.0,13
2025-12-01,outlet-5,CAKE-007,2,0,54.0,0
2025-12-01,outlet-5,CAKE-008,1,0,20.0,1
2025-12-01,outlet-5,CAKE-009,3,0,72.0,13
2025-12-01,outlet-5,CAKE-010,5,0,90.0,2
2025-12-02,outlet-1,CAKE-001,9,0,252.0,39
2025-12-02,outlet-1,CAKE-002,11,0,264.0,13
2025-12-02,outlet-1,CAKE-003,5,0,160.0,11
2025-12-02,outlet-1,CAKE-004,4,0,88.0,4
2025-12-02,outlet-1,CAKE-005,3,0,78.0,29
2025-12-02,outlet-1,CAKE-006,3,0,90.0,17
2025-12-02,outlet-1,CAKE-007,4,0,108.0,32
2025-12-02,outlet-1,CAKE-008,3,0,60.0,8
2025-12-02,outlet-1,CAKE-009,0,0,0.0,24
2025-12-02,outlet-1,CAKE-010,9,0,162.0,2
2025-12-02,outlet-2,CAKE-001,6,0,168.0,15
2025-12-02,outlet-2,CAKE-002,9,0,216.0,53
2025-12-02,outlet-2,CAKE-003,7,0,224.0,20
2025-12-02,outlet-2,CAKE-004,3,0,66.0,12
2025-12-02,outlet-2,CAKE-005,4,0,104.0,6
2025-12-02,outlet-2,CAKE-006,4,0,120.0,0
2025-12-02,outlet-2,CAKE-007,6,1,162.0,25
2025-12-02,outlet-2,CAKE-008,3,0,60.0,3
2025-12-02,outlet-2,CAKE-009,4,0,96.0,16
2025-12-02,outlet-2,CAKE-010,7,0,126.0,26
2025-12-02,outlet-3,CAKE-001,9,0,252.0,64
2025-12-02,outlet-3,CAKE-002,9,0,216.0,28
2025-12-02,outlet-3,CAKE-003,6,0,192.0,18
2025-12-02,outlet-3,CAKE-004,0,0,0.0,4
2025-12-02,outlet-3,CAKE-005,5,0,130.0,24
2025-12-02,outlet-3,CAKE-006,8,0,240.0,17
2025-12-02,outlet-3,CAKE-007,6,0,162.0,8
2025-12-02,outlet-3,CAKE-008,2,0,40.0,2
2025-12-02,outlet-3,CAKE-009,3,0,72.0,11
2025-12-02,outlet-3,CAKE-010,5,0,90.0,25
2025-12-02,outlet-4,CAKE-001,9,0,252.0,33
2025-12-02,outlet-4,CAKE-002,9,0,216.0,0
2025-12-02,outlet-4,CAKE-003,3,0,96.0,29
2025-12-02,outlet-4,CAKE-004,3,0,66.0,28
2025-12-02,outlet-4,CAKE-005,6,0,156.0,5
2025-12-02,outlet-4,CAKE-006,0,0,0.0,0
2025-12-02,outlet-4,CAKE-007,5,0,135.0,32
2025-12-02,outlet-4,CAKE-008,5,0,100.0,11
2025-12-02,outlet-4,CAKE-009,3,0,72.0,6
2025-12-02,outlet-4,CAKE-010,0,0,0.0,0
2025-12-02,outlet-5,CAKE-001,5,0,140.0,14
2025-12-02,outlet-5,CAKE-002,4,0,96.0,13
2025-12-02,outlet-5,CAKE-003,2,0,64.0,2
2025-12-02,outlet-5,CAKE-004,3,0,66.0,9
2025-12-02,outlet-5,CAKE-005,2,0,52.0,10
2025-12-02,outlet-5,CAKE-006,4,0,120.0,9
2025-12-02,outlet-5,CAKE-007,0,0,0.0,0
2025-12-02,outlet-5,CAKE-008,1,0,20.0,7
2025-12-02,outlet-5,CAKE-009,3,0,72.0,10
2025-12-02,outlet-5,CAKE-010,2,0,36.0,21
2025-12-03,outlet-1,CAKE-001,13,0,364.0,47
2025-12-03,outlet-1,CAKE-002,7,0,168.0,6
2025-12-03,outlet-1,CAKE-003,5,0,160.0,6
2025-12-03,outlet-1,CAKE-004,3,0,66.0,6
2025-12-03,outlet-1,CAKE-005,4,0,104.0,25
2025-12-03,outlet-1,CAKE-006,5,0,150.0,12
2025-12-03,outlet-1,CAKE-007,5,0,135.0,27
2025-12-03,outlet-1,CAKE-008,3,0,60.0,5
2025-12-03,outlet-1,CAKE-009,4,0,96.0,20
2025-12-03,outlet-1,CAKE-010,2,0,36.0,10
2025-12-03,outlet-2,CAKE-001,5,0,140.0,23
2025-12-03,outlet-2,CAKE-002,6,0,144.0,47
2025-12-03,outlet-2,CAKE-003,4,0,128.0,16
2025-12-03,outlet-2,CAKE-004,5,0,110.0,7
2025-12-03,outlet-2,CAKE-005,3,0,78.0,3
2025-12-03,outlet-2,CAKE-006,0,0,0.0,9
2025-12-03,outlet-2,CAKE-007,3,0,81.0,22
2025-12-03,outlet-2,CAKE-008,3,0,60.0,16
2025-12-03,outlet-2,CAKE-009,4,0,96.0,12
2025-12-03,outlet-2,CAKE-010,6,0,108.0,20
2025-12-03,outlet-3,CAKE-001,15,0,420.0,49
2025-12-03,outlet-3,CAKE-002,9,0,216.0,19
2025-12-03,outlet-3,CAKE-003,7,0,224.0,11
2025-12-03,outlet-3,CAKE-004,4,0,88.0,0
2025-12-03,outlet-3,CAKE-005,2,0,52.0,22
2025-12-03,outlet-3,CAKE-006,8,0,240.0,9
2025-12-03,outlet-3,CAKE-007,2,0,54.0,6
2025-12-03,outlet-3,CAKE-008,2,0,40.0,0
2025-12-03,outlet-3,CAKE-009,3,0,72.0,18
2025-12-03,outlet-3,CAKE-010,7,0,126.0,18
2025-12-03,outlet-4,CAKE-001,4,0,112.0,29
2025-12-03,outlet-4,CAKE-002,0,0,0.0,54
2025-12-03,outlet-4,CAKE-003,4,0,128.0,37
2025-12-03,outlet-4,CAKE-004,5,0,110.0,29
2025-12-03,outlet-4,CAKE-005,5,0,130.0,12
2025-12-03,outlet-4,CAKE-006,0,0,0.0,21
2025-12-03,outlet-4,CAKE-007,7,0,189.0,25
2025-12-03,outlet-4,CAKE-008,4,0,80.0,7
2025-12-03,outlet-4,CAKE-009,6,0,144.0,28
2025-12-03,outlet-4,CAKE-010,0,0,0.0,46
2025-12-03,outlet-5,CAKE-001,6,0,168.0,8
2025-12-03,outlet-5,CAKE-002,4,0,96.0,9
2025-12-03,outlet-5,CAKE-003,1,0,32.0,1
2025-12-03,outlet-5,CAKE-004,2,0,44.0,7
2025-12-03,outlet-5,CAKE-005,1,0,26.0,9
2025-12-03,outlet-5,CAKE-006,8,0,240.0,1
2025-12-03,outlet-5,CAKE-007,0,0,0.0,6
2025-12-03,outlet-5,CAKE-008,1,0,20.0,6
2025-12-03,outlet-5,CAKE-009,3,0,72.0,7
2025-12-03,outlet-5,CAKE-010,4,0,72.0,17
2025-12-04,outlet-1,CAKE-001,4,0,112.0,43
2025-12-04,outlet-1,CAKE-002,6,0,144.0,0
2025-12-04,outlet-1,CAKE-003,6,0,192.0,0
2025-12-04,outlet-1,CAKE-004,5,0,110.0,1
2025-12-04,outlet-1,CAKE-005,3,0,78.0,22
2025-12-04,outlet-1,CAKE-006,4,0,120.0,8
2025-12-04,outlet-1,CAKE-007,7,1,189.0,21
2025-12-04,outlet-1,CAKE-008,2,0,40.0,3
2025-12-04,outlet-1,CAKE-009,4,0,96.0,16
2025-12-04,outlet-1,CAKE-010,6,0,108.0,4
2025-12-04,outlet-2,CAKE-001,6,0,168.0,17
2025-12-04,outlet-2,CAKE-002,6,0,144.0,41
2025-12-04,outlet-2,CAKE-003,6,0,192.0,18
2025-12-04,outlet-2,CAKE-004,3,0,66.0,4
2025-12-04,outlet-2,CAKE-005,3,0,78.0,21
2025-12-04,outlet-2,CAKE-006,6,0,180.0,12
2025-12-04,outlet-2,CAKE-007,2,0,54.0,20
2025-12-04,outlet-2,CAKE-008,3,0,60.0,13
2025-12-04,outlet-2,CAKE-009,4,0,96.0,8
2025-12-04,outlet-2,CAKE-010,7,0,126.0,13
2025-12-04,outlet-3,CAKE-001,4,0,112.0,45
2025-12-04,outlet-3,CAKE-002,8,0,192.0,11
2025-12-04,outlet-3,CAKE-003,11,0,352.0,48
2025-12-04,outlet-3,CAKE-004,0,0,0.0,0
2025-12-04,outlet-3,CAKE-005,4,0,104.0,18
2025-12-04,outlet-3,CAKE-006,5,0,150.0,4
2025-12-04,outlet-3,CAKE-007,4,0,108.0,2
2025-12-04,outlet-3,CAKE-008,0,0,0.0,12
2025-12-04,outlet-3,CAKE-009,3,0,72.0,15
2025-12-04,outlet-3,CAKE-010,4,0,72.0,14
2025-12-04,outlet-4,CAKE-001,9,0,252.0,20
2025-12-04,outlet-4,CAKE-002,9,0,216.0,45
2025-12-04,outlet-4,CAKE-003,4,0,128.0,33
2025-12-04,outlet-4,CAKE-004,4,0,88.0,32
2025-12-04,outlet-4,CAKE-005,6,0,156.0,6
2025-12-04,outlet-4,CAKE-006,5,0,150.0,16
2025-12-04,outlet-4,CAKE-007,5,0,135.0,28
2025-12-04,outlet-4,CAKE-008,4,0,80.0,3
2025-12-04,outlet-4,CAKE-009,2,0,48.0,26
2025-12-04,outlet-4,CAKE-010,9,0,162.0,37
2025-12-04,outlet-5,CAKE-001,5,0,140.0,3
2025-12-04,outlet-5,CAKE-002,3,0,72.0,6
2025-12-04,outlet-5,CAKE-003,1,0,32.0,12
2025-12-04,outlet-5,CAKE-004,2,0,44.0,5
2025-12-04,outlet-5,CAKE-005,3,0,78.0,6
2025-12-04,outlet-5,CAKE-006,1,0,30.0,11
2025-12-04,outlet-5,CAKE-007,4,0,108.0,2
2025-12-04,outlet-5,CAKE-008,2,0,40.0,4
2025-12-04,outlet-5,CAKE-009,3,0,72.0,4
2025-12-04,outlet-5,CAKE-010,4,0,72.0,13
2025-12-05,outlet-1,CAKE-001,6,0,168.0,57
2025-12-05,outlet-1,CAKE-002,0,0,0.0,46
2025-12-05,outlet-1,CAKE-003,0,0,0.0,0
2025-12-05,outlet-1,CAKE-004,1,0,22.0,7
2025-12-05,outlet-1,CAKE-005,3,0,78.0,19
2025-12-05,outlet-1,CAKE-006,7,0,210.0,1
2025-12-05,outlet-1,CAKE-007,6,0,162.0,15
2025-12-05,outlet-1,CAKE-008,3,0,60.0,0
2025-12-05,outlet-1,CAKE-009,6,0,144.0,10
2025-12-05,outlet-1,CAKE-010,4,0,72.0,12
2025-12-05,outlet-2,CAKE-001,9,0,252.0,23
2025-12-05,outlet-2,CAKE-002,9,0,216.0,32
2025-12-05,outlet-2,CAKE-003,3,0,96.0,15
2025-12-05,outlet-2,CAKE-004,4,0,88.0,24
2025-12-05,outlet-2,CAKE-005,4,0,104.0,17
2025-12-05,outlet-2,CAKE-006,7,0,210.0,5
2025-12-05,outlet-2,CAKE-007,7,0,189.0,13
2025-12-05,outlet-2,CAKE-008,3,0,60.0,10
2025-12-05,outlet-2,CAKE-009,3,0,72.0,5
2025-12-05,outlet-2,CAKE-010,9,0,162.0,4
2025-12-05,outlet-3,CAKE-001,19,1,532.0,27
2025-12-05,outlet-3,CAKE-002,10,0,240.0,47
2025-12-05,outlet-3,CAKE-003,8,0,256.0,40
2025-12-05,outlet-3,CAKE-004,0,0,0.0,19
2025-12-05,outlet-3,CAKE-005,6,0,156.0,12
2025-12-05,outlet-3,CAKE-006,4,0,120.0,12
2025-12-05,outlet-3,CAKE-007,2,0,54.0,0
2025-12-05,outlet-3,CAKE-008,2,0,40.0,10
2025-12-05,outlet-3,CAKE-009,4,0,96.0,11
2025-12-05,outlet-3,CAKE-010,7,0,126.0,7
2025-12-05,outlet-4,CAKE-001,10,0,280.0,10
2025-12-05,outlet-4,CAKE-002,8,0,192.0,37
2025-12-05,outlet-4,CAKE-003,5,0,160.0,28
2025-12-05,outlet-4,CAKE-004,7,0,154.0,25
2025-12-05,outlet-4,CAKE-005,5,0,130.0,1
2025-12-05,outlet-4,CAKE-006,4,0,120.0,18
2025-12-05,outlet-4,CAKE-007,11,1,297.0,18
2025-12-05,outlet-4,CAKE-008,3,0,60.0,27
2025-12-05,outlet-4,CAKE-009,4,0,96.0,22
2025-12-05,outlet-4,CAKE-010,9,0,162.0,28
2025-12-05,outlet-5,CAKE-001,3,0,84.0,0
2025-12-05,outlet-5,CAKE-002,3,0,72.0,3
2025-12-05,outlet-5,CAKE-003,3,0,96.0,9
2025-12-05,outlet-5,CAKE-004,2,0,44.0,3
2025-12-05,outlet-5,CAKE-005,3,0,78.0,7
2025-12-05,outlet-5,CAKE-006,6,0,180.0,5
2025-12-05,outlet-5,CAKE-007,2,0,54.0,6
2025-12-05,outlet-5,CAKE-008,2,0,40.0,2
2025-12-05,outlet-5,CAKE-009,3,0,72.0,17
2025-12-05,outlet-5,CAKE-010,4,0,72.0,14
2025-12-06,outlet-1,CAKE-001,16,0,448.0,41
2025-12-06,outlet-1,CAKE-002,12,0,288.0,34
2025-12-06,outlet-1,CAKE-003,0,0,0.0,8
2025-12-06,outlet-1,CAKE-004,5,0,110.0,2
2025-12-06,outlet-1,CAKE-005,6,0,156.0,13
2025-12-06,outlet-1,CAKE-006,1,0,30.0,30
2025-12-06,outlet-1,CAKE-007,13,1,351.0,3
2025-12-06,outlet-1,CAKE-008,0,0,0.0,18
2025-12-06,outlet-1,CAKE-009,6,0,144.0,4
2025-12-06,outlet-1,CAKE-010,12,0,216.0,12
2025-12-06,outlet-2,CAKE-001,10,0,280.0,29
2025-12-06,outlet-2,CAKE-002,7,0,168.0,25
2025-12-06,outlet-2,CAKE-003,8,0,256.0,7
2025-12-06,outlet-2,CAKE-004,4,0,88.0,20
2025-12-06,outlet-2,CAKE-005,6,0,156.0,11
2025-12-06,outlet-2,CAKE-006,5,0,150.0,24
2025-12-06,outlet-2,CAKE-007,4,0,108.0,9
2025-12-06,outlet-2,CAKE-008,3,0,60.0,7
2025-12-06,outlet-2,CAKE-009,4,0,96.0,22
2025-12-06,outlet-2,CAKE-010,4,0,72.0,39
2025-12-06,outlet-3,CAKE-001,15,0,420.0,12
2025-12-06,outlet-3,CAKE-002,9,0,216.0,50
2025-12-06,outlet-3,CAKE-003,10,0,320.0,44
2025-12-06,outlet-3,CAKE-004,5,0,110.0,14
2025-12-06,outlet-3,CAKE-005,7,0,182.0,5
2025-12-06,outlet-3,CAKE-006,8,0,240.0,4
2025-12-06,outlet-3,CAKE-007,0,0,0.0,30
2025-12-06,outlet-3,CAKE-008,2,0,40.0,8
2025-12-06,outlet-3,CAKE-009,5,0,120.0,17
2025-12-06,outlet-3,CAKE-010,7,0,126.0,32
2025-12-06,outlet-4,CAKE-001,7,0,196.0,46
2025-12-06,outlet-4,CAKE-002,13,1,312.0,25
2025-12-06,outlet-4,CAKE-003,6,0,192.0,22
2025-12-06,outlet-4,CAKE-004,7,0,154.0,18
2025-12-06,outlet-4,CAKE-005,1,0,26.0,33
2025-12-06,outlet-4,CAKE-006,5,0,150.0,13
2025-12-06,outlet-4,CAKE-007,10,0,270.0,8
2025-12-06,outlet-4,CAKE-008,6,0,120.0,21
2025-12-06,outlet-4,CAKE-009,7,0,168.0,23
2025-12-06,outlet-4,CAKE-010,8,0,144.0,33
2025-12-06,outlet-5,CAKE-001,0,0,0.0,28
2025-12-06,outlet-5,CAKE-002,3,0,72.0,21
2025-12-06,outlet-5,CAKE-003,2,0,64.0,11
2025-12-06,outlet-5,CAKE-004,2,0,44.0,1
2025-12-06,outlet-5,CAKE-005,2,0,52.0,5
2025-12-06,outlet-5,CAKE-006,5,0,150.0,30
2025-12-06,outlet-5,CAKE-007,3,0,81.0,3
2025-12-06,outlet-5,CAKE-008,1,0,20.0,1
2025-12-06,outlet-5,CAKE-009,4,0,96.0,13
2025-12-06,outlet-5,CAKE-010,7,0,126.0,7
2025-12-07,outlet-1,CAKE-001,16,0,448.0,25
2025-12-07,outlet-1,CAKE-002,9,0,216.0,25
2025-12-07,outlet-1,CAKE-003,6,0,192.0,32
2025-12-07,outlet-1,CAKE-004,2,0,44.0,6
2025-12-07,outlet-1,CAKE-005,5,0,130.0,8
2025-12-07,outlet-1,CAKE-006,6,0,180.0,24
2025-12-07,outlet-1,CAKE-007,3,0,81.0,11
2025-12-07,outlet-1,CAKE-008,3,0,60.0,19
2025-12-07,outlet-1,CAKE-009,4,0,96.0,24
2025-12-07,outlet-1,CAKE-010,12,0,216.0,0
2025-12-07,outlet-2,CAKE-001,13,1,364.0,32
2025-12-07,outlet-2,CAKE-002,10,0,240.0,15
2025-12-07,outlet-2,CAKE-003,7,0,224.0,0
2025-12-07,outlet-2,CAKE-004,4,0,88.0,21
2025-12-07,outlet-2,CAKE-005,7,0,182.0,4
2025-12-07,outlet-2,CAKE-006,6,0,180.0,18
2025-12-07,outlet-2,CAKE-007,9,0,243.0,0
2025-12-07,outlet-2,CAKE-008,3,0,60.0,4
2025-12-07,outlet-2,CAKE-009,5,0,120.0,17
2025-12-07,outlet-2,CAKE-010,6,0,108.0,33
2025-12-07,outlet-3,CAKE-001,10,0,280.0,2
2025-12-07,outlet-3,CAKE-002,9,0,216.0,53
2025-12-07,outlet-3,CAKE-003,13,1,416.0,32
2025-12-07,outlet-3,CAKE-004,4,0,88.0,10
2025-12-07,outlet-3,CAKE-005,5,0,130.0,24
2025-12-07,outlet-3,CAKE-006,4,0,120.0,45
2025-12-07,outlet-3,CAKE-007,7,1,189.0,24
2025-12-07,outlet-3,CAKE-008,3,0,60.0,9
2025-12-07,outlet-3,CAKE-009,5,0,120.0,12
2025-12-07,outlet-3,CAKE-010,7,0,126.0,25
2025-12-07,outlet-4,CAKE-001,13,1,364.0,46
2025-12-07,outlet-4,CAKE-002,9,0,216.0,16
2025-12-07,outlet-4,CAKE-003,3,0,96.0,19
2025-12-07,outlet-4,CAKE-004,5,0,110.0,13
2025-12-07,outlet-4,CAKE-005,9,0,234.0,24
2025-12-07,outlet-4,CAKE-006,3,0,90.0,10
2025-12-07,outlet-4,CAKE-007,8,0,216.0,36
2025-12-07,outlet-4,CAKE-008,6,0,120.0,24
2025-12-07,outlet-4,CAKE-009,6,0,144.0,17
2025-12-07,outlet-4,CAKE-010,11,0,198.0,22
2025-12-07,outlet-5,CAKE-001,8,0,224.0,20
2025-12-07,outlet-5,CAKE-002,6,0,144.0,15
2025-12-07,outlet-5,CAKE-003,2,0,64.0,13
2025-12-07,outlet-5,CAKE-004,1,0,22.0,0
2025-12-07,outlet-5,CAKE-005,3,0,78.0,2
2025-12-07,outlet-5,CAKE-006,3,0,90.0,27
2025-12-07,outlet-5,CAKE-007,3,0,81.0,15
2025-12-07,outlet-5,CAKE-008,1,0,20.0,0
2025-12-07,outlet-5,CAKE-009,3,0,72.0,10
2025-12-07,outlet-5,CAKE-010,4,0,72.0,3
2025-12-08,outlet-1,CAKE-001,10,0,280.0,15
2025-12-08,outlet-1,CAKE-002,10,0,240.0,15
2025-12-08,outlet-1,CAKE-003,5,0,160.0,27
2025-12-08,outlet-1,CAKE-004,3,0,66.0,9
2025-12-08,outlet-1,CAKE-005,5,0,130.0,3
2025-12-08,outlet-1,CAKE-006,5,0,150.0,19
2025-12-08,outlet-1,CAKE-007,5,0,135.0,6
2025-12-08,outlet-1,CAKE-008,3,0,60.0,16
2025-12-08,outlet-1,CAKE-009,5,0,120.0,19
2025-12-08,outlet-1,CAKE-010,0,0,0.0,0
2025-12-08,outlet-2,CAKE-001,8,0,224.0,24
2025-12-08,outlet-2,CAKE-002,7,0,168.0,21
2025-12-08,outlet-2,CAKE-003,0,0,0.0,27
2025-12-08,outlet-2,CAKE-004,3,0,66.0,18
2025-12-08,outlet-2,CAKE-005,4,0,104.0,21
2025-12-08,outlet-2,CAKE-006,3,0,90.0,15
2025-12-08,outlet-2,CAKE-007,0,0,0.0,0
2025-12-08,outlet-2,CAKE-008,3,0,60.0,17
2025-12-08,outlet-2,CAKE-009,4,0,96.0,13
2025-12-08,outlet-2,CAKE-010,7,0,126.0,26
2025-12-08,outlet-3,CAKE-001,2,0,56.0,67
2025-12-08,outlet-3,CAKE-002,8,0,192.0,59
2025-12-08,outlet-3,CAKE-003,11,0,352.0,21
2025-12-08,outlet-3,CAKE-004,4,0,88.0,6
2025-12-08,outlet-3,CAKE-005,4,0,104.0,20
2025-12-08,outlet-3,CAKE-006,8,0,240.0,37
2025-12-08,outlet-3,CAKE-007,3,0,81.0,21
2025-12-08,outlet-3,CAKE-008,2,0,40.0,7
2025-12-08,outlet-3,CAKE-009,5,0,120.0,17
2025-12-08,outlet-3,CAKE-010,5,0,90.0,20
2025-12-08,outlet-4,CAKE-001,6,0,168.0,54
2025-12-08,outlet-4,CAKE-002,9,0,216.0,7
2025-12-08,outlet-4,CAKE-003,3,0,96.0,16
2025-12-08,outlet-4,CAKE-004,4,0,88.0,9
2025-12-08,outlet-4,CAKE-005,5,0,130.0,19
2025-12-08,outlet-4,CAKE-006,4,0,120.0,13
2025-12-08,outlet-4,CAKE-007,7,1,189.0,30
2025-12-08,outlet-4,CAKE-008,5,0,100.0,19
2025-12-08,outlet-4,CAKE-009,3,0,72.0,14
2025-12-08,outlet-4,CAKE-010,6,0,108.0,32
2025-12-08,outlet-5,CAKE-001,6,0,168.0,14
2025-12-08,outlet-5,CAKE-002,5,0,120.0,10
2025-12-08,outlet-5,CAKE-003,1,0,32.0,12
2025-12-08,outlet-5,CAKE-004,0,0,0.0,14
2025-12-08,outlet-5,CAKE-005,2,0,52.0,3
2025-12-08,outlet-5,CAKE-006,6,0,180.0,21
2025-12-08,outlet-5,CAKE-007,2,0,54.0,13
2025-12-08,outlet-5,CAKE-008,0,0,0.0,0
2025-12-08,outlet-5,CAKE-009,3,0,72.0,7
2025-12-08,outlet-5,CAKE-010,3,0,54.0,21
2025-12-09,outlet-1,CAKE-001,11,0,308.0,25
2025-12-09,outlet-1,CAKE-002,7,0,168.0,8
2025-12-09,outlet-1,CAKE-003,4,0,128.0,23
2025-12-09,outlet-1,CAKE-004,4,0,88.0,5
2025-12-09,outlet-1,CAKE-005,3,0,78.0,24
2025-12-09,outlet-1,CAKE-006,6,0,180.0,13
2025-12-09,outlet-1,CAKE-007,6,0,162.0,33
2025-12-09,outlet-1,CAKE-008,3,0,60.0,18
2025-12-09,outlet-1,CAKE-009,4,0,96.0,15
2025-12-09,outlet-1,CAKE-010,0,0,0.0,0
2025-12-09,outlet-2,CAKE-001,8,0,224.0,16
2025-12-09,outlet-2,CAKE-002,5,0,120.0,16
2025-12-09,outlet-2,CAKE-003,4,0,128.0,23
2025-12-09,outlet-2,CAKE-004,3,0,66.0,15
2025-12-09,outlet-2,CAKE-005,3,0,78.0,18
2025-12-09,outlet-2,CAKE-006,3,0,90.0,19
2025-12-09,outlet-2,CAKE-007,0,0,0.0,0
2025-12-09,outlet-2,CAKE-008,3,0,60.0,14
2025-12-09,outlet-2,CAKE-009,4,0,96.0,17
2025-12-09,outlet-2,CAKE-010,7,0,126.0,19
2025-12-09,outlet-3,CAKE-001,12,0,336.0,55
2025-12-09,outlet-3,CAKE-002,8,0,192.0,51
2025-12-09,outlet-3,CAKE-003,6,0,192.0,15
2025-12-09,outlet-3,CAKE-004,4,0,88.0,2
2025-12-09,outlet-3,CAKE-005,3,0,78.0,22
2025-12-09,outlet-3,CAKE-006,8,0,240.0,41
2025-12-09,outlet-3,CAKE-007,5,0,135.0,16
2025-12-09,outlet-3,CAKE-008,3,0,60.0,4
2025-12-09,outlet-3,CAKE-009,2,0,48.0,15
2025-12-09,outlet-3,CAKE-010,5,0,90.0,15
2025-12-09,outlet-4,CAKE-001,7,0,196.0,47
2025-12-09,outlet-4,CAKE-002,7,0,168.0,54
2025-12-09,outlet-4,CAKE-003,4,0,128.0,23
2025-12-09,outlet-4,CAKE-004,4,0,88.0,5
2025-12-09,outlet-4,CAKE-005,6,0,156.0,13
2025-12-09,outlet-4,CAKE-006,4,0,120.0,9
2025-12-09,outlet-4,CAKE-007,5,0,135.0,25
2025-12-09,outlet-4,CAKE-008,5,0,100.0,26
2025-12-09,outlet-4,CAKE-009,5,0,120.0,9
2025-12-09,outlet-4,CAKE-010,8,0,144.0,24
2025-12-09,outlet-5,CAKE-001,6,0,168.0,15
2025-12-09,outlet-5,CAKE-002,3,0,72.0,7
2025-12-09,outlet-5,CAKE-003,2,0,64.0,10
2025-12-09,outlet-5,CAKE-004,2,0,44.0,15
2025-12-09,outlet-5,CAKE-005,3,0,78.0,12
2025-12-09,outlet-5,CAKE-006,7,0,210.0,14
2025-12-09,outlet-5,CAKE-007,4,0,108.0,9
2025-12-09,outlet-5,CAKE-008,0,0,0.0,0
2025-12-09,outlet-5,CAKE-009,3,0,72.0,4
2025-12-09,outlet-5,CAKE-010,3,0,54.0,18
2025-12-10,outlet-1,CAKE-001,10,0,280.0,36
2025-12-10,outlet-1,CAKE-002,8,0,192.0,46
2025-12-10,outlet-1,CAKE-003,4,0,128.0,19
2025-12-10,outlet-1,CAKE-004,4,0,88.0,1
2025-12-10,outlet-1,CAKE-005,3,0,78.0,21
2025-12-10,outlet-1,CAKE-006,2,0,60.0,11
2025-12-10,outlet-1,CAKE-007,6,0,162.0,38
2025-12-10,outlet-1,CAKE-008,2,0,40.0,16
2025-12-10,outlet-1,CAKE-009,3,0,72.0,12
2025-12-10,outlet-1,CAKE-010,0,0,0.0,11
2025-12-10,outlet-2,CAKE-001,12,1,336.0,5
2025-12-10,outlet-2,CAKE-002,6,0,144.0,10
2025-12-10,outlet-2,CAKE-003,4,0,128.0,19
2025-12-10,outlet-2,CAKE-004,4,0,88.0,11
2025-12-10,outlet-2,CAKE-005,3,0,78.0,15
2025-12-10,outlet-2,CAKE-006,3,0,90.0,16
2025-12-10,outlet-2,CAKE-007,0,0,0.0,0
2025-12-10,outlet-2,CAKE-008,2,0,40.0,12
2025-12-10,outlet-2,CAKE-009,3,0,72.0,14
2025-12-10,outlet-2,CAKE-010,7,0,126.0,12
2025-12-10,outlet-3,CAKE-001,7,0,196.0,63
2025-12-10,outlet-3,CAKE-002,8,0,192.0,43
2025-12-10,outlet-3,CAKE-003,9,0,288.0,6
2025-12-10,outlet-3,CAKE-004,2,0,44.0,4
2025-12-10,outlet-3,CAKE-005,4,0,104.0,18
2025-12-10,outlet-3,CAKE-006,10,0,300.0,31
2025-12-10,outlet-3,CAKE-007,5,0,135.0,11
2025-12-10,outlet-3,CAKE-008,2,0,40.0,2
2025-12-10,outlet-3,CAKE-009,2,0,48.0,13
2025-12-10,outlet-3,CAKE-010,3,0,54.0,12
2025-12-10,outlet-4,CAKE-001,4,0,112.0,56
2025-12-10,outlet-4,CAKE-002,10,0,240.0,44
2025-12-10,outlet-4,CAKE-003,3,0,96.0,20
2025-12-10,outlet-4,CAKE-004,2,0,44.0,3
2025-12-10,outlet-4,CAKE-005,6,0,156.0,18
2025-12-10,outlet-4,CAKE-006,5,0,150.0,4
2025-12-10,outlet-4,CAKE-007,5,0,135.0,20
2025-12-10,outlet-4,CAKE-008,4,0,80.0,22
2025-12-10,outlet-4,CAKE-009,4,0,96.0,5
2025-12-10,outlet-4,CAKE-010,6,0,108.0,18
2025-12-10,outlet-5,CAKE-001,5,0,140.0,10
2025-12-10,outlet-5,CAKE-002,3,0,72.0,4
2025-12-10,outlet-5,CAKE-003,2,0,64.0,8
2025-12-10,outlet-5,CAKE-004,2,0,44.0,17
2025-12-10,outlet-5,CAKE-005,2,0,52.0,10
2025-12-10,outlet-5,CAKE-006,4,0,120.0,10
2025-12-10,outlet-5,CAKE-007,2,0,54.0,7
2025-12-10,outlet-5,CAKE-008,0,0,0.0,0
2025-12-10,outlet-5,CAKE-009,3,0,72.0,1
2025-12-10,outlet-5,CAKE-010,3,0,54.0,15
2025-12-11,outlet-1,CAKE-001,15,0,420.0,21
2025-12-11,outlet-1,CAKE-002,6,0,144.0,40
2025-12-11,outlet-1,CAKE-003,3,0,96.0,16
2025-12-11,outlet-1,CAKE-004,1,0,22.0,26
2025-12-11,outlet-1,CAKE-005,5,0,130.0,16
2025-12-11,outlet-1,CAKE-006,7,0,210.0,4
2025-12-11,outlet-1,CAKE-007,6,0,162.0,32
2025-12-11,outlet-1,CAKE-008,3,0,60.0,13
2025-12-11,outlet-1,CAKE-009,4,0,96.0,8
2025-12-11,outlet-1,CAKE-010,8,0,144.0,16
2025-12-11,outlet-2,CAKE-001,5,0,140.0,0
2025-12-11,outlet-2,CAKE-002,7,0,168.0,45
2025-12-11,outlet-2,CAKE-003,4,0,128.0,15
2025-12-11,outlet-2,CAKE-004,5,0,110.0,6
2025-12-11,outlet-2,CAKE-005,3,0,78.0,12
2025-12-11,outlet-2,CAKE-006,6,0,180.0,10
2025-12-11,outlet-2,CAKE-007,0,0,0.0,30
2025-12-11,outlet-2,CAKE-008,2,0,40.0,10
2025-12-11,outlet-2,CAKE-009,3,0,72.0,11
2025-12-11,outlet-2,CAKE-010,5,0,90.0,7
2025-12-11,outlet-3,CAKE-001,11,0,308.0,68
2025-12-11,outlet-3,CAKE-002,6,0,144.0,37
2025-12-11,outlet-3,CAKE-003,6,0,192.0,48
2025-12-11,outlet-3,CAKE-004,3,0,66.0,5
2025-12-11,outlet-3,CAKE-005,2,0,52.0,16
2025-12-11,outlet-3,CAKE-006,6,0,180.0,37
2025-12-11,outlet-3,CAKE-007,2,0,54.0,9
2025-12-11,outlet-3,CAKE-008,2,0,40.0,0
2025-12-11,outlet-3,CAKE-009,4,0,96.0,9
2025-12-11,outlet-3,CAKE-010,7,0,126.0,5
2025-12-11,outlet-4,CAKE-001,5,0,140.0,51
2025-12-11,outlet-4,CAKE-002,10,0,240.0,34
2025-12-11,outlet-4,CAKE-003,3,0,96.0,17
2025-12-11,outlet-4,CAKE-004,3,0,66.0,28
2025-12-11,outlet-4,CAKE-005,6,0,156.0,12
2025-12-11,outlet-4,CAKE-006,4,0,120.0,21
2025-12-11,outlet-4,CAKE-007,6,0,162.0,14
2025-12-11,outlet-4,CAKE-008,5,0,100.0,29
2025-12-11,outlet-4,CAKE-009,5,0,120.0,6
2025-12-11,outlet-4,CAKE-010,8,0,144.0,10
2025-12-11,outlet-5,CAKE-001,5,0,140.0,12
2025-12-11,outlet-5,CAKE-002,3,0,72.0,22
2025-12-11,outlet-5,CAKE-003,2,0,64.0,6
2025-12-11,outlet-5,CAKE-004,2,0,44.0,15
2025-12-11,outlet-5,CAKE-005,2,0,52.0,8
2025-12-11,outlet-5,CAKE-006,7,0,210.0,3
2025-12-11,outlet-5,CAKE-007,2,0,54.0,5
2025-12-11,outlet-5,CAKE-008,0,0,0.0,0
2025-12-11,outlet-5,CAKE-009,1,0,24.0,0
2025-12-11,outlet-5,CAKE-010,3,0,54.0,16
2025-12-12,outlet-1,CAKE-001,14,0,392.0,7
2025-12-12,outlet-1,CAKE-002,10,0,240.0,30
2025-12-12,outlet-1,CAKE-003,3,0,96.0,13
2025-12-12,outlet-1,CAKE-004,8,0,176.0,18
2025-12-12,outlet-1,CAKE-005,6,0,156.0,17
2025-12-12,outlet-1,CAKE-006,4,0,120.0,0
2025-12-12,outlet-1,CAKE-007,8,1,216.0,25
2025-12-12,outlet-1,CAKE-008,3,0,60.0,10
2025-12-12,outlet-1,CAKE-009,5,0,120.0,3
2025-12-12,outlet-1,CAKE-010,12,0,216.0,4
2025-12-12,outlet-2,CAKE-001,0,0,0.0,0
2025-12-12,outlet-2,CAKE-002,11,0,264.0,34
2025-12-12,outlet-2,CAKE-003,8,0,256.0,7
2025-12-12,outlet-2,CAKE-004,3,0,66.0,3
2025-12-12,outlet-2,CAKE-005,4,0,104.0,8
2025-12-12,outlet-2,CAKE-006,5,0,150.0,5
2025-12-12,outlet-2,CAKE-007,8,0,216.0,22
2025-12-12,outlet-2,CAKE-008,4,0,80.0,6
2025-12-12,outlet-2,CAKE-009,6,0,144.0,5
2025-12-12,outlet-2,CAKE-010,7,0,126.0,0
2025-12-12,outlet-3,CAKE-001,15,1,420.0,54
2025-12-12,outlet-3,CAKE-002,13,1,312.0,25
2025-12-12,outlet-3,CAKE-003,14,0,448.0,34
2025-12-12,outlet-3,CAKE-004,5,0,110.0,0
2025-12-12,outlet-3,CAKE-005,6,0,156.0,10
2025-12-12,outlet-3,CAKE-006,8,0,240.0,41
2025-12-12,outlet-3,CAKE-007,7,0,189.0,32
2025-12-12,outlet-3,CAKE-008,0,0,0.0,0
2025-12-12,outlet-3,CAKE-009,6,0,144.0,3
2025-12-12,outlet-3,CAKE-010,5,0,90.0,10
2025-12-12,outlet-4,CAKE-001,8,0,224.0,43
2025-12-12,outlet-4,CAKE-002,14,1,336.0,21
2025-12-12,outlet-4,CAKE-003,6,0,192.0,11
2025-12-12,outlet-4,CAKE-004,6,0,132.0,22
2025-12-12,outlet-4,CAKE-005,7,0,182.0,5
2025-12-12,outlet-4,CAKE-006,3,0,90.0,18
2025-12-12,outlet-4,CAKE-007,6,0,162.0,8
2025-12-12,outlet-4,CAKE-008,3,0,60.0,26
2025-12-12,outlet-4,CAKE-009,5,0,120.0,29
2025-12-12,outlet-4,CAKE-010,10,0,180.0,46
2025-12-12,outlet-5,CAKE-001,8,0,224.0,4
2025-12-12,outlet-5,CAKE-002,4,0,96.0,23
2025-12-12,outlet-5,CAKE-003,1,0,32.0,5
2025-12-12,outlet-5,CAKE-004,3,0,66.0,16
2025-12-12,outlet-5,CAKE-005,3,0,78.0,5
2025-12-12,outlet-5,CAKE-006,3,0,90.0,30
2025-12-12,outlet-5,CAKE-007,3,0,81.0,8
2025-12-12,outlet-5,CAKE-008,0,0,0.0,0
2025-12-12,outlet-5,CAKE-009,0,0,0.0,16
2025-12-12,outlet-5,CAKE-010,5,0,90.0,11
2025-12-13,outlet-1,CAKE-001,7,0,196.0,17
2025-12-13,outlet-1,CAKE-002,7,0,168.0,23
2025-12-13,outlet-1,CAKE-003,8,0,256.0,5
2025-12-13,outlet-1,CAKE-004,6,0,132.0,12
2025-12-13,outlet-1,CAKE-005,3,0,78.0,14
2025-12-13,outlet-1,CAKE-006,0,0,0.0,30
2025-12-13,outlet-1,CAKE-007,6,0,162.0,19
2025-12-13,outlet-1,CAKE-008,4,0,80.0,6
2025-12-13,outlet-1,CAKE-009,3,0,72.0,24
2025-12-13,outlet-1,CAKE-010,4,0,72.0,43
2025-12-13,outlet-2,CAKE-001,0,0,0.0,48
2025-12-13,outlet-2,CAKE-002,9,0,216.0,39
2025-12-13,outlet-2,CAKE-003,4,0,128.0,3
2025-12-13,outlet-2,CAKE-004,3,0,66.0,24
2025-12-13,outlet-2,CAKE-005,5,0,130.0,3
2025-12-13,outlet-2,CAKE-006,5,0,150.0,0
2025-12-13,outlet-2,CAKE-007,7,0,189.0,15
2025-12-13,outlet-2,CAKE-008,4,0,80.0,2
2025-12-13,outlet-2,CAKE-009,4,0,96.0,22
2025-12-13,outlet-2,CAKE-010,0,0,0.0,39
2025-12-13,outlet-3,CAKE-001,18,1,504.0,37
2025-12-13,outlet-3,CAKE-002,9,0,216.0,16
2025-12-13,outlet-3,CAKE-003,9,0,288.0,25
2025-12-13,outlet-3,CAKE-004,0,0,0.0,19
2025-12-13,outlet-3,CAKE-005,7,0,182.0,3
2025-12-13,outlet-3,CAKE-006,11,0,330.0,42
2025-12-13,outlet-3,CAKE-007,8,0,216.0,31
2025-12-13,outlet-3,CAKE-008,0,0,0.0,12
2025-12-13,outlet-3,CAKE-009,3,0,72.0,0
2025-12-13,outlet-3,CAKE-010,8,0,144.0,13
2025-12-13,outlet-4,CAKE-001,8,0,224.0,47
2025-12-13,outlet-4,CAKE-002,11,0,264.0,10
2025-12-13,outlet-4,CAKE-003,6,0,192.0,17
2025-12-13,outlet-4,CAKE-004,7,0,154.0,15
2025-12-13,outlet-4,CAKE-005,5,0,130.0,33
2025-12-13,outlet-4,CAKE-006,3,0,90.0,22
2025-12-13,outlet-4,CAKE-007,7,1,189.0,2
2025-12-13,outlet-4,CAKE-008,6,0,120.0,30
2025-12-13,outlet-4,CAKE-009,7,0,168.0,22
2025-12-13,outlet-4,CAKE-010,12,1,216.0,35
2025-12-13,outlet-5,CAKE-001,4,0,112.0,8
2025-12-13,outlet-5,CAKE-002,4,0,96.0,23
2025-12-13,outlet-5,CAKE-003,3,0,96.0,2
2025-12-13,outlet-5,CAKE-004,5,0,110.0,11
2025-12-13,outlet-5,CAKE-005,2,0,52.0,3
2025-12-13,outlet-5,CAKE-006,5,0,150.0,25
2025-12-13,outlet-5,CAKE-007,5,0,135.0,3
2025-12-13,outlet-5,CAKE-008,0,0,0.0,1
2025-12-13,outlet-5,CAKE-009,3,0,72.0,13
2025-12-13,outlet-5,CAKE-010,4,0,72.0,7
2025-12-14,outlet-1,CAKE-001,17,1,476.0,22
2025-12-14,outlet-1,CAKE-002,10,0,240.0,13
2025-12-14,outlet-1,CAKE-003,5,0,160.0,30
2025-12-14,outlet-1,CAKE-004,6,0,132.0,6
2025-12-14,outlet-1,CAKE-005,5,0,130.0,9
2025-12-14,outlet-1,CAKE-006,8,0,240.0,22
2025-12-14,outlet-1,CAKE-007,2,0,54.0,17
2025-12-14,outlet-1,CAKE-008,3,0,60.0,7
2025-12-14,outlet-1,CAKE-009,6,0,144.0,18
2025-12-14,outlet-1,CAKE-010,8,0,144.0,35
2025-12-14,outlet-2,CAKE-001,10,0,280.0,38
2025-12-14,outlet-2,CAKE-002,11,0,264.0,28
2025-12-14,outlet-2,CAKE-003,3,0,96.0,27
2025-12-14,outlet-2,CAKE-004,5,0,110.0,24
2025-12-14,outlet-2,CAKE-005,3,0,78.0,0
2025-12-14,outlet-2,CAKE-006,0,0,0.0,24
2025-12-14,outlet-2,CAKE-007,3,0,81.0,12
2025-12-14,outlet-2,CAKE-008,2,0,40.0,0
2025-12-14,outlet-2,CAKE-009,6,0,144.0,16
2025-12-14,outlet-2,CAKE-010,10,0,180.0,29
2025-12-14,outlet-3,CAKE-001,9,0,252.0,41
2025-12-14,outlet-3,CAKE-002,9,0,216.0,7
2025-12-14,outlet-3,CAKE-003,13,1,416.0,26
2025-12-14,outlet-3,CAKE-004,5,0,110.0,14
2025-12-14,outlet-3,CAKE-005,3,0,78.0,24
2025-12-14,outlet-3,CAKE-006,7,0,210.0,35
2025-12-14,outlet-3,CAKE-007,4,0,108.0,27
2025-12-14,outlet-3,CAKE-008,2,0,40.0,10
2025-12-14,outlet-3,CAKE-009,0,0,0.0,21
2025-12-14,outlet-3,CAKE-010,6,0,108.0,7
2025-12-14,outlet-4,CAKE-001,13,0,364.0,34
2025-12-14,outlet-4,CAKE-002,10,0,240.0,18
2025-12-14,outlet-4,CAKE-003,5,0,160.0,12
2025-12-14,outlet-4,CAKE-004,4,0,88.0,11
2025-12-14,outlet-4,CAKE-005,5,0,130.0,28
2025-12-14,outlet-4,CAKE-006,7,0,210.0,15
2025-12-14,outlet-4,CAKE-007,2,0,54.0,0
2025-12-14,outlet-4,CAKE-008,6,0,120.0,24
2025-12-14,outlet-4,CAKE-009,6,0,144.0,16
2025-12-14,outlet-4,CAKE-010,15,0,270.0,20
2025-12-14,outlet-5,CAKE-001,6,0,168.0,2
2025-12-14,outlet-5,CAKE-002,4,0,96.0,19
2025-12-14,outlet-5,CAKE-003,2,0,64.0,12
2025-12-14,outlet-5,CAKE-004,3,0,66.0,8
2025-12-14,outlet-5,CAKE-005,2,0,52.0,1
2025-12-14,outlet-5,CAKE-006,9,0,270.0,16
2025-12-14,outlet-5,CAKE-007,3,0,81.0,15
2025-12-14,outlet-5,CAKE-008,1,0,20.0,0
2025-12-14,outlet-5,CAKE-009,3,0,72.0,10
2025-12-14,outlet-5,CAKE-010,6,0,108.0,1
2025-12-15,outlet-1,CAKE-001,6,0,168.0,33
2025-12-15,outlet-1,CAKE-002,9,0,216.0,4
2025-12-15,outlet-1,CAKE-003,7,0,224.0,23
2025-12-15,outlet-1,CAKE-004,3,0,66.0,3
2025-12-15,outlet-1,CAKE-005,5,0,130.0,4
2025-12-15,outlet-1,CAKE-006,4,0,120.0,36
2025-12-15,outlet-1,CAKE-007,5,0,135.0,24
2025-12-15,outlet-1,CAKE-008,3,0,60.0,4
2025-12-15,outlet-1,CAKE-009,3,0,72.0,15
2025-12-15,outlet-1,CAKE-010,6,0,108.0,29
2025-12-15,outlet-2,CAKE-001,6,0,168.0,32
2025-12-15,outlet-2,CAKE-002,8,0,192.0,35
2025-12-15,outlet-2,CAKE-003,5,0,160.0,22
2025-12-15,outlet-2,CAKE-004,3,0,66.0,27
2025-12-15,outlet-2,CAKE-005,0,0,0.0,21
2025-12-15,outlet-2,CAKE-006,4,0,120.0,20
2025-12-15,outlet-2,CAKE-007,5,0,135.0,14
2025-12-15,outlet-2,CAKE-008,0,0,0.0,16
2025-12-15,outlet-2,CAKE-009,5,0,120.0,11
2025-12-15,outlet-2,CAKE-010,7,0,126.0,22
2025-12-15,outlet-3,CAKE-001,13,0,364.0,28
2025-12-15,outlet-3,CAKE-002,7,0,168.0,46
2025-12-15,outlet-3,CAKE-003,7,0,224.0,19
2025-12-15,outlet-3,CAKE-004,4,0,88.0,14
2025-12-15,outlet-3,CAKE-005,5,0,130.0,19
2025-12-15,outlet-3,CAKE-006,7,0,210.0,28
2025-12-15,outlet-3,CAKE-007,6,0,162.0,21
2025-12-15,outlet-3,CAKE-008,2,0,40.0,8
2025-12-15,outlet-3,CAKE-009,4,0,96.0,17
2025-12-15,outlet-3,CAKE-010,6,0,108.0,33
2025-12-15,outlet-4,CAKE-001,6,0,168.0,28
2025-12-15,outlet-4,CAKE-002,10,0,240.0,8
2025-12-15,outlet-4,CAKE-003,4,0,128.0,8
2025-12-15,outlet-4,CAKE-004,3,0,66.0,16
2025-12-15,outlet-4,CAKE-005,3,0,78.0,25
2025-12-15,outlet-4,CAKE-006,6,0,180.0,16
2025-12-15,outlet-4,CAKE-007,0,0,0.0,0
2025-12-15,outlet-4,CAKE-008,5,0,100.0,19
2025-12-15,outlet-4,CAKE-009,3,0,72.0,21
2025-12-15,outlet-4,CAKE-010,8,0,144.0,12
2025-12-15,outlet-5,CAKE-001,2,0,56.0,28
2025-12-15,outlet-5,CAKE-002,3,0,72.0,16
2025-12-15,outlet-5,CAKE-003,1,0,32.0,11
2025-12-15,outlet-5,CAKE-004,3,0,66.0,5
2025-12-15,outlet-5,CAKE-005,1,0,26.0,0
2025-12-15,outlet-5,CAKE-006,7,0,210.0,9
2025-12-15,outlet-5,CAKE-007,1,0,27.0,21
2025-12-15,outlet-5,CAKE-008,0,0,0.0,2
2025-12-15,outlet-5,CAKE-009,3,0,72.0,7
2025-12-15,outlet-5,CAKE-010,1,0,18.0,21
2025-12-16,outlet-1,CAKE-001,9,0,252.0,24
2025-12-16,outlet-1,CAKE-002,4,0,96.0,46
2025-12-16,outlet-1,CAKE-003,6,0,192.0,17
2025-12-16,outlet-1,CAKE-004,3,0,66.0,26
2025-12-16,outlet-1,CAKE-005,4,0,104.0,24
2025-12-16,outlet-1,CAKE-006,4,0,120.0,32
2025-12-16,outlet-1,CAKE-007,4,0,108.0,20
2025-12-16,outlet-1,CAKE-008,4,0,80.0,5
2025-12-16,outlet-1,CAKE-009,4,0,96.0,11
2025-12-16,outlet-1,CAKE-010,8,0,144.0,32
2025-12-16,outlet-2,CAKE-001,9,0,252.0,23
2025-12-16,outlet-2,CAKE-002,7,0,168.0,28
2025-12-16,outlet-2,CAKE-003,5,0,160.0,17
2025-12-16,outlet-2,CAKE-004,4,0,88.0,23
2025-12-16,outlet-2,CAKE-005,4,0,104.0,26
2025-12-16,outlet-2,CAKE-006,3,0,90.0,17
2025-12-16,outlet-2,CAKE-007,5,0,135.0,9
2025-12-16,outlet-2,CAKE-008,3,0,60.0,13
2025-12-16,outlet-2,CAKE-009,5,0,120.0,15
2025-12-16,outlet-2,CAKE-010,7,0,126.0,15
2025-12-16,outlet-3,CAKE-001,15,0,420.0,13
2025-12-16,outlet-3,CAKE-002,9,0,216.0,37
2025-12-16,outlet-3,CAKE-003,10,0,320.0,9
2025-12-16,outlet-3,CAKE-004,3,0,66.0,11
2025-12-16,outlet-3,CAKE-005,4,0,104.0,15
2025-12-16,outlet-3,CAKE-006,9,0,270.0,19
2025-12-16,outlet-3,CAKE-007,6,0,162.0,15
2025-12-16,outlet-3,CAKE-008,2,0,40.0,6
2025-12-16,outlet-3,CAKE-009,3,0,72.0,14
2025-12-16,outlet-3,CAKE-010,4,0,72.0,29
2025-12-16,outlet-4,CAKE-001,8,0,224.0,20
2025-12-16,outlet-4,CAKE-002,8,0,192.0,54
2025-12-16,outlet-4,CAKE-003,3,0,96.0,5
2025-12-16,outlet-4,CAKE-004,7,0,154.0,9
2025-12-16,outlet-4,CAKE-005,6,0,156.0,19
2025-12-16,outlet-4,CAKE-006,4,0,120.0,12
2025-12-16,outlet-4,CAKE-007,0,0,0.0,7
2025-12-16,outlet-4,CAKE-008,4,0,80.0,28
2025-12-16,outlet-4,CAKE-009,4,0,96.0,17
2025-12-16,outlet-4,CAKE-010,9,0,162.0,49
2025-12-16,outlet-5,CAKE-001,1,0,28.0,27
2025-12-16,outlet-5,CAKE-002,4,0,96.0,12
2025-12-16,outlet-5,CAKE-003,2,0,64.0,9
2025-12-16,outlet-5,CAKE-004,1,0,22.0,4
2025-12-16,outlet-5,CAKE-005,0,0,0.0,12
2025-12-16,outlet-5,CAKE-006,5,0,150.0,4
2025-12-16,outlet-5,CAKE-007,3,0,81.0,26
2025-12-16,outlet-5,CAKE-008,2,0,40.0,7
2025-12-16,outlet-5,CAKE-009,2,0,48.0,5
2025-12-16,outlet-5,CAKE-010,4,0,72.0,17
2025-12-17,outlet-1,CAKE-001,10,0,280.0,14
2025-12-17,outlet-1,CAKE-002,8,0,192.0,38
2025-12-17,outlet-1,CAKE-003,7,0,224.0,10
2025-12-17,outlet-1,CAKE-004,5,0,110.0,26
2025-12-17,outlet-1,CAKE-005,5,0,130.0,26
2025-12-17,outlet-1,CAKE-006,5,0,150.0,27
2025-12-17,outlet-1,CAKE-007,8,0,216.0,12
2025-12-17,outlet-1,CAKE-008,3,0,60.0,2
2025-12-17,outlet-1,CAKE-009,4,0,96.0,7
2025-12-17,outlet-1,CAKE-010,5,0,90.0,27
2025-12-17,outlet-2,CAKE-001,6,0,168.0,17
2025-12-17,outlet-2,CAKE-002,7,0,168.0,21
2025-12-17,outlet-2,CAKE-003,5,0,160.0,12
2025-12-17,outlet-2,CAKE-004,3,0,66.0,20
2025-12-17,outlet-2,CAKE-005,3,0,78.0,31
2025-12-17,outlet-2,CAKE-006,5,0,150.0,19
2025-12-17,outlet-2,CAKE-007,3,0,81.0,6
2025-12-17,outlet-2,CAKE-008,3,0,60.0,10
2025-12-17,outlet-2,CAKE-009,3,0,72.0,12
2025-12-17,outlet-2,CAKE-010,4,0,72.0,22
2025-12-17,outlet-3,CAKE-001,8,0,224.0,5
2025-12-17,outlet-3,CAKE-002,12,0,288.0,25
2025-12-17,outlet-3,CAKE-003,8,0,256.0,1
2025-12-17,outlet-3,CAKE-004,3,0,66.0,8
2025-12-17,outlet-3,CAKE-005,3,0,78.0,17
2025-12-17,outlet-3,CAKE-006,8,0,240.0,11
2025-12-17,outlet-3,CAKE-007,4,0,108.0,11
2025-12-17,outlet-3,CAKE-008,2,0,40.0,4
2025-12-17,outlet-3,CAKE-009,4,0,96.0,22
2025-12-17,outlet-3,CAKE-010,5,0,90.0,24
2025-12-17,outlet-4,CAKE-001,10,0,280.0,10
2025-12-17,outlet-4,CAKE-002,9,0,216.0,45
2025-12-17,outlet-4,CAKE-003,3,0,96.0,2
2025-12-17,outlet-4,CAKE-004,6,0,132.0,3
2025-12-17,outlet-4,CAKE-005,8,0,208.0,11
2025-12-17,outlet-4,CAKE-006,4,0,120.0,8
2025-12-17,outlet-4,CAKE-007,6,1,162.0,38
2025-12-17,outlet-4,CAKE-008,4,0,80.0,24
2025-12-17,outlet-4,CAKE-009,6,0,144.0,11
2025-12-17,outlet-4,CAKE-010,8,0,144.0,41
2025-12-17,outlet-5,CAKE-001,7,0,196.0,20
2025-12-17,outlet-5,CAKE-002,3,0,72.0,9
2025-12-17,outlet-5,CAKE-003,2,0,64.0,7
2025-12-17,outlet-5,CAKE-004,3,0,66.0,15
2025-12-17,outlet-5,CAKE-005,2,0,52.0,10
2025-12-17,outlet-5,CAKE-006,2,0,60.0,2
2025-12-17,outlet-5,CAKE-007,2,0,54.0,24
2025-12-17,outlet-5,CAKE-008,1,0,20.0,6
2025-12-17,outlet-5,CAKE-009,3,0,72.0,2
2025-12-17,outlet-5,CAKE-010,3,0,54.0,14
2025-12-18,outlet-1,CAKE-001,9,0,252.0,22
2025-12-18,outlet-1,CAKE-002,6,0,144.0,32
2025-12-18,outlet-1,CAKE-003,6,0,192.0,4
2025-12-18,outlet-1,CAKE-004,4,0,88.0,22
2025-12-18,outlet-1,CAKE-005,3,0,78.0,23
2025-12-18,outlet-1,CAKE-006,2,0,60.0,25
2025-12-18,outlet-1,CAKE-007,5,0,135.0,7
2025-12-18,outlet-1,CAKE-008,2,0,40.0,5
2025-12-18,outlet-1,CAKE-009,5,0,120.0,2
2025-12-18,outlet-1,CAKE-010,7,0,126.0,20
2025-12-18,outlet-2,CAKE-001,9,0,252.0,8
2025-12-18,outlet-2,CAKE-002,7,0,168.0,14
2025-12-18,outlet-2,CAKE-003,5,0,160.0,7
2025-12-18,outlet-2,CAKE-004,2,0,44.0,23
2025-12-18,outlet-2,CAKE-005,2,0,52.0,29
2025-12-18,outlet-2,CAKE-006,4,0,120.0,22
2025-12-18,outlet-2,CAKE-007,6,0,162.0,7
2025-12-18,outlet-2,CAKE-008,3,0,60.0,7
2025-12-18,outlet-2,CAKE-009,3,0,72.0,9
2025-12-18,outlet-2,CAKE-010,7,0,126.0,15
2025-12-18,outlet-3,CAKE-001,5,0,140.0,67
2025-12-18,outlet-3,CAKE-002,6,0,144.0,31
2025-12-18,outlet-3,CAKE-003,1,0,32.0,0
2025-12-18,outlet-3,CAKE-004,3,0,66.0,5
2025-12-18,outlet-3,CAKE-005,5,0,130.0,12
2025-12-18,outlet-3,CAKE-006,7,0,210.0,16
2025-12-18,outlet-3,CAKE-007,4,0,108.0,15
2025-12-18,outlet-3,CAKE-008,2,0,40.0,2
2025-12-18,outlet-3,CAKE-009,4,0,96.0,18
2025-12-18,outlet-3,CAKE-010,6,0,108.0,18
2025-12-18,outlet-4,CAKE-001,7,0,196.0,46
2025-12-18,outlet-4,CAKE-002,10,0,240.0,35
2025-12-18,outlet-4,CAKE-003,2,0,64.0,11
2025-12-18,outlet-4,CAKE-004,3,0,66.0,0
2025-12-18,outlet-4,CAKE-005,5,0,130.0,17
2025-12-18,outlet-4,CAKE-006,3,0,90.0,5
2025-12-18,outlet-4,CAKE-007,5,0,135.0,33
2025-12-18,outlet-4,CAKE-008,4,0,80.0,20
2025-12-18,outlet-4,CAKE-009,5,0,120.0,6
2025-12-18,outlet-4,CAKE-010,7,0,126.0,48
2025-12-18,outlet-5,CAKE-001,5,0,140.0,15
2025-12-18,outlet-5,CAKE-002,3,0,72.0,10
2025-12-18,outlet-5,CAKE-003,1,0,32.0,6
2025-12-18,outlet-5,CAKE-004,2,0,44.0,13
2025-12-18,outlet-5,CAKE-005,2,0,52.0,8
2025-12-18,outlet-5,CAKE-006,2,0,60.0,30
2025-12-18,outlet-5,CAKE-007,3,0,81.0,21
2025-12-18,outlet-5,CAKE-008,1,0,20.0,5
2025-12-18,outlet-5,CAKE-009,2,0,48.0,6
2025-12-18,outlet-5,CAKE-010,3,0,54.0,11
2025-12-19,outlet-1,CAKE-001,14,0,392.0,8
2025-12-19,outlet-1,CAKE-002,10,0,240.0,22
2025-12-19,outlet-1,CAKE-003,4,0,128.0,30
2025-12-19,outlet-1,CAKE-004,4,0,88.0,18
2025-12-19,outlet-1,CAKE-005,6,0,156.0,17
2025-12-19,outlet-1,CAKE-006,6,0,180.0,19
2025-12-19,outlet-1,CAKE-007,7,0,189.0,33
2025-12-19,outlet-1,CAKE-008,2,0,40.0,3
2025-12-19,outlet-1,CAKE-009,2,0,48.0,24
2025-12-19,outlet-1,CAKE-010,9,0,162.0,23
2025-12-19,outlet-2,CAKE-001,8,0,224.0,0
2025-12-19,outlet-2,CAKE-002,11,0,264.0,16
2025-12-19,outlet-2,CAKE-003,6,0,192.0,1
2025-12-19,outlet-2,CAKE-004,4,0,88.0,25
2025-12-19,outlet-2,CAKE-005,4,0,104.0,25
2025-12-19,outlet-2,CAKE-006,5,0,150.0,26
2025-12-19,outlet-2,CAKE-007,4,0,108.0,3
2025-12-19,outlet-2,CAKE-008,3,0,60.0,4
2025-12-19,outlet-2,CAKE-009,4,0,96.0,5
2025-12-19,outlet-2,CAKE-010,9,0,162.0,6
2025-12-19,outlet-3,CAKE-001,18,1,504.0,50
2025-12-19,outlet-3,CAKE-002,9,0,216.0,22
2025-12-19,outlet-3,CAKE-003,0,0,0.0,48
2025-12-19,outlet-3,CAKE-004,4,0,88.0,20
2025-12-19,outlet-3,CAKE-005,5,0,130.0,12
2025-12-19,outlet-3,CAKE-006,5,0,150.0,11
2025-12-19,outlet-3,CAKE-007,6,0,162.0,16
2025-12-19,outlet-3,CAKE-008,2,0,40.0,12
2025-12-19,outlet-3,CAKE-009,3,0,72.0,15
2025-12-19,outlet-3,CAKE-010,7,0,126.0,11
2025-12-19,outlet-4,CAKE-001,10,0,280.0,36
2025-12-19,outlet-4,CAKE-002,11,0,264.0,24
2025-12-19,outlet-4,CAKE-003,7,0,224.0,4
2025-12-19,outlet-4,CAKE-004,0,0,0.0,0
2025-12-19,outlet-4,CAKE-005,7,0,182.0,10
2025-12-19,outlet-4,CAKE-006,5,0,150.0,6
2025-12-19,outlet-4,CAKE-007,9,1,243.0,25
2025-12-19,outlet-4,CAKE-008,5,0,100.0,15
2025-12-19,outlet-4,CAKE-009,6,0,144.0,28
2025-12-19,outlet-4,CAKE-010,10,0,180.0,38
2025-12-19,outlet-5,CAKE-001,6,0,168.0,9
2025-12-19,outlet-5,CAKE-002,6,0,144.0,9
2025-12-19,outlet-5,CAKE-003,2,0,64.0,4
2025-12-19,outlet-5,CAKE-004,3,0,66.0,13
2025-12-19,outlet-5,CAKE-005,3,0,78.0,5
2025-12-19,outlet-5,CAKE-006,9,0,270.0,21
2025-12-19,outlet-5,CAKE-007,5,0,135.0,23
2025-12-19,outlet-5,CAKE-008,2,0,40.0,3
2025-12-19,outlet-5,CAKE-009,3,0,72.0,3
2025-12-19,outlet-5,CAKE-010,5,0,90.0,6
2025-12-20,outlet-1,CAKE-001,8,0,224.0,57
2025-12-20,outlet-1,CAKE-002,10,0,240.0,12
2025-12-20,outlet-1,CAKE-003,8,0,256.0,22
2025-12-20,outlet-1,CAKE-004,5,0,110.0,13
2025-12-20,outlet-1,CAKE-005,6,0,156.0,18
2025-12-20,outlet-1,CAKE-006,7,0,210.0,12
2025-12-20,outlet-1,CAKE-007,12,1,324.0,22
2025-12-20,outlet-1,CAKE-008,3,0,60.0,18
2025-12-20,outlet-1,CAKE-009,3,0,72.0,21
2025-12-20,outlet-1,CAKE-010,11,0,198.0,12
2025-12-20,outlet-2,CAKE-001,0,0,0.0,48
2025-12-20,outlet-2,CAKE-002,10,0,240.0,6
2025-12-20,outlet-2,CAKE-003,1,0,32.0,0
2025-12-20,outlet-2,CAKE-004,4,0,88.0,21
2025-12-20,outlet-2,CAKE-005,4,0,104.0,29
2025-12-20,outlet-2,CAKE-006,7,0,210.0,19
2025-12-20,outlet-2,CAKE-007,3,0,81.0,0
2025-12-20,outlet-2,CAKE-008,3,0,60.0,17
2025-12-20,outlet-2,CAKE-009,5,0,120.0,21
2025-12-20,outlet-2,CAKE-010,6,0,108.0,0
2025-12-20,outlet-3,CAKE-001,15,0,420.0,35
2025-12-20,outlet-3,CAKE-002,12,0,288.0,10
2025-12-20,outlet-3,CAKE-003,7,0,224.0,55
2025-12-20,outlet-3,CAKE-004,4,0,88.0,19
2025-12-20,outlet-3,CAKE-005,6,0,156.0,11
2025-12-20,outlet-3,CAKE-006,10,0,300.0,46
2025-12-20,outlet-3,CAKE-007,8,1,216.0,15
2025-12-20,outlet-3,CAKE-008,2,0,40.0,10
2025-12-20,outlet-3,CAKE-009,5,0,120.0,21
2025-12-20,outlet-3,CAKE-010,5,0,90.0,6
2025-12-20,outlet-4,CAKE-001,9,0,252.0,27
2025-12-20,outlet-4,CAKE-002,10,0,240.0,14
2025-12-20,outlet-4,CAKE-003,4,0,128.0,0
2025-12-20,outlet-4,CAKE-004,0,0,0.0,0
2025-12-20,outlet-4,CAKE-005,6,0,156.0,4
2025-12-20,outlet-4,CAKE-006,4,0,120.0,2
2025-12-20,outlet-4,CAKE-007,11,1,297.0,15
2025-12-20,outlet-4,CAKE-008,6,0,120.0,9
2025-12-20,outlet-4,CAKE-009,6,0,144.0,29
2025-12-20,outlet-4,CAKE-010,13,0,234.0,38
2025-12-20,outlet-5,CAKE-001,6,0,168.0,3
2025-12-20,outlet-5,CAKE-002,4,0,96.0,5
2025-12-20,outlet-5,CAKE-003,3,0,96.0,1
2025-12-20,outlet-5,CAKE-004,4,0,88.0,9
2025-12-20,outlet-5,CAKE-005,3,0,78.0,2
2025-12-20,outlet-5,CAKE-006,9,0,270.0,12
2025-12-20,outlet-5,CAKE-007,4,0,108.0,19
2025-12-20,outlet-5,CAKE-008,2,0,40.0,1
2025-12-20,outlet-5,CAKE-009,3,0,72.0,16
2025-12-20,outlet-5,CAKE-010,4,0,72.0,2
2025-12-21,outlet-1,CAKE-001,7,0,196.0,69
2025-12-21,outlet-1,CAKE-002,12,0,288.0,20
2025-12-21,outlet-1,CAKE-003,6,0,192.0,16
2025-12-21,outlet-1,CAKE-004,9,0,198.0,4
2025-12-21,outlet-1,CAKE-005,5,0,130.0,22
2025-12-21,outlet-1,CAKE-006,9,0,270.0,3
2025-12-21,outlet-1,CAKE-007,6,0,162.0,16
2025-12-21,outlet-1,CAKE-008,5,0,100.0,13
2025-12-21,outlet-1,CAKE-009,6,0,144.0,15
2025-12-21,outlet-1,CAKE-010,8,0,144.0,4
2025-12-21,outlet-2,CAKE-001,7,0,196.0,41
2025-12-21,outlet-2,CAKE-002,6,0,144.0,42
2025-12-21,outlet-2,CAKE-003,0,0,0.0,27
2025-12-21,outlet-2,CAKE-004,7,0,154.0,14
2025-12-21,outlet-2,CAKE-005,6,0,156.0,23
2025-12-21,outlet-2,CAKE-006,7,0,210.0,12
2025-12-21,outlet-2,CAKE-007,0,0,0.0,30
2025-12-21,outlet-2,CAKE-008,4,0,80.0,13
2025-12-21,outlet-2,CAKE-009,4,0,96.0,17
2025-12-21,outlet-2,CAKE-010,0,0,0.0,39
2025-12-21,outlet-3,CAKE-001,16,1,448.0,20
2025-12-21,outlet-3,CAKE-002,6,0,144.0,4
2025-12-21,outlet-3,CAKE-003,9,0,288.0,46
2025-12-21,outlet-3,CAKE-004,4,0,88.0,15
2025-12-21,outlet-3,CAKE-005,5,0,130.0,6
2025-12-21,outlet-3,CAKE-006,6,0,180.0,40
2025-12-21,outlet-3,CAKE-007,6,0,162.0,9
2025-12-21,outlet-3,CAKE-008,2,0,40.0,8
2025-12-21,outlet-3,CAKE-009,4,0,96.0,17
2025-12-21,outlet-3,CAKE-010,6,0,108.0,12
2025-12-21,outlet-4,CAKE-001,10,0,280.0,17
2025-12-21,outlet-4,CAKE-002,14,0,336.0,0
2025-12-21,outlet-4,CAKE-003,0,0,0.0,24
2025-12-21,outlet-4,CAKE-004,0,0,0.0,0
2025-12-21,outlet-4,CAKE-005,4,0,104.0,33
2025-12-21,outlet-4,CAKE-006,2,0,60.0,0
2025-12-21,outlet-4,CAKE-007,7,0,189.0,8
2025-12-21,outlet-4,CAKE-008,4,0,80.0,5
2025-12-21,outlet-4,CAKE-009,6,0,144.0,23
2025-12-21,outlet-4,CAKE-010,10,0,180.0,28
2025-12-21,outlet-5,CAKE-001,3,0,84.0,8
2025-12-21,outlet-5,CAKE-002,2,0,48.0,3
2025-12-21,outlet-5,CAKE-003,1,0,32.0,3
2025-12-21,outlet-5,CAKE-004,3,0,66.0,9
2025-12-21,outlet-5,CAKE-005,1,0,26.0,1
2025-12-21,outlet-5,CAKE-006,9,0,270.0,3
2025-12-21,outlet-5,CAKE-007,5,0,135.0,14
2025-12-21,outlet-5,CAKE-008,1,0,20.0,7
2025-12-21,outlet-5,CAKE-009,4,0,96.0,12
2025-12-21,outlet-5,CAKE-010,2,0,36.0,21
2025-12-22,outlet-1,CAKE-001,10,0,280.0,59
2025-12-22,outlet-1,CAKE-002,8,0,192.0,12
2025-12-22,outlet-1,CAKE-003,5,0,160.0,18
2025-12-22,outlet-1,CAKE-004,2,0,44.0,9
2025-12-22,outlet-1,CAKE-005,4,0,104.0,18
2025-12-22,outlet-1,CAKE-006,3,0,90.0,30
2025-12-22,outlet-1,CAKE-007,6,0,162.0,10
2025-12-22,outlet-1,CAKE-008,2,0,40.0,15
2025-12-22,outlet-1,CAKE-009,4,0,96.0,11
2025-12-22,outlet-1,CAKE-010,4,0,72.0,43
2025-12-22,outlet-2,CAKE-001,8,0,224.0,33
2025-12-22,outlet-2,CAKE-002,5,0,120.0,37
2025-12-22,outlet-2,CAKE-003,5,0,160.0,32
2025-12-22,outlet-2,CAKE-004,5,0,110.0,14
2025-12-22,outlet-2,CAKE-005,5,0,130.0,18
2025-12-22,outlet-2,CAKE-006,1,0,30.0,20
2025-12-22,outlet-2,CAKE-007,7,0,189.0,23
2025-12-22,outlet-2,CAKE-008,3,0,60.0,10
2025-12-22,outlet-2,CAKE-009,3,0,72.0,22
2025-12-22,outlet-2,CAKE-010,5,0,90.0,34
2025-12-22,outlet-3,CAKE-001,11,0,308.0,9
2025-12-22,outlet-3,CAKE-002,4,0,96.0,0
2025-12-22,outlet-3,CAKE-003,7,0,224.0,39
2025-12-22,outlet-3,CAKE-004,4,0,88.0,11
2025-12-22,outlet-3,CAKE-005,4,0,104.0,7
2025-12-22,outlet-3,CAKE-006,7,0,210.0,33
2025-12-22,outlet-3,CAKE-007,6,0,162.0,10
2025-12-22,outlet-3,CAKE-008,1,0,20.0,11
2025-12-22,outlet-3,CAKE-009,4,0,96.0,13
2025-12-22,outlet-3,CAKE-010,5,0,90.0,7
2025-12-22,outlet-4,CAKE-001,9,0,252.0,8
2025-12-22,outlet-4,CAKE-002,0,0,0.0,19
2025-12-22,outlet-4,CAKE-003,3,0,96.0,33
2025-12-22,outlet-4,CAKE-004,0,0,0.0,8
2025-12-22,outlet-4,CAKE-005,6,0,156.0,38
2025-12-22,outlet-4,CAKE-006,0,0,0.0,0
2025-12-22,outlet-4,CAKE-007,7,0,189.0,37
2025-12-22,outlet-4,CAKE-008,4,0,80.0,12
2025-12-22,outlet-4,CAKE-009,4,0,96.0,19
2025-12-22,outlet-4,CAKE-010,8,0,144.0,20
2025-12-22,outlet-5,CAKE-001,5,0,140.0,3
2025-12-22,outlet-5,CAKE-002,3,0,72.0,21
2025-12-22,outlet-5,CAKE-003,3,0,96.0,12
2025-12-22,outlet-5,CAKE-004,3,0,66.0,6
2025-12-22,outlet-5,CAKE-005,1,0,26.0,12
2025-12-22,outlet-5,CAKE-006,3,0,90.0,30
2025-12-22,outlet-5,CAKE-007,3,0,81.0,18
2025-12-22,outlet-5,CAKE-008,1,0,20.0,8
2025-12-22,outlet-5,CAKE-009,3,0,72.0,9
2025-12-22,outlet-5,CAKE-010,4,0,72.0,17
2025-12-23,outlet-1,CAKE-001,10,0,280.0,49
2025-12-23,outlet-1,CAKE-002,8,0,192.0,4
2025-12-23,outlet-1,CAKE-003,5,0,160.0,13
2025-12-23,outlet-1,CAKE-004,3,0,66.0,12
2025-12-23,outlet-1,CAKE-005,3,0,78.0,15
2025-12-23,outlet-1,CAKE-006,6,0,180.0,24
2025-12-23,outlet-1,CAKE-007,3,0,81.0,18
2025-12-23,outlet-1,CAKE-008,3,0,60.0,12
2025-12-23,outlet-1,CAKE-009,5,0,120.0,6
2025-12-23,outlet-1,CAKE-010,7,0,126.0,36
2025-12-23,outlet-2,CAKE-001,10,0,280.0,23
2025-12-23,outlet-2,CAKE-002,7,0,168.0,44
2025-12-23,outlet-2,CAKE-003,8,0,256.0,24
2025-12-23,outlet-2,CAKE-004,4,0,88.0,16
2025-12-23,outlet-2,CAKE-005,3,0,78.0,15
2025-12-23,outlet-2,CAKE-006,4,0,120.0,16
2025-12-23,outlet-2,CAKE-007,5,0,135.0,23
2025-12-23,outlet-2,CAKE-008,3,0,60.0,7
2025-12-23,outlet-2,CAKE-009,2,0,48.0,27
2025-12-23,outlet-2,CAKE-010,8,0,144.0,26
2025-12-23,outlet-3,CAKE-001,9,0,252.0,0
2025-12-23,outlet-3,CAKE-002,0,0,0.0,15
2025-12-23,outlet-3,CAKE-003,7,0,224.0,32
2025-12-23,outlet-3,CAKE-004,3,0,66.0,8
2025-12-23,outlet-3,CAKE-005,5,0,130.0,2
2025-12-23,outlet-3,CAKE-006,12,0,360.0,21
2025-12-23,outlet-3,CAKE-007,6,1,162.0,5
2025-12-23,outlet-3,CAKE-008,2,0,40.0,9
2025-12-23,outlet-3,CAKE-009,3,0,72.0,10
2025-12-23,outlet-3,CAKE-010,5,0,90.0,34
2025-12-23,outlet-4,CAKE-001,8,0,224.0,43
2025-12-23,outlet-4,CAKE-002,7,0,168.0,12
2025-12-23,outlet-4,CAKE-003,5,0,160.0,40
2025-12-23,outlet-4,CAKE-004,6,0,132.0,30
2025-12-23,outlet-4,CAKE-005,3,0,78.0,35
2025-12-23,outlet-4,CAKE-006,0,0,0.0,21
2025-12-23,outlet-4,CAKE-007,4,0,108.0,33
2025-12-23,outlet-4,CAKE-008,5,0,100.0,7
2025-12-23,outlet-4,CAKE-009,5,0,120.0,14
2025-12-23,outlet-4,CAKE-010,9,0,162.0,11
2025-12-23,outlet-5,CAKE-001,3,0,84.0,28
2025-12-23,outlet-5,CAKE-002,3,0,72.0,18
2025-12-23,outlet-5,CAKE-003,3,0,96.0,9
2025-12-23,outlet-5,CAKE-004,2,0,44.0,4
2025-12-23,outlet-5,CAKE-005,2,0,52.0,10
2025-12-23,outlet-5,CAKE-006,7,0,210.0,23
2025-12-23,outlet-5,CAKE-007,3,0,81.0,22
2025-12-23,outlet-5,CAKE-008,1,0,20.0,7
2025-12-23,outlet-5,CAKE-009,3,0,72.0,6
2025-12-23,outlet-5,CAKE-010,3,0,54.0,19
2025-12-24,outlet-1,CAKE-001,6,0,168.0,61
2025-12-24,outlet-1,CAKE-002,4,0,96.0,0
2025-12-24,outlet-1,CAKE-003,4,0,128.0,9
2025-12-24,outlet-1,CAKE-004,5,0,110.0,7
2025-12-24,outlet-1,CAKE-005,2,0,52.0,22
2025-12-24,outlet-1,CAKE-006,4,0,120.0,37
2025-12-24,outlet-1,CAKE-007,7,0,189.0,22
2025-12-24,outlet-1,CAKE-008,2,0,40.0,14
2025-12-24,outlet-1,CAKE-009,5,0,120.0,7
2025-12-24,outlet-1,CAKE-010,8,0,144.0,41
2025-12-24,outlet-2,CAKE-001,9,0,252.0,14
2025-12-24,outlet-2,CAKE-002,8,0,192.0,36
2025-12-24,outlet-2,CAKE-003,3,0,96.0,21
2025-12-24,outlet-2,CAKE-004,4,0,88.0,12
2025-12-24,outlet-2,CAKE-005,4,0,104.0,19
2025-12-24,outlet-2,CAKE-006,4,0,120.0,12
2025-12-24,outlet-2,CAKE-007,7,0,189.0,16
2025-12-24,outlet-2,CAKE-008,3,0,60.0,4
2025-12-24,outlet-2,CAKE-009,3,0,72.0,24
2025-12-24,outlet-2,CAKE-010,4,0,72.0,22
2025-12-24,outlet-3,CAKE-001,0,0,0.0,67
2025-12-24,outlet-3,CAKE-002,5,0,120.0,10
2025-12-24,outlet-3,CAKE-003,9,0,288.0,23
2025-12-24,outlet-3,CAKE-004,3,0,66.0,5
2025-12-24,outlet-3,CAKE-005,2,0,52.0,0
2025-12-24,outlet-3,CAKE-006,10,0,300.0,11
2025-12-24,outlet-3,CAKE-007,5,0,135.0,0
2025-12-24,outlet-3,CAKE-008,3,0,60.0,10
2025-12-24,outlet-3,CAKE-009,4,0,96.0,17
2025-12-24,outlet-3,CAKE-010,3,0,54.0,31
2025-12-24,outlet-4,CAKE-001,7,0,196.0,36
2025-12-24,outlet-4,CAKE-002,8,0,192.0,58
2025-12-24,outlet-4,CAKE-003,3,0,96.0,37
2025-12-24,outlet-4,CAKE-004,6,0,132.0,24
2025-12-24,outlet-4,CAKE-005,5,0,130.0,30
2025-12-24,outlet-4,CAKE-006,2,0,60.0,19
2025-12-24,outlet-4,CAKE-007,5,0,135.0,28
2025-12-24,outlet-4,CAKE-008,5,0,100.0,2
2025-12-24,outlet-4,CAKE-009,6,0,144.0,8
2025-12-24,outlet-4,CAKE-010,10,0,180.0,1
2025-12-24,outlet-5,CAKE-001,5,0,140.0,23
2025-12-24,outlet-5,CAKE-002,4,0,96.0,14
2025-12-24,outlet-5,CAKE-003,2,0,64.0,10
2025-12-24,outlet-5,CAKE-004,3,0,66.0,15
2025-12-24,outlet-5,CAKE-005,2,0,52.0,8
2025-12-24,outlet-5,CAKE-006,4,0,120.0,19
2025-12-24,outlet-5,CAKE-007,2,0,54.0,28
2025-12-24,outlet-5,CAKE-008,1,0,20.0,6
2025-12-24,outlet-5,CAKE-009,2,0,48.0,4
2025-12-24,outlet-5,CAKE-010,4,0,72.0,15
2025-12-25,outlet-1,CAKE-001,12,0,336.0,69
2025-12-25,outlet-1,CAKE-002,0,0,0.0,0
2025-12-25,outlet-1,CAKE-003,6,0,192.0,3
2025-12-25,outlet-1,CAKE-004,5,0,110.0,2
2025-12-25,outlet-1,CAKE-005,4,0,104.0,18
2025-12-25,outlet-1,CAKE-006,8,0,240.0,29
2025-12-25,outlet-1,CAKE-007,4,0,108.0,18
2025-12-25,outlet-1,CAKE-008,3,0,60.0,11
2025-12-25,outlet-1,CAKE-009,4,0,96.0,3
2025-12-25,outlet-1,CAKE-010,9,0,162.0,43
2025-12-25,outlet-2,CAKE-001,7,0,196.0,7
2025-12-25,outlet-2,CAKE-002,8,0,192.0,28
2025-12-25,outlet-2,CAKE-003,3,0,96.0,18
2025-12-25,outlet-2,CAKE-004,4,0,88.0,8
2025-12-25,outlet-2,CAKE-005,5,0,130.0,14
2025-12-25,outlet-2,CAKE-006,1,0,30.0,11
2025-12-25,outlet-2,CAKE-007,3,0,81.0,13
2025-12-25,outlet-2,CAKE-008,3,0,60.0,17
2025-12-25,outlet-2,CAKE-009,3,0,72.0,21
2025-12-25,outlet-2,CAKE-010,7,0,126.0,15
2025-12-25,outlet-3,CAKE-001,12,0,336.0,55
2025-12-25,outlet-3,CAKE-002,6,0,144.0,4
2025-12-25,outlet-3,CAKE-003,8,0,256.0,15
2025-12-25,outlet-3,CAKE-004,4,0,88.0,4
2025-12-25,outlet-3,CAKE-005,0,0,0.0,24
2025-12-25,outlet-3,CAKE-006,7,0,210.0,4
2025-12-25,outlet-3,CAKE-007,0,0,0.0,7
2025-12-25,outlet-3,CAKE-008,2,0,40.0,8
2025-12-25,outlet-3,CAKE-009,2,0,48.0,15
2025-12-25,outlet-3,CAKE-010,5,0,90.0,26
2025-12-25,outlet-4,CAKE-001,6,0,168.0,43
2025-12-25,outlet-4,CAKE-002,13,0,312.0,45
2025-12-25,outlet-4,CAKE-003,7,0,224.0,30
2025-12-25,outlet-4,CAKE-004,3,0,66.0,21
2025-12-25,outlet-4,CAKE-005,6,0,156.0,36
2025-12-25,outlet-4,CAKE-006,2,0,60.0,17
2025-12-25,outlet-4,CAKE-007,9,1,243.0,26
2025-12-25,outlet-4,CAKE-008,2,0,40.0,0
2025-12-25,outlet-4,CAKE-009,4,0,96.0,4
2025-12-25,outlet-4,CAKE-010,1,0,18.0,0
2025-12-25,outlet-5,CAKE-001,4,0,112.0,19
2025-12-25,outlet-5,CAKE-002,4,0,96.0,10
2025-12-25,outlet-5,CAKE-003,2,0,64.0,8
2025-12-25,outlet-5,CAKE-004,2,0,44.0,13
2025-12-25,outlet-5,CAKE-005,2,0,52.0,6
2025-12-25,outlet-5,CAKE-006,5,0,150.0,14
2025-12-25,outlet-5,CAKE-007,3,0,81.0,25
2025-12-25,outlet-5,CAKE-008,2,0,40.0,4
2025-12-25,outlet-5,CAKE-009,2,0,48.0,2
2025-12-25,outlet-5,CAKE-010,3,0,54.0,12
2025-12-26,outlet-1,CAKE-001,13,0,364.0,56
2025-12-26,outlet-1,CAKE-002,0,0,0.0,46
2025-12-26,outlet-1,CAKE-003,3,0,96.0,0
2025-12-26,outlet-1,CAKE-004,2,0,44.0,26
2025-12-26,outlet-1,CAKE-005,2,0,52.0,24
2025-12-26,outlet-1,CAKE-006,8,0,240.0,21
2025-12-26,outlet-1,CAKE-007,5,0,135.0,13
2025-12-26,outlet-1,CAKE-008,4,0,80.0,7
2025-12-26,outlet-1,CAKE-009,3,0,72.0,24
2025-12-26,outlet-1,CAKE-010,12,0,216.0,31
2025-12-26,outlet-2,CAKE-001,7,0,196.0,0
2025-12-26,outlet-2,CAKE-002,10,0,240.0,18
2025-12-26,outlet-2,CAKE-003,8,0,256.0,10
2025-12-26,outlet-2,CAKE-004,4,0,88.0,9
2025-12-26,outlet-2,CAKE-005,5,0,130.0,9
2025-12-26,outlet-2,CAKE-006,7,0,210.0,4
2025-12-26,outlet-2,CAKE-007,5,0,135.0,8
2025-12-26,outlet-2,CAKE-008,4,0,80.0,13
2025-12-26,outlet-2,CAKE-009,5,0,120.0,16
2025-12-26,outlet-2,CAKE-010,10,0,180.0,5
2025-12-26,outlet-3,CAKE-001,11,0,308.0,44
2025-12-26,outlet-3,CAKE-002,4,0,96.0,0
2025-12-26,outlet-3,CAKE-003,15,0,480.0,10
2025-12-26,outlet-3,CAKE-004,4,0,88.0,4
2025-12-26,outlet-3,CAKE-005,5,0,130.0,19
2025-12-26,outlet-3,CAKE-006,4,0,120.0,0
2025-12-26,outlet-3,CAKE-007,6,0,162.0,9
2025-12-26,outlet-3,CAKE-008,3,0,60.0,5
2025-12-26,outlet-3,CAKE-009,5,0,120.0,10
2025-12-26,outlet-3,CAKE-010,7,0,126.0,19
2025-12-26,outlet-4,CAKE-001,8,0,224.0,35
2025-12-26,outlet-4,CAKE-002,13,0,312.0,32
2025-12-26,outlet-4,CAKE-003,2,0,64.0,42
2025-12-26,outlet-4,CAKE-004,6,0,132.0,15
2025-12-26,outlet-4,CAKE-005,7,0,182.0,29
2025-12-26,outlet-4,CAKE-006,6,0,180.0,11
2025-12-26,outlet-4,CAKE-007,6,0,162.0,20
2025-12-26,outlet-4,CAKE-008,0,0,0.0,0
2025-12-26,outlet-4,CAKE-009,4,0,96.0,8
2025-12-26,outlet-4,CAKE-010,0,0,0.0,16
2025-12-26,outlet-5,CAKE-001,7,0,196.0,12
2025-12-26,outlet-5,CAKE-002,7,0,168.0,7
2025-12-26,outlet-5,CAKE-003,3,0,96.0,5
2025-12-26,outlet-5,CAKE-004,3,0,66.0,10
2025-12-26,outlet-5,CAKE-005,3,0,78.0,3
2025-12-26,outlet-5,CAKE-006,8,0,240.0,19
2025-12-26,outlet-5,CAKE-007,2,0,54.0,23
2025-12-26,outlet-5,CAKE-008,2,0,40.0,2
2025-12-26,outlet-5,CAKE-009,1,0,24.0,17
2025-12-26,outlet-5,CAKE-010,5,0,90.0,7
2025-12-27,outlet-1,CAKE-001,15,0,420.0,41
2025-12-27,outlet-1,CAKE-002,6,0,144.0,59
2025-12-27,outlet-1,CAKE-003,0,0,0.0,7
2025-12-27,outlet-1,CAKE-004,6,0,132.0,20
2025-12-27,outlet-1,CAKE-005,4,0,104.0,20
2025-12-27,outlet-1,CAKE-006,7,0,210.0,35
2025-12-27,outlet-1,CAKE-007,9,0,243.0,4
2025-12-27,outlet-1,CAKE-008,4,0,80.0,3
2025-12-27,outlet-1,CAKE-009,4,0,96.0,20
2025-12-27,outlet-1,CAKE-010,9,0,162.0,22
2025-12-27,outlet-2,CAKE-001,0,0,0.0,48
2025-12-27,outlet-2,CAKE-002,9,0,216.0,9
2025-12-27,outlet-2,CAKE-003,7,0,224.0,3
2025-12-27,outlet-2,CAKE-004,4,0,88.0,11
2025-12-27,outlet-2,CAKE-005,4,0,104.0,14
2025-12-27,outlet-2,CAKE-006,4,0,120.0,24
2025-12-27,outlet-2,CAKE-007,7,0,189.0,31
2025-12-27,outlet-2,CAKE-008,3,0,60.0,10
2025-12-27,outlet-2,CAKE-009,6,0,144.0,10
2025-12-27,outlet-2,CAKE-010,5,0,90.0,0
2025-12-27,outlet-3,CAKE-001,22,1,616.0,23
2025-12-27,outlet-3,CAKE-002,0,0,0.0,14
2025-12-27,outlet-3,CAKE-003,10,0,320.0,48
2025-12-27,outlet-3,CAKE-004,4,0,88.0,19
2025-12-27,outlet-3,CAKE-005,5,0,130.0,19
2025-12-27,outlet-3,CAKE-006,0,0,0.0,45
2025-12-27,outlet-3,CAKE-007,9,1,243.0,1
2025-12-27,outlet-3,CAKE-008,2,0,40.0,3
2025-12-27,outlet-3,CAKE-009,3,0,72.0,7
2025-12-27,outlet-3,CAKE-010,6,0,108.0,13
2025-12-27,outlet-4,CAKE-001,8,0,224.0,27
2025-12-27,outlet-4,CAKE-002,12,0,288.0,20
2025-12-27,outlet-4,CAKE-003,5,0,160.0,37
2025-12-27,outlet-4,CAKE-004,8,0,176.0,14
2025-12-27,outlet-4,CAKE-005,8,0,208.0,21
2025-12-27,outlet-4,CAKE-006,6,0,180.0,5
2025-12-27,outlet-4,CAKE-007,5,0,135.0,15
2025-12-27,outlet-4,CAKE-008,0,0,0.0,0
2025-12-27,outlet-4,CAKE-009,6,0,144.0,2
2025-12-27,outlet-4,CAKE-010,10,0,180.0,21
2025-12-27,outlet-5,CAKE-001,7,0,196.0,5
2025-12-27,outlet-5,CAKE-002,5,0,120.0,2
2025-12-27,outlet-5,CAKE-003,2,0,64.0,3
2025-12-27,outlet-5,CAKE-004,3,0,66.0,7
2025-12-27,outlet-5,CAKE-005,3,0,78.0,0
2025-12-27,outlet-5,CAKE-006,6,0,180.0,13
2025-12-27,outlet-5,CAKE-007,2,0,54.0,21
2025-12-27,outlet-5,CAKE-008,1,0,20.0,1
2025-12-27,outlet-5,CAKE-009,4,0,96.0,13
2025-12-27,outlet-5,CAKE-010,6,0,108.0,1
2025-12-28,outlet-1,CAKE-001,13,0,364.0,49
2025-12-28,outlet-1,CAKE-002,8,0,192.0,67
2025-12-28,outlet-1,CAKE-003,5,0,160.0,32
2025-12-28,outlet-1,CAKE-004,7,0,154.0,13
2025-12-28,outlet-1,CAKE-005,6,0,156.0,14
2025-12-28,outlet-1,CAKE-006,8,0,240.0,27
2025-12-28,outlet-1,CAKE-007,4,0,108.0,12
2025-12-28,outlet-1,CAKE-008,3,0,60.0,18
2025-12-28,outlet-1,CAKE-009,5,0,120.0,15
2025-12-28,outlet-1,CAKE-010,10,0,180.0,12
2025-12-28,outlet-2,CAKE-001,10,0,280.0,38
2025-12-28,outlet-2,CAKE-002,9,0,216.0,42
2025-12-28,outlet-2,CAKE-003,3,0,96.0,27
2025-12-28,outlet-2,CAKE-004,5,0,110.0,6
2025-12-28,outlet-2,CAKE-005,3,0,78.0,11
2025-12-28,outlet-2,CAKE-006,5,0,150.0,19
2025-12-28,outlet-2,CAKE-007,10,1,270.0,22
2025-12-28,outlet-2,CAKE-008,3,0,60.0,7
2025-12-28,outlet-2,CAKE-009,5,0,120.0,13
2025-12-28,outlet-2,CAKE-010,0,0,0.0,0
2025-12-28,outlet-3,CAKE-001,13,0,364.0,10
2025-12-28,outlet-3,CAKE-002,13,0,312.0,47
2025-12-28,outlet-3,CAKE-003,10,0,320.0,38
2025-12-28,outlet-3,CAKE-004,3,0,66.0,16
2025-12-28,outlet-3,CAKE-005,5,0,130.0,14
2025-12-28,outlet-3,CAKE-006,13,0,390.0,32
2025-12-28,outlet-3,CAKE-007,1,0,27.0,0
2025-12-28,outlet-3,CAKE-008,3,0,60.0,12
2025-12-28,outlet-3,CAKE-009,4,0,96.0,3
2025-12-28,outlet-3,CAKE-010,8,0,144.0,5
2025-12-28,outlet-4,CAKE-001,11,0,308.0,16
2025-12-28,outlet-4,CAKE-002,11,0,264.0,9
2025-12-28,outlet-4,CAKE-003,6,0,192.0,31
2025-12-28,outlet-4,CAKE-004,3,0,66.0,11
2025-12-28,outlet-4,CAKE-005,8,0,208.0,13
2025-12-28,outlet-4,CAKE-006,5,0,150.0,21
2025-12-28,outlet-4,CAKE-007,4,0,108.0,11
2025-12-28,outlet-4,CAKE-008,0,0,0.0,27
2025-12-28,outlet-4,CAKE-009,2,0,48.0,0
2025-12-28,outlet-4,CAKE-010,8,0,144.0,30
2025-12-28,outlet-5,CAKE-001,5,0,140.0,28
2025-12-28,outlet-5,CAKE-002,2,0,48.0,21
2025-12-28,outlet-5,CAKE-003,3,0,96.0,12
2025-12-28,outlet-5,CAKE-004,4,0,88.0,3
2025-12-28,outlet-5,CAKE-005,0,0,0.0,0
2025-12-28,outlet-5,CAKE-006,8,0,240.0,5
2025-12-28,outlet-5,CAKE-007,2,0,54.0,19
2025-12-28,outlet-5,CAKE-008,1,0,20.0,7
2025-12-28,outlet-5,CAKE-009,4,0,96.0,9
2025-12-28,outlet-5,CAKE-010,1,0,18.0,21
2025-12-29,outlet-1,CAKE-001,15,0,420.0,56
2025-12-29,outlet-1,CAKE-002,8,0,192.0,59
2025-12-29,outlet-1,CAKE-003,5,0,160.0,27
2025-12-29,outlet-1,CAKE-004,5,0,110.0,8
2025-12-29,outlet-1,CAKE-005,4,0,104.0,10
2025-12-29,outlet-1,CAKE-006,8,0,240.0,19
2025-12-29,outlet-1,CAKE-007,5,0,135.0,7
2025-12-29,outlet-1,CAKE-008,3,0,60.0,20
2025-12-29,outlet-1,CAKE-009,4,0,96.0,11
2025-12-29,outlet-1,CAKE-010,8,0,144.0,14
2025-12-29,outlet-2,CAKE-001,9,0,252.0,29
2025-12-29,outlet-2,CAKE-002,6,0,144.0,36
2025-12-29,outlet-2,CAKE-003,5,0,160.0,22
2025-12-29,outlet-2,CAKE-004,2,0,44.0,4
2025-12-29,outlet-2,CAKE-005,3,0,78.0,8
2025-12-29,outlet-2,CAKE-006,5,0,150.0,14
2025-12-29,outlet-2,CAKE-007,7,1,189.0,16
2025-12-29,outlet-2,CAKE-008,2,0,40.0,5
2025-12-29,outlet-2,CAKE-009,4,0,96.0,9
2025-12-29,outlet-2,CAKE-010,0,0,0.0,0
2025-12-29,outlet-3,CAKE-001,10,0,280.0,67
2025-12-29,outlet-3,CAKE-002,6,0,144.0,41
2025-12-29,outlet-3,CAKE-003,6,0,192.0,32
2025-12-29,outlet-3,CAKE-004,3,0,66.0,13
2025-12-29,outlet-3,CAKE-005,3,0,78.0,11
2025-12-29,outlet-3,CAKE-006,4,0,120.0,28
2025-12-29,outlet-3,CAKE-007,0,0,0.0,0
2025-12-29,outlet-3,CAKE-008,2,0,40.0,10
2025-12-29,outlet-3,CAKE-009,3,0,72.0,21
2025-12-29,outlet-3,CAKE-010,5,0,90.0,10
2025-12-29,outlet-4,CAKE-001,7,0,196.0,9
2025-12-29,outlet-4,CAKE-002,6,0,144.0,18
2025-12-29,outlet-4,CAKE-003,4,0,128.0,27
2025-12-29,outlet-4,CAKE-004,8,0,176.0,10
2025-12-29,outlet-4,CAKE-005,7,0,182.0,6
2025-12-29,outlet-4,CAKE-006,5,0,150.0,16
2025-12-29,outlet-4,CAKE-007,5,0,135.0,6
2025-12-29,outlet-4,CAKE-008,5,0,100.0,22
2025-12-29,outlet-4,CAKE-009,0,0,0.0,7
2025-12-29,outlet-4,CAKE-010,5,0,90.0,42
2025-12-29,outlet-5,CAKE-001,5,0,140.0,31
2025-12-29,outlet-5,CAKE-002,4,0,96.0,17
2025-12-29,outlet-5,CAKE-003,1,0,32.0,11
2025-12-29,outlet-5,CAKE-004,2,0,44.0,1
2025-12-29,outlet-5,CAKE-005,0,0,0.0,12
2025-12-29,outlet-5,CAKE-006,4,0,120.0,1
2025-12-29,outlet-5,CAKE-007,2,0,54.0,17
2025-12-29,outlet-5,CAKE-008,1,0,20.0,6
2025-12-29,outlet-5,CAKE-009,3,0,72.0,6
2025-12-29,outlet-5,CAKE-010,4,0,72.0,17
2025-12-30,outlet-1,CAKE-001,11,0,308.0,45
2025-12-30,outlet-1,CAKE-002,8,0,192.0,71
2025-12-30,outlet-1,CAKE-003,6,0,192.0,21
2025-12-30,outlet-1,CAKE-004,3,0,66.0,5
2025-12-30,outlet-1,CAKE-005,3,0,78.0,7
2025-12-30,outlet-1,CAKE-006,2,0,60.0,37
2025-12-30,outlet-1,CAKE-007,5,0,135.0,35
2025-12-30,outlet-1,CAKE-008,3,0,60.0,17
2025-12-30,outlet-1,CAKE-009,4,0,96.0,7
2025-12-30,outlet-1,CAKE-010,7,0,126.0,20
2025-12-30,outlet-2,CAKE-001,7,0,196.0,22
2025-12-30,outlet-2,CAKE-002,6,0,144.0,30
2025-12-30,outlet-2,CAKE-003,5,0,160.0,17
2025-12-30,outlet-2,CAKE-004,3,0,66.0,25
2025-12-30,outlet-2,CAKE-005,4,0,104.0,4
2025-12-30,outlet-2,CAKE-006,4,0,120.0,10
2025-12-30,outlet-2,CAKE-007,7,0,189.0,9
2025-12-30,outlet-2,CAKE-008,3,0,60.0,2
2025-12-30,outlet-2,CAKE-009,4,0,96.0,11
2025-12-30,outlet-2,CAKE-010,0,0,0.0,10
2025-12-30,outlet-3,CAKE-001,13,0,364.0,68
2025-12-30,outlet-3,CAKE-002,9,0,216.0,32
2025-12-30,outlet-3,CAKE-003,7,0,224.0,25
2025-12-30,outlet-3,CAKE-004,1,0,22.0,16
2025-12-30,outlet-3,CAKE-005,4,0,104.0,7
2025-12-30,outlet-3,CAKE-006,7,0,210.0,21
2025-12-30,outlet-3,CAKE-007,0,0,0.0,30
2025-12-30,outlet-3,CAKE-008,2,0,40.0,12
2025-12-30,outlet-3,CAKE-009,3,0,72.0,27
2025-12-30,outlet-3,CAKE-010,5,0,90.0,5
2025-12-30,outlet-4,CAKE-001,7,0,196.0,2
2025-12-30,outlet-4,CAKE-002,6,0,144.0,28
2025-12-30,outlet-4,CAKE-003,4,0,128.0,23
2025-12-30,outlet-4,CAKE-004,7,0,154.0,3
2025-12-30,outlet-4,CAKE-005,6,0,156.0,0
2025-12-30,outlet-4,CAKE-006,2,0,60.0,14
2025-12-30,outlet-4,CAKE-007,3,0,81.0,3
2025-12-30,outlet-4,CAKE-008,4,0,80.0,18
2025-12-30,outlet-4,CAKE-009,5,0,120.0,2
2025-12-30,outlet-4,CAKE-010,6,0,108.0,36
2025-12-30,outlet-5,CAKE-001,4,0,112.0,27
2025-12-30,outlet-5,CAKE-002,4,0,96.0,18
2025-12-30,outlet-5,CAKE-003,1,0,32.0,10
2025-12-30,outlet-5,CAKE-004,1,0,22.0,14
2025-12-30,outlet-5,CAKE-005,3,0,78.0,9
2025-12-30,outlet-5,CAKE-006,1,0,30.0,30
2025-12-30,outlet-5,CAKE-007,4,0,108.0,13
2025-12-30,outlet-5,CAKE-008,1,0,20.0,5
2025-12-30,outlet-5,CAKE-009,3,0,72.0,3
2025-12-30,outlet-5,CAKE-010,4,0,72.0,13
2025-12-31,outlet-1,CAKE-001,15,0,420.0,30
2025-12-31,outlet-1,CAKE-002,7,0,168.0,64
2025-12-31,outlet-1,CAKE-003,4,0,128.0,24
2025-12-31,outlet-1,CAKE-004,4,0,88.0,27
2025-12-31,outlet-1,CAKE-005,5,0,130.0,9
2025-12-31,outlet-1,CAKE-006,5,0,150.0,52
2025-12-31,outlet-1,CAKE-007,5,0,135.0,30
2025-12-31,outlet-1,CAKE-008,3,0,60.0,14
2025-12-31,outlet-1,CAKE-009,3,0,72.0,4
2025-12-31,outlet-1,CAKE-010,8,0,144.0,12
2025-12-31,outlet-2,CAKE-001,9,0,252.0,13
2025-12-31,outlet-2,CAKE-002,6,0,144.0,24
2025-12-31,outlet-2,CAKE-003,6,0,192.0,11
2025-12-31,outlet-2,CAKE-004,3,0,66.0,22
2025-12-31,outlet-2,CAKE-005,4,0,104.0,21
2025-12-31,outlet-2,CAKE-006,5,0,150.0,14
2025-12-31,outlet-2,CAKE-007,6,0,162.0,3
2025-12-31,outlet-2,CAKE-008,2,0,40.0,4
2025-12-31,outlet-2,CAKE-009,4,0,96.0,7
2025-12-31,outlet-2,CAKE-010,7,0,126.0,13
2025-12-31,outlet-3,CAKE-001,10,0,280.0,58
2025-12-31,outlet-3,CAKE-002,7,0,168.0,25
2025-12-31,outlet-3,CAKE-003,8,0,256.0,28
2025-12-31,outlet-3,CAKE-004,3,0,66.0,13
2025-12-31,outlet-3,CAKE-005,5,0,130.0,2
2025-12-31,outlet-3,CAKE-006,8,0,240.0,13
2025-12-31,outlet-3,CAKE-007,8,0,216.0,30
2025-12-31,outlet-3,CAKE-008,3,0,60.0,9
2025-12-31,outlet-3,CAKE-009,2,0,48.0,25
2025-12-31,outlet-3,CAKE-010,5,0,90.0,0
2025-12-31,outlet-4,CAKE-001,2,0,56.0,43
2025-12-31,outlet-4,CAKE-002,7,0,168.0,21
2025-12-31,outlet-4,CAKE-003,4,0,128.0,30
2025-12-31,outlet-4,CAKE-004,3,0,66.0,28
2025-12-31,outlet-4,CAKE-005,0,0,0.0,10
2025-12-31,outlet-4,CAKE-006,4,0,120.0,10
2025-12-31,outlet-4,CAKE-007,3,0,81.0,36
2025-12-31,outlet-4,CAKE-008,4,0,80.0,14
2025-12-31,outlet-4,CAKE-009,2,0,48.0,7
2025-12-31,outlet-4,CAKE-010,8,0,144.0,28
2025-12-31,outlet-5,CAKE-001,2,0,56.0,25
2025-12-31,outlet-5,CAKE-002,3,0,72.0,15
2025-12-31,outlet-5,CAKE-003,2,0,64.0,8
2025-12-31,outlet-5,CAKE-004,3,0,66.0,11
2025-12-31,outlet-5,CAKE-005,3,0,78.0,6
2025-12-31,outlet-5,CAKE-006,6,0,180.0,35
2025-12-31,outlet-5,CAKE-007,3,0,81.0,17
2025-12-31,outlet-5,CAKE-008,1,0,20.0,5
2025-12-31,outlet-5,CAKE-009,3,0,72.0,16
2025-12-31,outlet-5,CAKE-010,4,0,72.0,9
2026-01-01,outlet-1,CAKE-001,8,0,224.0,22
2026-01-01,outlet-1,CAKE-002,9,0,216.0,55
2026-01-01,outlet-1,CAKE-003,7,0,224.0,17
2026-01-01,outlet-1,CAKE-004,3,0,66.0,24
2026-01-01,outlet-1,CAKE-005,4,0,104.0,5
2026-01-01,outlet-1,CAKE-006,5,0,150.0,47
2026-01-01,outlet-1,CAKE-007,6,0,162.0,24
2026-01-01,outlet-1,CAKE-008,3,0,60.0,11
2026-01-01,outlet-1,CAKE-009,4,0,96.0,0
2026-01-01,outlet-1,CAKE-010,9,0,162.0,46
2026-01-01,outlet-2,CAKE-001,8,0,224.0,5
2026-01-01,outlet-2,CAKE-002,6,0,144.0,31
2026-01-01,outlet-2,CAKE-003,4,0,128.0,7
2026-01-01,outlet-2,CAKE-004,4,0,88.0,18
2026-01-01,outlet-2,CAKE-005,5,0,130.0,16
2026-01-01,outlet-2,CAKE-006,5,0,150.0,9
2026-01-01,outlet-2,CAKE-007,3,0,81.0,0
2026-01-01,outlet-2,CAKE-008,2,0,40.0,2
2026-01-01,outlet-2,CAKE-009,5,0,120.0,2
2026-01-01,outlet-2,CAKE-010,8,0,144.0,5
2026-01-01,outlet-3,CAKE-001,14,0,392.0,58
2026-01-01,outlet-3,CAKE-002,8,0,192.0,17
2026-01-01,outlet-3,CAKE-003,6,0,192.0,22
2026-01-01,outlet-3,CAKE-004,1,0,22.0,12
2026-01-01,outlet-3,CAKE-005,2,0,52.0,0
2026-01-01,outlet-3,CAKE-006,10,0,300.0,18
2026-01-01,outlet-3,CAKE-007,3,0,81.0,27
2026-01-01,outlet-3,CAKE-008,2,0,40.0,7
2026-01-01,outlet-3,CAKE-009,2,0,48.0,23
2026-01-01,outlet-3,CAKE-010,0,0,0.0,32
2026-01-01,outlet-4,CAKE-001,7,0,196.0,36
2026-01-01,outlet-4,CAKE-002,8,0,192.0,13
2026-01-01,outlet-4,CAKE-003,5,0,160.0,25
2026-01-01,outlet-4,CAKE-004,3,0,66.0,33
2026-01-01,outlet-4,CAKE-005,5,0,130.0,5
2026-01-01,outlet-4,CAKE-006,5,0,150.0,5
2026-01-01,outlet-4,CAKE-007,4,0,108.0,32
2026-01-01,outlet-4,CAKE-008,5,0,100.0,9
2026-01-01,outlet-4,CAKE-009,7,0,168.0,28
2026-01-01,outlet-4,CAKE-010,7,0,126.0,21
2026-01-01,outlet-5,CAKE-001,4,0,112.0,21
2026-01-01,outlet-5,CAKE-002,5,0,120.0,10
2026-01-01,outlet-5,CAKE-003,3,0,96.0,5
2026-01-01,outlet-5,CAKE-004,2,0,44.0,9
2026-01-01,outlet-5,CAKE-005,3,0,78.0,3
2026-01-01,outlet-5,CAKE-006,6,0,180.0,40
2026-01-01,outlet-5,CAKE-007,2,0,54.0,15
2026-01-01,outlet-5,CAKE-008,1,0,20.0,5
2026-01-01,outlet-5,CAKE-009,3,0,72.0,13
2026-01-01,outlet-5,CAKE-010,4,0,72.0,5
2026-01-02,outlet-1,CAKE-001,17,1,476.0,25
2026-01-02,outlet-1,CAKE-002,12,0,288.0,43
2026-01-02,outlet-1,CAKE-003,5,0,160.0,12
2026-01-02,outlet-1,CAKE-004,5,0,110.0,25
2026-01-02,outlet-1,CAKE-005,5,0,130.0,24
2026-01-02,outlet-1,CAKE-006,8,0,240.0,39
2026-01-02,outlet-1,CAKE-007,5,0,135.0,30
2026-01-02,outlet-1,CAKE-008,3,0,60.0,8
2026-01-02,outlet-1,CAKE-009,0,0,0.0,24
2026-01-02,outlet-1,CAKE-010,10,0,180.0,36
2026-01-02,outlet-2,CAKE-001,5,0,140.0,0
2026-01-02,outlet-2,CAKE-002,8,0,192.0,23
2026-01-02,outlet-2,CAKE-003,4,0,128.0,3
2026-01-02,outlet-2,CAKE-004,5,0,110.0,13
2026-01-02,outlet-2,CAKE-005,3,0,78.0,13
2026-01-02,outlet-2,CAKE-006,6,0,180.0,3
2026-01-02,outlet-2,CAKE-007,0,0,0.0,30
2026-01-02,outlet-2,CAKE-008,2,0,40.0,3
2026-01-02,outlet-2,CAKE-009,2,0,48.0,0
2026-01-02,outlet-2,CAKE-010,5,0,90.0,11
2026-01-02,outlet-3,CAKE-001,14,1,392.0,45
2026-01-02,outlet-3,CAKE-002,10,0,240.0,7
2026-01-02,outlet-3,CAKE-003,11,0,352.0,11
2026-01-02,outlet-3,CAKE-004,5,0,110.0,10
2026-01-02,outlet-3,CAKE-005,0,0,0.0,24
2026-01-02,outlet-3,CAKE-006,8,0,240.0,10
2026-01-02,outlet-3,CAKE-007,9,1,243.0,19
2026-01-02,outlet-3,CAKE-008,2,0,40.0,5
2026-01-02,outlet-3,CAKE-009,5,0,120.0,18
2026-01-02,outlet-3,CAKE-010,7,0,126.0,36
2026-01-02,outlet-4,CAKE-001,11,0,308.0,25
2026-01-02,outlet-4,CAKE-002,12,0,288.0,55
2026-01-02,outlet-4,CAKE-003,8,0,256.0,29
2026-01-02,outlet-4,CAKE-004,6,0,132.0,27
2026-01-02,outlet-4,CAKE-005,5,0,130.0,33
2026-01-02,outlet-4,CAKE-006,5,0,150.0,0
2026-01-02,outlet-4,CAKE-007,12,1,324.0,21
2026-01-02,outlet-4,CAKE-008,5,0,100.0,16
2026-01-02,outlet-4,CAKE-009,5,0,120.0,23
2026-01-02,outlet-4,CAKE-010,11,0,198.0,10
2026-01-02,outlet-5,CAKE-001,7,0,196.0,14
2026-01-02,outlet-5,CAKE-002,5,0,120.0,5
2026-01-02,outlet-5,CAKE-003,2,0,64.0,3
2026-01-02,outlet-5,CAKE-004,5,0,110.0,4
2026-01-02,outlet-5,CAKE-005,3,0,78.0,3
2026-01-02,outlet-5,CAKE-006,8,0,240.0,32
2026-01-02,outlet-5,CAKE-007,4,0,108.0,11
2026-01-02,outlet-5,CAKE-008,1,0,20.0,4
2026-01-02,outlet-5,CAKE-009,4,0,96.0,9
2026-01-02,outlet-5,CAKE-010,5,0,90.0,21
2026-01-03,outlet-1,CAKE-001,13,0,364.0,31
2026-01-03,outlet-1,CAKE-002,9,0,216.0,34
2026-01-03,outlet-1,CAKE-003,6,0,192.0,6
2026-01-03,outlet-1,CAKE-004,6,0,132.0,19
2026-01-03,outlet-1,CAKE-005,5,0,130.0,19
2026-01-03,outlet-1,CAKE-006,10,0,300.0,29
2026-01-03,outlet-1,CAKE-007,5,0,135.0,25
2026-01-03,outlet-1,CAKE-008,5,0,100.0,3
2026-01-03,outlet-1,CAKE-009,6,0,144.0,18
2026-01-03,outlet-1,CAKE-010,11,0,198.0,25
2026-01-03,outlet-2,CAKE-001,0,0,0.0,0
2026-01-03,outlet-2,CAKE-002,11,0,264.0,12
2026-01-03,outlet-2,CAKE-003,3,0,96.0,10
2026-01-03,outlet-2,CAKE-004,3,0,66.0,10
2026-01-03,outlet-2,CAKE-005,4,0,104.0,9
2026-01-03,outlet-2,CAKE-006,3,0,90.0,0
2026-01-03,outlet-2,CAKE-007,9,0,243.0,21
2026-01-03,outlet-2,CAKE-008,3,0,60.0,0
2026-01-03,outlet-2,CAKE-009,0,0,0.0,0
2026-01-03,outlet-2,CAKE-010,11,0,198.0,39
2026-01-03,outlet-3,CAKE-001,17,0,476.0,28
2026-01-03,outlet-3,CAKE-002,7,0,168.0,0
2026-01-03,outlet-3,CAKE-003,11,0,352.0,0
2026-01-03,outlet-3,CAKE-004,5,0,110.0,5
2026-01-03,outlet-3,CAKE-005,5,0,130.0,19
2026-01-03,outlet-3,CAKE-006,10,0,300.0,14
2026-01-03,outlet-3,CAKE-007,8,0,216.0,11
2026-01-03,outlet-3,CAKE-008,3,0,60.0,2
2026-01-03,outlet-3,CAKE-009,4,0,96.0,14
2026-01-03,outlet-3,CAKE-010,8,0,144.0,28
2026-01-03,outlet-4,CAKE-001,11,0,308.0,14
2026-01-03,outlet-4,CAKE-002,11,0,264.0,44
2026-01-03,outlet-4,CAKE-003,6,0,192.0,23
2026-01-03,outlet-4,CAKE-004,7,0,154.0,20
2026-01-03,outlet-4,CAKE-005,8,0,208.0,25
2026-01-03,outlet-4,CAKE-006,0,0,0.0,21
2026-01-03,outlet-4,CAKE-007,9,0,243.0,12
2026-01-03,outlet-4,CAKE-008,8,0,160.0,8
2026-01-03,outlet-4,CAKE-009,8,0,192.0,23
2026-01-03,outlet-4,CAKE-010,10,0,180.0,15
2026-01-03,outlet-5,CAKE-001,5,0,140.0,9
2026-01-03,outlet-5,CAKE-002,5,0,120.0,4
2026-01-03,outlet-5,CAKE-003,2,0,64.0,1
2026-01-03,outlet-5,CAKE-004,4,0,88.0,3
2026-01-03,outlet-5,CAKE-005,3,0,78.0,12
2026-01-03,outlet-5,CAKE-006,6,0,180.0,26
2026-01-03,outlet-5,CAKE-007,3,0,81.0,15
2026-01-03,outlet-5,CAKE-008,1,0,20.0,3
2026-01-03,outlet-5,CAKE-009,4,0,96.0,5
2026-01-03,outlet-5,CAKE-010,5,0,90.0,16
2026-01-04,outlet-1,CAKE-001,10,0,280.0,21
2026-01-04,outlet-1,CAKE-002,8,0,192.0,26
2026-01-04,outlet-1,CAKE-003,6,0,192.0,0
2026-01-04,outlet-1,CAKE-004,6,0,132.0,19
2026-01-04,outlet-1,CAKE-005,3,0,78.0,16
2026-01-04,outlet-1,CAKE-006,5,0,150.0,24
2026-01-04,outlet-1,CAKE-007,12,1,324.0,14
2026-01-04,outlet-1,CAKE-008,3,0,60.0,18
2026-01-04,outlet-1,CAKE-009,5,0,120.0,19
2026-01-04,outlet-1,CAKE-010,7,0,126.0,18
2026-01-04,outlet-2,CAKE-001,0,0,0.0,48
2026-01-04,outlet-2,CAKE-002,9,0,216.0,45
2026-01-04,outlet-2,CAKE-003,7,0,224.0,3
2026-01-04,outlet-2,CAKE-004,3,0,66.0,7
2026-01-04,outlet-2,CAKE-005,4,0,104.0,12
2026-01-04,outlet-2,CAKE-006,0,0,0.0,24
2026-01-04,outlet-2,CAKE-007,5,0,135.0,16
2026-01-04,outlet-2,CAKE-008,0,0,0.0,0
2026-01-04,outlet-2,CAKE-009,0,0,0.0,21
2026-01-04,outlet-2,CAKE-010,10,0,180.0,29
2026-01-04,outlet-3,CAKE-001,17,0,476.0,11
2026-01-04,outlet-3,CAKE-002,0,0,0.0,46
2026-01-04,outlet-3,CAKE-003,0,0,0.0,48
2026-01-04,outlet-3,CAKE-004,5,0,110.0,19
2026-01-04,outlet-3,CAKE-005,7,0,182.0,12
2026-01-04,outlet-3,CAKE-006,14,0,420.0,0
2026-01-04,outlet-3,CAKE-007,7,0,189.0,4
2026-01-04,outlet-3,CAKE-008,2,0,40.0,0
2026-01-04,outlet-3,CAKE-009,5,0,120.0,9
2026-01-04,outlet-3,CAKE-010,9,0,162.0,19
2026-01-04,outlet-4,CAKE-001,9,0,252.0,5
2026-01-04,outlet-4,CAKE-002,9,0,216.0,35
2026-01-04,outlet-4,CAKE-003,4,0,128.0,19
2026-01-04,outlet-4,CAKE-004,7,0,154.0,21
2026-01-04,outlet-4,CAKE-005,6,0,156.0,19
2026-01-04,outlet-4,CAKE-006,3,0,90.0,18
2026-01-04,outlet-4,CAKE-007,11,1,297.0,38
2026-01-04,outlet-4,CAKE-008,5,0,100.0,3
2026-01-04,outlet-4,CAKE-009,5,0,120.0,18
2026-01-04,outlet-4,CAKE-010,13,0,234.0,48
2026-01-04,outlet-5,CAKE-001,4,0,112.0,5
2026-01-04,outlet-5,CAKE-002,4,0,96.0,21
2026-01-04,outlet-5,CAKE-003,1,0,32.0,0
2026-01-04,outlet-5,CAKE-004,3,0,66.0,14
2026-01-04,outlet-5,CAKE-005,3,0,78.0,9
2026-01-04,outlet-5,CAKE-006,6,0,180.0,20
2026-01-04,outlet-5,CAKE-007,3,0,81.0,18
2026-01-04,outlet-5,CAKE-008,1,0,20.0,2
2026-01-04,outlet-5,CAKE-009,3,0,72.0,2
2026-01-04,outlet-5,CAKE-010,4,0,72.0,12
2026-01-05,outlet-1,CAKE-001,12,0,336.0,9
2026-01-05,outlet-1,CAKE-002,8,0,192.0,18
2026-01-05,outlet-1,CAKE-003,0,0,0.0,30
2026-01-05,outlet-1,CAKE-004,4,0,88.0,15
2026-01-05,outlet-1,CAKE-005,4,0,104.0,12
2026-01-05,outlet-1,CAKE-006,6,0,180.0,39
2026-01-05,outlet-1,CAKE-007,3,0,81.0,23
2026-01-05,outlet-1,CAKE-008,2,0,40.0,16
2026-01-05,outlet-1,CAKE-009,4,0,96.0,15
2026-01-05,outlet-1,CAKE-010,7,0,126.0,23
2026-01-05,outlet-2,CAKE-001,9,0,252.0,39
2026-01-05,outlet-2,CAKE-002,7,0,168.0,38
2026-01-05,outlet-2,CAKE-003,3,0,96.0,0
2026-01-05,outlet-2,CAKE-004,5,0,110.0,2
2026-01-05,outlet-2,CAKE-005,4,0,104.0,8
2026-01-05,outlet-2,CAKE-006,5,0,150.0,19
2026-01-05,outlet-2,CAKE-007,5,0,135.0,17
2026-01-05,outlet-2,CAKE-008,0,0,0.0,0
2026-01-05,outlet-2,CAKE-009,3,0,72.0,18
2026-01-05,outlet-2,CAKE-010,10,0,180.0,19
2026-01-05,outlet-3,CAKE-001,11,0,308.0,0
2026-01-05,outlet-3,CAKE-002,9,0,216.0,37
2026-01-05,outlet-3,CAKE-003,6,0,192.0,42
2026-01-05,outlet-3,CAKE-004,3,0,66.0,20
2026-01-05,outlet-3,CAKE-005,6,0,156.0,6
2026-01-05,outlet-3,CAKE-006,0,0,0.0,0
2026-01-05,outlet-3,CAKE-007,4,0,108.0,30
2026-01-05,outlet-3,CAKE-008,0,0,0.0,12
2026-01-05,outlet-3,CAKE-009,4,0,96.0,14
2026-01-05,outlet-3,CAKE-010,5,0,90.0,24
2026-01-05,outlet-4,CAKE-001,5,0,140.0,43
2026-01-05,outlet-4,CAKE-002,7,0,168.0,45
2026-01-05,outlet-4,CAKE-003,5,0,160.0,14
2026-01-05,outlet-4,CAKE-004,4,0,88.0,17
2026-01-05,outlet-4,CAKE-005,4,0,104.0,28
2026-01-05,outlet-4,CAKE-006,4,0,120.0,14
2026-01-05,outlet-4,CAKE-007,4,0,108.0,34
2026-01-05,outlet-4,CAKE-008,3,0,60.0,0
2026-01-05,outlet-4,CAKE-009,4,0,96.0,14
2026-01-05,outlet-4,CAKE-010,9,0,162.0,39
2026-01-05,outlet-5,CAKE-001,5,0,140.0,8
2026-01-05,outlet-5,CAKE-002,4,0,96.0,17
2026-01-05,outlet-5,CAKE-003,0,0,0.0,4
2026-01-05,outlet-5,CAKE-004,2,0,44.0,15
2026-01-05,outlet-5,CAKE-005,2,0,52.0,7
2026-01-05,outlet-5,CAKE-006,6,0,180.0,24
2026-01-05,outlet-5,CAKE-007,3,0,81.0,15
2026-01-05,outlet-5,CAKE-008,1,0,20.0,1
2026-01-05,outlet-5,CAKE-009,2,0,48.0,16
2026-01-05,outlet-5,CAKE-010,3,0,54.0,9
2026-01-06,outlet-1,CAKE-001,7,0,196.0,59
2026-01-06,outlet-1,CAKE-002,9,0,216.0,9
2026-01-06,outlet-1,CAKE-003,3,0,96.0,27
2026-01-06,outlet-1,CAKE-004,4,0,88.0,18
2026-01-06,outlet-1,CAKE-005,4,0,104.0,8
2026-01-06,outlet-1,CAKE-006,5,0,150.0,34
2026-01-06,outlet-1,CAKE-007,4,0,108.0,19
2026-01-06,outlet-1,CAKE-008,3,0,60.0,13
2026-01-06,outlet-1,CAKE-009,3,0,72.0,12
2026-01-06,outlet-1,CAKE-010,8,0,144.0,15
2026-01-06,outlet-2,CAKE-001,9,0,252.0,30
2026-01-06,outlet-2,CAKE-002,6,0,144.0,46
2026-01-06,outlet-2,CAKE-003,0,0,0.0,9
2026-01-06,outlet-2,CAKE-004,2,0,44.0,24
2026-01-06,outlet-2,CAKE-005,4,0,104.0,4
2026-01-06,outlet-2,CAKE-006,4,0,120.0,15
2026-01-06,outlet-2,CAKE-007,4,0,108.0,13
2026-01-06,outlet-2,CAKE-008,0,0,0.0,4
2026-01-06,outlet-2,CAKE-009,4,0,96.0,14
2026-01-06,outlet-2,CAKE-010,7,0,126.0,22
2026-01-06,outlet-3,CAKE-001,0,0,0.0,67
2026-01-06,outlet-3,CAKE-002,9,0,216.0,28
2026-01-06,outlet-3,CAKE-003,8,0,256.0,34
2026-01-06,outlet-3,CAKE-004,3,0,66.0,17
2026-01-06,outlet-3,CAKE-005,3,0,78.0,8
2026-01-06,outlet-3,CAKE-006,0,0,0.0,45
2026-01-06,outlet-3,CAKE-007,5,0,135.0,31
2026-01-06,outlet-3,CAKE-008,2,0,40.0,10
2026-01-06,outlet-3,CAKE-009,4,0,96.0,21
2026-01-06,outlet-3,CAKE-010,7,0,126.0,17
2026-01-06,outlet-4,CAKE-001,7,0,196.0,36
2026-01-06,outlet-4,CAKE-002,11,0,264.0,34
2026-01-06,outlet-4,CAKE-003,5,0,160.0,9
2026-01-06,outlet-4,CAKE-004,6,0,132.0,11
2026-01-06,outlet-4,CAKE-005,5,0,130.0,23
2026-01-06,outlet-4,CAKE-006,2,0,60.0,12
2026-01-06,outlet-4,CAKE-007,6,1,162.0,29
2026-01-06,outlet-4,CAKE-008,0,0,0.0,0
2026-01-06,outlet-4,CAKE-009,6,0,144.0,8
2026-01-06,outlet-4,CAKE-010,7,0,126.0,32
2026-01-06,outlet-5,CAKE-001,5,0,140.0,11
2026-01-06,outlet-5,CAKE-002,3,0,72.0,14
2026-01-06,outlet-5,CAKE-003,2,0,64.0,2
2026-01-06,outlet-5,CAKE-004,2,0,44.0,17
2026-01-06,outlet-5,CAKE-005,3,0,78.0,4
2026-01-06,outlet-5,CAKE-006,6,0,180.0,18
2026-01-06,outlet-5,CAKE-007,1,0,27.0,14
2026-01-06,outlet-5,CAKE-008,1,0,20.0,2
2026-01-06,outlet-5,CAKE-009,5,0,120.0,16
2026-01-06,outlet-5,CAKE-010,2,0,36.0,7
2026-01-07,outlet-1,CAKE-001,3,0,84.0,56
2026-01-07,outlet-1,CAKE-002,6,0,144.0,49
2026-01-07,outlet-1,CAKE-003,6,0,192.0,21
2026-01-07,outlet-1,CAKE-004,2,0,44.0,21
2026-01-07,outlet-1,CAKE-005,5,0,130.0,3
2026-01-07,outlet-1,CAKE-006,5,0,150.0,29
2026-01-07,outlet-1,CAKE-007,4,0,108.0,15
2026-01-07,outlet-1,CAKE-008,2,0,40.0,11
2026-01-07,outlet-1,CAKE-009,4,0,96.0,8
2026-01-07,outlet-1,CAKE-010,6,0,108.0,9
2026-01-07,outlet-2,CAKE-001,8,0,224.0,22
2026-01-07,outlet-2,CAKE-002,7,0,168.0,39
2026-01-07,outlet-2,CAKE-003,6,0,192.0,3
2026-01-07,outlet-2,CAKE-004,6,0,132.0,18
2026-01-07,outlet-2,CAKE-005,4,0,104.0,21
2026-01-07,outlet-2,CAKE-006,1,0,30.0,14
2026-01-07,outlet-2,CAKE-007,3,0,81.0,10
2026-01-07,outlet-2,CAKE-008,2,0,40.0,6
2026-01-07,outlet-2,CAKE-009,5,0,120.0,9
2026-01-07,outlet-2,CAKE-010,7,0,126.0,26
2026-01-07,outlet-3,CAKE-001,7,0,196.0,60
2026-01-07,outlet-3,CAKE-002,9,0,216.0,19
2026-01-07,outlet-3,CAKE-003,8,0,256.0,26
2026-01-07,outlet-3,CAKE-004,3,0,66.0,14
2026-01-07,outlet-3,CAKE-005,5,0,130.0,3
2026-01-07,outlet-3,CAKE-006,12,0,360.0,33
2026-01-07,outlet-3,CAKE-007,4,0,108.0,27
2026-01-07,outlet-3,CAKE-008,2,0,40.0,8
2026-01-07,outlet-3,CAKE-009,3,0,72.0,18
2026-01-07,outlet-3,CAKE-010,5,0,90.0,12
2026-01-07,outlet-4,CAKE-001,3,0,84.0,33
2026-01-07,outlet-4,CAKE-002,10,0,240.0,24
2026-01-07,outlet-4,CAKE-003,4,0,128.0,18
2026-01-07,outlet-4,CAKE-004,5,0,110.0,6
2026-01-07,outlet-4,CAKE-005,5,0,130.0,18
2026-01-07,outlet-4,CAKE-006,4,0,120.0,8
2026-01-07,outlet-4,CAKE-007,9,0,243.0,20
2026-01-07,outlet-4,CAKE-008,0,0,0.0,0
2026-01-07,outlet-4,CAKE-009,6,0,144.0,2
2026-01-07,outlet-4,CAKE-010,9,0,162.0,23
2026-01-07,outlet-5,CAKE-001,5,0,140.0,6
2026-01-07,outlet-5,CAKE-002,4,0,96.0,10
2026-01-07,outlet-5,CAKE-003,2,0,64.0,12
2026-01-07,outlet-5,CAKE-004,2,0,44.0,15
2026-01-07,outlet-5,CAKE-005,1,0,26.0,3
2026-01-07,outlet-5,CAKE-006,4,0,120.0,14
2026-01-07,outlet-5,CAKE-007,3,0,81.0,11
2026-01-07,outlet-5,CAKE-008,1,0,20.0,3
2026-01-07,outlet-5,CAKE-009,3,0,72.0,13
2026-01-07,outlet-5,CAKE-010,3,0,54.0,4
2026-01-08,outlet-1,CAKE-001,8,0,224.0,48
2026-01-08,outlet-1,CAKE-002,8,0,192.0,41
2026-01-08,outlet-1,CAKE-003,5,0,160.0,16
2026-01-08,outlet-1,CAKE-004,4,0,88.0,17
2026-01-08,outlet-1,CAKE-005,3,0,78.0,24
2026-01-08,outlet-1,CAKE-006,9,0,270.0,20
2026-01-08,outlet-1,CAKE-007,5,0,135.0,10
2026-01-08,outlet-1,CAKE-008,3,0,60.0,12
2026-01-08,outlet-1,CAKE-009,4,0,96.0,4
2026-01-08,outlet-1,CAKE-010,8,0,144.0,14
2026-01-08,outlet-2,CAKE-001,6,0,168.0,32
2026-01-08,outlet-2,CAKE-002,4,0,96.0,35
2026-01-08,outlet-2,CAKE-003,3,0,96.0,10
2026-01-08,outlet-2,CAKE-004,4,0,88.0,14
2026-01-08,outlet-2,CAKE-005,3,0,78.0,25
2026-01-08,outlet-2,CAKE-006,3,0,90.0,11
2026-01-08,outlet-2,CAKE-007,4,0,108.0,6
2026-01-08,outlet-2,CAKE-008,3,0,60.0,6
2026-01-08,outlet-2,CAKE-009,4,0,96.0,5
2026-01-08,outlet-2,CAKE-010,8,0,144.0,31
2026-01-08,outlet-3,CAKE-001,9,0,252.0,51
2026-01-08,outlet-3,CAKE-002,5,0,120.0,14
2026-01-08,outlet-3,CAKE-003,9,0,288.0,17
2026-01-08,outlet-3,CAKE-004,3,0,66.0,11
2026-01-08,outlet-3,CAKE-005,3,0,78.0,0
2026-01-08,outlet-3,CAKE-006,6,0,180.0,41
2026-01-08,outlet-3,CAKE-007,7,0,189.0,26
2026-01-08,outlet-3,CAKE-008,2,0,40.0,6
2026-01-08,outlet-3,CAKE-009,3,0,72.0,15
2026-01-08,outlet-3,CAKE-010,5,0,90.0,17
2026-01-08,outlet-4,CAKE-001,10,0,280.0,23
2026-01-08,outlet-4,CAKE-002,12,1,288.0,13
2026-01-08,outlet-4,CAKE-003,3,0,96.0,15
2026-01-08,outlet-4,CAKE-004,4,0,88.0,2
2026-01-08,outlet-4,CAKE-005,6,0,156.0,12
2026-01-08,outlet-4,CAKE-006,6,0,180.0,2
2026-01-08,outlet-4,CAKE-007,8,0,216.0,12
2026-01-08,outlet-4,CAKE-008,0,0,0.0,27
2026-01-08,outlet-4,CAKE-009,2,0,48.0,28
2026-01-08,outlet-4,CAKE-010,10,0,180.0,13
2026-01-08,outlet-5,CAKE-001,6,0,168.0,0
2026-01-08,outlet-5,CAKE-002,5,0,120.0,5
2026-01-08,outlet-5,CAKE-003,2,0,64.0,10
2026-01-08,outlet-5,CAKE-004,2,0,44.0,13
2026-01-08,outlet-5,CAKE-005,3,0,78.0,3
2026-01-08,outlet-5,CAKE-006,3,0,90.0,11
2026-01-08,outlet-5,CAKE-007,2,0,54.0,9
2026-01-08,outlet-5,CAKE-008,1,0,20.0,2
2026-01-08,outlet-5,CAKE-009,3,0,72.0,10
2026-01-08,outlet-5,CAKE-010,4,0,72.0,0
2026-01-09,outlet-1,CAKE-001,15,0,420.0,33
2026-01-09,outlet-1,CAKE-002,13,0,312.0,28
2026-01-09,outlet-1,CAKE-003,12,0,384.0,4
2026-01-09,outlet-1,CAKE-004,4,0,88.0,13
2026-01-09,outlet-1,CAKE-005,4,0,104.0,20
2026-01-09,outlet-1,CAKE-006,10,0,300.0,10
2026-01-09,outlet-1,CAKE-007,9,1,243.0,35
2026-01-09,outlet-1,CAKE-008,3,0,60.0,9
2026-01-09,outlet-1,CAKE-009,4,0,96.0,0
2026-01-09,outlet-1,CAKE-010,6,0,108.0,8
2026-01-09,outlet-2,CAKE-001,16,1,448.0,17
2026-01-09,outlet-2,CAKE-002,9,0,216.0,26
2026-01-09,outlet-2,CAKE-003,5,0,160.0,5
2026-01-09,outlet-2,CAKE-004,4,0,88.0,10
2026-01-09,outlet-2,CAKE-005,6,0,156.0,19
2026-01-09,outlet-2,CAKE-006,6,0,180.0,14
2026-01-09,outlet-2,CAKE-007,5,0,135.0,31
2026-01-09,outlet-2,CAKE-008,3,0,60.0,3
2026-01-09,outlet-2,CAKE-009,5,0,120.0,8
2026-01-09,outlet-2,CAKE-010,7,0,126.0,24
2026-01-09,outlet-3,CAKE-001,20,0,560.0,31
2026-01-09,outlet-3,CAKE-002,11,0,264.0,49
2026-01-09,outlet-3,CAKE-003,15,0,480.0,15
2026-01-09,outlet-3,CAKE-004,5,0,110.0,10
2026-01-09,outlet-3,CAKE-005,0,0,0.0,5
2026-01-09,outlet-3,CAKE-006,8,0,240.0,33
2026-01-09,outlet-3,CAKE-007,8,1,216.0,19
2026-01-09,outlet-3,CAKE-008,3,0,60.0,3
2026-01-09,outlet-3,CAKE-009,5,0,120.0,10
2026-01-09,outlet-3,CAKE-010,5,0,90.0,12
2026-01-09,outlet-4,CAKE-001,9,0,252.0,14
2026-01-09,outlet-4,CAKE-002,12,0,288.0,55
2026-01-09,outlet-4,CAKE-003,7,0,224.0,8
2026-01-09,outlet-4,CAKE-004,2,0,44.0,28
2026-01-09,outlet-4,CAKE-005,7,0,182.0,5
2026-01-09,outlet-4,CAKE-006,2,0,60.0,21
2026-01-09,outlet-4,CAKE-007,12,1,324.0,37
2026-01-09,outlet-4,CAKE-008,6,0,120.0,21
2026-01-09,outlet-4,CAKE-009,5,0,120.0,30
2026-01-09,outlet-4,CAKE-010,10,0,180.0,49
2026-01-09,outlet-5,CAKE-001,0,0,0.0,0
2026-01-09,outlet-5,CAKE-002,5,0,120.0,0
2026-01-09,outlet-5,CAKE-003,2,0,64.0,8
2026-01-09,outlet-5,CAKE-004,3,0,66.0,14
2026-01-09,outlet-5,CAKE-005,3,0,78.0,12
2026-01-09,outlet-5,CAKE-006,8,0,240.0,3
2026-01-09,outlet-5,CAKE-007,4,0,108.0,5
2026-01-09,outlet-5,CAKE-008,1,0,20.0,1
2026-01-09,outlet-5,CAKE-009,5,0,120.0,11
2026-01-09,outlet-5,CAKE-010,0,0,0.0,0
2026-01-10,outlet-1,CAKE-001,15,0,420.0,36
2026-01-10,outlet-1,CAKE-002,8,0,192.0,20
2026-01-10,outlet-1,CAKE-003,4,0,128.0,0
2026-01-10,outlet-1,CAKE-004,6,0,132.0,7
2026-01-10,outlet-1,CAKE-005,5,0,130.0,15
2026-01-10,outlet-1,CAKE-006,6,0,180.0,4
2026-01-10,outlet-1,CAKE-007,7,1,189.0,29
2026-01-10,outlet-1,CAKE-008,4,0,80.0,5
2026-01-10,outlet-1,CAKE-009,0,0,0.0,24
2026-01-10,outlet-1,CAKE-010,8,0,144.0,0
2026-01-10,outlet-2,CAKE-001,11,0,308.0,6
2026-01-10,outlet-2,CAKE-002,10,0,240.0,30
2026-01-10,outlet-2,CAKE-003,5,0,160.0,10
2026-01-10,outlet-2,CAKE-004,6,0,132.0,4
2026-01-10,outlet-2,CAKE-005,5,0,130.0,14
2026-01-10,outlet-2,CAKE-006,8,0,240.0,6
2026-01-10,outlet-2,CAKE-007,8,0,216.0,23
2026-01-10,outlet-2,CAKE-008,3,0,60.0,0
2026-01-10,outlet-2,CAKE-009,8,0,192.0,8
2026-01-10,outlet-2,CAKE-010,8,0,144.0,16
2026-01-10,outlet-3,CAKE-001,24,1,672.0,8
2026-01-10,outlet-3,CAKE-002,9,0,216.0,54
2026-01-10,outlet-3,CAKE-003,13,1,416.0,15
2026-01-10,outlet-3,CAKE-004,5,0,110.0,5
2026-01-10,outlet-3,CAKE-005,4,0,104.0,25
2026-01-10,outlet-3,CAKE-006,14,0,420.0,19
2026-01-10,outlet-3,CAKE-007,10,1,270.0,10
2026-01-10,outlet-3,CAKE-008,3,0,60.0,12
2026-01-10,outlet-3,CAKE-009,3,0,72.0,7
2026-01-10,outlet-3,CAKE-010,8,0,144.0,4
2026-01-10,outlet-4,CAKE-001,7,0,196.0,22
2026-01-10,outlet-4,CAKE-002,10,0,240.0,45
2026-01-10,outlet-4,CAKE-003,7,0,224.0,25
2026-01-10,outlet-4,CAKE-004,7,0,154.0,28
2026-01-10,outlet-4,CAKE-005,5,0,130.0,33
2026-01-10,outlet-4,CAKE-006,5,0,150.0,16
2026-01-10,outlet-4,CAKE-007,13,1,351.0,25
2026-01-10,outlet-4,CAKE-008,5,0,100.0,16
2026-01-10,outlet-4,CAKE-009,7,0,168.0,23
2026-01-10,outlet-4,CAKE-010,11,0,198.0,38
2026-01-10,outlet-5,CAKE-001,0,0,0.0,28
2026-01-10,outlet-5,CAKE-002,0,0,0.0,0
2026-01-10,outlet-5,CAKE-003,1,0,32.0,7
2026-01-10,outlet-5,CAKE-004,4,0,88.0,10
2026-01-10,outlet-5,CAKE-005,3,0,78.0,9
2026-01-10,outlet-5,CAKE-006,3,0,90.0,0
2026-01-10,outlet-5,CAKE-007,4,0,108.0,8
2026-01-10,outlet-5,CAKE-008,1,0,20.0,0
2026-01-10,outlet-5,CAKE-009,3,0,72.0,15
2026-01-10,outlet-5,CAKE-010,0,0,0.0,0
2026-01-11,outlet-1,CAKE-001,17,0,476.0,19
2026-01-11,outlet-1,CAKE-002,10,0,240.0,28
2026-01-11,outlet-1,CAKE-003,0,0,0.0,30
2026-01-11,outlet-1,CAKE-004,5,0,110.0,2
2026-01-11,outlet-1,CAKE-005,7,0,182.0,8
2026-01-11,outlet-1,CAKE-006,4,0,120.0,0
2026-01-11,outlet-1,CAKE-007,6,0,162.0,23
2026-01-11,outlet-1,CAKE-008,3,0,60.0,2
2026-01-11,outlet-1,CAKE-009,6,0,144.0,18
2026-01-11,outlet-1,CAKE-010,0,0,0.0,43
2026-01-11,outlet-2,CAKE-001,6,0,168.0,13
2026-01-11,outlet-2,CAKE-002,8,0,192.0,36
2026-01-11,outlet-2,CAKE-003,7,0,224.0,3
2026-01-11,outlet-2,CAKE-004,4,0,88.0,6
2026-01-11,outlet-2,CAKE-005,5,0,130.0,9
2026-01-11,outlet-2,CAKE-006,6,0,180.0,24
2026-01-11,outlet-2,CAKE-007,6,0,162.0,17
2026-01-11,outlet-2,CAKE-008,0,0,0.0,16
2026-01-11,outlet-2,CAKE-009,5,0,120.0,3
2026-01-11,outlet-2,CAKE-010,10,0,180.0,6
2026-01-11,outlet-3,CAKE-001,8,0,224.0,67
2026-01-11,outlet-3,CAKE-002,5,0,120.0,49
2026-01-11,outlet-3,CAKE-003,12,0,384.0,3
2026-01-11,outlet-3,CAKE-004,2,0,44.0,6
2026-01-11,outlet-3,CAKE-005,4,0,104.0,21
2026-01-11,outlet-3,CAKE-006,9,0,270.0,25
2026-01-11,outlet-3,CAKE-007,9,1,243.0,2
2026-01-11,outlet-3,CAKE-008,3,0,60.0,13
2026-01-11,outlet-3,CAKE-009,5,0,120.0,2
2026-01-11,outlet-3,CAKE-010,4,0,72.0,0
2026-01-11,outlet-4,CAKE-001,13,0,364.0,9
2026-01-11,outlet-4,CAKE-002,10,0,240.0,35
2026-01-11,outlet-4,CAKE-003,1,0,32.0,24
2026-01-11,outlet-4,CAKE-004,5,0,110.0,23
2026-01-11,outlet-4,CAKE-005,7,0,182.0,26
2026-01-11,outlet-4,CAKE-006,6,0,180.0,10
2026-01-11,outlet-4,CAKE-007,12,0,324.0,13
2026-01-11,outlet-4,CAKE-008,5,0,100.0,11
2026-01-11,outlet-4,CAKE-009,7,0,168.0,16
2026-01-11,outlet-4,CAKE-010,12,0,216.0,26
2026-01-11,outlet-5,CAKE-001,7,0,196.0,21
2026-01-11,outlet-5,CAKE-002,0,0,0.0,4
2026-01-11,outlet-5,CAKE-003,2,0,64.0,9
2026-01-11,outlet-5,CAKE-004,3,0,66.0,7
2026-01-11,outlet-5,CAKE-005,2,0,52.0,7
2026-01-11,outlet-5,CAKE-006,0,0,0.0,30
2026-01-11,outlet-5,CAKE-007,5,0,135.0,10
2026-01-11,outlet-5,CAKE-008,0,0,0.0,2
2026-01-11,outlet-5,CAKE-009,3,0,72.0,12
2026-01-11,outlet-5,CAKE-010,0,0,0.0,0
2026-01-12,outlet-1,CAKE-001,13,0,364.0,24
2026-01-12,outlet-1,CAKE-002,8,0,192.0,20
2026-01-12,outlet-1,CAKE-003,5,0,160.0,32
2026-01-12,outlet-1,CAKE-004,2,0,44.0,0
2026-01-12,outlet-1,CAKE-005,5,0,130.0,3
2026-01-12,outlet-1,CAKE-006,0,0,0.0,19
2026-01-12,outlet-1,CAKE-007,4,0,108.0,19
2026-01-12,outlet-1,CAKE-008,2,0,40.0,0
2026-01-12,outlet-1,CAKE-009,5,0,120.0,20
2026-01-12,outlet-1,CAKE-010,7,0,126.0,36
2026-01-12,outlet-2,CAKE-001,8,0,224.0,5
2026-01-12,outlet-2,CAKE-002,8,0,192.0,28
2026-01-12,outlet-2,CAKE-003,3,0,96.0,8
2026-01-12,outlet-2,CAKE-004,3,0,66.0,3
2026-01-12,outlet-2,CAKE-005,3,0,78.0,14
2026-01-12,outlet-2,CAKE-006,4,0,120.0,20
2026-01-12,outlet-2,CAKE-007,7,1,189.0,11
2026-01-12,outlet-2,CAKE-008,3,0,60.0,13
2026-01-12,outlet-2,CAKE-009,3,0,72.0,7
2026-01-12,outlet-2,CAKE-010,6,0,108.0,11
2026-01-12,outlet-3,CAKE-001,9,0,252.0,58
2026-01-12,outlet-3,CAKE-002,9,0,216.0,40
2026-01-12,outlet-3,CAKE-003,3,0,96.0,48
2026-01-12,outlet-3,CAKE-004,4,0,88.0,2
2026-01-12,outlet-3,CAKE-005,5,0,130.0,16
2026-01-12,outlet-3,CAKE-006,8,0,240.0,17
2026-01-12,outlet-3,CAKE-007,2,0,54.0,7
2026-01-12,outlet-3,CAKE-008,3,0,60.0,10
2026-01-12,outlet-3,CAKE-009,2,0,48.0,21
2026-01-12,outlet-3,CAKE-010,0,0,0.0,32
2026-01-12,outlet-4,CAKE-001,8,0,224.0,1
2026-01-12,outlet-4,CAKE-002,8,0,192.0,27
2026-01-12,outlet-4,CAKE-003,4,0,128.0,20
2026-01-12,outlet-4,CAKE-004,5,0,110.0,18
2026-01-12,outlet-4,CAKE-005,7,0,182.0,19
2026-01-12,outlet-4,CAKE-006,3,0,90.0,7
2026-01-12,outlet-4,CAKE-007,6,0,162.0,7
2026-01-12,outlet-4,CAKE-008,5,0,100.0,6
2026-01-12,outlet-4,CAKE-009,5,0,120.0,19
2026-01-12,outlet-4,CAKE-010,5,0,90.0,38
2026-01-12,outlet-5,CAKE-001,5,0,140.0,16
2026-01-12,outlet-5,CAKE-002,4,0,96.0,21
2026-01-12,outlet-5,CAKE-003,2,0,64.0,10
2026-01-12,outlet-5,CAKE-004,2,0,44.0,9
2026-01-12,outlet-5,CAKE-005,3,0,78.0,4
2026-01-12,outlet-5,CAKE-006,5,0,150.0,25
2026-01-12,outlet-5,CAKE-007,3,0,81.0,7
2026-01-12,outlet-5,CAKE-008,1,0,20.0,1
2026-01-12,outlet-5,CAKE-009,4,0,96.0,8
2026-01-12,outlet-5,CAKE-010,0,0,0.0,21
2026-01-13,outlet-1,CAKE-001,10,0,280.0,14
2026-01-13,outlet-1,CAKE-002,6,0,144.0,14
2026-01-13,outlet-1,CAKE-003,4,0,128.0,28
2026-01-13,outlet-1,CAKE-004,0,0,0.0,0
2026-01-13,outlet-1,CAKE-005,3,0,78.0,0
2026-01-13,outlet-1,CAKE-006,5,0,150.0,14
2026-01-13,outlet-1,CAKE-007,3,0,81.0,16
2026-01-13,outlet-1,CAKE-008,0,0,0.0,18
2026-01-13,outlet-1,CAKE-009,5,0,120.0,15
2026-01-13,outlet-1,CAKE-010,6,0,108.0,30
2026-01-13,outlet-2,CAKE-001,5,0,140.0,48
2026-01-13,outlet-2,CAKE-002,6,0,144.0,22
2026-01-13,outlet-2,CAKE-003,3,0,96.0,5
2026-01-13,outlet-2,CAKE-004,3,0,66.0,0
2026-01-13,outlet-2,CAKE-005,1,0,26.0,13
2026-01-13,outlet-2,CAKE-006,4,0,120.0,16
2026-01-13,outlet-2,CAKE-007,3,0,81.0,8
2026-01-13,outlet-2,CAKE-008,3,0,60.0,10
2026-01-13,outlet-2,CAKE-009,4,0,96.0,3
2026-01-13,outlet-2,CAKE-010,6,0,108.0,5
2026-01-13,outlet-3,CAKE-001,11,0,308.0,47
2026-01-13,outlet-3,CAKE-002,9,0,216.0,31
2026-01-13,outlet-3,CAKE-003,9,0,288.0,39
2026-01-13,outlet-3,CAKE-004,2,0,44.0,0
2026-01-13,outlet-3,CAKE-005,5,0,130.0,11
2026-01-13,outlet-3,CAKE-006,9,0,270.0,21
2026-01-13,outlet-3,CAKE-007,4,0,108.0,3
2026-01-13,outlet-3,CAKE-008,2,0,40.0,12
2026-01-13,outlet-3,CAKE-009,2,0,48.0,19
2026-01-13,outlet-3,CAKE-010,7,0,126.0,25
2026-01-13,outlet-4,CAKE-001,1,0,28.0,0
2026-01-13,outlet-4,CAKE-002,6,0,144.0,21
2026-01-13,outlet-4,CAKE-003,8,0,256.0,12
2026-01-13,outlet-4,CAKE-004,4,0,88.0,14
2026-01-13,outlet-4,CAKE-005,7,0,182.0,12
2026-01-13,outlet-4,CAKE-006,3,0,90.0,4
2026-01-13,outlet-4,CAKE-007,7,0,189.0,0
2026-01-13,outlet-4,CAKE-008,5,0,100.0,11
2026-01-13,outlet-4,CAKE-009,4,0,96.0,15
2026-01-13,outlet-4,CAKE-010,8,0,144.0,30
2026-01-13,outlet-5,CAKE-001,4,0,112.0,12
2026-01-13,outlet-5,CAKE-002,4,0,96.0,17
2026-01-13,outlet-5,CAKE-003,2,0,64.0,8
2026-01-13,outlet-5,CAKE-004,3,0,66.0,6
2026-01-13,outlet-5,CAKE-005,2,0,52.0,2
2026-01-13,outlet-5,CAKE-006,3,0,90.0,22
2026-01-13,outlet-5,CAKE-007,4,0,108.0,3
2026-01-13,outlet-5,CAKE-008,1,0,20.0,2
2026-01-13,outlet-5,CAKE-009,3,0,72.0,5
2026-01-13,outlet-5,CAKE-010,3,0,54.0,18
2026-01-14,outlet-1,CAKE-001,7,0,196.0,7
2026-01-14,outlet-1,CAKE-002,7,0,168.0,7
2026-01-14,outlet-1,CAKE-003,5,0,160.0,23
2026-01-14,outlet-1,CAKE-004,0,0,0.0,26
2026-01-14,outlet-1,CAKE-005,0,0,0.0,24
2026-01-14,outlet-1,CAKE-006,3,0,90.0,11
2026-01-14,outlet-1,CAKE-007,7,0,189.0,9
2026-01-14,outlet-1,CAKE-008,3,0,60.0,15
2026-01-14,outlet-1,CAKE-009,4,0,96.0,11
2026-01-14,outlet-1,CAKE-010,6,0,108.0,24
2026-01-14,outlet-2,CAKE-001,9,0,252.0,52
2026-01-14,outlet-2,CAKE-002,7,0,168.0,15
2026-01-14,outlet-2,CAKE-003,5,0,160.0,27
2026-01-14,outlet-2,CAKE-004,0,0,0.0,0
2026-01-14,outlet-2,CAKE-005,4,0,104.0,16
2026-01-14,outlet-2,CAKE-006,2,0,60.0,14
2026-01-14,outlet-2,CAKE-007,5,0,135.0,3
2026-01-14,outlet-2,CAKE-008,2,0,40.0,8
2026-01-14,outlet-2,CAKE-009,3,0,72.0,21
2026-01-14,outlet-2,CAKE-010,5,0,90.0,12
2026-01-14,outlet-3,CAKE-001,17,1,476.0,31
2026-01-14,outlet-3,CAKE-002,5,0,120.0,26
2026-01-14,outlet-3,CAKE-003,7,0,224.0,32
2026-01-14,outlet-3,CAKE-004,0,0,0.0,19
2026-01-14,outlet-3,CAKE-005,4,0,104.0,7
2026-01-14,outlet-3,CAKE-006,7,0,210.0,14
2026-01-14,outlet-3,CAKE-007,3,0,81.0,7
2026-01-14,outlet-3,CAKE-008,2,0,40.0,10
2026-01-14,outlet-3,CAKE-009,3,0,72.0,16
2026-01-14,outlet-3,CAKE-010,5,0,90.0,20
2026-01-14,outlet-4,CAKE-001,0,0,0.0,43
2026-01-14,outlet-4,CAKE-002,11,0,264.0,10
2026-01-14,outlet-4,CAKE-003,5,0,160.0,7
2026-01-14,outlet-4,CAKE-004,3,0,66.0,18
2026-01-14,outlet-4,CAKE-005,6,0,156.0,6
2026-01-14,outlet-4,CAKE-006,4,0,120.0,0
2026-01-14,outlet-4,CAKE-007,0,0,0.0,36
2026-01-14,outlet-4,CAKE-008,4,0,80.0,7
2026-01-14,outlet-4,CAKE-009,4,0,96.0,11
2026-01-14,outlet-4,CAKE-010,7,0,126.0,23
2026-01-14,outlet-5,CAKE-001,3,0,84.0,16
2026-01-14,outlet-5,CAKE-002,4,0,96.0,13
2026-01-14,outlet-5,CAKE-003,1,0,32.0,10
2026-01-14,outlet-5,CAKE-004,2,0,44.0,4
2026-01-14,outlet-5,CAKE-005,2,0,52.0,0
2026-01-14,outlet-5,CAKE-006,7,0,210.0,15
2026-01-14,outlet-5,CAKE-007,3,0,81.0,0
2026-01-14,outlet-5,CAKE-008,1,0,20.0,1
2026-01-14,outlet-5,CAKE-009,2,0,48.0,3
2026-01-14,outlet-5,CAKE-010,4,0,72.0,14
2026-01-15,outlet-1,CAKE-001,6,0,168.0,58
2026-01-15,outlet-1,CAKE-002,7,0,168.0,0
2026-01-15,outlet-1,CAKE-003,5,0,160.0,18
2026-01-15,outlet-1,CAKE-004,5,0,110.0,21
2026-01-15,outlet-1,CAKE-005,2,0,52.0,22
2026-01-15,outlet-1,CAKE-006,6,0,180.0,5
2026-01-15,outlet-1,CAKE-007,6,0,162.0,13
2026-01-15,outlet-1,CAKE-008,3,0,60.0,16
2026-01-15,outlet-1,CAKE-009,3,0,72.0,8
2026-01-15,outlet-1,CAKE-010,8,0,144.0,16
2026-01-15,outlet-2,CAKE-001,7,0,196.0,59
2026-01-15,outlet-2,CAKE-002,9,0,216.0,6
2026-01-15,outlet-2,CAKE-003,7,0,224.0,20
2026-01-15,outlet-2,CAKE-004,0,0,0.0,24
2026-01-15,outlet-2,CAKE-005,4,0,104.0,12
2026-01-15,outlet-2,CAKE-006,4,0,120.0,10
2026-01-15,outlet-2,CAKE-007,3,0,81.0,0
2026-01-15,outlet-2,CAKE-008,3,0,60.0,5
2026-01-15,outlet-2,CAKE-009,3,0,72.0,18
2026-01-15,outlet-2,CAKE-010,5,0,90.0,7
2026-01-15,outlet-3,CAKE-001,10,0,280.0,21
2026-01-15,outlet-3,CAKE-002,8,0,192.0,18
2026-01-15,outlet-3,CAKE-003,8,0,256.0,24
2026-01-15,outlet-3,CAKE-004,5,0,110.0,14
2026-01-15,outlet-3,CAKE-005,2,0,52.0,5
2026-01-15,outlet-3,CAKE-006,10,0,300.0,16
2026-01-15,outlet-3,CAKE-007,5,0,135.0,32
2026-01-15,outlet-3,CAKE-008,2,0,40.0,12
2026-01-15,outlet-3,CAKE-009,4,0,96.0,12
2026-01-15,outlet-3,CAKE-010,5,0,90.0,15
2026-01-15,outlet-4,CAKE-001,9,0,252.0,34
2026-01-15,outlet-4,CAKE-002,9,0,216.0,1
2026-01-15,outlet-4,CAKE-003,4,0,128.0,3
2026-01-15,outlet-4,CAKE-004,3,0,66.0,15
2026-01-15,outlet-4,CAKE-005,2,0,52.0,4
2026-01-15,outlet-4,CAKE-006,0,0,0.0,0
2026-01-15,outlet-4,CAKE-007,5,0,135.0,31
2026-01-15,outlet-4,CAKE-008,4,0,80.0,16
2026-01-15,outlet-4,CAKE-009,5,0,120.0,6
2026-01-15,outlet-4,CAKE-010,8,0,144.0,15
2026-01-15,outlet-5,CAKE-001,4,0,112.0,19
2026-01-15,outlet-5,CAKE-002,3,0,72.0,14
2026-01-15,outlet-5,CAKE-003,2,0,64.0,8
2026-01-15,outlet-5,CAKE-004,3,0,66.0,1
2026-01-15,outlet-5,CAKE-005,0,0,0.0,12
2026-01-15,outlet-5,CAKE-006,7,0,210.0,21
2026-01-15,outlet-5,CAKE-007,0,0,0.0,15
2026-01-15,outlet-5,CAKE-008,1,0,20.0,7
2026-01-15,outlet-5,CAKE-009,2,0,48.0,17
2026-01-15,outlet-5,CAKE-010,4,0,72.0,10
2026-01-16,outlet-1,CAKE-001,15,1,420.0,44
2026-01-16,outlet-1,CAKE-002,0,0,0.0,0
2026-01-16,outlet-1,CAKE-003,11,0,352.0,7
2026-01-16,outlet-1,CAKE-004,5,0,110.0,16
2026-01-16,outlet-1,CAKE-005,4,0,104.0,18
2026-01-16,outlet-1,CAKE-006,5,0,150.0,30
2026-01-16,outlet-1,CAKE-007,9,1,243.0,5
2026-01-16,outlet-1,CAKE-008,3,0,60.0,13
2026-01-16,outlet-1,CAKE-009,4,0,96.0,10
2026-01-16,outlet-1,CAKE-010,9,0,162.0,18
2026-01-16,outlet-2,CAKE-001,9,0,252.0,50
2026-01-16,outlet-2,CAKE-002,6,0,144.0,42
2026-01-16,outlet-2,CAKE-003,5,0,160.0,15
2026-01-16,outlet-2,CAKE-004,5,0,110.0,19
2026-01-16,outlet-2,CAKE-005,4,0,104.0,8
2026-01-16,outlet-2,CAKE-006,3,0,90.0,7
2026-01-16,outlet-2,CAKE-007,0,0,0.0,0
2026-01-16,outlet-2,CAKE-008,3,0,60.0,2
2026-01-16,outlet-2,CAKE-009,5,0,120.0,20
2026-01-16,outlet-2,CAKE-010,7,0,126.0,39
2026-01-16,outlet-3,CAKE-001,14,0,392.0,7
2026-01-16,outlet-3,CAKE-002,8,0,192.0,25
2026-01-16,outlet-3,CAKE-003,5,0,160.0,31
2026-01-16,outlet-3,CAKE-004,3,0,66.0,15
2026-01-16,outlet-3,CAKE-005,5,0,130.0,0
2026-01-16,outlet-3,CAKE-006,9,0,270.0,7
2026-01-16,outlet-3,CAKE-007,6,0,162.0,26
2026-01-16,outlet-3,CAKE-008,3,0,60.0,9
2026-01-16,outlet-3,CAKE-009,5,0,120.0,16
2026-01-16,outlet-3,CAKE-010,6,0,108.0,20
2026-01-16,outlet-4,CAKE-001,10,0,280.0,24
2026-01-16,outlet-4,CAKE-002,1,0,24.0,0
2026-01-16,outlet-4,CAKE-003,3,0,96.0,13
2026-01-16,outlet-4,CAKE-004,5,0,110.0,10
2026-01-16,outlet-4,CAKE-005,4,0,104.0,0
2026-01-16,outlet-4,CAKE-006,0,0,0.0,21
2026-01-16,outlet-4,CAKE-007,9,1,243.0,30
2026-01-16,outlet-4,CAKE-008,6,0,120.0,20
2026-01-16,outlet-4,CAKE-009,3,0,72.0,3
2026-01-16,outlet-4,CAKE-010,14,0,252.0,14
2026-01-16,outlet-5,CAKE-001,9,0,252.0,10
2026-01-16,outlet-5,CAKE-002,5,0,120.0,9
2026-01-16,outlet-5,CAKE-003,3,0,96.0,9
2026-01-16,outlet-5,CAKE-004,1,0,22.0,14
2026-01-16,outlet-5,CAKE-005,3,0,78.0,9
2026-01-16,outlet-5,CAKE-006,9,0,270.0,12
2026-01-16,outlet-5,CAKE-007,3,0,81.0,12
2026-01-16,outlet-5,CAKE-008,2,0,40.0,5
2026-01-16,outlet-5,CAKE-009,4,0,96.0,18
2026-01-16,outlet-5,CAKE-010,4,0,72.0,6
2026-01-17,outlet-1,CAKE-001,14,0,392.0,52
2026-01-17,outlet-1,CAKE-002,0,0,0.0,46
2026-01-17,outlet-1,CAKE-003,7,0,224.0,30
2026-01-17,outlet-1,CAKE-004,5,0,110.0,11
2026-01-17,outlet-1,CAKE-005,5,0,130.0,13
2026-01-17,outlet-1,CAKE-006,11,0,330.0,19
2026-01-17,outlet-1,CAKE-007,5,0,135.0,0
2026-01-17,outlet-1,CAKE-008,3,0,60.0,10
2026-01-17,outlet-1,CAKE-009,5,0,120.0,5
2026-01-17,outlet-1,CAKE-010,9,0,162.0,9
2026-01-17,outlet-2,CAKE-001,9,0,252.0,56
2026-01-17,outlet-2,CAKE-002,11,0,264.0,43
2026-01-17,outlet-2,CAKE-003,10,0,320.0,5
2026-01-17,outlet-2,CAKE-004,5,0,110.0,20
2026-01-17,outlet-2,CAKE-005,4,0,104.0,4
2026-01-17,outlet-2,CAKE-006,5,0,150.0,9
2026-01-17,outlet-2,CAKE-007,0,0,0.0,30
2026-01-17,outlet-2,CAKE-008,2,0,40.0,16
2026-01-17,outlet-2,CAKE-009,4,0,96.0,16
2026-01-17,outlet-2,CAKE-010,9,0,162.0,30
2026-01-17,outlet-3,CAKE-001,7,0,196.0,15
2026-01-17,outlet-3,CAKE-002,10,0,240.0,15
2026-01-17,outlet-3,CAKE-003,8,0,256.0,23
2026-01-17,outlet-3,CAKE-004,4,0,88.0,11
2026-01-17,outlet-3,CAKE-005,0,0,0.0,24
2026-01-17,outlet-3,CAKE-006,7,0,210.0,45
2026-01-17,outlet-3,CAKE-007,4,0,108.0,22
2026-01-17,outlet-3,CAKE-008,3,0,60.0,6
2026-01-17,outlet-3,CAKE-009,5,0,120.0,11
2026-01-17,outlet-3,CAKE-010,9,0,162.0,11
2026-01-17,outlet-4,CAKE-001,9,0,252.0,15
2026-01-17,outlet-4,CAKE-002,0,0,0.0,54
2026-01-17,outlet-4,CAKE-003,5,0,160.0,8
2026-01-17,outlet-4,CAKE-004,6,0,132.0,4
2026-01-17,outlet-4,CAKE-005,0,0,0.0,0
2026-01-17,outlet-4,CAKE-006,6,0,180.0,15
2026-01-17,outlet-4,CAKE-007,8,1,216.0,23
2026-01-17,outlet-4,CAKE-008,6,0,120.0,14
2026-01-17,outlet-4,CAKE-009,3,0,72.0,0
2026-01-17,outlet-4,CAKE-010,9,0,162.0,5
2026-01-17,outlet-5,CAKE-001,7,0,196.0,3
2026-01-17,outlet-5,CAKE-002,5,0,120.0,4
2026-01-17,outlet-5,CAKE-003,2,0,64.0,7
2026-01-17,outlet-5,CAKE-004,3,0,66.0,11
2026-01-17,outlet-5,CAKE-005,1,0,26.0,8
2026-01-17,outlet-5,CAKE-006,4,0,120.0,8
2026-01-17,outlet-5,CAKE-007,2,0,54.0,16
2026-01-17,outlet-5,CAKE-008,2,0,40.0,3
2026-01-17,outlet-5,CAKE-009,3,0,72.0,15
2026-01-17,outlet-5,CAKE-010,5,0,90.0,5
2026-01-18,outlet-1,CAKE-001,6,0,168.0,65
2026-01-18,outlet-1,CAKE-002,14,0,336.0,32
2026-01-18,outlet-1,CAKE-003,6,0,192.0,24
2026-01-18,outlet-1,CAKE-004,6,0,132.0,5
2026-01-18,outlet-1,CAKE-005,4,0,104.0,9
2026-01-18,outlet-1,CAKE-006,8,0,240.0,11
2026-01-18,outlet-1,CAKE-007,0,0,0.0,33
2026-01-18,outlet-1,CAKE-008,3,0,60.0,7
2026-01-18,outlet-1,CAKE-009,5,0,120.0,0
2026-01-18,outlet-1,CAKE-010,8,0,144.0,44
2026-01-18,outlet-2,CAKE-001,8,0,224.0,48
2026-01-18,outlet-2,CAKE-002,10,0,240.0,33
2026-01-18,outlet-2,CAKE-003,5,0,160.0,27
2026-01-18,outlet-2,CAKE-004,4,0,88.0,16
2026-01-18,outlet-2,CAKE-005,4,0,104.0,21
2026-01-18,outlet-2,CAKE-006,8,0,240.0,25
2026-01-18,outlet-2,CAKE-007,8,0,216.0,22
2026-01-18,outlet-2,CAKE-008,3,0,60.0,16
2026-01-18,outlet-2,CAKE-009,4,0,96.0,20
2026-01-18,outlet-2,CAKE-010,8,0,144.0,22
2026-01-18,outlet-3,CAKE-001,15,1,420.0,68
2026-01-18,outlet-3,CAKE-002,8,0,192.0,7
2026-01-18,outlet-3,CAKE-003,13,0,416.0,10
2026-01-18,outlet-3,CAKE-004,4,0,88.0,7
2026-01-18,outlet-3,CAKE-005,6,0,156.0,18
2026-01-18,outlet-3,CAKE-006,12,0,360.0,33
2026-01-18,outlet-3,CAKE-007,8,0,216.0,14
2026-01-18,outlet-3,CAKE-008,3,0,60.0,3
2026-01-18,outlet-3,CAKE-009,4,0,96.0,18
2026-01-18,outlet-3,CAKE-010,8,0,144.0,16
2026-01-18,outlet-4,CAKE-001,13,1,364.0,46
2026-01-18,outlet-4,CAKE-002,10,0,240.0,44
2026-01-18,outlet-4,CAKE-003,4,0,128.0,4
2026-01-18,outlet-4,CAKE-004,4,0,88.0,0
2026-01-18,outlet-4,CAKE-005,0,0,0.0,0
2026-01-18,outlet-4,CAKE-006,4,0,120.0,11
2026-01-18,outlet-4,CAKE-007,5,0,135.0,18
2026-01-18,outlet-4,CAKE-008,6,0,120.0,8
2026-01-18,outlet-4,CAKE-009,0,0,0.0,7
2026-01-18,outlet-4,CAKE-010,5,0,90.0,46
2026-01-18,outlet-5,CAKE-001,3,0,84.0,7
2026-01-18,outlet-5,CAKE-002,4,0,96.0,0
2026-01-18,outlet-5,CAKE-003,3,0,96.0,4
2026-01-18,outlet-5,CAKE-004,2,0,44.0,9
2026-01-18,outlet-5,CAKE-005,2,0,52.0,6
2026-01-18,outlet-5,CAKE-006,2,0,60.0,6
2026-01-18,outlet-5,CAKE-007,3,0,81.0,20
2026-01-18,outlet-5,CAKE-008,1,0,20.0,2
2026-01-18,outlet-5,CAKE-009,5,0,120.0,10
2026-01-18,outlet-5,CAKE-010,5,0,90.0,21
2026-01-19,outlet-1,CAKE-001,8,0,224.0,57
2026-01-19,outlet-1,CAKE-002,8,0,192.0,24
2026-01-19,outlet-1,CAKE-003,4,0,128.0,28
2026-01-19,outlet-1,CAKE-004,4,0,88.0,27
2026-01-19,outlet-1,CAKE-005,4,0,104.0,5
2026-01-19,outlet-1,CAKE-006,6,0,180.0,27
2026-01-19,outlet-1,CAKE-007,6,0,162.0,27
2026-01-19,outlet-1,CAKE-008,3,0,60.0,4
2026-01-19,outlet-1,CAKE-009,0,0,0.0,0
2026-01-19,outlet-1,CAKE-010,6,0,108.0,38
2026-01-19,outlet-2,CAKE-001,7,0,196.0,41
2026-01-19,outlet-2,CAKE-002,9,0,216.0,24
2026-01-19,outlet-2,CAKE-003,3,0,96.0,24
2026-01-19,outlet-2,CAKE-004,3,0,66.0,19
2026-01-19,outlet-2,CAKE-005,3,0,78.0,18
2026-01-19,outlet-2,CAKE-006,5,0,150.0,20
2026-01-19,outlet-2,CAKE-007,2,0,54.0,20
2026-01-19,outlet-2,CAKE-008,2,0,40.0,14
2026-01-19,outlet-2,CAKE-009,4,0,96.0,16
2026-01-19,outlet-2,CAKE-010,4,0,72.0,18
2026-01-19,outlet-3,CAKE-001,10,0,280.0,73
2026-01-19,outlet-3,CAKE-002,7,0,168.0,46
2026-01-19,outlet-3,CAKE-003,10,0,320.0,0
2026-01-19,outlet-3,CAKE-004,4,0,88.0,3
2026-01-19,outlet-3,CAKE-005,4,0,104.0,14
2026-01-19,outlet-3,CAKE-006,7,0,210.0,41
2026-01-19,outlet-3,CAKE-007,2,0,54.0,12
2026-01-19,outlet-3,CAKE-008,2,0,40.0,1
2026-01-19,outlet-3,CAKE-009,3,0,72.0,15
2026-01-19,outlet-3,CAKE-010,5,0,90.0,11
2026-01-19,outlet-4,CAKE-001,7,0,196.0,39
2026-01-19,outlet-4,CAKE-002,11,0,264.0,33
2026-01-19,outlet-4,CAKE-003,4,0,128.0,24
2026-01-19,outlet-4,CAKE-004,0,0,0.0,28
2026-01-19,outlet-4,CAKE-005,0,0,0.0,33
2026-01-19,outlet-4,CAKE-006,3,0,90.0,8
2026-01-19,outlet-4,CAKE-007,3,0,81.0,15
2026-01-19,outlet-4,CAKE-008,5,0,100.0,3
2026-01-19,outlet-4,CAKE-009,6,0,144.0,8
2026-01-19,outlet-4,CAKE-010,7,0,126.0,39
2026-01-19,outlet-5,CAKE-001,3,0,84.0,12
2026-01-19,outlet-5,CAKE-002,0,0,0.0,4
2026-01-19,outlet-5,CAKE-003,2,0,64.0,6
2026-01-19,outlet-5,CAKE-004,2,0,44.0,7
2026-01-19,outlet-5,CAKE-005,2,0,52.0,4
2026-01-19,outlet-5,CAKE-006,6,0,180.0,0
2026-01-19,outlet-5,CAKE-007,2,0,54.0,18
2026-01-19,outlet-5,CAKE-008,2,0,40.0,2
2026-01-19,outlet-5,CAKE-009,2,0,48.0,13
2026-01-19,outlet-5,CAKE-010,4,0,72.0,17
2026-01-20,outlet-1,CAKE-001,10,0,280.0,47
2026-01-20,outlet-1,CAKE-002,5,0,120.0,19
2026-01-20,outlet-1,CAKE-003,8,0,256.0,20
2026-01-20,outlet-1,CAKE-004,4,0,88.0,23
2026-01-20,outlet-1,CAKE-005,4,0,104.0,1
2026-01-20,outlet-1,CAKE-006,4,0,120.0,23
2026-01-20,outlet-1,CAKE-007,5,0,135.0,22
2026-01-20,outlet-1,CAKE-008,2,0,40.0,2
2026-01-20,outlet-1,CAKE-009,0,0,0.0,24
2026-01-20,outlet-1,CAKE-010,9,0,162.0,29
2026-01-20,outlet-2,CAKE-001,9,0,252.0,32
2026-01-20,outlet-2,CAKE-002,8,0,192.0,16
2026-01-20,outlet-2,CAKE-003,5,0,160.0,19
2026-01-20,outlet-2,CAKE-004,5,0,110.0,14
2026-01-20,outlet-2,CAKE-005,5,0,130.0,20
2026-01-20,outlet-2,CAKE-006,3,0,90.0,17
2026-01-20,outlet-2,CAKE-007,4,0,108.0,16
2026-01-20,outlet-2,CAKE-008,3,0,60.0,15
2026-01-20,outlet-2,CAKE-009,4,0,96.0,12
2026-01-20,outlet-2,CAKE-010,8,0,144.0,10
2026-01-20,outlet-3,CAKE-001,5,0,140.0,68
2026-01-20,outlet-3,CAKE-002,9,0,216.0,37
2026-01-20,outlet-3,CAKE-003,0,0,0.0,0
2026-01-20,outlet-3,CAKE-004,2,0,44.0,4
2026-01-20,outlet-3,CAKE-005,7,0,182.0,7
2026-01-20,outlet-3,CAKE-006,7,0,210.0,34
2026-01-20,outlet-3,CAKE-007,5,0,135.0,15
2026-01-20,outlet-3,CAKE-008,1,0,20.0,12
2026-01-20,outlet-3,CAKE-009,4,0,96.0,22
2026-01-20,outlet-3,CAKE-010,5,0,90.0,6
2026-01-20,outlet-4,CAKE-001,8,0,224.0,31
2026-01-20,outlet-4,CAKE-002,8,0,192.0,25
2026-01-20,outlet-4,CAKE-003,5,0,160.0,30
2026-01-20,outlet-4,CAKE-004,4,0,88.0,24
2026-01-20,outlet-4,CAKE-005,7,0,182.0,26
2026-01-20,outlet-4,CAKE-006,4,0,120.0,4
2026-01-20,outlet-4,CAKE-007,6,1,162.0,10
2026-01-20,outlet-4,CAKE-008,3,0,60.0,27
2026-01-20,outlet-4,CAKE-009,4,0,96.0,4
2026-01-20,outlet-4,CAKE-010,8,0,144.0,31
2026-01-20,outlet-5,CAKE-001,6,0,168.0,6
2026-01-20,outlet-5,CAKE-002,4,0,96.0,4
2026-01-20,outlet-5,CAKE-003,2,0,64.0,4
2026-01-20,outlet-5,CAKE-004,3,0,66.0,4
2026-01-20,outlet-5,CAKE-005,2,0,52.0,2
2026-01-20,outlet-5,CAKE-006,0,0,0.0,0
2026-01-20,outlet-5,CAKE-007,3,0,81.0,22
2026-01-20,outlet-5,CAKE-008,1,0,20.0,1
2026-01-20,outlet-5,CAKE-009,3,0,72.0,16
2026-01-20,outlet-5,CAKE-010,4,0,72.0,13
2026-01-21,outlet-1,CAKE-001,8,0,224.0,39
2026-01-21,outlet-1,CAKE-002,7,0,168.0,12
2026-01-21,outlet-1,CAKE-003,4,0,128.0,16
2026-01-21,outlet-1,CAKE-004,4,0,88.0,19
2026-01-21,outlet-1,CAKE-005,1,0,26.0,24
2026-01-21,outlet-1,CAKE-006,7,0,210.0,16
2026-01-21,outlet-1,CAKE-007,6,0,162.0,16
2026-01-21,outlet-1,CAKE-008,2,0,40.0,0
2026-01-21,outlet-1,CAKE-009,4,0,96.0,20
2026-01-21,outlet-1,CAKE-010,10,0,180.0,19
2026-01-21,outlet-2,CAKE-001,7,0,196.0,37
2026-01-21,outlet-2,CAKE-002,6,0,144.0,23
2026-01-21,outlet-2,CAKE-003,6,0,192.0,13
2026-01-21,outlet-2,CAKE-004,4,0,88.0,10
2026-01-21,outlet-2,CAKE-005,3,0,78.0,17
2026-01-21,outlet-2,CAKE-006,5,0,150.0,12
2026-01-21,outlet-2,CAKE-007,6,0,162.0,10
2026-01-21,outlet-2,CAKE-008,2,0,40.0,17
2026-01-21,outlet-2,CAKE-009,5,0,120.0,7
2026-01-21,outlet-2,CAKE-010,5,0,90.0,5
2026-01-21,outlet-3,CAKE-001,14,0,392.0,54
2026-01-21,outlet-3,CAKE-002,8,0,192.0,29
2026-01-21,outlet-3,CAKE-003,0,0,0.0,48
2026-01-21,outlet-3,CAKE-004,4,0,88.0,19
2026-01-21,outlet-3,CAKE-005,2,0,52.0,5
2026-01-21,outlet-3,CAKE-006,12,0,360.0,34
2026-01-21,outlet-3,CAKE-007,5,0,135.0,10
2026-01-21,outlet-3,CAKE-008,2,0,40.0,10
2026-01-21,outlet-3,CAKE-009,4,0,96.0,18
2026-01-21,outlet-3,CAKE-010,6,0,108.0,10
2026-01-21,outlet-4,CAKE-001,8,0,224.0,23
2026-01-21,outlet-4,CAKE-002,11,0,264.0,14
2026-01-21,outlet-4,CAKE-003,5,0,160.0,25
2026-01-21,outlet-4,CAKE-004,4,0,88.0,20
2026-01-21,outlet-4,CAKE-005,3,0,78.0,23
2026-01-21,outlet-4,CAKE-006,4,0,120.0,0
2026-01-21,outlet-4,CAKE-007,3,0,81.0,7
2026-01-21,outlet-4,CAKE-008,4,0,80.0,23
2026-01-21,outlet-4,CAKE-009,4,0,96.0,6
2026-01-21,outlet-4,CAKE-010,8,0,144.0,23
2026-01-21,outlet-5,CAKE-001,5,0,140.0,29
2026-01-21,outlet-5,CAKE-002,4,0,96.0,5
2026-01-21,outlet-5,CAKE-003,2,0,64.0,2
2026-01-21,outlet-5,CAKE-004,4,0,88.0,4
2026-01-21,outlet-5,CAKE-005,2,0,52.0,12
2026-01-21,outlet-5,CAKE-006,0,0,0.0,30
2026-01-21,outlet-5,CAKE-007,4,0,108.0,18
2026-01-21,outlet-5,CAKE-008,1,0,20.0,7
2026-01-21,outlet-5,CAKE-009,3,0,72.0,13
2026-01-21,outlet-5,CAKE-010,4,0,72.0,9
2026-01-22,outlet-1,CAKE-001,12,0,336.0,27
2026-01-22,outlet-1,CAKE-002,9,0,216.0,49
2026-01-22,outlet-1,CAKE-003,6,0,192.0,10
2026-01-22,outlet-1,CAKE-004,4,0,88.0,15
2026-01-22,outlet-1,CAKE-005,4,0,104.0,27
2026-01-22,outlet-1,CAKE-006,6,0,180.0,10
2026-01-22,outlet-1,CAKE-007,7,1,189.0,10
2026-01-22,outlet-1,CAKE-008,0,0,0.0,18
2026-01-22,outlet-1,CAKE-009,3,0,72.0,17
2026-01-22,outlet-1,CAKE-010,7,0,126.0,12
2026-01-22,outlet-2,CAKE-001,9,0,252.0,28
2026-01-22,outlet-2,CAKE-002,8,0,192.0,15
2026-01-22,outlet-2,CAKE-003,4,0,128.0,9
2026-01-22,outlet-2,CAKE-004,4,0,88.0,6
2026-01-22,outlet-2,CAKE-005,6,0,156.0,11
2026-01-22,outlet-2,CAKE-006,6,0,180.0,15
2026-01-22,outlet-2,CAKE-007,4,0,108.0,6
2026-01-22,outlet-2,CAKE-008,2,0,40.0,15
2026-01-22,outlet-2,CAKE-009,5,0,120.0,2
2026-01-22,outlet-2,CAKE-010,5,0,90.0,13
2026-01-22,outlet-3,CAKE-001,7,0,196.0,47
2026-01-22,outlet-3,CAKE-002,5,0,120.0,24
2026-01-22,outlet-3,CAKE-003,8,0,256.0,40
2026-01-22,outlet-3,CAKE-004,3,0,66.0,16
2026-01-22,outlet-3,CAKE-005,5,0,130.0,24
2026-01-22,outlet-3,CAKE-006,11,0,330.0,23
2026-01-22,outlet-3,CAKE-007,5,0,135.0,5
2026-01-22,outlet-3,CAKE-008,2,0,40.0,8
2026-01-22,outlet-3,CAKE-009,4,0,96.0,14
2026-01-22,outlet-3,CAKE-010,5,0,90.0,5
2026-01-22,outlet-4,CAKE-001,10,0,280.0,13
2026-01-22,outlet-4,CAKE-002,11,0,264.0,18
2026-01-22,outlet-4,CAKE-003,4,0,128.0,21
2026-01-22,outlet-4,CAKE-004,6,0,132.0,14
2026-01-22,outlet-4,CAKE-005,6,0,156.0,17
2026-01-22,outlet-4,CAKE-006,0,0,0.0,21
2026-01-22,outlet-4,CAKE-007,4,0,108.0,3
2026-01-22,outlet-4,CAKE-008,4,0,80.0,19
2026-01-22,outlet-4,CAKE-009,3,0,72.0,10
2026-01-22,outlet-4,CAKE-010,9,0,162.0,30
2026-01-22,outlet-5,CAKE-001,4,0,112.0,25
2026-01-22,outlet-5,CAKE-002,3,0,72.0,2
2026-01-22,outlet-5,CAKE-003,1,0,32.0,1
2026-01-22,outlet-5,CAKE-004,2,0,44.0,2
2026-01-22,outlet-5,CAKE-005,2,0,52.0,10
2026-01-22,outlet-5,CAKE-006,4,0,120.0,26
2026-01-22,outlet-5,CAKE-007,2,0,54.0,16
2026-01-22,outlet-5,CAKE-008,1,0,20.0,6
2026-01-22,outlet-5,CAKE-009,3,0,72.0,16
2026-01-22,outlet-5,CAKE-010,3,0,54.0,6
2026-01-23,outlet-1,CAKE-001,16,0,448.0,29
2026-01-23,outlet-1,CAKE-002,12,0,288.0,37
2026-01-23,outlet-1,CAKE-003,10,0,320.0,30
2026-01-23,outlet-1,CAKE-004,6,0,132.0,9
2026-01-23,outlet-1,CAKE-005,4,0,104.0,23
2026-01-23,outlet-1,CAKE-006,8,0,240.0,21
2026-01-23,outlet-1,CAKE-007,5,0,135.0,5
2026-01-23,outlet-1,CAKE-008,3,0,60.0,15
2026-01-23,outlet-1,CAKE-009,4,0,96.0,19
2026-01-23,outlet-1,CAKE-010,11,0,198.0,1
2026-01-23,outlet-2,CAKE-001,13,0,364.0,15
2026-01-23,outlet-2,CAKE-002,11,0,264.0,4
2026-01-23,outlet-2,CAKE-003,9,0,288.0,27
2026-01-23,outlet-2,CAKE-004,4,0,88.0,2
2026-01-23,outlet-2,CAKE-005,4,0,104.0,7
2026-01-23,outlet-2,CAKE-006,5,0,150.0,10
2026-01-23,outlet-2,CAKE-007,6,0,162.0,30
2026-01-23,outlet-2,CAKE-008,4,0,80.0,15
2026-01-23,outlet-2,CAKE-009,2,0,48.0,0
2026-01-23,outlet-2,CAKE-010,10,0,180.0,3
2026-01-23,outlet-3,CAKE-001,16,1,448.0,48
2026-01-23,outlet-3,CAKE-002,11,0,264.0,13
2026-01-23,outlet-3,CAKE-003,7,0,224.0,33
2026-01-23,outlet-3,CAKE-004,4,0,88.0,15
2026-01-23,outlet-3,CAKE-005,6,0,156.0,22
2026-01-23,outlet-3,CAKE-006,13,0,390.0,10
2026-01-23,outlet-3,CAKE-007,5,0,135.0,30
2026-01-23,outlet-3,CAKE-008,3,0,60.0,9
2026-01-23,outlet-3,CAKE-009,5,0,120.0,9
2026-01-23,outlet-3,CAKE-010,5,0,90.0,0
2026-01-23,outlet-4,CAKE-001,11,0,308.0,2
2026-01-23,outlet-4,CAKE-002,9,0,216.0,9
2026-01-23,outlet-4,CAKE-003,3,0,96.0,18
2026-01-23,outlet-4,CAKE-004,8,0,176.0,6
2026-01-23,outlet-4,CAKE-005,8,0,208.0,9
2026-01-23,outlet-4,CAKE-006,7,0,210.0,14
2026-01-23,outlet-4,CAKE-007,3,0,81.0,36
2026-01-23,outlet-4,CAKE-008,4,0,80.0,15
2026-01-23,outlet-4,CAKE-009,6,0,144.0,4
2026-01-23,outlet-4,CAKE-010,7,0,126.0,23
2026-01-23,outlet-5,CAKE-001,9,0,252.0,22
2026-01-23,outlet-5,CAKE-002,2,0,48.0,21
2026-01-23,outlet-5,CAKE-003,1,0,32.0,12
2026-01-23,outlet-5,CAKE-004,2,0,44.0,0
2026-01-23,outlet-5,CAKE-005,1,0,26.0,9
2026-01-23,outlet-5,CAKE-006,11,0,330.0,28
2026-01-23,outlet-5,CAKE-007,3,0,81.0,13
2026-01-23,outlet-5,CAKE-008,2,0,40.0,6
2026-01-23,outlet-5,CAKE-009,5,0,120.0,11
2026-01-23,outlet-5,CAKE-010,5,0,90.0,1
2026-01-24,outlet-1,CAKE-001,7,0,196.0,22
2026-01-24,outlet-1,CAKE-002,9,0,216.0,28
2026-01-24,outlet-1,CAKE-003,14,0,448.0,16
2026-01-24,outlet-1,CAKE-004,7,0,154.0,28
2026-01-24,outlet-1,CAKE-005,4,0,104.0,19
2026-01-24,outlet-1,CAKE-006,7,0,210.0,14
2026-01-24,outlet-1,CAKE-007,5,0,135.0,0
2026-01-24,outlet-1,CAKE-008,4,0,80.0,11
2026-01-24,outlet-1,CAKE-009,6,0,144.0,13
2026-01-24,outlet-1,CAKE-010,1,0,18.0,43
2026-01-24,outlet-2,CAKE-001,7,0,196.0,8
2026-01-24,outlet-2,CAKE-002,4,0,96.0,0
2026-01-24,outlet-2,CAKE-003,7,0,224.0,20
2026-01-24,outlet-2,CAKE-004,2,0,44.0,24
2026-01-24,outlet-2,CAKE-005,3,0,78.0,11
2026-01-24,outlet-2,CAKE-006,7,0,210.0,3
2026-01-24,outlet-2,CAKE-007,8,0,216.0,22
2026-01-24,outlet-2,CAKE-008,4,0,80.0,11
2026-01-24,outlet-2,CAKE-009,0,0,0.0,21
2026-01-24,outlet-2,CAKE-010,3,0,54.0,10
2026-01-24,outlet-3,CAKE-001,15,1,420.0,49
2026-01-24,outlet-3,CAKE-002,8,0,192.0,5
2026-01-24,outlet-3,CAKE-003,17,1,544.0,17
2026-01-24,outlet-3,CAKE-004,3,0,66.0,12
2026-01-24,outlet-3,CAKE-005,3,0,78.0,19
2026-01-24,outlet-3,CAKE-006,6,0,180.0,4
2026-01-24,outlet-3,CAKE-007,7,0,189.0,30
2026-01-24,outlet-3,CAKE-008,2,0,40.0,7
2026-01-24,outlet-3,CAKE-009,5,0,120.0,4
2026-01-24,outlet-3,CAKE-010,0,0,0.0,32
2026-01-24,outlet-4,CAKE-001,2,0,56.0,12
2026-01-24,outlet-4,CAKE-002,9,0,216.0,54
2026-01-24,outlet-4,CAKE-003,7,0,224.0,11
2026-01-24,outlet-4,CAKE-004,6,0,132.0,0
2026-01-24,outlet-4,CAKE-005,7,0,182.0,2
2026-01-24,outlet-4,CAKE-006,6,0,180.0,8
2026-01-24,outlet-4,CAKE-007,8,0,216.0,35
2026-01-24,outlet-4,CAKE-008,6,0,120.0,9
2026-01-24,outlet-4,CAKE-009,4,0,96.0,8
2026-01-24,outlet-4,CAKE-010,11,0,198.0,12
2026-01-24,outlet-5,CAKE-001,7,0,196.0,15
2026-01-24,outlet-5,CAKE-002,3,0,72.0,18
2026-01-24,outlet-5,CAKE-003,2,0,64.0,14
2026-01-24,outlet-5,CAKE-004,0,0,0.0,0
2026-01-24,outlet-5,CAKE-005,3,0,78.0,6
2026-01-24,outlet-5,CAKE-006,7,0,210.0,21
2026-01-24,outlet-5,CAKE-007,4,0,108.0,9
2026-01-24,outlet-5,CAKE-008,1,0,20.0,5
2026-01-24,outlet-5,CAKE-009,3,0,72.0,8
2026-01-24,outlet-5,CAKE-010,1,0,18.0,5
2026-01-25,outlet-1,CAKE-001,19,0,532.0,60
2026-01-25,outlet-1,CAKE-002,12,0,288.0,16
2026-01-25,outlet-1,CAKE-003,5,0,160.0,11
2026-01-25,outlet-1,CAKE-004,5,0,110.0,29
2026-01-25,outlet-1,CAKE-005,6,0,156.0,21
2026-01-25,outlet-1,CAKE-006,3,0,90.0,11
2026-01-25,outlet-1,CAKE-007,0,0,0.0,0
2026-01-25,outlet-1,CAKE-008,6,0,120.0,5
2026-01-25,outlet-1,CAKE-009,6,0,144.0,14
2026-01-25,outlet-1,CAKE-010,11,0,198.0,32
2026-01-25,outlet-2,CAKE-001,8,0,224.0,48
2026-01-25,outlet-2,CAKE-002,0,0,0.0,14
2026-01-25,outlet-2,CAKE-003,9,0,288.0,11
2026-01-25,outlet-2,CAKE-004,4,0,88.0,20
2026-01-25,outlet-2,CAKE-005,5,0,130.0,6
2026-01-25,outlet-2,CAKE-006,3,0,90.0,9
2026-01-25,outlet-2,CAKE-007,6,0,162.0,16
2026-01-25,outlet-2,CAKE-008,3,0,60.0,8
2026-01-25,outlet-2,CAKE-009,6,0,144.0,15
2026-01-25,outlet-2,CAKE-010,8,0,144.0,2
2026-01-25,outlet-3,CAKE-001,13,0,364.0,36
2026-01-25,outlet-3,CAKE-002,5,0,120.0,46
2026-01-25,outlet-3,CAKE-003,7,0,224.0,10
2026-01-25,outlet-3,CAKE-004,5,0,110.0,11
2026-01-25,outlet-3,CAKE-005,7,0,182.0,12
2026-01-25,outlet-3,CAKE-006,4,0,120.0,0
2026-01-25,outlet-3,CAKE-007,6,0,162.0,31
2026-01-25,outlet-3,CAKE-008,2,0,40.0,5
2026-01-25,outlet-3,CAKE-009,4,0,96.0,21
2026-01-25,outlet-3,CAKE-010,10,0,180.0,22
2026-01-25,outlet-4,CAKE-001,4,0,112.0,8
2026-01-25,outlet-4,CAKE-002,10,0,240.0,44
2026-01-25,outlet-4,CAKE-003,9,0,288.0,13
2026-01-25,outlet-4,CAKE-004,0,0,0.0,28
2026-01-25,outlet-4,CAKE-005,2,0,52.0,11
2026-01-25,outlet-4,CAKE-006,6,0,180.0,2
2026-01-25,outlet-4,CAKE-007,6,0,162.0,29
2026-01-25,outlet-4,CAKE-008,5,0,100.0,4
2026-01-25,outlet-4,CAKE-009,7,0,168.0,7
2026-01-25,outlet-4,CAKE-010,10,0,180.0,48
2026-01-25,outlet-5,CAKE-001,5,0,140.0,10
2026-01-25,outlet-5,CAKE-002,4,0,96.0,14
2026-01-25,outlet-5,CAKE-003,3,0,96.0,11
2026-01-25,outlet-5,CAKE-004,0,0,0.0,3
2026-01-25,outlet-5,CAKE-005,3,0,78.0,3
2026-01-25,outlet-5,CAKE-006,4,0,120.0,17
2026-01-25,outlet-5,CAKE-007,4,0,108.0,5
2026-01-25,outlet-5,CAKE-008,2,0,40.0,3
2026-01-25,outlet-5,CAKE-009,4,0,96.0,4
2026-01-25,outlet-5,CAKE-010,5,0,90.0,0
2026-01-26,outlet-1,CAKE-001,7,0,196.0,53
2026-01-26,outlet-1,CAKE-002,9,0,216.0,7
2026-01-26,outlet-1,CAKE-003,9,0,288.0,32
2026-01-26,outlet-1,CAKE-004,5,0,110.0,24
2026-01-26,outlet-1,CAKE-005,5,0,130.0,16
2026-01-26,outlet-1,CAKE-006,5,0,150.0,26
2026-01-26,outlet-1,CAKE-007,0,0,0.0,11
2026-01-26,outlet-1,CAKE-008,3,0,60.0,7
2026-01-26,outlet-1,CAKE-009,4,0,96.0,10
2026-01-26,outlet-1,CAKE-010,6,0,108.0,39
2026-01-26,outlet-2,CAKE-001,5,0,140.0,43
2026-01-26,outlet-2,CAKE-002,4,0,96.0,23
2026-01-26,outlet-2,CAKE-003,7,0,224.0,4
2026-01-26,outlet-2,CAKE-004,3,0,66.0,17
2026-01-26,outlet-2,CAKE-005,5,0,130.0,8
2026-01-26,outlet-2,CAKE-006,3,0,90.0,13
2026-01-26,outlet-2,CAKE-007,7,0,189.0,9
2026-01-26,outlet-2,CAKE-008,3,0,60.0,5
2026-01-26,outlet-2,CAKE-009,2,0,48.0,21
2026-01-26,outlet-2,CAKE-010,2,0,36.0,0
2026-01-26,outlet-3,CAKE-001,16,0,448.0,35
2026-01-26,outlet-3,CAKE-002,10,0,240.0,36
2026-01-26,outlet-3,CAKE-003,10,0,320.0,12
2026-01-26,outlet-3,CAKE-004,3,0,66.0,8
2026-01-26,outlet-3,CAKE-005,5,0,130.0,7
2026-01-26,outlet-3,CAKE-006,0,0,0.0,13
2026-01-26,outlet-3,CAKE-007,5,0,135.0,34
2026-01-26,outlet-3,CAKE-008,2,0,40.0,3
2026-01-26,outlet-3,CAKE-009,4,0,96.0,17
2026-01-26,outlet-3,CAKE-010,4,0,72.0,18
2026-01-26,outlet-4,CAKE-001,7,0,196.0,1
2026-01-26,outlet-4,CAKE-002,11,0,264.0,33
2026-01-26,outlet-4,CAKE-003,5,0,160.0,19
2026-01-26,outlet-4,CAKE-004,3,0,66.0,25
2026-01-26,outlet-4,CAKE-005,5,0,130.0,6
2026-01-26,outlet-4,CAKE-006,2,0,60.0,7
2026-01-26,outlet-4,CAKE-007,6,0,162.0,23
2026-01-26,outlet-4,CAKE-008,4,0,80.0,0
2026-01-26,outlet-4,CAKE-009,5,0,120.0,30
2026-01-26,outlet-4,CAKE-010,9,0,162.0,39
2026-01-26,outlet-5,CAKE-001,3,0,84.0,7
2026-01-26,outlet-5,CAKE-002,4,0,96.0,10
2026-01-26,outlet-5,CAKE-003,2,0,64.0,9
2026-01-26,outlet-5,CAKE-004,3,0,66.0,14
2026-01-26,outlet-5,CAKE-005,2,0,52.0,1
2026-01-26,outlet-5,CAKE-006,4,0,120.0,13
2026-01-26,outlet-5,CAKE-007,2,0,54.0,3
2026-01-26,outlet-5,CAKE-008,1,0,20.0,2
2026-01-26,outlet-5,CAKE-009,4,0,96.0,5
2026-01-26,outlet-5,CAKE-010,0,0,0.0,21
2026-01-27,outlet-1,CAKE-001,13,1,364.0,41
2026-01-27,outlet-1,CAKE-002,7,0,168.0,0
2026-01-27,outlet-1,CAKE-003,5,0,160.0,27
2026-01-27,outlet-1,CAKE-004,3,0,66.0,27
2026-01-27,outlet-1,CAKE-005,3,0,78.0,13
2026-01-27,outlet-1,CAKE-006,4,0,120.0,22
2026-01-27,outlet-1,CAKE-007,4,0,108.0,7
2026-01-27,outlet-1,CAKE-008,2,0,40.0,5
2026-01-27,outlet-1,CAKE-009,5,0,120.0,11
2026-01-27,outlet-1,CAKE-010,10,0,180.0,40
2026-01-27,outlet-2,CAKE-001,9,0,252.0,47
2026-01-27,outlet-2,CAKE-002,7,0,168.0,29
2026-01-27,outlet-2,CAKE-003,3,0,96.0,28
2026-01-27,outlet-2,CAKE-004,5,0,110.0,12
2026-01-27,outlet-2,CAKE-005,4,0,104.0,4
2026-01-27,outlet-2,CAKE-006,4,0,120.0,9
2026-01-27,outlet-2,CAKE-007,5,0,135.0,4
2026-01-27,outlet-2,CAKE-008,2,0,40.0,3
2026-01-27,outlet-2,CAKE-009,3,0,72.0,18
2026-01-27,outlet-2,CAKE-010,0,0,0.0,39
2026-01-27,outlet-3,CAKE-001,10,0,280.0,25
2026-01-27,outlet-3,CAKE-002,5,0,120.0,31
2026-01-27,outlet-3,CAKE-003,9,0,288.0,15
2026-01-27,outlet-3,CAKE-004,3,0,66.0,9
2026-01-27,outlet-3,CAKE-005,4,0,104.0,3
2026-01-27,outlet-3,CAKE-006,7,0,210.0,6
2026-01-27,outlet-3,CAKE-007,3,0,81.0,31
2026-01-27,outlet-3,CAKE-008,2,0,40.0,4
2026-01-27,outlet-3,CAKE-009,3,0,72.0,14
2026-01-27,outlet-3,CAKE-010,6,0,108.0,12
2026-01-27,outlet-4,CAKE-001,1,0,28.0,43
2026-01-27,outlet-4,CAKE-002,10,0,240.0,23
2026-01-27,outlet-4,CAKE-003,3,0,96.0,16
2026-01-27,outlet-4,CAKE-004,5,0,110.0,20
2026-01-27,outlet-4,CAKE-005,3,0,78.0,3
2026-01-27,outlet-4,CAKE-006,5,0,150.0,2
2026-01-27,outlet-4,CAKE-007,3,0,81.0,20
2026-01-27,outlet-4,CAKE-008,0,0,0.0,0
2026-01-27,outlet-4,CAKE-009,5,0,120.0,25
2026-01-27,outlet-4,CAKE-010,10,0,180.0,29
2026-01-27,outlet-5,CAKE-001,4,0,112.0,3
2026-01-27,outlet-5,CAKE-002,3,0,72.0,7
2026-01-27,outlet-5,CAKE-003,3,0,96.0,6
2026-01-27,outlet-5,CAKE-004,2,0,44.0,12
2026-01-27,outlet-5,CAKE-005,1,0,26.0,12
2026-01-27,outlet-5,CAKE-006,7,0,210.0,6
2026-01-27,outlet-5,CAKE-007,3,0,81.0,0
2026-01-27,outlet-5,CAKE-008,1,0,20.0,1
2026-01-27,outlet-5,CAKE-009,4,0,96.0,17
2026-01-27,outlet-5,CAKE-010,3,0,54.0,18
2026-01-28,outlet-1,CAKE-001,5,0,140.0,36
2026-01-28,outlet-1,CAKE-002,0,0,0.0,0
2026-01-28,outlet-1,CAKE-003,6,0,192.0,29
2026-01-28,outlet-1,CAKE-004,4,0,88.0,23
2026-01-28,outlet-1,CAKE-005,3,0,78.0,18
2026-01-28,outlet-1,CAKE-006,6,0,180.0,36
2026-01-28,outlet-1,CAKE-007,5,0,135.0,12
2026-01-28,outlet-1,CAKE-008,3,0,60.0,2
2026-01-28,outlet-1,CAKE-009,3,0,72.0,8
2026-01-28,outlet-1,CAKE-010,5,0,90.0,35
2026-01-28,outlet-2,CAKE-001,9,0,252.0,38
2026-01-28,outlet-2,CAKE-002,7,0,168.0,22
2026-01-28,outlet-2,CAKE-003,6,0,192.0,31
2026-01-28,outlet-2,CAKE-004,5,0,110.0,7
2026-01-28,outlet-2,CAKE-005,2,0,52.0,2
2026-01-28,outlet-2,CAKE-006,4,0,120.0,5
2026-01-28,outlet-2,CAKE-007,4,0,108.0,30
2026-01-28,outlet-2,CAKE-008,3,0,60.0,0
2026-01-28,outlet-2,CAKE-009,4,0,96.0,14
2026-01-28,outlet-2,CAKE-010,8,0,144.0,31
2026-01-28,outlet-3,CAKE-001,14,0,392.0,24
2026-01-28,outlet-3,CAKE-002,8,0,192.0,23
2026-01-28,outlet-3,CAKE-003,9,0,288.0,6
2026-01-28,outlet-3,CAKE-004,3,0,66.0,6
2026-01-28,outlet-3,CAKE-005,3,0,78.0,24
2026-01-28,outlet-3,CAKE-006,6,0,180.0,45
2026-01-28,outlet-3,CAKE-007,5,0,135.0,26
2026-01-28,outlet-3,CAKE-008,2,0,40.0,2
2026-01-28,outlet-3,CAKE-009,3,0,72.0,20
2026-01-28,outlet-3,CAKE-010,6,0,108.0,6
2026-01-28,outlet-4,CAKE-001,6,0,168.0,37
2026-01-28,outlet-4,CAKE-002,12,0,288.0,11
2026-01-28,outlet-4,CAKE-003,5,0,160.0,11
2026-01-28,outlet-4,CAKE-004,6,0,132.0,14
2026-01-28,outlet-4,CAKE-005,1,0,26.0,35
2026-01-28,outlet-4,CAKE-006,2,0,60.0,0
2026-01-28,outlet-4,CAKE-007,8,1,216.0,21
2026-01-28,outlet-4,CAKE-008,0,0,0.0,0
2026-01-28,outlet-4,CAKE-009,4,0,96.0,28
2026-01-28,outlet-4,CAKE-010,9,0,162.0,20
2026-01-28,outlet-5,CAKE-001,3,0,84.0,28
2026-01-28,outlet-5,CAKE-002,4,0,96.0,3
2026-01-28,outlet-5,CAKE-003,2,0,64.0,4
2026-01-28,outlet-5,CAKE-004,3,0,66.0,13
2026-01-28,outlet-5,CAKE-005,2,0,52.0,10
2026-01-28,outlet-5,CAKE-006,6,0,180.0,30
2026-01-28,outlet-5,CAKE-007,0,0,0.0,0
2026-01-28,outlet-5,CAKE-008,1,0,20.0,7
2026-01-28,outlet-5,CAKE-009,2,0,48.0,15
2026-01-28,outlet-5,CAKE-010,3,0,54.0,15
2026-01-29,outlet-1,CAKE-001,7,0,196.0,29
2026-01-29,outlet-1,CAKE-002,0,0,0.0,46
2026-01-29,outlet-1,CAKE-003,6,0,192.0,23
2026-01-29,outlet-1,CAKE-004,3,0,66.0,20
2026-01-29,outlet-1,CAKE-005,4,0,104.0,14
2026-01-29,outlet-1,CAKE-006,5,0,150.0,31
2026-01-29,outlet-1,CAKE-007,4,0,108.0,8
2026-01-29,outlet-1,CAKE-008,2,0,40.0,4
2026-01-29,outlet-1,CAKE-009,4,0,96.0,10
2026-01-29,outlet-1,CAKE-010,6,0,108.0,29
2026-01-29,outlet-2,CAKE-001,9,0,252.0,29
2026-01-29,outlet-2,CAKE-002,9,0,216.0,27
2026-01-29,outlet-2,CAKE-003,6,0,192.0,25
2026-01-29,outlet-2,CAKE-004,4,0,88.0,3
2026-01-29,outlet-2,CAKE-005,2,0,52.0,21
2026-01-29,outlet-2,CAKE-006,3,0,90.0,2
2026-01-29,outlet-2,CAKE-007,7,0,189.0,23
2026-01-29,outlet-2,CAKE-008,0,0,0.0,16
2026-01-29,outlet-2,CAKE-009,4,0,96.0,10
2026-01-29,outlet-2,CAKE-010,7,0,126.0,24
2026-01-29,outlet-3,CAKE-001,12,0,336.0,12
2026-01-29,outlet-3,CAKE-002,9,0,216.0,14
2026-01-29,outlet-3,CAKE-003,6,0,192.0,48
2026-01-29,outlet-3,CAKE-004,3,0,66.0,7
2026-01-29,outlet-3,CAKE-005,4,0,104.0,20
2026-01-29,outlet-3,CAKE-006,8,0,240.0,37
2026-01-29,outlet-3,CAKE-007,4,0,108.0,22
2026-01-29,outlet-3,CAKE-008,2,0,40.0,12
2026-01-29,outlet-3,CAKE-009,4,0,96.0,27
2026-01-29,outlet-3,CAKE-010,5,0,90.0,1
2026-01-29,outlet-4,CAKE-001,10,0,280.0,27
2026-01-29,outlet-4,CAKE-002,10,0,240.0,1
2026-01-29,outlet-4,CAKE-003,5,0,160.0,6
2026-01-29,outlet-4,CAKE-004,6,0,132.0,8
2026-01-29,outlet-4,CAKE-005,6,0,156.0,29
2026-01-29,outlet-4,CAKE-006,0,0,0.0,0
2026-01-29,outlet-4,CAKE-007,7,0,189.0,14
2026-01-29,outlet-4,CAKE-008,0,0,0.0,27
2026-01-29,outlet-4,CAKE-009,5,0,120.0,29
2026-01-29,outlet-4,CAKE-010,8,0,144.0,12
2026-01-29,outlet-5,CAKE-001,6,0,168.0,29
2026-01-29,outlet-5,CAKE-002,3,0,72.0,21
2026-01-29,outlet-5,CAKE-003,2,0,64.0,2
2026-01-29,outlet-5,CAKE-004,2,0,44.0,11
2026-01-29,outlet-5,CAKE-005,2,0,52.0,8
2026-01-29,outlet-5,CAKE-006,4,0,120.0,26
2026-01-29,outlet-5,CAKE-007,0,0,0.0,6
2026-01-29,outlet-5,CAKE-008,1,0,20.0,6
2026-01-29,outlet-5,CAKE-009,2,0,48.0,13
2026-01-29,outlet-5,CAKE-010,5,0,90.0,14
2026-01-30,outlet-1,CAKE-001,10,0,280.0,19
2026-01-30,outlet-1,CAKE-002,9,0,216.0,37
2026-01-30,outlet-1,CAKE-003,9,0,288.0,14
2026-01-30,outlet-1,CAKE-004,7,0,154.0,13
2026-01-30,outlet-1,CAKE-005,4,0,104.0,10
2026-01-30,outlet-1,CAKE-006,7,0,210.0,24
2026-01-30,outlet-1,CAKE-007,4,0,108.0,15
2026-01-30,outlet-1,CAKE-008,4,0,80.0,18
2026-01-30,outlet-1,CAKE-009,7,0,168.0,3
2026-01-30,outlet-1,CAKE-010,10,0,180.0,19
2026-01-30,outlet-2,CAKE-001,10,0,280.0,19
2026-01-30,outlet-2,CAKE-002,8,0,192.0,19
2026-01-30,outlet-2,CAKE-003,7,0,224.0,18
2026-01-30,outlet-2,CAKE-004,3,0,66.0,6
2026-01-30,outlet-2,CAKE-005,6,0,156.0,15
2026-01-30,outlet-2,CAKE-006,2,0,60.0,0
2026-01-30,outlet-2,CAKE-007,5,0,135.0,18
2026-01-30,outlet-2,CAKE-008,3,0,60.0,13
2026-01-30,outlet-2,CAKE-009,5,0,120.0,5
2026-01-30,outlet-2,CAKE-010,10,0,180.0,14
2026-01-30,outlet-3,CAKE-001,12,0,336.0,67
2026-01-30,outlet-3,CAKE-002,9,0,216.0,5
2026-01-30,outlet-3,CAKE-003,12,0,384.0,36
2026-01-30,outlet-3,CAKE-004,4,0,88.0,3
2026-01-30,outlet-3,CAKE-005,8,0,208.0,12
2026-01-30,outlet-3,CAKE-006,14,0,420.0,36
2026-01-30,outlet-3,CAKE-007,8,1,216.0,15
2026-01-30,outlet-3,CAKE-008,3,0,60.0,9
2026-01-30,outlet-3,CAKE-009,4,0,96.0,23
2026-01-30,outlet-3,CAKE-010,1,0,18.0,32
2026-01-30,outlet-4,CAKE-001,10,0,280.0,17
2026-01-30,outlet-4,CAKE-002,1,0,24.0,17
2026-01-30,outlet-4,CAKE-003,6,0,192.0,11
2026-01-30,outlet-4,CAKE-004,5,0,110.0,3
2026-01-30,outlet-4,CAKE-005,10,0,260.0,19
2026-01-30,outlet-4,CAKE-006,0,0,0.0,21
2026-01-30,outlet-4,CAKE-007,11,0,297.0,3
2026-01-30,outlet-4,CAKE-008,4,0,80.0,34
2026-01-30,outlet-4,CAKE-009,10,0,240.0,26
2026-01-30,outlet-4,CAKE-010,12,0,216.0,0
2026-01-30,outlet-5,CAKE-001,6,0,168.0,23
2026-01-30,outlet-5,CAKE-002,4,0,96.0,17
2026-01-30,outlet-5,CAKE-003,2,0,64.0,12
2026-01-30,outlet-5,CAKE-004,2,0,44.0,9
2026-01-30,outlet-5,CAKE-005,3,0,78.0,5
2026-01-30,outlet-5,CAKE-006,10,0,300.0,16
2026-01-30,outlet-5,CAKE-007,4,0,108.0,2
2026-01-30,outlet-5,CAKE-008,2,0,40.0,4
2026-01-30,outlet-5,CAKE-009,2,0,48.0,11
2026-01-30,outlet-5,CAKE-010,5,0,90.0,13
2026-01-31,outlet-1,CAKE-001,12,0,336.0,7
2026-01-31,outlet-1,CAKE-002,8,0,192.0,29
2026-01-31,outlet-1,CAKE-003,12,0,384.0,32
2026-01-31,outlet-1,CAKE-004,7,0,154.0,6
2026-01-31,outlet-1,CAKE-005,2,0,52.0,8
2026-01-31,outlet-1,CAKE-006,10,0,300.0,34
2026-01-31,outlet-1,CAKE-007,9,0,243.0,6
2026-01-31,outlet-1,CAKE-008,3,0,60.0,19
2026-01-31,outlet-1,CAKE-009,3,0,72.0,0
2026-01-31,outlet-1,CAKE-010,10,0,180.0,9
2026-01-31,outlet-2,CAKE-001,10,0,280.0,9
2026-01-31,outlet-2,CAKE-002,8,0,192.0,11
2026-01-31,outlet-2,CAKE-003,8,0,256.0,10
2026-01-31,outlet-2,CAKE-004,5,0,110.0,7
2026-01-31,outlet-2,CAKE-005,5,0,130.0,10
2026-01-31,outlet-2,CAKE-006,0,0,0.0,7
2026-01-31,outlet-2,CAKE-007,9,1,243.0,10
2026-01-31,outlet-2,CAKE-008,3,0,60.0,10
2026-01-31,outlet-2,CAKE-009,5,0,120.0,21
2026-01-31,outlet-2,CAKE-010,8,0,144.0,17
2026-01-31,outlet-3,CAKE-001,17,1,476.0,51
2026-01-31,outlet-3,CAKE-002,5,0,120.0,46
2026-01-31,outlet-3,CAKE-003,11,0,352.0,25
2026-01-31,outlet-3,CAKE-004,3,0,66.0,4
2026-01-31,outlet-3,CAKE-005,6,0,156.0,6
2026-01-31,outlet-3,CAKE-006,12,1,360.0,25
2026-01-31,outlet-3,CAKE-007,6,0,162.0,9
2026-01-31,outlet-3,CAKE-008,3,0,60.0,6
2026-01-31,outlet-3,CAKE-009,4,0,96.0,19
2026-01-31,outlet-3,CAKE-010,9,0,162.0,23
2026-01-31,outlet-4,CAKE-001,9,0,252.0,8
2026-01-31,outlet-4,CAKE-002,13,0,312.0,58
2026-01-31,outlet-4,CAKE-003,9,0,288.0,2
2026-01-31,outlet-4,CAKE-004,3,0,66.0,28
2026-01-31,outlet-4,CAKE-005,5,0,130.0,24
2026-01-31,outlet-4,CAKE-006,5,0,150.0,16
2026-01-31,outlet-4,CAKE-007,3,0,81.0,36
2026-01-31,outlet-4,CAKE-008,5,0,100.0,29
2026-01-31,outlet-4,CAKE-009,6,0,144.0,20
2026-01-31,outlet-4,CAKE-010,0,0,0.0,0
2026-01-31,outlet-5,CAKE-001,4,0,112.0,19
2026-01-31,outlet-5,CAKE-002,4,0,96.0,17
2026-01-31,outlet-5,CAKE-003,4,0,128.0,8
2026-01-31,outlet-5,CAKE-004,4,0,88.0,5
2026-01-31,outlet-5,CAKE-005,1,0,26.0,4
2026-01-31,outlet-5,CAKE-006,6,0,180.0,10
2026-01-31,outlet-5,CAKE-007,1,0,27.0,1
2026-01-31,outlet-5,CAKE-008,1,0,20.0,3
2026-01-31,outlet-5,CAKE-009,4,0,96.0,7
2026-01-31,outlet-5,CAKE-010,5,0,90.0,8
2026-02-01,outlet-1,CAKE-001,5,0,140.0,59
2026-02-01,outlet-1,CAKE-002,12,0,288.0,17
2026-02-01,outlet-1,CAKE-003,16,1,512.0,17
2026-02-01,outlet-1,CAKE-004,6,0,132.0,26
2026-02-01,outlet-1,CAKE-005,6,0,156.0,2
2026-02-01,outlet-1,CAKE-006,8,0,240.0,44
2026-02-01,outlet-1,CAKE-007,6,0,162.0,33
2026-02-01,outlet-1,CAKE-008,3,0,60.0,16
2026-02-01,outlet-1,CAKE-009,0,0,0.0,24
2026-02-01,outlet-1,CAKE-010,9,0,162.0,12
2026-02-01,outlet-2,CAKE-001,9,0,252.0,0
2026-02-01,outlet-2,CAKE-002,8,0,192.0,3
2026-02-01,outlet-2,CAKE-003,9,0,288.0,28
2026-02-01,outlet-2,CAKE-004,7,0,154.0,24
2026-02-01,outlet-2,CAKE-005,5,0,130.0,5
2026-02-01,outlet-2,CAKE-006,7,0,210.0,24
2026-02-01,outlet-2,CAKE-007,10,1,270.0,1
2026-02-01,outlet-2,CAKE-008,3,0,60.0,7
2026-02-01,outlet-2,CAKE-009,4,0,96.0,17
2026-02-01,outlet-2,CAKE-010,8,0,144.0,20
2026-02-01,outlet-3,CAKE-001,11,0,308.0,40
2026-02-01,outlet-3,CAKE-002,12,0,288.0,34
2026-02-01,outlet-3,CAKE-003,17,0,544.0,8
2026-02-01,outlet-3,CAKE-004,2,0,44.0,2
2026-02-01,outlet-3,CAKE-005,6,0,156.0,24
2026-02-01,outlet-3,CAKE-006,12,0,360.0,13
2026-02-01,outlet-3,CAKE-007,3,0,81.0,6
2026-02-01,outlet-3,CAKE-008,3,0,60.0,3
2026-02-01,outlet-3,CAKE-009,5,0,120.0,14
2026-02-01,outlet-3,CAKE-010,6,0,108.0,17
2026-02-01,outlet-4,CAKE-001,8,0,224.0,15
2026-02-01,outlet-4,CAKE-002,12,0,288.0,46
2026-02-01,outlet-4,CAKE-003,2,0,64.0,24
2026-02-01,outlet-4,CAKE-004,6,0,132.0,22
2026-02-01,outlet-4,CAKE-005,5,0,130.0,31
2026-02-01,outlet-4,CAKE-006,6,0,180.0,10
2026-02-01,outlet-4,CAKE-007,5,0,135.0,31
2026-02-01,outlet-4,CAKE-008,3,0,60.0,26
2026-02-01,outlet-4,CAKE-009,5,0,120.0,23
2026-02-01,outlet-4,CAKE-010,0,0,0.0,46
2026-02-01,outlet-5,CAKE-001,8,0,224.0,18
2026-02-01,outlet-5,CAKE-002,5,0,120.0,12
2026-02-01,outlet-5,CAKE-003,2,0,64.0,6
2026-02-01,outlet-5,CAKE-004,2,0,44.0,3
2026-02-01,outlet-5,CAKE-005,3,0,78.0,1
2026-02-01,outlet-5,CAKE-006,6,0,180.0,4
2026-02-01,outlet-5,CAKE-007,1,0,27.0,7
2026-02-01,outlet-5,CAKE-008,1,0,20.0,2
2026-02-01,outlet-5,CAKE-009,3,0,72.0,4
2026-02-01,outlet-5,CAKE-010,4,0,72.0,4
2026-02-02,outlet-1,CAKE-001,9,0,252.0,50
2026-02-02,outlet-1,CAKE-002,9,0,216.0,8
2026-02-02,outlet-1,CAKE-003,6,0,192.0,17
2026-02-02,outlet-1,CAKE-004,4,0,88.0,22
2026-02-02,outlet-1,CAKE-005,2,0,52.0,24
2026-02-02,outlet-1,CAKE-006,8,0,240.0,36
2026-02-02,outlet-1,CAKE-007,8,0,216.0,25
2026-02-02,outlet-1,CAKE-008,3,0,60.0,18
2026-02-02,outlet-1,CAKE-009,1,0,24.0,28
2026-02-02,outlet-1,CAKE-010,9,0,162.0,3
2026-02-02,outlet-2,CAKE-001,0,0,0.0,48
2026-02-02,outlet-2,CAKE-002,3,0,72.0,0
2026-02-02,outlet-2,CAKE-003,5,0,160.0,23
2026-02-02,outlet-2,CAKE-004,4,0,88.0,20
2026-02-02,outlet-2,CAKE-005,2,0,52.0,3
2026-02-02,outlet-2,CAKE-006,7,0,210.0,26
2026-02-02,outlet-2,CAKE-007,1,0,27.0,30
2026-02-02,outlet-2,CAKE-008,3,0,60.0,4
2026-02-02,outlet-2,CAKE-009,3,0,72.0,14
2026-02-02,outlet-2,CAKE-010,5,0,90.0,15
2026-02-02,outlet-3,CAKE-001,11,0,308.0,29
2026-02-02,outlet-3,CAKE-002,10,0,240.0,24
2026-02-02,outlet-3,CAKE-003,8,0,256.0,48
2026-02-02,outlet-3,CAKE-004,2,0,44.0,3
2026-02-02,outlet-3,CAKE-005,4,0,104.0,20
2026-02-02,outlet-3,CAKE-006,9,0,270.0,4
2026-02-02,outlet-3,CAKE-007,6,0,162.0,30
2026-02-02,outlet-3,CAKE-008,2,0,40.0,13
2026-02-02,outlet-3,CAKE-009,3,0,72.0,11
2026-02-02,outlet-3,CAKE-010,5,0,90.0,12
2026-02-02,outlet-4,CAKE-001,8,0,224.0,19
2026-02-02,outlet-4,CAKE-002,15,0,360.0,31
2026-02-02,outlet-4,CAKE-003,6,0,192.0,32
2026-02-02,outlet-4,CAKE-004,5,0,110.0,17
2026-02-02,outlet-4,CAKE-005,3,0,78.0,28
2026-02-02,outlet-4,CAKE-006,3,0,90.0,7
2026-02-02,outlet-4,CAKE-007,9,0,243.0,22
2026-02-02,outlet-4,CAKE-008,5,0,100.0,21
2026-02-02,outlet-4,CAKE-009,5,0,120.0,18
2026-02-02,outlet-4,CAKE-010,10,0,180.0,36
2026-02-02,outlet-5,CAKE-001,5,0,140.0,13
2026-02-02,outlet-5,CAKE-002,4,0,96.0,8
2026-02-02,outlet-5,CAKE-003,4,0,128.0,2
2026-02-02,outlet-5,CAKE-004,2,0,44.0,1
2026-02-02,outlet-5,CAKE-005,1,0,26.0,12
2026-02-02,outlet-5,CAKE-006,4,0,120.0,30
2026-02-02,outlet-5,CAKE-007,3,0,81.0,4
2026-02-02,outlet-5,CAKE-008,1,0,20.0,1
2026-02-02,outlet-5,CAKE-009,2,0,48.0,2
2026-02-02,outlet-5,CAKE-010,4,0,72.0,4
2026-02-03,outlet-1,CAKE-001,11,0,308.0,39
2026-02-03,outlet-1,CAKE-002,8,0,192.0,46
2026-02-03,outlet-1,CAKE-003,7,0,224.0,18
2026-02-03,outlet-1,CAKE-004,4,0,88.0,18
2026-02-03,outlet-1,CAKE-005,3,0,78.0,21
2026-02-03,outlet-1,CAKE-006,3,0,90.0,33
2026-02-03,outlet-1,CAKE-007,5,0,135.0,20
2026-02-03,outlet-1,CAKE-008,3,0,60.0,15
2026-02-03,outlet-1,CAKE-009,4,0,96.0,24
2026-02-03,outlet-1,CAKE-010,3,0,54.0,43
2026-02-03,outlet-2,CAKE-001,7,0,196.0,41
2026-02-03,outlet-2,CAKE-002,0,0,0.0,15
2026-02-03,outlet-2,CAKE-003,6,0,192.0,17
2026-02-03,outlet-2,CAKE-004,3,0,66.0,17
2026-02-03,outlet-2,CAKE-005,3,0,78.0,21
2026-02-03,outlet-2,CAKE-006,5,0,150.0,28
2026-02-03,outlet-2,CAKE-007,4,0,108.0,26
2026-02-03,outlet-2,CAKE-008,3,0,60.0,17
2026-02-03,outlet-2,CAKE-009,4,0,96.0,10
2026-02-03,outlet-2,CAKE-010,7,0,126.0,8
2026-02-03,outlet-3,CAKE-001,12,0,336.0,17
2026-02-03,outlet-3,CAKE-002,8,0,192.0,16
2026-02-03,outlet-3,CAKE-003,8,0,256.0,52
2026-02-03,outlet-3,CAKE-004,3,0,66.0,0
2026-02-03,outlet-3,CAKE-005,4,0,104.0,16
2026-02-03,outlet-3,CAKE-006,4,0,120.0,45
2026-02-03,outlet-3,CAKE-007,6,0,162.0,24
2026-02-03,outlet-3,CAKE-008,2,0,40.0,11
2026-02-03,outlet-3,CAKE-009,4,0,96.0,7
2026-02-03,outlet-3,CAKE-010,5,0,90.0,19
2026-02-03,outlet-4,CAKE-001,7,0,196.0,12
2026-02-03,outlet-4,CAKE-002,9,0,216.0,22
2026-02-03,outlet-4,CAKE-003,5,0,160.0,27
2026-02-03,outlet-4,CAKE-004,4,0,88.0,13
2026-02-03,outlet-4,CAKE-005,6,0,156.0,22
2026-02-03,outlet-4,CAKE-006,4,0,120.0,3
2026-02-03,outlet-4,CAKE-007,1,0,27.0,21
2026-02-03,outlet-4,CAKE-008,5,0,100.0,16
2026-02-03,outlet-4,CAKE-009,5,0,120.0,13
2026-02-03,outlet-4,CAKE-010,10,0,180.0,26
2026-02-03,outlet-5,CAKE-001,6,0,168.0,14
2026-02-03,outlet-5,CAKE-002,3,0,72.0,5
2026-02-03,outlet-5,CAKE-003,2,0,64.0,12
2026-02-03,outlet-5,CAKE-004,1,0,22.0,4
2026-02-03,outlet-5,CAKE-005,2,0,52.0,10
2026-02-03,outlet-5,CAKE-006,5,0,150.0,25
2026-02-03,outlet-5,CAKE-007,3,0,81.0,16
2026-02-03,outlet-5,CAKE-008,1,0,20.0,7
2026-02-03,outlet-5,CAKE-009,2,0,48.0,16
2026-02-03,outlet-5,CAKE-010,2,0,36.0,2
2026-02-04,outlet-1,CAKE-001,5,0,140.0,34
2026-02-04,outlet-1,CAKE-002,9,0,216.0,37
2026-02-04,outlet-1,CAKE-003,7,0,224.0,11
2026-02-04,outlet-1,CAKE-004,5,0,110.0,13
2026-02-04,outlet-1,CAKE-005,3,0,78.0,18
2026-02-04,outlet-1,CAKE-006,1,0,30.0,52
2026-02-04,outlet-1,CAKE-007,7,0,189.0,13
2026-02-04,outlet-1,CAKE-008,4,0,80.0,11
2026-02-04,outlet-1,CAKE-009,3,0,72.0,21
2026-02-04,outlet-1,CAKE-010,7,0,126.0,36
2026-02-04,outlet-2,CAKE-001,7,0,196.0,34
2026-02-04,outlet-2,CAKE-002,6,0,144.0,9
2026-02-04,outlet-2,CAKE-003,9,0,288.0,8
2026-02-04,outlet-2,CAKE-004,4,0,88.0,13
2026-02-04,outlet-2,CAKE-005,4,0,104.0,17
2026-02-04,outlet-2,CAKE-006,4,0,120.0,24
2026-02-04,outlet-2,CAKE-007,4,0,108.0,22
2026-02-04,outlet-2,CAKE-008,4,0,80.0,13
2026-02-04,outlet-2,CAKE-009,4,0,96.0,6
2026-02-04,outlet-2,CAKE-010,8,0,144.0,0
2026-02-04,outlet-3,CAKE-001,12,1,336.0,6
2026-02-04,outlet-3,CAKE-002,8,0,192.0,8
2026-02-04,outlet-3,CAKE-003,10,0,320.0,42
2026-02-04,outlet-3,CAKE-004,0,0,0.0,19
2026-02-04,outlet-3,CAKE-005,3,0,78.0,13
2026-02-04,outlet-3,CAKE-006,7,0,210.0,38
2026-02-04,outlet-3,CAKE-007,6,0,162.0,18
2026-02-04,outlet-3,CAKE-008,2,0,40.0,9
2026-02-04,outlet-3,CAKE-009,3,0,72.0,4
2026-02-04,outlet-3,CAKE-010,4,0,72.0,15
2026-02-04,outlet-4,CAKE-001,10,0,280.0,45
2026-02-04,outlet-4,CAKE-002,11,0,264.0,29
2026-02-04,outlet-4,CAKE-003,6,0,192.0,21
2026-02-04,outlet-4,CAKE-004,5,0,110.0,8
2026-02-04,outlet-4,CAKE-005,6,0,156.0,16
2026-02-04,outlet-4,CAKE-006,2,0,60.0,22
2026-02-04,outlet-4,CAKE-007,5,0,135.0,16
2026-02-04,outlet-4,CAKE-008,5,0,100.0,11
2026-02-04,outlet-4,CAKE-009,6,0,144.0,15
2026-02-04,outlet-4,CAKE-010,10,0,180.0,16
2026-02-04,outlet-5,CAKE-001,5,0,140.0,9
2026-02-04,outlet-5,CAKE-002,3,0,72.0,2
2026-02-04,outlet-5,CAKE-003,3,0,96.0,9
2026-02-04,outlet-5,CAKE-004,1,0,22.0,3
2026-02-04,outlet-5,CAKE-005,2,0,52.0,8
2026-02-04,outlet-5,CAKE-006,6,0,180.0,19
2026-02-04,outlet-5,CAKE-007,3,0,81.0,13
2026-02-04,outlet-5,CAKE-008,1,0,20.0,6
2026-02-04,outlet-5,CAKE-009,3,0,72.0,13
2026-02-04,outlet-5,CAKE-010,2,0,36.0,0
2026-02-05,outlet-1,CAKE-001,9,0,252.0,44
2026-02-05,outlet-1,CAKE-002,5,0,120.0,32
2026-02-05,outlet-1,CAKE-003,5,0,160.0,6
2026-02-05,outlet-1,CAKE-004,4,0,88.0,9
2026-02-05,outlet-1,CAKE-005,4,0,104.0,14
2026-02-05,outlet-1,CAKE-006,5,0,150.0,47
2026-02-05,outlet-1,CAKE-007,4,0,108.0,19
2026-02-05,outlet-1,CAKE-008,3,0,60.0,13
2026-02-05,outlet-1,CAKE-009,3,0,72.0,18
2026-02-05,outlet-1,CAKE-010,7,0,126.0,40
2026-02-05,outlet-2,CAKE-001,12,0,336.0,22
2026-02-05,outlet-2,CAKE-002,8,0,192.0,43
2026-02-05,outlet-2,CAKE-003,6,0,192.0,2
2026-02-05,outlet-2,CAKE-004,4,0,88.0,9
2026-02-05,outlet-2,CAKE-005,4,0,104.0,21
2026-02-05,outlet-2,CAKE-006,4,0,120.0,20
2026-02-05,outlet-2,CAKE-007,5,0,135.0,17
2026-02-05,outlet-2,CAKE-008,2,0,40.0,11
2026-02-05,outlet-2,CAKE-009,3,0,72.0,3
2026-02-05,outlet-2,CAKE-010,0,0,0.0,12
2026-02-05,outlet-3,CAKE-001,6,0,168.0,67
2026-02-05,outlet-3,CAKE-002,7,0,168.0,1
2026-02-05,outlet-3,CAKE-003,7,0,224.0,35
2026-02-05,outlet-3,CAKE-004,4,0,88.0,15
2026-02-05,outlet-3,CAKE-005,6,0,156.0,7
2026-02-05,outlet-3,CAKE-006,10,0,300.0,28
2026-02-05,outlet-3,CAKE-007,2,0,54.0,16
2026-02-05,outlet-3,CAKE-008,2,0,40.0,7
2026-02-05,outlet-3,CAKE-009,2,0,48.0,2
2026-02-05,outlet-3,CAKE-010,5,0,90.0,10
2026-02-05,outlet-4,CAKE-001,8,0,224.0,37
2026-02-05,outlet-4,CAKE-002,10,0,240.0,19
2026-02-05,outlet-4,CAKE-003,5,0,160.0,16
2026-02-05,outlet-4,CAKE-004,4,0,88.0,4
2026-02-05,outlet-4,CAKE-005,4,0,104.0,12
2026-02-05,outlet-4,CAKE-006,2,0,60.0,20
2026-02-05,outlet-4,CAKE-007,5,0,135.0,11
2026-02-05,outlet-4,CAKE-008,4,0,80.0,7
2026-02-05,outlet-4,CAKE-009,4,0,96.0,11
2026-02-05,outlet-4,CAKE-010,8,0,144.0,8
2026-02-05,outlet-5,CAKE-001,6,0,168.0,3
2026-02-05,outlet-5,CAKE-002,2,0,48.0,0
2026-02-05,outlet-5,CAKE-003,3,0,96.0,6
2026-02-05,outlet-5,CAKE-004,2,0,44.0,15
2026-02-05,outlet-5,CAKE-005,2,0,52.0,6
2026-02-05,outlet-5,CAKE-006,5,0,150.0,27
2026-02-05,outlet-5,CAKE-007,3,0,81.0,16
2026-02-05,outlet-5,CAKE-008,1,0,20.0,5
2026-02-05,outlet-5,CAKE-009,2,0,48.0,11
2026-02-05,outlet-5,CAKE-010,0,0,0.0,0
2026-02-06,outlet-1,CAKE-001,16,0,448.0,28
2026-02-06,outlet-1,CAKE-002,9,0,216.0,23
2026-02-06,outlet-1,CAKE-003,6,0,192.0,0
2026-02-06,outlet-1,CAKE-004,4,0,88.0,5
2026-02-06,outlet-1,CAKE-005,5,0,130.0,9
2026-02-06,outlet-1,CAKE-006,11,0,330.0,36
2026-02-06,outlet-1,CAKE-007,7,0,189.0,12
2026-02-06,outlet-1,CAKE-008,4,0,80.0,9
2026-02-06,outlet-1,CAKE-009,5,0,120.0,13
2026-02-06,outlet-1,CAKE-010,9,0,162.0,31
2026-02-06,outlet-2,CAKE-001,10,0,280.0,12
2026-02-06,outlet-2,CAKE-002,8,0,192.0,35
2026-02-06,outlet-2,CAKE-003,2,0,64.0,0
2026-02-06,outlet-2,CAKE-004,3,0,66.0,6
2026-02-06,outlet-2,CAKE-005,5,0,130.0,16
2026-02-06,outlet-2,CAKE-006,5,0,150.0,23
2026-02-06,outlet-2,CAKE-007,8,0,216.0,9
2026-02-06,outlet-2,CAKE-008,3,0,60.0,8
2026-02-06,outlet-2,CAKE-009,3,0,72.0,21
2026-02-06,outlet-2,CAKE-010,11,0,198.0,40
2026-02-06,outlet-3,CAKE-001,13,1,364.0,55
2026-02-06,outlet-3,CAKE-002,1,0,24.0,46
2026-02-06,outlet-3,CAKE-003,18,1,576.0,18
2026-02-06,outlet-3,CAKE-004,4,0,88.0,11
2026-02-06,outlet-3,CAKE-005,7,0,182.0,0
2026-02-06,outlet-3,CAKE-006,17,0,510.0,11
2026-02-06,outlet-3,CAKE-007,10,1,270.0,7
2026-02-06,outlet-3,CAKE-008,2,0,40.0,5
2026-02-06,outlet-3,CAKE-009,2,0,48.0,0
2026-02-06,outlet-3,CAKE-010,7,0,126.0,3
2026-02-06,outlet-4,CAKE-001,9,0,252.0,28
2026-02-06,outlet-4,CAKE-002,12,0,288.0,7
2026-02-06,outlet-4,CAKE-003,6,0,192.0,23
2026-02-06,outlet-4,CAKE-004,4,0,88.0,28
2026-02-06,outlet-4,CAKE-005,5,0,130.0,7
2026-02-06,outlet-4,CAKE-006,6,0,180.0,14
2026-02-06,outlet-4,CAKE-007,6,0,162.0,5
2026-02-06,outlet-4,CAKE-008,6,0,120.0,28
2026-02-06,outlet-4,CAKE-009,7,0,168.0,4
2026-02-06,outlet-4,CAKE-010,8,0,144.0,46
2026-02-06,outlet-5,CAKE-001,3,0,84.0,0
2026-02-06,outlet-5,CAKE-002,0,0,0.0,5
2026-02-06,outlet-5,CAKE-003,4,0,128.0,2
2026-02-06,outlet-5,CAKE-004,2,0,44.0,17
2026-02-06,outlet-5,CAKE-005,1,0,26.0,5
2026-02-06,outlet-5,CAKE-006,8,0,240.0,19
2026-02-06,outlet-5,CAKE-007,5,0,135.0,19
2026-02-06,outlet-5,CAKE-008,1,0,20.0,4
2026-02-06,outlet-5,CAKE-009,4,0,96.0,7
2026-02-06,outlet-5,CAKE-010,0,0,0.0,0
2026-02-07,outlet-1,CAKE-001,16,0,448.0,33
2026-02-07,outlet-1,CAKE-002,8,0,192.0,15
2026-02-07,outlet-1,CAKE-003,0,0,0.0,0
2026-02-07,outlet-1,CAKE-004,4,0,88.0,6
2026-02-07,outlet-1,CAKE-005,5,0,130.0,4
2026-02-07,outlet-1,CAKE-006,7,0,210.0,47
2026-02-07,outlet-1,CAKE-007,5,0,135.0,7
2026-02-07,outlet-1,CAKE-008,4,0,80.0,5
2026-02-07,outlet-1,CAKE-009,4,0,96.0,9
2026-02-07,outlet-1,CAKE-010,14,1,252.0,18
2026-02-07,outlet-2,CAKE-001,10,0,280.0,50
2026-02-07,outlet-2,CAKE-002,8,0,192.0,40
2026-02-07,outlet-2,CAKE-003,0,0,0.0,27
2026-02-07,outlet-2,CAKE-004,6,0,132.0,24
2026-02-07,outlet-2,CAKE-005,6,0,156.0,10
2026-02-07,outlet-2,CAKE-006,7,0,210.0,16
2026-02-07,outlet-2,CAKE-007,7,0,189.0,2
2026-02-07,outlet-2,CAKE-008,3,0,60.0,5
2026-02-07,outlet-2,CAKE-009,5,0,120.0,16
2026-02-07,outlet-2,CAKE-010,8,0,144.0,32
2026-02-07,outlet-3,CAKE-001,16,0,448.0,39
2026-02-07,outlet-3,CAKE-002,8,0,192.0,38
2026-02-07,outlet-3,CAKE-003,16,1,512.0,51
2026-02-07,outlet-3,CAKE-004,5,0,110.0,6
2026-02-07,outlet-3,CAKE-005,0,0,0.0,24
2026-02-07,outlet-3,CAKE-006,11,0,330.0,0
2026-02-07,outlet-3,CAKE-007,7,1,189.0,31
2026-02-07,outlet-3,CAKE-008,3,0,60.0,5
2026-02-07,outlet-3,CAKE-009,0,0,0.0,0
2026-02-07,outlet-3,CAKE-010,3,0,54.0,32
2026-02-07,outlet-4,CAKE-001,13,0,364.0,15
2026-02-07,outlet-4,CAKE-002,7,0,168.0,18
2026-02-07,outlet-4,CAKE-003,6,0,192.0,17
2026-02-07,outlet-4,CAKE-004,5,0,110.0,23
2026-02-07,outlet-4,CAKE-005,6,0,156.0,34
2026-02-07,outlet-4,CAKE-006,7,0,210.0,7
2026-02-07,outlet-4,CAKE-007,5,0,135.0,0
2026-02-07,outlet-4,CAKE-008,7,0,140.0,34
2026-02-07,outlet-4,CAKE-009,4,0,96.0,0
2026-02-07,outlet-4,CAKE-010,11,0,198.0,51
2026-02-07,outlet-5,CAKE-001,0,0,0.0,28
2026-02-07,outlet-5,CAKE-002,5,0,120.0,21
2026-02-07,outlet-5,CAKE-003,2,0,64.0,12
2026-02-07,outlet-5,CAKE-004,3,0,66.0,14
2026-02-07,outlet-5,CAKE-005,2,0,52.0,3
2026-02-07,outlet-5,CAKE-006,7,0,210.0,23
2026-02-07,outlet-5,CAKE-007,2,0,54.0,23
2026-02-07,outlet-5,CAKE-008,1,0,20.0,3
2026-02-07,outlet-5,CAKE-009,4,0,96.0,3
2026-02-07,outlet-5,CAKE-010,0,0,0.0,21
2026-02-08,outlet-1,CAKE-001,14,1,392.0,20
2026-02-08,outlet-1,CAKE-002,10,0,240.0,5
2026-02-08,outlet-1,CAKE-003,0,0,0.0,0
2026-02-08,outlet-1,CAKE-004,5,0,110.0,27
2026-02-08,outlet-1,CAKE-005,4,0,104.0,0
2026-02-08,outlet-1,CAKE-006,10,0,300.0,37
2026-02-08,outlet-1,CAKE-007,5,0,135.0,2
2026-02-08,outlet-1,CAKE-008,4,0,80.0,19
2026-02-08,outlet-1,CAKE-009,6,0,144.0,3
2026-02-08,outlet-1,CAKE-010,7,0,126.0,11
2026-02-08,outlet-2,CAKE-001,13,0,364.0,37
2026-02-08,outlet-2,CAKE-002,5,0,120.0,35
2026-02-08,outlet-2,CAKE-003,5,0,160.0,22
2026-02-08,outlet-2,CAKE-004,4,0,88.0,20
2026-02-08,outlet-2,CAKE-005,4,0,104.0,6
2026-02-08,outlet-2,CAKE-006,9,0,270.0,7
2026-02-08,outlet-2,CAKE-007,2,0,54.0,0
2026-02-08,outlet-2,CAKE-008,3,0,60.0,2
2026-02-08,outlet-2,CAKE-009,5,0,120.0,11
2026-02-08,outlet-2,CAKE-010,7,0,126.0,25
2026-02-08,outlet-3,CAKE-001,9,0,252.0,30
2026-02-08,outlet-3,CAKE-002,12,1,288.0,41
2026-02-08,outlet-3,CAKE-003,14,0,448.0,37
2026-02-08,outlet-3,CAKE-004,5,0,110.0,1
2026-02-08,outlet-3,CAKE-005,6,0,156.0,22
2026-02-08,outlet-3,CAKE-006,0,0,0.0,13
2026-02-08,outlet-3,CAKE-007,7,1,189.0,25
2026-02-08,outlet-3,CAKE-008,2,0,40.0,3
2026-02-08,outlet-3,CAKE-009,0,0,0.0,21
2026-02-08,outlet-3,CAKE-010,7,0,126.0,25
2026-02-08,outlet-4,CAKE-001,8,0,224.0,7
2026-02-08,outlet-4,CAKE-002,11,0,264.0,7
2026-02-08,outlet-4,CAKE-003,10,0,320.0,7
2026-02-08,outlet-4,CAKE-004,5,0,110.0,18
2026-02-08,outlet-4,CAKE-005,6,0,156.0,28
2026-02-08,outlet-4,CAKE-006,6,0,180.0,1
2026-02-08,outlet-4,CAKE-007,0,0,0.0,7
2026-02-08,outlet-4,CAKE-008,6,0,120.0,28
2026-02-08,outlet-4,CAKE-009,0,0,0.0,28
2026-02-08,outlet-4,CAKE-010,11,0,198.0,40
2026-02-08,outlet-5,CAKE-001,11,0,308.0,25
2026-02-08,outlet-5,CAKE-002,5,0,120.0,16
2026-02-08,outlet-5,CAKE-003,3,0,96.0,9
2026-02-08,outlet-5,CAKE-004,3,0,66.0,11
2026-02-08,outlet-5,CAKE-005,3,0,78.0,12
2026-02-08,outlet-5,CAKE-006,8,0,240.0,15
2026-02-08,outlet-5,CAKE-007,4,0,108.0,26
2026-02-08,outlet-5,CAKE-008,2,0,40.0,1
2026-02-08,outlet-5,CAKE-009,3,0,72.0,0
2026-02-08,outlet-5,CAKE-010,4,0,72.0,17
2026-02-09,outlet-1,CAKE-001,11,0,308.0,9
2026-02-09,outlet-1,CAKE-002,4,0,96.0,1
2026-02-09,outlet-1,CAKE-003,0,0,0.0,0
2026-02-09,outlet-1,CAKE-004,5,0,110.0,29
2026-02-09,outlet-1,CAKE-005,0,0,0.0,24
2026-02-09,outlet-1,CAKE-006,6,0,180.0,49
2026-02-09,outlet-1,CAKE-007,2,0,54.0,33
2026-02-09,outlet-1,CAKE-008,3,0,60.0,16
2026-02-09,outlet-1,CAKE-009,3,0,72.0,24
2026-02-09,outlet-1,CAKE-010,7,0,126.0,4
2026-02-09,outlet-2,CAKE-001,6,0,168.0,31
2026-02-09,outlet-2,CAKE-002,6,0,144.0,29
2026-02-09,outlet-2,CAKE-003,5,0,160.0,17
2026-02-09,outlet-2,CAKE-004,4,0,88.0,16
2026-02-09,outlet-2,CAKE-005,4,0,104.0,9
2026-02-09,outlet-2,CAKE-006,5,0,150.0,2
2026-02-09,outlet-2,CAKE-007,0,0,0.0,0
2026-02-09,outlet-2,CAKE-008,2,0,40.0,0
2026-02-09,outlet-2,CAKE-009,4,0,96.0,7
2026-02-09,outlet-2,CAKE-010,7,0,126.0,30
2026-02-09,outlet-3,CAKE-001,15,0,420.0,31
2026-02-09,outlet-3,CAKE-002,12,0,288.0,29
2026-02-09,outlet-3,CAKE-003,14,0,448.0,23
2026-02-09,outlet-3,CAKE-004,1,0,22.0,0
2026-02-09,outlet-3,CAKE-005,3,0,78.0,19
2026-02-09,outlet-3,CAKE-006,10,0,300.0,3
2026-02-09,outlet-3,CAKE-007,5,0,135.0,20
2026-02-09,outlet-3,CAKE-008,2,0,40.0,1
2026-02-09,outlet-3,CAKE-009,3,0,72.0,18
2026-02-09,outlet-3,CAKE-010,6,0,108.0,19
2026-02-09,outlet-4,CAKE-001,7,0,196.0,13
2026-02-09,outlet-4,CAKE-002,7,0,168.0,54
2026-02-09,outlet-4,CAKE-003,4,0,128.0,3
2026-02-09,outlet-4,CAKE-004,5,0,110.0,13
2026-02-09,outlet-4,CAKE-005,4,0,104.0,24
2026-02-09,outlet-4,CAKE-006,1,0,30.0,21
2026-02-09,outlet-4,CAKE-007,7,1,189.0,1
2026-02-09,outlet-4,CAKE-008,4,0,80.0,36
2026-02-09,outlet-4,CAKE-009,3,0,72.0,32
2026-02-09,outlet-4,CAKE-010,8,0,144.0,32
2026-02-09,outlet-5,CAKE-001,5,0,140.0,20
2026-02-09,outlet-5,CAKE-002,4,0,96.0,12
2026-02-09,outlet-5,CAKE-003,2,0,64.0,7
2026-02-09,outlet-5,CAKE-004,2,0,44.0,9
2026-02-09,outlet-5,CAKE-005,2,0,52.0,13
2026-02-09,outlet-5,CAKE-006,6,0,180.0,9
2026-02-09,outlet-5,CAKE-007,4,0,108.0,22
2026-02-09,outlet-5,CAKE-008,1,0,20.0,0
2026-02-09,outlet-5,CAKE-009,0,0,0.0,16
2026-02-09,outlet-5,CAKE-010,4,0,72.0,13
2026-02-10,outlet-1,CAKE-001,9,0,252.0,57
2026-02-10,outlet-1,CAKE-002,1,0,24.0,46
2026-02-10,outlet-1,CAKE-003,0,0,0.0,30
2026-02-10,outlet-1,CAKE-004,4,0,88.0,25
2026-02-10,outlet-1,CAKE-005,6,0,156.0,18
2026-02-10,outlet-1,CAKE-006,4,0,120.0,45
2026-02-10,outlet-1,CAKE-007,6,0,162.0,27
2026-02-10,outlet-1,CAKE-008,3,0,60.0,13
2026-02-10,outlet-1,CAKE-009,4,0,96.0,20
2026-02-10,outlet-1,CAKE-010,4,0,72.0,43
2026-02-10,outlet-2,CAKE-001,10,0,280.0,21
2026-02-10,outlet-2,CAKE-002,8,0,192.0,21
2026-02-10,outlet-2,CAKE-003,5,0,160.0,12
2026-02-10,outlet-2,CAKE-004,5,0,110.0,11
2026-02-10,outlet-2,CAKE-005,4,0,104.0,5
2026-02-10,outlet-2,CAKE-006,2,0,60.0,24
2026-02-10,outlet-2,CAKE-007,0,0,0.0,30
2026-02-10,outlet-2,CAKE-008,0,0,0.0,16
2026-02-10,outlet-2,CAKE-009,3,0,72.0,4
2026-02-10,outlet-2,CAKE-010,6,0,108.0,24
2026-02-10,outlet-3,CAKE-001,11,0,308.0,20
2026-02-10,outlet-3,CAKE-002,6,0,144.0,23
2026-02-10,outlet-3,CAKE-003,6,0,192.0,31
2026-02-10,outlet-3,CAKE-004,0,0,0.0,4
2026-02-10,outlet-3,CAKE-005,3,0,78.0,16
2026-02-10,outlet-3,CAKE-006,3,0,90.0,45
2026-02-10,outlet-3,CAKE-007,3,0,81.0,17
2026-02-10,outlet-3,CAKE-008,1,0,20.0,0
2026-02-10,outlet-3,CAKE-009,4,0,96.0,14
2026-02-10,outlet-3,CAKE-010,6,0,108.0,13
2026-02-10,outlet-4,CAKE-001,7,0,196.0,6
2026-02-10,outlet-4,CAKE-002,7,0,168.0,47
2026-02-10,outlet-4,CAKE-003,2,0,64.0,25
2026-02-10,outlet-4,CAKE-004,4,0,88.0,9
2026-02-10,outlet-4,CAKE-005,4,0,104.0,20
2026-02-10,outlet-4,CAKE-006,3,0,90.0,18
2026-02-10,outlet-4,CAKE-007,1,0,27.0,36
2026-02-10,outlet-4,CAKE-008,6,0,120.0,30
2026-02-10,outlet-4,CAKE-009,5,0,120.0,27
2026-02-10,outlet-4,CAKE-010,8,0,144.0,24
2026-02-10,outlet-5,CAKE-001,5,0,140.0,15
2026-02-10,outlet-5,CAKE-002,4,0,96.0,8
2026-02-10,outlet-5,CAKE-003,3,0,96.0,4
2026-02-10,outlet-5,CAKE-004,2,0,44.0,7
2026-02-10,outlet-5,CAKE-005,1,0,26.0,12
2026-02-10,outlet-5,CAKE-006,7,0,210.0,32
2026-02-10,outlet-5,CAKE-007,3,0,81.0,19
2026-02-10,outlet-5,CAKE-008,0,0,0.0,7
2026-02-10,outlet-5,CAKE-009,3,0,72.0,13
2026-02-10,outlet-5,CAKE-010,3,0,54.0,10
2026-02-11,outlet-1,CAKE-001,10,0,280.0,47
2026-02-11,outlet-1,CAKE-002,8,0,192.0,38
2026-02-11,outlet-1,CAKE-003,3,0,96.0,27
2026-02-11,outlet-1,CAKE-004,3,0,66.0,22
2026-02-11,outlet-1,CAKE-005,5,0,130.0,13
2026-02-11,outlet-1,CAKE-006,4,0,120.0,62
2026-02-11,outlet-1,CAKE-007,6,0,162.0,21
2026-02-11,outlet-1,CAKE-008,3,0,60.0,14
2026-02-11,outlet-1,CAKE-009,4,0,96.0,16
2026-02-11,outlet-1,CAKE-010,8,0,144.0,35
2026-02-11,outlet-2,CAKE-001,9,0,252.0,12
2026-02-11,outlet-2,CAKE-002,6,0,144.0,30
2026-02-11,outlet-2,CAKE-003,5,0,160.0,15
2026-02-11,outlet-2,CAKE-004,6,0,132.0,5
2026-02-11,outlet-2,CAKE-005,4,0,104.0,10
2026-02-11,outlet-2,CAKE-006,4,0,120.0,20
2026-02-11,outlet-2,CAKE-007,8,1,216.0,23
2026-02-11,outlet-2,CAKE-008,3,0,60.0,13
2026-02-11,outlet-2,CAKE-009,4,0,96.0,8
2026-02-11,outlet-2,CAKE-010,5,0,90.0,19
2026-02-11,outlet-3,CAKE-001,12,0,336.0,8
2026-02-11,outlet-3,CAKE-002,10,0,240.0,13
2026-02-11,outlet-3,CAKE-003,11,0,352.0,20
2026-02-11,outlet-3,CAKE-004,3,0,66.0,5
2026-02-11,outlet-3,CAKE-005,3,0,78.0,13
2026-02-11,outlet-3,CAKE-006,7,0,210.0,38
2026-02-11,outlet-3,CAKE-007,4,0,108.0,21
2026-02-11,outlet-3,CAKE-008,0,0,0.0,0
2026-02-11,outlet-3,CAKE-009,4,0,96.0,10
2026-02-11,outlet-3,CAKE-010,7,0,126.0,6
2026-02-11,outlet-4,CAKE-001,6,0,168.0,15
2026-02-11,outlet-4,CAKE-002,10,0,240.0,37
2026-02-11,outlet-4,CAKE-003,7,0,224.0,18
2026-02-11,outlet-4,CAKE-004,6,0,132.0,3
2026-02-11,outlet-4,CAKE-005,5,0,130.0,15
2026-02-11,outlet-4,CAKE-006,5,0,150.0,21
2026-02-11,outlet-4,CAKE-007,8,1,216.0,29
2026-02-11,outlet-4,CAKE-008,3,0,60.0,27
2026-02-11,outlet-4,CAKE-009,6,0,144.0,21
2026-02-11,outlet-4,CAKE-010,6,0,108.0,18
2026-02-11,outlet-5,CAKE-001,6,0,168.0,9
2026-02-11,outlet-5,CAKE-002,3,0,72.0,5
2026-02-11,outlet-5,CAKE-003,3,0,96.0,1
2026-02-11,outlet-5,CAKE-004,3,0,66.0,4
2026-02-11,outlet-5,CAKE-005,2,0,52.0,10
2026-02-11,outlet-5,CAKE-006,6,0,180.0,26
2026-02-11,outlet-5,CAKE-007,2,0,54.0,17
2026-02-11,outlet-5,CAKE-008,2,0,40.0,5
2026-02-11,outlet-5,CAKE-009,2,0,48.0,11
2026-02-11,outlet-5,CAKE-010,4,0,72.0,6
2026-02-12,outlet-1,CAKE-001,15,1,420.0,33
2026-02-12,outlet-1,CAKE-002,7,0,168.0,31
2026-02-12,outlet-1,CAKE-003,5,0,160.0,22
2026-02-12,outlet-1,CAKE-004,4,0,88.0,18
2026-02-12,outlet-1,CAKE-005,3,0,78.0,10
2026-02-12,outlet-1,CAKE-006,6,0,180.0,56
2026-02-12,outlet-1,CAKE-007,8,0,216.0,13
2026-02-12,outlet-1,CAKE-008,2,0,40.0,17
2026-02-12,outlet-1,CAKE-009,2,0,48.0,14
2026-02-12,outlet-1,CAKE-010,7,0,126.0,28
2026-02-12,outlet-2,CAKE-001,10,0,280.0,50
2026-02-12,outlet-2,CAKE-002,7,0,168.0,23
2026-02-12,outlet-2,CAKE-003,5,0,160.0,10
2026-02-12,outlet-2,CAKE-004,3,0,66.0,2
2026-02-12,outlet-2,CAKE-005,4,0,104.0,6
2026-02-12,outlet-2,CAKE-006,3,0,90.0,17
2026-02-12,outlet-2,CAKE-007,4,0,108.0,19
2026-02-12,outlet-2,CAKE-008,3,0,60.0,10
2026-02-12,outlet-2,CAKE-009,4,0,96.0,4
2026-02-12,outlet-2,CAKE-010,5,0,90.0,14
2026-02-12,outlet-3,CAKE-001,8,0,224.0,67
2026-02-12,outlet-3,CAKE-002,7,0,168.0,6
2026-02-12,outlet-3,CAKE-003,12,0,384.0,8
2026-02-12,outlet-3,CAKE-004,3,0,66.0,2
2026-02-12,outlet-3,CAKE-005,4,0,104.0,9
2026-02-12,outlet-3,CAKE-006,11,0,330.0,27
2026-02-12,outlet-3,CAKE-007,5,0,135.0,16
2026-02-12,outlet-3,CAKE-008,0,0,0.0,12
2026-02-12,outlet-3,CAKE-009,4,0,96.0,16
2026-02-12,outlet-3,CAKE-010,6,0,108.0,32
2026-02-12,outlet-4,CAKE-001,6,0,168.0,9
2026-02-12,outlet-4,CAKE-002,11,0,264.0,26
2026-02-12,outlet-4,CAKE-003,4,0,128.0,25
2026-02-12,outlet-4,CAKE-004,3,0,66.0,28
2026-02-12,outlet-4,CAKE-005,7,0,182.0,8
2026-02-12,outlet-4,CAKE-006,5,0,150.0,16
2026-02-12,outlet-4,CAKE-007,5,0,135.0,24
2026-02-12,outlet-4,CAKE-008,6,0,120.0,21
2026-02-12,outlet-4,CAKE-009,5,0,120.0,16
2026-02-12,outlet-4,CAKE-010,6,0,108.0,12
2026-02-12,outlet-5,CAKE-001,4,0,112.0,13
2026-02-12,outlet-5,CAKE-002,3,0,72.0,2
2026-02-12,outlet-5,CAKE-003,1,0,32.0,12
2026-02-12,outlet-5,CAKE-004,2,0,44.0,2
2026-02-12,outlet-5,CAKE-005,2,0,52.0,8
2026-02-12,outlet-5,CAKE-006,5,0,150.0,31
2026-02-12,outlet-5,CAKE-007,4,0,108.0,13
2026-02-12,outlet-5,CAKE-008,1,0,20.0,4
2026-02-12,outlet-5,CAKE-009,4,0,96.0,7
2026-02-12,outlet-5,CAKE-010,3,0,54.0,3
2026-02-13,outlet-1,CAKE-001,14,0,392.0,19
2026-02-13,outlet-1,CAKE-002,10,0,240.0,21
2026-02-13,outlet-1,CAKE-003,5,0,160.0,17
2026-02-13,outlet-1,CAKE-004,5,0,110.0,13
2026-02-13,outlet-1,CAKE-005,5,0,130.0,14
2026-02-13,outlet-1,CAKE-006,9,0,270.0,47
2026-02-13,outlet-1,CAKE-007,7,0,189.0,19
2026-02-13,outlet-1,CAKE-008,3,0,60.0,14
2026-02-13,outlet-1,CAKE-009,6,0,144.0,8
2026-02-13,outlet-1,CAKE-010,13,1,234.0,16
2026-02-13,outlet-2,CAKE-001,10,0,280.0,40
2026-02-13,outlet-2,CAKE-002,10,0,240.0,13
2026-02-13,outlet-2,CAKE-003,9,0,288.0,28
2026-02-13,outlet-2,CAKE-004,2,0,44.0,24
2026-02-13,outlet-2,CAKE-005,3,0,78.0,3
2026-02-13,outlet-2,CAKE-006,5,0,150.0,12
2026-02-13,outlet-2,CAKE-007,7,0,189.0,12
2026-02-13,outlet-2,CAKE-008,3,0,60.0,7
2026-02-13,outlet-2,CAKE-009,4,0,96.0,0
2026-02-13,outlet-2,CAKE-010,10,0,180.0,4
2026-02-13,outlet-3,CAKE-001,19,1,532.0,49
2026-02-13,outlet-3,CAKE-002,6,0,144.0,46
2026-02-13,outlet-3,CAKE-003,8,0,256.0,0
2026-02-13,outlet-3,CAKE-004,2,0,44.0,19
2026-02-13,outlet-3,CAKE-005,8,0,208.0,25
2026-02-13,outlet-3,CAKE-006,8,0,240.0,19
2026-02-13,outlet-3,CAKE-007,10,0,270.0,6
2026-02-13,outlet-3,CAKE-008,3,0,60.0,9
2026-02-13,outlet-3,CAKE-009,4,0,96.0,12
2026-02-13,outlet-3,CAKE-010,5,0,90.0,27
2026-02-13,outlet-4,CAKE-001,9,0,252.0,0
2026-02-13,outlet-4,CAKE-002,15,1,360.0,31
2026-02-13,outlet-4,CAKE-003,8,0,256.0,30
2026-02-13,outlet-4,CAKE-004,7,0,154.0,29
2026-02-13,outlet-4,CAKE-005,8,0,208.0,33
2026-02-13,outlet-4,CAKE-006,8,0,240.0,8
2026-02-13,outlet-4,CAKE-007,12,1,324.0,13
2026-02-13,outlet-4,CAKE-008,7,0,140.0,14
2026-02-13,outlet-4,CAKE-009,5,0,120.0,11
2026-02-13,outlet-4,CAKE-010,10,0,180.0,15
2026-02-13,outlet-5,CAKE-001,5,0,140.0,8
2026-02-13,outlet-5,CAKE-002,2,0,48.0,0
2026-02-13,outlet-5,CAKE-003,3,0,96.0,9
2026-02-13,outlet-5,CAKE-004,2,0,44.0,0
2026-02-13,outlet-5,CAKE-005,3,0,78.0,5
2026-02-13,outlet-5,CAKE-006,9,0,270.0,33
2026-02-13,outlet-5,CAKE-007,3,0,81.0,17
2026-02-13,outlet-5,CAKE-008,2,0,40.0,2
2026-02-13,outlet-5,CAKE-009,2,0,48.0,5
2026-02-13,outlet-5,CAKE-010,3,0,54.0,21
2026-02-14,outlet-1,CAKE-001,15,0,420.0,61
2026-02-14,outlet-1,CAKE-002,10,0,240.0,11
2026-02-14,outlet-1,CAKE-003,12,0,384.0,5
2026-02-14,outlet-1,CAKE-004,6,0,132.0,7
2026-02-14,outlet-1,CAKE-005,4,0,104.0,19
2026-02-14,outlet-1,CAKE-006,4,0,120.0,43
2026-02-14,outlet-1,CAKE-007,10,1,270.0,10
2026-02-14,outlet-1,CAKE-008,4,0,80.0,10
2026-02-14,outlet-1,CAKE-009,5,0,120.0,9
2026-02-14,outlet-1,CAKE-010,8,0,144.0,8
2026-02-14,outlet-2,CAKE-001,12,0,336.0,28
2026-02-14,outlet-2,CAKE-002,6,0,144.0,7
2026-02-14,outlet-2,CAKE-003,6,0,192.0,30
2026-02-14,outlet-2,CAKE-004,4,0,88.0,20
2026-02-14,outlet-2,CAKE-005,3,0,78.0,21
2026-02-14,outlet-2,CAKE-006,5,0,150.0,7
2026-02-14,outlet-2,CAKE-007,8,1,216.0,12
2026-02-14,outlet-2,CAKE-008,4,0,80.0,3
2026-02-14,outlet-2,CAKE-009,0,0,0.0,21
2026-02-14,outlet-2,CAKE-010,4,0,72.0,11
2026-02-14,outlet-3,CAKE-001,21,1,588.0,29
2026-02-14,outlet-3,CAKE-002,12,0,288.0,34
2026-02-14,outlet-3,CAKE-003,0,0,0.0,48
2026-02-14,outlet-3,CAKE-004,3,0,66.0,16
2026-02-14,outlet-3,CAKE-005,4,0,104.0,21
2026-02-14,outlet-3,CAKE-006,11,0,330.0,8
2026-02-14,outlet-3,CAKE-007,6,0,162.0,0
2026-02-14,outlet-3,CAKE-008,3,0,60.0,6
2026-02-14,outlet-3,CAKE-009,3,0,72.0,9
2026-02-14,outlet-3,CAKE-010,6,0,108.0,21
2026-02-14,outlet-4,CAKE-001,0,0,0.0,43
2026-02-14,outlet-4,CAKE-002,8,0,192.0,23
2026-02-14,outlet-4,CAKE-003,9,0,288.0,34
2026-02-14,outlet-4,CAKE-004,8,0,176.0,21
2026-02-14,outlet-4,CAKE-005,6,0,156.0,27
2026-02-14,outlet-4,CAKE-006,5,0,150.0,3
2026-02-14,outlet-4,CAKE-007,13,1,351.0,1
2026-02-14,outlet-4,CAKE-008,8,0,160.0,6
2026-02-14,outlet-4,CAKE-009,6,0,144.0,13
2026-02-14,outlet-4,CAKE-010,11,0,198.0,4
2026-02-14,outlet-5,CAKE-001,8,0,224.0,8
2026-02-14,outlet-5,CAKE-002,0,0,0.0,0
2026-02-14,outlet-5,CAKE-003,3,0,96.0,6
2026-02-14,outlet-5,CAKE-004,0,0,0.0,14
2026-02-14,outlet-5,CAKE-005,2,0,52.0,3
2026-02-14,outlet-5,CAKE-006,5,0,150.0,28
2026-02-14,outlet-5,CAKE-007,3,0,81.0,14
2026-02-14,outlet-5,CAKE-008,2,0,40.0,7
2026-02-14,outlet-5,CAKE-009,4,0,96.0,1
2026-02-14,outlet-5,CAKE-010,4,0,72.0,17
2026-02-15,outlet-1,CAKE-001,16,0,448.0,45
2026-02-15,outlet-1,CAKE-002,11,0,264.0,0
2026-02-15,outlet-1,CAKE-003,5,0,160.0,30
2026-02-15,outlet-1,CAKE-004,4,0,88.0,3
2026-02-15,outlet-1,CAKE-005,6,0,156.0,21
2026-02-15,outlet-1,CAKE-006,9,0,270.0,34
2026-02-15,outlet-1,CAKE-007,6,0,162.0,4
2026-02-15,outlet-1,CAKE-008,4,0,80.0,10
2026-02-15,outlet-1,CAKE-009,5,0,120.0,4
2026-02-15,outlet-1,CAKE-010,8,0,144.0,0
2026-02-15,outlet-2,CAKE-001,10,0,280.0,18
2026-02-15,outlet-2,CAKE-002,7,0,168.0,12
2026-02-15,outlet-2,CAKE-003,9,0,288.0,31
2026-02-15,outlet-2,CAKE-004,8,0,176.0,12
2026-02-15,outlet-2,CAKE-005,5,0,130.0,16
2026-02-15,outlet-2,CAKE-006,5,0,150.0,2
2026-02-15,outlet-2,CAKE-007,11,1,297.0,2
2026-02-15,outlet-2,CAKE-008,3,0,60.0,0
2026-02-15,outlet-2,CAKE-009,4,0,96.0,17
2026-02-15,outlet-2,CAKE-010,11,0,198.0,39
2026-02-15,outlet-3,CAKE-001,19,1,532.0,23
2026-02-15,outlet-3,CAKE-002,8,0,192.0,41
2026-02-15,outlet-3,CAKE-003,13,0,416.0,35
2026-02-15,outlet-3,CAKE-004,3,0,66.0,17
2026-02-15,outlet-3,CAKE-005,7,0,182.0,14
2026-02-15,outlet-3,CAKE-006,8,0,240.0,0
2026-02-15,outlet-3,CAKE-007,0,0,0.0,0
2026-02-15,outlet-3,CAKE-008,3,0,60.0,3
2026-02-15,outlet-3,CAKE-009,7,0,168.0,14
2026-02-15,outlet-3,CAKE-010,7,0,126.0,14
2026-02-15,outlet-4,CAKE-001,12,0,336.0,31
2026-02-15,outlet-4,CAKE-002,11,0,264.0,12
2026-02-15,outlet-4,CAKE-003,10,0,320.0,35
2026-02-15,outlet-4,CAKE-004,5,0,110.0,16
2026-02-15,outlet-4,CAKE-005,6,0,156.0,21
2026-02-15,outlet-4,CAKE-006,3,0,90.0,21
2026-02-15,outlet-4,CAKE-007,1,0,27.0,0
2026-02-15,outlet-4,CAKE-008,4,0,80.0,12
2026-02-15,outlet-4,CAKE-009,4,0,96.0,15
2026-02-15,outlet-4,CAKE-010,4,0,72.0,46
2026-02-15,outlet-5,CAKE-001,6,0,168.0,30
2026-02-15,outlet-5,CAKE-002,0,0,0.0,21
2026-02-15,outlet-5,CAKE-003,2,0,64.0,4
2026-02-15,outlet-5,CAKE-004,4,0,88.0,10
2026-02-15,outlet-5,CAKE-005,2,0,52.0,1
2026-02-15,outlet-5,CAKE-006,8,0,240.0,20
2026-02-15,outlet-5,CAKE-007,2,0,54.0,18
2026-02-15,outlet-5,CAKE-008,2,0,40.0,5
2026-02-15,outlet-5,CAKE-009,1,0,24.0,0
2026-02-15,outlet-5,CAKE-010,5,0,90.0,12
2026-02-16,outlet-1,CAKE-001,9,0,252.0,36
2026-02-16,outlet-1,CAKE-002,0,0,0.0,0
2026-02-16,outlet-1,CAKE-003,6,0,192.0,24
2026-02-16,outlet-1,CAKE-004,3,0,66.0,26
2026-02-16,outlet-1,CAKE-005,4,0,104.0,17
2026-02-16,outlet-1,CAKE-006,5,0,150.0,29
2026-02-16,outlet-1,CAKE-007,4,0,108.0,33
2026-02-16,outlet-1,CAKE-008,3,0,60.0,7
2026-02-16,outlet-1,CAKE-009,4,0,96.0,0
2026-02-16,outlet-1,CAKE-010,0,0,0.0,10
2026-02-16,outlet-2,CAKE-001,8,0,224.0,24
2026-02-16,outlet-2,CAKE-002,6,0,144.0,19
2026-02-16,outlet-2,CAKE-003,8,0,256.0,23
2026-02-16,outlet-2,CAKE-004,3,0,66.0,9
2026-02-16,outlet-2,CAKE-005,4,0,104.0,20
2026-02-16,outlet-2,CAKE-006,2,0,60.0,24
2026-02-16,outlet-2,CAKE-007,2,0,54.0,0
2026-02-16,outlet-2,CAKE-008,0,0,0.0,16
2026-02-16,outlet-2,CAKE-009,4,0,96.0,13
2026-02-16,outlet-2,CAKE-010,8,0,144.0,42
2026-02-16,outlet-3,CAKE-001,13,0,364.0,10
2026-02-16,outlet-3,CAKE-002,8,0,192.0,33
2026-02-16,outlet-3,CAKE-003,13,1,416.0,23
2026-02-16,outlet-3,CAKE-004,2,0,44.0,15
2026-02-16,outlet-3,CAKE-005,6,0,156.0,8
2026-02-16,outlet-3,CAKE-006,0,0,0.0,45
2026-02-16,outlet-3,CAKE-007,0,0,0.0,7
2026-02-16,outlet-3,CAKE-008,2,0,40.0,1
2026-02-16,outlet-3,CAKE-009,4,0,96.0,10
2026-02-16,outlet-3,CAKE-010,5,0,90.0,9
2026-02-16,outlet-4,CAKE-001,7,0,196.0,24
2026-02-16,outlet-4,CAKE-002,9,0,216.0,3
2026-02-16,outlet-4,CAKE-003,6,0,192.0,29
2026-02-16,outlet-4,CAKE-004,4,0,88.0,12
2026-02-16,outlet-4,CAKE-005,5,0,130.0,16
2026-02-16,outlet-4,CAKE-006,3,0,90.0,18
2026-02-16,outlet-4,CAKE-007,0,0,0.0,36
2026-02-16,outlet-4,CAKE-008,5,0,100.0,7
2026-02-16,outlet-4,CAKE-009,4,0,96.0,18
2026-02-16,outlet-4,CAKE-010,7,0,126.0,55
2026-02-16,outlet-5,CAKE-001,5,0,140.0,25
2026-02-16,outlet-5,CAKE-002,4,0,96.0,17
2026-02-16,outlet-5,CAKE-003,4,0,128.0,0
2026-02-16,outlet-5,CAKE-004,3,0,66.0,7
2026-02-16,outlet-5,CAKE-005,1,0,26.0,0
2026-02-16,outlet-5,CAKE-006,4,0,120.0,16
2026-02-16,outlet-5,CAKE-007,3,0,81.0,15
2026-02-16,outlet-5,CAKE-008,1,0,20.0,4
2026-02-16,outlet-5,CAKE-009,0,0,0.0,16
2026-02-16,outlet-5,CAKE-010,4,0,72.0,8
2026-02-17,outlet-1,CAKE-001,12,0,336.0,24
2026-02-17,outlet-1,CAKE-002,0,0,0.0,0
2026-02-17,outlet-1,CAKE-003,5,0,160.0,19
2026-02-17,outlet-1,CAKE-004,5,0,110.0,21
2026-02-17,outlet-1,CAKE-005,5,0,130.0,12
2026-02-17,outlet-1,CAKE-006,5,0,150.0,24
2026-02-17,outlet-1,CAKE-007,7,1,189.0,27
2026-02-17,outlet-1,CAKE-008,2,0,40.0,10
2026-02-17,outlet-1,CAKE-009,0,0,0.0,24
2026-02-17,outlet-1,CAKE-010,6,0,108.0,4
2026-02-17,outlet-2,CAKE-001,7,0,196.0,17
2026-02-17,outlet-2,CAKE-002,7,0,168.0,12
2026-02-17,outlet-2,CAKE-003,8,0,256.0,23
2026-02-17,outlet-2,CAKE-004,5,0,110.0,4
2026-02-17,outlet-2,CAKE-005,3,0,78.0,17
2026-02-17,outlet-2,CAKE-006,4,0,120.0,20
2026-02-17,outlet-2,CAKE-007,0,0,0.0,30
2026-02-17,outlet-2,CAKE-008,3,0,60.0,13
2026-02-17,outlet-2,CAKE-009,4,0,96.0,9
2026-02-17,outlet-2,CAKE-010,4,0,72.0,38
2026-02-17,outlet-3,CAKE-001,10,0,280.0,67
2026-02-17,outlet-3,CAKE-002,7,0,168.0,26
2026-02-17,outlet-3,CAKE-003,9,0,288.0,14
2026-02-17,outlet-3,CAKE-004,4,0,88.0,14
2026-02-17,outlet-3,CAKE-005,4,0,104.0,4
2026-02-17,outlet-3,CAKE-006,10,0,300.0,48
2026-02-17,outlet-3,CAKE-007,5,0,135.0,32
2026-02-17,outlet-3,CAKE-008,1,0,20.0,12
2026-02-17,outlet-3,CAKE-009,3,0,72.0,7
2026-02-17,outlet-3,CAKE-010,6,0,108.0,3
2026-02-17,outlet-4,CAKE-001,9,0,252.0,15
2026-02-17,outlet-4,CAKE-002,3,0,72.0,54
2026-02-17,outlet-4,CAKE-003,6,0,192.0,23
2026-02-17,outlet-4,CAKE-004,5,0,110.0,7
2026-02-17,outlet-4,CAKE-005,4,0,104.0,12
2026-02-17,outlet-4,CAKE-006,5,0,150.0,13
2026-02-17,outlet-4,CAKE-007,4,0,108.0,32
2026-02-17,outlet-4,CAKE-008,4,0,80.0,3
2026-02-17,outlet-4,CAKE-009,7,0,168.0,11
2026-02-17,outlet-4,CAKE-010,10,0,180.0,45
2026-02-17,outlet-5,CAKE-001,6,0,168.0,27
2026-02-17,outlet-5,CAKE-002,3,0,72.0,19
2026-02-17,outlet-5,CAKE-003,0,0,0.0,12
2026-02-17,outlet-5,CAKE-004,2,0,44.0,5
2026-02-17,outlet-5,CAKE-005,0,0,0.0,3
2026-02-17,outlet-5,CAKE-006,7,0,210.0,9
2026-02-17,outlet-5,CAKE-007,4,0,108.0,11
2026-02-17,outlet-5,CAKE-008,1,0,20.0,3
2026-02-17,outlet-5,CAKE-009,3,0,72.0,13
2026-02-17,outlet-5,CAKE-010,4,0,72.0,4
2026-02-18,outlet-1,CAKE-001,8,0,224.0,33
2026-02-18,outlet-1,CAKE-002,0,0,0.0,0
2026-02-18,outlet-1,CAKE-003,8,0,256.0,11
2026-02-18,outlet-1,CAKE-004,3,0,66.0,18
2026-02-18,outlet-1,CAKE-005,2,0,52.0,18
2026-02-18,outlet-1,CAKE-006,7,0,210.0,17
2026-02-18,outlet-1,CAKE-007,5,0,135.0,22
2026-02-18,outlet-1,CAKE-008,2,0,40.0,8
2026-02-18,outlet-1,CAKE-009,5,0,120.0,19
2026-02-18,outlet-1,CAKE-010,4,0,72.0,43
2026-02-18,outlet-2,CAKE-001,10,0,280.0,7
2026-02-18,outlet-2,CAKE-002,7,0,168.0,5
2026-02-18,outlet-2,CAKE-003,8,0,256.0,15
2026-02-18,outlet-2,CAKE-004,4,0,88.0,24
2026-02-18,outlet-2,CAKE-005,5,0,130.0,20
2026-02-18,outlet-2,CAKE-006,4,0,120.0,16
2026-02-18,outlet-2,CAKE-007,4,0,108.0,32
2026-02-18,outlet-2,CAKE-008,3,0,60.0,10
2026-02-18,outlet-2,CAKE-009,3,0,72.0,6
2026-02-18,outlet-2,CAKE-010,6,0,108.0,42
2026-02-18,outlet-3,CAKE-001,10,0,280.0,57
2026-02-18,outlet-3,CAKE-002,8,0,192.0,33
2026-02-18,outlet-3,CAKE-003,11,0,352.0,3
2026-02-18,outlet-3,CAKE-004,4,0,88.0,10
2026-02-18,outlet-3,CAKE-005,4,0,104.0,24
2026-02-18,outlet-3,CAKE-006,13,0,390.0,35
2026-02-18,outlet-3,CAKE-007,3,0,81.0,29
2026-02-18,outlet-3,CAKE-008,2,0,40.0,10
2026-02-18,outlet-3,CAKE-009,5,0,120.0,12
2026-02-18,outlet-3,CAKE-010,3,0,54.0,32
2026-02-18,outlet-4,CAKE-001,4,0,112.0,11
2026-02-18,outlet-4,CAKE-002,7,0,168.0,47
2026-02-18,outlet-4,CAKE-003,5,0,160.0,18
2026-02-18,outlet-4,CAKE-004,3,0,66.0,12
2026-02-18,outlet-4,CAKE-005,6,0,156.0,17
2026-02-18,outlet-4,CAKE-006,2,0,60.0,11
2026-02-18,outlet-4,CAKE-007,8,0,216.0,24
2026-02-18,outlet-4,CAKE-008,3,0,60.0,27
2026-02-18,outlet-4,CAKE-009,5,0,120.0,6
2026-02-18,outlet-4,CAKE-010,9,0,162.0,36
2026-02-18,outlet-5,CAKE-001,4,0,112.0,23
2026-02-18,outlet-5,CAKE-002,4,0,96.0,15
2026-02-18,outlet-5,CAKE-003,3,0,96.0,9
2026-02-18,outlet-5,CAKE-004,2,0,44.0,7
2026-02-18,outlet-5,CAKE-005,2,0,52.0,1
2026-02-18,outlet-5,CAKE-006,8,0,240.0,31
2026-02-18,outlet-5,CAKE-007,3,0,81.0,8
2026-02-18,outlet-5,CAKE-008,1,0,20.0,2
2026-02-18,outlet-5,CAKE-009,4,0,96.0,9
2026-02-18,outlet-5,CAKE-010,3,0,54.0,22
2026-02-19,outlet-1,CAKE-001,11,0,308.0,22
2026-02-19,outlet-1,CAKE-002,0,0,0.0,0
2026-02-19,outlet-1,CAKE-003,6,0,192.0,5
2026-02-19,outlet-1,CAKE-004,3,0,66.0,15
2026-02-19,outlet-1,CAKE-005,4,0,104.0,23
2026-02-19,outlet-1,CAKE-006,6,0,180.0,11
2026-02-19,outlet-1,CAKE-007,10,0,270.0,12
2026-02-19,outlet-1,CAKE-008,3,0,60.0,5
2026-02-19,outlet-1,CAKE-009,5,0,120.0,14
2026-02-19,outlet-1,CAKE-010,6,0,108.0,37
2026-02-19,outlet-2,CAKE-001,7,0,196.0,48
2026-02-19,outlet-2,CAKE-002,5,0,120.0,15
2026-02-19,outlet-2,CAKE-003,8,0,256.0,15
2026-02-19,outlet-2,CAKE-004,3,0,66.0,27
2026-02-19,outlet-2,CAKE-005,4,0,104.0,16
2026-02-19,outlet-2,CAKE-006,3,0,90.0,13
2026-02-19,outlet-2,CAKE-007,8,0,216.0,24
2026-02-19,outlet-2,CAKE-008,2,0,40.0,8
2026-02-19,outlet-2,CAKE-009,4,0,96.0,2
2026-02-19,outlet-2,CAKE-010,4,0,72.0,48
2026-02-19,outlet-3,CAKE-001,12,0,336.0,45
2026-02-19,outlet-3,CAKE-002,8,0,192.0,38
2026-02-19,outlet-3,CAKE-003,3,0,96.0,13
2026-02-19,outlet-3,CAKE-004,3,0,66.0,7
2026-02-19,outlet-3,CAKE-005,5,0,130.0,19
2026-02-19,outlet-3,CAKE-006,6,0,180.0,42
2026-02-19,outlet-3,CAKE-007,4,0,108.0,25
2026-02-19,outlet-3,CAKE-008,2,0,40.0,8
2026-02-19,outlet-3,CAKE-009,3,0,72.0,18
2026-02-19,outlet-3,CAKE-010,6,0,108.0,26
2026-02-19,outlet-4,CAKE-001,8,0,224.0,46
2026-02-19,outlet-4,CAKE-002,11,0,264.0,36
2026-02-19,outlet-4,CAKE-003,8,0,256.0,10
2026-02-19,outlet-4,CAKE-004,3,0,66.0,9
2026-02-19,outlet-4,CAKE-005,6,0,156.0,11
2026-02-19,outlet-4,CAKE-006,2,0,60.0,9
2026-02-19,outlet-4,CAKE-007,8,0,216.0,16
2026-02-19,outlet-4,CAKE-008,3,0,60.0,24
2026-02-19,outlet-4,CAKE-009,6,0,144.0,28
2026-02-19,outlet-4,CAKE-010,8,0,144.0,28
2026-02-19,outlet-5,CAKE-001,6,0,168.0,17
2026-02-19,outlet-5,CAKE-002,4,0,96.0,15
2026-02-19,outlet-5,CAKE-003,3,0,96.0,6
2026-02-19,outlet-5,CAKE-004,2,0,44.0,5
2026-02-19,outlet-5,CAKE-005,1,0,26.0,3
2026-02-19,outlet-5,CAKE-006,2,0,60.0,29
2026-02-19,outlet-5,CAKE-007,4,0,108.0,11
2026-02-19,outlet-5,CAKE-008,1,0,20.0,1
2026-02-19,outlet-5,CAKE-009,3,0,72.0,6
2026-02-19,outlet-5,CAKE-010,3,0,54.0,19
2026-02-20,outlet-1,CAKE-001,14,1,392.0,9
2026-02-20,outlet-1,CAKE-002,0,0,0.0,0
2026-02-20,outlet-1,CAKE-003,5,0,160.0,6
2026-02-20,outlet-1,CAKE-004,5,0,110.0,10
2026-02-20,outlet-1,CAKE-005,6,0,156.0,26
2026-02-20,outlet-1,CAKE-006,7,0,210.0,26
2026-02-20,outlet-1,CAKE-007,1,0,27.0,11
2026-02-20,outlet-1,CAKE-008,4,0,80.0,1
2026-02-20,outlet-1,CAKE-009,4,0,96.0,10
2026-02-20,outlet-1,CAKE-010,12,0,216.0,37
2026-02-20,outlet-2,CAKE-001,13,0,364.0,50
2026-02-20,outlet-2,CAKE-002,9,0,216.0,6
2026-02-20,outlet-2,CAKE-003,13,0,416.0,2
2026-02-20,outlet-2,CAKE-004,5,0,110.0,22
2026-02-20,outlet-2,CAKE-005,5,0,130.0,11
2026-02-20,outlet-2,CAKE-006,7,0,210.0,6
2026-02-20,outlet-2,CAKE-007,12,0,324.0,12
2026-02-20,outlet-2,CAKE-008,3,0,60.0,5
2026-02-20,outlet-2,CAKE-009,2,0,48.0,21
2026-02-20,outlet-2,CAKE-010,10,0,180.0,38
2026-02-20,outlet-3,CAKE-001,13,0,364.0,32
2026-02-20,outlet-3,CAKE-002,11,0,264.0,42
2026-02-20,outlet-3,CAKE-003,12,0,384.0,1
2026-02-20,outlet-3,CAKE-004,5,0,110.0,6
2026-02-20,outlet-3,CAKE-005,4,0,104.0,15
2026-02-20,outlet-3,CAKE-006,15,0,450.0,27
2026-02-20,outlet-3,CAKE-007,5,0,135.0,20
2026-02-20,outlet-3,CAKE-008,2,0,40.0,6
2026-02-20,outlet-3,CAKE-009,4,0,96.0,14
2026-02-20,outlet-3,CAKE-010,7,0,126.0,19
2026-02-20,outlet-4,CAKE-001,14,0,392.0,32
2026-02-20,outlet-4,CAKE-002,11,0,264.0,25
2026-02-20,outlet-4,CAKE-003,9,0,288.0,25
2026-02-20,outlet-4,CAKE-004,4,0,88.0,5
2026-02-20,outlet-4,CAKE-005,6,0,156.0,5
2026-02-20,outlet-4,CAKE-006,8,0,240.0,22
2026-02-20,outlet-4,CAKE-007,8,0,216.0,8
2026-02-20,outlet-4,CAKE-008,6,0,120.0,18
2026-02-20,outlet-4,CAKE-009,4,0,96.0,24
2026-02-20,outlet-4,CAKE-010,13,0,234.0,15
2026-02-20,outlet-5,CAKE-001,5,0,140.0,20
2026-02-20,outlet-5,CAKE-002,6,0,144.0,9
2026-02-20,outlet-5,CAKE-003,5,0,160.0,1
2026-02-20,outlet-5,CAKE-004,3,0,66.0,2
2026-02-20,outlet-5,CAKE-005,3,0,78.0,12
2026-02-20,outlet-5,CAKE-006,12,1,360.0,18
2026-02-20,outlet-5,CAKE-007,5,0,135.0,6
2026-02-20,outlet-5,CAKE-008,1,0,20.0,2
2026-02-20,outlet-5,CAKE-009,3,0,72.0,3
2026-02-20,outlet-5,CAKE-010,4,0,72.0,15
2026-02-21,outlet-1,CAKE-001,9,0,252.0,17
2026-02-21,outlet-1,CAKE-002,0,0,0.0,0
2026-02-21,outlet-1,CAKE-003,6,0,192.0,30
2026-02-21,outlet-1,CAKE-004,5,0,110.0,5
2026-02-21,outlet-1,CAKE-005,5,0,130.0,21
2026-02-21,outlet-1,CAKE-006,6,0,180.0,20
2026-02-21,outlet-1,CAKE-007,6,0,162.0,5
2026-02-21,outlet-1,CAKE-008,1,0,20.0,18
2026-02-21,outlet-1,CAKE-009,8,0,192.0,2
2026-02-21,outlet-1,CAKE-010,10,0,180.0,27
2026-02-21,outlet-2,CAKE-001,19,0,532.0,31
2026-02-21,outlet-2,CAKE-002,6,0,144.0,0
2026-02-21,outlet-2,CAKE-003,2,0,64.0,27
2026-02-21,outlet-2,CAKE-004,6,0,132.0,16
2026-02-21,outlet-2,CAKE-005,5,0,130.0,6
2026-02-21,outlet-2,CAKE-006,5,0,150.0,25
2026-02-21,outlet-2,CAKE-007,7,0,189.0,5
2026-02-21,outlet-2,CAKE-008,5,0,100.0,16
2026-02-21,outlet-2,CAKE-009,3,0,72.0,18
2026-02-21,outlet-2,CAKE-010,9,0,162.0,29
2026-02-21,outlet-3,CAKE-001,21,1,588.0,12
2026-02-21,outlet-3,CAKE-002,12,0,288.0,30
2026-02-21,outlet-3,CAKE-003,1,0,32.0,48
2026-02-21,outlet-3,CAKE-004,3,0,66.0,3
2026-02-21,outlet-3,CAKE-005,3,0,78.0,12
2026-02-21,outlet-3,CAKE-006,15,0,450.0,12
2026-02-21,outlet-3,CAKE-007,7,0,189.0,13
2026-02-21,outlet-3,CAKE-008,3,0,60.0,3
2026-02-21,outlet-3,CAKE-009,3,0,72.0,11
2026-02-21,outlet-3,CAKE-010,7,0,126.0,12
2026-02-21,outlet-4,CAKE-001,8,0,224.0,24
2026-02-21,outlet-4,CAKE-002,14,0,336.0,11
2026-02-21,outlet-4,CAKE-003,9,0,288.0,16
2026-02-21,outlet-4,CAKE-004,5,0,110.0,28
2026-02-21,outlet-4,CAKE-005,5,0,130.0,0
2026-02-21,outlet-4,CAKE-006,7,0,210.0,15
2026-02-21,outlet-4,CAKE-007,8,0,216.0,36
2026-02-21,outlet-4,CAKE-008,5,0,100.0,13
2026-02-21,outlet-4,CAKE-009,8,0,192.0,16
2026-02-21,outlet-4,CAKE-010,11,0,198.0,19
2026-02-21,outlet-5,CAKE-001,8,0,224.0,12
2026-02-21,outlet-5,CAKE-002,4,0,96.0,5
2026-02-21,outlet-5,CAKE-003,1,0,32.0,12
2026-02-21,outlet-5,CAKE-004,2,0,44.0,0
2026-02-21,outlet-5,CAKE-005,1,0,26.0,11
2026-02-21,outlet-5,CAKE-006,9,0,270.0,22
2026-02-21,outlet-5,CAKE-007,3,0,81.0,3
2026-02-21,outlet-5,CAKE-008,2,0,40.0,0
2026-02-21,outlet-5,CAKE-009,3,0,72.0,0
2026-02-21,outlet-5,CAKE-010,6,0,108.0,9
2026-02-22,outlet-1,CAKE-001,16,0,448.0,58
2026-02-22,outlet-1,CAKE-002,0,0,0.0,0
2026-02-22,outlet-1,CAKE-003,13,0,416.0,17
2026-02-22,outlet-1,CAKE-004,5,0,110.0,26
2026-02-22,outlet-1,CAKE-005,5,0,130.0,16
2026-02-22,outlet-1,CAKE-006,6,0,180.0,14
2026-02-22,outlet-1,CAKE-007,5,0,135.0,33
2026-02-22,outlet-1,CAKE-008,4,0,80.0,19
2026-02-22,outlet-1,CAKE-009,2,0,48.0,24
2026-02-22,outlet-1,CAKE-010,11,0,198.0,29
2026-02-22,outlet-2,CAKE-001,11,0,308.0,20
2026-02-22,outlet-2,CAKE-002,0,0,0.0,0
2026-02-22,outlet-2,CAKE-003,10,0,320.0,17
2026-02-22,outlet-2,CAKE-004,5,0,110.0,11
2026-02-22,outlet-2,CAKE-005,5,0,130.0,22
2026-02-22,outlet-2,CAKE-006,6,0,180.0,19
2026-02-22,outlet-2,CAKE-007,5,0,135.0,0
2026-02-22,outlet-2,CAKE-008,2,0,40.0,14
2026-02-22,outlet-2,CAKE-009,6,0,144.0,12
2026-02-22,outlet-2,CAKE-010,8,0,144.0,32
2026-02-22,outlet-3,CAKE-001,12,0,336.0,67
2026-02-22,outlet-3,CAKE-002,10,0,240.0,20
2026-02-22,outlet-3,CAKE-003,24,1,768.0,25
2026-02-22,outlet-3,CAKE-004,3,0,66.0,0
2026-02-22,outlet-3,CAKE-005,5,0,130.0,7
2026-02-22,outlet-3,CAKE-006,12,0,360.0,0
2026-02-22,outlet-3,CAKE-007,6,0,162.0,14
2026-02-22,outlet-3,CAKE-008,3,0,60.0,0
2026-02-22,outlet-3,CAKE-009,4,0,96.0,7
2026-02-22,outlet-3,CAKE-010,8,0,144.0,4
2026-02-22,outlet-4,CAKE-001,10,0,280.0,27
2026-02-22,outlet-4,CAKE-002,11,0,264.0,17
2026-02-22,outlet-4,CAKE-003,7,0,224.0,9
2026-02-22,outlet-4,CAKE-004,6,0,132.0,29
2026-02-22,outlet-4,CAKE-005,0,0,0.0,33
2026-02-22,outlet-4,CAKE-006,6,0,180.0,9
2026-02-22,outlet-4,CAKE-007,8,0,216.0,28
2026-02-22,outlet-4,CAKE-008,5,0,100.0,8
2026-02-22,outlet-4,CAKE-009,7,0,168.0,9
2026-02-22,outlet-4,CAKE-010,11,0,198.0,8
2026-02-22,outlet-5,CAKE-001,6,0,168.0,6
2026-02-22,outlet-5,CAKE-002,3,0,72.0,2
2026-02-22,outlet-5,CAKE-003,5,0,160.0,7
2026-02-22,outlet-5,CAKE-004,0,0,0.0,0
2026-02-22,outlet-5,CAKE-005,4,0,104.0,7
2026-02-22,outlet-5,CAKE-006,7,0,210.0,15
2026-02-22,outlet-5,CAKE-007,3,0,81.0,7
2026-02-22,outlet-5,CAKE-008,0,0,0.0,7
2026-02-22,outlet-5,CAKE-009,0,0,0.0,16
2026-02-22,outlet-5,CAKE-010,4,0,72.0,5
2026-02-23,outlet-1,CAKE-001,7,0,196.0,51
2026-02-23,outlet-1,CAKE-002,0,0,0.0,0
2026-02-23,outlet-1,CAKE-003,6,0,192.0,11
2026-02-23,outlet-1,CAKE-004,4,0,88.0,22
2026-02-23,outlet-1,CAKE-005,5,0,130.0,11
2026-02-23,outlet-1,CAKE-006,4,0,120.0,32
2026-02-23,outlet-1,CAKE-007,5,0,135.0,28
2026-02-23,outlet-1,CAKE-008,2,0,40.0,22
2026-02-23,outlet-1,CAKE-009,5,0,120.0,19
2026-02-23,outlet-1,CAKE-010,10,0,180.0,19
2026-02-23,outlet-2,CAKE-001,7,0,196.0,27
2026-02-23,outlet-2,CAKE-002,0,0,0.0,42
2026-02-23,outlet-2,CAKE-003,5,0,160.0,12
2026-02-23,outlet-2,CAKE-004,2,0,44.0,9
2026-02-23,outlet-2,CAKE-005,4,0,104.0,18
2026-02-23,outlet-2,CAKE-006,3,0,90.0,16
2026-02-23,outlet-2,CAKE-007,0,0,0.0,0
2026-02-23,outlet-2,CAKE-008,3,0,60.0,11
2026-02-23,outlet-2,CAKE-009,4,0,96.0,8
2026-02-23,outlet-2,CAKE-010,10,0,180.0,35
2026-02-23,outlet-3,CAKE-001,12,0,336.0,70
2026-02-23,outlet-3,CAKE-002,8,0,192.0,12
2026-02-23,outlet-3,CAKE-003,13,1,416.0,13
2026-02-23,outlet-3,CAKE-004,0,0,0.0,19
2026-02-23,outlet-3,CAKE-005,5,0,130.0,7
2026-02-23,outlet-3,CAKE-006,0,0,0.0,13
2026-02-23,outlet-3,CAKE-007,7,1,189.0,16
2026-02-23,outlet-3,CAKE-008,0,0,0.0,0
2026-02-23,outlet-3,CAKE-009,4,0,96.0,3
2026-02-23,outlet-3,CAKE-010,4,0,72.0,32
2026-02-23,outlet-4,CAKE-001,11,0,308.0,16
2026-02-23,outlet-4,CAKE-002,8,0,192.0,9
2026-02-23,outlet-4,CAKE-003,6,0,192.0,3
2026-02-23,outlet-4,CAKE-004,5,0,110.0,24
2026-02-23,outlet-4,CAKE-005,7,0,182.0,37
2026-02-23,outlet-4,CAKE-006,2,0,60.0,7
2026-02-23,outlet-4,CAKE-007,5,0,135.0,23
2026-02-23,outlet-4,CAKE-008,5,0,100.0,3
2026-02-23,outlet-4,CAKE-009,5,0,120.0,4
2026-02-23,outlet-4,CAKE-010,8,0,144.0,0
2026-02-23,outlet-5,CAKE-001,5,0,140.0,29
2026-02-23,outlet-5,CAKE-002,2,0,48.0,5
2026-02-23,outlet-5,CAKE-003,4,0,128.0,3
2026-02-23,outlet-5,CAKE-004,0,0,0.0,0
2026-02-23,outlet-5,CAKE-005,2,0,52.0,5
2026-02-23,outlet-5,CAKE-006,3,0,90.0,12
2026-02-23,outlet-5,CAKE-007,4,0,108.0,3
2026-02-23,outlet-5,CAKE-008,1,0,20.0,6
2026-02-23,outlet-5,CAKE-009,3,0,72.0,13
2026-02-23,outlet-5,CAKE-010,4,0,72.0,1
2026-02-24,outlet-1,CAKE-001,10,0,280.0,41
2026-02-24,outlet-1,CAKE-002,0,0,0.0,0
2026-02-24,outlet-1,CAKE-003,3,0,96.0,8
2026-02-24,outlet-1,CAKE-004,4,0,88.0,25
2026-02-24,outlet-1,CAKE-005,4,0,104.0,7
2026-02-24,outlet-1,CAKE-006,2,0,60.0,30
2026-02-24,outlet-1,CAKE-007,6,0,162.0,33
2026-02-24,outlet-1,CAKE-008,2,0,40.0,20
2026-02-24,outlet-1,CAKE-009,4,0,96.0,15
2026-02-24,outlet-1,CAKE-010,6,0,108.0,26
2026-02-24,outlet-2,CAKE-001,7,0,196.0,20
2026-02-24,outlet-2,CAKE-002,10,0,240.0,47
2026-02-24,outlet-2,CAKE-003,4,0,128.0,8
2026-02-24,outlet-2,CAKE-004,3,0,66.0,12
2026-02-24,outlet-2,CAKE-005,3,0,78.0,22
2026-02-24,outlet-2,CAKE-006,4,0,120.0,12
2026-02-24,outlet-2,CAKE-007,0,0,0.0,30
2026-02-24,outlet-2,CAKE-008,3,0,60.0,8
2026-02-24,outlet-2,CAKE-009,3,0,72.0,5
2026-02-24,outlet-2,CAKE-010,8,0,144.0,37
2026-02-24,outlet-3,CAKE-001,13,1,364.0,58
2026-02-24,outlet-3,CAKE-002,8,0,192.0,4
2026-02-24,outlet-3,CAKE-003,6,0,192.0,7
2026-02-24,outlet-3,CAKE-004,2,0,44.0,17
2026-02-24,outlet-3,CAKE-005,5,0,130.0,2
2026-02-24,outlet-3,CAKE-006,10,0,300.0,48
2026-02-24,outlet-3,CAKE-007,5,0,135.0,18
2026-02-24,outlet-3,CAKE-008,0,0,0.0,0
2026-02-24,outlet-3,CAKE-009,3,0,72.0,0
2026-02-24,outlet-3,CAKE-010,6,0,108.0,26
2026-02-24,outlet-4,CAKE-001,7,0,196.0,23
2026-02-24,outlet-4,CAKE-002,9,0,216.0,54
2026-02-24,outlet-4,CAKE-003,3,0,96.0,24
2026-02-24,outlet-4,CAKE-004,3,0,66.0,29
2026-02-24,outlet-4,CAKE-005,7,0,182.0,30
2026-02-24,outlet-4,CAKE-006,5,0,150.0,2
2026-02-24,outlet-4,CAKE-007,8,1,216.0,24
2026-02-24,outlet-4,CAKE-008,3,0,60.0,10
2026-02-24,outlet-4,CAKE-009,4,0,96.0,0
2026-02-24,outlet-4,CAKE-010,0,0,0.0,46
2026-02-24,outlet-5,CAKE-001,4,0,112.0,25
2026-02-24,outlet-5,CAKE-002,5,0,120.0,21
2026-02-24,outlet-5,CAKE-003,3,0,96.0,0
2026-02-24,outlet-5,CAKE-004,0,0,0.0,0
2026-02-24,outlet-5,CAKE-005,3,0,78.0,2
2026-02-24,outlet-5,CAKE-006,5,0,150.0,7
2026-02-24,outlet-5,CAKE-007,3,0,81.0,7
2026-02-24,outlet-5,CAKE-008,2,0,40.0,4
2026-02-24,outlet-5,CAKE-009,3,0,72.0,10
2026-02-24,outlet-5,CAKE-010,1,0,18.0,4
2026-02-25,outlet-1,CAKE-001,10,0,280.0,31
2026-02-25,outlet-1,CAKE-002,0,0,0.0,0
2026-02-25,outlet-1,CAKE-003,4,0,128.0,4
2026-02-25,outlet-1,CAKE-004,3,0,66.0,22
2026-02-25,outlet-1,CAKE-005,3,0,78.0,4
2026-02-25,outlet-1,CAKE-006,2,0,60.0,46
2026-02-25,outlet-1,CAKE-007,5,0,135.0,28
2026-02-25,outlet-1,CAKE-008,3,0,60.0,17
2026-02-25,outlet-1,CAKE-009,3,0,72.0,12
2026-02-25,outlet-1,CAKE-010,7,0,126.0,32
2026-02-25,outlet-2,CAKE-001,10,0,280.0,10
2026-02-25,outlet-2,CAKE-002,8,0,192.0,39
2026-02-25,outlet-2,CAKE-003,8,0,256.0,0
2026-02-25,outlet-2,CAKE-004,4,0,88.0,8
2026-02-25,outlet-2,CAKE-005,3,0,78.0,19
2026-02-25,outlet-2,CAKE-006,4,0,120.0,8
2026-02-25,outlet-2,CAKE-007,4,0,108.0,26
2026-02-25,outlet-2,CAKE-008,3,0,60.0,5
2026-02-25,outlet-2,CAKE-009,4,0,96.0,22
2026-02-25,outlet-2,CAKE-010,3,0,54.0,34
2026-02-25,outlet-3,CAKE-001,14,1,392.0,45
2026-02-25,outlet-3,CAKE-002,4,0,96.0,0
2026-02-25,outlet-3,CAKE-003,7,0,224.0,0
2026-02-25,outlet-3,CAKE-004,3,0,66.0,17
2026-02-25,outlet-3,CAKE-005,2,0,52.0,0
2026-02-25,outlet-3,CAKE-006,9,0,270.0,53
2026-02-25,outlet-3,CAKE-007,5,0,135.0,21
2026-02-25,outlet-3,CAKE-008,0,0,0.0,0
2026-02-25,outlet-3,CAKE-009,0,0,0.0,0
2026-02-25,outlet-3,CAKE-010,6,0,108.0,20
2026-02-25,outlet-4,CAKE-001,6,0,168.0,17
2026-02-25,outlet-4,CAKE-002,8,0,192.0,46
2026-02-25,outlet-4,CAKE-003,6,0,192.0,18
2026-02-25,outlet-4,CAKE-004,5,0,110.0,24
2026-02-25,outlet-4,CAKE-005,7,0,182.0,23
2026-02-25,outlet-4,CAKE-006,2,0,60.0,0
2026-02-25,outlet-4,CAKE-007,6,0,162.0,18
2026-02-25,outlet-4,CAKE-008,6,0,120.0,4
2026-02-25,outlet-4,CAKE-009,0,0,0.0,28
2026-02-25,outlet-4,CAKE-010,11,0,198.0,35
2026-02-25,outlet-5,CAKE-001,6,0,168.0,19
2026-02-25,outlet-5,CAKE-002,3,0,72.0,18
2026-02-25,outlet-5,CAKE-003,0,0,0.0,3
2026-02-25,outlet-5,CAKE-004,0,0,0.0,0
2026-02-25,outlet-5,CAKE-005,2,0,52.0,12
2026-02-25,outlet-5,CAKE-006,5,0,150.0,2
2026-02-25,outlet-5,CAKE-007,2,0,54.0,5
2026-02-25,outlet-5,CAKE-008,1,0,20.0,3
2026-02-25,outlet-5,CAKE-009,2,0,48.0,8
2026-02-25,outlet-5,CAKE-010,4,0,72.0,21
2026-02-26,outlet-1,CAKE-001,11,0,308.0,20
2026-02-26,outlet-1,CAKE-002,0,0,0.0,0
2026-02-26,outlet-1,CAKE-003,4,0,128.0,30
2026-02-26,outlet-1,CAKE-004,4,0,88.0,18
2026-02-26,outlet-1,CAKE-005,4,0,104.0,0
2026-02-26,outlet-1,CAKE-006,3,0,90.0,43
2026-02-26,outlet-1,CAKE-007,8,0,216.0,20
2026-02-26,outlet-1,CAKE-008,3,0,60.0,14
2026-02-26,outlet-1,CAKE-009,4,0,96.0,8
2026-02-26,outlet-1,CAKE-010,5,0,90.0,27
2026-02-26,outlet-2,CAKE-001,8,0,224.0,50
2026-02-26,outlet-2,CAKE-002,6,0,144.0,45
2026-02-26,outlet-2,CAKE-003,0,0,0.0,0
2026-02-26,outlet-2,CAKE-004,5,0,110.0,3
2026-02-26,outlet-2,CAKE-005,2,0,52.0,17
2026-02-26,outlet-2,CAKE-006,6,0,180.0,11
2026-02-26,outlet-2,CAKE-007,6,0,162.0,20
2026-02-26,outlet-2,CAKE-008,3,0,60.0,6
2026-02-26,outlet-2,CAKE-009,3,0,72.0,19
2026-02-26,outlet-2,CAKE-010,7,0,126.0,27
2026-02-26,outlet-3,CAKE-001,9,0,252.0,36
2026-02-26,outlet-3,CAKE-002,0,0,0.0,14
2026-02-26,outlet-3,CAKE-003,0,0,0.0,48
2026-02-26,outlet-3,CAKE-004,4,0,88.0,13
2026-02-26,outlet-3,CAKE-005,0,0,0.0,24
2026-02-26,outlet-3,CAKE-006,13,0,390.0,54
2026-02-26,outlet-3,CAKE-007,7,0,189.0,14
2026-02-26,outlet-3,CAKE-008,0,0,0.0,12
2026-02-26,outlet-3,CAKE-009,0,0,0.0,21
2026-02-26,outlet-3,CAKE-010,8,0,144.0,12
2026-02-26,outlet-4,CAKE-001,5,0,140.0,12
2026-02-26,outlet-4,CAKE-002,6,0,144.0,40
2026-02-26,outlet-4,CAKE-003,7,0,224.0,23
2026-02-26,outlet-4,CAKE-004,5,0,110.0,19
2026-02-26,outlet-4,CAKE-005,7,0,182.0,16
2026-02-26,outlet-4,CAKE-006,0,0,0.0,21
2026-02-26,outlet-4,CAKE-007,5,0,135.0,13
2026-02-26,outlet-4,CAKE-008,4,0,80.0,27
2026-02-26,outlet-4,CAKE-009,3,0,72.0,25
2026-02-26,outlet-4,CAKE-010,7,0,126.0,28
2026-02-26,outlet-5,CAKE-001,3,0,84.0,16
2026-02-26,outlet-5,CAKE-002,3,0,72.0,15
2026-02-26,outlet-5,CAKE-003,3,0,96.0,0
2026-02-26,outlet-5,CAKE-004,0,0,0.0,0
2026-02-26,outlet-5,CAKE-005,2,0,52.0,10
2026-02-26,outlet-5,CAKE-006,2,0,60.0,30
2026-02-26,outlet-5,CAKE-007,3,0,81.0,2
2026-02-26,outlet-5,CAKE-008,1,0,20.0,2
2026-02-26,outlet-5,CAKE-009,3,0,72.0,5
2026-02-26,outlet-5,CAKE-010,3,0,54.0,18
2026-02-27,outlet-1,CAKE-001,9,0,252.0,11
2026-02-27,outlet-1,CAKE-002,0,0,0.0,0
2026-02-27,outlet-1,CAKE-003,11,0,352.0,26
2026-02-27,outlet-1,CAKE-004,5,0,110.0,13
2026-02-27,outlet-1,CAKE-005,0,0,0.0,24
2026-02-27,outlet-1,CAKE-006,9,0,270.0,53
2026-02-27,outlet-1,CAKE-007,12,1,324.0,9
2026-02-27,outlet-1,CAKE-008,3,0,60.0,11
2026-02-27,outlet-1,CAKE-009,5,0,120.0,3
2026-02-27,outlet-1,CAKE-010,7,0,126.0,20
2026-02-27,outlet-2,CAKE-001,11,0,308.0,39
2026-02-27,outlet-2,CAKE-002,9,0,216.0,36
2026-02-27,outlet-2,CAKE-003,0,0,0.0,27
2026-02-27,outlet-2,CAKE-004,3,0,66.0,6
2026-02-27,outlet-2,CAKE-005,4,0,104.0,13
2026-02-27,outlet-2,CAKE-006,7,0,210.0,4
2026-02-27,outlet-2,CAKE-007,9,1,243.0,12
2026-02-27,outlet-2,CAKE-008,4,0,80.0,2
2026-02-27,outlet-2,CAKE-009,4,0,96.0,15
2026-02-27,outlet-2,CAKE-010,8,0,144.0,19
2026-02-27,outlet-3,CAKE-001,22,0,616.0,14
2026-02-27,outlet-3,CAKE-002,10,0,240.0,4
2026-02-27,outlet-3,CAKE-003,15,0,480.0,33
2026-02-27,outlet-3,CAKE-004,4,0,88.0,13
2026-02-27,outlet-3,CAKE-005,3,0,78.0,25
2026-02-27,outlet-3,CAKE-006,15,0,450.0,39
2026-02-27,outlet-3,CAKE-007,9,1,243.0,14
2026-02-27,outlet-3,CAKE-008,3,0,60.0,9
2026-02-27,outlet-3,CAKE-009,4,0,96.0,17
2026-02-27,outlet-3,CAKE-010,8,0,144.0,4
2026-02-27,outlet-4,CAKE-001,12,1,336.0,44
2026-02-27,outlet-4,CAKE-002,10,0,240.0,30
2026-02-27,outlet-4,CAKE-003,7,0,224.0,16
2026-02-27,outlet-4,CAKE-004,5,0,110.0,14
2026-02-27,outlet-4,CAKE-005,3,0,78.0,13
2026-02-27,outlet-4,CAKE-006,4,0,120.0,17
2026-02-27,outlet-4,CAKE-007,8,0,216.0,11
2026-02-27,outlet-4,CAKE-008,4,0,80.0,23
2026-02-27,outlet-4,CAKE-009,6,0,144.0,19
2026-02-27,outlet-4,CAKE-010,9,0,162.0,19
2026-02-27,outlet-5,CAKE-001,7,0,196.0,9
2026-02-27,outlet-5,CAKE-002,5,0,120.0,10
2026-02-27,outlet-5,CAKE-003,0,0,0.0,0
2026-02-27,outlet-5,CAKE-004,0,0,0.0,0
2026-02-27,outlet-5,CAKE-005,3,0,78.0,7
2026-02-27,outlet-5,CAKE-006,13,0,390.0,28
2026-02-27,outlet-5,CAKE-007,2,0,54.0,0
2026-02-27,outlet-5,CAKE-008,1,0,20.0,1
2026-02-27,outlet-5,CAKE-009,4,0,96.0,17
2026-02-27,outlet-5,CAKE-010,5,0,90.0,13
2026-02-28,outlet-1,CAKE-001,11,0,308.0,0
2026-02-28,outlet-1,CAKE-002,0,0,0.0,0
2026-02-28,outlet-1,CAKE-003,14,0,448.0,12
2026-02-28,outlet-1,CAKE-004,6,0,132.0,7
2026-02-28,outlet-1,CAKE-005,4,0,104.0,20
2026-02-28,outlet-1,CAKE-006,11,0,330.0,42
2026-02-28,outlet-1,CAKE-007,3,0,81.0,17
2026-02-28,outlet-1,CAKE-008,3,0,60.0,12
2026-02-28,outlet-1,CAKE-009,3,0,72.0,24
2026-02-28,outlet-1,CAKE-010,10,0,180.0,10
2026-02-28,outlet-2,CAKE-001,13,0,364.0,26
2026-02-28,outlet-2,CAKE-002,9,0,216.0,27
2026-02-28,outlet-2,CAKE-003,8,0,256.0,19
2026-02-28,outlet-2,CAKE-004,3,0,66.0,3
2026-02-28,outlet-2,CAKE-005,5,0,130.0,8
2026-02-28,outlet-2,CAKE-006,4,0,120.0,24
2026-02-28,outlet-2,CAKE-007,8,0,216.0,4
2026-02-28,outlet-2,CAKE-008,2,0,40.0,16
2026-02-28,outlet-2,CAKE-009,4,0,96.0,11
2026-02-28,outlet-2,CAKE-010,10,0,180.0,9
2026-02-28,outlet-3,CAKE-001,14,0,392.0,13
2026-02-28,outlet-3,CAKE-002,4,0,96.0,46
2026-02-28,outlet-3,CAKE-003,13,0,416.0,20
2026-02-28,outlet-3,CAKE-004,4,0,88.0,9
2026-02-28,outlet-3,CAKE-005,4,0,104.0,25
2026-02-28,outlet-3,CAKE-006,8,0,240.0,31
2026-02-28,outlet-3,CAKE-007,12,1,324.0,3
2026-02-28,outlet-3,CAKE-008,3,0,60.0,6
2026-02-28,outlet-3,CAKE-009,5,0,120.0,24
2026-02-28,outlet-3,CAKE-010,4,0,72.0,32
2026-02-28,outlet-4,CAKE-001,6,0,168.0,38
2026-02-28,outlet-4,CAKE-002,12,0,288.0,18
2026-02-28,outlet-4,CAKE-003,9,0,288.0,7
2026-02-28,outlet-4,CAKE-004,6,0,132.0,8
2026-02-28,outlet-4,CAKE-005,6,0,156.0,7
2026-02-28,outlet-4,CAKE-006,5,0,150.0,12
2026-02-28,outlet-4,CAKE-007,5,0,135.0,6
2026-02-28,outlet-4,CAKE-008,7,0,140.0,16
2026-02-28,outlet-4,CAKE-009,7,0,168.0,19
2026-02-28,outlet-4,CAKE-010,9,0,162.0,10
2026-02-28,outlet-5,CAKE-001,7,0,196.0,2
2026-02-28,outlet-5,CAKE-002,4,0,96.0,6
2026-02-28,outlet-5,CAKE-003,0,0,0.0,12
2026-02-28,outlet-5,CAKE-004,0,0,0.0,0
2026-02-28,outlet-5,CAKE-005,3,0,78.0,4
2026-02-28,outlet-5,CAKE-006,7,0,210.0,21
2026-02-28,outlet-5,CAKE-007,0,0,0.0,0
2026-02-28,outlet-5,CAKE-008,1,0,20.0,7
2026-02-28,outlet-5,CAKE-009,4,0,96.0,13
2026-02-28,outlet-5,CAKE-010,4,0,72.0,14
2026-03-01,outlet-1,CAKE-001,0,0,0.0,57
2026-03-01,outlet-1,CAKE-002,0,0,0.0,0
2026-03-01,outlet-1,CAKE-003,12,0,384.0,0
2026-03-01,outlet-1,CAKE-004,5,0,110.0,28
2026-03-01,outlet-1,CAKE-005,6,0,156.0,14
2026-03-01,outlet-1,CAKE-006,11,0,330.0,31
2026-03-01,outlet-1,CAKE-007,9,1,243.0,9
2026-03-01,outlet-1,CAKE-008,4,0,80.0,13
2026-03-01,outlet-1,CAKE-009,6,0,144.0,18
2026-03-01,outlet-1,CAKE-010,10,0,180.0,10
2026-03-01,outlet-2,CAKE-001,13,0,364.0,13
2026-03-01,outlet-2,CAKE-002,5,0,120.0,37
2026-03-01,outlet-2,CAKE-003,12,0,384.0,7
2026-03-01,outlet-2,CAKE-004,3,0,66.0,6
2026-03-01,outlet-2,CAKE-005,5,0,130.0,3
2026-03-01,outlet-2,CAKE-006,7,0,210.0,25
2026-03-01,outlet-2,CAKE-007,4,0,108.0,30
2026-03-01,outlet-2,CAKE-008,3,0,60.0,13
2026-03-01,outlet-2,CAKE-009,4,0,96.0,15
2026-03-01,outlet-2,CAKE-010,9,0,162.0,10
2026-03-01,outlet-3,CAKE-001,13,0,364.0,14
2026-03-01,outlet-3,CAKE-002,10,0,240.0,36
2026-03-01,outlet-3,CAKE-003,16,1,512.0,5
2026-03-01,outlet-3,CAKE-004,2,0,44.0,7
2026-03-01,outlet-3,CAKE-005,5,0,130.0,25
2026-03-01,outlet-3,CAKE-006,15,0,450.0,16
2026-03-01,outlet-3,CAKE-007,3,0,81.0,30
2026-03-01,outlet-3,CAKE-008,3,0,60.0,3
2026-03-01,outlet-3,CAKE-009,5,0,120.0,19
2026-03-01,outlet-3,CAKE-010,6,0,108.0,26
2026-03-01,outlet-4,CAKE-001,9,0,252.0,43
2026-03-01,outlet-4,CAKE-002,10,0,240.0,8
2026-03-01,outlet-4,CAKE-003,4,0,128.0,3
2026-03-01,outlet-4,CAKE-004,7,0,154.0,29
2026-03-01,outlet-4,CAKE-005,6,0,156.0,34
2026-03-01,outlet-4,CAKE-006,5,0,150.0,7
2026-03-01,outlet-4,CAKE-007,6,0,162.0,0
2026-03-01,outlet-4,CAKE-008,6,0,120.0,10
2026-03-01,outlet-4,CAKE-009,6,0,144.0,13
2026-03-01,outlet-4,CAKE-010,10,0,180.0,15
2026-03-01,outlet-5,CAKE-001,2,0,56.0,28
2026-03-01,outlet-5,CAKE-002,4,0,96.0,2
2026-03-01,outlet-5,CAKE-003,5,0,160.0,7
2026-03-01,outlet-5,CAKE-004,0,0,0.0,0
2026-03-01,outlet-5,CAKE-005,4,0,104.0,12
2026-03-01,outlet-5,CAKE-006,8,0,240.0,13
2026-03-01,outlet-5,CAKE-007,0,0,0.0,15
2026-03-01,outlet-5,CAKE-008,1,0,20.0,8
2026-03-01,outlet-5,CAKE-009,3,0,72.0,10
2026-03-01,outlet-5,CAKE-010,5,0,90.0,9
2026-03-02,outlet-1,CAKE-001,7,0,196.0,72
2026-03-02,outlet-1,CAKE-002,0,0,0.0,0
2026-03-02,outlet-1,CAKE-003,0,0,0.0,0
2026-03-02,outlet-1,CAKE-004,5,0,110.0,23
2026-03-02,outlet-1,CAKE-005,4,0,104.0,10
2026-03-02,outlet-1,CAKE-006,5,0,150.0,26
2026-03-02,outlet-1,CAKE-007,6,0,162.0,3
2026-03-02,outlet-1,CAKE-008,3,0,60.0,10
2026-03-02,outlet-1,CAKE-009,4,0,96.0,14
2026-03-02,outlet-1,CAKE-010,8,0,144.0,45
2026-03-02,outlet-2,CAKE-001,7,0,196.0,22
2026-03-02,outlet-2,CAKE-002,7,0,168.0,30
2026-03-02,outlet-2,CAKE-003,7,0,224.0,0
2026-03-02,outlet-2,CAKE-004,4,0,88.0,2
2026-03-02,outlet-2,CAKE-005,3,0,78.0,0
2026-03-02,outlet-2,CAKE-006,3,0,90.0,22
2026-03-02,outlet-2,CAKE-007,4,0,108.0,26
2026-03-02,outlet-2,CAKE-008,2,0,40.0,11
2026-03-02,outlet-2,CAKE-009,3,0,72.0,20
2026-03-02,outlet-2,CAKE-010,3,0,54.0,7
2026-03-02,outlet-3,CAKE-001,14,0,392.0,67
2026-03-02,outlet-3,CAKE-002,8,0,192.0,28
2026-03-02,outlet-3,CAKE-003,5,0,160.0,48
2026-03-02,outlet-3,CAKE-004,3,0,66.0,4
2026-03-02,outlet-3,CAKE-005,3,0,78.0,27
2026-03-02,outlet-3,CAKE-006,10,0,300.0,6
2026-03-02,outlet-3,CAKE-007,5,0,135.0,32
2026-03-02,outlet-3,CAKE-008,2,0,40.0,5
2026-03-02,outlet-3,CAKE-009,4,0,96.0,15
2026-03-02,outlet-3,CAKE-010,5,0,90.0,21
2026-03-02,outlet-4,CAKE-001,9,0,252.0,34
2026-03-02,outlet-4,CAKE-002,8,0,192.0,54
2026-03-02,outlet-4,CAKE-003,3,0,96.0,12
2026-03-02,outlet-4,CAKE-004,6,0,132.0,23
2026-03-02,outlet-4,CAKE-005,6,0,156.0,40
2026-03-02,outlet-4,CAKE-006,2,0,60.0,5
2026-03-02,outlet-4,CAKE-007,0,0,0.0,36
2026-03-02,outlet-4,CAKE-008,5,0,100.0,5
2026-03-02,outlet-4,CAKE-009,4,0,96.0,9
2026-03-02,outlet-4,CAKE-010,8,0,144.0,21
2026-03-02,outlet-5,CAKE-001,4,0,112.0,31
2026-03-02,outlet-5,CAKE-002,2,0,48.0,0
2026-03-02,outlet-5,CAKE-003,3,0,96.0,4
2026-03-02,outlet-5,CAKE-004,0,0,0.0,0
2026-03-02,outlet-5,CAKE-005,1,0,26.0,11
2026-03-02,outlet-5,CAKE-006,7,0,210.0,18
2026-03-02,outlet-5,CAKE-007,3,0,81.0,12
2026-03-02,outlet-5,CAKE-008,2,0,40.0,6
2026-03-02,outlet-5,CAKE-009,2,0,48.0,14
2026-03-02,outlet-5,CAKE-010,3,0,54.0,6
2026-03-03,outlet-1,CAKE-001,12,0,336.0,60
2026-03-03,outlet-1,CAKE-002,0,0,0.0,0
2026-03-03,outlet-1,CAKE-003,0,0,0.0,8
2026-03-03,outlet-1,CAKE-004,3,0,66.0,27
2026-03-03,outlet-1,CAKE-005,5,0,130.0,5
2026-03-03,outlet-1,CAKE-006,1,0,30.0,25
2026-03-03,outlet-1,CAKE-007,3,0,81.0,0
2026-03-03,outlet-1,CAKE-008,3,0,60.0,7
2026-03-03,outlet-1,CAKE-009,3,0,72.0,17
2026-03-03,outlet-1,CAKE-010,5,0,90.0,40
2026-03-03,outlet-2,CAKE-001,6,0,168.0,16
2026-03-03,outlet-2,CAKE-002,6,0,144.0,24
2026-03-03,outlet-2,CAKE-003,0,0,0.0,0
2026-03-03,outlet-2,CAKE-004,2,0,44.0,0
2026-03-03,outlet-2,CAKE-005,0,0,0.0,21
2026-03-03,outlet-2,CAKE-006,4,0,120.0,25
2026-03-03,outlet-2,CAKE-007,4,0,108.0,29
2026-03-03,outlet-2,CAKE-008,3,0,60.0,8
2026-03-03,outlet-2,CAKE-009,4,0,96.0,16
2026-03-03,outlet-2,CAKE-010,7,0,126.0,0
2026-03-03,outlet-3,CAKE-001,10,0,280.0,71
2026-03-03,outlet-3,CAKE-002,6,0,144.0,22
2026-03-03,outlet-3,CAKE-003,12,0,384.0,36
2026-03-03,outlet-3,CAKE-004,3,0,66.0,20
2026-03-03,outlet-3,CAKE-005,3,0,78.0,24
2026-03-03,outlet-3,CAKE-006,6,0,180.0,0
2026-03-03,outlet-3,CAKE-007,5,0,135.0,27
2026-03-03,outlet-3,CAKE-008,2,0,40.0,3
2026-03-03,outlet-3,CAKE-009,3,0,72.0,24
2026-03-03,outlet-3,CAKE-010,5,0,90.0,29
2026-03-03,outlet-4,CAKE-001,9,0,252.0,25
2026-03-03,outlet-4,CAKE-002,12,0,288.0,58
2026-03-03,outlet-4,CAKE-003,8,0,256.0,4
2026-03-03,outlet-4,CAKE-004,7,0,154.0,22
2026-03-03,outlet-4,CAKE-005,6,0,156.0,34
2026-03-03,outlet-4,CAKE-006,5,0,150.0,21
2026-03-03,outlet-4,CAKE-007,7,1,189.0,30
2026-03-03,outlet-4,CAKE-008,5,0,100.0,0
2026-03-03,outlet-4,CAKE-009,4,0,96.0,5
2026-03-03,outlet-4,CAKE-010,12,0,216.0,9
2026-03-03,outlet-5,CAKE-001,5,0,140.0,34
2026-03-03,outlet-5,CAKE-002,0,0,0.0,21
2026-03-03,outlet-5,CAKE-003,2,0,64.0,2
2026-03-03,outlet-5,CAKE-004,0,0,0.0,0
2026-03-03,outlet-5,CAKE-005,1,0,26.0,10
2026-03-03,outlet-5,CAKE-006,4,0,120.0,14
2026-03-03,outlet-5,CAKE-007,1,0,27.0,11
2026-03-03,outlet-5,CAKE-008,1,0,20.0,5
2026-03-03,outlet-5,CAKE-009,3,0,72.0,11
2026-03-03,outlet-5,CAKE-010,3,0,54.0,3
2026-03-04,outlet-1,CAKE-001,6,0,168.0,54
2026-03-04,outlet-1,CAKE-002,0,0,0.0,0
2026-03-04,outlet-1,CAKE-003,8,0,256.0,7
2026-03-04,outlet-1,CAKE-004,5,0,110.0,22
2026-03-04,outlet-1,CAKE-005,4,0,104.0,9
2026-03-04,outlet-1,CAKE-006,5,0,150.0,39
2026-03-04,outlet-1,CAKE-007,0,0,0.0,33
2026-03-04,outlet-1,CAKE-008,4,0,80.0,3
2026-03-04,outlet-1,CAKE-009,5,0,120.0,12
2026-03-04,outlet-1,CAKE-010,8,0,144.0,32
2026-03-04,outlet-2,CAKE-001,10,0,280.0,6
2026-03-04,outlet-2,CAKE-002,8,0,192.0,16
2026-03-04,outlet-2,CAKE-003,0,0,0.0,27
2026-03-04,outlet-2,CAKE-004,0,0,0.0,24
2026-03-04,outlet-2,CAKE-005,3,0,78.0,18
2026-03-04,outlet-2,CAKE-006,4,0,120.0,28
2026-03-04,outlet-2,CAKE-007,5,0,135.0,24
2026-03-04,outlet-2,CAKE-008,3,0,60.0,5
2026-03-04,outlet-2,CAKE-009,3,0,72.0,22
2026-03-04,outlet-2,CAKE-010,0,0,0.0,39
2026-03-04,outlet-3,CAKE-001,14,1,392.0,71
2026-03-04,outlet-3,CAKE-002,7,0,168.0,15
2026-03-04,outlet-3,CAKE-003,13,0,416.0,23
2026-03-04,outlet-3,CAKE-004,3,0,66.0,17
2026-03-04,outlet-3,CAKE-005,4,0,104.0,20
2026-03-04,outlet-3,CAKE-006,0,0,0.0,45
2026-03-04,outlet-3,CAKE-007,5,0,135.0,22
2026-03-04,outlet-3,CAKE-008,2,0,40.0,1
2026-03-04,outlet-3,CAKE-009,4,0,96.0,20
2026-03-04,outlet-3,CAKE-010,6,0,108.0,23
2026-03-04,outlet-4,CAKE-001,6,0,168.0,19
2026-03-04,outlet-4,CAKE-002,12,0,288.0,46
2026-03-04,outlet-4,CAKE-003,4,0,128.0,0
2026-03-04,outlet-4,CAKE-004,4,0,88.0,25
2026-03-04,outlet-4,CAKE-005,6,0,156.0,28
2026-03-04,outlet-4,CAKE-006,3,0,90.0,18
2026-03-04,outlet-4,CAKE-007,2,0,54.0,28
2026-03-04,outlet-4,CAKE-008,0,0,0.0,0
2026-03-04,outlet-4,CAKE-009,3,0,72.0,9
2026-03-04,outlet-4,CAKE-010,7,0,126.0,48
2026-03-04,outlet-5,CAKE-001,4,0,112.0,30
2026-03-04,outlet-5,CAKE-002,4,0,96.0,17
2026-03-04,outlet-5,CAKE-003,2,0,64.0,0
2026-03-04,outlet-5,CAKE-004,0,0,0.0,0
2026-03-04,outlet-5,CAKE-005,2,0,52.0,8
2026-03-04,outlet-5,CAKE-006,6,0,180.0,8
2026-03-04,outlet-5,CAKE-007,3,0,81.0,8
2026-03-04,outlet-5,CAKE-008,1,0,20.0,4
2026-03-04,outlet-5,CAKE-009,2,0,48.0,9
2026-03-04,outlet-5,CAKE-010,3,0,54.0,21
2026-03-05,outlet-1,CAKE-001,10,0,280.0,44
2026-03-05,outlet-1,CAKE-002,0,0,0.0,0
2026-03-05,outlet-1,CAKE-003,6,0,192.0,1
2026-03-05,outlet-1,CAKE-004,4,0,88.0,25
2026-03-05,outlet-1,CAKE-005,2,0,52.0,16
2026-03-05,outlet-1,CAKE-006,5,0,150.0,34
2026-03-05,outlet-1,CAKE-007,7,0,189.0,26
2026-03-05,outlet-1,CAKE-008,3,0,60.0,0
2026-03-05,outlet-1,CAKE-009,5,0,120.0,7
2026-03-05,outlet-1,CAKE-010,7,0,126.0,25
2026-03-05,outlet-2,CAKE-001,5,0,140.0,1
2026-03-05,outlet-2,CAKE-002,7,0,168.0,24
2026-03-05,outlet-2,CAKE-003,2,0,64.0,25
2026-03-05,outlet-2,CAKE-004,4,0,88.0,26
2026-03-05,outlet-2,CAKE-005,5,0,130.0,13
2026-03-05,outlet-2,CAKE-006,4,0,120.0,24
2026-03-05,outlet-2,CAKE-007,5,0,135.0,19
2026-03-05,outlet-2,CAKE-008,2,0,40.0,3
2026-03-05,outlet-2,CAKE-009,2,0,48.0,20
2026-03-05,outlet-2,CAKE-010,6,0,108.0,33
2026-03-05,outlet-3,CAKE-001,11,0,308.0,72
2026-03-05,outlet-3,CAKE-002,10,0,240.0,5
2026-03-05,outlet-3,CAKE-003,10,0,320.0,24
2026-03-05,outlet-3,CAKE-004,3,0,66.0,14
2026-03-05,outlet-3,CAKE-005,3,0,78.0,17
2026-03-05,outlet-3,CAKE-006,10,0,300.0,48
2026-03-05,outlet-3,CAKE-007,5,0,135.0,17
2026-03-05,outlet-3,CAKE-008,1,0,20.0,0
2026-03-05,outlet-3,CAKE-009,3,0,72.0,28
2026-03-05,outlet-3,CAKE-010,5,0,90.0,18
2026-03-05,outlet-4,CAKE-001,7,0,196.0,12
2026-03-05,outlet-4,CAKE-002,11,0,264.0,50
2026-03-05,outlet-4,CAKE-003,0,0,0.0,24
2026-03-05,outlet-4,CAKE-004,5,0,110.0,26
2026-03-05,outlet-4,CAKE-005,5,0,130.0,23
2026-03-05,outlet-4,CAKE-006,3,0,90.0,22
2026-03-05,outlet-4,CAKE-007,9,1,243.0,20
2026-03-05,outlet-4,CAKE-008,0,0,0.0,0
2026-03-05,outlet-4,CAKE-009,4,0,96.0,5
2026-03-05,outlet-4,CAKE-010,11,0,198.0,53
2026-03-05,outlet-5,CAKE-001,5,0,140.0,25
2026-03-05,outlet-5,CAKE-002,4,0,96.0,13
2026-03-05,outlet-5,CAKE-003,0,0,0.0,0
2026-03-05,outlet-5,CAKE-004,0,0,0.0,0
2026-03-05,outlet-5,CAKE-005,2,0,52.0,6
2026-03-05,outlet-5,CAKE-006,3,0,90.0,5
2026-03-05,outlet-5,CAKE-007,3,0,81.0,5
2026-03-05,outlet-5,CAKE-008,1,0,20.0,3
2026-03-05,outlet-5,CAKE-009,2,0,48.0,7
2026-03-05,outlet-5,CAKE-010,4,0,72.0,17
2026-03-06,outlet-1,CAKE-001,15,1,420.0,50
2026-03-06,outlet-1,CAKE-002,0,0,0.0,0
2026-03-06,outlet-1,CAKE-003,1,0,32.0,30
2026-03-06,outlet-1,CAKE-004,7,0,154.0,18
2026-03-06,outlet-1,CAKE-005,7,0,182.0,16
2026-03-06,outlet-1,CAKE-006,9,0,270.0,25
2026-03-06,outlet-1,CAKE-007,11,0,297.0,15
2026-03-06,outlet-1,CAKE-008,0,0,0.0,18
2026-03-06,outlet-1,CAKE-009,5,0,120.0,9
2026-03-06,outlet-1,CAKE-010,10,0,180.0,25
2026-03-06,outlet-2,CAKE-001,1,0,28.0,0
2026-03-06,outlet-2,CAKE-002,11,0,264.0,13
2026-03-06,outlet-2,CAKE-003,10,0,320.0,15
2026-03-06,outlet-2,CAKE-004,5,0,110.0,21
2026-03-06,outlet-2,CAKE-005,6,0,156.0,7
2026-03-06,outlet-2,CAKE-006,6,0,180.0,18
2026-03-06,outlet-2,CAKE-007,8,0,216.0,11
2026-03-06,outlet-2,CAKE-008,3,0,60.0,16
2026-03-06,outlet-2,CAKE-009,3,0,72.0,17
2026-03-06,outlet-2,CAKE-010,9,0,162.0,37
2026-03-06,outlet-3,CAKE-001,17,1,476.0,56
2026-03-06,outlet-3,CAKE-002,5,0,120.0,46
2026-03-06,outlet-3,CAKE-003,12,0,384.0,12
2026-03-06,outlet-3,CAKE-004,3,0,66.0,11
2026-03-06,outlet-3,CAKE-005,6,0,156.0,16
2026-03-06,outlet-3,CAKE-006,11,0,330.0,49
2026-03-06,outlet-3,CAKE-007,6,0,162.0,11
2026-03-06,outlet-3,CAKE-008,0,0,0.0,0
2026-03-06,outlet-3,CAKE-009,4,0,96.0,24
2026-03-06,outlet-3,CAKE-010,8,0,144.0,10
2026-03-06,outlet-4,CAKE-001,11,0,308.0,44
2026-03-06,outlet-4,CAKE-002,12,0,288.0,38
2026-03-06,outlet-4,CAKE-003,3,0,96.0,32
2026-03-06,outlet-4,CAKE-004,6,0,132.0,20
2026-03-06,outlet-4,CAKE-005,6,0,156.0,17
2026-03-06,outlet-4,CAKE-006,4,0,120.0,18
2026-03-06,outlet-4,CAKE-007,7,1,189.0,14
2026-03-06,outlet-4,CAKE-008,0,0,0.0,0
2026-03-06,outlet-4,CAKE-009,5,0,120.0,0
2026-03-06,outlet-4,CAKE-010,13,1,234.0,41
2026-03-06,outlet-5,CAKE-001,5,0,140.0,26
2026-03-06,outlet-5,CAKE-002,4,0,96.0,9
2026-03-06,outlet-5,CAKE-003,0,0,0.0,0
2026-03-06,outlet-5,CAKE-004,0,0,0.0,0
2026-03-06,outlet-5,CAKE-005,2,0,52.0,4
2026-03-06,outlet-5,CAKE-006,5,0,150.0,0
2026-03-06,outlet-5,CAKE-007,3,0,81.0,10
2026-03-06,outlet-5,CAKE-008,1,0,20.0,2
2026-03-06,outlet-5,CAKE-009,4,0,96.0,3
2026-03-06,outlet-5,CAKE-010,4,0,72.0,13
2026-03-07,outlet-1,CAKE-001,12,0,336.0,55
2026-03-07,outlet-1,CAKE-002,0,0,0.0,0
2026-03-07,outlet-1,CAKE-003,14,0,448.0,16
2026-03-07,outlet-1,CAKE-004,6,0,132.0,12
2026-03-07,outlet-1,CAKE-005,5,0,130.0,19
2026-03-07,outlet-1,CAKE-006,5,0,150.0,39
2026-03-07,outlet-1,CAKE-007,9,1,243.0,7
2026-03-07,outlet-1,CAKE-008,3,0,60.0,15
2026-03-07,outlet-1,CAKE-009,6,0,144.0,3
2026-03-07,outlet-1,CAKE-010,12,1,216.0,14
2026-03-07,outlet-2,CAKE-001,0,0,0.0,13
2026-03-07,outlet-2,CAKE-002,8,0,192.0,5
2026-03-07,outlet-2,CAKE-003,13,0,416.0,11
2026-03-07,outlet-2,CAKE-004,4,0,88.0,17
2026-03-07,outlet-2,CAKE-005,5,0,130.0,2
2026-03-07,outlet-2,CAKE-006,9,0,270.0,9
2026-03-07,outlet-2,CAKE-007,11,0,297.0,0
2026-03-07,outlet-2,CAKE-008,3,0,60.0,13
2026-03-07,outlet-2,CAKE-009,3,0,72.0,14
2026-03-07,outlet-2,CAKE-010,9,0,162.0,28
2026-03-07,outlet-3,CAKE-001,14,0,392.0,55
2026-03-07,outlet-3,CAKE-002,3,0,72.0,43
2026-03-07,outlet-3,CAKE-003,12,0,384.0,0
2026-03-07,outlet-3,CAKE-004,4,0,88.0,7
2026-03-07,outlet-3,CAKE-005,5,0,130.0,16
2026-03-07,outlet-3,CAKE-006,12,0,360.0,50
2026-03-07,outlet-3,CAKE-007,9,1,243.0,3
2026-03-07,outlet-3,CAKE-008,0,0,0.0,12
2026-03-07,outlet-3,CAKE-009,5,0,120.0,30
2026-03-07,outlet-3,CAKE-010,8,0,144.0,2
2026-03-07,outlet-4,CAKE-001,9,0,252.0,35
2026-03-07,outlet-4,CAKE-002,10,0,240.0,28
2026-03-07,outlet-4,CAKE-003,5,0,160.0,27
2026-03-07,outlet-4,CAKE-004,5,0,110.0,15
2026-03-07,outlet-4,CAKE-005,8,0,208.0,9
2026-03-07,outlet-4,CAKE-006,4,0,120.0,14
2026-03-07,outlet-4,CAKE-007,7,0,189.0,13
2026-03-07,outlet-4,CAKE-008,0,0,0.0,0
2026-03-07,outlet-4,CAKE-009,0,0,0.0,0
2026-03-07,outlet-4,CAKE-010,12,0,216.0,29
2026-03-07,outlet-5,CAKE-001,11,0,308.0,15
2026-03-07,outlet-5,CAKE-002,5,0,120.0,4
2026-03-07,outlet-5,CAKE-003,0,0,0.0,0
2026-03-07,outlet-5,CAKE-004,0,0,0.0,0
2026-03-07,outlet-5,CAKE-005,2,0,52.0,2
2026-03-07,outlet-5,CAKE-006,0,0,0.0,0
2026-03-07,outlet-5,CAKE-007,3,0,81.0,7
2026-03-07,outlet-5,CAKE-008,2,0,40.0,2
2026-03-07,outlet-5,CAKE-009,3,0,72.0,16
2026-03-07,outlet-5,CAKE-010,4,0,72.0,9
2026-03-08,outlet-1,CAKE-001,10,0,280.0,45
2026-03-08,outlet-1,CAKE-002,0,0,0.0,0
2026-03-08,outlet-1,CAKE-003,10,0,320.0,14
2026-03-08,outlet-1,CAKE-004,7,0,154.0,11
2026-03-08,outlet-1,CAKE-005,6,0,156.0,13
2026-03-08,outlet-1,CAKE-006,9,0,270.0,30
2026-03-08,outlet-1,CAKE-007,3,0,81.0,4
2026-03-08,outlet-1,CAKE-008,4,0,80.0,11
2026-03-08,outlet-1,CAKE-009,3,0,72.0,0
2026-03-08,outlet-1,CAKE-010,11,0,198.0,3
2026-03-08,outlet-2,CAKE-001,11,0,308.0,50
2026-03-08,outlet-2,CAKE-002,5,0,120.0,42
2026-03-08,outlet-2,CAKE-003,11,0,352.0,27
2026-03-08,outlet-2,CAKE-004,5,0,110.0,12
2026-03-08,outlet-2,CAKE-005,2,0,52.0,21
2026-03-08,outlet-2,CAKE-006,5,0,150.0,4
2026-03-08,outlet-2,CAKE-007,0,0,0.0,30
2026-03-08,outlet-2,CAKE-008,3,0,60.0,10
2026-03-08,outlet-2,CAKE-009,6,0,144.0,8
2026-03-08,outlet-2,CAKE-010,8,0,144.0,20
2026-03-08,outlet-3,CAKE-001,21,0,588.0,50
2026-03-08,outlet-3,CAKE-002,10,0,240.0,33
2026-03-08,outlet-3,CAKE-003,0,0,0.0,12
2026-03-08,outlet-3,CAKE-004,3,0,66.0,4
2026-03-08,outlet-3,CAKE-005,5,0,130.0,11
2026-03-08,outlet-3,CAKE-006,10,0,300.0,40
2026-03-08,outlet-3,CAKE-007,3,0,81.0,30
2026-03-08,outlet-3,CAKE-008,3,0,60.0,13
2026-03-08,outlet-3,CAKE-009,4,0,96.0,26
2026-03-08,outlet-3,CAKE-010,2,0,36.0,32
2026-03-08,outlet-4,CAKE-001,12,1,336.0,24
2026-03-08,outlet-4,CAKE-002,11,0,264.0,17
2026-03-08,outlet-4,CAKE-003,7,0,224.0,34
2026-03-08,outlet-4,CAKE-004,6,0,132.0,9
2026-03-08,outlet-4,CAKE-005,9,0,234.0,33
2026-03-08,outlet-4,CAKE-006,8,0,240.0,6
2026-03-08,outlet-4,CAKE-007,8,1,216.0,6
2026-03-08,outlet-4,CAKE-008,0,0,0.0,0
2026-03-08,outlet-4,CAKE-009,0,0,0.0,28
2026-03-08,outlet-4,CAKE-010,9,0,162.0,20
2026-03-08,outlet-5,CAKE-001,6,0,168.0,9
2026-03-08,outlet-5,CAKE-002,4,0,96.0,21
2026-03-08,outlet-5,CAKE-003,0,0,0.0,0
2026-03-08,outlet-5,CAKE-004,0,0,0.0,0
2026-03-08,outlet-5,CAKE-005,2,0,52.0,12
2026-03-08,outlet-5,CAKE-006,0,0,0.0,13
2026-03-08,outlet-5,CAKE-007,3,0,81.0,4
2026-03-08,outlet-5,CAKE-008,1,0,20.0,1
2026-03-08,outlet-5,CAKE-009,4,0,96.0,12
2026-03-08,outlet-5,CAKE-010,5,0,90.0,4
2026-03-09,outlet-1,CAKE-001,15,0,420.0,30
2026-03-09,outlet-1,CAKE-002,0,0,0.0,46
2026-03-09,outlet-1,CAKE-003,11,0,352.0,3
2026-03-09,outlet-1,CAKE-004,4,0,88.0,7
2026-03-09,outlet-1,CAKE-005,4,0,104.0,9
2026-03-09,outlet-1,CAKE-006,6,0,180.0,24
2026-03-09,outlet-1,CAKE-007,4,0,108.0,0
2026-03-09,outlet-1,CAKE-008,2,0,40.0,9
2026-03-09,outlet-1,CAKE-009,0,0,0.0,0
2026-03-09,outlet-1,CAKE-010,3,0,54.0,43
2026-03-09,outlet-2,CAKE-001,9,0,252.0,41
2026-03-09,outlet-2,CAKE-002,8,0,192.0,48
2026-03-09,outlet-2,CAKE-003,5,0,160.0,22
2026-03-09,outlet-2,CAKE-004,3,0,66.0,9
2026-03-09,outlet-2,CAKE-005,4,0,104.0,17
2026-03-09,outlet-2,CAKE-006,4,0,120.0,24
2026-03-09,outlet-2,CAKE-007,3,0,81.0,27
2026-03-09,outlet-2,CAKE-008,3,0,60.0,7
2026-03-09,outlet-2,CAKE-009,4,0,96.0,4
2026-03-09,outlet-2,CAKE-010,9,0,162.0,11
2026-03-09,outlet-3,CAKE-001,8,0,224.0,42
2026-03-09,outlet-3,CAKE-002,9,0,216.0,24
2026-03-09,outlet-3,CAKE-003,12,0,384.0,0
2026-03-09,outlet-3,CAKE-004,3,0,66.0,5
2026-03-09,outlet-3,CAKE-005,4,0,104.0,7
2026-03-09,outlet-3,CAKE-006,4,0,120.0,36
2026-03-09,outlet-3,CAKE-007,8,0,216.0,30
2026-03-09,outlet-3,CAKE-008,2,0,40.0,11
2026-03-09,outlet-3,CAKE-009,1,0,24.0,36
2026-03-09,outlet-3,CAKE-010,6,0,108.0,26
2026-03-09,outlet-4,CAKE-001,6,0,168.0,33
2026-03-09,outlet-4,CAKE-002,7,0,168.0,10
2026-03-09,outlet-4,CAKE-003,6,0,192.0,28
2026-03-09,outlet-4,CAKE-004,5,0,110.0,4
2026-03-09,outlet-4,CAKE-005,6,0,156.0,27
2026-03-09,outlet-4,CAKE-006,3,0,90.0,3
2026-03-09,outlet-4,CAKE-007,5,0,135.0,37
2026-03-09,outlet-4,CAKE-008,0,0,0.0,0
2026-03-09,outlet-4,CAKE-009,3,0,72.0,25
2026-03-09,outlet-4,CAKE-010,10,0,180.0,10
2026-03-09,outlet-5,CAKE-001,3,0,84.0,6
2026-03-09,outlet-5,CAKE-002,4,0,96.0,17
2026-03-09,outlet-5,CAKE-003,0,0,0.0,0
2026-03-09,outlet-5,CAKE-004,0,0,0.0,0
2026-03-09,outlet-5,CAKE-005,2,0,52.0,10
2026-03-09,outlet-5,CAKE-006,8,0,240.0,5
2026-03-09,outlet-5,CAKE-007,4,0,108.0,0
2026-03-09,outlet-5,CAKE-008,1,0,20.0,7
2026-03-09,outlet-5,CAKE-009,1,0,24.0,11
2026-03-09,outlet-5,CAKE-010,4,0,72.0,0
2026-03-10,outlet-1,CAKE-001,3,0,84.0,27
2026-03-10,outlet-1,CAKE-002,10,0,240.0,36
2026-03-10,outlet-1,CAKE-003,3,0,96.0,30
2026-03-10,outlet-1,CAKE-004,5,0,110.0,28
2026-03-10,outlet-1,CAKE-005,3,0,78.0,6
2026-03-10,outlet-1,CAKE-006,6,0,180.0,18
2026-03-10,outlet-1,CAKE-007,0,0,0.0,0
2026-03-10,outlet-1,CAKE-008,3,0,60.0,6
2026-03-10,outlet-1,CAKE-009,0,0,0.0,0
2026-03-10,outlet-1,CAKE-010,8,0,144.0,35
2026-03-10,outlet-2,CAKE-001,2,0,56.0,54
2026-03-10,outlet-2,CAKE-002,7,0,168.0,53
2026-03-10,outlet-2,CAKE-003,8,0,256.0,14
2026-03-10,outlet-2,CAKE-004,5,0,110.0,4
2026-03-10,outlet-2,CAKE-005,5,0,130.0,12
2026-03-10,outlet-2,CAKE-006,4,0,120.0,20
2026-03-10,outlet-2,CAKE-007,7,0,189.0,20
2026-03-10,outlet-2,CAKE-008,2,0,40.0,5
2026-03-10,outlet-2,CAKE-009,3,0,72.0,22
2026-03-10,outlet-2,CAKE-010,7,0,126.0,4
2026-03-10,outlet-3,CAKE-001,5,0,140.0,52
2026-03-10,outlet-3,CAKE-002,9,0,216.0,29
2026-03-10,outlet-3,CAKE-003,0,0,0.0,11
2026-03-10,outlet-3,CAKE-004,4,0,88.0,20
2026-03-10,outlet-3,CAKE-005,3,0,78.0,4
2026-03-10,outlet-3,CAKE-006,10,0,300.0,41
2026-03-10,outlet-3,CAKE-007,5,0,135.0,32
2026-03-10,outlet-3,CAKE-008,2,0,40.0,9
2026-03-10,outlet-3,CAKE-009,4,0,96.0,42
2026-03-10,outlet-3,CAKE-010,5,0,90.0,21
2026-03-10,outlet-4,CAKE-001,7,0,196.0,26
2026-03-10,outlet-4,CAKE-002,9,0,216.0,17
2026-03-10,outlet-4,CAKE-003,4,0,128.0,24
2026-03-10,outlet-4,CAKE-004,4,0,88.0,28
2026-03-10,outlet-4,CAKE-005,7,0,182.0,20
2026-03-10,outlet-4,CAKE-006,1,0,30.0,2
2026-03-10,outlet-4,CAKE-007,5,0,135.0,32
2026-03-10,outlet-4,CAKE-008,0,0,0.0,0
2026-03-10,outlet-4,CAKE-009,4,0,96.0,21
2026-03-10,outlet-4,CAKE-010,6,0,108.0,4
2026-03-10,outlet-5,CAKE-001,6,0,168.0,28
2026-03-10,outlet-5,CAKE-002,3,0,72.0,14
2026-03-10,outlet-5,CAKE-003,0,0,0.0,0
2026-03-10,outlet-5,CAKE-004,0,0,0.0,0
2026-03-10,outlet-5,CAKE-005,2,0,52.0,8
2026-03-10,outlet-5,CAKE-006,5,0,150.0,30
2026-03-10,outlet-5,CAKE-007,0,0,0.0,15
2026-03-10,outlet-5,CAKE-008,1,0,20.0,8
2026-03-10,outlet-5,CAKE-009,1,0,24.0,10
2026-03-10,outlet-5,CAKE-010,0,0,0.0,21
2026-03-11,outlet-1,CAKE-001,10,0,280.0,17
2026-03-11,outlet-1,CAKE-002,8,0,192.0,28
2026-03-11,outlet-1,CAKE-003,9,0,288.0,21
2026-03-11,outlet-1,CAKE-004,6,0,132.0,22
2026-03-11,outlet-1,CAKE-005,5,0,130.0,1
2026-03-11,outlet-1,CAKE-006,5,0,150.0,13
2026-03-11,outlet-1,CAKE-007,0,0,0.0,33
2026-03-11,outlet-1,CAKE-008,3,0,60.0,3
2026-03-11,outlet-1,CAKE-009,0,0,0.0,5
2026-03-11,outlet-1,CAKE-010,6,0,108.0,29
2026-03-11,outlet-2,CAKE-001,7,0,196.0,47
2026-03-11,outlet-2,CAKE-002,8,0,192.0,45
2026-03-11,outlet-2,CAKE-003,2,0,64.0,12
2026-03-11,outlet-2,CAKE-004,2,0,44.0,2
2026-03-11,outlet-2,CAKE-005,4,0,104.0,8
2026-03-11,outlet-2,CAKE-006,4,0,120.0,16
2026-03-11,outlet-2,CAKE-007,9,1,243.0,12
2026-03-11,outlet-2,CAKE-008,3,0,60.0,2
2026-03-11,outlet-2,CAKE-009,4,0,96.0,18
2026-03-11,outlet-2,CAKE-010,4,0,72.0,39
2026-03-11,outlet-3,CAKE-001,12,0,336.0,40
2026-03-11,outlet-3,CAKE-002,8,0,192.0,21
2026-03-11,outlet-3,CAKE-003,8,0,256.0,16
2026-03-11,outlet-3,CAKE-004,3,0,66.0,17
2026-03-11,outlet-3,CAKE-005,1,0,26.0,3
2026-03-11,outlet-3,CAKE-006,2,0,60.0,39
2026-03-11,outlet-3,CAKE-007,7,0,189.0,33
2026-03-11,outlet-3,CAKE-008,1,0,20.0,12
2026-03-11,outlet-3,CAKE-009,3,0,72.0,39
2026-03-11,outlet-3,CAKE-010,5,0,90.0,16
2026-03-11,outlet-4,CAKE-001,1,0,28.0,25
2026-03-11,outlet-4,CAKE-002,8,0,192.0,9
2026-03-11,outlet-4,CAKE-003,6,0,192.0,18
2026-03-11,outlet-4,CAKE-004,4,0,88.0,24
2026-03-11,outlet-4,CAKE-005,6,0,156.0,14
2026-03-11,outlet-4,CAKE-006,2,0,60.0,21
2026-03-11,outlet-4,CAKE-007,9,0,243.0,23
2026-03-11,outlet-4,CAKE-008,0,0,0.0,0
2026-03-11,outlet-4,CAKE-009,5,0,120.0,16
2026-03-11,outlet-4,CAKE-010,4,0,72.0,46
2026-03-11,outlet-5,CAKE-001,6,0,168.0,22
2026-03-11,outlet-5,CAKE-002,3,0,72.0,11
2026-03-11,outlet-5,CAKE-003,0,0,0.0,0
2026-03-11,outlet-5,CAKE-004,0,0,0.0,0
2026-03-11,outlet-5,CAKE-005,3,0,78.0,5
2026-03-11,outlet-5,CAKE-006,7,0,210.0,23
2026-03-11,outlet-5,CAKE-007,2,0,54.0,13
2026-03-11,outlet-5,CAKE-008,1,0,20.0,9
2026-03-11,outlet-5,CAKE-009,2,0,48.0,8
2026-03-11,outlet-5,CAKE-010,4,0,72.0,17
2026-03-12,outlet-1,CAKE-001,7,0,196.0,10
2026-03-12,outlet-1,CAKE-002,8,0,192.0,20
2026-03-12,outlet-1,CAKE-003,13,0,416.0,8
2026-03-12,outlet-1,CAKE-004,3,0,66.0,19
2026-03-12,outlet-1,CAKE-005,1,0,26.0,24
2026-03-12,outlet-1,CAKE-006,5,0,150.0,8
2026-03-12,outlet-1,CAKE-007,6,0,162.0,27
2026-03-12,outlet-1,CAKE-008,3,0,60.0,0
2026-03-12,outlet-1,CAKE-009,5,0,120.0,24
2026-03-12,outlet-1,CAKE-010,8,0,144.0,21
2026-03-12,outlet-2,CAKE-001,7,0,196.0,40
2026-03-12,outlet-2,CAKE-002,2,0,48.0,43
2026-03-12,outlet-2,CAKE-003,8,0,256.0,4
2026-03-12,outlet-2,CAKE-004,2,0,44.0,24
2026-03-12,outlet-2,CAKE-005,4,0,104.0,4
2026-03-12,outlet-2,CAKE-006,8,0,240.0,8
2026-03-12,outlet-2,CAKE-007,5,0,135.0,7
2026-03-12,outlet-2,CAKE-008,2,0,40.0,16
2026-03-12,outlet-2,CAKE-009,4,0,96.0,23
2026-03-12,outlet-2,CAKE-010,5,0,90.0,34
2026-03-12,outlet-3,CAKE-001,15,0,420.0,25
2026-03-12,outlet-3,CAKE-002,10,0,240.0,26
2026-03-12,outlet-3,CAKE-003,9,0,288.0,20
2026-03-12,outlet-3,CAKE-004,2,0,44.0,15
2026-03-12,outlet-3,CAKE-005,3,0,78.0,24
2026-03-12,outlet-3,CAKE-006,11,0,330.0,43
2026-03-12,outlet-3,CAKE-007,6,0,162.0,34
2026-03-12,outlet-3,CAKE-008,2,0,40.0,10
2026-03-12,outlet-3,CAKE-009,4,0,96.0,35
2026-03-12,outlet-3,CAKE-010,2,0,36.0,14
2026-03-12,outlet-4,CAKE-001,7,0,196.0,18
2026-03-12,outlet-4,CAKE-002,9,0,216.0,15
2026-03-12,outlet-4,CAKE-003,4,0,128.0,14
2026-03-12,outlet-4,CAKE-004,4,0,88.0,20
2026-03-12,outlet-4,CAKE-005,6,0,156.0,8
2026-03-12,outlet-4,CAKE-006,5,0,150.0,16
2026-03-12,outlet-4,CAKE-007,9,0,243.0,14
2026-03-12,outlet-4,CAKE-008,0,0,0.0,0
2026-03-12,outlet-4,CAKE-009,4,0,96.0,20
2026-03-12,outlet-4,CAKE-010,7,0,126.0,39
2026-03-12,outlet-5,CAKE-001,7,0,196.0,15
2026-03-12,outlet-5,CAKE-002,3,0,72.0,8
2026-03-12,outlet-5,CAKE-003,0,0,0.0,0
2026-03-12,outlet-5,CAKE-004,0,0,0.0,0
2026-03-12,outlet-5,CAKE-005,1,0,26.0,4
2026-03-12,outlet-5,CAKE-006,5,0,150.0,18
2026-03-12,outlet-5,CAKE-007,2,0,54.0,11
2026-03-12,outlet-5,CAKE-008,1,0,20.0,8
2026-03-12,outlet-5,CAKE-009,3,0,72.0,5
2026-03-12,outlet-5,CAKE-010,4,0,72.0,13
2026-03-13,outlet-1,CAKE-001,8,0,224.0,22
2026-03-13,outlet-1,CAKE-002,12,0,288.0,8
2026-03-13,outlet-1,CAKE-003,5,0,160.0,11
2026-03-13,outlet-1,CAKE-004,5,0,110.0,14
2026-03-13,outlet-1,CAKE-005,6,0,156.0,18
2026-03-13,outlet-1,CAKE-006,8,0,240.0,30
2026-03-13,outlet-1,CAKE-007,8,1,216.0,31
2026-03-13,outlet-1,CAKE-008,0,0,0.0,4
2026-03-13,outlet-1,CAKE-009,1,0,24.0,23
2026-03-13,outlet-1,CAKE-010,13,1,234.0,19
2026-03-13,outlet-2,CAKE-001,7,0,196.0,33
2026-03-13,outlet-2,CAKE-002,10,0,240.0,33
2026-03-13,outlet-2,CAKE-003,4,0,128.0,27
2026-03-13,outlet-2,CAKE-004,1,0,22.0,29
2026-03-13,outlet-2,CAKE-005,4,0,104.0,0
2026-03-13,outlet-2,CAKE-006,8,0,240.0,8
2026-03-13,outlet-2,CAKE-007,5,0,135.0,32
2026-03-13,outlet-2,CAKE-008,3,0,60.0,13
2026-03-13,outlet-2,CAKE-009,3,0,72.0,20
2026-03-13,outlet-2,CAKE-010,11,0,198.0,23
2026-03-13,outlet-3,CAKE-001,4,0,112.0,21
2026-03-13,outlet-3,CAKE-002,13,0,312.0,13
2026-03-13,outlet-3,CAKE-003,17,1,544.0,4
2026-03-13,outlet-3,CAKE-004,3,0,66.0,12
2026-03-13,outlet-3,CAKE-005,4,0,104.0,20
2026-03-13,outlet-3,CAKE-006,11,0,330.0,48
2026-03-13,outlet-3,CAKE-007,11,1,297.0,24
2026-03-13,outlet-3,CAKE-008,2,0,40.0,8
2026-03-13,outlet-3,CAKE-009,5,0,120.0,40
2026-03-13,outlet-3,CAKE-010,7,0,126.0,19
2026-03-13,outlet-4,CAKE-001,10,0,280.0,8
2026-03-13,outlet-4,CAKE-002,15,0,360.0,54
2026-03-13,outlet-4,CAKE-003,9,0,288.0,5
2026-03-13,outlet-4,CAKE-004,3,0,66.0,17
2026-03-13,outlet-4,CAKE-005,7,0,182.0,1
2026-03-13,outlet-4,CAKE-006,8,0,240.0,8
2026-03-13,outlet-4,CAKE-007,8,0,216.0,6
2026-03-13,outlet-4,CAKE-008,0,0,0.0,0
2026-03-13,outlet-4,CAKE-009,7,0,168.0,13
2026-03-13,outlet-4,CAKE-010,13,0,234.0,26
2026-03-13,outlet-5,CAKE-001,7,0,196.0,8
2026-03-13,outlet-5,CAKE-002,5,0,120.0,3
2026-03-13,outlet-5,CAKE-003,0,0,0.0,0
2026-03-13,outlet-5,CAKE-004,0,0,0.0,0
2026-03-13,outlet-5,CAKE-005,3,0,78.0,1
2026-03-13,outlet-5,CAKE-006,9,0,270.0,9
2026-03-13,outlet-5,CAKE-007,3,0,81.0,8
2026-03-13,outlet-5,CAKE-008,2,0,40.0,7
2026-03-13,outlet-5,CAKE-009,3,0,72.0,2
2026-03-13,outlet-5,CAKE-010,5,0,90.0,8
2026-03-14,outlet-1,CAKE-001,12,0,336.0,10
2026-03-14,outlet-1,CAKE-002,8,0,192.0,0
2026-03-14,outlet-1,CAKE-003,11,0,352.0,7
2026-03-14,outlet-1,CAKE-004,4,0,88.0,17
2026-03-14,outlet-1,CAKE-005,4,0,104.0,14
2026-03-14,outlet-1,CAKE-006,7,0,210.0,23
2026-03-14,outlet-1,CAKE-007,7,0,189.0,24
2026-03-14,outlet-1,CAKE-008,3,0,60.0,1
2026-03-14,outlet-1,CAKE-009,5,0,120.0,18
2026-03-14,outlet-1,CAKE-010,11,0,198.0,8
2026-03-14,outlet-2,CAKE-001,12,0,336.0,21
2026-03-14,outlet-2,CAKE-002,7,0,168.0,26
2026-03-14,outlet-2,CAKE-003,7,0,224.0,20
2026-03-14,outlet-2,CAKE-004,6,0,132.0,23
2026-03-14,outlet-2,CAKE-005,0,0,0.0,21
2026-03-14,outlet-2,CAKE-006,1,0,30.0,7
2026-03-14,outlet-2,CAKE-007,3,0,81.0,36
2026-03-14,outlet-2,CAKE-008,2,0,40.0,11
2026-03-14,outlet-2,CAKE-009,6,0,144.0,14
2026-03-14,outlet-2,CAKE-010,9,0,162.0,14
2026-03-14,outlet-3,CAKE-001,17,0,476.0,71
2026-03-14,outlet-3,CAKE-002,9,0,216.0,4
2026-03-14,outlet-3,CAKE-003,4,0,128.0,0
2026-03-14,outlet-3,CAKE-004,1,0,22.0,11
2026-03-14,outlet-3,CAKE-005,3,0,78.0,17
2026-03-14,outlet-3,CAKE-006,7,0,210.0,41
2026-03-14,outlet-3,CAKE-007,5,0,135.0,19
2026-03-14,outlet-3,CAKE-008,3,0,60.0,5
2026-03-14,outlet-3,CAKE-009,4,0,96.0,36
2026-03-14,outlet-3,CAKE-010,7,0,126.0,12
2026-03-14,outlet-4,CAKE-001,8,0,224.0,43
2026-03-14,outlet-4,CAKE-002,15,0,360.0,39
2026-03-14,outlet-4,CAKE-003,4,0,128.0,25
2026-03-14,outlet-4,CAKE-004,5,0,110.0,12
2026-03-14,outlet-4,CAKE-005,1,0,26.0,33
2026-03-14,outlet-4,CAKE-006,3,0,90.0,5
2026-03-14,outlet-4,CAKE-007,6,0,162.0,36
2026-03-14,outlet-4,CAKE-008,0,0,0.0,0
2026-03-14,outlet-4,CAKE-009,2,0,48.0,11
2026-03-14,outlet-4,CAKE-010,14,0,252.0,12
2026-03-14,outlet-5,CAKE-001,8,0,224.0,0
2026-03-14,outlet-5,CAKE-002,3,0,72.0,4
2026-03-14,outlet-5,CAKE-003,0,0,0.0,0
2026-03-14,outlet-5,CAKE-004,0,0,0.0,0
2026-03-14,outlet-5,CAKE-005,1,0,26.0,12
2026-03-14,outlet-5,CAKE-006,9,0,270.0,30
2026-03-14,outlet-5,CAKE-007,4,0,108.0,12
2026-03-14,outlet-5,CAKE-008,1,0,20.0,6
2026-03-14,outlet-5,CAKE-009,2,0,48.0,16
2026-03-14,outlet-5,CAKE-010,4,0,72.0,4
2026-03-15,outlet-1,CAKE-001,10,0,280.0,57
2026-03-15,outlet-1,CAKE-002,0,0,0.0,46
2026-03-15,outlet-1,CAKE-003,7,0,224.0,30
2026-03-15,outlet-1,CAKE-004,5,0,110.0,12
2026-03-15,outlet-1,CAKE-005,3,0,78.0,11
2026-03-15,outlet-1,CAKE-006,7,0,210.0,16
2026-03-15,outlet-1,CAKE-007,10,1,270.0,15
2026-03-15,outlet-1,CAKE-008,1,0,20.0,0
2026-03-15,outlet-1,CAKE-009,7,0,168.0,11
2026-03-15,outlet-1,CAKE-010,8,0,144.0,12
2026-03-15,outlet-2,CAKE-001,6,0,168.0,15
2026-03-15,outlet-2,CAKE-002,10,0,240.0,31
2026-03-15,outlet-2,CAKE-003,8,0,256.0,12
2026-03-15,outlet-2,CAKE-004,6,0,132.0,17
2026-03-15,outlet-2,CAKE-005,5,0,130.0,16
2026-03-15,outlet-2,CAKE-006,4,0,120.0,3
2026-03-15,outlet-2,CAKE-007,8,1,216.0,29
2026-03-15,outlet-2,CAKE-008,3,0,60.0,8
2026-03-15,outlet-2,CAKE-009,5,0,120.0,17
2026-03-15,outlet-2,CAKE-010,11,0,198.0,3
2026-03-15,outlet-3,CAKE-001,15,0,420.0,71
2026-03-15,outlet-3,CAKE-002,4,0,96.0,46
2026-03-15,outlet-3,CAKE-003,0,0,0.0,0
2026-03-15,outlet-3,CAKE-004,5,0,110.0,9
2026-03-15,outlet-3,CAKE-005,6,0,156.0,15
2026-03-15,outlet-3,CAKE-006,1,0,30.0,52
2026-03-15,outlet-3,CAKE-007,3,0,81.0,16
2026-03-15,outlet-3,CAKE-008,2,0,40.0,3
2026-03-15,outlet-3,CAKE-009,5,0,120.0,43
2026-03-15,outlet-3,CAKE-010,6,0,108.0,6
2026-03-15,outlet-4,CAKE-001,6,0,168.0,37
2026-03-15,outlet-4,CAKE-002,10,0,240.0,29
2026-03-15,outlet-4,CAKE-003,11,0,352.0,14
2026-03-15,outlet-4,CAKE-004,6,0,132.0,13
2026-03-15,outlet-4,CAKE-005,7,0,182.0,26
2026-03-15,outlet-4,CAKE-006,4,0,120.0,1
2026-03-15,outlet-4,CAKE-007,11,0,297.0,25
2026-03-15,outlet-4,CAKE-008,0,0,0.0,0
2026-03-15,outlet-4,CAKE-009,8,0,192.0,3
2026-03-15,outlet-4,CAKE-010,2,0,36.0,10
2026-03-15,outlet-5,CAKE-001,0,0,0.0,0
2026-03-15,outlet-5,CAKE-002,4,0,96.0,4
2026-03-15,outlet-5,CAKE-003,0,0,0.0,0
2026-03-15,outlet-5,CAKE-004,0,0,0.0,0
2026-03-15,outlet-5,CAKE-005,3,0,78.0,9
2026-03-15,outlet-5,CAKE-006,5,0,150.0,25
2026-03-15,outlet-5,CAKE-007,5,0,135.0,13
2026-03-15,outlet-5,CAKE-008,2,0,40.0,6
2026-03-15,outlet-5,CAKE-009,4,0,96.0,12
2026-03-15,outlet-5,CAKE-010,4,0,72.0,21
2026-03-16,outlet-1,CAKE-001,7,0,196.0,50
2026-03-16,outlet-1,CAKE-002,8,0,192.0,56
2026-03-16,outlet-1,CAKE-003,3,0,96.0,34
2026-03-16,outlet-1,CAKE-004,3,0,66.0,9
2026-03-16,outlet-1,CAKE-005,4,0,104.0,15
2026-03-16,outlet-1,CAKE-006,6,0,180.0,10
2026-03-16,outlet-1,CAKE-007,1,0,27.0,14
2026-03-16,outlet-1,CAKE-008,0,0,0.0,0
2026-03-16,outlet-1,CAKE-009,3,0,72.0,14
2026-03-16,outlet-1,CAKE-010,8,0,144.0,4
2026-03-16,outlet-2,CAKE-001,2,0,56.0,13
2026-03-16,outlet-2,CAKE-002,8,0,192.0,23
2026-03-16,outlet-2,CAKE-003,7,0,224.0,13
2026-03-16,outlet-2,CAKE-004,3,0,66.0,19
2026-03-16,outlet-2,CAKE-005,3,0,78.0,20
2026-03-16,outlet-2,CAKE-006,3,0,90.0,0
2026-03-16,outlet-2,CAKE-007,5,0,135.0,24
2026-03-16,outlet-2,CAKE-008,3,0,60.0,5
2026-03-16,outlet-2,CAKE-009,4,0,96.0,13
2026-03-16,outlet-2,CAKE-010,3,0,54.0,39
2026-03-16,outlet-3,CAKE-001,9,0,252.0,62
2026-03-16,outlet-3,CAKE-002,8,0,192.0,38
2026-03-16,outlet-3,CAKE-003,0,0,0.0,14
2026-03-16,outlet-3,CAKE-004,4,0,88.0,5
2026-03-16,outlet-3,CAKE-005,5,0,130.0,10
2026-03-16,outlet-3,CAKE-006,9,0,270.0,43
2026-03-16,outlet-3,CAKE-007,5,0,135.0,11
2026-03-16,outlet-3,CAKE-008,2,0,40.0,13
2026-03-16,outlet-3,CAKE-009,4,0,96.0,39
2026-03-16,outlet-3,CAKE-010,6,0,108.0,32
2026-03-16,outlet-4,CAKE-001,4,0,112.0,47
2026-03-16,outlet-4,CAKE-002,11,0,264.0,18
2026-03-16,outlet-4,CAKE-003,7,0,224.0,20
2026-03-16,outlet-4,CAKE-004,6,0,132.0,7
2026-03-16,outlet-4,CAKE-005,4,0,104.0,22
2026-03-16,outlet-4,CAKE-006,1,0,30.0,0
2026-03-16,outlet-4,CAKE-007,6,0,162.0,19
2026-03-16,outlet-4,CAKE-008,0,0,0.0,0
2026-03-16,outlet-4,CAKE-009,3,0,72.0,0
2026-03-16,outlet-4,CAKE-010,7,0,126.0,3
2026-03-16,outlet-5,CAKE-001,0,0,0.0,0
2026-03-16,outlet-5,CAKE-002,4,0,96.0,21
2026-03-16,outlet-5,CAKE-003,0,0,0.0,0
2026-03-16,outlet-5,CAKE-004,0,0,0.0,0
2026-03-16,outlet-5,CAKE-005,2,0,52.0,7
2026-03-16,outlet-5,CAKE-006,6,0,180.0,19
2026-03-16,outlet-5,CAKE-007,3,0,81.0,10
2026-03-16,outlet-5,CAKE-008,1,0,20.0,5
2026-03-16,outlet-5,CAKE-009,3,0,72.0,14
2026-03-16,outlet-5,CAKE-010,4,0,72.0,17
2026-03-17,outlet-1,CAKE-001,9,0,252.0,41
2026-03-17,outlet-1,CAKE-002,10,0,240.0,46
2026-03-17,outlet-1,CAKE-003,10,0,320.0,31
2026-03-17,outlet-1,CAKE-004,4,0,88.0,5
2026-03-17,outlet-1,CAKE-005,4,0,104.0,11
2026-03-17,outlet-1,CAKE-006,8,0,240.0,32
2026-03-17,outlet-1,CAKE-007,4,0,108.0,10
2026-03-17,outlet-1,CAKE-008,0,0,0.0,0
2026-03-17,outlet-1,CAKE-009,4,0,96.0,10
2026-03-17,outlet-1,CAKE-010,4,0,72.0,13
2026-03-17,outlet-2,CAKE-001,5,0,140.0,8
2026-03-17,outlet-2,CAKE-002,6,0,144.0,17
2026-03-17,outlet-2,CAKE-003,6,0,192.0,7
2026-03-17,outlet-2,CAKE-004,5,0,110.0,14
2026-03-17,outlet-2,CAKE-005,3,0,78.0,17
2026-03-17,outlet-2,CAKE-006,0,0,0.0,9
2026-03-17,outlet-2,CAKE-007,9,1,243.0,16
2026-03-17,outlet-2,CAKE-008,2,0,40.0,3
2026-03-17,outlet-2,CAKE-009,3,0,72.0,10
2026-03-17,outlet-2,CAKE-010,7,0,126.0,32
2026-03-17,outlet-3,CAKE-001,14,1,392.0,49
2026-03-17,outlet-3,CAKE-002,10,0,240.0,28
2026-03-17,outlet-3,CAKE-003,14,1,448.0,1
2026-03-17,outlet-3,CAKE-004,4,0,88.0,5
2026-03-17,outlet-3,CAKE-005,6,0,156.0,8
2026-03-17,outlet-3,CAKE-006,9,0,270.0,34
2026-03-17,outlet-3,CAKE-007,5,0,135.0,6
2026-03-17,outlet-3,CAKE-008,2,0,40.0,11
2026-03-17,outlet-3,CAKE-009,4,0,96.0,45
2026-03-17,outlet-3,CAKE-010,1,0,18.0,31
2026-03-17,outlet-4,CAKE-001,7,0,196.0,40
2026-03-17,outlet-4,CAKE-002,6,0,144.0,12
2026-03-17,outlet-4,CAKE-003,3,0,96.0,30
2026-03-17,outlet-4,CAKE-004,4,0,88.0,3
2026-03-17,outlet-4,CAKE-005,6,0,156.0,16
2026-03-17,outlet-4,CAKE-006,0,0,0.0,21
2026-03-17,outlet-4,CAKE-007,3,0,81.0,16
2026-03-17,outlet-4,CAKE-008,0,0,0.0,0
2026-03-17,outlet-4,CAKE-009,0,0,0.0,0
2026-03-17,outlet-4,CAKE-010,3,0,54.0,17
2026-03-17,outlet-5,CAKE-001,0,0,0.0,0
2026-03-17,outlet-5,CAKE-002,5,0,120.0,16
2026-03-17,outlet-5,CAKE-003,0,0,0.0,0
2026-03-17,outlet-5,CAKE-004,0,0,0.0,14
2026-03-17,outlet-5,CAKE-005,1,0,26.0,6
2026-03-17,outlet-5,CAKE-006,4,0,120.0,15
2026-03-17,outlet-5,CAKE-007,3,0,81.0,7
2026-03-17,outlet-5,CAKE-008,2,0,40.0,3
2026-03-17,outlet-5,CAKE-009,3,0,72.0,11
2026-03-17,outlet-5,CAKE-010,3,0,54.0,14
2026-03-18,outlet-1,CAKE-001,9,0,252.0,53
2026-03-18,outlet-1,CAKE-002,3,0,72.0,43
2026-03-18,outlet-1,CAKE-003,14,0,448.0,17
2026-03-18,outlet-1,CAKE-004,5,0,110.0,0
2026-03-18,outlet-1,CAKE-005,4,0,104.0,7
2026-03-18,outlet-1,CAKE-006,5,0,150.0,46
2026-03-18,outlet-1,CAKE-007,7,1,189.0,15
2026-03-18,outlet-1,CAKE-008,0,0,0.0,18
2026-03-18,outlet-1,CAKE-009,2,0,48.0,8
2026-03-18,outlet-1,CAKE-010,9,0,162.0,17
2026-03-18,outlet-2,CAKE-001,5,0,140.0,51
2026-03-18,outlet-2,CAKE-002,8,0,192.0,23
2026-03-18,outlet-2,CAKE-003,7,0,224.0,0
2026-03-18,outlet-2,CAKE-004,2,0,44.0,12
2026-03-18,outlet-2,CAKE-005,3,0,78.0,14
2026-03-18,outlet-2,CAKE-006,6,0,180.0,11
2026-03-18,outlet-2,CAKE-007,5,0,135.0,17
2026-03-18,outlet-2,CAKE-008,2,0,40.0,1
2026-03-18,outlet-2,CAKE-009,4,0,96.0,6
2026-03-18,outlet-2,CAKE-010,5,0,90.0,27
2026-03-18,outlet-3,CAKE-001,13,0,364.0,36
2026-03-18,outlet-3,CAKE-002,5,0,120.0,39
2026-03-18,outlet-3,CAKE-003,1,0,32.0,0
2026-03-18,outlet-3,CAKE-004,3,0,66.0,2
2026-03-18,outlet-3,CAKE-005,3,0,78.0,5
2026-03-18,outlet-3,CAKE-006,6,0,180.0,28
2026-03-18,outlet-3,CAKE-007,5,0,135.0,31
2026-03-18,outlet-3,CAKE-008,2,0,40.0,9
2026-03-18,outlet-3,CAKE-009,3,0,72.0,42
2026-03-18,outlet-3,CAKE-010,3,0,54.0,28
2026-03-18,outlet-4,CAKE-001,8,0,224.0,32
2026-03-18,outlet-4,CAKE-002,9,0,216.0,21
2026-03-18,outlet-4,CAKE-003,4,0,128.0,26
2026-03-18,outlet-4,CAKE-004,3,0,66.0,8
2026-03-18,outlet-4,CAKE-005,7,0,182.0,9
2026-03-18,outlet-4,CAKE-006,4,0,120.0,17
2026-03-18,outlet-4,CAKE-007,4,0,108.0,12
2026-03-18,outlet-4,CAKE-008,0,0,0.0,0
2026-03-18,outlet-4,CAKE-009,0,0,0.0,28
2026-03-18,outlet-4,CAKE-010,8,0,144.0,9
2026-03-18,outlet-5,CAKE-001,0,0,0.0,28
2026-03-18,outlet-5,CAKE-002,4,0,96.0,12
2026-03-18,outlet-5,CAKE-003,0,0,0.0,0
2026-03-18,outlet-5,CAKE-004,3,0,66.0,11
2026-03-18,outlet-5,CAKE-005,2,0,52.0,4
2026-03-18,outlet-5,CAKE-006,4,0,120.0,11
2026-03-18,outlet-5,CAKE-007,2,0,54.0,5
2026-03-18,outlet-5,CAKE-008,1,0,20.0,3
2026-03-18,outlet-5,CAKE-009,3,0,72.0,8
2026-03-18,outlet-5,CAKE-010,3,0,54.0,11
2026-03-19,outlet-1,CAKE-001,10,0,280.0,43
2026-03-19,outlet-1,CAKE-002,7,0,168.0,36
2026-03-19,outlet-1,CAKE-003,9,0,288.0,15
2026-03-19,outlet-1,CAKE-004,0,0,0.0,7
2026-03-19,outlet-1,CAKE-005,4,0,104.0,10
2026-03-19,outlet-1,CAKE-006,5,0,150.0,41
2026-03-19,outlet-1,CAKE-007,6,0,162.0,9
2026-03-19,outlet-1,CAKE-008,3,0,60.0,19
2026-03-19,outlet-1,CAKE-009,3,0,72.0,5
2026-03-19,outlet-1,CAKE-010,7,0,126.0,10
2026-03-19,outlet-2,CAKE-001,11,0,308.0,54
2026-03-19,outlet-2,CAKE-002,6,0,144.0,30
2026-03-19,outlet-2,CAKE-003,0,0,0.0,27
2026-03-19,outlet-2,CAKE-004,2,0,44.0,16
2026-03-19,outlet-2,CAKE-005,6,0,156.0,8
2026-03-19,outlet-2,CAKE-006,3,0,90.0,8
2026-03-19,outlet-2,CAKE-007,4,0,108.0,13
2026-03-19,outlet-2,CAKE-008,1,0,20.0,3
2026-03-19,outlet-2,CAKE-009,4,0,96.0,2
2026-03-19,outlet-2,CAKE-010,7,0,126.0,20
2026-03-19,outlet-3,CAKE-001,10,0,280.0,26
2026-03-19,outlet-3,CAKE-002,8,0,192.0,31
2026-03-19,outlet-3,CAKE-003,0,0,0.0,48
2026-03-19,outlet-3,CAKE-004,2,0,44.0,4
2026-03-19,outlet-3,CAKE-005,2,0,52.0,7
2026-03-19,outlet-3,CAKE-006,6,0,180.0,36
2026-03-19,outlet-3,CAKE-007,2,0,54.0,37
2026-03-19,outlet-3,CAKE-008,1,0,20.0,8
2026-03-19,outlet-3,CAKE-009,3,0,72.0,50
2026-03-19,outlet-3,CAKE-010,5,0,90.0,23
2026-03-19,outlet-4,CAKE-001,10,0,280.0,22
2026-03-19,outlet-4,CAKE-002,8,0,192.0,13
2026-03-19,outlet-4,CAKE-003,2,0,64.0,24
2026-03-19,outlet-4,CAKE-004,4,0,88.0,4
2026-03-19,outlet-4,CAKE-005,7,0,182.0,15
2026-03-19,outlet-4,CAKE-006,3,0,90.0,14
2026-03-19,outlet-4,CAKE-007,6,0,162.0,6
2026-03-19,outlet-4,CAKE-008,0,0,0.0,0
2026-03-19,outlet-4,CAKE-009,1,0,24.0,27
2026-03-19,outlet-4,CAKE-010,6,0,108.0,18
2026-03-19,outlet-5,CAKE-001,5,0,140.0,23
2026-03-19,outlet-5,CAKE-002,3,0,72.0,9
2026-03-19,outlet-5,CAKE-003,0,0,0.0,0
2026-03-19,outlet-5,CAKE-004,3,0,66.0,8
2026-03-19,outlet-5,CAKE-005,2,0,52.0,2
2026-03-19,outlet-5,CAKE-006,5,0,150.0,6
2026-03-19,outlet-5,CAKE-007,3,0,81.0,8
2026-03-19,outlet-5,CAKE-008,1,0,20.0,2
2026-03-19,outlet-5,CAKE-009,1,0,24.0,7
2026-03-19,outlet-5,CAKE-010,4,0,72.0,7
2026-03-20,outlet-1,CAKE-001,11,0,308.0,32
2026-03-20,outlet-1,CAKE-002,7,0,168.0,29
2026-03-20,outlet-1,CAKE-003,11,0,352.0,4
2026-03-20,outlet-1,CAKE-004,3,0,66.0,9
2026-03-20,outlet-1,CAKE-005,5,0,130.0,5
2026-03-20,outlet-1,CAKE-006,7,0,210.0,34
2026-03-20,outlet-1,CAKE-007,8,0,216.0,34
2026-03-20,outlet-1,CAKE-008,4,0,80.0,20
2026-03-20,outlet-1,CAKE-009,5,0,120.0,24
2026-03-20,outlet-1,CAKE-010,8,0,144.0,45
2026-03-20,outlet-2,CAKE-001,10,0,280.0,44
2026-03-20,outlet-2,CAKE-002,10,0,240.0,20
2026-03-20,outlet-2,CAKE-003,9,0,288.0,28
2026-03-20,outlet-2,CAKE-004,6,0,132.0,10
2026-03-20,outlet-2,CAKE-005,3,0,78.0,5
2026-03-20,outlet-2,CAKE-006,8,0,240.0,24
2026-03-20,outlet-2,CAKE-007,8,1,216.0,12
2026-03-20,outlet-2,CAKE-008,3,0,60.0,16
2026-03-20,outlet-2,CAKE-009,2,0,48.0,0
2026-03-20,outlet-2,CAKE-010,9,0,162.0,22
2026-03-20,outlet-3,CAKE-001,22,1,616.0,5
2026-03-20,outlet-3,CAKE-002,11,0,264.0,20
2026-03-20,outlet-3,CAKE-003,18,1,576.0,31
2026-03-20,outlet-3,CAKE-004,3,0,66.0,5
2026-03-20,outlet-3,CAKE-005,4,0,104.0,3
2026-03-20,outlet-3,CAKE-006,12,0,360.0,24
2026-03-20,outlet-3,CAKE-007,2,0,54.0,35
2026-03-20,outlet-3,CAKE-008,1,0,20.0,7
2026-03-20,outlet-3,CAKE-009,3,0,72.0,47
2026-03-20,outlet-3,CAKE-010,6,0,108.0,30
2026-03-20,outlet-4,CAKE-001,14,0,392.0,8
2026-03-20,outlet-4,CAKE-002,12,1,288.0,2
2026-03-20,outlet-4,CAKE-003,9,0,288.0,15
2026-03-20,outlet-4,CAKE-004,4,0,88.0,0
2026-03-20,outlet-4,CAKE-005,10,0,260.0,5
2026-03-20,outlet-4,CAKE-006,7,0,210.0,7
2026-03-20,outlet-4,CAKE-007,6,0,162.0,0
2026-03-20,outlet-4,CAKE-008,0,0,0.0,0
2026-03-20,outlet-4,CAKE-009,6,0,144.0,21
2026-03-20,outlet-4,CAKE-010,10,0,180.0,8
2026-03-20,outlet-5,CAKE-001,7,0,196.0,16
2026-03-20,outlet-5,CAKE-002,5,0,120.0,4
2026-03-20,outlet-5,CAKE-003,0,0,0.0,12
2026-03-20,outlet-5,CAKE-004,4,0,88.0,4
2026-03-20,outlet-5,CAKE-005,2,0,52.0,12
2026-03-20,outlet-5,CAKE-006,6,0,180.0,12
2026-03-20,outlet-5,CAKE-007,4,0,108.0,4
2026-03-20,outlet-5,CAKE-008,0,0,0.0,3
2026-03-20,outlet-5,CAKE-009,5,0,120.0,2
2026-03-20,outlet-5,CAKE-010,5,0,90.0,2
2026-03-21,outlet-1,CAKE-001,16,1,448.0,17
2026-03-21,outlet-1,CAKE-002,8,0,192.0,21
2026-03-21,outlet-1,CAKE-003,4,0,128.0,0
2026-03-21,outlet-1,CAKE-004,7,0,154.0,2
2026-03-21,outlet-1,CAKE-005,5,0,130.0,24
2026-03-21,outlet-1,CAKE-006,5,0,150.0,29
2026-03-21,outlet-1,CAKE-007,5,0,135.0,29
2026-03-21,outlet-1,CAKE-008,3,0,60.0,17
2026-03-21,outlet-1,CAKE-009,5,0,120.0,26
2026-03-21,outlet-1,CAKE-010,6,0,108.0,39
2026-03-21,outlet-2,CAKE-001,9,0,252.0,35
2026-03-21,outlet-2,CAKE-002,5,0,120.0,15
2026-03-21,outlet-2,CAKE-003,7,0,224.0,21
2026-03-21,outlet-2,CAKE-004,6,0,132.0,4
2026-03-21,outlet-2,CAKE-005,4,0,104.0,1
2026-03-21,outlet-2,CAKE-006,7,0,210.0,17
2026-03-21,outlet-2,CAKE-007,7,1,189.0,6
2026-03-21,outlet-2,CAKE-008,4,0,80.0,12
2026-03-21,outlet-2,CAKE-009,0,0,0.0,21
2026-03-21,outlet-2,CAKE-010,9,0,162.0,13
2026-03-21,outlet-3,CAKE-001,5,0,140.0,0
2026-03-21,outlet-3,CAKE-002,11,0,264.0,23
2026-03-21,outlet-3,CAKE-003,15,1,480.0,17
2026-03-21,outlet-3,CAKE-004,4,0,88.0,20
2026-03-21,outlet-3,CAKE-005,3,0,78.0,24
2026-03-21,outlet-3,CAKE-006,11,0,330.0,28
2026-03-21,outlet-3,CAKE-007,5,0,135.0,30
2026-03-21,outlet-3,CAKE-008,2,0,40.0,5
2026-03-21,outlet-3,CAKE-009,6,0,144.0,41
2026-03-21,outlet-3,CAKE-010,10,0,180.0,20
2026-03-21,outlet-4,CAKE-001,8,0,224.0,0
2026-03-21,outlet-4,CAKE-002,2,0,48.0,54
2026-03-21,outlet-4,CAKE-003,3,0,96.0,12
2026-03-21,outlet-4,CAKE-004,0,0,0.0,0
2026-03-21,outlet-4,CAKE-005,5,0,130.0,0
2026-03-21,outlet-4,CAKE-006,3,0,90.0,4
2026-03-21,outlet-4,CAKE-007,0,0,0.0,36
2026-03-21,outlet-4,CAKE-008,0,0,0.0,0
2026-03-21,outlet-4,CAKE-009,6,0,144.0,15
2026-03-21,outlet-4,CAKE-010,8,0,144.0,0
2026-03-21,outlet-5,CAKE-001,6,0,168.0,10
2026-03-21,outlet-5,CAKE-002,4,0,96.0,0
2026-03-21,outlet-5,CAKE-003,4,0,128.0,8
2026-03-21,outlet-5,CAKE-004,3,0,66.0,15
2026-03-21,outlet-5,CAKE-005,3,0,78.0,9
2026-03-21,outlet-5,CAKE-006,10,0,300.0,32
2026-03-21,outlet-5,CAKE-007,4,0,108.0,6
2026-03-21,outlet-5,CAKE-008,1,0,20.0,2
2026-03-21,outlet-5,CAKE-009,2,0,48.0,0
2026-03-21,outlet-5,CAKE-010,2,0,36.0,21
2026-03-22,outlet-1,CAKE-001,12,0,336.0,5
2026-03-22,outlet-1,CAKE-002,11,0,264.0,26
2026-03-22,outlet-1,CAKE-003,0,0,0.0,30
2026-03-22,outlet-1,CAKE-004,2,0,44.0,0
2026-03-22,outlet-1,CAKE-005,7,0,182.0,17
2026-03-22,outlet-1,CAKE-006,7,0,210.0,40
2026-03-22,outlet-1,CAKE-007,2,0,54.0,27
2026-03-22,outlet-1,CAKE-008,1,0,20.0,16
2026-03-22,outlet-1,CAKE-009,5,0,120.0,21
2026-03-22,outlet-1,CAKE-010,8,0,144.0,31
2026-03-22,outlet-2,CAKE-001,14,1,392.0,22
2026-03-22,outlet-2,CAKE-002,8,0,192.0,7
2026-03-22,outlet-2,CAKE-003,10,0,320.0,11
2026-03-22,outlet-2,CAKE-004,4,0,88.0,0
2026-03-22,outlet-2,CAKE-005,1,0,26.0,0
2026-03-22,outlet-2,CAKE-006,7,0,210.0,10
2026-03-22,outlet-2,CAKE-007,6,0,162.0,30
2026-03-22,outlet-2,CAKE-008,3,0,60.0,13
2026-03-22,outlet-2,CAKE-009,4,0,96.0,25
2026-03-22,outlet-2,CAKE-010,8,0,144.0,16
2026-03-22,outlet-3,CAKE-001,0,0,0.0,67
2026-03-22,outlet-3,CAKE-002,7,0,168.0,16
2026-03-22,outlet-3,CAKE-003,17,1,544.0,49
2026-03-22,outlet-3,CAKE-004,5,0,110.0,15
2026-03-22,outlet-3,CAKE-005,6,0,156.0,18
2026-03-22,outlet-3,CAKE-006,2,0,60.0,40
2026-03-22,outlet-3,CAKE-007,2,0,54.0,28
2026-03-22,outlet-3,CAKE-008,3,0,60.0,2
2026-03-22,outlet-3,CAKE-009,1,0,24.0,40
2026-03-22,outlet-3,CAKE-010,9,0,162.0,24
2026-03-22,outlet-4,CAKE-001,0,0,0.0,0
2026-03-22,outlet-4,CAKE-002,14,0,336.0,40
2026-03-22,outlet-4,CAKE-003,6,0,192.0,6
2026-03-22,outlet-4,CAKE-004,0,0,0.0,28
2026-03-22,outlet-4,CAKE-005,0,0,0.0,33
2026-03-22,outlet-4,CAKE-006,3,0,90.0,22
2026-03-22,outlet-4,CAKE-007,8,0,216.0,28
2026-03-22,outlet-4,CAKE-008,0,0,0.0,27
2026-03-22,outlet-4,CAKE-009,7,0,168.0,8
2026-03-22,outlet-4,CAKE-010,0,0,0.0,13
2026-03-22,outlet-5,CAKE-001,4,0,112.0,6
2026-03-22,outlet-5,CAKE-002,0,0,0.0,21
2026-03-22,outlet-5,CAKE-003,4,0,128.0,4
2026-03-22,outlet-5,CAKE-004,3,0,66.0,16
2026-03-22,outlet-5,CAKE-005,3,0,78.0,6
2026-03-22,outlet-5,CAKE-006,8,0,240.0,24
2026-03-22,outlet-5,CAKE-007,3,0,81.0,10
2026-03-22,outlet-5,CAKE-008,2,0,40.0,7
2026-03-22,outlet-5,CAKE-009,0,0,0.0,0
2026-03-22,outlet-5,CAKE-010,4,0,72.0,17
2026-03-23,outlet-1,CAKE-001,5,0,140.0,0
2026-03-23,outlet-1,CAKE-002,7,0,168.0,19
2026-03-23,outlet-1,CAKE-003,4,0,128.0,26
2026-03-23,outlet-1,CAKE-004,0,0,0.0,26
2026-03-23,outlet-1,CAKE-005,4,0,104.0,13
2026-03-23,outlet-1,CAKE-006,5,0,150.0,35
2026-03-23,outlet-1,CAKE-007,4,0,108.0,23
2026-03-23,outlet-1,CAKE-008,3,0,60.0,13
2026-03-23,outlet-1,CAKE-009,5,0,120.0,16
2026-03-23,outlet-1,CAKE-010,7,0,126.0,24
2026-03-23,outlet-2,CAKE-001,6,0,168.0,30
2026-03-23,outlet-2,CAKE-002,7,0,168.0,0
2026-03-23,outlet-2,CAKE-003,5,0,160.0,6
2026-03-23,outlet-2,CAKE-004,0,0,0.0,24
2026-03-23,outlet-2,CAKE-005,0,0,0.0,21
2026-03-23,outlet-2,CAKE-006,1,0,30.0,9
2026-03-23,outlet-2,CAKE-007,4,0,108.0,26
2026-03-23,outlet-2,CAKE-008,2,0,40.0,11
2026-03-23,outlet-2,CAKE-009,4,0,96.0,21
2026-03-23,outlet-2,CAKE-010,5,0,90.0,11
2026-03-23,outlet-3,CAKE-001,11,0,308.0,56
2026-03-23,outlet-3,CAKE-002,8,0,192.0,8
2026-03-23,outlet-3,CAKE-003,13,0,416.0,48
2026-03-23,outlet-3,CAKE-004,3,0,66.0,12
2026-03-23,outlet-3,CAKE-005,3,0,78.0,20
2026-03-23,outlet-3,CAKE-006,5,0,150.0,35
2026-03-23,outlet-3,CAKE-007,5,0,135.0,29
2026-03-23,outlet-3,CAKE-008,1,0,20.0,1
2026-03-23,outlet-3,CAKE-009,2,0,48.0,38
2026-03-23,outlet-3,CAKE-010,4,0,72.0,32
2026-03-23,outlet-4,CAKE-001,0,0,0.0,43
2026-03-23,outlet-4,CAKE-002,10,0,240.0,30
2026-03-23,outlet-4,CAKE-003,2,0,64.0,4
2026-03-23,outlet-4,CAKE-004,5,0,110.0,23
2026-03-23,outlet-4,CAKE-005,5,0,130.0,28
2026-03-23,outlet-4,CAKE-006,3,0,90.0,19
2026-03-23,outlet-4,CAKE-007,2,0,54.0,26
2026-03-23,outlet-4,CAKE-008,5,0,100.0,22
2026-03-23,outlet-4,CAKE-009,5,0,120.0,3
2026-03-23,outlet-4,CAKE-010,9,0,162.0,4
2026-03-23,outlet-5,CAKE-001,5,0,140.0,9
2026-03-23,outlet-5,CAKE-002,3,0,72.0,18
2026-03-23,outlet-5,CAKE-003,3,0,96.0,4
2026-03-23,outlet-5,CAKE-004,2,0,44.0,14
2026-03-23,outlet-5,CAKE-005,2,0,52.0,7
2026-03-23,outlet-5,CAKE-006,3,0,90.0,21
2026-03-23,outlet-5,CAKE-007,5,0,135.0,5
2026-03-23,outlet-5,CAKE-008,1,0,20.0,6
2026-03-23,outlet-5,CAKE-009,0,0,0.0,5
2026-03-23,outlet-5,CAKE-010,3,0,54.0,18
2026-03-24,outlet-1,CAKE-001,0,0,0.0,0
2026-03-24,outlet-1,CAKE-002,10,0,240.0,9
2026-03-24,outlet-1,CAKE-003,8,0,256.0,18
2026-03-24,outlet-1,CAKE-004,6,0,132.0,20
2026-03-24,outlet-1,CAKE-005,5,0,130.0,8
2026-03-24,outlet-1,CAKE-006,6,0,180.0,29
2026-03-24,outlet-1,CAKE-007,6,0,162.0,17
2026-03-24,outlet-1,CAKE-008,4,0,80.0,9
2026-03-24,outlet-1,CAKE-009,4,0,96.0,12
2026-03-24,outlet-1,CAKE-010,6,0,108.0,30
2026-03-24,outlet-2,CAKE-001,10,0,280.0,32
2026-03-24,outlet-2,CAKE-002,0,0,0.0,0
2026-03-24,outlet-2,CAKE-003,6,0,192.0,27
2026-03-24,outlet-2,CAKE-004,4,0,88.0,20
2026-03-24,outlet-2,CAKE-005,3,0,78.0,18
2026-03-24,outlet-2,CAKE-006,4,0,120.0,5
2026-03-24,outlet-2,CAKE-007,6,0,162.0,20
2026-03-24,outlet-2,CAKE-008,3,0,60.0,8
2026-03-24,outlet-2,CAKE-009,3,0,72.0,18
2026-03-24,outlet-2,CAKE-010,7,0,126.0,4
2026-03-24,outlet-3,CAKE-001,14,0,392.0,56
2026-03-24,outlet-3,CAKE-002,4,0,96.0,4
2026-03-24,outlet-3,CAKE-003,7,0,224.0,41
2026-03-24,outlet-3,CAKE-004,5,0,110.0,7
2026-03-24,outlet-3,CAKE-005,5,0,130.0,15
2026-03-24,outlet-3,CAKE-006,9,0,270.0,41
2026-03-24,outlet-3,CAKE-007,5,0,135.0,32
2026-03-24,outlet-3,CAKE-008,1,0,20.0,12
2026-03-24,outlet-3,CAKE-009,4,0,96.0,43
2026-03-24,outlet-3,CAKE-010,6,0,108.0,36
2026-03-24,outlet-4,CAKE-001,8,0,224.0,35
2026-03-24,outlet-4,CAKE-002,9,0,216.0,21
2026-03-24,outlet-4,CAKE-003,4,0,128.0,24
2026-03-24,outlet-4,CAKE-004,4,0,88.0,19
2026-03-24,outlet-4,CAKE-005,3,0,78.0,25
2026-03-24,outlet-4,CAKE-006,3,0,90.0,16
2026-03-24,outlet-4,CAKE-007,2,0,54.0,24
2026-03-24,outlet-4,CAKE-008,4,0,80.0,18
2026-03-24,outlet-4,CAKE-009,3,0,72.0,0
2026-03-24,outlet-4,CAKE-010,4,0,72.0,46
2026-03-24,outlet-5,CAKE-001,6,0,168.0,3
2026-03-24,outlet-5,CAKE-002,2,0,48.0,16
2026-03-24,outlet-5,CAKE-003,3,0,96.0,1
2026-03-24,outlet-5,CAKE-004,3,0,66.0,11
2026-03-24,outlet-5,CAKE-005,2,0,52.0,5
2026-03-24,outlet-5,CAKE-006,2,0,60.0,19
2026-03-24,outlet-5,CAKE-007,3,0,81.0,2
2026-03-24,outlet-5,CAKE-008,1,0,20.0,5
2026-03-24,outlet-5,CAKE-009,2,0,48.0,3
2026-03-24,outlet-5,CAKE-010,4,0,72.0,14
2026-03-25,outlet-1,CAKE-001,0,0,0.0,57
2026-03-25,outlet-1,CAKE-002,7,0,168.0,48
2026-03-25,outlet-1,CAKE-003,9,0,288.0,9
2026-03-25,outlet-1,CAKE-004,5,0,110.0,15
2026-03-25,outlet-1,CAKE-005,5,0,130.0,3
2026-03-25,outlet-1,CAKE-006,5,0,150.0,24
2026-03-25,outlet-1,CAKE-007,5,0,135.0,12
2026-03-25,outlet-1,CAKE-008,3,0,60.0,6
2026-03-25,outlet-1,CAKE-009,4,0,96.0,8
2026-03-25,outlet-1,CAKE-010,6,0,108.0,24
2026-03-25,outlet-2,CAKE-001,7,0,196.0,25
2026-03-25,outlet-2,CAKE-002,0,0,0.0,0
2026-03-25,outlet-2,CAKE-003,7,0,224.0,20
2026-03-25,outlet-2,CAKE-004,1,0,22.0,19
2026-03-25,outlet-2,CAKE-005,4,0,104.0,14
2026-03-25,outlet-2,CAKE-006,4,0,120.0,25
2026-03-25,outlet-2,CAKE-007,5,0,135.0,21
2026-03-25,outlet-2,CAKE-008,3,0,60.0,8
2026-03-25,outlet-2,CAKE-009,4,0,96.0,14
2026-03-25,outlet-2,CAKE-010,4,0,72.0,10
2026-03-25,outlet-3,CAKE-001,8,0,224.0,48
2026-03-25,outlet-3,CAKE-002,4,0,96.0,46
2026-03-25,outlet-3,CAKE-003,17,0,544.0,24
2026-03-25,outlet-3,CAKE-004,3,0,66.0,4
2026-03-25,outlet-3,CAKE-005,3,0,78.0,12
2026-03-25,outlet-3,CAKE-006,4,0,120.0,52
2026-03-25,outlet-3,CAKE-007,2,0,54.0,30
2026-03-25,outlet-3,CAKE-008,2,0,40.0,10
2026-03-25,outlet-3,CAKE-009,3,0,72.0,51
2026-03-25,outlet-3,CAKE-010,2,0,36.0,34
2026-03-25,outlet-4,CAKE-001,7,0,196.0,40
2026-03-25,outlet-4,CAKE-002,7,0,168.0,14
2026-03-25,outlet-4,CAKE-003,5,0,160.0,19
2026-03-25,outlet-4,CAKE-004,3,0,66.0,16
2026-03-25,outlet-4,CAKE-005,5,0,130.0,20
2026-03-25,outlet-4,CAKE-006,2,0,60.0,22
2026-03-25,outlet-4,CAKE-007,5,0,135.0,19
2026-03-25,outlet-4,CAKE-008,5,0,100.0,13
2026-03-25,outlet-4,CAKE-009,0,0,0.0,0
2026-03-25,outlet-4,CAKE-010,7,0,126.0,39
2026-03-25,outlet-5,CAKE-001,3,0,84.0,0
2026-03-25,outlet-5,CAKE-002,2,0,48.0,14
2026-03-25,outlet-5,CAKE-003,1,0,32.0,12
2026-03-25,outlet-5,CAKE-004,2,0,44.0,9
2026-03-25,outlet-5,CAKE-005,1,0,26.0,4
2026-03-25,outlet-5,CAKE-006,5,0,150.0,14
2026-03-25,outlet-5,CAKE-007,2,0,54.0,6
2026-03-25,outlet-5,CAKE-008,1,0,20.0,4
2026-03-25,outlet-5,CAKE-009,3,0,72.0,16
2026-03-25,outlet-5,CAKE-010,4,0,72.0,10
2026-03-26,outlet-1,CAKE-001,13,0,364.0,44
2026-03-26,outlet-1,CAKE-002,7,0,168.0,41
2026-03-26,outlet-1,CAKE-003,6,0,192.0,3
2026-03-26,outlet-1,CAKE-004,4,0,88.0,11
2026-03-26,outlet-1,CAKE-005,3,0,78.0,0
2026-03-26,outlet-1,CAKE-006,6,0,180.0,18
2026-03-26,outlet-1,CAKE-007,3,0,81.0,9
2026-03-26,outlet-1,CAKE-008,3,0,60.0,8
2026-03-26,outlet-1,CAKE-009,4,0,96.0,4
2026-03-26,outlet-1,CAKE-010,5,0,90.0,19
2026-03-26,outlet-2,CAKE-001,5,0,140.0,20
2026-03-26,outlet-2,CAKE-002,0,0,0.0,42
2026-03-26,outlet-2,CAKE-003,7,0,224.0,13
2026-03-26,outlet-2,CAKE-004,4,0,88.0,15
2026-03-26,outlet-2,CAKE-005,5,0,130.0,9
2026-03-26,outlet-2,CAKE-006,5,0,150.0,29
2026-03-26,outlet-2,CAKE-007,7,0,189.0,14
2026-03-26,outlet-2,CAKE-008,3,0,60.0,5
2026-03-26,outlet-2,CAKE-009,4,0,96.0,18
2026-03-26,outlet-2,CAKE-010,6,0,108.0,4
2026-03-26,outlet-3,CAKE-001,7,0,196.0,41
2026-03-26,outlet-3,CAKE-002,7,0,168.0,39
2026-03-26,outlet-3,CAKE-003,7,0,224.0,17
2026-03-26,outlet-3,CAKE-004,4,0,88.0,0
2026-03-26,outlet-3,CAKE-005,5,0,130.0,12
2026-03-26,outlet-3,CAKE-006,2,0,60.0,50
2026-03-26,outlet-3,CAKE-007,1,0,27.0,29
2026-03-26,outlet-3,CAKE-008,3,0,60.0,7
2026-03-26,outlet-3,CAKE-009,4,0,96.0,47
2026-03-26,outlet-3,CAKE-010,6,0,108.0,39
2026-03-26,outlet-4,CAKE-001,3,0,84.0,51
2026-03-26,outlet-4,CAKE-002,10,0,240.0,58
2026-03-26,outlet-4,CAKE-003,6,0,192.0,13
2026-03-26,outlet-4,CAKE-004,4,0,88.0,12
2026-03-26,outlet-4,CAKE-005,5,0,130.0,15
2026-03-26,outlet-4,CAKE-006,5,0,150.0,17
2026-03-26,outlet-4,CAKE-007,5,0,135.0,14
2026-03-26,outlet-4,CAKE-008,4,0,80.0,9
2026-03-26,outlet-4,CAKE-009,0,0,0.0,28
2026-03-26,outlet-4,CAKE-010,9,0,162.0,30
2026-03-26,outlet-5,CAKE-001,0,0,0.0,0
2026-03-26,outlet-5,CAKE-002,4,0,96.0,10
2026-03-26,outlet-5,CAKE-003,3,0,96.0,9
2026-03-26,outlet-5,CAKE-004,1,0,22.0,8
2026-03-26,outlet-5,CAKE-005,2,0,52.0,2
2026-03-26,outlet-5,CAKE-006,5,0,150.0,9
2026-03-26,outlet-5,CAKE-007,3,0,81.0,3
2026-03-26,outlet-5,CAKE-008,2,0,40.0,2
2026-03-26,outlet-5,CAKE-009,3,0,72.0,13
2026-03-26,outlet-5,CAKE-010,3,0,54.0,7
2026-03-27,outlet-1,CAKE-001,19,0,532.0,25
2026-03-27,outlet-1,CAKE-002,11,0,264.0,30
2026-03-27,outlet-1,CAKE-003,3,0,96.0,0
2026-03-27,outlet-1,CAKE-004,7,0,154.0,4
2026-03-27,outlet-1,CAKE-005,0,0,0.0,0
2026-03-27,outlet-1,CAKE-006,9,0,270.0,9
2026-03-27,outlet-1,CAKE-007,9,1,243.0,34
2026-03-27,outlet-1,CAKE-008,3,0,60.0,10
2026-03-27,outlet-1,CAKE-009,4,0,96.0,0
2026-03-27,outlet-1,CAKE-010,10,0,180.0,9
2026-03-27,outlet-2,CAKE-001,11,0,308.0,9
2026-03-27,outlet-2,CAKE-002,12,0,288.0,43
2026-03-27,outlet-2,CAKE-003,10,0,320.0,3
2026-03-27,outlet-2,CAKE-004,5,0,110.0,10
2026-03-27,outlet-2,CAKE-005,5,0,130.0,4
2026-03-27,outlet-2,CAKE-006,5,0,150.0,24
2026-03-27,outlet-2,CAKE-007,6,0,162.0,8
2026-03-27,outlet-2,CAKE-008,1,0,20.0,4
2026-03-27,outlet-2,CAKE-009,4,0,96.0,14
2026-03-27,outlet-2,CAKE-010,4,0,72.0,0
2026-03-27,outlet-3,CAKE-001,13,1,364.0,29
2026-03-27,outlet-3,CAKE-002,10,0,240.0,29
2026-03-27,outlet-3,CAKE-003,13,0,416.0,16
2026-03-27,outlet-3,CAKE-004,0,0,0.0,19
2026-03-27,outlet-3,CAKE-005,6,0,156.0,6
2026-03-27,outlet-3,CAKE-006,10,0,300.0,52
2026-03-27,outlet-3,CAKE-007,7,1,189.0,23
2026-03-27,outlet-3,CAKE-008,2,0,40.0,5
2026-03-27,outlet-3,CAKE-009,2,0,48.0,45
2026-03-27,outlet-3,CAKE-010,6,0,108.0,33
2026-03-27,outlet-4,CAKE-001,7,0,196.0,44
2026-03-27,outlet-4,CAKE-002,9,0,216.0,49
2026-03-27,outlet-4,CAKE-003,6,0,192.0,7
2026-03-27,outlet-4,CAKE-004,5,0,110.0,7
2026-03-27,outlet-4,CAKE-005,10,0,260.0,5
2026-03-27,outlet-4,CAKE-006,1,0,30.0,16
2026-03-27,outlet-4,CAKE-007,11,1,297.0,4
2026-03-27,outlet-4,CAKE-008,6,0,120.0,3
2026-03-27,outlet-4,CAKE-009,7,0,168.0,21
2026-03-27,outlet-4,CAKE-010,12,0,216.0,18
2026-03-27,outlet-5,CAKE-001,0,0,0.0,28
2026-03-27,outlet-5,CAKE-002,5,0,120.0,5
2026-03-27,outlet-5,CAKE-003,3,0,96.0,6
2026-03-27,outlet-5,CAKE-004,2,0,44.0,6
2026-03-27,outlet-5,CAKE-005,2,0,52.0,12
2026-03-27,outlet-5,CAKE-006,8,0,240.0,31
2026-03-27,outlet-5,CAKE-007,3,0,81.0,15
2026-03-27,outlet-5,CAKE-008,2,0,40.0,2
2026-03-27,outlet-5,CAKE-009,3,0,72.0,10
2026-03-27,outlet-5,CAKE-010,5,0,90.0,2
2026-03-28,outlet-1,CAKE-001,16,0,448.0,9
2026-03-28,outlet-1,CAKE-002,10,0,240.0,20
2026-03-28,outlet-1,CAKE-003,0,0,0.0,30
2026-03-28,outlet-1,CAKE-004,4,0,88.0,0
2026-03-28,outlet-1,CAKE-005,0,0,0.0,24
2026-03-28,outlet-1,CAKE-006,9,0,270.0,30
2026-03-28,outlet-1,CAKE-007,6,0,162.0,28
2026-03-28,outlet-1,CAKE-008,4,0,80.0,6
2026-03-28,outlet-1,CAKE-009,0,0,0.0,24
2026-03-28,outlet-1,CAKE-010,9,0,162.0,13
2026-03-28,outlet-2,CAKE-001,9,0,252.0,13
2026-03-28,outlet-2,CAKE-002,12,0,288.0,31
2026-03-28,outlet-2,CAKE-003,1,0,32.0,2
2026-03-28,outlet-2,CAKE-004,3,0,66.0,7
2026-03-28,outlet-2,CAKE-005,3,0,78.0,22
2026-03-28,outlet-2,CAKE-006,1,0,30.0,23
2026-03-28,outlet-2,CAKE-007,4,0,108.0,4
2026-03-28,outlet-2,CAKE-008,2,0,40.0,2
2026-03-28,outlet-2,CAKE-009,4,0,96.0,10
2026-03-28,outlet-2,CAKE-010,0,0,0.0,39
2026-03-28,outlet-3,CAKE-001,19,0,532.0,24
2026-03-28,outlet-3,CAKE-002,8,0,192.0,21
2026-03-28,outlet-3,CAKE-003,16,0,512.0,0
2026-03-28,outlet-3,CAKE-004,3,0,66.0,16
2026-03-28,outlet-3,CAKE-005,6,0,156.0,0
2026-03-28,outlet-3,CAKE-006,13,1,390.0,40
2026-03-28,outlet-3,CAKE-007,5,0,135.0,18
2026-03-28,outlet-3,CAKE-008,3,0,60.0,2
2026-03-28,outlet-3,CAKE-009,2,0,48.0,53
2026-03-28,outlet-3,CAKE-010,7,0,126.0,26
2026-03-28,outlet-4,CAKE-001,7,0,196.0,49
2026-03-28,outlet-4,CAKE-002,13,0,312.0,36
2026-03-28,outlet-4,CAKE-003,6,0,192.0,1
2026-03-28,outlet-4,CAKE-004,7,0,154.0,28
2026-03-28,outlet-4,CAKE-005,5,0,130.0,33
2026-03-28,outlet-4,CAKE-006,5,0,150.0,11
2026-03-28,outlet-4,CAKE-007,4,0,108.0,36
2026-03-28,outlet-4,CAKE-008,3,0,60.0,0
2026-03-28,outlet-4,CAKE-009,6,0,144.0,21
2026-03-28,outlet-4,CAKE-010,13,1,234.0,6
2026-03-28,outlet-5,CAKE-001,1,0,28.0,27
2026-03-28,outlet-5,CAKE-002,5,0,120.0,21
2026-03-28,outlet-5,CAKE-003,1,0,32.0,5
2026-03-28,outlet-5,CAKE-004,3,0,66.0,3
2026-03-28,outlet-5,CAKE-005,3,0,78.0,9
2026-03-28,outlet-5,CAKE-006,3,0,90.0,28
2026-03-28,outlet-5,CAKE-007,1,0,27.0,14
2026-03-28,outlet-5,CAKE-008,2,0,40.0,0
2026-03-28,outlet-5,CAKE-009,4,0,96.0,6
2026-03-28,outlet-5,CAKE-010,2,0,36.0,21
2026-03-29,outlet-1,CAKE-001,9,0,252.0,0
2026-03-29,outlet-1,CAKE-002,10,0,240.0,10
2026-03-29,outlet-1,CAKE-003,10,0,320.0,20
2026-03-29,outlet-1,CAKE-004,0,0,0.0,0
2026-03-29,outlet-1,CAKE-005,6,0,156.0,18
2026-03-29,outlet-1,CAKE-006,8,0,240.0,22
2026-03-29,outlet-1,CAKE-007,6,0,162.0,22
2026-03-29,outlet-1,CAKE-008,4,0,80.0,2
2026-03-29,outlet-1,CAKE-009,5,0,120.0,25
2026-03-29,outlet-1,CAKE-010,8,0,144.0,18
2026-03-29,outlet-2,CAKE-001,13,0,364.0,14
2026-03-29,outlet-2,CAKE-002,13,0,312.0,32
2026-03-29,outlet-2,CAKE-003,2,0,64.0,0
2026-03-29,outlet-2,CAKE-004,4,0,88.0,3
2026-03-29,outlet-2,CAKE-005,4,0,104.0,18
2026-03-29,outlet-2,CAKE-006,6,0,180.0,17
2026-03-29,outlet-2,CAKE-007,4,0,108.0,0
2026-03-29,outlet-2,CAKE-008,1,0,20.0,1
2026-03-29,outlet-2,CAKE-009,4,0,96.0,6
2026-03-29,outlet-2,CAKE-010,7,0,126.0,32
2026-03-29,outlet-3,CAKE-001,10,0,280.0,14
2026-03-29,outlet-3,CAKE-002,10,0,240.0,11
2026-03-29,outlet-3,CAKE-003,0,0,0.0,48
2026-03-29,outlet-3,CAKE-004,4,0,88.0,12
2026-03-29,outlet-3,CAKE-005,0,0,0.0,0
2026-03-29,outlet-3,CAKE-006,15,0,450.0,25
2026-03-29,outlet-3,CAKE-007,9,1,243.0,10
2026-03-29,outlet-3,CAKE-008,2,0,40.0,4
2026-03-29,outlet-3,CAKE-009,5,0,120.0,48
2026-03-29,outlet-3,CAKE-010,7,0,126.0,19
2026-03-29,outlet-4,CAKE-001,10,0,280.0,39
2026-03-29,outlet-4,CAKE-002,11,0,264.0,25
2026-03-29,outlet-4,CAKE-003,1,0,32.0,24
2026-03-29,outlet-4,CAKE-004,5,0,110.0,23
2026-03-29,outlet-4,CAKE-005,8,0,208.0,25
2026-03-29,outlet-4,CAKE-006,3,0,90.0,8
2026-03-29,outlet-4,CAKE-007,5,0,135.0,31
2026-03-29,outlet-4,CAKE-008,0,0,0.0,27
2026-03-29,outlet-4,CAKE-009,7,0,168.0,20
2026-03-29,outlet-4,CAKE-010,6,0,108.0,46
2026-03-29,outlet-5,CAKE-001,5,0,140.0,28
2026-03-29,outlet-5,CAKE-002,5,0,120.0,16
2026-03-29,outlet-5,CAKE-003,3,0,96.0,2
2026-03-29,outlet-5,CAKE-004,3,0,66.0,0
2026-03-29,outlet-5,CAKE-005,2,0,52.0,7
2026-03-29,outlet-5,CAKE-006,1,0,30.0,38
2026-03-29,outlet-5,CAKE-007,3,0,81.0,11
2026-03-29,outlet-5,CAKE-008,0,0,0.0,2
2026-03-29,outlet-5,CAKE-009,3,0,72.0,3
2026-03-29,outlet-5,CAKE-010,5,0,90.0,16
2026-03-30,outlet-1,CAKE-001,0,0,0.0,0
2026-03-30,outlet-1,CAKE-002,10,0,240.0,17
2026-03-30,outlet-1,CAKE-003,4,0,128.0,16
2026-03-30,outlet-1,CAKE-004,0,0,0.0,5
2026-03-30,outlet-1,CAKE-005,3,0,78.0,15
2026-03-30,outlet-1,CAKE-006,6,0,180.0,35
2026-03-30,outlet-1,CAKE-007,5,0,135.0,17
2026-03-30,outlet-1,CAKE-008,2,0,40.0,18
2026-03-30,outlet-1,CAKE-009,4,0,96.0,21
2026-03-30,outlet-1,CAKE-010,8,0,144.0,23
2026-03-30,outlet-2,CAKE-001,3,0,84.0,11
2026-03-30,outlet-2,CAKE-002,7,0,168.0,37
2026-03-30,outlet-2,CAKE-003,0,0,0.0,27
2026-03-30,outlet-2,CAKE-004,3,0,66.0,24
2026-03-30,outlet-2,CAKE-005,4,0,104.0,14
2026-03-30,outlet-2,CAKE-006,1,0,30.0,24
2026-03-30,outlet-2,CAKE-007,0,0,0.0,30
2026-03-30,outlet-2,CAKE-008,1,0,20.0,16
2026-03-30,outlet-2,CAKE-009,2,0,48.0,4
2026-03-30,outlet-2,CAKE-010,7,0,126.0,25
2026-03-30,outlet-3,CAKE-001,7,0,196.0,7
2026-03-30,outlet-3,CAKE-002,7,0,168.0,4
2026-03-30,outlet-3,CAKE-003,6,0,192.0,42
2026-03-30,outlet-3,CAKE-004,3,0,66.0,9
2026-03-30,outlet-3,CAKE-005,0,0,0.0,0
2026-03-30,outlet-3,CAKE-006,10,0,300.0,15
2026-03-30,outlet-3,CAKE-007,7,1,189.0,4
2026-03-30,outlet-3,CAKE-008,2,0,40.0,6
2026-03-30,outlet-3,CAKE-009,4,0,96.0,44
2026-03-30,outlet-3,CAKE-010,7,0,126.0,12
2026-03-30,outlet-4,CAKE-001,7,0,196.0,32
2026-03-30,outlet-4,CAKE-002,10,0,240.0,15
2026-03-30,outlet-4,CAKE-003,4,0,128.0,20
2026-03-30,outlet-4,CAKE-004,5,0,110.0,18
2026-03-30,outlet-4,CAKE-005,5,0,130.0,20
2026-03-30,outlet-4,CAKE-006,4,0,120.0,4
2026-03-30,outlet-4,CAKE-007,3,0,81.0,28
2026-03-30,outlet-4,CAKE-008,5,0,100.0,22
2026-03-30,outlet-4,CAKE-009,6,0,144.0,14
2026-03-30,outlet-4,CAKE-010,5,0,90.0,41
2026-03-30,outlet-5,CAKE-001,2,0,56.0,26
2026-03-30,outlet-5,CAKE-002,3,0,72.0,13
2026-03-30,outlet-5,CAKE-003,2,0,64.0,4
2026-03-30,outlet-5,CAKE-004,0,0,0.0,4
2026-03-30,outlet-5,CAKE-005,2,0,52.0,5
2026-03-30,outlet-5,CAKE-006,1,0,30.0,49
2026-03-30,outlet-5,CAKE-007,2,0,54.0,9
2026-03-30,outlet-5,CAKE-008,1,0,20.0,1
2026-03-30,outlet-5,CAKE-009,3,0,72.0,16
2026-03-30,outlet-5,CAKE-010,4,0,72.0,12
2026-03-31,outlet-1,CAKE-001,0,0,0.0,0
2026-03-31,outlet-1,CAKE-002,10,0,240.0,7
2026-03-31,outlet-1,CAKE-003,2,0,64.0,14
2026-03-31,outlet-1,CAKE-004,3,0,66.0,2
2026-03-31,outlet-1,CAKE-005,2,0,52.0,13
2026-03-31,outlet-1,CAKE-006,5,0,150.0,30
2026-03-31,outlet-1,CAKE-007,7,1,189.0,11
2026-03-31,outlet-1,CAKE-008,2,0,40.0,21
2026-03-31,outlet-1,CAKE-009,3,0,72.0,18
2026-03-31,outlet-1,CAKE-010,7,0,126.0,16
2026-03-31,outlet-2,CAKE-001,9,0,252.0,14
2026-03-31,outlet-2,CAKE-002,10,0,240.0,27
2026-03-31,outlet-2,CAKE-003,7,0,224.0,20
2026-03-31,outlet-2,CAKE-004,4,0,88.0,20
2026-03-31,outlet-2,CAKE-005,3,0,78.0,11
2026-03-31,outlet-2,CAKE-006,4,0,120.0,20
2026-03-31,outlet-2,CAKE-007,4,0,108.0,26
2026-03-31,outlet-2,CAKE-008,2,0,40.0,14
2026-03-31,outlet-2,CAKE-009,4,0,96.0,0
2026-03-31,outlet-2,CAKE-010,5,0,90.0,31
2026-03-31,outlet-3,CAKE-001,7,0,196.0,67
2026-03-31,outlet-3,CAKE-002,4,0,96.0,46
2026-03-31,outlet-3,CAKE-003,11,0,352.0,31
2026-03-31,outlet-3,CAKE-004,3,0,66.0,6
2026-03-31,outlet-3,CAKE-005,0,0,0.0,5
2026-03-31,outlet-3,CAKE-006,9,0,270.0,18
2026-03-31,outlet-3,CAKE-007,4,0,108.0,30
2026-03-31,outlet-3,CAKE-008,1,0,20.0,5
2026-03-31,outlet-3,CAKE-009,3,0,72.0,41
2026-03-31,outlet-3,CAKE-010,5,0,90.0,7
2026-03-31,outlet-4,CAKE-001,7,0,196.0,25
2026-03-31,outlet-4,CAKE-002,10,0,240.0,5
2026-03-31,outlet-4,CAKE-003,7,0,224.0,13
2026-03-31,outlet-4,CAKE-004,6,0,132.0,12
2026-03-31,outlet-4,CAKE-005,2,0,52.0,18
2026-03-31,outlet-4,CAKE-006,3,0,90.0,22
2026-03-31,outlet-4,CAKE-007,3,0,81.0,25
2026-03-31,outlet-4,CAKE-008,7,0,140.0,15
2026-03-31,outlet-4,CAKE-009,5,0,120.0,9
2026-03-31,outlet-4,CAKE-010,7,0,126.0,34
2026-03-31,outlet-5,CAKE-001,5,0,140.0,21
2026-03-31,outlet-5,CAKE-002,2,0,48.0,11
2026-03-31,outlet-5,CAKE-003,3,0,96.0,1
2026-03-31,outlet-5,CAKE-004,3,0,66.0,5
2026-03-31,outlet-5,CAKE-005,3,0,78.0,2
2026-03-31,outlet-5,CAKE-006,4,0,120.0,57
2026-03-31,outlet-5,CAKE-007,1,0,27.0,14
2026-03-31,outlet-5,CAKE-008,1,0,20.0,7
2026-03-31,outlet-5,CAKE-009,2,0,48.0,14
2026-03-31,outlet-5,CAKE-010,3,0,54.0,9
2026-04-01,outlet-1,CAKE-001,0,0,0.0,57
2026-04-01,outlet-1,CAKE-002,7,0,168.0,46
2026-04-01,outlet-1,CAKE-003,4,0,128.0,10
2026-04-01,outlet-1,CAKE-004,2,0,44.0,6
2026-04-01,outlet-1,CAKE-005,4,0,104.0,16
2026-04-01,outlet-1,CAKE-006,6,0,180.0,46
2026-04-01,outlet-1,CAKE-007,4,0,108.0,7
2026-04-01,outlet-1,CAKE-008,3,0,60.0,23
2026-04-01,outlet-1,CAKE-009,4,0,96.0,19
2026-04-01,outlet-1,CAKE-010,7,0,126.0,9
2026-04-01,outlet-2,CAKE-001,8,0,224.0,6
2026-04-01,outlet-2,CAKE-002,7,0,168.0,20
2026-04-01,outlet-2,CAKE-003,7,0,224.0,13
2026-04-01,outlet-2,CAKE-004,3,0,66.0,17
2026-04-01,outlet-2,CAKE-005,1,0,26.0,18
2026-04-01,outlet-2,CAKE-006,3,0,90.0,17
2026-04-01,outlet-2,CAKE-007,7,0,189.0,26
2026-04-01,outlet-2,CAKE-008,3,0,60.0,11
2026-04-01,outlet-2,CAKE-009,0,0,0.0,0
2026-04-01,outlet-2,CAKE-010,7,0,126.0,24
2026-04-01,outlet-3,CAKE-001,10,0,280.0,57
2026-04-01,outlet-3,CAKE-002,2,0,48.0,44
2026-04-01,outlet-3,CAKE-003,7,0,224.0,24
2026-04-01,outlet-3,CAKE-004,3,0,66.0,3
2026-04-01,outlet-3,CAKE-005,5,0,130.0,24
2026-04-01,outlet-3,CAKE-006,8,0,240.0,10
2026-04-01,outlet-3,CAKE-007,6,0,162.0,24
2026-04-01,outlet-3,CAKE-008,2,0,40.0,3
2026-04-01,outlet-3,CAKE-009,5,0,120.0,36
2026-04-01,outlet-3,CAKE-010,5,0,90.0,12
2026-04-01,outlet-4,CAKE-001,5,0,140.0,20
2026-04-01,outlet-4,CAKE-002,5,0,120.0,0
2026-04-01,outlet-4,CAKE-003,4,0,128.0,9
2026-04-01,outlet-4,CAKE-004,5,0,110.0,7
2026-04-01,outlet-4,CAKE-005,8,0,208.0,10
2026-04-01,outlet-4,CAKE-006,4,0,120.0,18
2026-04-01,outlet-4,CAKE-007,6,0,162.0,19
2026-04-01,outlet-4,CAKE-008,5,0,100.0,10
2026-04-01,outlet-4,CAKE-009,1,0,24.0,8
2026-04-01,outlet-4,CAKE-010,10,0,180.0,24
2026-04-01,outlet-5,CAKE-001,4,0,112.0,23
2026-04-01,outlet-5,CAKE-002,4,0,96.0,7
2026-04-01,outlet-5,CAKE-003,1,0,32.0,12
2026-04-01,outlet-5,CAKE-004,3,0,66.0,2
2026-04-01,outlet-5,CAKE-005,1,0,26.0,1
2026-04-01,outlet-5,CAKE-006,4,0,120.0,53
2026-04-01,outlet-5,CAKE-007,2,0,54.0,12
2026-04-01,outlet-5,CAKE-008,1,0,20.0,6
2026-04-01,outlet-5,CAKE-009,3,0,72.0,11
2026-04-01,outlet-5,CAKE-010,4,0,72.0,5
2026-04-02,outlet-1,CAKE-001,5,0,140.0,73
2026-04-02,outlet-1,CAKE-002,9,0,216.0,37
2026-04-02,outlet-1,CAKE-003,8,0,256.0,32
2026-04-02,outlet-1,CAKE-004,4,0,88.0,2
2026-04-02,outlet-1,CAKE-005,3,0,78.0,13
2026-04-02,outlet-1,CAKE-006,5,0,150.0,59
2026-04-02,outlet-1,CAKE-007,7,0,189.0,0
2026-04-02,outlet-1,CAKE-008,2,0,40.0,21
2026-04-02,outlet-1,CAKE-009,5,0,120.0,14
2026-04-02,outlet-1,CAKE-010,7,0,126.0,45
2026-04-02,outlet-2,CAKE-001,6,0,168.0,48
2026-04-02,outlet-2,CAKE-002,6,0,144.0,14
2026-04-02,outlet-2,CAKE-003,4,0,128.0,9
2026-04-02,outlet-2,CAKE-004,1,0,22.0,16
2026-04-02,outlet-2,CAKE-005,4,0,104.0,14
2026-04-02,outlet-2,CAKE-006,3,0,90.0,14
2026-04-02,outlet-2,CAKE-007,3,0,81.0,29
2026-04-02,outlet-2,CAKE-008,4,0,80.0,7
2026-04-02,outlet-2,CAKE-009,0,0,0.0,21
2026-04-02,outlet-2,CAKE-010,6,0,108.0,30
2026-04-02,outlet-3,CAKE-001,17,0,476.0,40
2026-04-02,outlet-3,CAKE-002,9,0,216.0,35
2026-04-02,outlet-3,CAKE-003,10,0,320.0,14
2026-04-02,outlet-3,CAKE-004,3,0,66.0,0
2026-04-02,outlet-3,CAKE-005,2,0,52.0,22
2026-04-02,outlet-3,CAKE-006,10,0,300.0,13
2026-04-02,outlet-3,CAKE-007,7,1,189.0,25
2026-04-02,outlet-3,CAKE-008,2,0,40.0,13
2026-04-02,outlet-3,CAKE-009,3,0,72.0,44
2026-04-02,outlet-3,CAKE-010,6,0,108.0,6
2026-04-02,outlet-4,CAKE-001,7,0,196.0,25
2026-04-02,outlet-4,CAKE-002,0,0,0.0,54
2026-04-02,outlet-4,CAKE-003,6,0,192.0,16
2026-04-02,outlet-4,CAKE-004,6,0,132.0,29
2026-04-02,outlet-4,CAKE-005,6,0,156.0,4
2026-04-02,outlet-4,CAKE-006,3,0,90.0,15
2026-04-02,outlet-4,CAKE-007,8,0,216.0,11
2026-04-02,outlet-4,CAKE-008,5,0,100.0,5
2026-04-02,outlet-4,CAKE-009,5,0,120.0,10
2026-04-02,outlet-4,CAKE-010,7,0,126.0,17
2026-04-02,outlet-5,CAKE-001,4,0,112.0,19
2026-04-02,outlet-5,CAKE-002,3,0,72.0,4
2026-04-02,outlet-5,CAKE-003,2,0,64.0,10
2026-04-02,outlet-5,CAKE-004,2,0,44.0,0
2026-04-02,outlet-5,CAKE-005,1,0,26.0,12
2026-04-02,outlet-5,CAKE-006,2,0,60.0,51
2026-04-02,outlet-5,CAKE-007,2,0,54.0,10
2026-04-02,outlet-5,CAKE-008,0,0,0.0,8
2026-04-02,outlet-5,CAKE-009,3,0,72.0,8
2026-04-02,outlet-5,CAKE-010,3,0,54.0,2
2026-04-03,outlet-1,CAKE-001,15,1,420.0,59
2026-04-03,outlet-1,CAKE-002,12,1,288.0,26
2026-04-03,outlet-1,CAKE-003,10,0,320.0,22
2026-04-03,outlet-1,CAKE-004,1,0,22.0,27
2026-04-03,outlet-1,CAKE-005,5,0,130.0,8
2026-04-03,outlet-1,CAKE-006,3,0,90.0,56
2026-04-03,outlet-1,CAKE-007,0,0,0.0,10
2026-04-03,outlet-1,CAKE-008,4,0,80.0,17
2026-04-03,outlet-1,CAKE-009,7,0,168.0,7
2026-04-03,outlet-1,CAKE-010,12,0,216.0,44
2026-04-03,outlet-2,CAKE-001,12,0,336.0,36
2026-04-03,outlet-2,CAKE-002,8,0,192.0,6
2026-04-03,outlet-2,CAKE-003,7,0,224.0,29
2026-04-03,outlet-2,CAKE-004,6,0,132.0,10
2026-04-03,outlet-2,CAKE-005,7,0,182.0,7
2026-04-03,outlet-2,CAKE-006,8,0,240.0,6
2026-04-03,outlet-2,CAKE-007,8,1,216.0,22
2026-04-03,outlet-2,CAKE-008,3,0,60.0,4
2026-04-03,outlet-2,CAKE-009,4,0,96.0,17
2026-04-03,outlet-2,CAKE-010,8,0,144.0,32
2026-04-03,outlet-3,CAKE-001,8,0,224.0,32
2026-04-03,outlet-3,CAKE-002,10,0,240.0,25
2026-04-03,outlet-3,CAKE-003,5,0,160.0,9
2026-04-03,outlet-3,CAKE-004,0,0,0.0,3
2026-04-03,outlet-3,CAKE-005,6,0,156.0,16
2026-04-03,outlet-3,CAKE-006,9,0,270.0,4
2026-04-03,outlet-3,CAKE-007,4,0,108.0,21
2026-04-03,outlet-3,CAKE-008,3,0,60.0,10
2026-04-03,outlet-3,CAKE-009,6,0,144.0,38
2026-04-03,outlet-3,CAKE-010,6,0,108.0,0
2026-04-03,outlet-4,CAKE-001,9,0,252.0,16
2026-04-03,outlet-4,CAKE-002,3,0,72.0,68
2026-04-03,outlet-4,CAKE-003,6,0,192.0,10
2026-04-03,outlet-4,CAKE-004,3,0,66.0,26
2026-04-03,outlet-4,CAKE-005,4,0,104.0,12
2026-04-03,outlet-4,CAKE-006,6,0,180.0,9
2026-04-03,outlet-4,CAKE-007,5,0,135.0,6
2026-04-03,outlet-4,CAKE-008,3,0,60.0,2
2026-04-03,outlet-4,CAKE-009,6,0,144.0,4
2026-04-03,outlet-4,CAKE-010,8,0,144.0,9
2026-04-03,outlet-5,CAKE-001,6,0,168.0,20
2026-04-03,outlet-5,CAKE-002,4,0,96.0,21
2026-04-03,outlet-5,CAKE-003,5,0,160.0,5
2026-04-03,outlet-5,CAKE-004,0,0,0.0,0
2026-04-03,outlet-5,CAKE-005,2,0,52.0,10
2026-04-03,outlet-5,CAKE-006,9,0,270.0,42
2026-04-03,outlet-5,CAKE-007,4,0,108.0,6
2026-04-03,outlet-5,CAKE-008,1,0,20.0,9
2026-04-03,outlet-5,CAKE-009,4,0,96.0,4
2026-04-03,outlet-5,CAKE-010,2,0,36.0,5
2026-04-04,outlet-1,CAKE-001,9,0,252.0,70
2026-04-04,outlet-1,CAKE-002,11,0,264.0,32
2026-04-04,outlet-1,CAKE-003,10,0,320.0,12
2026-04-04,outlet-1,CAKE-004,8,0,176.0,19
2026-04-04,outlet-1,CAKE-005,6,0,156.0,2
2026-04-04,outlet-1,CAKE-006,9,0,270.0,47
2026-04-04,outlet-1,CAKE-007,4,0,108.0,6
2026-04-04,outlet-1,CAKE-008,3,0,60.0,14
2026-04-04,outlet-1,CAKE-009,5,0,120.0,7
2026-04-04,outlet-1,CAKE-010,10,0,180.0,46
2026-04-04,outlet-2,CAKE-001,4,0,112.0,32
2026-04-04,outlet-2,CAKE-002,6,0,144.0,0
2026-04-04,outlet-2,CAKE-003,7,0,224.0,32
2026-04-04,outlet-2,CAKE-004,3,0,66.0,7
2026-04-04,outlet-2,CAKE-005,3,0,78.0,4
2026-04-04,outlet-2,CAKE-006,6,0,180.0,0
2026-04-04,outlet-2,CAKE-007,6,1,162.0,17
2026-04-04,outlet-2,CAKE-008,4,0,80.0,3
2026-04-04,outlet-2,CAKE-009,5,0,120.0,12
2026-04-04,outlet-2,CAKE-010,9,0,162.0,23
2026-04-04,outlet-3,CAKE-001,8,0,224.0,24
2026-04-04,outlet-3,CAKE-002,12,0,288.0,13
2026-04-04,outlet-3,CAKE-003,3,0,96.0,6
2026-04-04,outlet-3,CAKE-004,3,0,66.0,19
2026-04-04,outlet-3,CAKE-005,6,0,156.0,10
2026-04-04,outlet-3,CAKE-006,4,0,120.0,14
2026-04-04,outlet-3,CAKE-007,7,0,189.0,14
2026-04-04,outlet-3,CAKE-008,3,0,60.0,7
2026-04-04,outlet-3,CAKE-009,4,0,96.0,34
2026-04-04,outlet-3,CAKE-010,0,0,0.0,32
2026-04-04,outlet-4,CAKE-001,11,0,308.0,5
2026-04-04,outlet-4,CAKE-002,10,0,240.0,58
2026-04-04,outlet-4,CAKE-003,7,0,224.0,3
2026-04-04,outlet-4,CAKE-004,7,0,154.0,19
2026-04-04,outlet-4,CAKE-005,1,0,26.0,11
2026-04-04,outlet-4,CAKE-006,5,0,150.0,4
2026-04-04,outlet-4,CAKE-007,6,0,162.0,0
2026-04-04,outlet-4,CAKE-008,2,0,40.0,27
2026-04-04,outlet-4,CAKE-009,4,0,96.0,7
2026-04-04,outlet-4,CAKE-010,9,0,162.0,46
2026-04-04,outlet-5,CAKE-001,3,0,84.0,17
2026-04-04,outlet-5,CAKE-002,4,0,96.0,21
2026-04-04,outlet-5,CAKE-003,4,0,128.0,1
2026-04-04,outlet-5,CAKE-004,0,0,0.0,0
2026-04-04,outlet-5,CAKE-005,3,0,78.0,7
2026-04-04,outlet-5,CAKE-006,7,0,210.0,35
2026-04-04,outlet-5,CAKE-007,3,0,81.0,3
2026-04-04,outlet-5,CAKE-008,1,0,20.0,8
2026-04-04,outlet-5,CAKE-009,2,0,48.0,2
2026-04-04,outlet-5,CAKE-010,5,0,90.0,21
2026-04-05,outlet-1,CAKE-001,12,0,336.0,58
2026-04-05,outlet-1,CAKE-002,8,0,192.0,24
2026-04-05,outlet-1,CAKE-003,7,0,224.0,5
2026-04-05,outlet-1,CAKE-004,5,0,110.0,14
2026-04-05,outlet-1,CAKE-005,2,0,52.0,9
2026-04-05,outlet-1,CAKE-006,7,0,210.0,40
2026-04-05,outlet-1,CAKE-007,6,0,162.0,0
2026-04-05,outlet-1,CAKE-008,3,0,60.0,11
2026-04-05,outlet-1,CAKE-009,6,0,144.0,25
2026-04-05,outlet-1,CAKE-010,8,0,144.0,38
2026-04-05,outlet-2,CAKE-001,16,0,448.0,16
2026-04-05,outlet-2,CAKE-002,0,0,0.0,42
2026-04-05,outlet-2,CAKE-003,10,0,320.0,22
2026-04-05,outlet-2,CAKE-004,4,0,88.0,3
2026-04-05,outlet-2,CAKE-005,4,0,104.0,0
2026-04-05,outlet-2,CAKE-006,0,0,0.0,0
2026-04-05,outlet-2,CAKE-007,8,1,216.0,10
2026-04-05,outlet-2,CAKE-008,3,0,60.0,3
2026-04-05,outlet-2,CAKE-009,6,0,144.0,13
2026-04-05,outlet-2,CAKE-010,12,0,216.0,11
2026-04-05,outlet-3,CAKE-001,17,0,476.0,7
2026-04-05,outlet-3,CAKE-002,13,0,312.0,46
2026-04-05,outlet-3,CAKE-003,6,0,192.0,48
2026-04-05,outlet-3,CAKE-004,3,0,66.0,16
2026-04-05,outlet-3,CAKE-005,5,0,130.0,5
2026-04-05,outlet-3,CAKE-006,8,0,240.0,6
2026-04-05,outlet-3,CAKE-007,3,0,81.0,11
2026-04-05,outlet-3,CAKE-008,3,0,60.0,4
2026-04-05,outlet-3,CAKE-009,4,0,96.0,30
2026-04-05,outlet-3,CAKE-010,6,0,108.0,26
2026-04-05,outlet-4,CAKE-001,5,0,140.0,43
2026-04-05,outlet-4,CAKE-002,15,0,360.0,43
2026-04-05,outlet-4,CAKE-003,1,0,32.0,2
2026-04-05,outlet-4,CAKE-004,6,0,132.0,13
2026-04-05,outlet-4,CAKE-005,8,0,208.0,3
2026-04-05,outlet-4,CAKE-006,4,0,120.0,21
2026-04-05,outlet-4,CAKE-007,0,0,0.0,0
2026-04-05,outlet-4,CAKE-008,4,0,80.0,33
2026-04-05,outlet-4,CAKE-009,7,0,168.0,0
2026-04-05,outlet-4,CAKE-010,9,0,162.0,37
2026-04-05,outlet-5,CAKE-001,2,0,56.0,15
2026-04-05,outlet-5,CAKE-002,1,0,24.0,20
2026-04-05,outlet-5,CAKE-003,1,0,32.0,12
2026-04-05,outlet-5,CAKE-004,0,0,0.0,4
2026-04-05,outlet-5,CAKE-005,3,0,78.0,4
2026-04-05,outlet-5,CAKE-006,6,0,180.0,29
2026-04-05,outlet-5,CAKE-007,2,0,54.0,16
2026-04-05,outlet-5,CAKE-008,1,0,20.0,7
2026-04-05,outlet-5,CAKE-009,2,0,48.0,16
2026-04-05,outlet-5,CAKE-010,4,0,72.0,17
2026-04-06,outlet-1,CAKE-001,13,0,364.0,45
2026-04-06,outlet-1,CAKE-002,7,0,168.0,17
2026-04-06,outlet-1,CAKE-003,5,0,160.0,30
2026-04-06,outlet-1,CAKE-004,5,0,110.0,9
2026-04-06,outlet-1,CAKE-005,4,0,104.0,5
2026-04-06,outlet-1,CAKE-006,5,0,150.0,35
2026-04-06,outlet-1,CAKE-007,0,0,0.0,33
2026-04-06,outlet-1,CAKE-008,3,0,60.0,12
2026-04-06,outlet-1,CAKE-009,4,0,96.0,21
2026-04-06,outlet-1,CAKE-010,3,0,54.0,47
2026-04-06,outlet-2,CAKE-001,2,0,56.0,14
2026-04-06,outlet-2,CAKE-002,7,0,168.0,35
2026-04-06,outlet-2,CAKE-003,5,0,160.0,17
2026-04-06,outlet-2,CAKE-004,3,0,66.0,24
2026-04-06,outlet-2,CAKE-005,0,0,0.0,21
2026-04-06,outlet-2,CAKE-006,0,0,0.0,24
2026-04-06,outlet-2,CAKE-007,5,0,135.0,5
2026-04-06,outlet-2,CAKE-008,2,0,40.0,17
2026-04-06,outlet-2,CAKE-009,2,0,48.0,11
2026-04-06,outlet-2,CAKE-010,8,0,144.0,13
2026-04-06,outlet-3,CAKE-001,7,0,196.0,14
2026-04-06,outlet-3,CAKE-002,8,0,192.0,51
2026-04-06,outlet-3,CAKE-003,10,0,320.0,50
2026-04-06,outlet-3,CAKE-004,2,0,44.0,14
2026-04-06,outlet-3,CAKE-005,4,0,104.0,25
2026-04-06,outlet-3,CAKE-006,6,0,180.0,13
2026-04-06,outlet-3,CAKE-007,4,0,108.0,7
2026-04-06,outlet-3,CAKE-008,2,0,40.0,2
2026-04-06,outlet-3,CAKE-009,2,0,48.0,28
2026-04-06,outlet-3,CAKE-010,5,0,90.0,21
2026-04-06,outlet-4,CAKE-001,8,0,224.0,50
2026-04-06,outlet-4,CAKE-002,11,0,264.0,48
2026-04-06,outlet-4,CAKE-003,2,0,64.0,24
2026-04-06,outlet-4,CAKE-004,6,0,132.0,14
2026-04-06,outlet-4,CAKE-005,3,0,78.0,33
2026-04-06,outlet-4,CAKE-006,2,0,60.0,19
2026-04-06,outlet-4,CAKE-007,0,0,0.0,0
2026-04-06,outlet-4,CAKE-008,5,0,100.0,40
2026-04-06,outlet-4,CAKE-009,0,0,0.0,28
2026-04-06,outlet-4,CAKE-010,8,0,144.0,29
2026-04-06,outlet-5,CAKE-001,1,0,28.0,14
2026-04-06,outlet-5,CAKE-002,4,0,96.0,16
2026-04-06,outlet-5,CAKE-003,2,0,64.0,10
2026-04-06,outlet-5,CAKE-004,3,0,66.0,1
2026-04-06,outlet-5,CAKE-005,1,0,26.0,3
2026-04-06,outlet-5,CAKE-006,8,0,240.0,21
2026-04-06,outlet-5,CAKE-007,2,0,54.0,14
2026-04-06,outlet-5,CAKE-008,1,0,20.0,6
2026-04-06,outlet-5,CAKE-009,3,0,72.0,13
2026-04-06,outlet-5,CAKE-010,5,0,90.0,12
2026-04-07,outlet-1,CAKE-001,12,0,336.0,33
2026-04-07,outlet-1,CAKE-002,9,0,216.0,8
2026-04-07,outlet-1,CAKE-003,3,0,96.0,34
2026-04-07,outlet-1,CAKE-004,5,0,110.0,4
2026-04-07,outlet-1,CAKE-005,5,0,130.0,9
2026-04-07,outlet-1,CAKE-006,5,0,150.0,30
2026-04-07,outlet-1,CAKE-007,4,0,108.0,29
2026-04-07,outlet-1,CAKE-008,2,0,40.0,10
2026-04-07,outlet-1,CAKE-009,3,0,72.0,18
2026-04-07,outlet-1,CAKE-010,9,0,162.0,38
2026-04-07,outlet-2,CAKE-001,8,0,224.0,21
2026-04-07,outlet-2,CAKE-002,7,0,168.0,28
2026-04-07,outlet-2,CAKE-003,6,0,192.0,11
2026-04-07,outlet-2,CAKE-004,2,0,44.0,28
2026-04-07,outlet-2,CAKE-005,3,0,78.0,18
2026-04-07,outlet-2,CAKE-006,2,0,60.0,22
2026-04-07,outlet-2,CAKE-007,5,0,135.0,30
2026-04-07,outlet-2,CAKE-008,3,0,60.0,14
2026-04-07,outlet-2,CAKE-009,3,0,72.0,8
2026-04-07,outlet-2,CAKE-010,8,0,144.0,5
2026-04-07,outlet-3,CAKE-001,7,0,196.0,23
2026-04-07,outlet-3,CAKE-002,1,0,24.0,50
2026-04-07,outlet-3,CAKE-003,8,0,256.0,54
2026-04-07,outlet-3,CAKE-004,3,0,66.0,11
2026-04-07,outlet-3,CAKE-005,4,0,104.0,21
2026-04-07,outlet-3,CAKE-006,6,0,180.0,7
2026-04-07,outlet-3,CAKE-007,7,0,189.0,0
2026-04-07,outlet-3,CAKE-008,2,0,40.0,0
2026-04-07,outlet-3,CAKE-009,1,0,24.0,27
2026-04-07,outlet-3,CAKE-010,6,0,108.0,15
2026-04-07,outlet-4,CAKE-001,8,0,224.0,42
2026-04-07,outlet-4,CAKE-002,8,0,192.0,40
2026-04-07,outlet-4,CAKE-003,4,0,128.0,20
2026-04-07,outlet-4,CAKE-004,6,0,132.0,8
2026-04-07,outlet-4,CAKE-005,5,0,130.0,28
2026-04-07,outlet-4,CAKE-006,3,0,90.0,24
2026-04-07,outlet-4,CAKE-007,0,0,0.0,8
2026-04-07,outlet-4,CAKE-008,4,0,80.0,36
2026-04-07,outlet-4,CAKE-009,4,0,96.0,24
2026-04-07,outlet-4,CAKE-010,9,0,162.0,34
2026-04-07,outlet-5,CAKE-001,4,0,112.0,10
2026-04-07,outlet-5,CAKE-002,4,0,96.0,12
2026-04-07,outlet-5,CAKE-003,3,0,96.0,10
2026-04-07,outlet-5,CAKE-004,1,0,22.0,0
2026-04-07,outlet-5,CAKE-005,2,0,52.0,1
2026-04-07,outlet-5,CAKE-006,6,0,180.0,15
2026-04-07,outlet-5,CAKE-007,3,0,81.0,11
2026-04-07,outlet-5,CAKE-008,1,0,20.0,5
2026-04-07,outlet-5,CAKE-009,2,0,48.0,18
2026-04-07,outlet-5,CAKE-010,3,0,54.0,9
2026-04-08,outlet-1,CAKE-001,7,0,196.0,45
2026-04-08,outlet-1,CAKE-002,7,0,168.0,47
2026-04-08,outlet-1,CAKE-003,3,0,96.0,31
2026-04-08,outlet-1,CAKE-004,4,0,88.0,26
2026-04-08,outlet-1,CAKE-005,4,0,104.0,5
2026-04-08,outlet-1,CAKE-006,5,0,150.0,25
2026-04-08,outlet-1,CAKE-007,11,1,297.0,19
2026-04-08,outlet-1,CAKE-008,3,0,60.0,7
2026-04-08,outlet-1,CAKE-009,5,0,120.0,13
2026-04-08,outlet-1,CAKE-010,10,0,180.0,28
2026-04-08,outlet-2,CAKE-001,12,0,336.0,9
2026-04-08,outlet-2,CAKE-002,9,0,216.0,19
2026-04-08,outlet-2,CAKE-003,5,0,160.0,6
2026-04-08,outlet-2,CAKE-004,2,0,44.0,26
2026-04-08,outlet-2,CAKE-005,4,0,104.0,14
2026-04-08,outlet-2,CAKE-006,4,0,120.0,18
2026-04-08,outlet-2,CAKE-007,5,0,135.0,25
2026-04-08,outlet-2,CAKE-008,3,0,60.0,11
2026-04-08,outlet-2,CAKE-009,4,0,96.0,4
2026-04-08,outlet-2,CAKE-010,5,0,90.0,39
2026-04-08,outlet-3,CAKE-001,15,0,420.0,8
2026-04-08,outlet-3,CAKE-002,9,0,216.0,41
2026-04-08,outlet-3,CAKE-003,9,0,288.0,45
2026-04-08,outlet-3,CAKE-004,2,0,44.0,9
2026-04-08,outlet-3,CAKE-005,6,0,156.0,20
2026-04-08,outlet-3,CAKE-006,7,0,210.0,45
2026-04-08,outlet-3,CAKE-007,0,0,0.0,0
2026-04-08,outlet-3,CAKE-008,0,0,0.0,12
2026-04-08,outlet-3,CAKE-009,5,0,120.0,22
2026-04-08,outlet-3,CAKE-010,7,0,126.0,18
2026-04-08,outlet-4,CAKE-001,7,0,196.0,35
2026-04-08,outlet-4,CAKE-002,9,0,216.0,31
2026-04-08,outlet-4,CAKE-003,4,0,128.0,28
2026-04-08,outlet-4,CAKE-004,6,0,132.0,2
2026-04-08,outlet-4,CAKE-005,8,0,208.0,31
2026-04-08,outlet-4,CAKE-006,2,0,60.0,22
2026-04-08,outlet-4,CAKE-007,6,0,162.0,38
2026-04-08,outlet-4,CAKE-008,4,0,80.0,32
2026-04-08,outlet-4,CAKE-009,4,0,96.0,20
2026-04-08,outlet-4,CAKE-010,11,0,198.0,23
2026-04-08,outlet-5,CAKE-001,5,0,140.0,5
2026-04-08,outlet-5,CAKE-002,5,0,120.0,11
2026-04-08,outlet-5,CAKE-003,2,0,64.0,8
2026-04-08,outlet-5,CAKE-004,0,0,0.0,3
2026-04-08,outlet-5,CAKE-005,1,0,26.0,12
2026-04-08,outlet-5,CAKE-006,6,0,180.0,21
2026-04-08,outlet-5,CAKE-007,3,0,81.0,8
2026-04-08,outlet-5,CAKE-008,1,0,20.0,4
2026-04-08,outlet-5,CAKE-009,3,0,72.0,15
2026-04-08,outlet-5,CAKE-010,5,0,90.0,4
2026-04-09,outlet-1,CAKE-001,9,0,252.0,56
2026-04-09,outlet-1,CAKE-002,9,0,216.0,38
2026-04-09,outlet-1,CAKE-003,6,0,192.0,33
2026-04-09,outlet-1,CAKE-004,1,0,22.0,25
2026-04-09,outlet-1,CAKE-005,4,0,104.0,25
2026-04-09,outlet-1,CAKE-006,4,0,120.0,21
2026-04-09,outlet-1,CAKE-007,7,0,189.0,12
2026-04-09,outlet-1,CAKE-008,3,0,60.0,4
2026-04-09,outlet-1,CAKE-009,4,0,96.0,9
2026-04-09,outlet-1,CAKE-010,4,0,72.0,24
2026-04-09,outlet-2,CAKE-001,9,0,252.0,48
2026-04-09,outlet-2,CAKE-002,5,0,120.0,14
2026-04-09,outlet-2,CAKE-003,6,0,192.0,27
2026-04-09,outlet-2,CAKE-004,3,0,66.0,23
2026-04-09,outlet-2,CAKE-005,4,0,104.0,10
2026-04-09,outlet-2,CAKE-006,3,0,90.0,22
2026-04-09,outlet-2,CAKE-007,4,0,108.0,21
2026-04-09,outlet-2,CAKE-008,4,0,80.0,7
2026-04-09,outlet-2,CAKE-009,4,0,96.0,0
2026-04-09,outlet-2,CAKE-010,7,0,126.0,32
2026-04-09,outlet-3,CAKE-001,8,0,224.0,14
2026-04-09,outlet-3,CAKE-002,10,0,240.0,44
2026-04-09,outlet-3,CAKE-003,8,0,256.0,37
2026-04-09,outlet-3,CAKE-004,3,0,66.0,10
2026-04-09,outlet-3,CAKE-005,4,0,104.0,16
2026-04-09,outlet-3,CAKE-006,9,0,270.0,36
2026-04-09,outlet-3,CAKE-007,0,0,0.0,30
2026-04-09,outlet-3,CAKE-008,2,0,40.0,10
2026-04-09,outlet-3,CAKE-009,4,0,96.0,28
2026-04-09,outlet-3,CAKE-010,3,0,54.0,15
2026-04-09,outlet-4,CAKE-001,10,0,280.0,25
2026-04-09,outlet-4,CAKE-002,8,0,192.0,23
2026-04-09,outlet-4,CAKE-003,2,0,64.0,37
2026-04-09,outlet-4,CAKE-004,2,0,44.0,0
2026-04-09,outlet-4,CAKE-005,7,0,182.0,24
2026-04-09,outlet-4,CAKE-006,4,0,120.0,26
2026-04-09,outlet-4,CAKE-007,7,0,189.0,31
2026-04-09,outlet-4,CAKE-008,3,0,60.0,29
2026-04-09,outlet-4,CAKE-009,6,0,144.0,20
2026-04-09,outlet-4,CAKE-010,8,0,144.0,15
2026-04-09,outlet-5,CAKE-001,3,0,84.0,2
2026-04-09,outlet-5,CAKE-002,5,0,120.0,6
2026-04-09,outlet-5,CAKE-003,3,0,96.0,9
2026-04-09,outlet-5,CAKE-004,2,0,44.0,15
2026-04-09,outlet-5,CAKE-005,2,0,52.0,10
2026-04-09,outlet-5,CAKE-006,3,0,90.0,18
2026-04-09,outlet-5,CAKE-007,2,0,54.0,6
2026-04-09,outlet-5,CAKE-008,1,0,20.0,3
2026-04-09,outlet-5,CAKE-009,3,0,72.0,12
2026-04-09,outlet-5,CAKE-010,1,0,18.0,3
2026-04-10,outlet-1,CAKE-001,12,1,336.0,45
2026-04-10,outlet-1,CAKE-002,7,0,168.0,31
2026-04-10,outlet-1,CAKE-003,3,0,96.0,30
2026-04-10,outlet-1,CAKE-004,7,0,154.0,25
2026-04-10,outlet-1,CAKE-005,4,0,104.0,21
2026-04-10,outlet-1,CAKE-006,4,0,120.0,17
2026-04-10,outlet-1,CAKE-007,9,0,243.0,3
2026-04-10,outlet-1,CAKE-008,3,0,60.0,1
2026-04-10,outlet-1,CAKE-009,5,0,120.0,4
2026-04-10,outlet-1,CAKE-010,9,0,162.0,15
2026-04-10,outlet-2,CAKE-001,10,0,280.0,38
2026-04-10,outlet-2,CAKE-002,9,0,216.0,5
2026-04-10,outlet-2,CAKE-003,7,0,224.0,20
2026-04-10,outlet-2,CAKE-004,1,0,22.0,22
2026-04-10,outlet-2,CAKE-005,3,0,78.0,7
2026-04-10,outlet-2,CAKE-006,9,0,270.0,13
2026-04-10,outlet-2,CAKE-007,4,0,108.0,17
2026-04-10,outlet-2,CAKE-008,4,0,80.0,3
2026-04-10,outlet-2,CAKE-009,0,0,0.0,21
2026-04-10,outlet-2,CAKE-010,12,0,216.0,20
2026-04-10,outlet-3,CAKE-001,14,0,392.0,67
2026-04-10,outlet-3,CAKE-002,12,1,288.0,33
2026-04-10,outlet-3,CAKE-003,13,0,416.0,24
2026-04-10,outlet-3,CAKE-004,3,0,66.0,7
2026-04-10,outlet-3,CAKE-005,6,0,156.0,10
2026-04-10,outlet-3,CAKE-006,9,0,270.0,40
2026-04-10,outlet-3,CAKE-007,9,1,243.0,22
2026-04-10,outlet-3,CAKE-008,3,0,60.0,7
2026-04-10,outlet-3,CAKE-009,5,0,120.0,23
2026-04-10,outlet-3,CAKE-010,8,0,144.0,7
2026-04-10,outlet-4,CAKE-001,12,0,336.0,13
2026-04-10,outlet-4,CAKE-002,15,0,360.0,24
2026-04-10,outlet-4,CAKE-003,5,0,160.0,32
2026-04-10,outlet-4,CAKE-004,0,0,0.0,0
2026-04-10,outlet-4,CAKE-005,9,0,234.0,15
2026-04-10,outlet-4,CAKE-006,6,0,180.0,20
2026-04-10,outlet-4,CAKE-007,8,0,216.0,23
2026-04-10,outlet-4,CAKE-008,7,0,140.0,22
2026-04-10,outlet-4,CAKE-009,6,0,144.0,14
2026-04-10,outlet-4,CAKE-010,9,0,162.0,6
2026-04-10,outlet-5,CAKE-001,2,0,56.0,0
2026-04-10,outlet-5,CAKE-002,4,0,96.0,2
2026-04-10,outlet-5,CAKE-003,4,0,128.0,5
2026-04-10,outlet-5,CAKE-004,2,0,44.0,13
2026-04-10,outlet-5,CAKE-005,3,0,78.0,7
2026-04-10,outlet-5,CAKE-006,9,0,270.0,9
2026-04-10,outlet-5,CAKE-007,4,0,108.0,2
2026-04-10,outlet-5,CAKE-008,1,0,20.0,2
2026-04-10,outlet-5,CAKE-009,3,0,72.0,9
2026-04-10,outlet-5,CAKE-010,3,0,54.0,0
2026-04-11,outlet-1,CAKE-001,18,1,504.0,28
2026-04-11,outlet-1,CAKE-002,11,0,264.0,20
2026-04-11,outlet-1,CAKE-003,8,0,256.0,22
2026-04-11,outlet-1,CAKE-004,6,0,132.0,19
2026-04-11,outlet-1,CAKE-005,3,0,78.0,18
2026-04-11,outlet-1,CAKE-006,5,0,150.0,12
2026-04-11,outlet-1,CAKE-007,3,0,81.0,0
2026-04-11,outlet-1,CAKE-008,1,0,20.0,0
2026-04-11,outlet-1,CAKE-009,4,0,96.0,0
2026-04-11,outlet-1,CAKE-010,11,0,198.0,4
2026-04-11,outlet-2,CAKE-001,13,0,364.0,25
2026-04-11,outlet-2,CAKE-002,5,0,120.0,13
2026-04-11,outlet-2,CAKE-003,13,1,416.0,8
2026-04-11,outlet-2,CAKE-004,5,0,110.0,17
2026-04-11,outlet-2,CAKE-005,4,0,104.0,3
2026-04-11,outlet-2,CAKE-006,5,0,150.0,8
2026-04-11,outlet-2,CAKE-007,9,0,243.0,8
2026-04-11,outlet-2,CAKE-008,2,0,40.0,1
2026-04-11,outlet-2,CAKE-009,4,0,96.0,17
2026-04-11,outlet-2,CAKE-010,9,0,162.0,22
2026-04-11,outlet-3,CAKE-001,17,1,476.0,51
2026-04-11,outlet-3,CAKE-002,13,0,312.0,20
2026-04-11,outlet-3,CAKE-003,15,0,480.0,9
2026-04-11,outlet-3,CAKE-004,4,0,88.0,3
2026-04-11,outlet-3,CAKE-005,6,0,156.0,4
2026-04-11,outlet-3,CAKE-006,8,0,240.0,44
2026-04-11,outlet-3,CAKE-007,7,0,189.0,15
2026-04-11,outlet-3,CAKE-008,2,0,40.0,5
2026-04-11,outlet-3,CAKE-009,4,0,96.0,19
2026-04-11,outlet-3,CAKE-010,4,0,72.0,3
2026-04-11,outlet-4,CAKE-001,3,0,84.0,10
2026-04-11,outlet-4,CAKE-002,14,1,336.0,11
2026-04-11,outlet-4,CAKE-003,6,0,192.0,26
2026-04-11,outlet-4,CAKE-004,0,0,0.0,28
2026-04-11,outlet-4,CAKE-005,7,0,182.0,8
2026-04-11,outlet-4,CAKE-006,6,0,180.0,14
2026-04-11,outlet-4,CAKE-007,7,0,189.0,16
2026-04-11,outlet-4,CAKE-008,5,0,100.0,17
2026-04-11,outlet-4,CAKE-009,6,0,144.0,8
2026-04-11,outlet-4,CAKE-010,6,0,108.0,46
2026-04-11,outlet-5,CAKE-001,0,0,0.0,0
2026-04-11,outlet-5,CAKE-002,2,0,48.0,21
2026-04-11,outlet-5,CAKE-003,3,0,96.0,2
2026-04-11,outlet-5,CAKE-004,1,0,22.0,12
2026-04-11,outlet-5,CAKE-005,2,0,52.0,5
2026-04-11,outlet-5,CAKE-006,5,0,150.0,17
2026-04-11,outlet-5,CAKE-007,2,0,54.0,0
2026-04-11,outlet-5,CAKE-008,1,0,20.0,3
2026-04-11,outlet-5,CAKE-009,4,0,96.0,5
2026-04-11,outlet-5,CAKE-010,0,0,0.0,0
2026-04-12,outlet-1,CAKE-001,9,0,252.0,19
2026-04-12,outlet-1,CAKE-002,9,0,216.0,11
2026-04-12,outlet-1,CAKE-003,10,0,320.0,12
2026-04-12,outlet-1,CAKE-004,6,0,132.0,13
2026-04-12,outlet-1,CAKE-005,3,0,78.0,15
2026-04-12,outlet-1,CAKE-006,10,0,300.0,20
2026-04-12,outlet-1,CAKE-007,0,0,0.0,0
2026-04-12,outlet-1,CAKE-008,0,0,0.0,0
2026-04-12,outlet-1,CAKE-009,0,0,0.0,24
2026-04-12,outlet-1,CAKE-010,4,0,72.0,43
2026-04-12,outlet-2,CAKE-001,8,0,224.0,17
2026-04-12,outlet-2,CAKE-002,11,0,264.0,44
2026-04-12,outlet-2,CAKE-003,6,0,192.0,29
2026-04-12,outlet-2,CAKE-004,5,0,110.0,12
2026-04-12,outlet-2,CAKE-005,3,0,78.0,21
2026-04-12,outlet-2,CAKE-006,8,0,240.0,0
2026-04-12,outlet-2,CAKE-007,7,0,189.0,1
2026-04-12,outlet-2,CAKE-008,1,0,20.0,16
2026-04-12,outlet-2,CAKE-009,4,0,96.0,13
2026-04-12,outlet-2,CAKE-010,7,0,126.0,15
2026-04-12,outlet-3,CAKE-001,15,0,420.0,36
2026-04-12,outlet-3,CAKE-002,11,0,264.0,9
2026-04-12,outlet-3,CAKE-003,9,0,288.0,48
2026-04-12,outlet-3,CAKE-004,3,0,66.0,0
2026-04-12,outlet-3,CAKE-005,4,0,104.0,0
2026-04-12,outlet-3,CAKE-006,10,0,300.0,34
2026-04-12,outlet-3,CAKE-007,6,0,162.0,9
2026-04-12,outlet-3,CAKE-008,3,0,60.0,2
2026-04-12,outlet-3,CAKE-009,5,0,120.0,14
2026-04-12,outlet-3,CAKE-010,3,0,54.0,0
2026-04-12,outlet-4,CAKE-001,10,0,280.0,0
2026-04-12,outlet-4,CAKE-002,11,0,264.0,0
2026-04-12,outlet-4,CAKE-003,8,0,256.0,18
2026-04-12,outlet-4,CAKE-004,4,0,88.0,24
2026-04-12,outlet-4,CAKE-005,8,0,208.0,0
2026-04-12,outlet-4,CAKE-006,5,0,150.0,9
2026-04-12,outlet-4,CAKE-007,10,1,270.0,7
2026-04-12,outlet-4,CAKE-008,5,0,100.0,12
2026-04-12,outlet-4,CAKE-009,5,0,120.0,3
2026-04-12,outlet-4,CAKE-010,13,0,234.0,33
2026-04-12,outlet-5,CAKE-001,0,0,0.0,0
2026-04-12,outlet-5,CAKE-002,4,0,96.0,17
2026-04-12,outlet-5,CAKE-003,2,0,64.0,12
2026-04-12,outlet-5,CAKE-004,2,0,44.0,10
2026-04-12,outlet-5,CAKE-005,2,0,52.0,3
2026-04-12,outlet-5,CAKE-006,4,0,120.0,23
2026-04-12,outlet-5,CAKE-007,0,0,0.0,15
2026-04-12,outlet-5,CAKE-008,1,0,20.0,2
2026-04-12,outlet-5,CAKE-009,3,0,72.0,2
2026-04-12,outlet-5,CAKE-010,0,0,0.0,0
2026-04-13,outlet-1,CAKE-001,11,0,308.0,28
2026-04-13,outlet-1,CAKE-002,9,0,216.0,2
2026-04-13,outlet-1,CAKE-003,10,0,320.0,10
2026-04-13,outlet-1,CAKE-004,4,0,88.0,9
2026-04-13,outlet-1,CAKE-005,4,0,104.0,19
2026-04-13,outlet-1,CAKE-006,5,0,150.0,15
2026-04-13,outlet-1,CAKE-007,0,0,0.0,33
2026-04-13,outlet-1,CAKE-008,0,0,0.0,0
2026-04-13,outlet-1,CAKE-009,4,0,96.0,20
2026-04-13,outlet-1,CAKE-010,7,0,126.0,36
2026-04-13,outlet-2,CAKE-001,8,0,224.0,9
2026-04-13,outlet-2,CAKE-002,7,0,168.0,37
2026-04-13,outlet-2,CAKE-003,1,0,32.0,28
2026-04-13,outlet-2,CAKE-004,5,0,110.0,7
2026-04-13,outlet-2,CAKE-005,3,0,78.0,18
2026-04-13,outlet-2,CAKE-006,0,0,0.0,24
2026-04-13,outlet-2,CAKE-007,1,0,27.0,30
2026-04-13,outlet-2,CAKE-008,2,0,40.0,14
2026-04-13,outlet-2,CAKE-009,1,0,24.0,12
2026-04-13,outlet-2,CAKE-010,6,0,108.0,9
2026-04-13,outlet-3,CAKE-001,10,0,280.0,26
2026-04-13,outlet-3,CAKE-002,9,0,216.0,46
2026-04-13,outlet-3,CAKE-003,12,1,384.0,48
2026-04-13,outlet-3,CAKE-004,0,0,0.0,19
2026-04-13,outlet-3,CAKE-005,0,0,0.0,24
2026-04-13,outlet-3,CAKE-006,10,0,300.0,24
2026-04-13,outlet-3,CAKE-007,7,0,189.0,32
2026-04-13,outlet-3,CAKE-008,1,0,20.0,5
2026-04-13,outlet-3,CAKE-009,3,0,72.0,22
2026-04-13,outlet-3,CAKE-010,0,0,0.0,0
2026-04-13,outlet-4,CAKE-001,0,0,0.0,43
2026-04-13,outlet-4,CAKE-002,0,0,0.0,19
2026-04-13,outlet-4,CAKE-003,5,0,160.0,13
2026-04-13,outlet-4,CAKE-004,5,0,110.0,19
2026-04-13,outlet-4,CAKE-005,0,0,0.0,12
2026-04-13,outlet-4,CAKE-006,3,0,90.0,6
2026-04-13,outlet-4,CAKE-007,3,0,81.0,4
2026-04-13,outlet-4,CAKE-008,6,0,120.0,6
2026-04-13,outlet-4,CAKE-009,3,0,72.0,7
2026-04-13,outlet-4,CAKE-010,6,0,108.0,42
2026-04-13,outlet-5,CAKE-001,0,0,0.0,0
2026-04-13,outlet-5,CAKE-002,2,0,48.0,15
2026-04-13,outlet-5,CAKE-003,2,0,64.0,10
2026-04-13,outlet-5,CAKE-004,3,0,66.0,7
2026-04-13,outlet-5,CAKE-005,1,0,26.0,2
2026-04-13,outlet-5,CAKE-006,6,0,180.0,17
2026-04-13,outlet-5,CAKE-007,2,0,54.0,13
2026-04-13,outlet-5,CAKE-008,1,0,20.0,1
2026-04-13,outlet-5,CAKE-009,2,0,48.0,16
2026-04-13,outlet-5,CAKE-010,0,0,0.0,0
2026-04-14,outlet-1,CAKE-001,11,0,308.0,39
2026-04-14,outlet-1,CAKE-002,2,0,48.0,46
2026-04-14,outlet-1,CAKE-003,6,0,192.0,4
2026-04-14,outlet-1,CAKE-004,4,0,88.0,5
2026-04-14,outlet-1,CAKE-005,4,0,104.0,15
2026-04-14,outlet-1,CAKE-006,8,0,240.0,7
2026-04-14,outlet-1,CAKE-007,5,0,135.0,28
2026-04-14,outlet-1,CAKE-008,0,0,0.0,0
2026-04-14,outlet-1,CAKE-009,3,0,72.0,17
2026-04-14,outlet-1,CAKE-010,3,0,54.0,33
2026-04-14,outlet-2,CAKE-001,9,0,252.0,48
2026-04-14,outlet-2,CAKE-002,6,0,144.0,31
2026-04-14,outlet-2,CAKE-003,5,0,160.0,23
2026-04-14,outlet-2,CAKE-004,3,0,66.0,4
2026-04-14,outlet-2,CAKE-005,5,0,130.0,13
2026-04-14,outlet-2,CAKE-006,5,0,150.0,19
2026-04-14,outlet-2,CAKE-007,5,0,135.0,25
2026-04-14,outlet-2,CAKE-008,2,0,40.0,12
2026-04-14,outlet-2,CAKE-009,4,0,96.0,8
2026-04-14,outlet-2,CAKE-010,7,0,126.0,14
2026-04-14,outlet-3,CAKE-001,12,0,336.0,14
2026-04-14,outlet-3,CAKE-002,9,0,216.0,37
2026-04-14,outlet-3,CAKE-003,9,0,288.0,53
2026-04-14,outlet-3,CAKE-004,3,0,66.0,19
2026-04-14,outlet-3,CAKE-005,5,0,130.0,19
2026-04-14,outlet-3,CAKE-006,7,0,210.0,32
2026-04-14,outlet-3,CAKE-007,6,0,162.0,34
2026-04-14,outlet-3,CAKE-008,3,0,60.0,6
2026-04-14,outlet-3,CAKE-009,4,0,96.0,18
2026-04-14,outlet-3,CAKE-010,0,0,0.0,32
2026-04-14,outlet-4,CAKE-001,9,0,252.0,34
2026-04-14,outlet-4,CAKE-002,10,0,240.0,9
2026-04-14,outlet-4,CAKE-003,6,0,192.0,7
2026-04-14,outlet-4,CAKE-004,4,0,88.0,15
2026-04-14,outlet-4,CAKE-005,7,0,182.0,5
2026-04-14,outlet-4,CAKE-006,2,0,60.0,4
2026-04-14,outlet-4,CAKE-007,4,0,108.0,36
2026-04-14,outlet-4,CAKE-008,5,0,100.0,28
2026-04-14,outlet-4,CAKE-009,6,0,144.0,29
2026-04-14,outlet-4,CAKE-010,7,0,126.0,35
2026-04-14,outlet-5,CAKE-001,0,0,0.0,0
2026-04-14,outlet-5,CAKE-002,2,0,48.0,18
2026-04-14,outlet-5,CAKE-003,2,0,64.0,8
2026-04-14,outlet-5,CAKE-004,3,0,66.0,4
2026-04-14,outlet-5,CAKE-005,2,0,52.0,12
2026-04-14,outlet-5,CAKE-006,5,0,150.0,12
2026-04-14,outlet-5,CAKE-007,3,0,81.0,17
2026-04-14,outlet-5,CAKE-008,1,0,20.0,7
2026-04-14,outlet-5,CAKE-009,4,0,96.0,12
2026-04-14,outlet-5,CAKE-010,0,0,0.0,0
2026-04-15,outlet-1,CAKE-001,8,0,224.0,31
2026-04-15,outlet-1,CAKE-002,8,0,192.0,56
2026-04-15,outlet-1,CAKE-003,4,0,128.0,7
2026-04-15,outlet-1,CAKE-004,5,0,110.0,26
2026-04-15,outlet-1,CAKE-005,5,0,130.0,10
2026-04-15,outlet-1,CAKE-006,5,0,150.0,32
2026-04-15,outlet-1,CAKE-007,6,0,162.0,22
2026-04-15,outlet-1,CAKE-008,0,0,0.0,5
2026-04-15,outlet-1,CAKE-009,4,0,96.0,13
2026-04-15,outlet-1,CAKE-010,6,0,108.0,27
2026-04-15,outlet-2,CAKE-001,6,0,168.0,42
2026-04-15,outlet-2,CAKE-002,7,0,168.0,24
2026-04-15,outlet-2,CAKE-003,3,0,96.0,20
2026-04-15,outlet-2,CAKE-004,3,0,66.0,1
2026-04-15,outlet-2,CAKE-005,2,0,52.0,11
2026-04-15,outlet-2,CAKE-006,4,0,120.0,15
2026-04-15,outlet-2,CAKE-007,6,0,162.0,25
2026-04-15,outlet-2,CAKE-008,3,0,60.0,9
2026-04-15,outlet-2,CAKE-009,5,0,120.0,3
2026-04-15,outlet-2,CAKE-010,10,0,180.0,4
2026-04-15,outlet-3,CAKE-001,14,1,392.0,68
2026-04-15,outlet-3,CAKE-002,5,0,120.0,32
2026-04-15,outlet-3,CAKE-003,8,0,256.0,45
2026-04-15,outlet-3,CAKE-004,3,0,66.0,20
2026-04-15,outlet-3,CAKE-005,5,0,130.0,14
2026-04-15,outlet-3,CAKE-006,8,0,240.0,24
2026-04-15,outlet-3,CAKE-007,7,0,189.0,27
2026-04-15,outlet-3,CAKE-008,2,0,40.0,4
2026-04-15,outlet-3,CAKE-009,5,0,120.0,13
2026-04-15,outlet-3,CAKE-010,7,0,126.0,25
2026-04-15,outlet-4,CAKE-001,8,0,224.0,26
2026-04-15,outlet-4,CAKE-002,8,0,192.0,55
2026-04-15,outlet-4,CAKE-003,4,0,128.0,3
2026-04-15,outlet-4,CAKE-004,6,0,132.0,9
2026-04-15,outlet-4,CAKE-005,1,0,26.0,4
2026-04-15,outlet-4,CAKE-006,4,0,120.0,7
2026-04-15,outlet-4,CAKE-007,4,0,108.0,32
2026-04-15,outlet-4,CAKE-008,5,0,100.0,23
2026-04-15,outlet-4,CAKE-009,4,0,96.0,25
2026-04-15,outlet-4,CAKE-010,10,0,180.0,39
2026-04-15,outlet-5,CAKE-001,0,0,0.0,0
2026-04-15,outlet-5,CAKE-002,3,0,72.0,15
2026-04-15,outlet-5,CAKE-003,1,0,32.0,7
2026-04-15,outlet-5,CAKE-004,3,0,66.0,15
2026-04-15,outlet-5,CAKE-005,2,0,52.0,10
2026-04-15,outlet-5,CAKE-006,7,0,210.0,5
2026-04-15,outlet-5,CAKE-007,1,0,27.0,16
2026-04-15,outlet-5,CAKE-008,1,0,20.0,6
2026-04-15,outlet-5,CAKE-009,2,0,48.0,10
2026-04-15,outlet-5,CAKE-010,0,0,0.0,21
2026-04-16,outlet-1,CAKE-001,11,0,308.0,20
2026-04-16,outlet-1,CAKE-002,7,0,168.0,49
2026-04-16,outlet-1,CAKE-003,6,0,192.0,31
2026-04-16,outlet-1,CAKE-004,4,0,88.0,22
2026-04-16,outlet-1,CAKE-005,5,0,130.0,5
2026-04-16,outlet-1,CAKE-006,4,0,120.0,28
2026-04-16,outlet-1,CAKE-007,3,0,81.0,19
2026-04-16,outlet-1,CAKE-008,3,0,60.0,2
2026-04-16,outlet-1,CAKE-009,4,0,96.0,9
2026-04-16,outlet-1,CAKE-010,8,0,144.0,19
2026-04-16,outlet-2,CAKE-001,1,0,28.0,41
2026-04-16,outlet-2,CAKE-002,7,0,168.0,17
2026-04-16,outlet-2,CAKE-003,6,0,192.0,14
2026-04-16,outlet-2,CAKE-004,1,0,22.0,24
2026-04-16,outlet-2,CAKE-005,6,0,156.0,5
2026-04-16,outlet-2,CAKE-006,5,0,150.0,10
2026-04-16,outlet-2,CAKE-007,5,0,135.0,26
2026-04-16,outlet-2,CAKE-008,3,0,60.0,6
2026-04-16,outlet-2,CAKE-009,3,0,72.0,21
2026-04-16,outlet-2,CAKE-010,4,0,72.0,39
2026-04-16,outlet-3,CAKE-001,10,0,280.0,58
2026-04-16,outlet-3,CAKE-002,8,0,192.0,24
2026-04-16,outlet-3,CAKE-003,7,0,224.0,38
2026-04-16,outlet-3,CAKE-004,3,0,66.0,21
2026-04-16,outlet-3,CAKE-005,5,0,130.0,14
2026-04-16,outlet-3,CAKE-006,6,0,180.0,18
2026-04-16,outlet-3,CAKE-007,6,0,162.0,21
2026-04-16,outlet-3,CAKE-008,2,0,40.0,6
2026-04-16,outlet-3,CAKE-009,4,0,96.0,9
2026-04-16,outlet-3,CAKE-010,5,0,90.0,20
2026-04-16,outlet-4,CAKE-001,6,0,168.0,20
2026-04-16,outlet-4,CAKE-002,10,0,240.0,45
2026-04-16,outlet-4,CAKE-003,3,0,96.0,24
2026-04-16,outlet-4,CAKE-004,5,0,110.0,4
2026-04-16,outlet-4,CAKE-005,4,0,104.0,12
2026-04-16,outlet-4,CAKE-006,4,0,120.0,3
2026-04-16,outlet-4,CAKE-007,9,0,243.0,23
2026-04-16,outlet-4,CAKE-008,5,0,100.0,18
2026-04-16,outlet-4,CAKE-009,4,0,96.0,28
2026-04-16,outlet-4,CAKE-010,3,0,54.0,51
2026-04-16,outlet-5,CAKE-001,0,0,0.0,0
2026-04-16,outlet-5,CAKE-002,4,0,96.0,11
2026-04-16,outlet-5,CAKE-003,2,0,64.0,5
2026-04-16,outlet-5,CAKE-004,3,0,66.0,12
2026-04-16,outlet-5,CAKE-005,3,0,78.0,7
2026-04-16,outlet-5,CAKE-006,5,0,150.0,0
2026-04-16,outlet-5,CAKE-007,2,0,54.0,14
2026-04-16,outlet-5,CAKE-008,1,0,20.0,5
2026-04-16,outlet-5,CAKE-009,3,0,72.0,13
2026-04-16,outlet-5,CAKE-010,4,0,72.0,17
2026-04-17,outlet-1,CAKE-001,15,0,420.0,5
2026-04-17,outlet-1,CAKE-002,13,0,312.0,36
2026-04-17,outlet-1,CAKE-003,7,0,224.0,30
2026-04-17,outlet-1,CAKE-004,5,0,110.0,17
2026-04-17,outlet-1,CAKE-005,3,0,78.0,2
2026-04-17,outlet-1,CAKE-006,7,0,210.0,21
2026-04-17,outlet-1,CAKE-007,14,1,378.0,6
2026-04-17,outlet-1,CAKE-008,2,0,40.0,0
2026-04-17,outlet-1,CAKE-009,5,0,120.0,4
2026-04-17,outlet-1,CAKE-010,10,0,180.0,9
2026-04-17,outlet-2,CAKE-001,3,0,84.0,52
2026-04-17,outlet-2,CAKE-002,10,0,240.0,7
2026-04-17,outlet-2,CAKE-003,8,0,256.0,6
2026-04-17,outlet-2,CAKE-004,4,0,88.0,25
2026-04-17,outlet-2,CAKE-005,4,0,104.0,10
2026-04-17,outlet-2,CAKE-006,6,0,180.0,4
2026-04-17,outlet-2,CAKE-007,8,1,216.0,19
2026-04-17,outlet-2,CAKE-008,4,0,80.0,2
2026-04-17,outlet-2,CAKE-009,6,0,144.0,22
2026-04-17,outlet-2,CAKE-010,11,0,198.0,28
2026-04-17,outlet-3,CAKE-001,22,1,616.0,51
2026-04-17,outlet-3,CAKE-002,6,0,144.0,18
2026-04-17,outlet-3,CAKE-003,11,0,352.0,27
2026-04-17,outlet-3,CAKE-004,4,0,88.0,21
2026-04-17,outlet-3,CAKE-005,7,0,182.0,7
2026-04-17,outlet-3,CAKE-006,13,0,390.0,18
2026-04-17,outlet-3,CAKE-007,6,0,162.0,15
2026-04-17,outlet-3,CAKE-008,3,0,60.0,3
2026-04-17,outlet-3,CAKE-009,5,0,120.0,4
2026-04-17,outlet-3,CAKE-010,5,0,90.0,15
2026-04-17,outlet-4,CAKE-001,10,0,280.0,10
2026-04-17,outlet-4,CAKE-002,13,1,312.0,33
2026-04-17,outlet-4,CAKE-003,6,0,192.0,18
2026-04-17,outlet-4,CAKE-004,4,0,88.0,28
2026-04-17,outlet-4,CAKE-005,9,0,234.0,3
2026-04-17,outlet-4,CAKE-006,3,0,90.0,21
2026-04-17,outlet-4,CAKE-007,8,1,216.0,16
2026-04-17,outlet-4,CAKE-008,7,0,140.0,11
2026-04-17,outlet-4,CAKE-009,8,0,192.0,20
2026-04-17,outlet-4,CAKE-010,9,0,162.0,42
2026-04-17,outlet-5,CAKE-001,0,0,0.0,0
2026-04-17,outlet-5,CAKE-002,4,0,96.0,12
2026-04-17,outlet-5,CAKE-003,3,0,96.0,2
2026-04-17,outlet-5,CAKE-004,4,0,88.0,8
2026-04-17,outlet-5,CAKE-005,2,0,52.0,5
2026-04-17,outlet-5,CAKE-006,0,0,0.0,30
2026-04-17,outlet-5,CAKE-007,3,0,81.0,11
2026-04-17,outlet-5,CAKE-008,2,0,40.0,3
2026-04-17,outlet-5,CAKE-009,4,0,96.0,9
2026-04-17,outlet-5,CAKE-010,4,0,72.0,13
2026-04-18,outlet-1,CAKE-001,5,0,140.0,18
2026-04-18,outlet-1,CAKE-002,11,0,264.0,25
2026-04-18,outlet-1,CAKE-003,8,0,256.0,22
2026-04-18,outlet-1,CAKE-004,7,0,154.0,10
2026-04-18,outlet-1,CAKE-005,2,0,52.0,0
2026-04-18,outlet-1,CAKE-006,7,0,210.0,14
2026-04-18,outlet-1,CAKE-007,6,1,162.0,12
2026-04-18,outlet-1,CAKE-008,0,0,0.0,0
2026-04-18,outlet-1,CAKE-009,4,0,96.0,0
2026-04-18,outlet-1,CAKE-010,8,0,144.0,13
2026-04-18,outlet-2,CAKE-001,15,0,420.0,49
2026-04-18,outlet-2,CAKE-002,7,0,168.0,0
2026-04-18,outlet-2,CAKE-003,6,0,192.0,27
2026-04-18,outlet-2,CAKE-004,5,0,110.0,20
2026-04-18,outlet-2,CAKE-005,4,0,104.0,6
2026-04-18,outlet-2,CAKE-006,4,0,120.0,24
2026-04-18,outlet-2,CAKE-007,5,0,135.0,14
2026-04-18,outlet-2,CAKE-008,2,0,40.0,4
2026-04-18,outlet-2,CAKE-009,5,0,120.0,17
2026-04-18,outlet-2,CAKE-010,9,0,162.0,30
2026-04-18,outlet-3,CAKE-001,7,0,196.0,44
2026-04-18,outlet-3,CAKE-002,13,0,312.0,5
2026-04-18,outlet-3,CAKE-003,10,0,320.0,28
2026-04-18,outlet-3,CAKE-004,5,0,110.0,16
2026-04-18,outlet-3,CAKE-005,5,0,130.0,2
2026-04-18,outlet-3,CAKE-006,11,0,330.0,7
2026-04-18,outlet-3,CAKE-007,9,1,243.0,7
2026-04-18,outlet-3,CAKE-008,2,0,40.0,1
2026-04-18,outlet-3,CAKE-009,4,0,96.0,21
2026-04-18,outlet-3,CAKE-010,7,0,126.0,8
2026-04-18,outlet-4,CAKE-001,10,0,280.0,0
2026-04-18,outlet-4,CAKE-002,12,0,288.0,21
2026-04-18,outlet-4,CAKE-003,7,0,224.0,11
2026-04-18,outlet-4,CAKE-004,6,0,132.0,22
2026-04-18,outlet-4,CAKE-005,3,0,78.0,33
2026-04-18,outlet-4,CAKE-006,5,0,150.0,16
2026-04-18,outlet-4,CAKE-007,11,1,297.0,6
2026-04-18,outlet-4,CAKE-008,5,0,100.0,6
2026-04-18,outlet-4,CAKE-009,5,0,120.0,15
2026-04-18,outlet-4,CAKE-010,11,0,198.0,31
2026-04-18,outlet-5,CAKE-001,0,0,0.0,0
2026-04-18,outlet-5,CAKE-002,4,0,96.0,8
2026-04-18,outlet-5,CAKE-003,2,0,64.0,0
2026-04-18,outlet-5,CAKE-004,3,0,66.0,5
2026-04-18,outlet-5,CAKE-005,3,0,78.0,5
2026-04-18,outlet-5,CAKE-006,3,0,90.0,27
2026-04-18,outlet-5,CAKE-007,4,0,108.0,7
2026-04-18,outlet-5,CAKE-008,2,0,40.0,3
2026-04-18,outlet-5,CAKE-009,4,0,96.0,5
2026-04-18,outlet-5,CAKE-010,4,0,72.0,9
2026-04-19,outlet-1,CAKE-001,16,1,448.0,60
2026-04-19,outlet-1,CAKE-002,8,0,192.0,17
2026-04-19,outlet-1,CAKE-003,9,0,288.0,13
2026-04-19,outlet-1,CAKE-004,3,0,66.0,7
2026-04-19,outlet-1,CAKE-005,0,0,0.0,0
2026-04-19,outlet-1,CAKE-006,10,0,300.0,4
2026-04-19,outlet-1,CAKE-007,7,0,189.0,5
2026-04-19,outlet-1,CAKE-008,0,0,0.0,18
2026-04-19,outlet-1,CAKE-009,0,0,0.0,24
2026-04-19,outlet-1,CAKE-010,8,0,144.0,5
2026-04-19,outlet-2,CAKE-001,13,0,364.0,36
2026-04-19,outlet-2,CAKE-002,0,0,0.0,14
2026-04-19,outlet-2,CAKE-003,6,0,192.0,21
2026-04-19,outlet-2,CAKE-004,5,0,110.0,15
2026-04-19,outlet-2,CAKE-005,5,0,130.0,1
2026-04-19,outlet-2,CAKE-006,3,0,90.0,28
2026-04-19,outlet-2,CAKE-007,11,1,297.0,4
2026-04-19,outlet-2,CAKE-008,3,0,60.0,17
2026-04-19,outlet-2,CAKE-009,6,0,144.0,11
2026-04-19,outlet-2,CAKE-010,9,0,162.0,21
2026-04-19,outlet-3,CAKE-001,18,0,504.0,26
2026-04-19,outlet-3,CAKE-002,5,0,120.0,46
2026-04-19,outlet-3,CAKE-003,9,0,288.0,19
2026-04-19,outlet-3,CAKE-004,5,0,110.0,15
2026-04-19,outlet-3,CAKE-005,2,0,52.0,0
2026-04-19,outlet-3,CAKE-006,7,0,210.0,0
2026-04-19,outlet-3,CAKE-007,7,1,189.0,1
2026-04-19,outlet-3,CAKE-008,1,0,20.0,0
2026-04-19,outlet-3,CAKE-009,4,0,96.0,17
2026-04-19,outlet-3,CAKE-010,6,0,108.0,2
2026-04-19,outlet-4,CAKE-001,0,0,0.0,13
2026-04-19,outlet-4,CAKE-002,11,0,264.0,10
2026-04-19,outlet-4,CAKE-003,8,0,256.0,3
2026-04-19,outlet-4,CAKE-004,4,0,88.0,18
2026-04-19,outlet-4,CAKE-005,9,0,234.0,24
2026-04-19,outlet-4,CAKE-006,6,0,180.0,10
2026-04-19,outlet-4,CAKE-007,6,0,162.0,36
2026-04-19,outlet-4,CAKE-008,6,0,120.0,27
2026-04-19,outlet-4,CAKE-009,7,0,168.0,8
2026-04-19,outlet-4,CAKE-010,12,0,216.0,32
2026-04-19,outlet-5,CAKE-001,0,0,0.0,0
2026-04-19,outlet-5,CAKE-002,5,0,120.0,3
2026-04-19,outlet-5,CAKE-003,0,0,0.0,12
2026-04-19,outlet-5,CAKE-004,2,0,44.0,3
2026-04-19,outlet-5,CAKE-005,2,0,52.0,3
2026-04-19,outlet-5,CAKE-006,5,0,150.0,22
2026-04-19,outlet-5,CAKE-007,6,0,162.0,8
2026-04-19,outlet-5,CAKE-008,2,0,40.0,1
2026-04-19,outlet-5,CAKE-009,4,0,96.0,7
2026-04-19,outlet-5,CAKE-010,6,0,108.0,3
2026-04-20,outlet-1,CAKE-001,9,0,252.0,51
2026-04-20,outlet-1,CAKE-002,8,0,192.0,9
2026-04-20,outlet-1,CAKE-003,3,0,96.0,10
2026-04-20,outlet-1,CAKE-004,4,0,88.0,3
2026-04-20,outlet-1,CAKE-005,0,0,0.0,0
2026-04-20,outlet-1,CAKE-006,3,0,90.0,1
2026-04-20,outlet-1,CAKE-007,5,0,135.0,33
2026-04-20,outlet-1,CAKE-008,3,0,60.0,15
2026-04-20,outlet-1,CAKE-009,4,0,96.0,20
2026-04-20,outlet-1,CAKE-010,5,0,90.0,43
2026-04-20,outlet-2,CAKE-001,7,0,196.0,42
2026-04-20,outlet-2,CAKE-002,10,0,240.0,4
2026-04-20,outlet-2,CAKE-003,8,0,256.0,13
2026-04-20,outlet-2,CAKE-004,4,0,88.0,11
2026-04-20,outlet-2,CAKE-005,1,0,26.0,0
2026-04-20,outlet-2,CAKE-006,4,0,120.0,24
2026-04-20,outlet-2,CAKE-007,4,0,108.0,0
2026-04-20,outlet-2,CAKE-008,2,0,40.0,15
2026-04-20,outlet-2,CAKE-009,5,0,120.0,6
2026-04-20,outlet-2,CAKE-010,4,0,72.0,17
2026-04-20,outlet-3,CAKE-001,18,0,504.0,8
2026-04-20,outlet-3,CAKE-002,8,0,192.0,38
2026-04-20,outlet-3,CAKE-003,6,0,192.0,13
2026-04-20,outlet-3,CAKE-004,3,0,66.0,12
2026-04-20,outlet-3,CAKE-005,0,0,0.0,0
2026-04-20,outlet-3,CAKE-006,0,0,0.0,45
2026-04-20,outlet-3,CAKE-007,1,0,27.0,7
2026-04-20,outlet-3,CAKE-008,0,0,0.0,0
2026-04-20,outlet-3,CAKE-009,4,0,96.0,24
2026-04-20,outlet-3,CAKE-010,2,0,36.0,32
2026-04-20,outlet-4,CAKE-001,8,0,224.0,5
2026-04-20,outlet-4,CAKE-002,10,0,240.0,15
2026-04-20,outlet-4,CAKE-003,3,0,96.0,24
2026-04-20,outlet-4,CAKE-004,4,0,88.0,14
2026-04-20,outlet-4,CAKE-005,6,0,156.0,18
2026-04-20,outlet-4,CAKE-006,2,0,60.0,8
2026-04-20,outlet-4,CAKE-007,6,0,162.0,36
2026-04-20,outlet-4,CAKE-008,5,0,100.0,32
2026-04-20,outlet-4,CAKE-009,5,0,120.0,3
2026-04-20,outlet-4,CAKE-010,8,0,144.0,24
2026-04-20,outlet-5,CAKE-001,0,0,0.0,0
2026-04-20,outlet-5,CAKE-002,3,0,72.0,21
2026-04-20,outlet-5,CAKE-003,2,0,64.0,10
2026-04-20,outlet-5,CAKE-004,2,0,44.0,15
2026-04-20,outlet-5,CAKE-005,1,0,26.0,2
2026-04-20,outlet-5,CAKE-006,7,0,210.0,15
2026-04-20,outlet-5,CAKE-007,2,0,54.0,6
2026-04-20,outlet-5,CAKE-008,1,0,20.0,2
2026-04-20,outlet-5,CAKE-009,2,0,48.0,5
2026-04-20,outlet-5,CAKE-010,3,0,54.0,0
2026-04-21,outlet-1,CAKE-001,13,0,364.0,57
2026-04-21,outlet-1,CAKE-002,9,0,216.0,0
2026-04-21,outlet-1,CAKE-003,6,0,192.0,4
2026-04-21,outlet-1,CAKE-004,3,0,66.0,26
2026-04-21,outlet-1,CAKE-005,0,0,0.0,8
2026-04-21,outlet-1,CAKE-006,1,0,30.0,22
2026-04-21,outlet-1,CAKE-007,3,0,81.0,30
2026-04-21,outlet-1,CAKE-008,2,0,40.0,18
2026-04-21,outlet-1,CAKE-009,5,0,120.0,20
2026-04-21,outlet-1,CAKE-010,9,0,162.0,34
2026-04-21,outlet-2,CAKE-001,10,0,280.0,32
2026-04-21,outlet-2,CAKE-002,4,0,96.0,42
2026-04-21,outlet-2,CAKE-003,3,0,96.0,10
2026-04-21,outlet-2,CAKE-004,5,0,110.0,6
2026-04-21,outlet-2,CAKE-005,0,0,0.0,21
2026-04-21,outlet-2,CAKE-006,4,0,120.0,20
2026-04-21,outlet-2,CAKE-007,0,0,0.0,30
2026-04-21,outlet-2,CAKE-008,2,0,40.0,13
2026-04-21,outlet-2,CAKE-009,3,0,72.0,3
2026-04-21,outlet-2,CAKE-010,7,0,126.0,21
2026-04-21,outlet-3,CAKE-001,8,0,224.0,0
2026-04-21,outlet-3,CAKE-002,5,0,120.0,33
2026-04-21,outlet-3,CAKE-003,10,0,320.0,51
2026-04-21,outlet-3,CAKE-004,3,0,66.0,9
2026-04-21,outlet-3,CAKE-005,0,0,0.0,24
2026-04-21,outlet-3,CAKE-006,9,0,270.0,36
2026-04-21,outlet-3,CAKE-007,6,0,162.0,31
2026-04-21,outlet-3,CAKE-008,0,0,0.0,12
2026-04-21,outlet-3,CAKE-009,4,0,96.0,31
2026-04-21,outlet-3,CAKE-010,6,0,108.0,26
2026-04-21,outlet-4,CAKE-001,5,0,140.0,43
2026-04-21,outlet-4,CAKE-002,9,0,216.0,6
2026-04-21,outlet-4,CAKE-003,5,0,160.0,19
2026-04-21,outlet-4,CAKE-004,4,0,88.0,10
2026-04-21,outlet-4,CAKE-005,6,0,156.0,12
2026-04-21,outlet-4,CAKE-006,2,0,60.0,6
2026-04-21,outlet-4,CAKE-007,6,0,162.0,30
2026-04-21,outlet-4,CAKE-008,4,0,80.0,28
2026-04-21,outlet-4,CAKE-009,3,0,72.0,0
2026-04-21,outlet-4,CAKE-010,7,0,126.0,17
2026-04-21,outlet-5,CAKE-001,0,0,0.0,0
2026-04-21,outlet-5,CAKE-002,4,0,96.0,17
2026-04-21,outlet-5,CAKE-003,4,0,128.0,6
2026-04-21,outlet-5,CAKE-004,3,0,66.0,12
2026-04-21,outlet-5,CAKE-005,2,0,52.0,12
2026-04-21,outlet-5,CAKE-006,7,0,210.0,8
2026-04-21,outlet-5,CAKE-007,2,0,54.0,4
2026-04-21,outlet-5,CAKE-008,1,0,20.0,1
2026-04-21,outlet-5,CAKE-009,3,0,72.0,2
2026-04-21,outlet-5,CAKE-010,0,0,0.0,21
2026-04-22,outlet-1,CAKE-001,11,0,308.0,46
2026-04-22,outlet-1,CAKE-002,0,0,0.0,19
2026-04-22,outlet-1,CAKE-003,4,0,128.0,30
2026-04-22,outlet-1,CAKE-004,3,0,66.0,23
2026-04-22,outlet-1,CAKE-005,2,0,52.0,6
2026-04-22,outlet-1,CAKE-006,7,0,210.0,15
2026-04-22,outlet-1,CAKE-007,8,0,216.0,22
2026-04-22,outlet-1,CAKE-008,3,0,60.0,15
2026-04-22,outlet-1,CAKE-009,5,0,120.0,22
2026-04-22,outlet-1,CAKE-010,6,0,108.0,28
2026-04-22,outlet-2,CAKE-001,9,0,252.0,23
2026-04-22,outlet-2,CAKE-002,7,0,168.0,35
2026-04-22,outlet-2,CAKE-003,3,0,96.0,7
2026-04-22,outlet-2,CAKE-004,3,0,66.0,3
2026-04-22,outlet-2,CAKE-005,5,0,130.0,16
2026-04-22,outlet-2,CAKE-006,5,0,150.0,24
2026-04-22,outlet-2,CAKE-007,6,0,162.0,24
2026-04-22,outlet-2,CAKE-008,3,0,60.0,10
2026-04-22,outlet-2,CAKE-009,3,0,72.0,0
2026-04-22,outlet-2,CAKE-010,6,0,108.0,15
2026-04-22,outlet-3,CAKE-001,0,0,0.0,67
2026-04-22,outlet-3,CAKE-002,8,0,192.0,25
2026-04-22,outlet-3,CAKE-003,8,0,256.0,43
2026-04-22,outlet-3,CAKE-004,4,0,88.0,5
2026-04-22,outlet-3,CAKE-005,4,0,104.0,20
2026-04-22,outlet-3,CAKE-006,8,0,240.0,28
2026-04-22,outlet-3,CAKE-007,3,0,81.0,28
2026-04-22,outlet-3,CAKE-008,1,0,20.0,11
2026-04-22,outlet-3,CAKE-009,4,0,96.0,38
2026-04-22,outlet-3,CAKE-010,5,0,90.0,21
2026-04-22,outlet-4,CAKE-001,11,0,308.0,32
2026-04-22,outlet-4,CAKE-002,6,0,144.0,0
2026-04-22,outlet-4,CAKE-003,3,0,96.0,29
2026-04-22,outlet-4,CAKE-004,3,0,66.0,7
2026-04-22,outlet-4,CAKE-005,6,0,156.0,18
2026-04-22,outlet-4,CAKE-006,3,0,90.0,3
2026-04-22,outlet-4,CAKE-007,7,0,189.0,23
2026-04-22,outlet-4,CAKE-008,4,0,80.0,24
2026-04-22,outlet-4,CAKE-009,0,0,0.0,28
2026-04-22,outlet-4,CAKE-010,9,0,162.0,8
2026-04-22,outlet-5,CAKE-001,0,0,0.0,0
2026-04-22,outlet-5,CAKE-002,4,0,96.0,13
2026-04-22,outlet-5,CAKE-003,3,0,96.0,3
2026-04-22,outlet-5,CAKE-004,2,0,44.0,10
2026-04-22,outlet-5,CAKE-005,2,0,52.0,10
2026-04-22,outlet-5,CAKE-006,2,0,60.0,6
2026-04-22,outlet-5,CAKE-007,3,0,81.0,16
2026-04-22,outlet-5,CAKE-008,1,0,20.0,7
2026-04-22,outlet-5,CAKE-009,2,0,48.0,6
2026-04-22,outlet-5,CAKE-010,2,0,36.0,19
2026-04-23,outlet-1,CAKE-001,13,0,364.0,33
2026-04-23,outlet-1,CAKE-002,7,0,168.0,12
2026-04-23,outlet-1,CAKE-003,4,0,128.0,26
2026-04-23,outlet-1,CAKE-004,5,0,110.0,18
2026-04-23,outlet-1,CAKE-005,4,0,104.0,2
2026-04-23,outlet-1,CAKE-006,3,0,90.0,12
2026-04-23,outlet-1,CAKE-007,1,0,27.0,21
2026-04-23,outlet-1,CAKE-008,3,0,60.0,12
2026-04-23,outlet-1,CAKE-009,6,0,144.0,16
2026-04-23,outlet-1,CAKE-010,9,0,162.0,19
2026-04-23,outlet-2,CAKE-001,5,0,140.0,18
2026-04-23,outlet-2,CAKE-002,6,0,144.0,29
2026-04-23,outlet-2,CAKE-003,4,0,128.0,3
2026-04-23,outlet-2,CAKE-004,3,0,66.0,5
2026-04-23,outlet-2,CAKE-005,3,0,78.0,13
2026-04-23,outlet-2,CAKE-006,3,0,90.0,21
2026-04-23,outlet-2,CAKE-007,6,0,162.0,18
2026-04-23,outlet-2,CAKE-008,2,0,40.0,8
2026-04-23,outlet-2,CAKE-009,0,0,0.0,0
2026-04-23,outlet-2,CAKE-010,7,0,126.0,18
2026-04-23,outlet-3,CAKE-001,16,1,448.0,66
2026-04-23,outlet-3,CAKE-002,9,0,216.0,16
2026-04-23,outlet-3,CAKE-003,10,0,320.0,33
2026-04-23,outlet-3,CAKE-004,3,0,66.0,2
2026-04-23,outlet-3,CAKE-005,4,0,104.0,16
2026-04-23,outlet-3,CAKE-006,8,0,240.0,20
2026-04-23,outlet-3,CAKE-007,6,0,162.0,22
2026-04-23,outlet-3,CAKE-008,2,0,40.0,9
2026-04-23,outlet-3,CAKE-009,4,0,96.0,34
2026-04-23,outlet-3,CAKE-010,5,0,90.0,16
2026-04-23,outlet-4,CAKE-001,8,0,224.0,24
2026-04-23,outlet-4,CAKE-002,0,0,0.0,54
2026-04-23,outlet-4,CAKE-003,4,0,128.0,25
2026-04-23,outlet-4,CAKE-004,5,0,110.0,9
2026-04-23,outlet-4,CAKE-005,6,0,156.0,12
2026-04-23,outlet-4,CAKE-006,3,0,90.0,0
2026-04-23,outlet-4,CAKE-007,4,0,108.0,19
2026-04-23,outlet-4,CAKE-008,5,0,100.0,19
2026-04-23,outlet-4,CAKE-009,5,0,120.0,23
2026-04-23,outlet-4,CAKE-010,8,0,144.0,46
2026-04-23,outlet-5,CAKE-001,0,0,0.0,0
2026-04-23,outlet-5,CAKE-002,4,0,96.0,9
2026-04-23,outlet-5,CAKE-003,2,0,64.0,1
2026-04-23,outlet-5,CAKE-004,2,0,44.0,8
2026-04-23,outlet-5,CAKE-005,2,0,52.0,8
2026-04-23,outlet-5,CAKE-006,3,0,90.0,3
2026-04-23,outlet-5,CAKE-007,2,0,54.0,20
2026-04-23,outlet-5,CAKE-008,1,0,20.0,6
2026-04-23,outlet-5,CAKE-009,3,0,72.0,9
2026-04-23,outlet-5,CAKE-010,3,0,54.0,16
2026-04-24,outlet-1,CAKE-001,11,0,308.0,43
2026-04-24,outlet-1,CAKE-002,9,0,216.0,3
2026-04-24,outlet-1,CAKE-003,8,0,256.0,25
2026-04-24,outlet-1,CAKE-004,5,0,110.0,13
2026-04-24,outlet-1,CAKE-005,2,0,52.0,24
2026-04-24,outlet-1,CAKE-006,10,0,300.0,32
2026-04-24,outlet-1,CAKE-007,8,0,216.0,13
2026-04-24,outlet-1,CAKE-008,4,0,80.0,8
2026-04-24,outlet-1,CAKE-009,6,0,144.0,10
2026-04-24,outlet-1,CAKE-010,12,0,216.0,7
2026-04-24,outlet-2,CAKE-001,17,0,476.0,1
2026-04-24,outlet-2,CAKE-002,9,0,216.0,20
2026-04-24,outlet-2,CAKE-003,3,0,96.0,27
2026-04-24,outlet-2,CAKE-004,5,0,110.0,0
2026-04-24,outlet-2,CAKE-005,4,0,104.0,9
2026-04-24,outlet-2,CAKE-006,8,0,240.0,22
2026-04-24,outlet-2,CAKE-007,5,0,135.0,13
2026-04-24,outlet-2,CAKE-008,3,0,60.0,5
2026-04-24,outlet-2,CAKE-009,0,0,0.0,21
2026-04-24,outlet-2,CAKE-010,9,0,162.0,9
2026-04-24,outlet-3,CAKE-001,15,0,420.0,51
2026-04-24,outlet-3,CAKE-002,9,0,216.0,7
2026-04-24,outlet-3,CAKE-003,13,0,416.0,33
2026-04-24,outlet-3,CAKE-004,2,0,44.0,4
2026-04-24,outlet-3,CAKE-005,6,0,156.0,10
2026-04-24,outlet-3,CAKE-006,11,0,330.0,22
2026-04-24,outlet-3,CAKE-007,6,0,162.0,16
2026-04-24,outlet-3,CAKE-008,2,0,40.0,7
2026-04-24,outlet-3,CAKE-009,3,0,72.0,31
2026-04-24,outlet-3,CAKE-010,3,0,54.0,24
2026-04-24,outlet-4,CAKE-001,13,0,364.0,11
2026-04-24,outlet-4,CAKE-002,12,0,288.0,42
2026-04-24,outlet-4,CAKE-003,9,0,288.0,16
2026-04-24,outlet-4,CAKE-004,6,0,132.0,3
2026-04-24,outlet-4,CAKE-005,9,0,234.0,3
2026-04-24,outlet-4,CAKE-006,0,0,0.0,21
2026-04-24,outlet-4,CAKE-007,7,0,189.0,12
2026-04-24,outlet-4,CAKE-008,2,0,40.0,17
2026-04-24,outlet-4,CAKE-009,4,0,96.0,19
2026-04-24,outlet-4,CAKE-010,11,0,198.0,35
2026-04-24,outlet-5,CAKE-001,0,0,0.0,0
2026-04-24,outlet-5,CAKE-002,3,0,72.0,6
2026-04-24,outlet-5,CAKE-003,1,0,32.0,0
2026-04-24,outlet-5,CAKE-004,4,0,88.0,7
2026-04-24,outlet-5,CAKE-005,2,0,52.0,6
2026-04-24,outlet-5,CAKE-006,3,0,90.0,0
2026-04-24,outlet-5,CAKE-007,4,0,108.0,16
2026-04-24,outlet-5,CAKE-008,1,0,20.0,7
2026-04-24,outlet-5,CAKE-009,5,0,120.0,4
2026-04-24,outlet-5,CAKE-010,6,0,108.0,10
2026-04-25,outlet-1,CAKE-001,12,0,336.0,31
2026-04-25,outlet-1,CAKE-002,3,0,72.0,46
2026-04-25,outlet-1,CAKE-003,5,0,160.0,20
2026-04-25,outlet-1,CAKE-004,5,0,110.0,8
2026-04-25,outlet-1,CAKE-005,4,0,104.0,28
2026-04-25,outlet-1,CAKE-006,5,0,150.0,27
2026-04-25,outlet-1,CAKE-007,6,0,162.0,7
2026-04-25,outlet-1,CAKE-008,5,0,100.0,3
2026-04-25,outlet-1,CAKE-009,6,0,144.0,4
2026-04-25,outlet-1,CAKE-010,7,0,126.0,0
2026-04-25,outlet-2,CAKE-001,1,0,28.0,0
2026-04-25,outlet-2,CAKE-002,14,0,336.0,6
2026-04-25,outlet-2,CAKE-003,10,0,320.0,17
2026-04-25,outlet-2,CAKE-004,0,0,0.0,0
2026-04-25,outlet-2,CAKE-005,6,0,156.0,3
2026-04-25,outlet-2,CAKE-006,4,0,120.0,18
2026-04-25,outlet-2,CAKE-007,4,0,108.0,9
2026-04-25,outlet-2,CAKE-008,3,0,60.0,2
2026-04-25,outlet-2,CAKE-009,3,0,72.0,18
2026-04-25,outlet-2,CAKE-010,9,0,162.0,13
2026-04-25,outlet-3,CAKE-001,10,0,280.0,57
2026-04-25,outlet-3,CAKE-002,7,0,168.0,13
2026-04-25,outlet-3,CAKE-003,14,0,448.0,19
2026-04-25,outlet-3,CAKE-004,4,0,88.0,19
2026-04-25,outlet-3,CAKE-005,6,0,156.0,4
2026-04-25,outlet-3,CAKE-006,9,0,270.0,13
2026-04-25,outlet-3,CAKE-007,3,0,81.0,13
2026-04-25,outlet-3,CAKE-008,1,0,20.0,6
2026-04-25,outlet-3,CAKE-009,5,0,120.0,26
2026-04-25,outlet-3,CAKE-010,5,0,90.0,19
2026-04-25,outlet-4,CAKE-001,2,0,56.0,9
2026-04-25,outlet-4,CAKE-002,11,0,264.0,31
2026-04-25,outlet-4,CAKE-003,5,0,160.0,11
2026-04-25,outlet-4,CAKE-004,3,0,66.0,28
2026-04-25,outlet-4,CAKE-005,3,0,78.0,33
2026-04-25,outlet-4,CAKE-006,4,0,120.0,17
2026-04-25,outlet-4,CAKE-007,10,1,270.0,3
2026-04-25,outlet-4,CAKE-008,5,0,100.0,12
2026-04-25,outlet-4,CAKE-009,4,0,96.0,15
2026-04-25,outlet-4,CAKE-010,11,0,198.0,24
2026-04-25,outlet-5,CAKE-001,0,0,0.0,0
2026-04-25,outlet-5,CAKE-002,4,0,96.0,2
2026-04-25,outlet-5,CAKE-003,0,0,0.0,12
2026-04-25,outlet-5,CAKE-004,2,0,44.0,5
2026-04-25,outlet-5,CAKE-005,3,0,78.0,3
2026-04-25,outlet-5,CAKE-006,0,0,0.0,12
2026-04-25,outlet-5,CAKE-007,4,0,108.0,12
2026-04-25,outlet-5,CAKE-008,1,0,20.0,6
2026-04-25,outlet-5,CAKE-009,3,0,72.0,17
2026-04-25,outlet-5,CAKE-010,5,0,90.0,5
2026-04-26,outlet-1,CAKE-001,15,0,420.0,16
2026-04-26,outlet-1,CAKE-002,12,0,288.0,34
2026-04-26,outlet-1,CAKE-003,11,0,352.0,15
2026-04-26,outlet-1,CAKE-004,7,0,154.0,27
2026-04-26,outlet-1,CAKE-005,4,0,104.0,24
2026-04-26,outlet-1,CAKE-006,7,0,210.0,20
2026-04-26,outlet-1,CAKE-007,6,0,162.0,34
2026-04-26,outlet-1,CAKE-008,3,0,60.0,18
2026-04-26,outlet-1,CAKE-009,4,0,96.0,24
2026-04-26,outlet-1,CAKE-010,0,0,0.0,43
2026-04-26,outlet-2,CAKE-001,0,0,0.0,48
2026-04-26,outlet-2,CAKE-002,6,0,144.0,42
2026-04-26,outlet-2,CAKE-003,5,0,160.0,12
2026-04-26,outlet-2,CAKE-004,0,0,0.0,24
2026-04-26,outlet-2,CAKE-005,3,0,78.0,21
2026-04-26,outlet-2,CAKE-006,8,0,240.0,18
2026-04-26,outlet-2,CAKE-007,9,1,243.0,7
2026-04-26,outlet-2,CAKE-008,2,0,40.0,16
2026-04-26,outlet-2,CAKE-009,5,0,120.0,13
2026-04-26,outlet-2,CAKE-010,11,0,198.0,13
2026-04-26,outlet-3,CAKE-001,21,0,588.0,36
2026-04-26,outlet-3,CAKE-002,8,0,192.0,5
2026-04-26,outlet-3,CAKE-003,10,0,320.0,9
2026-04-26,outlet-3,CAKE-004,3,0,66.0,20
2026-04-26,outlet-3,CAKE-005,4,0,104.0,24
2026-04-26,outlet-3,CAKE-006,13,1,390.0,16
2026-04-26,outlet-3,CAKE-007,5,0,135.0,8
2026-04-26,outlet-3,CAKE-008,2,0,40.0,4
2026-04-26,outlet-3,CAKE-009,3,0,72.0,23
2026-04-26,outlet-3,CAKE-010,9,0,162.0,10
2026-04-26,outlet-4,CAKE-001,9,0,252.0,43
2026-04-26,outlet-4,CAKE-002,11,0,264.0,20
2026-04-26,outlet-4,CAKE-003,8,0,256.0,3
2026-04-26,outlet-4,CAKE-004,6,0,132.0,22
2026-04-26,outlet-4,CAKE-005,6,0,156.0,27
2026-04-26,outlet-4,CAKE-006,4,0,120.0,20
2026-04-26,outlet-4,CAKE-007,3,0,81.0,36
2026-04-26,outlet-4,CAKE-008,7,0,140.0,5
2026-04-26,outlet-4,CAKE-009,9,0,216.0,6
2026-04-26,outlet-4,CAKE-010,7,0,126.0,17
2026-04-26,outlet-5,CAKE-001,0,0,0.0,28
2026-04-26,outlet-5,CAKE-002,2,0,48.0,0
2026-04-26,outlet-5,CAKE-003,3,0,96.0,13
2026-04-26,outlet-5,CAKE-004,3,0,66.0,2
2026-04-26,outlet-5,CAKE-005,3,0,78.0,0
2026-04-26,outlet-5,CAKE-006,9,0,270.0,16
2026-04-26,outlet-5,CAKE-007,4,0,108.0,8
2026-04-26,outlet-5,CAKE-008,2,0,40.0,4
2026-04-26,outlet-5,CAKE-009,4,0,96.0,18
2026-04-26,outlet-5,CAKE-010,5,0,90.0,21
2026-04-27,outlet-1,CAKE-001,10,0,280.0,27
2026-04-27,outlet-1,CAKE-002,10,0,240.0,24
2026-04-27,outlet-1,CAKE-003,3,0,96.0,20
2026-04-27,outlet-1,CAKE-004,4,0,88.0,30
2026-04-27,outlet-1,CAKE-005,3,0,78.0,21
2026-04-27,outlet-1,CAKE-006,7,0,210.0,13
2026-04-27,outlet-1,CAKE-007,5,0,135.0,29
2026-04-27,outlet-1,CAKE-008,4,0,80.0,19
2026-04-27,outlet-1,CAKE-009,5,0,120.0,19
2026-04-27,outlet-1,CAKE-010,7,0,126.0,36
2026-04-27,outlet-2,CAKE-001,11,0,308.0,49
2026-04-27,outlet-2,CAKE-002,7,0,168.0,35
2026-04-27,outlet-2,CAKE-003,4,0,128.0,17
2026-04-27,outlet-2,CAKE-004,4,0,88.0,20
2026-04-27,outlet-2,CAKE-005,4,0,104.0,25
2026-04-27,outlet-2,CAKE-006,4,0,120.0,23
2026-04-27,outlet-2,CAKE-007,7,0,189.0,30
2026-04-27,outlet-2,CAKE-008,3,0,60.0,13
2026-04-27,outlet-2,CAKE-009,4,0,96.0,9
2026-04-27,outlet-2,CAKE-010,6,0,108.0,7
2026-04-27,outlet-3,CAKE-001,8,0,224.0,28
2026-04-27,outlet-3,CAKE-002,5,0,120.0,46
2026-04-27,outlet-3,CAKE-003,7,0,224.0,14
2026-04-27,outlet-3,CAKE-004,3,0,66.0,17
2026-04-27,outlet-3,CAKE-005,4,0,104.0,24
2026-04-27,outlet-3,CAKE-006,6,0,180.0,10
2026-04-27,outlet-3,CAKE-007,8,0,216.0,30
2026-04-27,outlet-3,CAKE-008,2,0,40.0,2
2026-04-27,outlet-3,CAKE-009,4,0,96.0,19
2026-04-27,outlet-3,CAKE-010,5,0,90.0,5
2026-04-27,outlet-4,CAKE-001,8,0,224.0,35
2026-04-27,outlet-4,CAKE-002,10,0,240.0,10
2026-04-27,outlet-4,CAKE-003,3,0,96.0,0
2026-04-27,outlet-4,CAKE-004,5,0,110.0,17
2026-04-27,outlet-4,CAKE-005,6,0,156.0,34
2026-04-27,outlet-4,CAKE-006,4,0,120.0,16
2026-04-27,outlet-4,CAKE-007,5,0,135.0,31
2026-04-27,outlet-4,CAKE-008,5,0,100.0,27
2026-04-27,outlet-4,CAKE-009,5,0,120.0,1
2026-04-27,outlet-4,CAKE-010,10,0,180.0,23
2026-04-27,outlet-5,CAKE-001,7,0,196.0,21
2026-04-27,outlet-5,CAKE-002,0,0,0.0,21
2026-04-27,outlet-5,CAKE-003,2,0,64.0,11
2026-04-27,outlet-5,CAKE-004,2,0,44.0,4
2026-04-27,outlet-5,CAKE-005,0,0,0.0,0
2026-04-27,outlet-5,CAKE-006,6,0,180.0,10
2026-04-27,outlet-5,CAKE-007,2,0,54.0,14
2026-04-27,outlet-5,CAKE-008,1,0,20.0,3
2026-04-27,outlet-5,CAKE-009,2,0,48.0,16
2026-04-27,outlet-5,CAKE-010,4,0,72.0,17
2026-04-28,outlet-1,CAKE-001,11,0,308.0,35
2026-04-28,outlet-1,CAKE-002,6,0,144.0,18
2026-04-28,outlet-1,CAKE-003,5,0,160.0,15
2026-04-28,outlet-1,CAKE-004,4,0,88.0,26
2026-04-28,outlet-1,CAKE-005,3,0,78.0,18
2026-04-28,outlet-1,CAKE-006,7,0,210.0,6
2026-04-28,outlet-1,CAKE-007,5,0,135.0,24
2026-04-28,outlet-1,CAKE-008,3,0,60.0,16
2026-04-28,outlet-1,CAKE-009,4,0,96.0,22
2026-04-28,outlet-1,CAKE-010,6,0,108.0,30
2026-04-28,outlet-2,CAKE-001,7,0,196.0,42
2026-04-28,outlet-2,CAKE-002,8,0,192.0,27
2026-04-28,outlet-2,CAKE-003,2,0,64.0,23
2026-04-28,outlet-2,CAKE-004,5,0,110.0,15
2026-04-28,outlet-2,CAKE-005,4,0,104.0,21
2026-04-28,outlet-2,CAKE-006,5,0,150.0,25
2026-04-28,outlet-2,CAKE-007,4,0,108.0,26
2026-04-28,outlet-2,CAKE-008,3,0,60.0,14
2026-04-28,outlet-2,CAKE-009,5,0,120.0,4
2026-04-28,outlet-2,CAKE-010,6,0,108.0,40
2026-04-28,outlet-3,CAKE-001,14,0,392.0,30
2026-04-28,outlet-3,CAKE-002,5,0,120.0,41
2026-04-28,outlet-3,CAKE-003,7,0,224.0,7
2026-04-28,outlet-3,CAKE-004,2,0,44.0,19
2026-04-28,outlet-3,CAKE-005,4,0,104.0,20
2026-04-28,outlet-3,CAKE-006,9,0,270.0,46
2026-04-28,outlet-3,CAKE-007,5,0,135.0,32
2026-04-28,outlet-3,CAKE-008,2,0,40.0,12
2026-04-28,outlet-3,CAKE-009,3,0,72.0,27
2026-04-28,outlet-3,CAKE-010,5,0,90.0,0
2026-04-28,outlet-4,CAKE-001,9,0,252.0,38
2026-04-28,outlet-4,CAKE-002,10,0,240.0,0
2026-04-28,outlet-4,CAKE-003,0,0,0.0,0
2026-04-28,outlet-4,CAKE-004,3,0,66.0,14
2026-04-28,outlet-4,CAKE-005,6,0,156.0,41
2026-04-28,outlet-4,CAKE-006,3,0,90.0,13
2026-04-28,outlet-4,CAKE-007,6,1,162.0,26
2026-04-28,outlet-4,CAKE-008,6,0,120.0,21
2026-04-28,outlet-4,CAKE-009,1,0,24.0,28
2026-04-28,outlet-4,CAKE-010,9,0,162.0,14
2026-04-28,outlet-5,CAKE-001,4,0,112.0,17
2026-04-28,outlet-5,CAKE-002,4,0,96.0,17
2026-04-28,outlet-5,CAKE-003,2,0,64.0,9
2026-04-28,outlet-5,CAKE-004,4,0,88.0,4
2026-04-28,outlet-5,CAKE-005,0,0,0.0,12
2026-04-28,outlet-5,CAKE-006,6,0,180.0,4
2026-04-28,outlet-5,CAKE-007,3,0,81.0,18
2026-04-28,outlet-5,CAKE-008,1,0,20.0,2
2026-04-28,outlet-5,CAKE-009,3,0,72.0,13
2026-04-28,outlet-5,CAKE-010,4,0,72.0,13
2026-04-29,outlet-1,CAKE-001,13,0,364.0,39
2026-04-29,outlet-1,CAKE-002,6,0,144.0,12
2026-04-29,outlet-1,CAKE-003,5,0,160.0,10
2026-04-29,outlet-1,CAKE-004,4,0,88.0,22
2026-04-29,outlet-1,CAKE-005,5,0,130.0,13
2026-04-29,outlet-1,CAKE-006,5,0,150.0,1
2026-04-29,outlet-1,CAKE-007,5,0,135.0,19
2026-04-29,outlet-1,CAKE-008,2,0,40.0,14
2026-04-29,outlet-1,CAKE-009,4,0,96.0,23
2026-04-29,outlet-1,CAKE-010,5,0,90.0,37
2026-04-29,outlet-2,CAKE-001,8,0,224.0,49
2026-04-29,outlet-2,CAKE-002,9,0,216.0,18
2026-04-29,outlet-2,CAKE-003,4,0,128.0,19
2026-04-29,outlet-2,CAKE-004,3,0,66.0,12
2026-04-29,outlet-2,CAKE-005,3,0,78.0,25
2026-04-29,outlet-2,CAKE-006,5,0,150.0,27
2026-04-29,outlet-2,CAKE-007,5,0,135.0,21
2026-04-29,outlet-2,CAKE-008,2,0,40.0,12
2026-04-29,outlet-2,CAKE-009,4,0,96.0,21
2026-04-29,outlet-2,CAKE-010,8,0,144.0,32
2026-04-29,outlet-3,CAKE-001,9,0,252.0,36
2026-04-29,outlet-3,CAKE-002,9,0,216.0,32
2026-04-29,outlet-3,CAKE-003,7,0,224.0,48
2026-04-29,outlet-3,CAKE-004,4,0,88.0,15
2026-04-29,outlet-3,CAKE-005,3,0,78.0,17
2026-04-29,outlet-3,CAKE-006,10,0,300.0,36
2026-04-29,outlet-3,CAKE-007,9,1,243.0,31
2026-04-29,outlet-3,CAKE-008,2,0,40.0,10
2026-04-29,outlet-3,CAKE-009,4,0,96.0,23
2026-04-29,outlet-3,CAKE-010,0,0,0.0,32
2026-04-29,outlet-4,CAKE-001,5,0,140.0,33
2026-04-29,outlet-4,CAKE-002,0,0,0.0,0
2026-04-29,outlet-4,CAKE-003,0,0,0.0,24
2026-04-29,outlet-4,CAKE-004,4,0,88.0,10
2026-04-29,outlet-4,CAKE-005,5,0,130.0,36
2026-04-29,outlet-4,CAKE-006,3,0,90.0,10
2026-04-29,outlet-4,CAKE-007,6,0,162.0,20
2026-04-29,outlet-4,CAKE-008,3,0,60.0,18
2026-04-29,outlet-4,CAKE-009,5,0,120.0,23
2026-04-29,outlet-4,CAKE-010,7,0,126.0,7
2026-04-29,outlet-5,CAKE-001,5,0,140.0,12
2026-04-29,outlet-5,CAKE-002,4,0,96.0,17
2026-04-29,outlet-5,CAKE-003,2,0,64.0,7
2026-04-29,outlet-5,CAKE-004,3,0,66.0,1
2026-04-29,outlet-5,CAKE-005,3,0,78.0,9
2026-04-29,outlet-5,CAKE-006,4,0,120.0,30
2026-04-29,outlet-5,CAKE-007,2,0,54.0,23
2026-04-29,outlet-5,CAKE-008,2,0,40.0,0
2026-04-29,outlet-5,CAKE-009,3,0,72.0,10
2026-04-29,outlet-5,CAKE-010,5,0,90.0,8
2026-04-30,outlet-1,CAKE-001,12,0,336.0,27
2026-04-30,outlet-1,CAKE-002,6,0,144.0,6
2026-04-30,outlet-1,CAKE-003,7,0,224.0,3
2026-04-30,outlet-1,CAKE-004,5,0,110.0,17
2026-04-30,outlet-1,CAKE-005,4,0,104.0,9
2026-04-30,outlet-1,CAKE-006,1,0,30.0,18
2026-04-30,outlet-1,CAKE-007,4,0,108.0,15
2026-04-30,outlet-1,CAKE-008,3,0,60.0,11
2026-04-30,outlet-1,CAKE-009,3,0,72.0,20
2026-04-30,outlet-1,CAKE-010,8,0,144.0,29
2026-04-30,outlet-2,CAKE-001,7,0,196.0,42
2026-04-30,outlet-2,CAKE-002,7,0,168.0,26
2026-04-30,outlet-2,CAKE-003,5,0,160.0,14
2026-04-30,outlet-2,CAKE-004,4,0,88.0,14
2026-04-30,outlet-2,CAKE-005,3,0,78.0,22
2026-04-30,outlet-2,CAKE-006,3,0,90.0,24
2026-04-30,outlet-2,CAKE-007,6,1,162.0,16
2026-04-30,outlet-2,CAKE-008,3,0,60.0,9
2026-04-30,outlet-2,CAKE-009,3,0,72.0,18
2026-04-30,outlet-2,CAKE-010,9,0,162.0,23
2026-04-30,outlet-3,CAKE-001,12,0,336.0,24
2026-04-30,outlet-3,CAKE-002,9,0,216.0,23
2026-04-30,outlet-3,CAKE-003,10,0,320.0,38
2026-04-30,outlet-3,CAKE-004,4,0,88.0,14
2026-04-30,outlet-3,CAKE-005,2,0,52.0,20
2026-04-30,outlet-3,CAKE-006,11,0,330.0,25
2026-04-30,outlet-3,CAKE-007,7,1,189.0,25
2026-04-30,outlet-3,CAKE-008,2,0,40.0,8
2026-04-30,outlet-3,CAKE-009,2,0,48.0,21
2026-04-30,outlet-3,CAKE-010,5,0,90.0,27
2026-04-30,outlet-4,CAKE-001,9,0,252.0,24
2026-04-30,outlet-4,CAKE-002,0,0,0.0,0
2026-04-30,outlet-4,CAKE-003,6,0,192.0,18
2026-04-30,outlet-4,CAKE-004,4,0,88.0,6
2026-04-30,outlet-4,CAKE-005,8,0,208.0,28
2026-04-30,outlet-4,CAKE-006,2,0,60.0,8
2026-04-30,outlet-4,CAKE-007,9,1,243.0,12
2026-04-30,outlet-4,CAKE-008,4,0,80.0,14
2026-04-30,outlet-4,CAKE-009,4,0,96.0,19
2026-04-30,outlet-4,CAKE-010,7,0,126.0,0
2026-04-30,outlet-5,CAKE-001,6,0,168.0,6
2026-04-30,outlet-5,CAKE-002,5,0,120.0,16
2026-04-30,outlet-5,CAKE-003,2,0,64.0,5
2026-04-30,outlet-5,CAKE-004,1,0,22.0,3
2026-04-30,outlet-5,CAKE-005,2,0,52.0,7
2026-04-30,outlet-5,CAKE-006,6,0,180.0,24
2026-04-30,outlet-5,CAKE-007,3,0,81.0,20
2026-04-30,outlet-5,CAKE-008,0,0,0.0,0
2026-04-30,outlet-5,CAKE-009,2,0,48.0,8
2026-04-30,outlet-5,CAKE-010,3,0,54.0,5
2026-05-01,outlet-1,CAKE-001,20,1,560.0,8
2026-05-01,outlet-1,CAKE-002,6,0,144.0,0
2026-05-01,outlet-1,CAKE-003,3,0,96.0,6
2026-05-01,outlet-1,CAKE-004,5,0,110.0,12
2026-05-01,outlet-1,CAKE-005,4,0,104.0,14
2026-05-01,outlet-1,CAKE-006,8,0,240.0,10
2026-05-01,outlet-1,CAKE-007,8,0,216.0,7
2026-05-01,outlet-1,CAKE-008,3,0,60.0,8
2026-05-01,outlet-1,CAKE-009,6,0,144.0,19
2026-05-01,outlet-1,CAKE-010,7,0,126.0,34
2026-05-01,outlet-2,CAKE-001,12,0,336.0,30
2026-05-01,outlet-2,CAKE-002,13,0,312.0,13
2026-05-01,outlet-2,CAKE-003,3,0,96.0,11
2026-05-01,outlet-2,CAKE-004,7,0,154.0,7
2026-05-01,outlet-2,CAKE-005,6,0,156.0,16
2026-05-01,outlet-2,CAKE-006,7,0,210.0,17
2026-05-01,outlet-2,CAKE-007,8,0,216.0,8
2026-05-01,outlet-2,CAKE-008,4,0,80.0,9
2026-05-01,outlet-2,CAKE-009,5,0,120.0,13
2026-05-01,outlet-2,CAKE-010,10,0,180.0,13
2026-05-01,outlet-3,CAKE-001,18,1,504.0,7
2026-05-01,outlet-3,CAKE-002,11,0,264.0,12
2026-05-01,outlet-3,CAKE-003,11,0,352.0,27
2026-05-01,outlet-3,CAKE-004,6,0,132.0,8
2026-05-01,outlet-3,CAKE-005,6,0,156.0,14
2026-05-01,outlet-3,CAKE-006,11,0,330.0,14
2026-05-01,outlet-3,CAKE-007,8,0,216.0,24
2026-05-01,outlet-3,CAKE-008,3,0,60.0,5
2026-05-01,outlet-3,CAKE-009,4,0,96.0,29
2026-05-01,outlet-3,CAKE-010,9,0,162.0,29
2026-05-01,outlet-4,CAKE-001,9,0,252.0,15
2026-05-01,outlet-4,CAKE-002,0,0,0.0,0
2026-05-01,outlet-4,CAKE-003,7,0,224.0,11
2026-05-01,outlet-4,CAKE-004,6,0,132.0,8
2026-05-01,outlet-4,CAKE-005,9,0,234.0,19
2026-05-01,outlet-4,CAKE-006,5,0,150.0,3
2026-05-01,outlet-4,CAKE-007,5,0,135.0,7
2026-05-01,outlet-4,CAKE-008,5,0,100.0,21
2026-05-01,outlet-4,CAKE-009,6,0,144.0,13
2026-05-01,outlet-4,CAKE-010,0,0,0.0,46
2026-05-01,outlet-5,CAKE-001,6,0,168.0,0
2026-05-01,outlet-5,CAKE-002,5,0,120.0,15
2026-05-01,outlet-5,CAKE-003,4,0,128.0,1
2026-05-01,outlet-5,CAKE-004,3,0,66.0,3
2026-05-01,outlet-5,CAKE-005,2,0,52.0,5
2026-05-01,outlet-5,CAKE-006,10,0,300.0,25
2026-05-01,outlet-5,CAKE-007,3,0,81.0,17
2026-05-01,outlet-5,CAKE-008,0,0,0.0,7
2026-05-01,outlet-5,CAKE-009,4,0,96.0,4
2026-05-01,outlet-5,CAKE-010,4,0,72.0,1
2026-05-02,outlet-1,CAKE-001,8,0,224.0,17
2026-05-02,outlet-1,CAKE-002,0,0,0.0,16
2026-05-02,outlet-1,CAKE-003,6,0,192.0,0
2026-05-02,outlet-1,CAKE-004,7,0,154.0,5
2026-05-02,outlet-1,CAKE-005,5,0,130.0,9
2026-05-02,outlet-1,CAKE-006,6,0,180.0,23
2026-05-02,outlet-1,CAKE-007,7,1,189.0,34
2026-05-02,outlet-1,CAKE-008,4,0,80.0,9
2026-05-02,outlet-1,CAKE-009,5,0,120.0,14
2026-05-02,outlet-1,CAKE-010,10,0,180.0,24
2026-05-02,outlet-2,CAKE-001,13,1,364.0,18
2026-05-02,outlet-2,CAKE-002,8,0,192.0,18
2026-05-02,outlet-2,CAKE-003,7,0,224.0,4
2026-05-02,outlet-2,CAKE-004,4,0,88.0,3
2026-05-02,outlet-2,CAKE-005,4,0,104.0,12
2026-05-02,outlet-2,CAKE-006,6,0,180.0,11
2026-05-02,outlet-2,CAKE-007,8,0,216.0,6
2026-05-02,outlet-2,CAKE-008,4,0,80.0,5
2026-05-02,outlet-2,CAKE-009,5,0,120.0,14
2026-05-02,outlet-2,CAKE-010,8,0,144.0,5
2026-05-02,outlet-3,CAKE-001,7,0,196.0,16
2026-05-02,outlet-3,CAKE-002,12,0,288.0,0
2026-05-02,outlet-3,CAKE-003,13,0,416.0,14
2026-05-02,outlet-3,CAKE-004,4,0,88.0,4
2026-05-02,outlet-3,CAKE-005,4,0,104.0,10
2026-05-02,outlet-3,CAKE-006,13,0,390.0,13
2026-05-02,outlet-3,CAKE-007,9,1,243.0,16
2026-05-02,outlet-3,CAKE-008,2,0,40.0,3
2026-05-02,outlet-3,CAKE-009,4,0,96.0,25
2026-05-02,outlet-3,CAKE-010,8,0,144.0,21
2026-05-02,outlet-4,CAKE-001,8,0,224.0,7
2026-05-02,outlet-4,CAKE-002,0,0,0.0,54
2026-05-02,outlet-4,CAKE-003,4,0,128.0,7
2026-05-02,outlet-4,CAKE-004,5,0,110.0,11
2026-05-02,outlet-4,CAKE-005,8,0,208.0,24
2026-05-02,outlet-4,CAKE-006,3,0,90.0,7
2026-05-02,outlet-4,CAKE-007,7,1,189.0,37
2026-05-02,outlet-4,CAKE-008,5,0,100.0,16
2026-05-02,outlet-4,CAKE-009,5,0,120.0,8
2026-05-02,outlet-4,CAKE-010,11,0,198.0,35
2026-05-02,outlet-5,CAKE-001,0,0,0.0,28
2026-05-02,outlet-5,CAKE-002,4,0,96.0,11
2026-05-02,outlet-5,CAKE-003,1,0,32.0,0
2026-05-02,outlet-5,CAKE-004,3,0,66.0,0
2026-05-02,outlet-5,CAKE-005,1,0,26.0,4
2026-05-02,outlet-5,CAKE-006,10,0,300.0,15
2026-05-02,outlet-5,CAKE-007,3,0,81.0,14
2026-05-02,outlet-5,CAKE-008,2,0,40.0,5
2026-05-02,outlet-5,CAKE-009,3,0,72.0,8
2026-05-02,outlet-5,CAKE-010,1,0,18.0,0
2026-05-03,outlet-1,CAKE-001,17,0,476.0,57
2026-05-03,outlet-1,CAKE-002,8,0,192.0,8
2026-05-03,outlet-1,CAKE-003,0,0,0.0,30
2026-05-03,outlet-1,CAKE-004,5,0,110.0,26
2026-05-03,outlet-1,CAKE-005,6,0,156.0,3
2026-05-03,outlet-1,CAKE-006,5,0,150.0,18
2026-05-03,outlet-1,CAKE-007,5,0,135.0,29
2026-05-03,outlet-1,CAKE-008,4,0,80.0,5
2026-05-03,outlet-1,CAKE-009,3,0,72.0,11
2026-05-03,outlet-1,CAKE-010,7,0,126.0,17
2026-05-03,outlet-2,CAKE-001,15,0,420.0,3
2026-05-03,outlet-2,CAKE-002,13,0,312.0,5
2026-05-03,outlet-2,CAKE-003,4,0,128.0,27
2026-05-03,outlet-2,CAKE-004,3,0,66.0,0
2026-05-03,outlet-2,CAKE-005,4,0,104.0,8
2026-05-03,outlet-2,CAKE-006,7,0,210.0,4
2026-05-03,outlet-2,CAKE-007,6,1,162.0,1
2026-05-03,outlet-2,CAKE-008,4,0,80.0,17
2026-05-03,outlet-2,CAKE-009,5,0,120.0,9
2026-05-03,outlet-2,CAKE-010,5,0,90.0,39
2026-05-03,outlet-3,CAKE-001,16,0,448.0,0
2026-05-03,outlet-3,CAKE-002,0,0,0.0,13
2026-05-03,outlet-3,CAKE-003,4,0,128.0,10
2026-05-03,outlet-3,CAKE-004,4,0,88.0,19
2026-05-03,outlet-3,CAKE-005,5,0,130.0,5
2026-05-03,outlet-3,CAKE-006,13,0,390.0,45
2026-05-03,outlet-3,CAKE-007,10,0,270.0,6
2026-05-03,outlet-3,CAKE-008,3,0,60.0,0
2026-05-03,outlet-3,CAKE-009,5,0,120.0,20
2026-05-03,outlet-3,CAKE-010,8,0,144.0,13
2026-05-03,outlet-4,CAKE-001,7,0,196.0,0
2026-05-03,outlet-4,CAKE-002,13,0,312.0,41
2026-05-03,outlet-4,CAKE-003,4,0,128.0,15
2026-05-03,outlet-4,CAKE-004,7,0,154.0,4
2026-05-03,outlet-4,CAKE-005,9,0,234.0,15
2026-05-03,outlet-4,CAKE-006,7,0,210.0,7
2026-05-03,outlet-4,CAKE-007,12,1,324.0,33
2026-05-03,outlet-4,CAKE-008,6,0,120.0,10
2026-05-03,outlet-4,CAKE-009,5,0,120.0,10
2026-05-03,outlet-4,CAKE-010,9,0,162.0,42
2026-05-03,outlet-5,CAKE-001,5,0,140.0,23
2026-05-03,outlet-5,CAKE-002,5,0,120.0,6
2026-05-03,outlet-5,CAKE-003,0,0,0.0,12
2026-05-03,outlet-5,CAKE-004,0,0,0.0,3
2026-05-03,outlet-5,CAKE-005,3,0,78.0,1
2026-05-03,outlet-5,CAKE-006,6,0,180.0,20
2026-05-03,outlet-5,CAKE-007,3,0,81.0,18
2026-05-03,outlet-5,CAKE-008,1,0,20.0,4
2026-05-03,outlet-5,CAKE-009,4,0,96.0,4
2026-05-03,outlet-5,CAKE-010,0,0,0.0,0
2026-05-04,outlet-1,CAKE-001,14,0,392.0,43
2026-05-04,outlet-1,CAKE-002,5,0,120.0,49
2026-05-04,outlet-1,CAKE-003,9,0,288.0,21
2026-05-04,outlet-1,CAKE-004,6,0,132.0,20
2026-05-04,outlet-1,CAKE-005,3,0,78.0,24
2026-05-04,outlet-1,CAKE-006,2,0,60.0,35
2026-05-04,outlet-1,CAKE-007,5,0,135.0,24
2026-05-04,outlet-1,CAKE-008,3,0,60.0,2
2026-05-04,outlet-1,CAKE-009,3,0,72.0,8
2026-05-04,outlet-1,CAKE-010,10,0,180.0,7
2026-05-04,outlet-2,CAKE-001,3,0,84.0,16
2026-05-04,outlet-2,CAKE-002,5,0,120.0,0
2026-05-04,outlet-2,CAKE-003,5,0,160.0,22
2026-05-04,outlet-2,CAKE-004,0,0,0.0,24
2026-05-04,outlet-2,CAKE-005,2,0,52.0,6
2026-05-04,outlet-2,CAKE-006,3,0,90.0,1
2026-05-04,outlet-2,CAKE-007,1,0,27.0,6
2026-05-04,outlet-2,CAKE-008,3,0,60.0,18
2026-05-04,outlet-2,CAKE-009,5,0,120.0,12
2026-05-04,outlet-2,CAKE-010,7,0,126.0,32
2026-05-04,outlet-3,CAKE-001,0,0,0.0,67
2026-05-04,outlet-3,CAKE-002,8,0,192.0,17
2026-05-04,outlet-3,CAKE-003,10,0,320.0,48
2026-05-04,outlet-3,CAKE-004,3,0,66.0,16
2026-05-04,outlet-3,CAKE-005,4,0,104.0,25
2026-05-04,outlet-3,CAKE-006,8,0,240.0,50
2026-05-04,outlet-3,CAKE-007,2,0,54.0,11
2026-05-04,outlet-3,CAKE-008,0,0,0.0,12
2026-05-04,outlet-3,CAKE-009,4,0,96.0,26
2026-05-04,outlet-3,CAKE-010,5,0,90.0,8
2026-05-04,outlet-4,CAKE-001,0,0,0.0,43
2026-05-04,outlet-4,CAKE-002,12,0,288.0,29
2026-05-04,outlet-4,CAKE-003,4,0,128.0,11
2026-05-04,outlet-4,CAKE-004,4,0,88.0,0
2026-05-04,outlet-4,CAKE-005,7,0,182.0,8
2026-05-04,outlet-4,CAKE-006,3,0,90.0,4
2026-05-04,outlet-4,CAKE-007,7,0,189.0,26
2026-05-04,outlet-4,CAKE-008,4,0,80.0,6
2026-05-04,outlet-4,CAKE-009,4,0,96.0,6
2026-05-04,outlet-4,CAKE-010,7,0,126.0,35
2026-05-04,outlet-5,CAKE-001,5,0,140.0,18
2026-05-04,outlet-5,CAKE-002,4,0,96.0,2
2026-05-04,outlet-5,CAKE-003,2,0,64.0,10
2026-05-04,outlet-5,CAKE-004,2,0,44.0,15
2026-05-04,outlet-5,CAKE-005,1,0,26.0,12
2026-05-04,outlet-5,CAKE-006,5,0,150.0,26
2026-05-04,outlet-5,CAKE-007,4,0,108.0,14
2026-05-04,outlet-5,CAKE-008,1,0,20.0,3
2026-05-04,outlet-5,CAKE-009,2,0,48.0,2
2026-05-04,outlet-5,CAKE-010,0,0,0.0,21
2026-05-05,outlet-1,CAKE-001,15,0,420.0,28
2026-05-05,outlet-1,CAKE-002,10,0,240.0,39
2026-05-05,outlet-1,CAKE-003,4,0,128.0,24
2026-05-05,outlet-1,CAKE-004,5,0,110.0,15
2026-05-05,outlet-1,CAKE-005,4,0,104.0,20
2026-05-05,outlet-1,CAKE-006,5,0,150.0,30
2026-05-05,outlet-1,CAKE-007,6,0,162.0,30
2026-05-05,outlet-1,CAKE-008,2,0,40.0,4
2026-05-05,outlet-1,CAKE-009,4,0,96.0,10
2026-05-05,outlet-1,CAKE-010,7,0,126.0,0
2026-05-05,outlet-2,CAKE-001,13,0,364.0,51
2026-05-05,outlet-2,CAKE-002,0,0,0.0,0
2026-05-05,outlet-2,CAKE-003,4,0,128.0,18
2026-05-05,outlet-2,CAKE-004,5,0,110.0,19
2026-05-05,outlet-2,CAKE-005,4,0,104.0,2
2026-05-05,outlet-2,CAKE-006,1,0,30.0,7
2026-05-05,outlet-2,CAKE-007,6,0,162.0,0
2026-05-05,outlet-2,CAKE-008,3,0,60.0,15
2026-05-05,outlet-2,CAKE-009,3,0,72.0,9
2026-05-05,outlet-2,CAKE-010,9,0,162.0,23
2026-05-05,outlet-3,CAKE-001,20,1,560.0,48
2026-05-05,outlet-3,CAKE-002,9,0,216.0,21
2026-05-05,outlet-3,CAKE-003,3,0,96.0,45
2026-05-05,outlet-3,CAKE-004,2,0,44.0,14
2026-05-05,outlet-3,CAKE-005,5,0,130.0,20
2026-05-05,outlet-3,CAKE-006,6,0,180.0,44
2026-05-05,outlet-3,CAKE-007,5,0,135.0,6
2026-05-05,outlet-3,CAKE-008,2,0,40.0,10
2026-05-05,outlet-3,CAKE-009,3,0,72.0,23
2026-05-05,outlet-3,CAKE-010,5,0,90.0,3
2026-05-05,outlet-4,CAKE-001,7,0,196.0,36
2026-05-05,outlet-4,CAKE-002,9,0,216.0,20
2026-05-05,outlet-4,CAKE-003,4,0,128.0,7
2026-05-05,outlet-4,CAKE-004,0,0,0.0,0
2026-05-05,outlet-4,CAKE-005,7,0,182.0,1
2026-05-05,outlet-4,CAKE-006,4,0,120.0,0
2026-05-05,outlet-4,CAKE-007,6,0,162.0,20
2026-05-05,outlet-4,CAKE-008,4,0,80.0,2
2026-05-05,outlet-4,CAKE-009,4,0,96.0,2
2026-05-05,outlet-4,CAKE-010,9,0,162.0,40
2026-05-05,outlet-5,CAKE-001,4,0,112.0,14
2026-05-05,outlet-5,CAKE-002,2,0,48.0,5
2026-05-05,outlet-5,CAKE-003,2,0,64.0,12
2026-05-05,outlet-5,CAKE-004,2,0,44.0,13
2026-05-05,outlet-5,CAKE-005,2,0,52.0,10
2026-05-05,outlet-5,CAKE-006,7,0,210.0,31
2026-05-05,outlet-5,CAKE-007,2,0,54.0,12
2026-05-05,outlet-5,CAKE-008,1,0,20.0,2
2026-05-05,outlet-5,CAKE-009,2,0,48.0,0
2026-05-05,outlet-5,CAKE-010,4,0,72.0,17
2026-05-06,outlet-1,CAKE-001,8,0,224.0,20
2026-05-06,outlet-1,CAKE-002,9,0,216.0,30
2026-05-06,outlet-1,CAKE-003,4,0,128.0,20
2026-05-06,outlet-1,CAKE-004,5,0,110.0,17
2026-05-06,outlet-1,CAKE-005,5,0,130.0,15
2026-05-06,outlet-1,CAKE-006,5,0,150.0,25
2026-05-06,outlet-1,CAKE-007,8,0,216.0,22
2026-05-06,outlet-1,CAKE-008,4,0,80.0,4
2026-05-06,outlet-1,CAKE-009,4,0,96.0,6
2026-05-06,outlet-1,CAKE-010,0,0,0.0,0
2026-05-06,outlet-2,CAKE-001,12,0,336.0,39
2026-05-06,outlet-2,CAKE-002,0,0,0.0,0
2026-05-06,outlet-2,CAKE-003,5,0,160.0,13
2026-05-06,outlet-2,CAKE-004,4,0,88.0,15
2026-05-06,outlet-2,CAKE-005,2,0,52.0,8
2026-05-06,outlet-2,CAKE-006,2,0,60.0,5
2026-05-06,outlet-2,CAKE-007,0,0,0.0,30
2026-05-06,outlet-2,CAKE-008,2,0,40.0,13
2026-05-06,outlet-2,CAKE-009,2,0,48.0,14
2026-05-06,outlet-2,CAKE-010,7,0,126.0,27
2026-05-06,outlet-3,CAKE-001,17,0,476.0,31
2026-05-06,outlet-3,CAKE-002,8,0,192.0,13
2026-05-06,outlet-3,CAKE-003,7,0,224.0,38
2026-05-06,outlet-3,CAKE-004,3,0,66.0,14
2026-05-06,outlet-3,CAKE-005,6,0,156.0,14
2026-05-06,outlet-3,CAKE-006,5,0,150.0,39
2026-05-06,outlet-3,CAKE-007,4,0,108.0,32
2026-05-06,outlet-3,CAKE-008,2,0,40.0,8
2026-05-06,outlet-3,CAKE-009,3,0,72.0,32
2026-05-06,outlet-3,CAKE-010,3,0,54.0,32
2026-05-06,outlet-4,CAKE-001,5,0,140.0,44
2026-05-06,outlet-4,CAKE-002,10,0,240.0,29
2026-05-06,outlet-4,CAKE-003,6,0,192.0,25
2026-05-06,outlet-4,CAKE-004,0,0,0.0,28
2026-05-06,outlet-4,CAKE-005,1,0,26.0,0
2026-05-06,outlet-4,CAKE-006,0,0,0.0,0
2026-05-06,outlet-4,CAKE-007,3,0,81.0,17
2026-05-06,outlet-4,CAKE-008,2,0,40.0,12
2026-05-06,outlet-4,CAKE-009,2,0,48.0,28
2026-05-06,outlet-4,CAKE-010,5,0,90.0,49
2026-05-06,outlet-5,CAKE-001,4,0,112.0,10
2026-05-06,outlet-5,CAKE-002,5,0,120.0,21
2026-05-06,outlet-5,CAKE-003,2,0,64.0,10
2026-05-06,outlet-5,CAKE-004,2,0,44.0,11
2026-05-06,outlet-5,CAKE-005,1,0,26.0,9
2026-05-06,outlet-5,CAKE-006,3,0,90.0,28
2026-05-06,outlet-5,CAKE-007,2,0,54.0,10
2026-05-06,outlet-5,CAKE-008,1,0,20.0,3
2026-05-06,outlet-5,CAKE-009,0,0,0.0,16
2026-05-06,outlet-5,CAKE-010,3,0,54.0,18
2026-05-07,outlet-1,CAKE-001,11,0,308.0,9
2026-05-07,outlet-1,CAKE-002,8,0,192.0,22
2026-05-07,outlet-1,CAKE-003,3,0,96.0,17
2026-05-07,outlet-1,CAKE-004,4,0,88.0,13
2026-05-07,outlet-1,CAKE-005,4,0,104.0,11
2026-05-07,outlet-1,CAKE-006,6,0,180.0,19
2026-05-07,outlet-1,CAKE-007,6,0,162.0,16
2026-05-07,outlet-1,CAKE-008,3,0,60.0,19
2026-05-07,outlet-1,CAKE-009,3,0,72.0,3
2026-05-07,outlet-1,CAKE-010,0,0,0.0,43
2026-05-07,outlet-2,CAKE-001,6,0,168.0,33
2026-05-07,outlet-2,CAKE-002,0,0,0.0,13
2026-05-07,outlet-2,CAKE-003,5,0,160.0,8
2026-05-07,outlet-2,CAKE-004,3,0,66.0,12
2026-05-07,outlet-2,CAKE-005,4,0,104.0,12
2026-05-07,outlet-2,CAKE-006,5,0,150.0,0
2026-05-07,outlet-2,CAKE-007,5,0,135.0,25
2026-05-07,outlet-2,CAKE-008,2,0,40.0,11
2026-05-07,outlet-2,CAKE-009,3,0,72.0,11
2026-05-07,outlet-2,CAKE-010,7,0,126.0,20
2026-05-07,outlet-3,CAKE-001,16,1,448.0,16
2026-05-07,outlet-3,CAKE-002,7,0,168.0,6
2026-05-07,outlet-3,CAKE-003,7,0,224.0,31
2026-05-07,outlet-3,CAKE-004,3,0,66.0,11
2026-05-07,outlet-3,CAKE-005,3,0,78.0,11
2026-05-07,outlet-3,CAKE-006,9,0,270.0,30
2026-05-07,outlet-3,CAKE-007,6,1,162.0,27
2026-05-07,outlet-3,CAKE-008,2,0,40.0,6
2026-05-07,outlet-3,CAKE-009,4,0,96.0,28
2026-05-07,outlet-3,CAKE-010,6,0,108.0,26
2026-05-07,outlet-4,CAKE-001,9,0,252.0,35
2026-05-07,outlet-4,CAKE-002,11,0,264.0,18
2026-05-07,outlet-4,CAKE-003,4,0,128.0,21
2026-05-07,outlet-4,CAKE-004,6,0,132.0,22
2026-05-07,outlet-4,CAKE-005,0,0,0.0,0
2026-05-07,outlet-4,CAKE-006,0,0,0.0,8
2026-05-07,outlet-4,CAKE-007,6,0,162.0,11
2026-05-07,outlet-4,CAKE-008,5,0,100.0,7
2026-05-07,outlet-4,CAKE-009,5,0,120.0,23
2026-05-07,outlet-4,CAKE-010,6,0,108.0,43
2026-05-07,outlet-5,CAKE-001,8,0,224.0,2
2026-05-07,outlet-5,CAKE-002,5,0,120.0,16
2026-05-07,outlet-5,CAKE-003,2,0,64.0,8
2026-05-07,outlet-5,CAKE-004,3,0,66.0,8
2026-05-07,outlet-5,CAKE-005,2,0,52.0,7
2026-05-07,outlet-5,CAKE-006,7,0,210.0,21
2026-05-07,outlet-5,CAKE-007,3,0,81.0,7
2026-05-07,outlet-5,CAKE-008,1,0,20.0,2
2026-05-07,outlet-5,CAKE-009,4,0,96.0,12
2026-05-07,outlet-5,CAKE-010,4,0,72.0,14
2026-05-08,outlet-1,CAKE-001,9,0,252.0,17
2026-05-08,outlet-1,CAKE-002,10,0,240.0,12
2026-05-08,outlet-1,CAKE-003,7,0,224.0,17
2026-05-08,outlet-1,CAKE-004,8,0,176.0,5
2026-05-08,outlet-1,CAKE-005,6,0,156.0,5
2026-05-08,outlet-1,CAKE-006,9,0,270.0,10
2026-05-08,outlet-1,CAKE-007,11,0,297.0,5
2026-05-08,outlet-1,CAKE-008,3,0,60.0,16
2026-05-08,outlet-1,CAKE-009,3,0,72.0,0
2026-05-08,outlet-1,CAKE-010,8,0,144.0,35
2026-05-08,outlet-2,CAKE-001,15,0,420.0,18
2026-05-08,outlet-2,CAKE-002,10,0,240.0,3
2026-05-08,outlet-2,CAKE-003,6,0,192.0,2
2026-05-08,outlet-2,CAKE-004,4,0,88.0,8
2026-05-08,outlet-2,CAKE-005,4,0,104.0,8
2026-05-08,outlet-2,CAKE-006,0,0,0.0,9
2026-05-08,outlet-2,CAKE-007,7,0,189.0,18
2026-05-08,outlet-2,CAKE-008,3,0,60.0,12
2026-05-08,outlet-2,CAKE-009,5,0,120.0,13
2026-05-08,outlet-2,CAKE-010,10,0,180.0,10
2026-05-08,outlet-3,CAKE-001,16,0,448.0,67
2026-05-08,outlet-3,CAKE-002,6,0,144.0,0
2026-05-08,outlet-3,CAKE-003,7,0,224.0,24
2026-05-08,outlet-3,CAKE-004,4,0,88.0,7
2026-05-08,outlet-3,CAKE-005,5,0,130.0,6
2026-05-08,outlet-3,CAKE-006,13,0,390.0,17
2026-05-08,outlet-3,CAKE-007,8,1,216.0,20
2026-05-08,outlet-3,CAKE-008,3,0,60.0,3
2026-05-08,outlet-3,CAKE-009,3,0,72.0,35
2026-05-08,outlet-3,CAKE-010,9,0,162.0,17
2026-05-08,outlet-4,CAKE-001,12,0,336.0,23
2026-05-08,outlet-4,CAKE-002,13,1,312.0,6
2026-05-08,outlet-4,CAKE-003,4,0,128.0,17
2026-05-08,outlet-4,CAKE-004,9,0,198.0,13
2026-05-08,outlet-4,CAKE-005,0,0,0.0,10
2026-05-08,outlet-4,CAKE-006,6,0,180.0,9
2026-05-08,outlet-4,CAKE-007,5,0,135.0,6
2026-05-08,outlet-4,CAKE-008,7,0,140.0,27
2026-05-08,outlet-4,CAKE-009,5,0,120.0,18
2026-05-08,outlet-4,CAKE-010,12,0,216.0,31
2026-05-08,outlet-5,CAKE-001,2,0,56.0,28
2026-05-08,outlet-5,CAKE-002,5,0,120.0,11
2026-05-08,outlet-5,CAKE-003,2,0,64.0,6
2026-05-08,outlet-5,CAKE-004,3,0,66.0,5
2026-05-08,outlet-5,CAKE-005,3,0,78.0,4
2026-05-08,outlet-5,CAKE-006,5,0,150.0,16
2026-05-08,outlet-5,CAKE-007,6,0,162.0,1
2026-05-08,outlet-5,CAKE-008,2,0,40.0,7
2026-05-08,outlet-5,CAKE-009,2,0,48.0,10
2026-05-08,outlet-5,CAKE-010,3,0,54.0,11
2026-05-09,outlet-1,CAKE-001,14,0,392.0,60
2026-05-09,outlet-1,CAKE-002,9,0,216.0,3
2026-05-09,outlet-1,CAKE-003,6,0,192.0,11
2026-05-09,outlet-1,CAKE-004,4,0,88.0,7
2026-05-09,outlet-1,CAKE-005,5,0,130.0,0
2026-05-09,outlet-1,CAKE-006,8,0,240.0,2
2026-05-09,outlet-1,CAKE-007,5,0,135.0,33
2026-05-09,outlet-1,CAKE-008,3,0,60.0,13
2026-05-09,outlet-1,CAKE-009,0,0,0.0,24
2026-05-09,outlet-1,CAKE-010,10,0,180.0,25
2026-05-09,outlet-2,CAKE-001,16,0,448.0,2
2026-05-09,outlet-2,CAKE-002,3,0,72.0,42
2026-05-09,outlet-2,CAKE-003,2,0,64.0,27
2026-05-09,outlet-2,CAKE-004,4,0,88.0,9
2026-05-09,outlet-2,CAKE-005,6,0,156.0,2
2026-05-09,outlet-2,CAKE-006,4,0,120.0,5
2026-05-09,outlet-2,CAKE-007,6,0,162.0,18
2026-05-09,outlet-2,CAKE-008,4,0,80.0,8
2026-05-09,outlet-2,CAKE-009,3,0,72.0,10
2026-05-09,outlet-2,CAKE-010,6,0,108.0,14
2026-05-09,outlet-3,CAKE-001,16,0,448.0,51
2026-05-09,outlet-3,CAKE-002,0,0,0.0,46
2026-05-09,outlet-3,CAKE-003,7,0,224.0,17
2026-05-09,outlet-3,CAKE-004,6,0,132.0,20
2026-05-09,outlet-3,CAKE-005,6,0,156.0,0
2026-05-09,outlet-3,CAKE-006,10,0,300.0,7
2026-05-09,outlet-3,CAKE-007,10,1,270.0,11
2026-05-09,outlet-3,CAKE-008,3,0,60.0,12
2026-05-09,outlet-3,CAKE-009,5,0,120.0,30
2026-05-09,outlet-3,CAKE-010,8,0,144.0,9
2026-05-09,outlet-4,CAKE-001,9,0,252.0,14
2026-05-09,outlet-4,CAKE-002,6,0,144.0,0
2026-05-09,outlet-4,CAKE-003,6,0,192.0,11
2026-05-09,outlet-4,CAKE-004,5,0,110.0,8
2026-05-09,outlet-4,CAKE-005,7,0,182.0,3
2026-05-09,outlet-4,CAKE-006,7,0,210.0,2
2026-05-09,outlet-4,CAKE-007,6,0,162.0,0
2026-05-09,outlet-4,CAKE-008,5,0,100.0,22
2026-05-09,outlet-4,CAKE-009,7,0,168.0,11
2026-05-09,outlet-4,CAKE-010,5,0,90.0,26
2026-05-09,outlet-5,CAKE-001,9,0,252.0,19
2026-05-09,outlet-5,CAKE-002,4,0,96.0,7
2026-05-09,outlet-5,CAKE-003,4,0,128.0,2
2026-05-09,outlet-5,CAKE-004,2,0,44.0,3
2026-05-09,outlet-5,CAKE-005,2,0,52.0,2
2026-05-09,outlet-5,CAKE-006,9,0,270.0,7
2026-05-09,outlet-5,CAKE-007,1,0,27.0,0
2026-05-09,outlet-5,CAKE-008,2,0,40.0,5
2026-05-09,outlet-5,CAKE-009,3,0,72.0,7
2026-05-09,outlet-5,CAKE-010,5,0,90.0,6
2026-05-10,outlet-1,CAKE-001,13,0,364.0,66
2026-05-10,outlet-1,CAKE-002,3,0,72.0,19
2026-05-10,outlet-1,CAKE-003,9,0,288.0,2
2026-05-10,outlet-1,CAKE-004,7,0,154.0,0
2026-05-10,outlet-1,CAKE-005,0,0,0.0,24
2026-05-10,outlet-1,CAKE-006,2,0,60.0,20
2026-05-10,outlet-1,CAKE-007,8,0,216.0,25
2026-05-10,outlet-1,CAKE-008,3,0,60.0,10
2026-05-10,outlet-1,CAKE-009,2,0,48.0,22
2026-05-10,outlet-1,CAKE-010,9,0,162.0,16
2026-05-10,outlet-2,CAKE-001,2,0,56.0,0
2026-05-10,outlet-2,CAKE-002,11,0,264.0,31
2026-05-10,outlet-2,CAKE-003,6,0,192.0,21
2026-05-10,outlet-2,CAKE-004,8,0,176.0,1
2026-05-10,outlet-2,CAKE-005,2,0,52.0,0
2026-05-10,outlet-2,CAKE-006,3,0,90.0,10
2026-05-10,outlet-2,CAKE-007,7,1,189.0,12
2026-05-10,outlet-2,CAKE-008,3,0,60.0,5
2026-05-10,outlet-2,CAKE-009,3,0,72.0,7
2026-05-10,outlet-2,CAKE-010,11,0,198.0,3
2026-05-10,outlet-3,CAKE-001,15,0,420.0,36
2026-05-10,outlet-3,CAKE-002,8,0,192.0,38
2026-05-10,outlet-3,CAKE-003,11,0,352.0,19
2026-05-10,outlet-3,CAKE-004,4,0,88.0,16
2026-05-10,outlet-3,CAKE-005,0,0,0.0,24
2026-05-10,outlet-3,CAKE-006,7,0,210.0,15
2026-05-10,outlet-3,CAKE-007,10,1,270.0,10
2026-05-10,outlet-3,CAKE-008,2,0,40.0,10
2026-05-10,outlet-3,CAKE-009,4,0,96.0,26
2026-05-10,outlet-3,CAKE-010,7,0,126.0,12
2026-05-10,outlet-4,CAKE-001,13,0,364.0,44
2026-05-10,outlet-4,CAKE-002,0,0,0.0,54
2026-05-10,outlet-4,CAKE-003,4,0,128.0,7
2026-05-10,outlet-4,CAKE-004,7,0,154.0,1
2026-05-10,outlet-4,CAKE-005,3,0,78.0,33
2026-05-10,outlet-4,CAKE-006,2,0,60.0,0
2026-05-10,outlet-4,CAKE-007,0,0,0.0,36
2026-05-10,outlet-4,CAKE-008,6,0,120.0,16
2026-05-10,outlet-4,CAKE-009,6,0,144.0,5
2026-05-10,outlet-4,CAKE-010,11,0,198.0,15
2026-05-10,outlet-5,CAKE-001,10,0,280.0,9
2026-05-10,outlet-5,CAKE-002,5,0,120.0,2
2026-05-10,outlet-5,CAKE-003,2,0,64.0,12
2026-05-10,outlet-5,CAKE-004,3,0,66.0,14
2026-05-10,outlet-5,CAKE-005,2,0,52.0,12
2026-05-10,outlet-5,CAKE-006,7,0,210.0,30
2026-05-10,outlet-5,CAKE-007,0,0,0.0,6
2026-05-10,outlet-5,CAKE-008,2,0,40.0,5
2026-05-10,outlet-5,CAKE-009,2,0,48.0,5
2026-05-10,outlet-5,CAKE-010,4,0,72.0,2
2026-05-11,outlet-1,CAKE-001,9,0,252.0,57
2026-05-11,outlet-1,CAKE-002,5,0,120.0,34
2026-05-11,outlet-1,CAKE-003,2,0,64.0,0
2026-05-11,outlet-1,CAKE-004,0,0,0.0,0
2026-05-11,outlet-1,CAKE-005,5,0,130.0,19
2026-05-11,outlet-1,CAKE-006,5,0,150.0,15
2026-05-11,outlet-1,CAKE-007,4,0,108.0,21
2026-05-11,outlet-1,CAKE-008,3,0,60.0,7
2026-05-11,outlet-1,CAKE-009,4,0,96.0,24
2026-05-11,outlet-1,CAKE-010,8,0,144.0,8
2026-05-11,outlet-2,CAKE-001,0,0,0.0,48
2026-05-11,outlet-2,CAKE-002,7,0,168.0,24
2026-05-11,outlet-2,CAKE-003,6,0,192.0,15
2026-05-11,outlet-2,CAKE-004,1,0,22.0,0
2026-05-11,outlet-2,CAKE-005,0,0,0.0,0
2026-05-11,outlet-2,CAKE-006,5,0,150.0,5
2026-05-11,outlet-2,CAKE-007,6,0,162.0,6
2026-05-11,outlet-2,CAKE-008,2,0,40.0,6
2026-05-11,outlet-2,CAKE-009,5,0,120.0,2
2026-05-11,outlet-2,CAKE-010,3,0,54.0,39
2026-05-11,outlet-3,CAKE-001,11,0,308.0,25
2026-05-11,outlet-3,CAKE-002,9,0,216.0,29
2026-05-11,outlet-3,CAKE-003,6,0,192.0,13
2026-05-11,outlet-3,CAKE-004,4,0,88.0,15
2026-05-11,outlet-3,CAKE-005,4,0,104.0,25
2026-05-11,outlet-3,CAKE-006,5,0,150.0,25
2026-05-11,outlet-3,CAKE-007,7,1,189.0,4
2026-05-11,outlet-3,CAKE-008,2,0,40.0,8
2026-05-11,outlet-3,CAKE-009,4,0,96.0,22
2026-05-11,outlet-3,CAKE-010,4,0,72.0,8
2026-05-11,outlet-4,CAKE-001,13,0,364.0,31
2026-05-11,outlet-4,CAKE-002,10,0,240.0,44
2026-05-11,outlet-4,CAKE-003,2,0,64.0,5
2026-05-11,outlet-4,CAKE-004,1,0,22.0,28
2026-05-11,outlet-4,CAKE-005,8,0,208.0,25
2026-05-11,outlet-4,CAKE-006,0,0,0.0,21
2026-05-11,outlet-4,CAKE-007,5,0,135.0,31
2026-05-11,outlet-4,CAKE-008,4,0,80.0,12
2026-05-11,outlet-4,CAKE-009,5,0,120.0,28
2026-05-11,outlet-4,CAKE-010,10,0,180.0,5
2026-05-11,outlet-5,CAKE-001,7,0,196.0,9
2026-05-11,outlet-5,CAKE-002,2,0,48.0,21
2026-05-11,outlet-5,CAKE-003,2,0,64.0,10
2026-05-11,outlet-5,CAKE-004,3,0,66.0,11
2026-05-11,outlet-5,CAKE-005,2,0,52.0,10
2026-05-11,outlet-5,CAKE-006,4,0,120.0,26
2026-05-11,outlet-5,CAKE-007,2,0,54.0,12
2026-05-11,outlet-5,CAKE-008,1,0,20.0,4
2026-05-11,outlet-5,CAKE-009,3,0,72.0,2
2026-05-11,outlet-5,CAKE-010,2,0,36.0,21
2026-05-12,outlet-1,CAKE-001,12,0,336.0,45
2026-05-12,outlet-1,CAKE-002,9,0,216.0,25
2026-05-12,outlet-1,CAKE-003,0,0,0.0,0
2026-05-12,outlet-1,CAKE-004,0,0,0.0,0
2026-05-12,outlet-1,CAKE-005,4,0,104.0,23
2026-05-12,outlet-1,CAKE-006,6,0,180.0,9
2026-05-12,outlet-1,CAKE-007,7,0,189.0,14
2026-05-12,outlet-1,CAKE-008,3,0,60.0,4
2026-05-12,outlet-1,CAKE-009,5,0,120.0,19
2026-05-12,outlet-1,CAKE-010,8,0,144.0,43
2026-05-12,outlet-2,CAKE-001,13,0,364.0,48
2026-05-12,outlet-2,CAKE-002,7,0,168.0,17
2026-05-12,outlet-2,CAKE-003,7,0,224.0,8
2026-05-12,outlet-2,CAKE-004,0,0,0.0,0
2026-05-12,outlet-2,CAKE-005,0,0,0.0,8
2026-05-12,outlet-2,CAKE-006,5,0,150.0,8
2026-05-12,outlet-2,CAKE-007,5,0,135.0,8
2026-05-12,outlet-2,CAKE-008,2,0,40.0,7
2026-05-12,outlet-2,CAKE-009,2,0,48.0,21
2026-05-12,outlet-2,CAKE-010,8,0,144.0,31
2026-05-12,outlet-3,CAKE-001,16,0,448.0,22
2026-05-12,outlet-3,CAKE-002,9,0,216.0,20
2026-05-12,outlet-3,CAKE-003,5,0,160.0,8
2026-05-12,outlet-3,CAKE-004,3,0,66.0,12
2026-05-12,outlet-3,CAKE-005,4,0,104.0,21
2026-05-12,outlet-3,CAKE-006,3,0,90.0,22
2026-05-12,outlet-3,CAKE-007,4,0,108.0,8
2026-05-12,outlet-3,CAKE-008,3,0,60.0,9
2026-05-12,outlet-3,CAKE-009,3,0,72.0,19
2026-05-12,outlet-3,CAKE-010,6,0,108.0,2
2026-05-12,outlet-4,CAKE-001,12,0,336.0,19
2026-05-12,outlet-4,CAKE-002,11,0,264.0,33
2026-05-12,outlet-4,CAKE-003,3,0,96.0,2
2026-05-12,outlet-4,CAKE-004,3,0,66.0,25
2026-05-12,outlet-4,CAKE-005,5,0,130.0,20
2026-05-12,outlet-4,CAKE-006,5,0,150.0,16
2026-05-12,outlet-4,CAKE-007,5,0,135.0,26
2026-05-12,outlet-4,CAKE-008,4,0,80.0,8
2026-05-12,outlet-4,CAKE-009,5,0,120.0,23
2026-05-12,outlet-4,CAKE-010,5,0,90.0,46
2026-05-12,outlet-5,CAKE-001,8,0,224.0,1
2026-05-12,outlet-5,CAKE-002,3,0,72.0,22
2026-05-12,outlet-5,CAKE-003,2,0,64.0,8
2026-05-12,outlet-5,CAKE-004,3,0,66.0,8
2026-05-12,outlet-5,CAKE-005,2,0,52.0,8
2026-05-12,outlet-5,CAKE-006,6,0,180.0,20
2026-05-12,outlet-5,CAKE-007,2,0,54.0,10
2026-05-12,outlet-5,CAKE-008,1,0,20.0,3
2026-05-12,outlet-5,CAKE-009,2,0,48.0,16
2026-05-12,outlet-5,CAKE-010,4,0,72.0,17
2026-05-13,outlet-1,CAKE-001,19,1,532.0,49
2026-05-13,outlet-1,CAKE-002,9,0,216.0,16
2026-05-13,outlet-1,CAKE-003,0,0,0.0,0
2026-05-13,outlet-1,CAKE-004,0,0,0.0,26
2026-05-13,outlet-1,CAKE-005,4,0,104.0,19
2026-05-13,outlet-1,CAKE-006,3,0,90.0,6
2026-05-13,outlet-1,CAKE-007,5,0,135.0,9
2026-05-13,outlet-1,CAKE-008,3,0,60.0,1
2026-05-13,outlet-1,CAKE-009,4,0,96.0,15
2026-05-13,outlet-1,CAKE-010,8,0,144.0,35
2026-05-13,outlet-2,CAKE-001,12,0,336.0,36
2026-05-13,outlet-2,CAKE-002,6,0,144.0,11
2026-05-13,outlet-2,CAKE-003,6,0,192.0,12
2026-05-13,outlet-2,CAKE-004,0,0,0.0,24
2026-05-13,outlet-2,CAKE-005,5,0,130.0,3
2026-05-13,outlet-2,CAKE-006,3,0,90.0,5
2026-05-13,outlet-2,CAKE-007,7,1,189.0,32
2026-05-13,outlet-2,CAKE-008,2,0,40.0,5
2026-05-13,outlet-2,CAKE-009,3,0,72.0,18
2026-05-13,outlet-2,CAKE-010,8,0,144.0,23
2026-05-13,outlet-3,CAKE-001,19,1,532.0,71
2026-05-13,outlet-3,CAKE-002,10,0,240.0,10
2026-05-13,outlet-3,CAKE-003,8,0,256.0,48
2026-05-13,outlet-3,CAKE-004,2,0,44.0,10
2026-05-13,outlet-3,CAKE-005,4,0,104.0,17
2026-05-13,outlet-3,CAKE-006,9,0,270.0,26
2026-05-13,outlet-3,CAKE-007,3,0,81.0,13
2026-05-13,outlet-3,CAKE-008,2,0,40.0,7
2026-05-13,outlet-3,CAKE-009,3,0,72.0,16
2026-05-13,outlet-3,CAKE-010,2,0,36.0,11
2026-05-13,outlet-4,CAKE-001,8,0,224.0,11
2026-05-13,outlet-4,CAKE-002,7,0,168.0,26
2026-05-13,outlet-4,CAKE-003,2,0,64.0,24
2026-05-13,outlet-4,CAKE-004,2,0,44.0,23
2026-05-13,outlet-4,CAKE-005,5,0,130.0,25
2026-05-13,outlet-4,CAKE-006,2,0,60.0,20
2026-05-13,outlet-4,CAKE-007,6,0,162.0,20
2026-05-13,outlet-4,CAKE-008,4,0,80.0,4
2026-05-13,outlet-4,CAKE-009,6,0,144.0,17
2026-05-13,outlet-4,CAKE-010,7,0,126.0,39
2026-05-13,outlet-5,CAKE-001,1,0,28.0,28
2026-05-13,outlet-5,CAKE-002,2,0,48.0,20
2026-05-13,outlet-5,CAKE-003,2,0,64.0,6
2026-05-13,outlet-5,CAKE-004,2,0,44.0,6
2026-05-13,outlet-5,CAKE-005,2,0,52.0,6
2026-05-13,outlet-5,CAKE-006,5,0,150.0,15
2026-05-13,outlet-5,CAKE-007,3,0,81.0,7
2026-05-13,outlet-5,CAKE-008,1,0,20.0,2
2026-05-13,outlet-5,CAKE-009,2,0,48.0,14
2026-05-13,outlet-5,CAKE-010,4,0,72.0,13
2026-05-14,outlet-1,CAKE-001,9,0,252.0,40
2026-05-14,outlet-1,CAKE-002,6,0,144.0,30
2026-05-14,outlet-1,CAKE-003,0,0,0.0,0
2026-05-14,outlet-1,CAKE-004,4,0,88.0,27
2026-05-14,outlet-1,CAKE-005,3,0,78.0,16
2026-05-14,outlet-1,CAKE-006,5,0,150.0,22
2026-05-14,outlet-1,CAKE-007,3,0,81.0,16
2026-05-14,outlet-1,CAKE-008,1,0,20.0,18
2026-05-14,outlet-1,CAKE-009,4,0,96.0,18
2026-05-14,outlet-1,CAKE-010,8,0,144.0,27
2026-05-14,outlet-2,CAKE-001,12,1,336.0,25
2026-05-14,outlet-2,CAKE-002,6,0,144.0,5
2026-05-14,outlet-2,CAKE-003,5,0,160.0,7
2026-05-14,outlet-2,CAKE-004,5,0,110.0,19
2026-05-14,outlet-2,CAKE-005,3,0,78.0,21
2026-05-14,outlet-2,CAKE-006,4,0,120.0,25
2026-05-14,outlet-2,CAKE-007,6,0,162.0,26
2026-05-14,outlet-2,CAKE-008,3,0,60.0,2
2026-05-14,outlet-2,CAKE-009,4,0,96.0,14
2026-05-14,outlet-2,CAKE-010,9,0,162.0,14
2026-05-14,outlet-3,CAKE-001,14,1,392.0,58
2026-05-14,outlet-3,CAKE-002,4,0,96.0,6
2026-05-14,outlet-3,CAKE-003,7,0,224.0,41
2026-05-14,outlet-3,CAKE-004,4,0,88.0,10
2026-05-14,outlet-3,CAKE-005,4,0,104.0,13
2026-05-14,outlet-3,CAKE-006,11,0,330.0,15
2026-05-14,outlet-3,CAKE-007,6,0,162.0,7
2026-05-14,outlet-3,CAKE-008,2,0,40.0,5
2026-05-14,outlet-3,CAKE-009,4,0,96.0,12
2026-05-14,outlet-3,CAKE-010,4,0,72.0,7
2026-05-14,outlet-4,CAKE-001,11,0,308.0,15
2026-05-14,outlet-4,CAKE-002,7,0,168.0,19
2026-05-14,outlet-4,CAKE-003,4,0,128.0,20
2026-05-14,outlet-4,CAKE-004,6,0,132.0,24
2026-05-14,outlet-4,CAKE-005,8,0,208.0,17
2026-05-14,outlet-4,CAKE-006,3,0,90.0,17
2026-05-14,outlet-4,CAKE-007,8,1,216.0,13
2026-05-14,outlet-4,CAKE-008,4,0,80.0,0
2026-05-14,outlet-4,CAKE-009,5,0,120.0,12
2026-05-14,outlet-4,CAKE-010,7,0,126.0,32
2026-05-14,outlet-5,CAKE-001,6,0,168.0,22
2026-05-14,outlet-5,CAKE-002,4,0,96.0,16
2026-05-14,outlet-5,CAKE-003,2,0,64.0,4
2026-05-14,outlet-5,CAKE-004,3,0,66.0,3
2026-05-14,outlet-5,CAKE-005,1,0,26.0,5
2026-05-14,outlet-5,CAKE-006,4,0,120.0,11
2026-05-14,outlet-5,CAKE-007,3,0,81.0,4
2026-05-14,outlet-5,CAKE-008,1,0,20.0,3
2026-05-14,outlet-5,CAKE-009,1,0,24.0,19
2026-05-14,outlet-5,CAKE-010,3,0,54.0,10
2026-05-15,outlet-1,CAKE-001,16,0,448.0,24
2026-05-15,outlet-1,CAKE-002,10,0,240.0,20
2026-05-15,outlet-1,CAKE-003,0,0,0.0,0
2026-05-15,outlet-1,CAKE-004,5,0,110.0,22
2026-05-15,outlet-1,CAKE-005,6,0,156.0,10
2026-05-15,outlet-1,CAKE-006,4,0,120.0,18
2026-05-15,outlet-1,CAKE-007,11,1,297.0,6
2026-05-15,outlet-1,CAKE-008,4,0,80.0,14
2026-05-15,outlet-1,CAKE-009,4,0,96.0,14
2026-05-15,outlet-1,CAKE-010,7,0,126.0,32
2026-05-15,outlet-2,CAKE-001,13,0,364.0,27
2026-05-15,outlet-2,CAKE-002,5,0,120.0,42
2026-05-15,outlet-2,CAKE-003,7,0,224.0,0
2026-05-15,outlet-2,CAKE-004,5,0,110.0,14
2026-05-15,outlet-2,CAKE-005,4,0,104.0,17
2026-05-15,outlet-2,CAKE-006,7,0,210.0,18
2026-05-15,outlet-2,CAKE-007,11,1,297.0,16
2026-05-15,outlet-2,CAKE-008,2,0,40.0,16
2026-05-15,outlet-2,CAKE-009,6,0,144.0,8
2026-05-15,outlet-2,CAKE-010,10,0,180.0,4
2026-05-15,outlet-3,CAKE-001,19,1,532.0,40
2026-05-15,outlet-3,CAKE-002,6,0,144.0,46
2026-05-15,outlet-3,CAKE-003,13,1,416.0,29
2026-05-15,outlet-3,CAKE-004,5,0,110.0,5
2026-05-15,outlet-3,CAKE-005,5,0,130.0,8
2026-05-15,outlet-3,CAKE-006,13,1,390.0,18
2026-05-15,outlet-3,CAKE-007,7,0,189.0,0
2026-05-15,outlet-3,CAKE-008,2,0,40.0,3
2026-05-15,outlet-3,CAKE-009,6,0,144.0,16
2026-05-15,outlet-3,CAKE-010,7,0,126.0,32
2026-05-15,outlet-4,CAKE-001,13,1,364.0,18
2026-05-15,outlet-4,CAKE-002,10,0,240.0,9
2026-05-15,outlet-4,CAKE-003,5,0,160.0,15
2026-05-15,outlet-4,CAKE-004,6,0,132.0,18
2026-05-15,outlet-4,CAKE-005,9,0,234.0,8
2026-05-15,outlet-4,CAKE-006,4,0,120.0,13
2026-05-15,outlet-4,CAKE-007,11,1,297.0,3
2026-05-15,outlet-4,CAKE-008,0,0,0.0,27
2026-05-15,outlet-4,CAKE-009,6,0,144.0,6
2026-05-15,outlet-4,CAKE-010,8,0,144.0,24
2026-05-15,outlet-5,CAKE-001,8,0,224.0,14
2026-05-15,outlet-5,CAKE-002,4,0,96.0,17
2026-05-15,outlet-5,CAKE-003,3,0,96.0,1
2026-05-15,outlet-5,CAKE-004,3,0,66.0,4
2026-05-15,outlet-5,CAKE-005,2,0,52.0,3
2026-05-15,outlet-5,CAKE-006,6,0,180.0,5
2026-05-15,outlet-5,CAKE-007,3,0,81.0,16
2026-05-15,outlet-5,CAKE-008,2,0,40.0,1
2026-05-15,outlet-5,CAKE-009,3,0,72.0,16
2026-05-15,outlet-5,CAKE-010,4,0,72.0,6
2026-05-16,outlet-1,CAKE-001,23,1,644.0,2
2026-05-16,outlet-1,CAKE-002,12,0,288.0,8
2026-05-16,outlet-1,CAKE-003,0,0,0.0,0
2026-05-16,outlet-1,CAKE-004,5,0,110.0,17
2026-05-16,outlet-1,CAKE-005,5,0,130.0,5
2026-05-16,outlet-1,CAKE-006,8,0,240.0,10
2026-05-16,outlet-1,CAKE-007,6,0,162.0,33
2026-05-16,outlet-1,CAKE-008,3,0,60.0,15
2026-05-16,outlet-1,CAKE-009,6,0,144.0,8
2026-05-16,outlet-1,CAKE-010,7,0,126.0,25
2026-05-16,outlet-2,CAKE-001,9,0,252.0,18
2026-05-16,outlet-2,CAKE-002,9,0,216.0,44
2026-05-16,outlet-2,CAKE-003,0,0,0.0,0
2026-05-16,outlet-2,CAKE-004,4,0,88.0,10
2026-05-16,outlet-2,CAKE-005,4,0,104.0,13
2026-05-16,outlet-2,CAKE-006,8,0,240.0,17
2026-05-16,outlet-2,CAKE-007,7,1,189.0,10
2026-05-16,outlet-2,CAKE-008,5,0,100.0,11
2026-05-16,outlet-2,CAKE-009,5,0,120.0,3
2026-05-16,outlet-2,CAKE-010,4,0,72.0,39
2026-05-16,outlet-3,CAKE-001,18,1,504.0,23
2026-05-16,outlet-3,CAKE-002,10,0,240.0,36
2026-05-16,outlet-3,CAKE-003,8,0,256.0,21
2026-05-16,outlet-3,CAKE-004,4,0,88.0,5
2026-05-16,outlet-3,CAKE-005,4,0,104.0,9
2026-05-16,outlet-3,CAKE-006,12,1,360.0,21
2026-05-16,outlet-3,CAKE-007,0,0,0.0,7
2026-05-16,outlet-3,CAKE-008,3,0,60.0,0
2026-05-16,outlet-3,CAKE-009,3,0,72.0,13
2026-05-16,outlet-3,CAKE-010,8,0,144.0,24
2026-05-16,outlet-4,CAKE-001,15,1,420.0,4
2026-05-16,outlet-4,CAKE-002,9,0,216.0,54
2026-05-16,outlet-4,CAKE-003,4,0,128.0,11
2026-05-16,outlet-4,CAKE-004,7,0,154.0,11
2026-05-16,outlet-4,CAKE-005,8,0,208.0,33
2026-05-16,outlet-4,CAKE-006,4,0,120.0,9
2026-05-16,outlet-4,CAKE-007,3,0,81.0,7
2026-05-16,outlet-4,CAKE-008,4,0,80.0,23
2026-05-16,outlet-4,CAKE-009,6,0,144.0,8
2026-05-16,outlet-4,CAKE-010,8,0,144.0,16
2026-05-16,outlet-5,CAKE-001,8,0,224.0,6
2026-05-16,outlet-5,CAKE-002,5,0,120.0,12
2026-05-16,outlet-5,CAKE-003,1,0,32.0,12
2026-05-16,outlet-5,CAKE-004,3,0,66.0,1
2026-05-16,outlet-5,CAKE-005,2,0,52.0,1
2026-05-16,outlet-5,CAKE-006,5,0,150.0,11
2026-05-16,outlet-5,CAKE-007,4,0,108.0,12
2026-05-16,outlet-5,CAKE-008,1,0,20.0,7
2026-05-16,outlet-5,CAKE-009,3,0,72.0,13
2026-05-16,outlet-5,CAKE-010,4,0,72.0,2
2026-05-17,outlet-1,CAKE-001,2,0,56.0,57
2026-05-17,outlet-1,CAKE-002,8,0,192.0,46
2026-05-17,outlet-1,CAKE-003,0,0,0.0,0
2026-05-17,outlet-1,CAKE-004,3,0,66.0,14
2026-05-17,outlet-1,CAKE-005,4,0,104.0,25
2026-05-17,outlet-1,CAKE-006,6,0,180.0,4
2026-05-17,outlet-1,CAKE-007,9,1,243.0,25
2026-05-17,outlet-1,CAKE-008,4,0,80.0,11
2026-05-17,outlet-1,CAKE-009,3,0,72.0,5
2026-05-17,outlet-1,CAKE-010,11,0,198.0,14
2026-05-17,outlet-2,CAKE-001,18,1,504.0,49
2026-05-17,outlet-2,CAKE-002,11,0,264.0,47
2026-05-17,outlet-2,CAKE-003,0,0,0.0,0
2026-05-17,outlet-2,CAKE-004,4,0,88.0,6
2026-05-17,outlet-2,CAKE-005,6,0,156.0,7
2026-05-17,outlet-2,CAKE-006,7,0,210.0,19
2026-05-17,outlet-2,CAKE-007,6,0,162.0,4
2026-05-17,outlet-2,CAKE-008,4,0,80.0,7
2026-05-17,outlet-2,CAKE-009,3,0,72.0,21
2026-05-17,outlet-2,CAKE-010,10,0,180.0,29
2026-05-17,outlet-3,CAKE-001,15,1,420.0,9
2026-05-17,outlet-3,CAKE-002,8,0,192.0,28
2026-05-17,outlet-3,CAKE-003,9,0,288.0,23
2026-05-17,outlet-3,CAKE-004,4,0,88.0,20
2026-05-17,outlet-3,CAKE-005,4,0,104.0,5
2026-05-17,outlet-3,CAKE-006,12,0,360.0,9
2026-05-17,outlet-3,CAKE-007,6,1,162.0,2
2026-05-17,outlet-3,CAKE-008,0,0,0.0,0
2026-05-17,outlet-3,CAKE-009,4,0,96.0,9
2026-05-17,outlet-3,CAKE-010,6,0,108.0,18
2026-05-17,outlet-4,CAKE-001,4,0,112.0,0
2026-05-17,outlet-4,CAKE-002,12,0,288.0,42
2026-05-17,outlet-4,CAKE-003,6,0,192.0,5
2026-05-17,outlet-4,CAKE-004,4,0,88.0,14
2026-05-17,outlet-4,CAKE-005,6,0,156.0,27
2026-05-17,outlet-4,CAKE-006,6,0,180.0,3
2026-05-17,outlet-4,CAKE-007,7,1,189.0,37
2026-05-17,outlet-4,CAKE-008,5,0,100.0,18
2026-05-17,outlet-4,CAKE-009,3,0,72.0,5
2026-05-17,outlet-4,CAKE-010,11,0,198.0,5
2026-05-17,outlet-5,CAKE-001,6,0,168.0,0
2026-05-17,outlet-5,CAKE-002,5,0,120.0,7
2026-05-17,outlet-5,CAKE-003,2,0,64.0,10
2026-05-17,outlet-5,CAKE-004,1,0,22.0,14
2026-05-17,outlet-5,CAKE-005,1,0,26.0,12
2026-05-17,outlet-5,CAKE-006,9,0,270.0,2
2026-05-17,outlet-5,CAKE-007,4,0,108.0,8
2026-05-17,outlet-5,CAKE-008,1,0,20.0,6
2026-05-17,outlet-5,CAKE-009,3,0,72.0,10
2026-05-17,outlet-5,CAKE-010,2,0,36.0,21
2026-05-18,outlet-1,CAKE-001,15,1,420.0,65
2026-05-18,outlet-1,CAKE-002,8,0,192.0,38
2026-05-18,outlet-1,CAKE-003,0,0,0.0,0
2026-05-18,outlet-1,CAKE-004,4,0,88.0,10
2026-05-18,outlet-1,CAKE-005,5,0,130.0,27
2026-05-18,outlet-1,CAKE-006,4,0,120.0,30
2026-05-18,outlet-1,CAKE-007,7,1,189.0,29
2026-05-18,outlet-1,CAKE-008,3,0,60.0,13
2026-05-18,outlet-1,CAKE-009,3,0,72.0,2
2026-05-18,outlet-1,CAKE-010,5,0,90.0,9
2026-05-18,outlet-2,CAKE-001,9,0,252.0,40
2026-05-18,outlet-2,CAKE-002,7,0,168.0,40
2026-05-18,outlet-2,CAKE-003,0,0,0.0,0
2026-05-18,outlet-2,CAKE-004,3,0,66.0,3
2026-05-18,outlet-2,CAKE-005,3,0,78.0,4
2026-05-18,outlet-2,CAKE-006,5,0,150.0,23
2026-05-18,outlet-2,CAKE-007,3,0,81.0,31
2026-05-18,outlet-2,CAKE-008,3,0,60.0,4
2026-05-18,outlet-2,CAKE-009,3,0,72.0,18
2026-05-18,outlet-2,CAKE-010,6,0,108.0,33
2026-05-18,outlet-3,CAKE-001,9,0,252.0,0
2026-05-18,outlet-3,CAKE-002,10,0,240.0,18
2026-05-18,outlet-3,CAKE-003,6,0,192.0,17
2026-05-18,outlet-3,CAKE-004,4,0,88.0,16
2026-05-18,outlet-3,CAKE-005,4,0,104.0,25
2026-05-18,outlet-3,CAKE-006,8,0,240.0,46
2026-05-18,outlet-3,CAKE-007,2,0,54.0,30
2026-05-18,outlet-3,CAKE-008,0,0,0.0,12
2026-05-18,outlet-3,CAKE-009,3,0,72.0,17
2026-05-18,outlet-3,CAKE-010,6,0,108.0,22
2026-05-18,outlet-4,CAKE-001,0,0,0.0,43
2026-05-18,outlet-4,CAKE-002,10,0,240.0,32
2026-05-18,outlet-4,CAKE-003,4,0,128.0,25
2026-05-18,outlet-4,CAKE-004,5,0,110.0,9
2026-05-18,outlet-4,CAKE-005,5,0,130.0,32
2026-05-18,outlet-4,CAKE-006,2,0,60.0,22
2026-05-18,outlet-4,CAKE-007,10,0,270.0,27
2026-05-18,outlet-4,CAKE-008,4,0,80.0,14
2026-05-18,outlet-4,CAKE-009,4,0,96.0,29
2026-05-18,outlet-4,CAKE-010,5,0,90.0,46
2026-05-18,outlet-5,CAKE-001,0,0,0.0,0
2026-05-18,outlet-5,CAKE-002,4,0,96.0,3
2026-05-18,outlet-5,CAKE-003,2,0,64.0,8
2026-05-18,outlet-5,CAKE-004,2,0,44.0,16
2026-05-18,outlet-5,CAKE-005,3,0,78.0,9
2026-05-18,outlet-5,CAKE-006,2,0,60.0,30
2026-05-18,outlet-5,CAKE-007,3,0,81.0,12
2026-05-18,outlet-5,CAKE-008,1,0,20.0,5
2026-05-18,outlet-5,CAKE-009,3,0,72.0,7
2026-05-18,outlet-5,CAKE-010,4,0,72.0,17
2026-05-19,outlet-1,CAKE-001,15,0,420.0,50
2026-05-19,outlet-1,CAKE-002,9,0,216.0,29
2026-05-19,outlet-1,CAKE-003,0,0,0.0,0
2026-05-19,outlet-1,CAKE-004,2,0,44.0,8
2026-05-19,outlet-1,CAKE-005,4,0,104.0,23
2026-05-19,outlet-1,CAKE-006,3,0,90.0,27
2026-05-19,outlet-1,CAKE-007,5,0,135.0,34
2026-05-19,outlet-1,CAKE-008,3,0,60.0,10
2026-05-19,outlet-1,CAKE-009,2,0,48.0,24
2026-05-19,outlet-1,CAKE-010,9,0,162.0,11
2026-05-19,outlet-2,CAKE-001,11,0,308.0,42
2026-05-19,outlet-2,CAKE-002,5,0,120.0,35
2026-05-19,outlet-2,CAKE-003,0,0,0.0,0
2026-05-19,outlet-2,CAKE-004,3,0,66.0,24
2026-05-19,outlet-2,CAKE-005,4,0,104.0,8
2026-05-19,outlet-2,CAKE-006,5,0,150.0,26
2026-05-19,outlet-2,CAKE-007,6,0,162.0,25
2026-05-19,outlet-2,CAKE-008,3,0,60.0,4
2026-05-19,outlet-2,CAKE-009,4,0,96.0,14
2026-05-19,outlet-2,CAKE-010,6,0,108.0,27
2026-05-19,outlet-3,CAKE-001,0,0,0.0,0
2026-05-19,outlet-3,CAKE-002,5,0,120.0,13
2026-05-19,outlet-3,CAKE-003,9,0,288.0,8
2026-05-19,outlet-3,CAKE-004,4,0,88.0,12
2026-05-19,outlet-3,CAKE-005,5,0,130.0,25
2026-05-19,outlet-3,CAKE-006,3,0,90.0,43
2026-05-19,outlet-3,CAKE-007,6,0,162.0,24
2026-05-19,outlet-3,CAKE-008,2,0,40.0,14
2026-05-19,outlet-3,CAKE-009,4,0,96.0,13
2026-05-19,outlet-3,CAKE-010,4,0,72.0,18
2026-05-19,outlet-4,CAKE-001,16,0,448.0,27
2026-05-19,outlet-4,CAKE-002,10,0,240.0,41
2026-05-19,outlet-4,CAKE-003,5,0,160.0,20
2026-05-19,outlet-4,CAKE-004,5,0,110.0,4
2026-05-19,outlet-4,CAKE-005,4,0,104.0,28
2026-05-19,outlet-4,CAKE-006,5,0,150.0,17
2026-05-19,outlet-4,CAKE-007,8,0,216.0,19
2026-05-19,outlet-4,CAKE-008,4,0,80.0,10
2026-05-19,outlet-4,CAKE-009,5,0,120.0,24
2026-05-19,outlet-4,CAKE-010,6,0,108.0,40
2026-05-19,outlet-5,CAKE-001,0,0,0.0,0
2026-05-19,outlet-5,CAKE-002,3,0,72.0,4
2026-05-19,outlet-5,CAKE-003,3,0,96.0,5
2026-05-19,outlet-5,CAKE-004,2,0,44.0,14
2026-05-19,outlet-5,CAKE-005,3,0,78.0,6
2026-05-19,outlet-5,CAKE-006,4,0,120.0,26
2026-05-19,outlet-5,CAKE-007,3,0,81.0,9
2026-05-19,outlet-5,CAKE-008,1,0,20.0,4
2026-05-19,outlet-5,CAKE-009,3,0,72.0,4
2026-05-19,outlet-5,CAKE-010,5,0,90.0,12
2026-05-20,outlet-1,CAKE-001,10,0,280.0,40
2026-05-20,outlet-1,CAKE-002,8,0,192.0,21
2026-05-20,outlet-1,CAKE-003,0,0,0.0,0
2026-05-20,outlet-1,CAKE-004,6,0,132.0,8
2026-05-20,outlet-1,CAKE-005,2,0,52.0,29
2026-05-20,outlet-1,CAKE-006,7,0,210.0,20
2026-05-20,outlet-1,CAKE-007,5,0,135.0,29
2026-05-20,outlet-1,CAKE-008,3,0,60.0,7
2026-05-20,outlet-1,CAKE-009,4,0,96.0,20
2026-05-20,outlet-1,CAKE-010,8,0,144.0,46
2026-05-20,outlet-2,CAKE-001,8,0,224.0,34
2026-05-20,outlet-2,CAKE-002,7,0,168.0,28
2026-05-20,outlet-2,CAKE-003,0,0,0.0,0
2026-05-20,outlet-2,CAKE-004,4,0,88.0,20
2026-05-20,outlet-2,CAKE-005,2,0,52.0,6
2026-05-20,outlet-2,CAKE-006,3,0,90.0,32
2026-05-20,outlet-2,CAKE-007,7,0,189.0,18
2026-05-20,outlet-2,CAKE-008,3,0,60.0,17
2026-05-20,outlet-2,CAKE-009,4,0,96.0,10
2026-05-20,outlet-2,CAKE-010,7,0,126.0,20
2026-05-20,outlet-3,CAKE-001,0,0,0.0,67
2026-05-20,outlet-3,CAKE-002,8,0,192.0,5
2026-05-20,outlet-3,CAKE-003,8,0,256.0,48
2026-05-20,outlet-3,CAKE-004,3,0,66.0,9
2026-05-20,outlet-3,CAKE-005,6,0,156.0,24
2026-05-20,outlet-3,CAKE-006,6,0,180.0,37
2026-05-20,outlet-3,CAKE-007,5,0,135.0,19
2026-05-20,outlet-3,CAKE-008,3,0,60.0,11
2026-05-20,outlet-3,CAKE-009,3,0,72.0,10
2026-05-20,outlet-3,CAKE-010,6,0,108.0,24
2026-05-20,outlet-4,CAKE-001,12,1,336.0,16
2026-05-20,outlet-4,CAKE-002,11,0,264.0,30
2026-05-20,outlet-4,CAKE-003,3,0,96.0,17
2026-05-20,outlet-4,CAKE-004,4,0,88.0,0
2026-05-20,outlet-4,CAKE-005,8,0,208.0,20
2026-05-20,outlet-4,CAKE-006,2,0,60.0,15
2026-05-20,outlet-4,CAKE-007,7,1,189.0,13
2026-05-20,outlet-4,CAKE-008,6,0,120.0,4
2026-05-20,outlet-4,CAKE-009,5,0,120.0,19
2026-05-20,outlet-4,CAKE-010,9,0,162.0,31
2026-05-20,outlet-5,CAKE-001,0,0,0.0,28
2026-05-20,outlet-5,CAKE-002,2,0,48.0,2
2026-05-20,outlet-5,CAKE-003,2,0,64.0,3
2026-05-20,outlet-5,CAKE-004,3,0,66.0,11
2026-05-20,outlet-5,CAKE-005,2,0,52.0,4
2026-05-20,outlet-5,CAKE-006,6,0,180.0,20
2026-05-20,outlet-5,CAKE-007,3,0,81.0,6
2026-05-20,outlet-5,CAKE-008,1,0,20.0,3
2026-05-20,outlet-5,CAKE-009,3,0,72.0,7
2026-05-20,outlet-5,CAKE-010,3,0,54.0,14
2026-05-21,outlet-1,CAKE-001,15,0,420.0,25
2026-05-21,outlet-1,CAKE-002,8,0,192.0,13
2026-05-21,outlet-1,CAKE-003,0,0,0.0,0
2026-05-21,outlet-1,CAKE-004,4,0,88.0,4
2026-05-21,outlet-1,CAKE-005,5,0,130.0,33
2026-05-21,outlet-1,CAKE-006,6,0,180.0,14
2026-05-21,outlet-1,CAKE-007,6,0,162.0,23
2026-05-21,outlet-1,CAKE-008,3,0,60.0,4
2026-05-21,outlet-1,CAKE-009,4,0,96.0,22
2026-05-21,outlet-1,CAKE-010,5,0,90.0,41
2026-05-21,outlet-2,CAKE-001,15,0,420.0,34
2026-05-21,outlet-2,CAKE-002,9,0,216.0,19
2026-05-21,outlet-2,CAKE-003,0,0,0.0,0
2026-05-21,outlet-2,CAKE-004,4,0,88.0,16
2026-05-21,outlet-2,CAKE-005,4,0,104.0,2
2026-05-21,outlet-2,CAKE-006,3,0,90.0,29
2026-05-21,outlet-2,CAKE-007,5,0,135.0,13
2026-05-21,outlet-2,CAKE-008,3,0,60.0,14
2026-05-21,outlet-2,CAKE-009,4,0,96.0,6
2026-05-21,outlet-2,CAKE-010,6,0,108.0,27
2026-05-21,outlet-3,CAKE-001,18,1,504.0,50
2026-05-21,outlet-3,CAKE-002,5,0,120.0,0
2026-05-21,outlet-3,CAKE-003,9,0,288.0,39
2026-05-21,outlet-3,CAKE-004,3,0,66.0,6
2026-05-21,outlet-3,CAKE-005,4,0,104.0,20
2026-05-21,outlet-3,CAKE-006,5,0,150.0,32
2026-05-21,outlet-3,CAKE-007,4,0,108.0,15
2026-05-21,outlet-3,CAKE-008,2,0,40.0,9
2026-05-21,outlet-3,CAKE-009,2,0,48.0,8
2026-05-21,outlet-3,CAKE-010,7,0,126.0,17
2026-05-21,outlet-4,CAKE-001,12,0,336.0,4
2026-05-21,outlet-4,CAKE-002,12,0,288.0,18
2026-05-21,outlet-4,CAKE-003,5,0,160.0,12
2026-05-21,outlet-4,CAKE-004,0,0,0.0,28
2026-05-21,outlet-4,CAKE-005,6,0,156.0,14
2026-05-21,outlet-4,CAKE-006,3,0,90.0,12
2026-05-21,outlet-4,CAKE-007,5,0,135.0,8
2026-05-21,outlet-4,CAKE-008,4,0,80.0,0
2026-05-21,outlet-4,CAKE-009,4,0,96.0,15
2026-05-21,outlet-4,CAKE-010,8,0,144.0,23
2026-05-21,outlet-5,CAKE-001,4,0,112.0,24
2026-05-21,outlet-5,CAKE-002,2,0,48.0,0
2026-05-21,outlet-5,CAKE-003,2,0,64.0,1
2026-05-21,outlet-5,CAKE-004,2,0,44.0,9
2026-05-21,outlet-5,CAKE-005,2,0,52.0,2
2026-05-21,outlet-5,CAKE-006,5,0,150.0,26
2026-05-21,outlet-5,CAKE-007,3,0,81.0,3
2026-05-21,outlet-5,CAKE-008,1,0,20.0,2
2026-05-21,outlet-5,CAKE-009,3,0,72.0,4
2026-05-21,outlet-5,CAKE-010,3,0,54.0,11
2026-05-22,outlet-1,CAKE-001,25,1,700.0,18
2026-05-22,outlet-1,CAKE-002,10,0,240.0,19
2026-05-22,outlet-1,CAKE-003,0,0,0.0,7
2026-05-22,outlet-1,CAKE-004,4,0,88.0,0
2026-05-22,outlet-1,CAKE-005,7,0,182.0,26
2026-05-22,outlet-1,CAKE-006,6,0,180.0,8
2026-05-22,outlet-1,CAKE-007,5,0,135.0,18
2026-05-22,outlet-1,CAKE-008,3,0,60.0,19
2026-05-22,outlet-1,CAKE-009,5,0,120.0,17
2026-05-22,outlet-1,CAKE-010,9,0,162.0,45
2026-05-22,outlet-2,CAKE-001,15,0,420.0,19
2026-05-22,outlet-2,CAKE-002,8,0,192.0,11
2026-05-22,outlet-2,CAKE-003,0,0,0.0,0
2026-05-22,outlet-2,CAKE-004,5,0,110.0,11
2026-05-22,outlet-2,CAKE-005,2,0,52.0,0
2026-05-22,outlet-2,CAKE-006,5,0,150.0,24
2026-05-22,outlet-2,CAKE-007,7,0,189.0,6
2026-05-22,outlet-2,CAKE-008,3,0,60.0,11
2026-05-22,outlet-2,CAKE-009,6,0,144.0,21
2026-05-22,outlet-2,CAKE-010,10,0,180.0,17
2026-05-22,outlet-3,CAKE-001,26,1,728.0,25
2026-05-22,outlet-3,CAKE-002,0,0,0.0,46
2026-05-22,outlet-3,CAKE-003,14,0,448.0,25
2026-05-22,outlet-3,CAKE-004,4,0,88.0,2
2026-05-22,outlet-3,CAKE-005,5,0,130.0,15
2026-05-22,outlet-3,CAKE-006,14,0,420.0,18
2026-05-22,outlet-3,CAKE-007,6,1,162.0,10
2026-05-22,outlet-3,CAKE-008,2,0,40.0,7
2026-05-22,outlet-3,CAKE-009,5,0,120.0,3
2026-05-22,outlet-3,CAKE-010,8,0,144.0,9
2026-05-22,outlet-4,CAKE-001,4,0,112.0,0
2026-05-22,outlet-4,CAKE-002,16,0,384.0,17
2026-05-22,outlet-4,CAKE-003,5,0,160.0,7
2026-05-22,outlet-4,CAKE-004,7,0,154.0,21
2026-05-22,outlet-4,CAKE-005,4,0,104.0,10
2026-05-22,outlet-4,CAKE-006,3,0,90.0,9
2026-05-22,outlet-4,CAKE-007,5,0,135.0,3
2026-05-22,outlet-4,CAKE-008,0,0,0.0,27
2026-05-22,outlet-4,CAKE-009,6,0,144.0,16
2026-05-22,outlet-4,CAKE-010,10,0,180.0,13
2026-05-22,outlet-5,CAKE-001,8,0,224.0,16
2026-05-22,outlet-5,CAKE-002,0,0,0.0,21
2026-05-22,outlet-5,CAKE-003,1,0,32.0,12
2026-05-22,outlet-5,CAKE-004,4,0,88.0,5
2026-05-22,outlet-5,CAKE-005,2,0,52.0,12
2026-05-22,outlet-5,CAKE-006,6,0,180.0,20
2026-05-22,outlet-5,CAKE-007,2,0,54.0,1
2026-05-22,outlet-5,CAKE-008,1,0,20.0,3
2026-05-22,outlet-5,CAKE-009,2,0,48.0,2
2026-05-22,outlet-5,CAKE-010,4,0,72.0,7
2026-05-23,outlet-1,CAKE-001,14,0,392.0,4
2026-05-23,outlet-1,CAKE-002,6,0,144.0,13
2026-05-23,outlet-1,CAKE-003,7,0,224.0,0
2026-05-23,outlet-1,CAKE-004,0,0,0.0,0
2026-05-23,outlet-1,CAKE-005,6,0,156.0,20
2026-05-23,outlet-1,CAKE-006,7,0,210.0,18
2026-05-23,outlet-1,CAKE-007,6,0,162.0,12
2026-05-23,outlet-1,CAKE-008,2,0,40.0,21
2026-05-23,outlet-1,CAKE-009,6,0,144.0,11
2026-05-23,outlet-1,CAKE-010,8,0,144.0,37
2026-05-23,outlet-2,CAKE-001,9,0,252.0,10
2026-05-23,outlet-2,CAKE-002,9,0,216.0,2
2026-05-23,outlet-2,CAKE-003,0,0,0.0,0
2026-05-23,outlet-2,CAKE-004,5,0,110.0,12
2026-05-23,outlet-2,CAKE-005,0,0,0.0,21
2026-05-23,outlet-2,CAKE-006,8,0,240.0,16
2026-05-23,outlet-2,CAKE-007,6,0,162.0,30
2026-05-23,outlet-2,CAKE-008,3,0,60.0,12
2026-05-23,outlet-2,CAKE-009,5,0,120.0,16
2026-05-23,outlet-2,CAKE-010,8,0,144.0,9
2026-05-23,outlet-3,CAKE-001,25,1,700.0,68
2026-05-23,outlet-3,CAKE-002,8,0,192.0,38
2026-05-23,outlet-3,CAKE-003,9,0,288.0,16
2026-05-23,outlet-3,CAKE-004,2,0,44.0,4
2026-05-23,outlet-3,CAKE-005,6,0,156.0,9
2026-05-23,outlet-3,CAKE-006,3,0,90.0,27
2026-05-23,outlet-3,CAKE-007,10,1,270.0,1
2026-05-23,outlet-3,CAKE-008,2,0,40.0,5
2026-05-23,outlet-3,CAKE-009,3,0,72.0,11
2026-05-23,outlet-3,CAKE-010,7,0,126.0,2
2026-05-23,outlet-4,CAKE-001,0,0,0.0,43
2026-05-23,outlet-4,CAKE-002,11,0,264.0,6
2026-05-23,outlet-4,CAKE-003,7,0,224.0,11
2026-05-23,outlet-4,CAKE-004,8,0,176.0,22
2026-05-23,outlet-4,CAKE-005,9,0,234.0,34
2026-05-23,outlet-4,CAKE-006,1,0,30.0,8
2026-05-23,outlet-4,CAKE-007,3,0,81.0,36
2026-05-23,outlet-4,CAKE-008,7,0,140.0,20
2026-05-23,outlet-4,CAKE-009,7,0,168.0,9
2026-05-23,outlet-4,CAKE-010,12,0,216.0,1
2026-05-23,outlet-5,CAKE-001,8,0,224.0,8
2026-05-23,outlet-5,CAKE-002,4,0,96.0,17
2026-05-23,outlet-5,CAKE-003,4,0,128.0,8
2026-05-23,outlet-5,CAKE-004,2,0,44.0,3
2026-05-23,outlet-5,CAKE-005,3,0,78.0,9
2026-05-23,outlet-5,CAKE-006,10,0,300.0,10
2026-05-23,outlet-5,CAKE-007,1,0,27.0,15
2026-05-23,outlet-5,CAKE-008,1,0,20.0,2
2026-05-23,outlet-5,CAKE-009,2,0,48.0,16
2026-05-23,outlet-5,CAKE-010,5,0,90.0,2
2026-05-24,outlet-1,CAKE-001,4,0,112.0,20
2026-05-24,outlet-1,CAKE-002,7,0,168.0,6
2026-05-24,outlet-1,CAKE-003,0,0,0.0,30
2026-05-24,outlet-1,CAKE-004,0,0,0.0,26
2026-05-24,outlet-1,CAKE-005,5,0,130.0,15
2026-05-24,outlet-1,CAKE-006,10,0,300.0,8
2026-05-24,outlet-1,CAKE-007,4,0,108.0,8
2026-05-24,outlet-1,CAKE-008,4,0,80.0,21
2026-05-24,outlet-1,CAKE-009,6,0,144.0,11
2026-05-24,outlet-1,CAKE-010,9,0,162.0,28
2026-05-24,outlet-2,CAKE-001,10,0,280.0,48
2026-05-24,outlet-2,CAKE-002,2,0,48.0,12
2026-05-24,outlet-2,CAKE-003,0,0,0.0,0
2026-05-24,outlet-2,CAKE-004,5,0,110.0,7
2026-05-24,outlet-2,CAKE-005,5,0,130.0,23
2026-05-24,outlet-2,CAKE-006,5,0,150.0,11
2026-05-24,outlet-2,CAKE-007,6,0,162.0,24
2026-05-24,outlet-2,CAKE-008,3,0,60.0,9
2026-05-24,outlet-2,CAKE-009,3,0,72.0,13
2026-05-24,outlet-2,CAKE-010,9,0,162.0,39
2026-05-24,outlet-3,CAKE-001,24,1,672.0,45
2026-05-24,outlet-3,CAKE-002,8,0,192.0,30
2026-05-24,outlet-3,CAKE-003,7,0,224.0,9
2026-05-24,outlet-3,CAKE-004,4,0,88.0,19
2026-05-24,outlet-3,CAKE-005,8,0,208.0,25
2026-05-24,outlet-3,CAKE-006,17,1,510.0,24
2026-05-24,outlet-3,CAKE-007,1,0,27.0,30
2026-05-24,outlet-3,CAKE-008,2,0,40.0,3
2026-05-24,outlet-3,CAKE-009,3,0,72.0,8
2026-05-24,outlet-3,CAKE-010,2,0,36.0,0
2026-05-24,outlet-4,CAKE-001,16,0,448.0,27
2026-05-24,outlet-4,CAKE-002,6,0,144.0,0
2026-05-24,outlet-4,CAKE-003,8,0,256.0,3
2026-05-24,outlet-4,CAKE-004,5,0,110.0,17
2026-05-24,outlet-4,CAKE-005,5,0,130.0,29
2026-05-24,outlet-4,CAKE-006,7,0,210.0,1
2026-05-24,outlet-4,CAKE-007,15,1,405.0,22
2026-05-24,outlet-4,CAKE-008,5,0,100.0,15
2026-05-24,outlet-4,CAKE-009,6,0,144.0,3
2026-05-24,outlet-4,CAKE-010,1,0,18.0,15
2026-05-24,outlet-5,CAKE-001,8,0,224.0,28
2026-05-24,outlet-5,CAKE-002,3,0,72.0,14
2026-05-24,outlet-5,CAKE-003,2,0,64.0,6
2026-05-24,outlet-5,CAKE-004,3,0,66.0,0
2026-05-24,outlet-5,CAKE-005,2,0,52.0,7
2026-05-24,outlet-5,CAKE-006,10,0,300.0,12
2026-05-24,outlet-5,CAKE-007,3,0,81.0,12
2026-05-24,outlet-5,CAKE-008,1,0,20.0,3
2026-05-24,outlet-5,CAKE-009,4,0,96.0,12
2026-05-24,outlet-5,CAKE-010,2,0,36.0,21
2026-05-25,outlet-1,CAKE-001,13,0,364.0,7
2026-05-25,outlet-1,CAKE-002,6,0,144.0,46
2026-05-25,outlet-1,CAKE-003,6,0,192.0,24
2026-05-25,outlet-1,CAKE-004,7,0,154.0,19
2026-05-25,outlet-1,CAKE-005,4,0,104.0,11
2026-05-25,outlet-1,CAKE-006,5,0,150.0,3
2026-05-25,outlet-1,CAKE-007,6,0,162.0,14
2026-05-25,outlet-1,CAKE-008,2,0,40.0,19
2026-05-25,outlet-1,CAKE-009,5,0,120.0,6
2026-05-25,outlet-1,CAKE-010,6,0,108.0,22
2026-05-25,outlet-2,CAKE-001,11,0,308.0,37
2026-05-25,outlet-2,CAKE-002,6,0,144.0,6
2026-05-25,outlet-2,CAKE-003,0,0,0.0,0
2026-05-25,outlet-2,CAKE-004,2,0,44.0,10
2026-05-25,outlet-2,CAKE-005,4,0,104.0,19
2026-05-25,outlet-2,CAKE-006,5,0,150.0,14
2026-05-25,outlet-2,CAKE-007,4,0,108.0,20
2026-05-25,outlet-2,CAKE-008,3,0,60.0,6
2026-05-25,outlet-2,CAKE-009,5,0,120.0,15
2026-05-25,outlet-2,CAKE-010,6,0,108.0,33
2026-05-25,outlet-3,CAKE-001,22,1,616.0,24
2026-05-25,outlet-3,CAKE-002,8,0,192.0,22
2026-05-25,outlet-3,CAKE-003,9,0,288.0,13
2026-05-25,outlet-3,CAKE-004,3,0,66.0,20
2026-05-25,outlet-3,CAKE-005,3,0,78.0,27
2026-05-25,outlet-3,CAKE-006,6,0,180.0,18
2026-05-25,outlet-3,CAKE-007,7,0,189.0,23
2026-05-25,outlet-3,CAKE-008,2,0,40.0,1
2026-05-25,outlet-3,CAKE-009,4,0,96.0,4
2026-05-25,outlet-3,CAKE-010,0,0,0.0,32
2026-05-25,outlet-4,CAKE-001,6,0,168.0,21
2026-05-25,outlet-4,CAKE-002,0,0,0.0,54
2026-05-25,outlet-4,CAKE-003,3,0,96.0,24
2026-05-25,outlet-4,CAKE-004,4,0,88.0,20
2026-05-25,outlet-4,CAKE-005,7,0,182.0,22
2026-05-25,outlet-4,CAKE-006,1,0,30.0,21
2026-05-25,outlet-4,CAKE-007,5,0,135.0,17
2026-05-25,outlet-4,CAKE-008,5,0,100.0,10
2026-05-25,outlet-4,CAKE-009,3,0,72.0,28
2026-05-25,outlet-4,CAKE-010,9,0,162.0,23
2026-05-25,outlet-5,CAKE-001,7,0,196.0,21
2026-05-25,outlet-5,CAKE-002,4,0,96.0,10
2026-05-25,outlet-5,CAKE-003,1,0,32.0,5
2026-05-25,outlet-5,CAKE-004,0,0,0.0,14
2026-05-25,outlet-5,CAKE-005,2,0,52.0,5
2026-05-25,outlet-5,CAKE-006,7,0,210.0,18
2026-05-25,outlet-5,CAKE-007,3,0,81.0,9
2026-05-25,outlet-5,CAKE-008,2,0,40.0,1
2026-05-25,outlet-5,CAKE-009,3,0,72.0,9
2026-05-25,outlet-5,CAKE-010,4,0,72.0,17
2026-05-26,outlet-1,CAKE-001,7,0,196.0,57
2026-05-26,outlet-1,CAKE-002,8,0,192.0,38
2026-05-26,outlet-1,CAKE-003,5,0,160.0,19
2026-05-26,outlet-1,CAKE-004,4,0,88.0,15
2026-05-26,outlet-1,CAKE-005,3,0,78.0,8
2026-05-26,outlet-1,CAKE-006,3,0,90.0,0
2026-05-26,outlet-1,CAKE-007,4,0,108.0,22
2026-05-26,outlet-1,CAKE-008,3,0,60.0,16
2026-05-26,outlet-1,CAKE-009,2,0,48.0,4
2026-05-26,outlet-1,CAKE-010,9,0,162.0,13
2026-05-26,outlet-2,CAKE-001,13,1,364.0,25
2026-05-26,outlet-2,CAKE-002,6,0,144.0,0
2026-05-26,outlet-2,CAKE-003,0,0,0.0,0
2026-05-26,outlet-2,CAKE-004,5,0,110.0,5
2026-05-26,outlet-2,CAKE-005,3,0,78.0,24
2026-05-26,outlet-2,CAKE-006,1,0,30.0,22
2026-05-26,outlet-2,CAKE-007,6,0,162.0,14
2026-05-26,outlet-2,CAKE-008,3,0,60.0,3
2026-05-26,outlet-2,CAKE-009,4,0,96.0,11
2026-05-26,outlet-2,CAKE-010,6,0,108.0,27
2026-05-26,outlet-3,CAKE-001,9,0,252.0,15
2026-05-26,outlet-3,CAKE-002,7,0,168.0,15
2026-05-26,outlet-3,CAKE-003,9,0,288.0,4
2026-05-26,outlet-3,CAKE-004,4,0,88.0,16
2026-05-26,outlet-3,CAKE-005,3,0,78.0,24
2026-05-26,outlet-3,CAKE-006,9,0,270.0,21
2026-05-26,outlet-3,CAKE-007,4,0,108.0,19
2026-05-26,outlet-3,CAKE-008,1,0,20.0,0
2026-05-26,outlet-3,CAKE-009,4,0,96.0,21
2026-05-26,outlet-3,CAKE-010,6,0,108.0,36
2026-05-26,outlet-4,CAKE-001,13,1,364.0,9
2026-05-26,outlet-4,CAKE-002,11,0,264.0,61
2026-05-26,outlet-4,CAKE-003,4,0,128.0,20
2026-05-26,outlet-4,CAKE-004,5,0,110.0,15
2026-05-26,outlet-4,CAKE-005,8,0,208.0,14
2026-05-26,outlet-4,CAKE-006,3,0,90.0,18
2026-05-26,outlet-4,CAKE-007,6,0,162.0,11
2026-05-26,outlet-4,CAKE-008,4,0,80.0,6
2026-05-26,outlet-4,CAKE-009,3,0,72.0,25
2026-05-26,outlet-4,CAKE-010,8,0,144.0,15
2026-05-26,outlet-5,CAKE-001,8,0,224.0,13
2026-05-26,outlet-5,CAKE-002,5,0,120.0,5
2026-05-26,outlet-5,CAKE-003,2,0,64.0,3
2026-05-26,outlet-5,CAKE-004,2,0,44.0,12
2026-05-26,outlet-5,CAKE-005,3,0,78.0,2
2026-05-26,outlet-5,CAKE-006,7,0,210.0,11
2026-05-26,outlet-5,CAKE-007,3,0,81.0,6
2026-05-26,outlet-5,CAKE-008,1,0,20.0,7
2026-05-26,outlet-5,CAKE-009,4,0,96.0,5
2026-05-26,outlet-5,CAKE-010,4,0,72.0,13
2026-05-27,outlet-1,CAKE-001,16,0,448.0,41
2026-05-27,outlet-1,CAKE-002,6,0,144.0,32
2026-05-27,outlet-1,CAKE-003,7,0,224.0,12
2026-05-27,outlet-1,CAKE-004,6,0,132.0,9
2026-05-27,outlet-1,CAKE-005,3,0,78.0,5
2026-05-27,outlet-1,CAKE-006,0,0,0.0,30
2026-05-27,outlet-1,CAKE-007,8,0,216.0,24
2026-05-27,outlet-1,CAKE-008,4,0,80.0,12
2026-05-27,outlet-1,CAKE-009,4,0,96.0,24
2026-05-27,outlet-1,CAKE-010,9,0,162.0,4
2026-05-27,outlet-2,CAKE-001,10,0,280.0,15
2026-05-27,outlet-2,CAKE-002,0,0,0.0,42
2026-05-27,outlet-2,CAKE-003,0,0,0.0,0
2026-05-27,outlet-2,CAKE-004,4,0,88.0,1
2026-05-27,outlet-2,CAKE-005,4,0,104.0,20
2026-05-27,outlet-2,CAKE-006,4,0,120.0,18
2026-05-27,outlet-2,CAKE-007,4,0,108.0,16
2026-05-27,outlet-2,CAKE-008,2,0,40.0,1
2026-05-27,outlet-2,CAKE-009,3,0,72.0,8
2026-05-27,outlet-2,CAKE-010,7,0,126.0,20
2026-05-27,outlet-3,CAKE-001,15,0,420.0,0
2026-05-27,outlet-3,CAKE-002,8,0,192.0,22
2026-05-27,outlet-3,CAKE-003,4,0,128.0,48
2026-05-27,outlet-3,CAKE-004,3,0,66.0,13
2026-05-27,outlet-3,CAKE-005,5,0,130.0,19
2026-05-27,outlet-3,CAKE-006,11,0,330.0,23
2026-05-27,outlet-3,CAKE-007,5,0,135.0,14
2026-05-27,outlet-3,CAKE-008,0,0,0.0,12
2026-05-27,outlet-3,CAKE-009,4,0,96.0,29
2026-05-27,outlet-3,CAKE-010,5,0,90.0,31
2026-05-27,outlet-4,CAKE-001,9,0,252.0,0
2026-05-27,outlet-4,CAKE-002,11,0,264.0,50
2026-05-27,outlet-4,CAKE-003,4,0,128.0,16
2026-05-27,outlet-4,CAKE-004,3,0,66.0,19
2026-05-27,outlet-4,CAKE-005,7,0,182.0,18
2026-05-27,outlet-4,CAKE-006,4,0,120.0,14
2026-05-27,outlet-4,CAKE-007,5,0,135.0,6
2026-05-27,outlet-4,CAKE-008,5,0,100.0,1
2026-05-27,outlet-4,CAKE-009,4,0,96.0,21
2026-05-27,outlet-4,CAKE-010,8,0,144.0,7
2026-05-27,outlet-5,CAKE-001,9,0,252.0,11
2026-05-27,outlet-5,CAKE-002,4,0,96.0,22
2026-05-27,outlet-5,CAKE-003,2,0,64.0,1
2026-05-27,outlet-5,CAKE-004,2,0,44.0,10
2026-05-27,outlet-5,CAKE-005,2,0,52.0,12
2026-05-27,outlet-5,CAKE-006,5,0,150.0,6
2026-05-27,outlet-5,CAKE-007,3,0,81.0,3
2026-05-27,outlet-5,CAKE-008,1,0,20.0,6
2026-05-27,outlet-5,CAKE-009,3,0,72.0,7
2026-05-27,outlet-5,CAKE-010,4,0,72.0,9
2026-05-28,outlet-1,CAKE-001,13,0,364.0,50
2026-05-28,outlet-1,CAKE-002,6,0,144.0,42
2026-05-28,outlet-1,CAKE-003,5,0,160.0,7
2026-05-28,outlet-1,CAKE-004,5,0,110.0,10
2026-05-28,outlet-1,CAKE-005,4,0,104.0,25
2026-05-28,outlet-1,CAKE-006,7,0,210.0,23
2026-05-28,outlet-1,CAKE-007,7,0,189.0,17
2026-05-28,outlet-1,CAKE-008,2,0,40.0,10
2026-05-28,outlet-1,CAKE-009,5,0,120.0,19
2026-05-28,outlet-1,CAKE-010,4,0,72.0,0
2026-05-28,outlet-2,CAKE-001,15,0,420.0,0
2026-05-28,outlet-2,CAKE-002,7,0,168.0,35
2026-05-28,outlet-2,CAKE-003,0,0,0.0,0
2026-05-28,outlet-2,CAKE-004,1,0,22.0,24
2026-05-28,outlet-2,CAKE-005,4,0,104.0,16
2026-05-28,outlet-2,CAKE-006,4,0,120.0,14
2026-05-28,outlet-2,CAKE-007,3,0,81.0,13
2026-05-28,outlet-2,CAKE-008,1,0,20.0,16
2026-05-28,outlet-2,CAKE-009,4,0,96.0,4
2026-05-28,outlet-2,CAKE-010,5,0,90.0,15
2026-05-28,outlet-3,CAKE-001,0,0,0.0,67
2026-05-28,outlet-3,CAKE-002,8,0,192.0,14
2026-05-28,outlet-3,CAKE-003,8,0,256.0,51
2026-05-28,outlet-3,CAKE-004,3,0,66.0,10
2026-05-28,outlet-3,CAKE-005,2,0,52.0,17
2026-05-28,outlet-3,CAKE-006,11,0,330.0,12
2026-05-28,outlet-3,CAKE-007,6,0,162.0,8
2026-05-28,outlet-3,CAKE-008,2,0,40.0,10
2026-05-28,outlet-3,CAKE-009,3,0,72.0,26
2026-05-28,outlet-3,CAKE-010,4,0,72.0,27
2026-05-28,outlet-4,CAKE-001,0,0,0.0,0
2026-05-28,outlet-4,CAKE-002,10,0,240.0,40
2026-05-28,outlet-4,CAKE-003,3,0,96.0,13
2026-05-28,outlet-4,CAKE-004,4,0,88.0,15
2026-05-28,outlet-4,CAKE-005,4,0,104.0,14
2026-05-28,outlet-4,CAKE-006,3,0,90.0,18
2026-05-28,outlet-4,CAKE-007,6,0,162.0,0
2026-05-28,outlet-4,CAKE-008,1,0,20.0,27
2026-05-28,outlet-4,CAKE-009,4,0,96.0,24
2026-05-28,outlet-4,CAKE-010,7,0,126.0,46
2026-05-28,outlet-5,CAKE-001,6,0,168.0,5
2026-05-28,outlet-5,CAKE-002,2,0,48.0,20
2026-05-28,outlet-5,CAKE-003,1,0,32.0,0
2026-05-28,outlet-5,CAKE-004,2,0,44.0,8
2026-05-28,outlet-5,CAKE-005,2,0,52.0,10
2026-05-28,outlet-5,CAKE-006,6,0,180.0,30
2026-05-28,outlet-5,CAKE-007,2,0,54.0,16
2026-05-28,outlet-5,CAKE-008,1,0,20.0,5
2026-05-28,outlet-5,CAKE-009,4,0,96.0,8
2026-05-28,outlet-5,CAKE-010,3,0,54.0,6
2026-05-29,outlet-1,CAKE-001,18,0,504.0,52
2026-05-29,outlet-1,CAKE-002,11,0,264.0,31
2026-05-29,outlet-1,CAKE-003,5,0,160.0,2
2026-05-29,outlet-1,CAKE-004,8,0,176.0,2
2026-05-29,outlet-1,CAKE-005,7,0,182.0,18
2026-05-29,outlet-1,CAKE-006,9,0,270.0,14
2026-05-29,outlet-1,CAKE-007,7,0,189.0,22
2026-05-29,outlet-1,CAKE-008,4,0,80.0,6
2026-05-29,outlet-1,CAKE-009,5,0,120.0,14
2026-05-29,outlet-1,CAKE-010,0,0,0.0,0
2026-05-29,outlet-2,CAKE-001,0,0,0.0,48
2026-05-29,outlet-2,CAKE-002,7,0,168.0,41
2026-05-29,outlet-2,CAKE-003,0,0,0.0,0
2026-05-29,outlet-2,CAKE-004,3,0,66.0,21
2026-05-29,outlet-2,CAKE-005,5,0,130.0,19
2026-05-29,outlet-2,CAKE-006,9,0,270.0,14
2026-05-29,outlet-2,CAKE-007,8,0,216.0,5
2026-05-29,outlet-2,CAKE-008,3,0,60.0,16
2026-05-29,outlet-2,CAKE-009,4,0,96.0,0
2026-05-29,outlet-2,CAKE-010,6,0,108.0,9
2026-05-29,outlet-3,CAKE-001,25,1,700.0,43
2026-05-29,outlet-3,CAKE-002,12,0,288.0,48
2026-05-29,outlet-3,CAKE-003,9,0,288.0,42
2026-05-29,outlet-3,CAKE-004,3,0,66.0,7
2026-05-29,outlet-3,CAKE-005,5,0,130.0,12
2026-05-29,outlet-3,CAKE-006,6,0,180.0,6
2026-05-29,outlet-3,CAKE-007,4,0,108.0,4
2026-05-29,outlet-3,CAKE-008,3,0,60.0,7
2026-05-29,outlet-3,CAKE-009,6,0,144.0,20
2026-05-29,outlet-3,CAKE-010,6,0,108.0,21
2026-05-29,outlet-4,CAKE-001,0,0,0.0,0
2026-05-29,outlet-4,CAKE-002,11,0,264.0,47
2026-05-29,outlet-4,CAKE-003,6,0,192.0,7
2026-05-29,outlet-4,CAKE-004,4,0,88.0,18
2026-05-29,outlet-4,CAKE-005,6,0,156.0,8
2026-05-29,outlet-4,CAKE-006,8,0,240.0,10
2026-05-29,outlet-4,CAKE-007,0,0,0.0,36
2026-05-29,outlet-4,CAKE-008,6,0,120.0,21
2026-05-29,outlet-4,CAKE-009,3,0,72.0,21
2026-05-29,outlet-4,CAKE-010,9,0,162.0,37
2026-05-29,outlet-5,CAKE-001,5,0,140.0,0
2026-05-29,outlet-5,CAKE-002,5,0,120.0,19
2026-05-29,outlet-5,CAKE-003,0,0,0.0,12
2026-05-29,outlet-5,CAKE-004,2,0,44.0,6
2026-05-29,outlet-5,CAKE-005,2,0,52.0,8
2026-05-29,outlet-5,CAKE-006,7,0,210.0,23
2026-05-29,outlet-5,CAKE-007,3,0,81.0,13
2026-05-29,outlet-5,CAKE-008,2,0,40.0,3
2026-05-29,outlet-5,CAKE-009,1,0,24.0,7
2026-05-29,outlet-5,CAKE-010,5,0,90.0,22
2026-05-30,outlet-1,CAKE-001,24,1,672.0,29
2026-05-30,outlet-1,CAKE-002,12,0,288.0,19
2026-05-30,outlet-1,CAKE-003,2,0,64.0,0
2026-05-30,outlet-1,CAKE-004,2,0,44.0,0
2026-05-30,outlet-1,CAKE-005,6,0,156.0,12
2026-05-30,outlet-1,CAKE-006,6,0,180.0,8
2026-05-30,outlet-1,CAKE-007,7,0,189.0,15
2026-05-30,outlet-1,CAKE-008,4,0,80.0,2
2026-05-30,outlet-1,CAKE-009,5,0,120.0,15
2026-05-30,outlet-1,CAKE-010,0,0,0.0,0
2026-05-30,outlet-2,CAKE-001,17,1,476.0,32
2026-05-30,outlet-2,CAKE-002,6,0,144.0,35
2026-05-30,outlet-2,CAKE-003,0,0,0.0,0
2026-05-30,outlet-2,CAKE-004,6,0,132.0,15
2026-05-30,outlet-2,CAKE-005,4,0,104.0,15
2026-05-30,outlet-2,CAKE-006,6,0,180.0,17
2026-05-30,outlet-2,CAKE-007,5,0,135.0,30
2026-05-30,outlet-2,CAKE-008,3,0,60.0,17
2026-05-30,outlet-2,CAKE-009,0,0,0.0,8
2026-05-30,outlet-2,CAKE-010,9,0,162.0,13
2026-05-30,outlet-3,CAKE-001,19,1,532.0,25
2026-05-30,outlet-3,CAKE-002,14,0,336.0,47
2026-05-30,outlet-3,CAKE-003,11,0,352.0,44
2026-05-30,outlet-3,CAKE-004,2,0,44.0,5
2026-05-30,outlet-3,CAKE-005,5,0,130.0,7
2026-05-30,outlet-3,CAKE-006,6,0,180.0,45
2026-05-30,outlet-3,CAKE-007,4,0,108.0,30
2026-05-30,outlet-3,CAKE-008,2,0,40.0,5
2026-05-30,outlet-3,CAKE-009,5,0,120.0,27
2026-05-30,outlet-3,CAKE-010,6,0,108.0,15
2026-05-30,outlet-4,CAKE-001,0,0,0.0,0
2026-05-30,outlet-4,CAKE-002,8,0,192.0,39
2026-05-30,outlet-4,CAKE-003,5,0,160.0,2
2026-05-30,outlet-4,CAKE-004,8,0,176.0,10
2026-05-30,outlet-4,CAKE-005,8,0,208.0,0
2026-05-30,outlet-4,CAKE-006,4,0,120.0,6
2026-05-30,outlet-4,CAKE-007,9,0,243.0,27
2026-05-30,outlet-4,CAKE-008,6,0,120.0,15
2026-05-30,outlet-4,CAKE-009,6,0,144.0,15
2026-05-30,outlet-4,CAKE-010,12,0,216.0,42
2026-05-30,outlet-5,CAKE-001,0,0,0.0,0
2026-05-30,outlet-5,CAKE-002,6,0,144.0,13
2026-05-30,outlet-5,CAKE-003,2,0,64.0,10
2026-05-30,outlet-5,CAKE-004,3,0,66.0,3
2026-05-30,outlet-5,CAKE-005,3,0,78.0,5
2026-05-30,outlet-5,CAKE-006,5,0,150.0,18
2026-05-30,outlet-5,CAKE-007,2,0,54.0,19
2026-05-30,outlet-5,CAKE-008,2,0,40.0,3
2026-05-30,outlet-5,CAKE-009,4,0,96.0,3
2026-05-30,outlet-5,CAKE-010,5,0,90.0,17
2026-05-31,outlet-1,CAKE-001,9,0,252.0,20
2026-05-31,outlet-1,CAKE-002,10,0,240.0,9
2026-05-31,outlet-1,CAKE-003,0,0,0.0,8
2026-05-31,outlet-1,CAKE-004,0,0,0.0,26
2026-05-31,outlet-1,CAKE-005,5,0,130.0,7
2026-05-31,outlet-1,CAKE-006,8,0,240.0,0
2026-05-31,outlet-1,CAKE-007,13,1,351.0,3
2026-05-31,outlet-1,CAKE-008,2,0,40.0,18
2026-05-31,outlet-1,CAKE-009,6,0,144.0,15
2026-05-31,outlet-1,CAKE-010,0,0,0.0,43
2026-05-31,outlet-2,CAKE-001,15,1,420.0,18
2026-05-31,outlet-2,CAKE-002,9,0,216.0,26
2026-05-31,outlet-2,CAKE-003,0,0,0.0,27
2026-05-31,outlet-2,CAKE-004,3,0,66.0,12
2026-05-31,outlet-2,CAKE-005,5,0,130.0,10
2026-05-31,outlet-2,CAKE-006,10,0,300.0,7
2026-05-31,outlet-2,CAKE-007,8,1,216.0,23
2026-05-31,outlet-2,CAKE-008,4,0,80.0,13
2026-05-31,outlet-2,CAKE-009,5,0,120.0,3
2026-05-31,outlet-2,CAKE-010,7,0,126.0,6
2026-05-31,outlet-3,CAKE-001,23,1,644.0,19
2026-05-31,outlet-3,CAKE-002,6,0,144.0,41
2026-05-31,outlet-3,CAKE-003,13,0,416.0,31
2026-05-31,outlet-3,CAKE-004,4,0,88.0,1
2026-05-31,outlet-3,CAKE-005,4,0,104.0,3
2026-05-31,outlet-3,CAKE-006,8,0,240.0,37
2026-05-31,outlet-3,CAKE-007,8,0,216.0,22
2026-05-31,outlet-3,CAKE-008,3,0,60.0,2
2026-05-31,outlet-3,CAKE-009,3,0,72.0,24
2026-05-31,outlet-3,CAKE-010,11,0,198.0,4
2026-05-31,outlet-4,CAKE-001,0,0,0.0,0
2026-05-31,outlet-4,CAKE-002,16,1,384.0,24
2026-05-31,outlet-4,CAKE-003,2,0,64.0,24
2026-05-31,outlet-4,CAKE-004,6,0,132.0,4
2026-05-31,outlet-4,CAKE-005,0,0,0.0,33
2026-05-31,outlet-4,CAKE-006,6,0,180.0,21
2026-05-31,outlet-4,CAKE-007,14,1,378.0,21
2026-05-31,outlet-4,CAKE-008,5,0,100.0,10
2026-05-31,outlet-4,CAKE-009,5,0,120.0,10
2026-05-31,outlet-4,CAKE-010,11,0,198.0,31
2026-05-31,outlet-5,CAKE-001,0,0,0.0,7
2026-05-31,outlet-5,CAKE-002,5,0,120.0,8
2026-05-31,outlet-5,CAKE-003,3,0,96.0,7
2026-05-31,outlet-5,CAKE-004,3,0,66.0,14
2026-05-31,outlet-5,CAKE-005,2,0,52.0,3
2026-05-31,outlet-5,CAKE-006,11,0,330.0,7
2026-05-31,outlet-5,CAKE-007,5,0,135.0,14
2026-05-31,outlet-5,CAKE-008,1,0,20.0,2
2026-05-31,outlet-5,CAKE-009,3,0,72.0,16
2026-05-31,outlet-5,CAKE-010,4,0,72.0,13
2026-06-01,outlet-1,CAKE-001,13,0,364.0,7
2026-06-01,outlet-1,CAKE-002,7,0,168.0,18
2026-06-01,outlet-1,CAKE-003,5,0,160.0,3
2026-06-01,outlet-1,CAKE-004,6,0,132.0,20
2026-06-01,outlet-1,CAKE-005,5,0,130.0,10
2026-06-01,outlet-1,CAKE-006,0,0,0.0,30
2026-06-01,outlet-1,CAKE-007,3,0,81.0,0
2026-06-01,outlet-1,CAKE-008,3,0,60.0,15
2026-06-01,outlet-1,CAKE-009,4,0,96.0,11
2026-06-01,outlet-1,CAKE-010,10,0,180.0,33
2026-06-01,outlet-2,CAKE-001,13,0,364.0,5
2026-06-01,outlet-2,CAKE-002,9,0,216.0,31
2026-06-01,outlet-2,CAKE-003,4,0,128.0,23
2026-06-01,outlet-2,CAKE-004,5,0,110.0,7
2026-06-01,outlet-2,CAKE-005,4,0,104.0,6
2026-06-01,outlet-2,CAKE-006,6,0,180.0,1
2026-06-01,outlet-2,CAKE-007,5,0,135.0,18
2026-06-01,outlet-2,CAKE-008,3,0,60.0,10
2026-06-01,outlet-2,CAKE-009,3,0,72.0,8
2026-06-01,outlet-2,CAKE-010,6,0,108.0,39
2026-06-01,outlet-3,CAKE-001,18,0,504.0,14
2026-06-01,outlet-3,CAKE-002,8,0,192.0,47
2026-06-01,outlet-3,CAKE-003,14,0,448.0,17
2026-06-01,outlet-3,CAKE-004,1,0,22.0,19
2026-06-01,outlet-3,CAKE-005,3,0,78.0,24
2026-06-01,outlet-3,CAKE-006,8,0,240.0,41
2026-06-01,outlet-3,CAKE-007,4,0,108.0,24
2026-06-01,outlet-3,CAKE-008,2,0,40.0,12
2026-06-01,outlet-3,CAKE-009,5,0,120.0,19
2026-06-01,outlet-3,CAKE-010,4,0,72.0,12
2026-06-01,outlet-4,CAKE-001,0,0,0.0,0
2026-06-01,outlet-4,CAKE-002,14,0,336.0,10
2026-06-01,outlet-4,CAKE-003,5,0,160.0,19
2026-06-01,outlet-4,CAKE-004,4,0,88.0,28
2026-06-01,outlet-4,CAKE-005,3,0,78.0,40
2026-06-01,outlet-4,CAKE-006,5,0,150.0,23
2026-06-01,outlet-4,CAKE-007,9,0,243.0,12
2026-06-01,outlet-4,CAKE-008,6,0,120.0,4
2026-06-01,outlet-4,CAKE-009,5,0,120.0,5
2026-06-01,outlet-4,CAKE-010,10,0,180.0,21
2026-06-01,outlet-5,CAKE-001,6,0,168.0,1
2026-06-01,outlet-5,CAKE-002,4,0,96.0,9
2026-06-01,outlet-5,CAKE-003,2,0,64.0,5
2026-06-01,outlet-5,CAKE-004,2,0,44.0,15
2026-06-01,outlet-5,CAKE-005,2,0,52.0,1
2026-06-01,outlet-5,CAKE-006,6,0,180.0,12
2026-06-01,outlet-5,CAKE-007,3,0,81.0,11
2026-06-01,outlet-5,CAKE-008,1,0,20.0,1
2026-06-01,outlet-5,CAKE-009,3,0,72.0,13
2026-06-01,outlet-5,CAKE-010,4,0,72.0,9
2026-06-02,outlet-1,CAKE-001,7,0,196.0,18
2026-06-02,outlet-1,CAKE-002,9,0,216.0,9
2026-06-02,outlet-1,CAKE-003,3,0,96.0,0
2026-06-02,outlet-1,CAKE-004,4,0,88.0,23
2026-06-02,outlet-1,CAKE-005,5,0,130.0,5
2026-06-02,outlet-1,CAKE-006,5,0,150.0,25
2026-06-02,outlet-1,CAKE-007,0,0,0.0,33
2026-06-02,outlet-1,CAKE-008,3,0,60.0,16
2026-06-02,outlet-1,CAKE-009,3,0,72.0,8
2026-06-02,outlet-1,CAKE-010,9,0,162.0,24
2026-06-02,outlet-2,CAKE-001,5,0,140.0,48
2026-06-02,outlet-2,CAKE-002,10,0,240.0,21
2026-06-02,outlet-2,CAKE-003,5,0,160.0,18
2026-06-02,outlet-2,CAKE-004,4,0,88.0,3
2026-06-02,outlet-2,CAKE-005,4,0,104.0,9
2026-06-02,outlet-2,CAKE-006,1,0,30.0,9
2026-06-02,outlet-2,CAKE-007,4,0,108.0,14
2026-06-02,outlet-2,CAKE-008,2,0,40.0,11
2026-06-02,outlet-2,CAKE-009,4,0,96.0,4
2026-06-02,outlet-2,CAKE-010,9,0,162.0,30
2026-06-02,outlet-3,CAKE-001,14,0,392.0,67
2026-06-02,outlet-3,CAKE-002,7,0,168.0,40
2026-06-02,outlet-3,CAKE-003,12,0,384.0,5
2026-06-02,outlet-3,CAKE-004,2,0,44.0,17
2026-06-02,outlet-3,CAKE-005,5,0,130.0,19
2026-06-02,outlet-3,CAKE-006,10,0,300.0,31
2026-06-02,outlet-3,CAKE-007,3,0,81.0,21
2026-06-02,outlet-3,CAKE-008,2,0,40.0,10
2026-06-02,outlet-3,CAKE-009,3,0,72.0,26
2026-06-02,outlet-3,CAKE-010,4,0,72.0,8
2026-06-02,outlet-4,CAKE-001,0,0,0.0,0
2026-06-02,outlet-4,CAKE-002,6,0,144.0,4
2026-06-02,outlet-4,CAKE-003,4,0,128.0,15
2026-06-02,outlet-4,CAKE-004,5,0,110.0,23
2026-06-02,outlet-4,CAKE-005,8,0,208.0,32
2026-06-02,outlet-4,CAKE-006,4,0,120.0,19
2026-06-02,outlet-4,CAKE-007,7,1,189.0,6
2026-06-02,outlet-4,CAKE-008,4,0,80.0,27
2026-06-02,outlet-4,CAKE-009,5,0,120.0,28
2026-06-02,outlet-4,CAKE-010,6,0,108.0,15
2026-06-02,outlet-5,CAKE-001,1,0,28.0,28
2026-06-02,outlet-5,CAKE-002,3,0,72.0,10
2026-06-02,outlet-5,CAKE-003,3,0,96.0,2
2026-06-02,outlet-5,CAKE-004,2,0,44.0,13
2026-06-02,outlet-5,CAKE-005,1,0,26.0,0
2026-06-02,outlet-5,CAKE-006,6,0,180.0,17
2026-06-02,outlet-5,CAKE-007,3,0,81.0,8
2026-06-02,outlet-5,CAKE-008,1,0,20.0,0
2026-06-02,outlet-5,CAKE-009,2,0,48.0,11
2026-06-02,outlet-5,CAKE-010,4,0,72.0,5
2026-06-03,outlet-1,CAKE-001,9,0,252.0,9
2026-06-03,outlet-1,CAKE-002,9,0,216.0,46
2026-06-03,outlet-1,CAKE-003,0,0,0.0,0
2026-06-03,outlet-1,CAKE-004,4,0,88.0,26
2026-06-03,outlet-1,CAKE-005,4,0,104.0,25
2026-06-03,outlet-1,CAKE-006,6,0,180.0,38
2026-06-03,outlet-1,CAKE-007,6,1,162.0,28
2026-06-03,outlet-1,CAKE-008,3,0,60.0,17
2026-06-03,outlet-1,CAKE-009,4,0,96.0,4
2026-06-03,outlet-1,CAKE-010,9,0,162.0,26
2026-06-03,outlet-2,CAKE-001,13,0,364.0,35
2026-06-03,outlet-2,CAKE-002,4,0,96.0,17
2026-06-03,outlet-2,CAKE-003,4,0,128.0,14
2026-06-03,outlet-2,CAKE-004,3,0,66.0,24
2026-06-03,outlet-2,CAKE-005,4,0,104.0,13
2026-06-03,outlet-2,CAKE-006,4,0,120.0,5
2026-06-03,outlet-2,CAKE-007,7,1,189.0,8
2026-06-03,outlet-2,CAKE-008,2,0,40.0,9
2026-06-03,outlet-2,CAKE-009,4,0,96.0,21
2026-06-03,outlet-2,CAKE-010,7,0,126.0,23
2026-06-03,outlet-3,CAKE-001,11,0,308.0,56
2026-06-03,outlet-3,CAKE-002,12,0,288.0,28
2026-06-03,outlet-3,CAKE-003,5,0,160.0,14
2026-06-03,outlet-3,CAKE-004,3,0,66.0,14
2026-06-03,outlet-3,CAKE-005,5,0,130.0,14
2026-06-03,outlet-3,CAKE-006,9,0,270.0,22
2026-06-03,outlet-3,CAKE-007,9,1,243.0,13
2026-06-03,outlet-3,CAKE-008,2,0,40.0,8
2026-06-03,outlet-3,CAKE-009,4,0,96.0,22
2026-06-03,outlet-3,CAKE-010,7,0,126.0,1
2026-06-03,outlet-4,CAKE-001,0,0,0.0,0
2026-06-03,outlet-4,CAKE-002,4,0,96.0,0
2026-06-03,outlet-4,CAKE-003,3,0,96.0,12
2026-06-03,outlet-4,CAKE-004,5,0,110.0,26
2026-06-03,outlet-4,CAKE-005,8,0,208.0,37
2026-06-03,outlet-4,CAKE-006,3,0,90.0,16
2026-06-03,outlet-4,CAKE-007,6,0,162.0,0
2026-06-03,outlet-4,CAKE-008,3,0,60.0,24
2026-06-03,outlet-4,CAKE-009,5,0,120.0,31
2026-06-03,outlet-4,CAKE-010,8,0,144.0,21
2026-06-03,outlet-5,CAKE-001,10,0,280.0,18
2026-06-03,outlet-5,CAKE-002,4,0,96.0,6
2026-06-03,outlet-5,CAKE-003,2,0,64.0,12
2026-06-03,outlet-5,CAKE-004,2,0,44.0,11
2026-06-03,outlet-5,CAKE-005,0,0,0.0,0
2026-06-03,outlet-5,CAKE-006,5,0,150.0,12
2026-06-03,outlet-5,CAKE-007,3,0,81.0,13
2026-06-03,outlet-5,CAKE-008,0,0,0.0,7
2026-06-03,outlet-5,CAKE-009,4,0,96.0,7
2026-06-03,outlet-5,CAKE-010,3,0,54.0,2
2026-06-04,outlet-1,CAKE-001,9,0,252.0,57
2026-06-04,outlet-1,CAKE-002,9,0,216.0,37
2026-06-04,outlet-1,CAKE-003,0,0,0.0,30
2026-06-04,outlet-1,CAKE-004,4,0,88.0,22
2026-06-04,outlet-1,CAKE-005,4,0,104.0,21
2026-06-04,outlet-1,CAKE-006,6,0,180.0,32
2026-06-04,outlet-1,CAKE-007,5,0,135.0,23
2026-06-04,outlet-1,CAKE-008,2,0,40.0,15
2026-06-04,outlet-1,CAKE-009,4,0,96.0,24
2026-06-04,outlet-1,CAKE-010,6,0,108.0,20
2026-06-04,outlet-2,CAKE-001,15,1,420.0,36
2026-06-04,outlet-2,CAKE-002,5,0,120.0,26
2026-06-04,outlet-2,CAKE-003,5,0,160.0,9
2026-06-04,outlet-2,CAKE-004,4,0,88.0,25
2026-06-04,outlet-2,CAKE-005,3,0,78.0,10
2026-06-04,outlet-2,CAKE-006,5,0,150.0,0
2026-06-04,outlet-2,CAKE-007,6,0,162.0,32
2026-06-04,outlet-2,CAKE-008,3,0,60.0,6
2026-06-04,outlet-2,CAKE-009,3,0,72.0,18
2026-06-04,outlet-2,CAKE-010,7,0,126.0,16
2026-06-04,outlet-3,CAKE-001,26,1,728.0,31
2026-06-04,outlet-3,CAKE-002,8,0,192.0,36
2026-06-04,outlet-3,CAKE-003,10,0,320.0,17
2026-06-04,outlet-3,CAKE-004,4,0,88.0,10
2026-06-04,outlet-3,CAKE-005,4,0,104.0,10
2026-06-04,outlet-3,CAKE-006,6,0,180.0,16
2026-06-04,outlet-3,CAKE-007,5,0,135.0,15
2026-06-04,outlet-3,CAKE-008,2,0,40.0,6
2026-06-04,outlet-3,CAKE-009,2,0,48.0,31
2026-06-04,outlet-3,CAKE-010,1,0,18.0,0
2026-06-04,outlet-4,CAKE-001,0,0,0.0,0
2026-06-04,outlet-4,CAKE-002,0,0,0.0,54
2026-06-04,outlet-4,CAKE-003,4,0,128.0,8
2026-06-04,outlet-4,CAKE-004,5,0,110.0,21
2026-06-04,outlet-4,CAKE-005,4,0,104.0,33
2026-06-04,outlet-4,CAKE-006,4,0,120.0,12
2026-06-04,outlet-4,CAKE-007,0,0,0.0,36
2026-06-04,outlet-4,CAKE-008,4,0,80.0,20
2026-06-04,outlet-4,CAKE-009,6,0,144.0,25
2026-06-04,outlet-4,CAKE-010,3,0,54.0,35
2026-06-04,outlet-5,CAKE-001,6,0,168.0,12
2026-06-04,outlet-5,CAKE-002,3,0,72.0,3
2026-06-04,outlet-5,CAKE-003,2,0,64.0,10
2026-06-04,outlet-5,CAKE-004,3,0,66.0,8
2026-06-04,outlet-5,CAKE-005,0,0,0.0,12
2026-06-04,outlet-5,CAKE-006,7,0,210.0,16
2026-06-04,outlet-5,CAKE-007,5,0,135.0,8
2026-06-04,outlet-5,CAKE-008,1,0,20.0,6
2026-06-04,outlet-5,CAKE-009,2,0,48.0,5
2026-06-04,outlet-5,CAKE-010,2,0,36.0,0
2026-06-05,outlet-1,CAKE-001,15,1,420.0,43
2026-06-05,outlet-1,CAKE-002,8,0,192.0,29
2026-06-05,outlet-1,CAKE-003,7,0,224.0,23
2026-06-05,outlet-1,CAKE-004,6,0,132.0,16
2026-06-05,outlet-1,CAKE-005,5,0,130.0,16
2026-06-05,outlet-1,CAKE-006,6,0,180.0,26
2026-06-05,outlet-1,CAKE-007,6,0,162.0,17
2026-06-05,outlet-1,CAKE-008,3,0,60.0,12
2026-06-05,outlet-1,CAKE-009,7,0,168.0,17
2026-06-05,outlet-1,CAKE-010,10,0,180.0,10
2026-06-05,outlet-2,CAKE-001,15,1,420.0,35
2026-06-05,outlet-2,CAKE-002,12,0,288.0,14
2026-06-05,outlet-2,CAKE-003,6,0,192.0,3
2026-06-05,outlet-2,CAKE-004,3,0,66.0,22
2026-06-05,outlet-2,CAKE-005,5,0,130.0,5
2026-06-05,outlet-2,CAKE-006,0,0,0.0,24
2026-06-05,outlet-2,CAKE-007,8,0,216.0,24
2026-06-05,outlet-2,CAKE-008,3,0,60.0,3
2026-06-05,outlet-2,CAKE-009,5,0,120.0,20
2026-06-05,outlet-2,CAKE-010,7,0,126.0,9
2026-06-05,outlet-3,CAKE-001,29,1,812.0,17
2026-06-05,outlet-3,CAKE-002,7,0,168.0,29
2026-06-05,outlet-3,CAKE-003,14,0,448.0,15
2026-06-05,outlet-3,CAKE-004,2,0,44.0,8
2026-06-05,outlet-3,CAKE-005,6,0,156.0,9
2026-06-05,outlet-3,CAKE-006,9,0,270.0,7
2026-06-05,outlet-3,CAKE-007,9,0,243.0,6
2026-06-05,outlet-3,CAKE-008,3,0,60.0,6
2026-06-05,outlet-3,CAKE-009,5,0,120.0,26
2026-06-05,outlet-3,CAKE-010,0,0,0.0,32
2026-06-05,outlet-4,CAKE-001,0,0,0.0,0
2026-06-05,outlet-4,CAKE-002,14,0,336.0,40
2026-06-05,outlet-4,CAKE-003,4,0,128.0,4
2026-06-05,outlet-4,CAKE-004,6,0,132.0,15
2026-06-05,outlet-4,CAKE-005,7,0,182.0,26
2026-06-05,outlet-4,CAKE-006,2,0,60.0,10
2026-06-05,outlet-4,CAKE-007,7,0,189.0,29
2026-06-05,outlet-4,CAKE-008,4,0,80.0,16
2026-06-05,outlet-4,CAKE-009,11,0,264.0,14
2026-06-05,outlet-4,CAKE-010,14,1,252.0,22
2026-06-05,outlet-5,CAKE-001,9,0,252.0,3
2026-06-05,outlet-5,CAKE-002,3,0,72.0,0
2026-06-05,outlet-5,CAKE-003,4,0,128.0,6
2026-06-05,outlet-5,CAKE-004,2,0,44.0,6
2026-06-05,outlet-5,CAKE-005,2,0,52.0,10
2026-06-05,outlet-5,CAKE-006,9,0,270.0,7
2026-06-05,outlet-5,CAKE-007,3,0,81.0,5
2026-06-05,outlet-5,CAKE-008,1,0,20.0,5
2026-06-05,outlet-5,CAKE-009,3,0,72.0,2
2026-06-05,outlet-5,CAKE-010,0,0,0.0,21
2026-06-06,outlet-1,CAKE-001,22,1,616.0,39
2026-06-06,outlet-1,CAKE-002,13,0,312.0,16
2026-06-06,outlet-1,CAKE-003,6,0,192.0,17
2026-06-06,outlet-1,CAKE-004,6,0,132.0,10
2026-06-06,outlet-1,CAKE-005,3,0,78.0,13
2026-06-06,outlet-1,CAKE-006,7,0,210.0,38
2026-06-06,outlet-1,CAKE-007,5,0,135.0,12
2026-06-06,outlet-1,CAKE-008,3,0,60.0,9
2026-06-06,outlet-1,CAKE-009,5,0,120.0,12
2026-06-06,outlet-1,CAKE-010,10,0,180.0,43
2026-06-06,outlet-2,CAKE-001,11,0,308.0,38
2026-06-06,outlet-2,CAKE-002,5,0,120.0,23
2026-06-06,outlet-2,CAKE-003,3,0,96.0,0
2026-06-06,outlet-2,CAKE-004,7,0,154.0,15
2026-06-06,outlet-2,CAKE-005,5,0,130.0,9
2026-06-06,outlet-2,CAKE-006,6,0,180.0,18
2026-06-06,outlet-2,CAKE-007,7,0,189.0,17
2026-06-06,outlet-2,CAKE-008,3,0,60.0,0
2026-06-06,outlet-2,CAKE-009,4,0,96.0,16
2026-06-06,outlet-2,CAKE-010,9,0,162.0,0
2026-06-06,outlet-3,CAKE-001,17,0,476.0,0
2026-06-06,outlet-3,CAKE-002,11,0,264.0,18
2026-06-06,outlet-3,CAKE-003,9,0,288.0,6
2026-06-06,outlet-3,CAKE-004,4,0,88.0,4
2026-06-06,outlet-3,CAKE-005,3,0,78.0,6
2026-06-06,outlet-3,CAKE-006,7,0,210.0,45
2026-06-06,outlet-3,CAKE-007,6,1,162.0,1
2026-06-06,outlet-3,CAKE-008,3,0,60.0,6
2026-06-06,outlet-3,CAKE-009,5,0,120.0,32
2026-06-06,outlet-3,CAKE-010,7,0,126.0,25
2026-06-06,outlet-4,CAKE-001,0,0,0.0,0
2026-06-06,outlet-4,CAKE-002,13,0,312.0,27
2026-06-06,outlet-4,CAKE-003,4,0,128.0,0
2026-06-06,outlet-4,CAKE-004,7,0,154.0,8
2026-06-06,outlet-4,CAKE-005,6,0,156.0,20
2026-06-06,outlet-4,CAKE-006,6,0,180.0,4
2026-06-06,outlet-4,CAKE-007,13,1,351.0,24
2026-06-06,outlet-4,CAKE-008,5,0,100.0,11
2026-06-06,outlet-4,CAKE-009,7,0,168.0,7
2026-06-06,outlet-4,CAKE-010,6,0,108.0,16
2026-06-06,outlet-5,CAKE-001,3,0,84.0,28
2026-06-06,outlet-5,CAKE-002,0,0,0.0,0
2026-06-06,outlet-5,CAKE-003,4,0,128.0,2
2026-06-06,outlet-5,CAKE-004,3,0,66.0,3
2026-06-06,outlet-5,CAKE-005,2,0,52.0,8
2026-06-06,outlet-5,CAKE-006,7,0,210.0,0
2026-06-06,outlet-5,CAKE-007,2,0,54.0,3
2026-06-06,outlet-5,CAKE-008,2,0,40.0,3
2026-06-06,outlet-5,CAKE-009,2,0,48.0,16
2026-06-06,outlet-5,CAKE-010,5,0,90.0,16
2026-06-07,outlet-1,CAKE-001,26,1,728.0,14
2026-06-07,outlet-1,CAKE-002,14,1,336.0,20
2026-06-07,outlet-1,CAKE-003,4,0,128.0,21
2026-06-07,outlet-1,CAKE-004,7,0,154.0,3
2026-06-07,outlet-1,CAKE-005,5,0,130.0,8
2026-06-07,outlet-1,CAKE-006,11,0,330.0,27
2026-06-07,outlet-1,CAKE-007,0,0,0.0,12
2026-06-07,outlet-1,CAKE-008,3,0,60.0,6
2026-06-07,outlet-1,CAKE-009,7,0,168.0,5
2026-06-07,outlet-1,CAKE-010,10,0,180.0,45
2026-06-07,outlet-2,CAKE-001,11,0,308.0,27
2026-06-07,outlet-2,CAKE-002,6,0,144.0,32
2026-06-07,outlet-2,CAKE-003,0,0,0.0,0
2026-06-07,outlet-2,CAKE-004,7,0,154.0,8
2026-06-07,outlet-2,CAKE-005,7,0,182.0,2
2026-06-07,outlet-2,CAKE-006,6,0,180.0,12
2026-06-07,outlet-2,CAKE-007,9,1,243.0,9
2026-06-07,outlet-2,CAKE-008,0,0,0.0,4
2026-06-07,outlet-2,CAKE-009,4,0,96.0,12
2026-06-07,outlet-2,CAKE-010,0,0,0.0,0
2026-06-07,outlet-3,CAKE-001,0,0,0.0,67
2026-06-07,outlet-3,CAKE-002,11,0,264.0,7
2026-06-07,outlet-3,CAKE-003,6,0,192.0,0
2026-06-07,outlet-3,CAKE-004,3,0,66.0,20
2026-06-07,outlet-3,CAKE-005,4,0,104.0,2
2026-06-07,outlet-3,CAKE-006,10,0,300.0,35
2026-06-07,outlet-3,CAKE-007,1,0,27.0,30
2026-06-07,outlet-3,CAKE-008,2,0,40.0,4
2026-06-07,outlet-3,CAKE-009,5,0,120.0,27
2026-06-07,outlet-3,CAKE-010,10,0,180.0,15
2026-06-07,outlet-4,CAKE-001,0,0,0.0,0
2026-06-07,outlet-4,CAKE-002,11,0,264.0,16
2026-06-07,outlet-4,CAKE-003,0,0,0.0,0
2026-06-07,outlet-4,CAKE-004,7,0,154.0,29
2026-06-07,outlet-4,CAKE-005,2,0,52.0,18
2026-06-07,outlet-4,CAKE-006,4,0,120.0,0
2026-06-07,outlet-4,CAKE-007,7,0,189.0,17
2026-06-07,outlet-4,CAKE-008,5,0,100.0,6
2026-06-07,outlet-4,CAKE-009,6,0,144.0,29
2026-06-07,outlet-4,CAKE-010,8,0,144.0,8
2026-06-07,outlet-5,CAKE-001,13,0,364.0,15
2026-06-07,outlet-5,CAKE-002,0,0,0.0,21
2026-06-07,outlet-5,CAKE-003,2,0,64.0,0
2026-06-07,outlet-5,CAKE-004,3,0,66.0,14
2026-06-07,outlet-5,CAKE-005,2,0,52.0,6
2026-06-07,outlet-5,CAKE-006,0,0,0.0,30
2026-06-07,outlet-5,CAKE-007,2,0,54.0,16
2026-06-07,outlet-5,CAKE-008,2,0,40.0,1
2026-06-07,outlet-5,CAKE-009,4,0,96.0,12
2026-06-07,outlet-5,CAKE-010,4,0,72.0,12
2026-06-08,outlet-1,CAKE-001,14,0,392.0,17
2026-06-08,outlet-1,CAKE-002,7,0,168.0,13
2026-06-08,outlet-1,CAKE-003,2,0,64.0,19
2026-06-08,outlet-1,CAKE-004,3,0,66.0,26
2026-06-08,outlet-1,CAKE-005,3,0,78.0,5
2026-06-08,outlet-1,CAKE-006,5,0,150.0,22
2026-06-08,outlet-1,CAKE-007,8,0,216.0,4
2026-06-08,outlet-1,CAKE-008,3,0,60.0,8
2026-06-08,outlet-1,CAKE-009,5,0,120.0,24
2026-06-08,outlet-1,CAKE-010,9,0,162.0,36
2026-06-08,outlet-2,CAKE-001,15,1,420.0,13
2026-06-08,outlet-2,CAKE-002,9,0,216.0,36
2026-06-08,outlet-2,CAKE-003,0,0,0.0,8
2026-06-08,outlet-2,CAKE-004,5,0,110.0,3
2026-06-08,outlet-2,CAKE-005,2,0,52.0,21
2026-06-08,outlet-2,CAKE-006,3,0,90.0,9
2026-06-08,outlet-2,CAKE-007,5,0,135.0,4
2026-06-08,outlet-2,CAKE-008,2,0,40.0,2
2026-06-08,outlet-2,CAKE-009,3,0,72.0,9
2026-06-08,outlet-2,CAKE-010,0,0,0.0,39
2026-06-08,outlet-3,CAKE-001,16,0,448.0,51
2026-06-08,outlet-3,CAKE-002,7,0,168.0,0
2026-06-08,outlet-3,CAKE-003,0,0,0.0,12
2026-06-08,outlet-3,CAKE-004,3,0,66.0,17
2026-06-08,outlet-3,CAKE-005,2,0,52.0,0
2026-06-08,outlet-3,CAKE-006,12,0,360.0,23
2026-06-08,outlet-3,CAKE-007,7,0,189.0,30
2026-06-08,outlet-3,CAKE-008,2,0,40.0,2
2026-06-08,outlet-3,CAKE-009,5,0,120.0,32
2026-06-08,outlet-3,CAKE-010,5,0,90.0,10
2026-06-08,outlet-4,CAKE-001,0,0,0.0,43
2026-06-08,outlet-4,CAKE-002,10,0,240.0,6
2026-06-08,outlet-4,CAKE-003,0,0,0.0,24
2026-06-08,outlet-4,CAKE-004,2,0,44.0,27
2026-06-08,outlet-4,CAKE-005,6,0,156.0,12
2026-06-08,outlet-4,CAKE-006,0,0,0.0,21
2026-06-08,outlet-4,CAKE-007,8,0,216.0,9
2026-06-08,outlet-4,CAKE-008,6,0,120.0,27
2026-06-08,outlet-4,CAKE-009,4,0,96.0,25
2026-06-08,outlet-4,CAKE-010,7,0,126.0,47
2026-06-08,outlet-5,CAKE-001,5,0,140.0,10
2026-06-08,outlet-5,CAKE-002,4,0,96.0,21
2026-06-08,outlet-5,CAKE-003,0,0,0.0,12
2026-06-08,outlet-5,CAKE-004,1,0,22.0,13
2026-06-08,outlet-5,CAKE-005,2,0,52.0,4
2026-06-08,outlet-5,CAKE-006,7,0,210.0,23
2026-06-08,outlet-5,CAKE-007,5,0,135.0,11
2026-06-08,outlet-5,CAKE-008,1,0,20.0,0
2026-06-08,outlet-5,CAKE-009,3,0,72.0,9
2026-06-08,outlet-5,CAKE-010,2,0,36.0,10
2026-06-09,outlet-1,CAKE-001,13,0,364.0,61
2026-06-09,outlet-1,CAKE-002,6,0,144.0,24
2026-06-09,outlet-1,CAKE-003,5,0,160.0,14
2026-06-09,outlet-1,CAKE-004,3,0,66.0,23
2026-06-09,outlet-1,CAKE-005,3,0,78.0,2
2026-06-09,outlet-1,CAKE-006,6,0,180.0,16
2026-06-09,outlet-1,CAKE-007,4,0,108.0,0
2026-06-09,outlet-1,CAKE-008,2,0,40.0,6
2026-06-09,outlet-1,CAKE-009,4,0,96.0,20
2026-06-09,outlet-1,CAKE-010,6,0,108.0,41
2026-06-09,outlet-2,CAKE-001,13,0,364.0,48
2026-06-09,outlet-2,CAKE-002,8,0,192.0,28
2026-06-09,outlet-2,CAKE-003,5,0,160.0,3
2026-06-09,outlet-2,CAKE-004,3,0,66.0,24
2026-06-09,outlet-2,CAKE-005,4,0,104.0,17
2026-06-09,outlet-2,CAKE-006,3,0,90.0,6
2026-06-09,outlet-2,CAKE-007,4,0,108.0,6
2026-06-09,outlet-2,CAKE-008,2,0,40.0,16
2026-06-09,outlet-2,CAKE-009,5,0,120.0,4
2026-06-09,outlet-2,CAKE-010,6,0,108.0,33
2026-06-09,outlet-3,CAKE-001,14,0,392.0,37
2026-06-09,outlet-3,CAKE-002,0,0,0.0,0
2026-06-09,outlet-3,CAKE-003,9,0,288.0,16
2026-06-09,outlet-3,CAKE-004,3,0,66.0,18
2026-06-09,outlet-3,CAKE-005,0,0,0.0,24
2026-06-09,outlet-3,CAKE-006,3,0,90.0,34
2026-06-09,outlet-3,CAKE-007,10,1,270.0,21
2026-06-09,outlet-3,CAKE-008,2,0,40.0,4
2026-06-09,outlet-3,CAKE-009,4,0,96.0,28
2026-06-09,outlet-3,CAKE-010,5,0,90.0,5
2026-06-09,outlet-4,CAKE-001,15,1,420.0,29
2026-06-09,outlet-4,CAKE-002,6,0,144.0,54
2026-06-09,outlet-4,CAKE-003,4,0,128.0,20
2026-06-09,outlet-4,CAKE-004,4,0,88.0,23
2026-06-09,outlet-4,CAKE-005,7,0,182.0,5
2026-06-09,outlet-4,CAKE-006,3,0,90.0,18
2026-06-09,outlet-4,CAKE-007,9,1,243.0,37
2026-06-09,outlet-4,CAKE-008,5,0,100.0,22
2026-06-09,outlet-4,CAKE-009,6,0,144.0,19
2026-06-09,outlet-4,CAKE-010,6,0,108.0,41
2026-06-09,outlet-5,CAKE-001,6,0,168.0,4
2026-06-09,outlet-5,CAKE-002,3,0,72.0,18
2026-06-09,outlet-5,CAKE-003,3,0,96.0,9
2026-06-09,outlet-5,CAKE-004,2,0,44.0,11
2026-06-09,outlet-5,CAKE-005,2,0,52.0,2
2026-06-09,outlet-5,CAKE-006,6,0,180.0,17
2026-06-09,outlet-5,CAKE-007,3,0,81.0,8
2026-06-09,outlet-5,CAKE-008,0,0,0.0,0
2026-06-09,outlet-5,CAKE-009,2,0,48.0,7
2026-06-09,outlet-5,CAKE-010,2,0,36.0,8
2026-06-10,outlet-1,CAKE-001,16,0,448.0,64
2026-06-10,outlet-1,CAKE-002,9,0,216.0,33
2026-06-10,outlet-1,CAKE-003,5,0,160.0,9
2026-06-10,outlet-1,CAKE-004,6,0,132.0,23
2026-06-10,outlet-1,CAKE-005,2,0,52.0,0
2026-06-10,outlet-1,CAKE-006,5,0,150.0,32
2026-06-10,outlet-1,CAKE-007,0,0,0.0,0
2026-06-10,outlet-1,CAKE-008,3,0,60.0,3
2026-06-10,outlet-1,CAKE-009,5,0,120.0,15
2026-06-10,outlet-1,CAKE-010,10,0,180.0,41
2026-06-10,outlet-2,CAKE-001,10,0,280.0,38
2026-06-10,outlet-2,CAKE-002,5,0,120.0,23
2026-06-10,outlet-2,CAKE-003,3,0,96.0,27
2026-06-10,outlet-2,CAKE-004,5,0,110.0,19
2026-06-10,outlet-2,CAKE-005,4,0,104.0,13
2026-06-10,outlet-2,CAKE-006,3,0,90.0,12
2026-06-10,outlet-2,CAKE-007,4,0,108.0,32
2026-06-10,outlet-2,CAKE-008,3,0,60.0,13
2026-06-10,outlet-2,CAKE-009,4,0,96.0,21
2026-06-10,outlet-2,CAKE-010,6,0,108.0,27
2026-06-10,outlet-3,CAKE-001,22,1,616.0,16
2026-06-10,outlet-3,CAKE-002,0,0,0.0,46
2026-06-10,outlet-3,CAKE-003,11,0,352.0,18
2026-06-10,outlet-3,CAKE-004,3,0,66.0,15
2026-06-10,outlet-3,CAKE-005,4,0,104.0,20
2026-06-10,outlet-3,CAKE-006,12,0,360.0,22
2026-06-10,outlet-3,CAKE-007,7,0,189.0,22
2026-06-10,outlet-3,CAKE-008,2,0,40.0,2
2026-06-10,outlet-3,CAKE-009,4,0,96.0,24
2026-06-10,outlet-3,CAKE-010,4,0,72.0,33
2026-06-10,outlet-4,CAKE-001,11,0,308.0,18
2026-06-10,outlet-4,CAKE-002,9,0,216.0,45
2026-06-10,outlet-4,CAKE-003,5,0,160.0,15
2026-06-10,outlet-4,CAKE-004,4,0,88.0,19
2026-06-10,outlet-4,CAKE-005,5,0,130.0,33
2026-06-10,outlet-4,CAKE-006,2,0,60.0,23
2026-06-10,outlet-4,CAKE-007,2,0,54.0,35
2026-06-10,outlet-4,CAKE-008,5,0,100.0,29
2026-06-10,outlet-4,CAKE-009,3,0,72.0,16
2026-06-10,outlet-4,CAKE-010,7,0,126.0,34
2026-06-10,outlet-5,CAKE-001,4,0,112.0,8
2026-06-10,outlet-5,CAKE-002,5,0,120.0,13
2026-06-10,outlet-5,CAKE-003,2,0,64.0,10
2026-06-10,outlet-5,CAKE-004,3,0,66.0,8
2026-06-10,outlet-5,CAKE-005,2,0,52.0,12
2026-06-10,outlet-5,CAKE-006,5,0,150.0,12
2026-06-10,outlet-5,CAKE-007,3,0,81.0,5
2026-06-10,outlet-5,CAKE-008,0,0,0.0,0
2026-06-10,outlet-5,CAKE-009,3,0,72.0,4
2026-06-10,outlet-5,CAKE-010,3,0,54.0,5
2026-06-11,outlet-1,CAKE-001,16,1,448.0,49
2026-06-11,outlet-1,CAKE-002,8,0,192.0,25
2026-06-11,outlet-1,CAKE-003,4,0,128.0,5
2026-06-11,outlet-1,CAKE-004,4,0,88.0,19
2026-06-11,outlet-1,CAKE-005,0,0,0.0,24
2026-06-11,outlet-1,CAKE-006,7,0,210.0,45
2026-06-11,outlet-1,CAKE-007,0,0,0.0,0
2026-06-11,outlet-1,CAKE-008,3,0,60.0,4
2026-06-11,outlet-1,CAKE-009,3,0,72.0,12
2026-06-11,outlet-1,CAKE-010,6,0,108.0,35
2026-06-11,outlet-2,CAKE-001,8,0,224.0,30
2026-06-11,outlet-2,CAKE-002,5,0,120.0,18
2026-06-11,outlet-2,CAKE-003,3,0,96.0,34
2026-06-11,outlet-2,CAKE-004,4,0,88.0,15
2026-06-11,outlet-2,CAKE-005,5,0,130.0,8
2026-06-11,outlet-2,CAKE-006,3,0,90.0,17
2026-06-11,outlet-2,CAKE-007,6,0,162.0,26
2026-06-11,outlet-2,CAKE-008,3,0,60.0,10
2026-06-11,outlet-2,CAKE-009,3,0,72.0,18
2026-06-11,outlet-2,CAKE-010,7,0,126.0,20
2026-06-11,outlet-3,CAKE-001,14,1,392.0,70
2026-06-11,outlet-3,CAKE-002,5,0,120.0,41
2026-06-11,outlet-3,CAKE-003,9,0,288.0,9
2026-06-11,outlet-3,CAKE-004,3,0,66.0,12
2026-06-11,outlet-3,CAKE-005,4,0,104.0,16
2026-06-11,outlet-3,CAKE-006,7,0,210.0,15
2026-06-11,outlet-3,CAKE-007,7,0,189.0,15
2026-06-11,outlet-3,CAKE-008,2,0,40.0,0
2026-06-11,outlet-3,CAKE-009,4,0,96.0,20
2026-06-11,outlet-3,CAKE-010,5,0,90.0,28
2026-06-11,outlet-4,CAKE-001,10,0,280.0,22
2026-06-11,outlet-4,CAKE-002,9,0,216.0,36
2026-06-11,outlet-4,CAKE-003,3,0,96.0,12
2026-06-11,outlet-4,CAKE-004,5,0,110.0,14
2026-06-11,outlet-4,CAKE-005,7,0,182.0,26
2026-06-11,outlet-4,CAKE-006,1,0,30.0,22
2026-06-11,outlet-4,CAKE-007,9,0,243.0,26
2026-06-11,outlet-4,CAKE-008,4,0,80.0,25
2026-06-11,outlet-4,CAKE-009,4,0,96.0,12
2026-06-11,outlet-4,CAKE-010,8,0,144.0,26
2026-06-11,outlet-5,CAKE-001,8,0,224.0,0
2026-06-11,outlet-5,CAKE-002,3,0,72.0,10
2026-06-11,outlet-5,CAKE-003,2,0,64.0,8
2026-06-11,outlet-5,CAKE-004,2,0,44.0,6
2026-06-11,outlet-5,CAKE-005,2,0,52.0,10
2026-06-11,outlet-5,CAKE-006,11,0,330.0,1
2026-06-11,outlet-5,CAKE-007,3,0,81.0,2
2026-06-11,outlet-5,CAKE-008,0,0,0.0,0
2026-06-11,outlet-5,CAKE-009,4,0,96.0,0
2026-06-11,outlet-5,CAKE-010,4,0,72.0,22
2026-06-12,outlet-1,CAKE-001,18,1,504.0,32
2026-06-12,outlet-1,CAKE-002,6,0,144.0,36
2026-06-12,outlet-1,CAKE-003,5,0,160.0,7
2026-06-12,outlet-1,CAKE-004,6,0,132.0,13
2026-06-12,outlet-1,CAKE-005,6,0,156.0,18
2026-06-12,outlet-1,CAKE-006,4,0,120.0,61
2026-06-12,outlet-1,CAKE-007,0,0,0.0,10
2026-06-12,outlet-1,CAKE-008,4,0,80.0,18
2026-06-12,outlet-1,CAKE-009,6,0,144.0,6
2026-06-12,outlet-1,CAKE-010,9,0,162.0,26
2026-06-12,outlet-2,CAKE-001,12,0,336.0,32
2026-06-12,outlet-2,CAKE-002,9,0,216.0,9
2026-06-12,outlet-2,CAKE-003,8,0,256.0,35
2026-06-12,outlet-2,CAKE-004,6,0,132.0,9
2026-06-12,outlet-2,CAKE-005,2,0,52.0,6
2026-06-12,outlet-2,CAKE-006,6,0,180.0,19
2026-06-12,outlet-2,CAKE-007,4,0,108.0,29
2026-06-12,outlet-2,CAKE-008,2,0,40.0,8
2026-06-12,outlet-2,CAKE-009,3,0,72.0,23
2026-06-12,outlet-2,CAKE-010,12,1,216.0,21
2026-06-12,outlet-3,CAKE-001,13,0,364.0,57
2026-06-12,outlet-3,CAKE-002,10,0,240.0,31
2026-06-12,outlet-3,CAKE-003,9,0,288.0,48
2026-06-12,outlet-3,CAKE-004,5,0,110.0,7
2026-06-12,outlet-3,CAKE-005,7,0,182.0,9
2026-06-12,outlet-3,CAKE-006,12,0,360.0,3
2026-06-12,outlet-3,CAKE-007,8,0,216.0,7
2026-06-12,outlet-3,CAKE-008,0,0,0.0,12
2026-06-12,outlet-3,CAKE-009,4,0,96.0,16
2026-06-12,outlet-3,CAKE-010,5,0,90.0,23
2026-06-12,outlet-4,CAKE-001,16,0,448.0,6
2026-06-12,outlet-4,CAKE-002,14,0,336.0,22
2026-06-12,outlet-4,CAKE-003,7,0,224.0,18
2026-06-12,outlet-4,CAKE-004,5,0,110.0,16
2026-06-12,outlet-4,CAKE-005,9,0,234.0,17
2026-06-12,outlet-4,CAKE-006,6,0,180.0,16
2026-06-12,outlet-4,CAKE-007,6,0,162.0,20
2026-06-12,outlet-4,CAKE-008,4,0,80.0,21
2026-06-12,outlet-4,CAKE-009,7,0,168.0,5
2026-06-12,outlet-4,CAKE-010,9,0,162.0,17
2026-06-12,outlet-5,CAKE-001,0,0,0.0,28
2026-06-12,outlet-5,CAKE-002,4,0,96.0,6
2026-06-12,outlet-5,CAKE-003,4,0,128.0,4
2026-06-12,outlet-5,CAKE-004,3,0,66.0,3
2026-06-12,outlet-5,CAKE-005,3,0,78.0,7
2026-06-12,outlet-5,CAKE-006,1,0,30.0,30
2026-06-12,outlet-5,CAKE-007,2,0,54.0,0
2026-06-12,outlet-5,CAKE-008,0,0,0.0,2
2026-06-12,outlet-5,CAKE-009,0,0,0.0,0
2026-06-12,outlet-5,CAKE-010,6,0,108.0,16
2026-06-13,outlet-1,CAKE-001,25,1,700.0,27
2026-06-13,outlet-1,CAKE-002,8,0,192.0,28
2026-06-13,outlet-1,CAKE-003,7,0,224.0,7
2026-06-13,outlet-1,CAKE-004,5,0,110.0,15
2026-06-13,outlet-1,CAKE-005,6,0,156.0,12
2026-06-13,outlet-1,CAKE-006,10,0,300.0,51
2026-06-13,outlet-1,CAKE-007,6,0,162.0,4
2026-06-13,outlet-1,CAKE-008,3,0,60.0,19
2026-06-13,outlet-1,CAKE-009,5,0,120.0,25
2026-06-13,outlet-1,CAKE-010,7,0,126.0,19
2026-06-13,outlet-2,CAKE-001,20,1,560.0,13
2026-06-13,outlet-2,CAKE-002,9,0,216.0,0
2026-06-13,outlet-2,CAKE-003,3,0,96.0,32
2026-06-13,outlet-2,CAKE-004,7,0,154.0,2
2026-06-13,outlet-2,CAKE-005,4,0,104.0,11
2026-06-13,outlet-2,CAKE-006,6,0,180.0,13
2026-06-13,outlet-2,CAKE-007,10,0,270.0,19
2026-06-13,outlet-2,CAKE-008,3,0,60.0,5
2026-06-13,outlet-2,CAKE-009,6,0,144.0,17
2026-06-13,outlet-2,CAKE-010,10,0,180.0,11
2026-06-13,outlet-3,CAKE-001,22,0,616.0,35
2026-06-13,outlet-3,CAKE-002,11,0,264.0,20
2026-06-13,outlet-3,CAKE-003,7,0,224.0,41
2026-06-13,outlet-3,CAKE-004,4,0,88.0,3
2026-06-13,outlet-3,CAKE-005,7,0,182.0,2
2026-06-13,outlet-3,CAKE-006,3,0,90.0,13
2026-06-13,outlet-3,CAKE-007,5,0,135.0,32
2026-06-13,outlet-3,CAKE-008,2,0,40.0,10
2026-06-13,outlet-3,CAKE-009,6,0,144.0,10
2026-06-13,outlet-3,CAKE-010,6,0,108.0,27
2026-06-13,outlet-4,CAKE-001,6,0,168.0,43
2026-06-13,outlet-4,CAKE-002,9,0,216.0,13
2026-06-13,outlet-4,CAKE-003,4,0,128.0,14
2026-06-13,outlet-4,CAKE-004,4,0,88.0,12
2026-06-13,outlet-4,CAKE-005,6,0,156.0,24
2026-06-13,outlet-4,CAKE-006,4,0,120.0,12
2026-06-13,outlet-4,CAKE-007,15,1,405.0,6
2026-06-13,outlet-4,CAKE-008,5,0,100.0,16
2026-06-13,outlet-4,CAKE-009,5,0,120.0,28
2026-06-13,outlet-4,CAKE-010,17,1,306.0,1
2026-06-13,outlet-5,CAKE-001,11,0,308.0,17
2026-06-13,outlet-5,CAKE-002,5,0,120.0,22
2026-06-13,outlet-5,CAKE-003,4,0,128.0,12
2026-06-13,outlet-5,CAKE-004,3,0,66.0,14
2026-06-13,outlet-5,CAKE-005,3,0,78.0,4
2026-06-13,outlet-5,CAKE-006,10,0,300.0,30
2026-06-13,outlet-5,CAKE-007,0,0,0.0,7
2026-06-13,outlet-5,CAKE-008,2,0,40.0,7
2026-06-13,outlet-5,CAKE-009,0,0,0.0,16
2026-06-13,outlet-5,CAKE-010,5,0,90.0,11
2026-06-14,outlet-1,CAKE-001,26,1,728.0,59
2026-06-14,outlet-1,CAKE-002,13,0,312.0,34
2026-06-14,outlet-1,CAKE-003,7,0,224.0,0
2026-06-14,outlet-1,CAKE-004,6,0,132.0,9
2026-06-14,outlet-1,CAKE-005,5,0,130.0,7
2026-06-14,outlet-1,CAKE-006,11,0,330.0,58
2026-06-14,outlet-1,CAKE-007,4,0,108.0,11
2026-06-14,outlet-1,CAKE-008,3,0,60.0,16
2026-06-14,outlet-1,CAKE-009,6,0,144.0,19
2026-06-14,outlet-1,CAKE-010,7,0,126.0,12
2026-06-14,outlet-2,CAKE-001,13,0,364.0,15
2026-06-14,outlet-2,CAKE-002,0,0,0.0,12
2026-06-14,outlet-2,CAKE-003,3,0,96.0,29
2026-06-14,outlet-2,CAKE-004,2,0,44.0,6
2026-06-14,outlet-2,CAKE-005,5,0,130.0,6
2026-06-14,outlet-2,CAKE-006,6,0,180.0,15
2026-06-14,outlet-2,CAKE-007,7,0,189.0,12
2026-06-14,outlet-2,CAKE-008,4,0,80.0,17
2026-06-14,outlet-2,CAKE-009,4,0,96.0,13
2026-06-14,outlet-2,CAKE-010,8,0,144.0,3
2026-06-14,outlet-3,CAKE-001,22,1,616.0,27
2026-06-14,outlet-3,CAKE-002,8,0,192.0,12
2026-06-14,outlet-3,CAKE-003,11,0,352.0,30
2026-06-14,outlet-3,CAKE-004,3,0,66.0,0
2026-06-14,outlet-3,CAKE-005,2,0,52.0,0
2026-06-14,outlet-3,CAKE-006,12,0,360.0,15
2026-06-14,outlet-3,CAKE-007,11,1,297.0,22
2026-06-14,outlet-3,CAKE-008,2,0,40.0,8
2026-06-14,outlet-3,CAKE-009,5,0,120.0,5
2026-06-14,outlet-3,CAKE-010,8,0,144.0,19
2026-06-14,outlet-4,CAKE-001,11,0,308.0,32
2026-06-14,outlet-4,CAKE-002,13,1,312.0,1
2026-06-14,outlet-4,CAKE-003,5,0,160.0,9
2026-06-14,outlet-4,CAKE-004,7,0,154.0,5
2026-06-14,outlet-4,CAKE-005,6,0,156.0,18
2026-06-14,outlet-4,CAKE-006,8,0,240.0,4
2026-06-14,outlet-4,CAKE-007,6,0,162.0,0
2026-06-14,outlet-4,CAKE-008,5,0,100.0,11
2026-06-14,outlet-4,CAKE-009,6,0,144.0,30
2026-06-14,outlet-4,CAKE-010,1,0,18.0,46
2026-06-14,outlet-5,CAKE-001,10,0,280.0,7
2026-06-14,outlet-5,CAKE-002,4,0,96.0,18
2026-06-14,outlet-5,CAKE-003,2,0,64.0,10
2026-06-14,outlet-5,CAKE-004,3,0,66.0,11
2026-06-14,outlet-5,CAKE-005,1,0,26.0,3
2026-06-14,outlet-5,CAKE-006,11,0,330.0,19
2026-06-14,outlet-5,CAKE-007,4,0,108.0,3
2026-06-14,outlet-5,CAKE-008,2,0,40.0,5
2026-06-14,outlet-5,CAKE-009,4,0,96.0,12
2026-06-14,outlet-5,CAKE-010,4,0,72.0,7
2026-06-15,outlet-1,CAKE-001,11,0,308.0,48
2026-06-15,outlet-1,CAKE-002,6,0,144.0,28
2026-06-15,outlet-1,CAKE-003,0,0,0.0,30
2026-06-15,outlet-1,CAKE-004,5,0,110.0,4
2026-06-15,outlet-1,CAKE-005,4,0,104.0,3
2026-06-15,outlet-1,CAKE-006,7,0,210.0,51
2026-06-15,outlet-1,CAKE-007,7,0,189.0,14
2026-06-15,outlet-1,CAKE-008,3,0,60.0,13
2026-06-15,outlet-1,CAKE-009,6,0,144.0,13
2026-06-15,outlet-1,CAKE-010,9,0,162.0,46
2026-06-15,outlet-2,CAKE-001,10,0,280.0,5
2026-06-15,outlet-2,CAKE-002,8,0,192.0,4
2026-06-15,outlet-2,CAKE-003,6,0,192.0,23
2026-06-15,outlet-2,CAKE-004,4,0,88.0,2
2026-06-15,outlet-2,CAKE-005,3,0,78.0,3
2026-06-15,outlet-2,CAKE-006,5,0,150.0,10
2026-06-15,outlet-2,CAKE-007,5,0,135.0,7
2026-06-15,outlet-2,CAKE-008,4,0,80.0,13
2026-06-15,outlet-2,CAKE-009,2,0,48.0,11
2026-06-15,outlet-2,CAKE-010,3,0,54.0,0
2026-06-15,outlet-3,CAKE-001,7,0,196.0,20
2026-06-15,outlet-3,CAKE-002,5,0,120.0,7
2026-06-15,outlet-3,CAKE-003,9,0,288.0,21
2026-06-15,outlet-3,CAKE-004,0,0,0.0,19
2026-06-15,outlet-3,CAKE-005,0,0,0.0,24
2026-06-15,outlet-3,CAKE-006,5,0,150.0,10
2026-06-15,outlet-3,CAKE-007,7,0,189.0,23
2026-06-15,outlet-3,CAKE-008,3,0,60.0,5
2026-06-15,outlet-3,CAKE-009,5,0,120.0,0
2026-06-15,outlet-3,CAKE-010,7,0,126.0,12
2026-06-15,outlet-4,CAKE-001,8,0,224.0,24
2026-06-15,outlet-4,CAKE-002,1,0,24.0,0
2026-06-15,outlet-4,CAKE-003,4,0,128.0,5
2026-06-15,outlet-4,CAKE-004,5,0,110.0,28
2026-06-15,outlet-4,CAKE-005,7,0,182.0,11
2026-06-15,outlet-4,CAKE-006,4,0,120.0,6
2026-06-15,outlet-4,CAKE-007,0,0,0.0,0
2026-06-15,outlet-4,CAKE-008,3,0,60.0,8
2026-06-15,outlet-4,CAKE-009,4,0,96.0,26
2026-06-15,outlet-4,CAKE-010,8,0,144.0,54
2026-06-15,outlet-5,CAKE-001,5,0,140.0,30
2026-06-15,outlet-5,CAKE-002,2,0,48.0,16
2026-06-15,outlet-5,CAKE-003,1,0,32.0,9
2026-06-15,outlet-5,CAKE-004,2,0,44.0,9
2026-06-15,outlet-5,CAKE-005,2,0,52.0,1
2026-06-15,outlet-5,CAKE-006,8,0,240.0,11
2026-06-15,outlet-5,CAKE-007,3,0,81.0,0
2026-06-15,outlet-5,CAKE-008,1,0,20.0,4
2026-06-15,outlet-5,CAKE-009,3,0,72.0,9
2026-06-15,outlet-5,CAKE-010,3,0,54.0,4
2026-06-16,outlet-1,CAKE-001,11,0,308.0,37
2026-06-16,outlet-1,CAKE-002,7,0,168.0,21
2026-06-16,outlet-1,CAKE-003,5,0,160.0,25
2026-06-16,outlet-1,CAKE-004,4,0,88.0,26
2026-06-16,outlet-1,CAKE-005,3,0,78.0,0
2026-06-16,outlet-1,CAKE-006,11,0,330.0,40
2026-06-16,outlet-1,CAKE-007,7,0,189.0,7
2026-06-16,outlet-1,CAKE-008,2,0,40.0,11
2026-06-16,outlet-1,CAKE-009,4,0,96.0,9
2026-06-16,outlet-1,CAKE-010,8,0,144.0,48
2026-06-16,outlet-2,CAKE-001,5,0,140.0,0
2026-06-16,outlet-2,CAKE-002,4,0,96.0,0
2026-06-16,outlet-2,CAKE-003,3,0,96.0,20
2026-06-16,outlet-2,CAKE-004,2,0,44.0,6
2026-06-16,outlet-2,CAKE-005,2,0,52.0,22
2026-06-16,outlet-2,CAKE-006,4,0,120.0,6
2026-06-16,outlet-2,CAKE-007,2,0,54.0,5
2026-06-16,outlet-2,CAKE-008,3,0,60.0,10
2026-06-16,outlet-2,CAKE-009,4,0,96.0,7
2026-06-16,outlet-2,CAKE-010,0,0,0.0,39
2026-06-16,outlet-3,CAKE-001,9,0,252.0,11
2026-06-16,outlet-3,CAKE-002,7,0,168.0,46
2026-06-16,outlet-3,CAKE-003,10,0,320.0,11
2026-06-16,outlet-3,CAKE-004,4,0,88.0,15
2026-06-16,outlet-3,CAKE-005,5,0,130.0,19
2026-06-16,outlet-3,CAKE-006,10,0,300.0,0
2026-06-16,outlet-3,CAKE-007,7,0,189.0,16
2026-06-16,outlet-3,CAKE-008,2,0,40.0,3
2026-06-16,outlet-3,CAKE-009,0,0,0.0,21
2026-06-16,outlet-3,CAKE-010,6,0,108.0,18
2026-06-16,outlet-4,CAKE-001,8,0,224.0,16
2026-06-16,outlet-4,CAKE-002,0,0,0.0,0
2026-06-16,outlet-4,CAKE-003,4,0,128.0,1
2026-06-16,outlet-4,CAKE-004,5,0,110.0,23
2026-06-16,outlet-4,CAKE-005,3,0,78.0,8
2026-06-16,outlet-4,CAKE-006,5,0,150.0,1
2026-06-16,outlet-4,CAKE-007,0,0,0.0,36
2026-06-16,outlet-4,CAKE-008,4,0,80.0,4
2026-06-16,outlet-4,CAKE-009,7,0,168.0,19
2026-06-16,outlet-4,CAKE-010,9,0,162.0,45
2026-06-16,outlet-5,CAKE-001,7,0,196.0,23
2026-06-16,outlet-5,CAKE-002,5,0,120.0,11
2026-06-16,outlet-5,CAKE-003,2,0,64.0,11
2026-06-16,outlet-5,CAKE-004,2,0,44.0,7
2026-06-16,outlet-5,CAKE-005,1,0,26.0,12
2026-06-16,outlet-5,CAKE-006,6,0,180.0,5
2026-06-16,outlet-5,CAKE-007,0,0,0.0,15
2026-06-16,outlet-5,CAKE-008,1,0,20.0,3
2026-06-16,outlet-5,CAKE-009,3,0,72.0,13
2026-06-16,outlet-5,CAKE-010,4,0,72.0,4
2026-06-17,outlet-1,CAKE-001,16,1,448.0,40
2026-06-17,outlet-1,CAKE-002,10,0,240.0,11
2026-06-17,outlet-1,CAKE-003,5,0,160.0,20
2026-06-17,outlet-1,CAKE-004,5,0,110.0,21
2026-06-17,outlet-1,CAKE-005,0,0,0.0,0
2026-06-17,outlet-1,CAKE-006,6,0,180.0,34
2026-06-17,outlet-1,CAKE-007,5,0,135.0,2
2026-06-17,outlet-1,CAKE-008,3,0,60.0,8
2026-06-17,outlet-1,CAKE-009,5,0,120.0,10
2026-06-17,outlet-1,CAKE-010,5,0,90.0,43
2026-06-17,outlet-2,CAKE-001,0,0,0.0,0
2026-06-17,outlet-2,CAKE-002,0,0,0.0,0
2026-06-17,outlet-2,CAKE-003,3,0,96.0,17
2026-06-17,outlet-2,CAKE-004,5,0,110.0,25
2026-06-17,outlet-2,CAKE-005,3,0,78.0,19
2026-06-17,outlet-2,CAKE-006,5,0,150.0,1
2026-06-17,outlet-2,CAKE-007,5,0,135.0,0
2026-06-17,outlet-2,CAKE-008,3,0,60.0,7
2026-06-17,outlet-2,CAKE-009,4,0,96.0,3
2026-06-17,outlet-2,CAKE-010,6,0,108.0,46
2026-06-17,outlet-3,CAKE-001,11,0,308.0,67
2026-06-17,outlet-3,CAKE-002,8,0,192.0,38
2026-06-17,outlet-3,CAKE-003,8,0,256.0,3
2026-06-17,outlet-3,CAKE-004,2,0,44.0,13
2026-06-17,outlet-3,CAKE-005,6,0,156.0,13
2026-06-17,outlet-3,CAKE-006,0,0,0.0,0
2026-06-17,outlet-3,CAKE-007,5,0,135.0,11
2026-06-17,outlet-3,CAKE-008,2,0,40.0,13
2026-06-17,outlet-3,CAKE-009,3,0,72.0,18
2026-06-17,outlet-3,CAKE-010,5,0,90.0,25
2026-06-17,outlet-4,CAKE-001,13,1,364.0,4
2026-06-17,outlet-4,CAKE-002,0,0,0.0,0
2026-06-17,outlet-4,CAKE-003,1,0,32.0,24
2026-06-17,outlet-4,CAKE-004,4,0,88.0,19
2026-06-17,outlet-4,CAKE-005,6,0,156.0,12
2026-06-17,outlet-4,CAKE-006,1,0,30.0,21
2026-06-17,outlet-4,CAKE-007,9,0,243.0,27
2026-06-17,outlet-4,CAKE-008,4,0,80.0,27
2026-06-17,outlet-4,CAKE-009,5,0,120.0,14
2026-06-17,outlet-4,CAKE-010,9,0,162.0,36
2026-06-17,outlet-5,CAKE-001,5,0,140.0,18
2026-06-17,outlet-5,CAKE-002,5,0,120.0,6
2026-06-17,outlet-5,CAKE-003,2,0,64.0,9
2026-06-17,outlet-5,CAKE-004,2,0,44.0,5
2026-06-17,outlet-5,CAKE-005,1,0,26.0,11
2026-06-17,outlet-5,CAKE-006,5,0,150.0,0
2026-06-17,outlet-5,CAKE-007,4,0,108.0,11
2026-06-17,outlet-5,CAKE-008,1,0,20.0,2
2026-06-17,outlet-5,CAKE-009,2,0,48.0,11
2026-06-17,outlet-5,CAKE-010,4,0,72.0,0
2026-06-18,outlet-1,CAKE-001,16,1,448.0,25
2026-06-18,outlet-1,CAKE-002,9,0,216.0,48
2026-06-18,outlet-1,CAKE-003,6,0,192.0,14
2026-06-18,outlet-1,CAKE-004,6,0,132.0,15
2026-06-18,outlet-1,CAKE-005,0,0,0.0,24
2026-06-18,outlet-1,CAKE-006,6,0,180.0,28
2026-06-18,outlet-1,CAKE-007,2,0,54.0,33
2026-06-18,outlet-1,CAKE-008,3,0,60.0,5
2026-06-18,outlet-1,CAKE-009,4,0,96.0,6
2026-06-18,outlet-1,CAKE-010,8,0,144.0,35
2026-06-18,outlet-2,CAKE-001,0,0,0.0,0
2026-06-18,outlet-2,CAKE-002,0,0,0.0,42
2026-06-18,outlet-2,CAKE-003,6,0,192.0,11
2026-06-18,outlet-2,CAKE-004,4,0,88.0,21
2026-06-18,outlet-2,CAKE-005,3,0,78.0,16
2026-06-18,outlet-2,CAKE-006,1,0,30.0,24
2026-06-18,outlet-2,CAKE-007,0,0,0.0,6
2026-06-18,outlet-2,CAKE-008,2,0,40.0,5
2026-06-18,outlet-2,CAKE-009,3,0,72.0,0
2026-06-18,outlet-2,CAKE-010,6,0,108.0,40
2026-06-18,outlet-3,CAKE-001,21,1,588.0,47
2026-06-18,outlet-3,CAKE-002,6,0,144.0,32
2026-06-18,outlet-3,CAKE-003,3,0,96.0,48
2026-06-18,outlet-3,CAKE-004,3,0,66.0,10
2026-06-18,outlet-3,CAKE-005,4,0,104.0,9
2026-06-18,outlet-3,CAKE-006,0,0,0.0,0
2026-06-18,outlet-3,CAKE-007,9,1,243.0,3
2026-06-18,outlet-3,CAKE-008,4,0,80.0,9
2026-06-18,outlet-3,CAKE-009,4,0,96.0,14
2026-06-18,outlet-3,CAKE-010,7,0,126.0,18
2026-06-18,outlet-4,CAKE-001,4,0,112.0,0
2026-06-18,outlet-4,CAKE-002,0,0,0.0,54
2026-06-18,outlet-4,CAKE-003,6,0,192.0,18
2026-06-18,outlet-4,CAKE-004,4,0,88.0,15
2026-06-18,outlet-4,CAKE-005,3,0,78.0,9
2026-06-18,outlet-4,CAKE-006,5,0,150.0,23
2026-06-18,outlet-4,CAKE-007,7,1,189.0,21
2026-06-18,outlet-4,CAKE-008,5,0,100.0,22
2026-06-18,outlet-4,CAKE-009,4,0,96.0,10
2026-06-18,outlet-4,CAKE-010,9,0,162.0,27
2026-06-18,outlet-5,CAKE-001,6,0,168.0,19
2026-06-18,outlet-5,CAKE-002,3,0,72.0,3
2026-06-18,outlet-5,CAKE-003,2,0,64.0,10
2026-06-18,outlet-5,CAKE-004,2,0,44.0,3
2026-06-18,outlet-5,CAKE-005,2,0,52.0,9
2026-06-18,outlet-5,CAKE-006,0,0,0.0,30
2026-06-18,outlet-5,CAKE-007,4,0,108.0,14
2026-06-18,outlet-5,CAKE-008,1,0,20.0,2
2026-06-18,outlet-5,CAKE-009,3,0,72.0,8
2026-06-18,outlet-5,CAKE-010,0,0,0.0,21
2026-06-19,outlet-1,CAKE-001,22,1,616.0,61
2026-06-19,outlet-1,CAKE-002,7,0,168.0,41
2026-06-19,outlet-1,CAKE-003,5,0,160.0,16
2026-06-19,outlet-1,CAKE-004,6,0,132.0,9
2026-06-19,outlet-1,CAKE-005,6,0,156.0,18
2026-06-19,outlet-1,CAKE-006,7,0,210.0,41
2026-06-19,outlet-1,CAKE-007,8,0,216.0,25
2026-06-19,outlet-1,CAKE-008,4,0,80.0,5
2026-06-19,outlet-1,CAKE-009,6,0,144.0,24
2026-06-19,outlet-1,CAKE-010,10,0,180.0,25
2026-06-19,outlet-2,CAKE-001,0,0,0.0,0
2026-06-19,outlet-2,CAKE-002,9,0,216.0,45
2026-06-19,outlet-2,CAKE-003,7,0,224.0,4
2026-06-19,outlet-2,CAKE-004,3,0,66.0,18
2026-06-19,outlet-2,CAKE-005,6,0,156.0,10
2026-06-19,outlet-2,CAKE-006,8,0,240.0,24
2026-06-19,outlet-2,CAKE-007,6,0,162.0,30
2026-06-19,outlet-2,CAKE-008,4,0,80.0,17
2026-06-19,outlet-2,CAKE-009,0,0,0.0,8
2026-06-19,outlet-2,CAKE-010,15,1,270.0,26
2026-06-19,outlet-3,CAKE-001,24,1,672.0,24
2026-06-19,outlet-3,CAKE-002,10,0,240.0,22
2026-06-19,outlet-3,CAKE-003,17,0,544.0,31
2026-06-19,outlet-3,CAKE-004,5,0,110.0,5
2026-06-19,outlet-3,CAKE-005,5,0,130.0,4
2026-06-19,outlet-3,CAKE-006,0,0,0.0,13
2026-06-19,outlet-3,CAKE-007,3,0,81.0,30
2026-06-19,outlet-3,CAKE-008,2,0,40.0,7
2026-06-19,outlet-3,CAKE-009,5,0,120.0,9
2026-06-19,outlet-3,CAKE-010,7,0,126.0,23
2026-06-19,outlet-4,CAKE-001,0,0,0.0,43
2026-06-19,outlet-4,CAKE-002,7,0,168.0,47
2026-06-19,outlet-4,CAKE-003,6,0,192.0,12
2026-06-19,outlet-4,CAKE-004,5,0,110.0,10
2026-06-19,outlet-4,CAKE-005,6,0,156.0,3
2026-06-19,outlet-4,CAKE-006,5,0,150.0,26
2026-06-19,outlet-4,CAKE-007,12,1,324.0,10
2026-06-19,outlet-4,CAKE-008,10,0,200.0,12
2026-06-19,outlet-4,CAKE-009,7,0,168.0,3
2026-06-19,outlet-4,CAKE-010,10,0,180.0,17
2026-06-19,outlet-5,CAKE-001,12,0,336.0,7
2026-06-19,outlet-5,CAKE-002,3,0,72.0,0
2026-06-19,outlet-5,CAKE-003,2,0,64.0,8
2026-06-19,outlet-5,CAKE-004,2,0,44.0,15
2026-06-19,outlet-5,CAKE-005,2,0,52.0,7
2026-06-19,outlet-5,CAKE-006,11,0,330.0,19
2026-06-19,outlet-5,CAKE-007,6,0,162.0,15
2026-06-19,outlet-5,CAKE-008,1,0,20.0,1
2026-06-19,outlet-5,CAKE-009,4,0,96.0,10
2026-06-19,outlet-5,CAKE-010,8,0,144.0,13
2026-06-20,outlet-1,CAKE-001,19,1,532.0,43
2026-06-20,outlet-1,CAKE-002,11,0,264.0,30
2026-06-20,outlet-1,CAKE-003,6,0,192.0,10
2026-06-20,outlet-1,CAKE-004,3,0,66.0,6
2026-06-20,outlet-1,CAKE-005,5,0,130.0,13
2026-06-20,outlet-1,CAKE-006,8,0,240.0,51
2026-06-20,outlet-1,CAKE-007,10,1,270.0,16
2026-06-20,outlet-1,CAKE-008,4,0,80.0,1
2026-06-20,outlet-1,CAKE-009,8,0,192.0,16
2026-06-20,outlet-1,CAKE-010,23,1,414.0,3
2026-06-20,outlet-2,CAKE-001,0,0,0.0,48
2026-06-20,outlet-2,CAKE-002,9,0,216.0,48
2026-06-20,outlet-2,CAKE-003,4,0,128.0,0
2026-06-20,outlet-2,CAKE-004,5,0,110.0,13
2026-06-20,outlet-2,CAKE-005,4,0,104.0,6
2026-06-20,outlet-2,CAKE-006,9,0,270.0,15
2026-06-20,outlet-2,CAKE-007,12,1,324.0,19
2026-06-20,outlet-2,CAKE-008,2,0,40.0,15
2026-06-20,outlet-2,CAKE-009,3,0,72.0,5
2026-06-20,outlet-2,CAKE-010,7,0,126.0,19
2026-06-20,outlet-3,CAKE-001,14,0,392.0,10
2026-06-20,outlet-3,CAKE-002,22,1,528.0,47
2026-06-20,outlet-3,CAKE-003,13,0,416.0,18
2026-06-20,outlet-3,CAKE-004,4,0,88.0,20
2026-06-20,outlet-3,CAKE-005,4,0,104.0,0
2026-06-20,outlet-3,CAKE-006,7,0,210.0,6
2026-06-20,outlet-3,CAKE-007,14,1,378.0,17
2026-06-20,outlet-3,CAKE-008,3,0,60.0,4
2026-06-20,outlet-3,CAKE-009,6,0,144.0,3
2026-06-20,outlet-3,CAKE-010,6,0,108.0,29
2026-06-20,outlet-4,CAKE-001,11,0,308.0,32
2026-06-20,outlet-4,CAKE-002,12,0,288.0,35
2026-06-20,outlet-4,CAKE-003,5,0,160.0,7
2026-06-20,outlet-4,CAKE-004,6,0,132.0,11
2026-06-20,outlet-4,CAKE-005,3,0,78.0,12
2026-06-20,outlet-4,CAKE-006,5,0,150.0,21
2026-06-20,outlet-4,CAKE-007,10,1,270.0,37
2026-06-20,outlet-4,CAKE-008,10,0,200.0,2
2026-06-20,outlet-4,CAKE-009,3,0,72.0,7
2026-06-20,outlet-4,CAKE-010,10,0,180.0,7
2026-06-20,outlet-5,CAKE-001,7,0,196.0,28
2026-06-20,outlet-5,CAKE-002,0,0,0.0,4
2026-06-20,outlet-5,CAKE-003,2,0,64.0,6
2026-06-20,outlet-5,CAKE-004,4,0,88.0,11
2026-06-20,outlet-5,CAKE-005,3,0,78.0,4
2026-06-20,outlet-5,CAKE-006,11,0,330.0,21
2026-06-20,outlet-5,CAKE-007,5,0,135.0,17
2026-06-20,outlet-5,CAKE-008,1,0,20.0,2
2026-06-20,outlet-5,CAKE-009,3,0,72.0,7
2026-06-20,outlet-5,CAKE-010,3,0,54.0,10
2026-06-21,outlet-1,CAKE-001,23,1,644.0,21
2026-06-21,outlet-1,CAKE-002,9,0,216.0,21
2026-06-21,outlet-1,CAKE-003,5,0,160.0,5
2026-06-21,outlet-1,CAKE-004,6,0,132.0,26
2026-06-21,outlet-1,CAKE-005,4,0,104.0,9
2026-06-21,outlet-1,CAKE-006,7,0,210.0,44
2026-06-21,outlet-1,CAKE-007,6,0,162.0,10
2026-06-21,outlet-1,CAKE-008,1,0,20.0,18
2026-06-21,outlet-1,CAKE-009,5,0,120.0,11
2026-06-21,outlet-1,CAKE-010,3,0,54.0,0
2026-06-21,outlet-2,CAKE-001,16,0,448.0,32
2026-06-21,outlet-2,CAKE-002,12,0,288.0,36
2026-06-21,outlet-2,CAKE-003,0,0,0.0,0
2026-06-21,outlet-2,CAKE-004,5,0,110.0,8
2026-06-21,outlet-2,CAKE-005,4,0,104.0,2
2026-06-21,outlet-2,CAKE-006,5,0,150.0,10
2026-06-21,outlet-2,CAKE-007,6,0,162.0,13
2026-06-21,outlet-2,CAKE-008,4,0,80.0,11
2026-06-21,outlet-2,CAKE-009,5,0,120.0,21
2026-06-21,outlet-2,CAKE-010,11,0,198.0,8
2026-06-21,outlet-3,CAKE-001,10,0,280.0,0
2026-06-21,outlet-3,CAKE-002,12,0,288.0,35
2026-06-21,outlet-3,CAKE-003,12,0,384.0,6
2026-06-21,outlet-3,CAKE-004,4,0,88.0,19
2026-06-21,outlet-3,CAKE-005,0,0,0.0,24
2026-06-21,outlet-3,CAKE-006,6,0,180.0,14
2026-06-21,outlet-3,CAKE-007,12,1,324.0,14
2026-06-21,outlet-3,CAKE-008,3,0,60.0,13
2026-06-21,outlet-3,CAKE-009,3,0,72.0,0
2026-06-21,outlet-3,CAKE-010,17,0,306.0,12
2026-06-21,outlet-4,CAKE-001,16,1,448.0,17
2026-06-21,outlet-4,CAKE-002,15,0,360.0,20
2026-06-21,outlet-4,CAKE-003,6,0,192.0,1
2026-06-21,outlet-4,CAKE-004,7,0,154.0,4
2026-06-21,outlet-4,CAKE-005,6,0,156.0,6
2026-06-21,outlet-4,CAKE-006,8,0,240.0,20
2026-06-21,outlet-4,CAKE-007,11,1,297.0,27
2026-06-21,outlet-4,CAKE-008,2,0,40.0,27
2026-06-21,outlet-4,CAKE-009,7,0,168.0,0
2026-06-21,outlet-4,CAKE-010,7,0,126.0,46
2026-06-21,outlet-5,CAKE-001,10,0,280.0,18
2026-06-21,outlet-5,CAKE-002,4,0,96.0,21
2026-06-21,outlet-5,CAKE-003,4,0,128.0,2
2026-06-21,outlet-5,CAKE-004,2,0,44.0,9
2026-06-21,outlet-5,CAKE-005,2,0,52.0,2
2026-06-21,outlet-5,CAKE-006,4,0,120.0,17
2026-06-21,outlet-5,CAKE-007,6,0,162.0,11
2026-06-21,outlet-5,CAKE-008,1,0,20.0,1
2026-06-21,outlet-5,CAKE-009,7,0,168.0,16
2026-06-21,outlet-5,CAKE-010,4,0,72.0,6
2026-06-22,outlet-1,CAKE-001,18,1,504.0,23
2026-06-22,outlet-1,CAKE-002,9,0,216.0,12
2026-06-22,outlet-1,CAKE-003,3,0,96.0,32
2026-06-22,outlet-1,CAKE-004,6,0,132.0,20
2026-06-22,outlet-1,CAKE-005,4,0,104.0,5
2026-06-22,outlet-1,CAKE-006,7,0,210.0,37
2026-06-22,outlet-1,CAKE-007,6,0,162.0,4
2026-06-22,outlet-1,CAKE-008,3,0,60.0,15
2026-06-22,outlet-1,CAKE-009,3,0,72.0,8
2026-06-22,outlet-1,CAKE-010,0,0,0.0,43
2026-06-22,outlet-2,CAKE-001,12,1,336.0,21
2026-06-22,outlet-2,CAKE-002,9,0,216.0,27
2026-06-22,outlet-2,CAKE-003,0,0,0.0,27
2026-06-22,outlet-2,CAKE-004,4,0,88.0,10
2026-06-22,outlet-2,CAKE-005,2,0,52.0,21
2026-06-22,outlet-2,CAKE-006,4,0,120.0,13
2026-06-22,outlet-2,CAKE-007,3,0,81.0,10
2026-06-22,outlet-2,CAKE-008,3,0,60.0,8
2026-06-22,outlet-2,CAKE-009,3,0,72.0,18
2026-06-22,outlet-2,CAKE-010,8,0,144.0,0
2026-06-22,outlet-3,CAKE-001,0,0,0.0,0
2026-06-22,outlet-3,CAKE-002,10,0,240.0,25
2026-06-22,outlet-3,CAKE-003,6,0,192.0,0
2026-06-22,outlet-3,CAKE-004,6,0,132.0,13
2026-06-22,outlet-3,CAKE-005,3,0,78.0,21
2026-06-22,outlet-3,CAKE-006,12,0,360.0,17
2026-06-22,outlet-3,CAKE-007,7,1,189.0,8
2026-06-22,outlet-3,CAKE-008,2,0,40.0,11
2026-06-22,outlet-3,CAKE-009,0,0,0.0,11
2026-06-22,outlet-3,CAKE-010,8,0,144.0,15
2026-06-22,outlet-4,CAKE-001,13,1,364.0,5
2026-06-22,outlet-4,CAKE-002,7,0,168.0,13
2026-06-22,outlet-4,CAKE-003,1,0,32.0,24
2026-06-22,outlet-4,CAKE-004,3,0,66.0,1
2026-06-22,outlet-4,CAKE-005,6,0,156.0,33
2026-06-22,outlet-4,CAKE-006,11,0,330.0,9
2026-06-22,outlet-4,CAKE-007,11,1,297.0,17
2026-06-22,outlet-4,CAKE-008,3,0,60.0,24
2026-06-22,outlet-4,CAKE-009,0,0,0.0,7
2026-06-22,outlet-4,CAKE-010,10,0,180.0,36
2026-06-22,outlet-5,CAKE-001,6,0,168.0,12
2026-06-22,outlet-5,CAKE-002,5,0,120.0,16
2026-06-22,outlet-5,CAKE-003,2,0,64.0,4
2026-06-22,outlet-5,CAKE-004,1,0,22.0,8
2026-06-22,outlet-5,CAKE-005,2,0,52.0,12
2026-06-22,outlet-5,CAKE-006,8,0,240.0,9
2026-06-22,outlet-5,CAKE-007,3,0,81.0,8
2026-06-22,outlet-5,CAKE-008,1,0,20.0,7
2026-06-22,outlet-5,CAKE-009,2,0,48.0,14
2026-06-22,outlet-5,CAKE-010,4,0,72.0,2
2026-06-23,outlet-1,CAKE-001,9,0,252.0,14
2026-06-23,outlet-1,CAKE-002,10,0,240.0,48
2026-06-23,outlet-1,CAKE-003,4,0,128.0,35
2026-06-23,outlet-1,CAKE-004,5,0,110.0,22
2026-06-23,outlet-1,CAKE-005,3,0,78.0,2
2026-06-23,outlet-1,CAKE-006,6,0,180.0,31
2026-06-23,outlet-1,CAKE-007,4,0,108.0,0
2026-06-23,outlet-1,CAKE-008,6,0,120.0,14
2026-06-23,outlet-1,CAKE-009,4,0,96.0,4
2026-06-23,outlet-1,CAKE-010,5,0,90.0,48
2026-06-23,outlet-2,CAKE-001,14,0,392.0,7
2026-06-23,outlet-2,CAKE-002,7,0,168.0,34
2026-06-23,outlet-2,CAKE-003,4,0,128.0,23
2026-06-23,outlet-2,CAKE-004,4,0,88.0,6
2026-06-23,outlet-2,CAKE-005,3,0,78.0,18
2026-06-23,outlet-2,CAKE-006,2,0,60.0,11
2026-06-23,outlet-2,CAKE-007,9,0,243.0,31
2026-06-23,outlet-2,CAKE-008,3,0,60.0,5
2026-06-23,outlet-2,CAKE-009,5,0,120.0,20
2026-06-23,outlet-2,CAKE-010,0,0,0.0,11
2026-06-23,outlet-3,CAKE-001,0,0,0.0,0
2026-06-23,outlet-3,CAKE-002,17,0,408.0,8
2026-06-23,outlet-3,CAKE-003,0,0,0.0,13
2026-06-23,outlet-3,CAKE-004,3,0,66.0,10
2026-06-23,outlet-3,CAKE-005,5,0,130.0,16
2026-06-23,outlet-3,CAKE-006,14,0,420.0,48
2026-06-23,outlet-3,CAKE-007,7,1,189.0,9
2026-06-23,outlet-3,CAKE-008,2,0,40.0,9
2026-06-23,outlet-3,CAKE-009,3,0,72.0,8
2026-06-23,outlet-3,CAKE-010,4,0,72.0,11
2026-06-23,outlet-4,CAKE-001,5,0,140.0,0
2026-06-23,outlet-4,CAKE-002,10,0,240.0,57
2026-06-23,outlet-4,CAKE-003,4,0,128.0,20
2026-06-23,outlet-4,CAKE-004,1,0,22.0,0
2026-06-23,outlet-4,CAKE-005,11,0,286.0,22
2026-06-23,outlet-4,CAKE-006,5,0,150.0,4
2026-06-23,outlet-4,CAKE-007,7,1,189.0,11
2026-06-23,outlet-4,CAKE-008,6,0,120.0,18
2026-06-23,outlet-4,CAKE-009,5,0,120.0,30
2026-06-23,outlet-4,CAKE-010,8,0,144.0,44
2026-06-23,outlet-5,CAKE-001,6,0,168.0,6
2026-06-23,outlet-5,CAKE-002,3,0,72.0,13
2026-06-23,outlet-5,CAKE-003,1,0,32.0,3
2026-06-23,outlet-5,CAKE-004,3,0,66.0,5
2026-06-23,outlet-5,CAKE-005,2,0,52.0,13
2026-06-23,outlet-5,CAKE-006,3,0,90.0,18
2026-06-23,outlet-5,CAKE-007,3,0,81.0,13
2026-06-23,outlet-5,CAKE-008,1,0,20.0,6
2026-06-23,outlet-5,CAKE-009,2,0,48.0,12
2026-06-23,outlet-5,CAKE-010,2,0,36.0,5
2026-06-24,outlet-1,CAKE-001,9,0,252.0,5
2026-06-24,outlet-1,CAKE-002,13,1,312.0,36
2026-06-24,outlet-1,CAKE-003,7,0,224.0,28
2026-06-24,outlet-1,CAKE-004,6,0,132.0,16
2026-06-24,outlet-1,CAKE-005,2,0,52.0,24
2026-06-24,outlet-1,CAKE-006,19,0,570.0,12
2026-06-24,outlet-1,CAKE-007,0,0,0.0,33
2026-06-24,outlet-1,CAKE-008,3,0,60.0,15
2026-06-24,outlet-1,CAKE-009,4,0,96.0,6
2026-06-24,outlet-1,CAKE-010,7,0,126.0,41
2026-06-24,outlet-2,CAKE-001,7,0,196.0,15
2026-06-24,outlet-2,CAKE-002,8,0,192.0,26
2026-06-24,outlet-2,CAKE-003,18,1,576.0,6
2026-06-24,outlet-2,CAKE-004,2,0,44.0,4
2026-06-24,outlet-2,CAKE-005,5,0,130.0,21
2026-06-24,outlet-2,CAKE-006,5,0,150.0,6
2026-06-24,outlet-2,CAKE-007,8,0,216.0,23
2026-06-24,outlet-2,CAKE-008,3,0,60.0,2
2026-06-24,outlet-2,CAKE-009,5,0,120.0,21
2026-06-24,outlet-2,CAKE-010,5,0,90.0,6
2026-06-24,outlet-3,CAKE-001,0,0,0.0,67
2026-06-24,outlet-3,CAKE-002,8,0,192.0,46
2026-06-24,outlet-3,CAKE-003,9,0,288.0,17
2026-06-24,outlet-3,CAKE-004,3,0,66.0,7
2026-06-24,outlet-3,CAKE-005,5,0,130.0,15
2026-06-24,outlet-3,CAKE-006,11,0,330.0,37
2026-06-24,outlet-3,CAKE-007,9,1,243.0,1
2026-06-24,outlet-3,CAKE-008,2,0,40.0,7
2026-06-24,outlet-3,CAKE-009,3,0,72.0,15
2026-06-24,outlet-3,CAKE-010,4,0,72.0,7
2026-06-24,outlet-4,CAKE-001,0,0,0.0,0
2026-06-24,outlet-4,CAKE-002,9,0,216.0,48
2026-06-24,outlet-4,CAKE-003,4,0,128.0,16
2026-06-24,outlet-4,CAKE-004,0,0,0.0,28
2026-06-24,outlet-4,CAKE-005,12,0,312.0,22
2026-06-24,outlet-4,CAKE-006,3,0,90.0,22
2026-06-24,outlet-4,CAKE-007,8,1,216.0,4
2026-06-24,outlet-4,CAKE-008,10,0,200.0,8
2026-06-24,outlet-4,CAKE-009,6,0,144.0,24
2026-06-24,outlet-4,CAKE-010,9,0,162.0,50
2026-06-24,outlet-5,CAKE-001,6,0,168.0,0
2026-06-24,outlet-5,CAKE-002,3,0,72.0,10
2026-06-24,outlet-5,CAKE-003,3,0,96.0,12
2026-06-24,outlet-5,CAKE-004,2,0,44.0,3
2026-06-24,outlet-5,CAKE-005,3,0,78.0,10
2026-06-24,outlet-5,CAKE-006,4,0,120.0,14
2026-06-24,outlet-5,CAKE-007,2,0,54.0,11
2026-06-24,outlet-5,CAKE-008,2,0,40.0,6
2026-06-24,outlet-5,CAKE-009,4,0,96.0,8
2026-06-24,outlet-5,CAKE-010,3,0,54.0,7
2026-06-25,outlet-1,CAKE-001,5,0,140.0,57
2026-06-25,outlet-1,CAKE-002,6,0,144.0,30
2026-06-25,outlet-1,CAKE-003,3,0,96.0,25
2026-06-25,outlet-1,CAKE-004,5,0,110.0,17
2026-06-25,outlet-1,CAKE-005,9,0,234.0,24
2026-06-25,outlet-1,CAKE-006,8,0,240.0,24
2026-06-25,outlet-1,CAKE-007,7,1,189.0,27
2026-06-25,outlet-1,CAKE-008,3,0,60.0,12
2026-06-25,outlet-1,CAKE-009,4,0,96.0,2
2026-06-25,outlet-1,CAKE-010,7,0,126.0,34
2026-06-25,outlet-2,CAKE-001,14,1,392.0,2
2026-06-25,outlet-2,CAKE-002,17,1,408.0,25
2026-06-25,outlet-2,CAKE-003,5,0,160.0,10
2026-06-25,outlet-2,CAKE-004,4,0,88.0,0
2026-06-25,outlet-2,CAKE-005,3,0,78.0,18
2026-06-25,outlet-2,CAKE-006,6,0,180.0,24
2026-06-25,outlet-2,CAKE-007,7,0,189.0,16
2026-06-25,outlet-2,CAKE-008,2,0,40.0,0
2026-06-25,outlet-2,CAKE-009,4,0,96.0,25
2026-06-25,outlet-2,CAKE-010,6,0,108.0,39
2026-06-25,outlet-3,CAKE-001,12,0,336.0,55
2026-06-25,outlet-3,CAKE-002,9,0,216.0,37
2026-06-25,outlet-3,CAKE-003,6,0,192.0,11
2026-06-25,outlet-3,CAKE-004,3,0,66.0,4
2026-06-25,outlet-3,CAKE-005,4,0,104.0,11
2026-06-25,outlet-3,CAKE-006,3,0,90.0,34
2026-06-25,outlet-3,CAKE-007,1,0,27.0,30
2026-06-25,outlet-3,CAKE-008,2,0,40.0,5
2026-06-25,outlet-3,CAKE-009,5,0,120.0,22
2026-06-25,outlet-3,CAKE-010,7,0,126.0,0
2026-06-25,outlet-4,CAKE-001,0,0,0.0,43
2026-06-25,outlet-4,CAKE-002,12,0,288.0,36
2026-06-25,outlet-4,CAKE-003,4,0,128.0,12
2026-06-25,outlet-4,CAKE-004,6,0,132.0,22
2026-06-25,outlet-4,CAKE-005,11,0,286.0,24
2026-06-25,outlet-4,CAKE-006,6,0,180.0,16
2026-06-25,outlet-4,CAKE-007,4,0,108.0,36
2026-06-25,outlet-4,CAKE-008,8,0,160.0,12
2026-06-25,outlet-4,CAKE-009,5,0,120.0,19
2026-06-25,outlet-4,CAKE-010,7,0,126.0,43
2026-06-25,outlet-5,CAKE-001,0,0,0.0,0
2026-06-25,outlet-5,CAKE-002,4,0,96.0,6
2026-06-25,outlet-5,CAKE-003,2,0,64.0,10
2026-06-25,outlet-5,CAKE-004,1,0,22.0,2
2026-06-25,outlet-5,CAKE-005,2,0,52.0,8
2026-06-25,outlet-5,CAKE-006,8,0,240.0,6
2026-06-25,outlet-5,CAKE-007,3,0,81.0,8
2026-06-25,outlet-5,CAKE-008,2,0,40.0,4
2026-06-25,outlet-5,CAKE-009,4,0,96.0,4
2026-06-25,outlet-5,CAKE-010,7,0,126.0,21
2026-06-26,outlet-1,CAKE-001,19,1,532.0,39
2026-06-26,outlet-1,CAKE-002,11,0,264.0,19
2026-06-26,outlet-1,CAKE-003,8,0,256.0,17
2026-06-26,outlet-1,CAKE-004,4,0,88.0,13
2026-06-26,outlet-1,CAKE-005,5,0,130.0,19
2026-06-26,outlet-1,CAKE-006,10,0,300.0,14
2026-06-26,outlet-1,CAKE-007,8,1,216.0,20
2026-06-26,outlet-1,CAKE-008,3,0,60.0,9
2026-06-26,outlet-1,CAKE-009,2,0,48.0,24
2026-06-26,outlet-1,CAKE-010,8,0,144.0,26
2026-06-26,outlet-2,CAKE-001,2,0,56.0,48
2026-06-26,outlet-2,CAKE-002,9,0,216.0,16
2026-06-26,outlet-2,CAKE-003,6,0,192.0,4
2026-06-26,outlet-2,CAKE-004,0,0,0.0,24
2026-06-26,outlet-2,CAKE-005,6,0,156.0,20
2026-06-26,outlet-2,CAKE-006,5,0,150.0,28
2026-06-26,outlet-2,CAKE-007,11,1,297.0,6
2026-06-26,outlet-2,CAKE-008,0,0,0.0,0
2026-06-26,outlet-2,CAKE-009,8,0,192.0,17
2026-06-26,outlet-2,CAKE-010,9,0,162.0,30
2026-06-26,outlet-3,CAKE-001,28,1,784.0,28
2026-06-26,outlet-3,CAKE-002,10,0,240.0,27
2026-06-26,outlet-3,CAKE-003,5,0,160.0,6
2026-06-26,outlet-3,CAKE-004,4,0,88.0,4
2026-06-26,outlet-3,CAKE-005,11,0,286.0,0
2026-06-26,outlet-3,CAKE-006,11,0,330.0,23
2026-06-26,outlet-3,CAKE-007,10,1,270.0,21
2026-06-26,outlet-3,CAKE-008,3,0,60.0,6
2026-06-26,outlet-3,CAKE-009,5,0,120.0,27
2026-06-26,outlet-3,CAKE-010,0,0,0.0,32
2026-06-26,outlet-4,CAKE-001,9,0,252.0,34
2026-06-26,outlet-4,CAKE-002,16,1,384.0,21
2026-06-26,outlet-4,CAKE-003,5,0,160.0,7
2026-06-26,outlet-4,CAKE-004,5,0,110.0,23
2026-06-26,outlet-4,CAKE-005,6,0,156.0,18
2026-06-26,outlet-4,CAKE-006,5,0,150.0,19
2026-06-26,outlet-4,CAKE-007,8,0,216.0,28
2026-06-26,outlet-4,CAKE-008,6,0,120.0,6
2026-06-26,outlet-4,CAKE-009,5,0,120.0,14
2026-06-26,outlet-4,CAKE-010,11,0,198.0,45
2026-06-26,outlet-5,CAKE-001,0,0,0.0,7
2026-06-26,outlet-5,CAKE-002,4,0,96.0,2
2026-06-26,outlet-5,CAKE-003,4,0,128.0,6
2026-06-26,outlet-5,CAKE-004,2,0,44.0,14
2026-06-26,outlet-5,CAKE-005,3,0,78.0,5
2026-06-26,outlet-5,CAKE-006,6,0,180.0,0
2026-06-26,outlet-5,CAKE-007,6,0,162.0,9
2026-06-26,outlet-5,CAKE-008,1,0,20.0,3
2026-06-26,outlet-5,CAKE-009,3,0,72.0,17
2026-06-26,outlet-5,CAKE-010,4,0,72.0,17
2026-06-27,outlet-1,CAKE-001,19,1,532.0,39
2026-06-27,outlet-1,CAKE-002,8,0,192.0,11
2026-06-27,outlet-1,CAKE-003,5,0,160.0,12
2026-06-27,outlet-1,CAKE-004,5,0,110.0,8
2026-06-27,outlet-1,CAKE-005,7,0,182.0,12
2026-06-27,outlet-1,CAKE-006,11,0,330.0,3
2026-06-27,outlet-1,CAKE-007,14,1,378.0,17
2026-06-27,outlet-1,CAKE-008,4,0,80.0,5
2026-06-27,outlet-1,CAKE-009,5,0,120.0,19
2026-06-27,outlet-1,CAKE-010,6,0,108.0,20
2026-06-27,outlet-2,CAKE-001,16,0,448.0,47
2026-06-27,outlet-2,CAKE-002,12,0,288.0,17
2026-06-27,outlet-2,CAKE-003,4,0,128.0,9
2026-06-27,outlet-2,CAKE-004,12,0,264.0,12
2026-06-27,outlet-2,CAKE-005,5,0,130.0,15
2026-06-27,outlet-2,CAKE-006,7,0,210.0,29
2026-06-27,outlet-2,CAKE-007,6,0,162.0,7
2026-06-27,outlet-2,CAKE-008,0,0,0.0,16
2026-06-27,outlet-2,CAKE-009,3,0,72.0,14
2026-06-27,outlet-2,CAKE-010,9,0,162.0,34
2026-06-27,outlet-3,CAKE-001,20,0,560.0,24
2026-06-27,outlet-3,CAKE-002,12,0,288.0,15
2026-06-27,outlet-3,CAKE-003,6,0,192.0,48
2026-06-27,outlet-3,CAKE-004,2,0,44.0,6
2026-06-27,outlet-3,CAKE-005,0,0,0.0,24
2026-06-27,outlet-3,CAKE-006,9,0,270.0,14
2026-06-27,outlet-3,CAKE-007,21,1,567.0,8
2026-06-27,outlet-3,CAKE-008,2,0,40.0,4
2026-06-27,outlet-3,CAKE-009,6,0,144.0,21
2026-06-27,outlet-3,CAKE-010,4,0,72.0,28
2026-06-27,outlet-4,CAKE-001,7,0,196.0,27
2026-06-27,outlet-4,CAKE-002,11,0,264.0,10
2026-06-27,outlet-4,CAKE-003,5,0,160.0,2
2026-06-27,outlet-4,CAKE-004,6,0,132.0,17
2026-06-27,outlet-4,CAKE-005,18,0,468.0,0
2026-06-27,outlet-4,CAKE-006,7,0,210.0,12
2026-06-27,outlet-4,CAKE-007,10,1,270.0,19
2026-06-27,outlet-4,CAKE-008,5,0,100.0,1
2026-06-27,outlet-4,CAKE-009,5,0,120.0,9
2026-06-27,outlet-4,CAKE-010,23,0,414.0,39
2026-06-27,outlet-5,CAKE-001,7,0,196.0,7
2026-06-27,outlet-5,CAKE-002,2,0,48.0,0
2026-06-27,outlet-5,CAKE-003,2,0,64.0,4
2026-06-27,outlet-5,CAKE-004,6,0,132.0,8
2026-06-27,outlet-5,CAKE-005,3,0,78.0,2
2026-06-27,outlet-5,CAKE-006,0,0,0.0,11
2026-06-27,outlet-5,CAKE-007,2,0,54.0,7
2026-06-27,outlet-5,CAKE-008,3,0,60.0,7
2026-06-27,outlet-5,CAKE-009,5,0,120.0,12
2026-06-27,outlet-5,CAKE-010,6,0,108.0,11
2026-06-28,outlet-1,CAKE-001,23,1,644.0,17
2026-06-28,outlet-1,CAKE-002,8,0,192.0,3
2026-06-28,outlet-1,CAKE-003,4,0,128.0,8
2026-06-28,outlet-1,CAKE-004,4,0,88.0,10
2026-06-28,outlet-1,CAKE-005,3,0,78.0,18
2026-06-28,outlet-1,CAKE-006,1,0,30.0,32
2026-06-28,outlet-1,CAKE-007,13,0,351.0,14
2026-06-28,outlet-1,CAKE-008,4,0,80.0,1
2026-06-28,outlet-1,CAKE-009,5,0,120.0,14
2026-06-28,outlet-1,CAKE-010,11,0,198.0,21
2026-06-28,outlet-2,CAKE-001,6,0,168.0,41
2026-06-28,outlet-2,CAKE-002,14,1,336.0,4
2026-06-28,outlet-2,CAKE-003,7,0,224.0,29
2026-06-28,outlet-2,CAKE-004,8,0,176.0,4
2026-06-28,outlet-2,CAKE-005,6,0,156.0,9
2026-06-28,outlet-2,CAKE-006,7,0,210.0,30
2026-06-28,outlet-2,CAKE-007,7,0,189.0,0
2026-06-28,outlet-2,CAKE-008,2,0,40.0,18
2026-06-28,outlet-2,CAKE-009,4,0,96.0,10
2026-06-28,outlet-2,CAKE-010,10,0,180.0,24
2026-06-28,outlet-3,CAKE-001,17,0,476.0,7
2026-06-28,outlet-3,CAKE-002,11,0,264.0,4
2026-06-28,outlet-3,CAKE-003,8,0,256.0,54
2026-06-28,outlet-3,CAKE-004,6,0,132.0,0
2026-06-28,outlet-3,CAKE-005,5,0,130.0,23
2026-06-28,outlet-3,CAKE-006,11,0,330.0,48
2026-06-28,outlet-3,CAKE-007,8,1,216.0,1
2026-06-28,outlet-3,CAKE-008,1,0,20.0,7
2026-06-28,outlet-3,CAKE-009,6,0,144.0,24
2026-06-28,outlet-3,CAKE-010,9,0,162.0,19
2026-06-28,outlet-4,CAKE-001,13,0,364.0,14
2026-06-28,outlet-4,CAKE-002,10,0,240.0,54
2026-06-28,outlet-4,CAKE-003,2,0,64.0,0
2026-06-28,outlet-4,CAKE-004,6,0,132.0,18
2026-06-28,outlet-4,CAKE-005,0,0,0.0,33
2026-06-28,outlet-4,CAKE-006,7,0,210.0,5
2026-06-28,outlet-4,CAKE-007,13,1,351.0,7
2026-06-28,outlet-4,CAKE-008,1,0,20.0,27
2026-06-28,outlet-4,CAKE-009,7,0,168.0,10
2026-06-28,outlet-4,CAKE-010,12,1,216.0,28
2026-06-28,outlet-5,CAKE-001,7,0,196.0,7
2026-06-28,outlet-5,CAKE-002,0,0,0.0,0
2026-06-28,outlet-5,CAKE-003,3,0,96.0,1
2026-06-28,outlet-5,CAKE-004,3,0,66.0,8
2026-06-28,outlet-5,CAKE-005,2,0,52.0,12
2026-06-28,outlet-5,CAKE-006,10,0,300.0,31
2026-06-28,outlet-5,CAKE-007,4,0,108.0,9
2026-06-28,outlet-5,CAKE-008,1,0,20.0,6
2026-06-28,outlet-5,CAKE-009,4,0,96.0,8
2026-06-28,outlet-5,CAKE-010,4,0,72.0,7
2026-06-29,outlet-1,CAKE-001,17,1,476.0,1
2026-06-29,outlet-1,CAKE-002,3,0,72.0,46
2026-06-29,outlet-1,CAKE-003,6,0,192.0,32
2026-06-29,outlet-1,CAKE-004,6,0,132.0,4
2026-06-29,outlet-1,CAKE-005,5,0,130.0,13
2026-06-29,outlet-1,CAKE-006,6,0,180.0,26
2026-06-29,outlet-1,CAKE-007,7,0,189.0,7
2026-06-29,outlet-1,CAKE-008,1,0,20.0,5
2026-06-29,outlet-1,CAKE-009,5,0,120.0,9
2026-06-29,outlet-1,CAKE-010,6,0,108.0,26
2026-06-29,outlet-2,CAKE-001,13,0,364.0,28
2026-06-29,outlet-2,CAKE-002,4,0,96.0,0
2026-06-29,outlet-2,CAKE-003,4,0,128.0,25
2026-06-29,outlet-2,CAKE-004,3,0,66.0,25
2026-06-29,outlet-2,CAKE-005,2,0,52.0,7
2026-06-29,outlet-2,CAKE-006,7,0,210.0,32
2026-06-29,outlet-2,CAKE-007,0,0,0.0,0
2026-06-29,outlet-2,CAKE-008,3,0,60.0,18
2026-06-29,outlet-2,CAKE-009,5,0,120.0,5
2026-06-29,outlet-2,CAKE-010,13,0,234.0,11
2026-06-29,outlet-3,CAKE-001,7,0,196.0,0
2026-06-29,outlet-3,CAKE-002,4,0,96.0,0
2026-06-29,outlet-3,CAKE-003,18,0,576.0,36
2026-06-29,outlet-3,CAKE-004,0,0,0.0,0
2026-06-29,outlet-3,CAKE-005,3,0,78.0,20
2026-06-29,outlet-3,CAKE-006,12,0,360.0,36
2026-06-29,outlet-3,CAKE-007,1,0,27.0,0
2026-06-29,outlet-3,CAKE-008,2,0,40.0,5
2026-06-29,outlet-3,CAKE-009,4,0,96.0,20
2026-06-29,outlet-3,CAKE-010,7,0,126.0,12
2026-06-29,outlet-4,CAKE-001,10,0,280.0,4
2026-06-29,outlet-4,CAKE-002,9,0,216.0,61
2026-06-29,outlet-4,CAKE-003,0,0,0.0,24
2026-06-29,outlet-4,CAKE-004,6,0,132.0,12
2026-06-29,outlet-4,CAKE-005,6,0,156.0,27
2026-06-29,outlet-4,CAKE-006,3,0,90.0,2
2026-06-29,outlet-4,CAKE-007,7,0,189.0,36
2026-06-29,outlet-4,CAKE-008,5,0,100.0,22
2026-06-29,outlet-4,CAKE-009,5,0,120.0,5
2026-06-29,outlet-4,CAKE-010,7,0,126.0,21
2026-06-29,outlet-5,CAKE-001,6,0,168.0,29
2026-06-29,outlet-5,CAKE-002,0,0,0.0,21
2026-06-29,outlet-5,CAKE-003,1,0,32.0,12
2026-06-29,outlet-5,CAKE-004,3,0,66.0,5
2026-06-29,outlet-5,CAKE-005,1,0,26.0,11
2026-06-29,outlet-5,CAKE-006,9,0,270.0,35
2026-06-29,outlet-5,CAKE-007,4,0,108.0,5
2026-06-29,outlet-5,CAKE-008,1,0,20.0,7
2026-06-29,outlet-5,CAKE-009,2,0,48.0,13
2026-06-29,outlet-5,CAKE-010,4,0,72.0,3
2026-06-30,outlet-1,CAKE-001,1,0,28.0,57
2026-06-30,outlet-1,CAKE-002,8,0,192.0,38
2026-06-30,outlet-1,CAKE-003,4,0,128.0,28
2026-06-30,outlet-1,CAKE-004,4,0,88.0,26
2026-06-30,outlet-1,CAKE-005,3,0,78.0,10
2026-06-30,outlet-1,CAKE-006,5,0,150.0,21
2026-06-30,outlet-1,CAKE-007,6,0,162.0,12
2026-06-30,outlet-1,CAKE-008,3,0,60.0,6
2026-06-30,outlet-1,CAKE-009,6,0,144.0,3
2026-06-30,outlet-1,CAKE-010,8,0,144.0,18
2026-06-30,outlet-2,CAKE-001,7,0,196.0,21
2026-06-30,outlet-2,CAKE-002,0,0,0.0,0
2026-06-30,outlet-2,CAKE-003,4,0,128.0,29
2026-06-30,outlet-2,CAKE-004,3,0,66.0,22
2026-06-30,outlet-2,CAKE-005,3,0,78.0,4
2026-06-30,outlet-2,CAKE-006,5,0,150.0,27
2026-06-30,outlet-2,CAKE-007,0,0,0.0,0
2026-06-30,outlet-2,CAKE-008,3,0,60.0,15
2026-06-30,outlet-2,CAKE-009,2,0,48.0,3
2026-06-30,outlet-2,CAKE-010,7,0,126.0,14
2026-06-30,outlet-3,CAKE-001,0,0,0.0,67
2026-06-30,outlet-3,CAKE-002,0,0,0.0,46
2026-06-30,outlet-3,CAKE-003,12,1,384.0,25
2026-06-30,outlet-3,CAKE-004,0,0,0.0,19
2026-06-30,outlet-3,CAKE-005,4,0,104.0,16
2026-06-30,outlet-3,CAKE-006,12,0,360.0,24
2026-06-30,outlet-3,CAKE-007,0,0,0.0,30
2026-06-30,outlet-3,CAKE-008,2,0,40.0,3
2026-06-30,outlet-3,CAKE-009,6,0,144.0,14
2026-06-30,outlet-3,CAKE-010,5,0,90.0,7
2026-06-30,outlet-4,CAKE-001,4,0,112.0,43
2026-06-30,outlet-4,CAKE-002,7,0,168.0,72
2026-06-30,outlet-4,CAKE-003,3,0,96.0,21
2026-06-30,outlet-4,CAKE-004,5,0,110.0,7
2026-06-30,outlet-4,CAKE-005,5,0,130.0,22
2026-06-30,outlet-4,CAKE-006,2,0,60.0,0
2026-06-30,outlet-4,CAKE-007,9,0,243.0,27
2026-06-30,outlet-4,CAKE-008,5,0,100.0,17
2026-06-30,outlet-4,CAKE-009,4,0,96.0,29
2026-06-30,outlet-4,CAKE-010,9,0,162.0,12
2026-06-30,outlet-5,CAKE-001,7,0,196.0,22
2026-06-30,outlet-5,CAKE-002,2,0,48.0,19
2026-06-30,outlet-5,CAKE-003,4,0,128.0,8
2026-06-30,outlet-5,CAKE-004,1,0,22.0,4
2026-06-30,outlet-5,CAKE-005,2,0,52.0,9
2026-06-30,outlet-5,CAKE-006,5,0,150.0,30
2026-06-30,outlet-5,CAKE-007,4,0,108.0,16
2026-06-30,outlet-5,CAKE-008,2,0,40.0,5
2026-06-30,outlet-5,CAKE-009,2,0,48.0,11
2026-06-30,outlet-5,CAKE-010,3,0,54.0,0
2026-07-01,outlet-1,CAKE-001,15,0,420.0,42
2026-07-01,outlet-1,CAKE-002,8,0,192.0,30
2026-07-01,outlet-1,CAKE-003,4,0,128.0,31
2026-07-01,outlet-1,CAKE-004,3,0,66.0,23
2026-07-01,outlet-1,CAKE-005,3,0,78.0,7
2026-07-01,outlet-1,CAKE-006,8,0,240.0,13
2026-07-01,outlet-1,CAKE-007,12,0,324.0,0
2026-07-01,outlet-1,CAKE-008,2,0,40.0,4
2026-07-01,outlet-1,CAKE-009,3,0,72.0,24
2026-07-01,outlet-1,CAKE-010,6,0,108.0,12
2026-07-01,outlet-2,CAKE-001,7,0,196.0,14
2026-07-01,outlet-2,CAKE-002,0,0,0.0,42
2026-07-01,outlet-2,CAKE-003,5,0,160.0,24
2026-07-01,outlet-2,CAKE-004,5,0,110.0,17
2026-07-01,outlet-2,CAKE-005,4,0,104.0,7
2026-07-01,outlet-2,CAKE-006,7,0,210.0,20
2026-07-01,outlet-2,CAKE-007,0,0,0.0,30
2026-07-01,outlet-2,CAKE-008,3,0,60.0,12
2026-07-01,outlet-2,CAKE-009,3,0,72.0,0
2026-07-01,outlet-2,CAKE-010,7,0,126.0,7
2026-07-01,outlet-3,CAKE-001,18,1,504.0,50
2026-07-01,outlet-3,CAKE-002,8,0,192.0,38
2026-07-01,outlet-3,CAKE-003,10,0,320.0,15
2026-07-01,outlet-3,CAKE-004,3,0,66.0,20
2026-07-01,outlet-3,CAKE-005,5,0,130.0,11
2026-07-01,outlet-3,CAKE-006,5,0,150.0,19
2026-07-01,outlet-3,CAKE-007,7,0,189.0,23
2026-07-01,outlet-3,CAKE-008,2,0,40.0,13
2026-07-01,outlet-3,CAKE-009,3,0,72.0,11
2026-07-01,outlet-3,CAKE-010,4,0,72.0,3
2026-07-01,outlet-4,CAKE-001,16,0,448.0,27
2026-07-01,outlet-4,CAKE-002,6,0,144.0,66
2026-07-01,outlet-4,CAKE-003,3,0,96.0,18
2026-07-01,outlet-4,CAKE-004,6,0,132.0,1
2026-07-01,outlet-4,CAKE-005,4,0,104.0,18
2026-07-01,outlet-4,CAKE-006,0,0,0.0,8
2026-07-01,outlet-4,CAKE-007,6,0,162.0,21
2026-07-01,outlet-4,CAKE-008,4,0,80.0,13
2026-07-01,outlet-4,CAKE-009,4,0,96.0,25
2026-07-01,outlet-4,CAKE-010,7,0,126.0,5
2026-07-01,outlet-5,CAKE-001,6,0,168.0,16
2026-07-01,outlet-5,CAKE-002,3,0,72.0,16
2026-07-01,outlet-5,CAKE-003,1,0,32.0,7
2026-07-01,outlet-5,CAKE-004,2,0,44.0,2
2026-07-01,outlet-5,CAKE-005,2,0,52.0,7
2026-07-01,outlet-5,CAKE-006,5,0,150.0,25
2026-07-01,outlet-5,CAKE-007,9,1,243.0,8
2026-07-01,outlet-5,CAKE-008,1,0,20.0,4
2026-07-01,outlet-5,CAKE-009,2,0,48.0,16
2026-07-01,outlet-5,CAKE-010,0,0,0.0,21
2026-07-02,outlet-1,CAKE-001,12,0,336.0,30
2026-07-02,outlet-1,CAKE-002,6,0,144.0,24
2026-07-02,outlet-1,CAKE-003,6,0,192.0,25
2026-07-02,outlet-1,CAKE-004,3,0,66.0,20
2026-07-02,outlet-1,CAKE-005,4,0,104.0,3
2026-07-02,outlet-1,CAKE-006,9,0,270.0,4
2026-07-02,outlet-1,CAKE-007,0,0,0.0,0
2026-07-02,outlet-1,CAKE-008,3,0,60.0,1
2026-07-02,outlet-1,CAKE-009,3,0,72.0,21
2026-07-02,outlet-1,CAKE-010,10,0,180.0,45
2026-07-02,outlet-2,CAKE-001,11,0,308.0,51
2026-07-02,outlet-2,CAKE-002,7,0,168.0,49
2026-07-02,outlet-2,CAKE-003,4,0,128.0,20
2026-07-02,outlet-2,CAKE-004,4,0,88.0,19
2026-07-02,outlet-2,CAKE-005,5,0,130.0,2
2026-07-02,outlet-2,CAKE-006,5,0,150.0,15
2026-07-02,outlet-2,CAKE-007,10,1,270.0,21
2026-07-02,outlet-2,CAKE-008,2,0,40.0,10
2026-07-02,outlet-2,CAKE-009,0,0,0.0,21
2026-07-02,outlet-2,CAKE-010,4,0,72.0,42
2026-07-02,outlet-3,CAKE-001,15,1,420.0,36
2026-07-02,outlet-3,CAKE-002,9,0,216.0,29
2026-07-02,outlet-3,CAKE-003,10,0,320.0,5
2026-07-02,outlet-3,CAKE-004,2,0,44.0,18
2026-07-02,outlet-3,CAKE-005,2,0,52.0,9
2026-07-02,outlet-3,CAKE-006,12,0,360.0,22
2026-07-02,outlet-3,CAKE-007,7,1,189.0,17
2026-07-02,outlet-3,CAKE-008,2,0,40.0,15
2026-07-02,outlet-3,CAKE-009,3,0,72.0,8
2026-07-02,outlet-3,CAKE-010,3,0,54.0,32
2026-07-02,outlet-4,CAKE-001,8,0,224.0,30
2026-07-02,outlet-4,CAKE-002,7,0,168.0,59
2026-07-02,outlet-4,CAKE-003,4,0,128.0,14
2026-07-02,outlet-4,CAKE-004,1,0,22.0,0
2026-07-02,outlet-4,CAKE-005,6,0,156.0,12
2026-07-02,outlet-4,CAKE-006,3,0,90.0,5
2026-07-02,outlet-4,CAKE-007,17,1,459.0,5
2026-07-02,outlet-4,CAKE-008,10,0,200.0,3
2026-07-02,outlet-4,CAKE-009,5,0,120.0,20
2026-07-02,outlet-4,CAKE-010,4,0,72.0,47
2026-07-02,outlet-5,CAKE-001,12,0,336.0,11
2026-07-02,outlet-5,CAKE-002,4,0,96.0,12
2026-07-02,outlet-5,CAKE-003,3,0,96.0,4
2026-07-02,outlet-5,CAKE-004,2,0,44.0,0
2026-07-02,outlet-5,CAKE-005,2,0,52.0,5
2026-07-02,outlet-5,CAKE-006,9,0,270.0,16
2026-07-02,outlet-5,CAKE-007,3,0,81.0,5
2026-07-02,outlet-5,CAKE-008,1,0,20.0,3
2026-07-02,outlet-5,CAKE-009,2,0,48.0,14
2026-07-02,outlet-5,CAKE-010,3,0,54.0,23
2026-07-03,outlet-1,CAKE-001,16,1,448.0,15
2026-07-03,outlet-1,CAKE-002,7,0,168.0,17
2026-07-03,outlet-1,CAKE-003,10,0,320.0,15
2026-07-03,outlet-1,CAKE-004,5,0,110.0,22
2026-07-03,outlet-1,CAKE-005,3,0,78.0,24
2026-07-03,outlet-1,CAKE-006,4,0,120.0,30
2026-07-03,outlet-1,CAKE-007,0,0,0.0,0
2026-07-03,outlet-1,CAKE-008,1,0,20.0,18
2026-07-03,outlet-1,CAKE-009,6,0,144.0,21
2026-07-03,outlet-1,CAKE-010,11,0,198.0,34
2026-07-03,outlet-2,CAKE-001,21,1,588.0,45
2026-07-03,outlet-2,CAKE-002,9,0,216.0,40
2026-07-03,outlet-2,CAKE-003,7,0,224.0,13
2026-07-03,outlet-2,CAKE-004,5,0,110.0,14
2026-07-03,outlet-2,CAKE-005,2,0,52.0,21
2026-07-03,outlet-2,CAKE-006,10,0,300.0,5
2026-07-03,outlet-2,CAKE-007,12,0,324.0,9
2026-07-03,outlet-2,CAKE-008,3,0,60.0,7
2026-07-03,outlet-2,CAKE-009,5,0,120.0,16
2026-07-03,outlet-2,CAKE-010,7,0,126.0,46
2026-07-03,outlet-3,CAKE-001,15,0,420.0,21
2026-07-03,outlet-3,CAKE-002,18,1,432.0,12
2026-07-03,outlet-3,CAKE-003,5,0,160.0,48
2026-07-03,outlet-3,CAKE-004,4,0,88.0,14
2026-07-03,outlet-3,CAKE-005,5,0,130.0,4
2026-07-03,outlet-3,CAKE-006,22,1,660.0,46
2026-07-03,outlet-3,CAKE-007,6,0,162.0,18
2026-07-03,outlet-3,CAKE-008,3,0,60.0,12
2026-07-03,outlet-3,CAKE-009,4,0,96.0,4
2026-07-03,outlet-3,CAKE-010,4,0,72.0,39
2026-07-03,outlet-4,CAKE-001,13,0,364.0,17
2026-07-03,outlet-4,CAKE-002,12,0,288.0,47
2026-07-03,outlet-4,CAKE-003,4,0,128.0,23
2026-07-03,outlet-4,CAKE-004,0,0,0.0,28
2026-07-03,outlet-4,CAKE-005,6,0,156.0,6
2026-07-03,outlet-4,CAKE-006,5,0,150.0,21
2026-07-03,outlet-4,CAKE-007,5,0,135.0,36
2026-07-03,outlet-4,CAKE-008,3,0,60.0,10
2026-07-03,outlet-4,CAKE-009,6,0,144.0,14
2026-07-03,outlet-4,CAKE-010,11,0,198.0,36
2026-07-03,outlet-5,CAKE-001,9,0,252.0,30
2026-07-03,outlet-5,CAKE-002,6,0,144.0,6
2026-07-03,outlet-5,CAKE-003,4,0,128.0,12
2026-07-03,outlet-5,CAKE-004,0,0,0.0,14
2026-07-03,outlet-5,CAKE-005,4,0,104.0,1
2026-07-03,outlet-5,CAKE-006,13,0,390.0,3
2026-07-03,outlet-5,CAKE-007,5,0,135.0,0
2026-07-03,outlet-5,CAKE-008,1,0,20.0,2
2026-07-03,outlet-5,CAKE-009,3,0,72.0,11
2026-07-03,outlet-5,CAKE-010,5,0,90.0,18
2026-07-04,outlet-1,CAKE-001,15,1,420.0,22
2026-07-04,outlet-1,CAKE-002,8,0,192.0,9
2026-07-04,outlet-1,CAKE-003,3,0,96.0,12
2026-07-04,outlet-1,CAKE-004,8,0,176.0,14
2026-07-04,outlet-1,CAKE-005,9,0,234.0,15
2026-07-04,outlet-1,CAKE-006,13,0,390.0,17
2026-07-04,outlet-1,CAKE-007,0,0,0.0,10
2026-07-04,outlet-1,CAKE-008,3,0,60.0,15
2026-07-04,outlet-1,CAKE-009,6,0,144.0,15
2026-07-04,outlet-1,CAKE-010,11,0,198.0,35
2026-07-04,outlet-2,CAKE-001,10,0,280.0,35
2026-07-04,outlet-2,CAKE-002,4,0,96.0,36
2026-07-04,outlet-2,CAKE-003,2,0,64.0,11
2026-07-04,outlet-2,CAKE-004,6,0,132.0,8
2026-07-04,outlet-2,CAKE-005,4,0,104.0,25
2026-07-04,outlet-2,CAKE-006,5,0,150.0,0
2026-07-04,outlet-2,CAKE-007,9,1,243.0,31
2026-07-04,outlet-2,CAKE-008,4,0,80.0,7
2026-07-04,outlet-2,CAKE-009,4,0,96.0,12
2026-07-04,outlet-2,CAKE-010,11,0,198.0,35
2026-07-04,outlet-3,CAKE-001,21,1,588.0,15
2026-07-04,outlet-3,CAKE-002,8,0,192.0,17
2026-07-04,outlet-3,CAKE-003,10,0,320.0,38
2026-07-04,outlet-3,CAKE-004,4,0,88.0,10
2026-07-04,outlet-3,CAKE-005,4,0,104.0,24
2026-07-04,outlet-3,CAKE-006,16,0,480.0,30
2026-07-04,outlet-3,CAKE-007,8,0,216.0,10
2026-07-04,outlet-3,CAKE-008,2,0,40.0,10
2026-07-04,outlet-3,CAKE-009,3,0,72.0,1
2026-07-04,outlet-3,CAKE-010,8,0,144.0,43
2026-07-04,outlet-4,CAKE-001,13,0,364.0,4
2026-07-04,outlet-4,CAKE-002,14,0,336.0,33
2026-07-04,outlet-4,CAKE-003,5,0,160.0,18
2026-07-04,outlet-4,CAKE-004,4,0,88.0,24
2026-07-04,outlet-4,CAKE-005,6,0,156.0,33
2026-07-04,outlet-4,CAKE-006,5,0,150.0,16
2026-07-04,outlet-4,CAKE-007,12,1,324.0,25
2026-07-04,outlet-4,CAKE-008,5,0,100.0,5
2026-07-04,outlet-4,CAKE-009,8,0,192.0,13
2026-07-04,outlet-4,CAKE-010,15,0,270.0,21
2026-07-04,outlet-5,CAKE-001,10,0,280.0,20
2026-07-04,outlet-5,CAKE-002,5,0,120.0,1
2026-07-04,outlet-5,CAKE-003,4,0,128.0,8
2026-07-04,outlet-5,CAKE-004,3,0,66.0,11
2026-07-04,outlet-5,CAKE-005,1,0,26.0,12
2026-07-04,outlet-5,CAKE-006,3,0,90.0,30
2026-07-04,outlet-5,CAKE-007,0,0,0.0,6
2026-07-04,outlet-5,CAKE-008,2,0,40.0,7
2026-07-04,outlet-5,CAKE-009,4,0,96.0,12
2026-07-04,outlet-5,CAKE-010,3,0,54.0,15
2026-07-05,outlet-1,CAKE-001,18,0,504.0,4
2026-07-05,outlet-1,CAKE-002,9,0,216.0,46
2026-07-05,outlet-1,CAKE-003,7,0,224.0,5
2026-07-05,outlet-1,CAKE-004,6,0,132.0,8
2026-07-05,outlet-1,CAKE-005,7,0,182.0,8
2026-07-05,outlet-1,CAKE-006,12,1,360.0,6
2026-07-05,outlet-1,CAKE-007,10,1,270.0,34
2026-07-05,outlet-1,CAKE-008,3,0,60.0,16
2026-07-05,outlet-1,CAKE-009,7,0,168.0,8
2026-07-05,outlet-1,CAKE-010,11,0,198.0,24
2026-07-05,outlet-2,CAKE-001,13,0,364.0,22
2026-07-05,outlet-2,CAKE-002,8,0,192.0,28
2026-07-05,outlet-2,CAKE-003,7,0,224.0,4
2026-07-05,outlet-2,CAKE-004,5,0,110.0,3
2026-07-05,outlet-2,CAKE-005,6,0,156.0,19
2026-07-05,outlet-2,CAKE-006,0,0,0.0,8
2026-07-05,outlet-2,CAKE-007,9,0,243.0,22
2026-07-05,outlet-2,CAKE-008,3,0,60.0,4
2026-07-05,outlet-2,CAKE-009,5,0,120.0,7
2026-07-05,outlet-2,CAKE-010,13,0,234.0,22
2026-07-05,outlet-3,CAKE-001,15,0,420.0,0
2026-07-05,outlet-3,CAKE-002,12,1,288.0,6
2026-07-05,outlet-3,CAKE-003,8,0,256.0,30
2026-07-05,outlet-3,CAKE-004,3,0,66.0,10
2026-07-05,outlet-3,CAKE-005,4,0,104.0,20
2026-07-05,outlet-3,CAKE-006,15,1,450.0,16
2026-07-05,outlet-3,CAKE-007,10,1,270.0,1
2026-07-05,outlet-3,CAKE-008,3,0,60.0,11
2026-07-05,outlet-3,CAKE-009,1,0,24.0,21
2026-07-05,outlet-3,CAKE-010,4,0,72.0,39
2026-07-05,outlet-4,CAKE-001,4,0,112.0,0
2026-07-05,outlet-4,CAKE-002,14,0,336.0,35
2026-07-05,outlet-4,CAKE-003,8,0,256.0,21
2026-07-05,outlet-4,CAKE-004,6,0,132.0,18
2026-07-05,outlet-4,CAKE-005,8,0,208.0,37
2026-07-05,outlet-4,CAKE-006,8,0,240.0,8
2026-07-05,outlet-4,CAKE-007,14,1,378.0,12
2026-07-05,outlet-4,CAKE-008,5,0,100.0,27
2026-07-05,outlet-4,CAKE-009,8,0,192.0,12
2026-07-05,outlet-4,CAKE-010,8,0,144.0,13
2026-07-05,outlet-5,CAKE-001,9,0,252.0,11
2026-07-05,outlet-5,CAKE-002,1,0,24.0,0
2026-07-05,outlet-5,CAKE-003,3,0,96.0,5
2026-07-05,outlet-5,CAKE-004,3,0,66.0,8
2026-07-05,outlet-5,CAKE-005,4,0,104.0,8
2026-07-05,outlet-5,CAKE-006,7,0,210.0,23
2026-07-05,outlet-5,CAKE-007,6,0,162.0,0
2026-07-05,outlet-5,CAKE-008,1,0,20.0,6
2026-07-05,outlet-5,CAKE-009,3,0,72.0,9
2026-07-05,outlet-5,CAKE-010,5,0,90.0,14
2026-07-06,outlet-1,CAKE-001,4,0,112.0,57
2026-07-06,outlet-1,CAKE-002,8,0,192.0,38
2026-07-06,outlet-1,CAKE-003,5,0,160.0,0
2026-07-06,outlet-1,CAKE-004,5,0,110.0,3
2026-07-06,outlet-1,CAKE-005,8,0,208.0,24
2026-07-06,outlet-1,CAKE-006,6,0,180.0,17
2026-07-06,outlet-1,CAKE-007,8,1,216.0,37
2026-07-06,outlet-1,CAKE-008,6,0,120.0,10
2026-07-06,outlet-1,CAKE-009,8,0,192.0,24
2026-07-06,outlet-1,CAKE-010,8,0,144.0,16
2026-07-06,outlet-2,CAKE-001,11,0,308.0,25
2026-07-06,outlet-2,CAKE-002,8,0,192.0,20
2026-07-06,outlet-2,CAKE-003,4,0,128.0,27
2026-07-06,outlet-2,CAKE-004,3,0,66.0,0
2026-07-06,outlet-2,CAKE-005,4,0,104.0,15
2026-07-06,outlet-2,CAKE-006,6,0,180.0,2
2026-07-06,outlet-2,CAKE-007,6,0,162.0,16
2026-07-06,outlet-2,CAKE-008,2,0,40.0,6
2026-07-06,outlet-2,CAKE-009,4,0,96.0,3
2026-07-06,outlet-2,CAKE-010,9,0,162.0,13
2026-07-06,outlet-3,CAKE-001,0,0,0.0,15
2026-07-06,outlet-3,CAKE-002,6,0,144.0,0
2026-07-06,outlet-3,CAKE-003,5,0,160.0,25
2026-07-06,outlet-3,CAKE-004,3,0,66.0,11
2026-07-06,outlet-3,CAKE-005,4,0,104.0,16
2026-07-06,outlet-3,CAKE-006,12,0,360.0,4
2026-07-06,outlet-3,CAKE-007,1,0,27.0,30
2026-07-06,outlet-3,CAKE-008,2,0,40.0,13
2026-07-06,outlet-3,CAKE-009,4,0,96.0,28
2026-07-06,outlet-3,CAKE-010,5,0,90.0,34
2026-07-06,outlet-4,CAKE-001,0,0,0.0,0
2026-07-06,outlet-4,CAKE-002,20,1,480.0,16
2026-07-06,outlet-4,CAKE-003,4,0,128.0,17
2026-07-06,outlet-4,CAKE-004,6,0,132.0,12
2026-07-06,outlet-4,CAKE-005,5,0,130.0,32
2026-07-06,outlet-4,CAKE-006,5,0,150.0,3
2026-07-06,outlet-4,CAKE-007,7,0,189.0,5
2026-07-06,outlet-4,CAKE-008,4,0,80.0,23
2026-07-06,outlet-4,CAKE-009,2,0,48.0,17
2026-07-06,outlet-4,CAKE-010,9,0,162.0,4
2026-07-06,outlet-5,CAKE-001,7,0,196.0,4
2026-07-06,outlet-5,CAKE-002,0,0,0.0,0
2026-07-06,outlet-5,CAKE-003,2,0,64.0,3
2026-07-06,outlet-5,CAKE-004,2,0,44.0,6
2026-07-06,outlet-5,CAKE-005,2,0,52.0,6
2026-07-06,outlet-5,CAKE-006,5,0,150.0,18
2026-07-06,outlet-5,CAKE-007,0,0,0.0,0
2026-07-06,outlet-5,CAKE-008,1,0,20.0,7
2026-07-06,outlet-5,CAKE-009,2,0,48.0,7
2026-07-06,outlet-5,CAKE-010,2,0,36.0,12
2026-07-07,outlet-1,CAKE-001,13,0,364.0,44
2026-07-07,outlet-1,CAKE-002,6,0,144.0,32
2026-07-07,outlet-1,CAKE-003,0,0,0.0,30
2026-07-07,outlet-1,CAKE-004,3,0,66.0,26
2026-07-07,outlet-1,CAKE-005,2,0,52.0,22
2026-07-07,outlet-1,CAKE-006,7,0,210.0,31
2026-07-07,outlet-1,CAKE-007,4,0,108.0,33
2026-07-07,outlet-1,CAKE-008,4,0,80.0,6
2026-07-07,outlet-1,CAKE-009,5,0,120.0,19
2026-07-07,outlet-1,CAKE-010,7,0,126.0,20
2026-07-07,outlet-2,CAKE-001,14,0,392.0,11
2026-07-07,outlet-2,CAKE-002,9,0,216.0,11
2026-07-07,outlet-2,CAKE-003,4,0,128.0,23
2026-07-07,outlet-2,CAKE-004,0,0,0.0,0
2026-07-07,outlet-2,CAKE-005,4,0,104.0,11
2026-07-07,outlet-2,CAKE-006,2,0,60.0,24
2026-07-07,outlet-2,CAKE-007,8,0,216.0,14
2026-07-07,outlet-2,CAKE-008,4,0,80.0,6
2026-07-07,outlet-2,CAKE-009,3,0,72.0,21
2026-07-07,outlet-2,CAKE-010,6,0,108.0,19
2026-07-07,outlet-3,CAKE-001,15,0,420.0,67
2026-07-07,outlet-3,CAKE-002,0,0,0.0,0
2026-07-07,outlet-3,CAKE-003,9,0,288.0,16
2026-07-07,outlet-3,CAKE-004,3,0,66.0,8
2026-07-07,outlet-3,CAKE-005,2,0,52.0,19
2026-07-07,outlet-3,CAKE-006,4,0,120.0,45
2026-07-07,outlet-3,CAKE-007,7,0,189.0,23
2026-07-07,outlet-3,CAKE-008,2,0,40.0,11
2026-07-07,outlet-3,CAKE-009,3,0,72.0,25
2026-07-07,outlet-3,CAKE-010,6,0,108.0,38
2026-07-07,outlet-4,CAKE-001,0,0,0.0,12
2026-07-07,outlet-4,CAKE-002,10,0,240.0,6
2026-07-07,outlet-4,CAKE-003,3,0,96.0,14
2026-07-07,outlet-4,CAKE-004,4,0,88.0,8
2026-07-07,outlet-4,CAKE-005,4,0,104.0,28
2026-07-07,outlet-4,CAKE-006,3,0,90.0,21
2026-07-07,outlet-4,CAKE-007,5,0,135.0,7
2026-07-07,outlet-4,CAKE-008,4,0,80.0,31
2026-07-07,outlet-4,CAKE-009,6,0,144.0,11
2026-07-07,outlet-4,CAKE-010,4,0,72.0,0
2026-07-07,outlet-5,CAKE-001,4,0,112.0,28
2026-07-07,outlet-5,CAKE-002,0,0,0.0,21
2026-07-07,outlet-5,CAKE-003,1,0,32.0,2
2026-07-07,outlet-5,CAKE-004,3,0,66.0,3
2026-07-07,outlet-5,CAKE-005,4,0,104.0,2
2026-07-07,outlet-5,CAKE-006,11,0,330.0,17
2026-07-07,outlet-5,CAKE-007,0,0,0.0,15
2026-07-07,outlet-5,CAKE-008,2,0,40.0,5
2026-07-07,outlet-5,CAKE-009,3,0,72.0,4
2026-07-07,outlet-5,CAKE-010,4,0,72.0,8
2026-07-08,outlet-1,CAKE-001,36,1,1008.0,9
2026-07-08,outlet-1,CAKE-002,9,0,216.0,23
2026-07-08,outlet-1,CAKE-003,6,0,192.0,24
2026-07-08,outlet-1,CAKE-004,4,0,88.0,22
2026-07-08,outlet-1,CAKE-005,5,0,130.0,17
2026-07-08,outlet-1,CAKE-006,17,1,510.0,15
2026-07-08,outlet-1,CAKE-007,4,0,108.0,29
2026-07-08,outlet-1,CAKE-008,2,0,40.0,4
2026-07-08,outlet-1,CAKE-009,6,0,144.0,13
2026-07-08,outlet-1,CAKE-010,7,0,126.0,13
2026-07-08,outlet-2,CAKE-001,11,0,308.0,16
2026-07-08,outlet-2,CAKE-002,8,0,192.0,45
2026-07-08,outlet-2,CAKE-003,5,0,160.0,18
2026-07-08,outlet-2,CAKE-004,0,0,0.0,24
2026-07-08,outlet-2,CAKE-005,3,0,78.0,8
2026-07-08,outlet-2,CAKE-006,4,0,120.0,20
2026-07-08,outlet-2,CAKE-007,8,0,216.0,6
2026-07-08,outlet-2,CAKE-008,6,0,120.0,16
2026-07-08,outlet-2,CAKE-009,4,0,96.0,25
2026-07-08,outlet-2,CAKE-010,7,0,126.0,22
2026-07-08,outlet-3,CAKE-001,9,0,252.0,58
2026-07-08,outlet-3,CAKE-002,0,0,0.0,0
2026-07-08,outlet-3,CAKE-003,10,0,320.0,6
2026-07-08,outlet-3,CAKE-004,3,0,66.0,5
2026-07-08,outlet-3,CAKE-005,4,0,104.0,15
2026-07-08,outlet-3,CAKE-006,14,0,420.0,31
2026-07-08,outlet-3,CAKE-007,9,0,243.0,14
2026-07-08,outlet-3,CAKE-008,2,0,40.0,9
2026-07-08,outlet-3,CAKE-009,2,0,48.0,23
2026-07-08,outlet-3,CAKE-010,6,0,108.0,32
2026-07-08,outlet-4,CAKE-001,7,0,196.0,5
2026-07-08,outlet-4,CAKE-002,6,0,144.0,0
2026-07-08,outlet-4,CAKE-003,4,0,128.0,10
2026-07-08,outlet-4,CAKE-004,4,0,88.0,4
2026-07-08,outlet-4,CAKE-005,6,0,156.0,22
2026-07-08,outlet-4,CAKE-006,4,0,120.0,17
2026-07-08,outlet-4,CAKE-007,7,0,189.0,0
2026-07-08,outlet-4,CAKE-008,4,0,80.0,27
2026-07-08,outlet-4,CAKE-009,11,0,264.0,0
2026-07-08,outlet-4,CAKE-010,0,0,0.0,0
2026-07-08,outlet-5,CAKE-001,9,0,252.0,26
2026-07-08,outlet-5,CAKE-002,4,0,96.0,17
2026-07-08,outlet-5,CAKE-003,1,0,32.0,1
2026-07-08,outlet-5,CAKE-004,3,0,66.0,0
2026-07-08,outlet-5,CAKE-005,2,0,52.0,12
2026-07-08,outlet-5,CAKE-006,8,0,240.0,9
2026-07-08,outlet-5,CAKE-007,5,0,135.0,10
2026-07-08,outlet-5,CAKE-008,1,0,20.0,4
2026-07-08,outlet-5,CAKE-009,3,0,72.0,1
2026-07-08,outlet-5,CAKE-010,3,0,54.0,5
2026-07-09,outlet-1,CAKE-001,9,0,252.0,57
2026-07-09,outlet-1,CAKE-002,8,0,192.0,33
2026-07-09,outlet-1,CAKE-003,7,0,224.0,25
2026-07-09,outlet-1,CAKE-004,4,0,88.0,18
2026-07-09,outlet-1,CAKE-005,4,0,104.0,13
2026-07-09,outlet-1,CAKE-006,5,0,150.0,10
2026-07-09,outlet-1,CAKE-007,11,0,297.0,18
2026-07-09,outlet-1,CAKE-008,4,0,80.0,0
2026-07-09,outlet-1,CAKE-009,3,0,72.0,10
2026-07-09,outlet-1,CAKE-010,9,0,162.0,15
2026-07-09,outlet-2,CAKE-001,12,0,336.0,4
2026-07-09,outlet-2,CAKE-002,6,0,144.0,39
2026-07-09,outlet-2,CAKE-003,4,0,128.0,14
2026-07-09,outlet-2,CAKE-004,4,0,88.0,20
2026-07-09,outlet-2,CAKE-005,2,0,52.0,6
2026-07-09,outlet-2,CAKE-006,3,0,90.0,17
2026-07-09,outlet-2,CAKE-007,6,0,162.0,0
2026-07-09,outlet-2,CAKE-008,3,0,60.0,13
2026-07-09,outlet-2,CAKE-009,2,0,48.0,23
2026-07-09,outlet-2,CAKE-010,6,0,108.0,16
2026-07-09,outlet-3,CAKE-001,16,0,448.0,42
2026-07-09,outlet-3,CAKE-002,0,0,0.0,0
2026-07-09,outlet-3,CAKE-003,6,0,192.0,11
2026-07-09,outlet-3,CAKE-004,4,0,88.0,4
2026-07-09,outlet-3,CAKE-005,4,0,104.0,11
2026-07-09,outlet-3,CAKE-006,14,0,420.0,17
2026-07-09,outlet-3,CAKE-007,6,0,162.0,8
2026-07-09,outlet-3,CAKE-008,2,0,40.0,7
2026-07-09,outlet-3,CAKE-009,2,0,48.0,21
2026-07-09,outlet-3,CAKE-010,7,0,126.0,25
2026-07-09,outlet-4,CAKE-001,5,0,140.0,43
2026-07-09,outlet-4,CAKE-002,0,0,0.0,54
2026-07-09,outlet-4,CAKE-003,5,0,160.0,5
2026-07-09,outlet-4,CAKE-004,4,0,88.0,8
2026-07-09,outlet-4,CAKE-005,6,0,156.0,16
2026-07-09,outlet-4,CAKE-006,6,0,180.0,11
2026-07-09,outlet-4,CAKE-007,0,0,0.0,6
2026-07-09,outlet-4,CAKE-008,4,0,80.0,23
2026-07-09,outlet-4,CAKE-009,0,0,0.0,28
2026-07-09,outlet-4,CAKE-010,0,0,0.0,0
2026-07-09,outlet-5,CAKE-001,4,0,112.0,29
2026-07-09,outlet-5,CAKE-002,4,0,96.0,13
2026-07-09,outlet-5,CAKE-003,1,0,32.0,4
2026-07-09,outlet-5,CAKE-004,0,0,0.0,4
2026-07-09,outlet-5,CAKE-005,2,0,52.0,14
2026-07-09,outlet-5,CAKE-006,2,0,60.0,7
2026-07-09,outlet-5,CAKE-007,2,0,54.0,16
2026-07-09,outlet-5,CAKE-008,1,0,20.0,3
2026-07-09,outlet-5,CAKE-009,1,0,24.0,16
2026-07-09,outlet-5,CAKE-010,5,0,90.0,21
2026-07-10,outlet-1,CAKE-001,12,0,336.0,45
2026-07-10,outlet-1,CAKE-002,10,0,240.0,23
2026-07-10,outlet-1,CAKE-003,7,0,224.0,18
2026-07-10,outlet-1,CAKE-004,7,0,154.0,11
2026-07-10,outlet-1,CAKE-005,3,0,78.0,10
2026-07-10,outlet-1,CAKE-006,9,0,270.0,31
2026-07-10,outlet-1,CAKE-007,17,1,459.0,13
2026-07-10,outlet-1,CAKE-008,0,0,0.0,0
2026-07-10,outlet-1,CAKE-009,8,0,192.0,2
2026-07-10,outlet-1,CAKE-010,14,0,252.0,1
2026-07-10,outlet-2,CAKE-001,4,0,112.0,48
2026-07-10,outlet-2,CAKE-002,11,0,264.0,28
2026-07-10,outlet-2,CAKE-003,8,0,256.0,6
2026-07-10,outlet-2,CAKE-004,4,0,88.0,21
2026-07-10,outlet-2,CAKE-005,4,0,104.0,2
2026-07-10,outlet-2,CAKE-006,8,0,240.0,9
2026-07-10,outlet-2,CAKE-007,0,0,0.0,0
2026-07-10,outlet-2,CAKE-008,4,0,80.0,9
2026-07-10,outlet-2,CAKE-009,4,0,96.0,19
2026-07-10,outlet-2,CAKE-010,10,0,180.0,6
2026-07-10,outlet-3,CAKE-001,22,1,616.0,21
2026-07-10,outlet-3,CAKE-002,0,0,0.0,46
2026-07-10,outlet-3,CAKE-003,10,0,320.0,49
2026-07-10,outlet-3,CAKE-004,4,0,88.0,4
2026-07-10,outlet-3,CAKE-005,5,0,130.0,6
2026-07-10,outlet-3,CAKE-006,11,0,330.0,6
2026-07-10,outlet-3,CAKE-007,8,0,216.0,30
2026-07-10,outlet-3,CAKE-008,3,0,60.0,4
2026-07-10,outlet-3,CAKE-009,5,0,120.0,26
2026-07-10,outlet-3,CAKE-010,6,0,108.0,19
2026-07-10,outlet-4,CAKE-001,9,0,252.0,34
2026-07-10,outlet-4,CAKE-002,13,0,312.0,41
2026-07-10,outlet-4,CAKE-003,5,0,160.0,24
2026-07-10,outlet-4,CAKE-004,6,0,132.0,30
2026-07-10,outlet-4,CAKE-005,7,0,182.0,20
2026-07-10,outlet-4,CAKE-006,7,0,210.0,4
2026-07-10,outlet-4,CAKE-007,6,0,162.0,36
2026-07-10,outlet-4,CAKE-008,4,0,80.0,19
2026-07-10,outlet-4,CAKE-009,6,0,144.0,28
2026-07-10,outlet-4,CAKE-010,0,0,0.0,46
2026-07-10,outlet-5,CAKE-001,10,0,280.0,19
2026-07-10,outlet-5,CAKE-002,6,0,144.0,7
2026-07-10,outlet-5,CAKE-003,2,0,64.0,2
2026-07-10,outlet-5,CAKE-004,2,0,44.0,2
2026-07-10,outlet-5,CAKE-005,2,0,52.0,12
2026-07-10,outlet-5,CAKE-006,7,0,210.0,30
2026-07-10,outlet-5,CAKE-007,3,0,81.0,13
2026-07-10,outlet-5,CAKE-008,2,0,40.0,1
2026-07-10,outlet-5,CAKE-009,4,0,96.0,12
2026-07-10,outlet-5,CAKE-010,10,0,180.0,11
2026-07-11,outlet-1,CAKE-001,19,0,532.0,26
2026-07-11,outlet-1,CAKE-002,12,0,288.0,28
2026-07-11,outlet-1,CAKE-003,5,0,160.0,13
2026-07-11,outlet-1,CAKE-004,5,0,110.0,13
2026-07-11,outlet-1,CAKE-005,5,0,130.0,5
2026-07-11,outlet-1,CAKE-006,24,0,720.0,7
2026-07-11,outlet-1,CAKE-007,13,1,351.0,1
2026-07-11,outlet-1,CAKE-008,0,0,0.0,5
2026-07-11,outlet-1,CAKE-009,2,0,48.0,0
2026-07-11,outlet-1,CAKE-010,1,0,18.0,43
2026-07-11,outlet-2,CAKE-001,15,0,420.0,33
2026-07-11,outlet-2,CAKE-002,8,0,192.0,34
2026-07-11,outlet-2,CAKE-003,5,0,160.0,1
2026-07-11,outlet-2,CAKE-004,5,0,110.0,16
2026-07-11,outlet-2,CAKE-005,2,0,52.0,0
2026-07-11,outlet-2,CAKE-006,9,0,270.0,0
2026-07-11,outlet-2,CAKE-007,0,0,0.0,30
2026-07-11,outlet-2,CAKE-008,4,0,80.0,5
2026-07-11,outlet-2,CAKE-009,6,0,144.0,13
2026-07-11,outlet-2,CAKE-010,6,0,108.0,13
2026-07-11,outlet-3,CAKE-001,17,1,476.0,5
2026-07-11,outlet-3,CAKE-002,20,1,480.0,39
2026-07-11,outlet-3,CAKE-003,5,0,160.0,56
2026-07-11,outlet-3,CAKE-004,3,0,66.0,5
2026-07-11,outlet-3,CAKE-005,5,0,130.0,1
2026-07-11,outlet-3,CAKE-006,6,0,180.0,45
2026-07-11,outlet-3,CAKE-007,30,1,810.0,1
2026-07-11,outlet-3,CAKE-008,2,0,40.0,2
2026-07-11,outlet-3,CAKE-009,4,0,96.0,32
2026-07-11,outlet-3,CAKE-010,6,0,108.0,13
2026-07-11,outlet-4,CAKE-001,13,1,364.0,22
2026-07-11,outlet-4,CAKE-002,13,1,312.0,29
2026-07-11,outlet-4,CAKE-003,3,0,96.0,21
2026-07-11,outlet-4,CAKE-004,7,0,154.0,23
2026-07-11,outlet-4,CAKE-005,14,0,364.0,17
2026-07-11,outlet-4,CAKE-006,4,0,120.0,21
2026-07-11,outlet-4,CAKE-007,12,1,324.0,25
2026-07-11,outlet-4,CAKE-008,4,0,80.0,15
2026-07-11,outlet-4,CAKE-009,5,0,120.0,23
2026-07-11,outlet-4,CAKE-010,14,1,252.0,33
2026-07-11,outlet-5,CAKE-001,11,0,308.0,8
2026-07-11,outlet-5,CAKE-002,6,0,144.0,6
2026-07-11,outlet-5,CAKE-003,2,0,64.0,4
2026-07-11,outlet-5,CAKE-004,2,0,44.0,14
2026-07-11,outlet-5,CAKE-005,3,0,78.0,9
2026-07-11,outlet-5,CAKE-006,12,0,360.0,18
2026-07-11,outlet-5,CAKE-007,5,0,135.0,8
2026-07-11,outlet-5,CAKE-008,1,0,20.0,1
2026-07-11,outlet-5,CAKE-009,4,0,96.0,8
2026-07-11,outlet-5,CAKE-010,5,0,90.0,6
2026-07-12,outlet-1,CAKE-001,19,1,532.0,8
2026-07-12,outlet-1,CAKE-002,10,0,240.0,18
2026-07-12,outlet-1,CAKE-003,9,0,288.0,4
2026-07-12,outlet-1,CAKE-004,5,0,110.0,8
2026-07-12,outlet-1,CAKE-005,5,0,130.0,24
2026-07-12,outlet-1,CAKE-006,7,0,210.0,0
2026-07-12,outlet-1,CAKE-007,1,0,27.0,11
2026-07-12,outlet-1,CAKE-008,4,0,80.0,19
2026-07-12,outlet-1,CAKE-009,0,0,0.0,5
2026-07-12,outlet-1,CAKE-010,8,0,144.0,35
2026-07-12,outlet-2,CAKE-001,10,0,280.0,39
2026-07-12,outlet-2,CAKE-002,25,1,600.0,10
2026-07-12,outlet-2,CAKE-003,1,0,32.0,27
2026-07-12,outlet-2,CAKE-004,4,0,88.0,18
2026-07-12,outlet-2,CAKE-005,0,0,0.0,7
2026-07-12,outlet-2,CAKE-006,0,0,0.0,9
2026-07-12,outlet-2,CAKE-007,11,1,297.0,20
2026-07-12,outlet-2,CAKE-008,3,0,60.0,2
2026-07-12,outlet-2,CAKE-009,5,0,120.0,8
2026-07-12,outlet-2,CAKE-010,9,0,162.0,4
2026-07-12,outlet-3,CAKE-001,5,0,140.0,0
2026-07-12,outlet-3,CAKE-002,10,0,240.0,29
2026-07-12,outlet-3,CAKE-003,10,0,320.0,46
2026-07-12,outlet-3,CAKE-004,4,0,88.0,5
2026-07-12,outlet-3,CAKE-005,1,0,26.0,0
2026-07-12,outlet-3,CAKE-006,17,1,510.0,29
2026-07-12,outlet-3,CAKE-007,1,0,27.0,30
2026-07-12,outlet-3,CAKE-008,2,0,40.0,12
2026-07-12,outlet-3,CAKE-009,4,0,96.0,28
2026-07-12,outlet-3,CAKE-010,7,0,126.0,6
2026-07-12,outlet-4,CAKE-001,10,0,280.0,12
2026-07-12,outlet-4,CAKE-002,15,0,360.0,14
2026-07-12,outlet-4,CAKE-003,5,0,160.0,16
2026-07-12,outlet-4,CAKE-004,6,0,132.0,17
2026-07-12,outlet-4,CAKE-005,7,0,182.0,10
2026-07-12,outlet-4,CAKE-006,6,0,180.0,15
2026-07-12,outlet-4,CAKE-007,11,1,297.0,15
2026-07-12,outlet-4,CAKE-008,7,0,140.0,8
2026-07-12,outlet-4,CAKE-009,6,0,144.0,25
2026-07-12,outlet-4,CAKE-010,9,0,162.0,24
2026-07-12,outlet-5,CAKE-001,6,0,168.0,30
2026-07-12,outlet-5,CAKE-002,4,0,96.0,2
2026-07-12,outlet-5,CAKE-003,4,0,128.0,0
2026-07-12,outlet-5,CAKE-004,3,0,66.0,11
2026-07-12,outlet-5,CAKE-005,2,0,52.0,7
2026-07-12,outlet-5,CAKE-006,10,0,300.0,20
2026-07-12,outlet-5,CAKE-007,3,0,81.0,5
2026-07-12,outlet-5,CAKE-008,1,0,20.0,7
2026-07-12,outlet-5,CAKE-009,3,0,72.0,11
2026-07-12,outlet-5,CAKE-010,4,0,72.0,2
2026-07-13,outlet-1,CAKE-001,8,0,224.0,57
2026-07-13,outlet-1,CAKE-002,7,0,168.0,11
2026-07-13,outlet-1,CAKE-003,4,0,128.0,7
2026-07-13,outlet-1,CAKE-004,4,0,88.0,4
2026-07-13,outlet-1,CAKE-005,4,0,104.0,20
2026-07-13,outlet-1,CAKE-006,0,0,0.0,30
2026-07-13,outlet-1,CAKE-007,4,0,108.0,7
2026-07-13,outlet-1,CAKE-008,4,0,80.0,15
2026-07-13,outlet-1,CAKE-009,4,0,96.0,1
2026-07-13,outlet-1,CAKE-010,6,0,108.0,29
2026-07-13,outlet-2,CAKE-001,12,0,336.0,27
2026-07-13,outlet-2,CAKE-002,6,0,144.0,19
2026-07-13,outlet-2,CAKE-003,4,0,128.0,23
2026-07-13,outlet-2,CAKE-004,3,0,66.0,15
2026-07-13,outlet-2,CAKE-005,4,0,104.0,11
2026-07-13,outlet-2,CAKE-006,5,0,150.0,4
2026-07-13,outlet-2,CAKE-007,13,1,351.0,8
2026-07-13,outlet-2,CAKE-008,2,0,40.0,0
2026-07-13,outlet-2,CAKE-009,5,0,120.0,3
2026-07-13,outlet-2,CAKE-010,4,0,72.0,10
2026-07-13,outlet-3,CAKE-001,0,0,0.0,0
2026-07-13,outlet-3,CAKE-002,10,0,240.0,19
2026-07-13,outlet-3,CAKE-003,14,0,448.0,32
2026-07-13,outlet-3,CAKE-004,3,0,66.0,2
2026-07-13,outlet-3,CAKE-005,0,0,0.0,24
2026-07-13,outlet-3,CAKE-006,9,0,270.0,35
2026-07-13,outlet-3,CAKE-007,6,0,162.0,24
2026-07-13,outlet-3,CAKE-008,2,0,40.0,10
2026-07-13,outlet-3,CAKE-009,5,0,120.0,23
2026-07-13,outlet-3,CAKE-010,5,0,90.0,33
2026-07-13,outlet-4,CAKE-001,12,0,336.0,43
2026-07-13,outlet-4,CAKE-002,14,1,336.0,1
2026-07-13,outlet-4,CAKE-003,5,0,160.0,11
2026-07-13,outlet-4,CAKE-004,5,0,110.0,12
2026-07-13,outlet-4,CAKE-005,6,0,156.0,4
2026-07-13,outlet-4,CAKE-006,6,0,180.0,9
2026-07-13,outlet-4,CAKE-007,2,0,54.0,13
2026-07-13,outlet-4,CAKE-008,4,0,80.0,4
2026-07-13,outlet-4,CAKE-009,5,0,120.0,20
2026-07-13,outlet-4,CAKE-010,10,0,180.0,14
2026-07-13,outlet-5,CAKE-001,7,0,196.0,23
2026-07-13,outlet-5,CAKE-002,2,0,48.0,5
2026-07-13,outlet-5,CAKE-003,0,0,0.0,12
2026-07-13,outlet-5,CAKE-004,2,0,44.0,9
2026-07-13,outlet-5,CAKE-005,2,0,52.0,5
2026-07-13,outlet-5,CAKE-006,12,0,360.0,8
2026-07-13,outlet-5,CAKE-007,5,0,135.0,7
2026-07-13,outlet-5,CAKE-008,1,0,20.0,6
2026-07-13,outlet-5,CAKE-009,2,0,48.0,9
2026-07-13,outlet-5,CAKE-010,2,0,36.0,0
2026-07-14,outlet-1,CAKE-001,8,0,224.0,49
2026-07-14,outlet-1,CAKE-002,8,0,192.0,20
2026-07-14,outlet-1,CAKE-003,4,0,128.0,3
2026-07-14,outlet-1,CAKE-004,4,0,88.0,26
2026-07-14,outlet-1,CAKE-005,2,0,52.0,18
2026-07-14,outlet-1,CAKE-006,9,0,270.0,21
2026-07-14,outlet-1,CAKE-007,7,0,189.0,10
2026-07-14,outlet-1,CAKE-008,2,0,40.0,13
2026-07-14,outlet-1,CAKE-009,1,0,24.0,0
2026-07-14,outlet-1,CAKE-010,9,0,162.0,20
2026-07-14,outlet-2,CAKE-001,11,0,308.0,16
2026-07-14,outlet-2,CAKE-002,7,0,168.0,12
2026-07-14,outlet-2,CAKE-003,8,0,256.0,15
2026-07-14,outlet-2,CAKE-004,4,0,88.0,17
2026-07-14,outlet-2,CAKE-005,4,0,104.0,7
2026-07-14,outlet-2,CAKE-006,4,0,120.0,0
2026-07-14,outlet-2,CAKE-007,8,0,216.0,30
2026-07-14,outlet-2,CAKE-008,0,0,0.0,16
2026-07-14,outlet-2,CAKE-009,3,0,72.0,21
2026-07-14,outlet-2,CAKE-010,6,0,108.0,14
2026-07-14,outlet-3,CAKE-001,0,0,0.0,67
2026-07-14,outlet-3,CAKE-002,8,0,192.0,11
2026-07-14,outlet-3,CAKE-003,7,0,224.0,25
2026-07-14,outlet-3,CAKE-004,2,0,44.0,0
2026-07-14,outlet-3,CAKE-005,4,0,104.0,20
2026-07-14,outlet-3,CAKE-006,8,0,240.0,27
2026-07-14,outlet-3,CAKE-007,7,0,189.0,17
2026-07-14,outlet-3,CAKE-008,2,0,40.0,8
2026-07-14,outlet-3,CAKE-009,3,0,72.0,20
2026-07-14,outlet-3,CAKE-010,10,0,180.0,23
2026-07-14,outlet-4,CAKE-001,11,0,308.0,32
2026-07-14,outlet-4,CAKE-002,1,0,24.0,0
2026-07-14,outlet-4,CAKE-003,2,0,64.0,9
2026-07-14,outlet-4,CAKE-004,5,0,110.0,7
2026-07-14,outlet-4,CAKE-005,4,0,104.0,33
2026-07-14,outlet-4,CAKE-006,5,0,150.0,4
2026-07-14,outlet-4,CAKE-007,8,0,216.0,5
2026-07-14,outlet-4,CAKE-008,4,0,80.0,0
2026-07-14,outlet-4,CAKE-009,5,0,120.0,15
2026-07-14,outlet-4,CAKE-010,8,0,144.0,6
2026-07-14,outlet-5,CAKE-001,3,0,84.0,20
2026-07-14,outlet-5,CAKE-002,5,0,120.0,21
2026-07-14,outlet-5,CAKE-003,2,0,64.0,10
2026-07-14,outlet-5,CAKE-004,2,0,44.0,11
2026-07-14,outlet-5,CAKE-005,3,0,78.0,2
2026-07-14,outlet-5,CAKE-006,7,0,210.0,1
2026-07-14,outlet-5,CAKE-007,5,0,135.0,2
2026-07-14,outlet-5,CAKE-008,1,0,20.0,5
2026-07-14,outlet-5,CAKE-009,3,0,72.0,6
2026-07-14,outlet-5,CAKE-010,0,0,0.0,0
2026-07-15,outlet-1,CAKE-001,8,0,224.0,41
2026-07-15,outlet-1,CAKE-002,15,0,360.0,5
2026-07-15,outlet-1,CAKE-003,3,0,96.0,30
2026-07-15,outlet-1,CAKE-004,5,0,110.0,21
2026-07-15,outlet-1,CAKE-005,3,0,78.0,15
2026-07-15,outlet-1,CAKE-006,6,0,180.0,15
2026-07-15,outlet-1,CAKE-007,9,0,243.0,34
2026-07-15,outlet-1,CAKE-008,3,0,60.0,15
2026-07-15,outlet-1,CAKE-009,0,0,0.0,24
2026-07-15,outlet-1,CAKE-010,7,0,126.0,13
2026-07-15,outlet-2,CAKE-001,14,0,392.0,16
2026-07-15,outlet-2,CAKE-002,7,0,168.0,5
2026-07-15,outlet-2,CAKE-003,3,0,96.0,12
2026-07-15,outlet-2,CAKE-004,4,0,88.0,13
2026-07-15,outlet-2,CAKE-005,3,0,78.0,4
2026-07-15,outlet-2,CAKE-006,0,0,0.0,24
2026-07-15,outlet-2,CAKE-007,8,1,216.0,23
2026-07-15,outlet-2,CAKE-008,3,0,60.0,13
2026-07-15,outlet-2,CAKE-009,2,0,48.0,19
2026-07-15,outlet-2,CAKE-010,5,0,90.0,9
2026-07-15,outlet-3,CAKE-001,18,1,504.0,50
2026-07-15,outlet-3,CAKE-002,4,0,96.0,7
2026-07-15,outlet-3,CAKE-003,17,0,544.0,8
2026-07-15,outlet-3,CAKE-004,0,0,0.0,19
2026-07-15,outlet-3,CAKE-005,4,0,104.0,16
2026-07-15,outlet-3,CAKE-006,7,0,210.0,35
2026-07-15,outlet-3,CAKE-007,7,0,189.0,10
2026-07-15,outlet-3,CAKE-008,5,0,100.0,3
2026-07-15,outlet-3,CAKE-009,3,0,72.0,17
2026-07-15,outlet-3,CAKE-010,6,0,108.0,17
2026-07-15,outlet-4,CAKE-001,8,0,224.0,36
2026-07-15,outlet-4,CAKE-002,0,0,0.0,0
2026-07-15,outlet-4,CAKE-003,4,0,128.0,5
2026-07-15,outlet-4,CAKE-004,7,0,154.0,28
2026-07-15,outlet-4,CAKE-005,6,0,156.0,27
2026-07-15,outlet-4,CAKE-006,4,0,120.0,21
2026-07-15,outlet-4,CAKE-007,2,0,54.0,3
2026-07-15,outlet-4,CAKE-008,0,0,0.0,11
2026-07-15,outlet-4,CAKE-009,4,0,96.0,11
2026-07-15,outlet-4,CAKE-010,6,0,108.0,14
2026-07-15,outlet-5,CAKE-001,14,1,392.0,7
2026-07-15,outlet-5,CAKE-002,4,0,96.0,17
2026-07-15,outlet-5,CAKE-003,3,0,96.0,7
2026-07-15,outlet-5,CAKE-004,1,0,22.0,10
2026-07-15,outlet-5,CAKE-005,2,0,52.0,12
2026-07-15,outlet-5,CAKE-006,1,0,30.0,30
2026-07-15,outlet-5,CAKE-007,2,0,54.0,0
2026-07-15,outlet-5,CAKE-008,1,0,20.0,6
2026-07-15,outlet-5,CAKE-009,2,0,48.0,4
2026-07-15,outlet-5,CAKE-010,0,0,0.0,0
2026-07-16,outlet-1,CAKE-001,12,0,336.0,47
2026-07-16,outlet-1,CAKE-002,5,0,120.0,0
2026-07-16,outlet-1,CAKE-003,7,0,224.0,23
2026-07-16,outlet-1,CAKE-004,3,0,66.0,18
2026-07-16,outlet-1,CAKE-005,6,0,156.0,9
2026-07-16,outlet-1,CAKE-006,6,0,180.0,9
2026-07-16,outlet-1,CAKE-007,17,1,459.0,31
2026-07-16,outlet-1,CAKE-008,2,0,40.0,13
2026-07-16,outlet-1,CAKE-009,5,0,120.0,19
2026-07-16,outlet-1,CAKE-010,6,0,108.0,7
2026-07-16,outlet-2,CAKE-001,12,0,336.0,18
2026-07-16,outlet-2,CAKE-002,5,0,120.0,15
2026-07-16,outlet-2,CAKE-003,2,0,64.0,10
2026-07-16,outlet-2,CAKE-004,3,0,66.0,10
2026-07-16,outlet-2,CAKE-005,4,0,104.0,21
2026-07-16,outlet-2,CAKE-006,6,0,180.0,27
2026-07-16,outlet-2,CAKE-007,18,1,486.0,6
2026-07-16,outlet-2,CAKE-008,2,0,40.0,15
2026-07-16,outlet-2,CAKE-009,4,0,96.0,15
2026-07-16,outlet-2,CAKE-010,6,0,108.0,42
2026-07-16,outlet-3,CAKE-001,30,1,840.0,21
2026-07-16,outlet-3,CAKE-002,7,0,168.0,46
2026-07-16,outlet-3,CAKE-003,8,0,256.0,0
2026-07-16,outlet-3,CAKE-004,5,0,110.0,14
2026-07-16,outlet-3,CAKE-005,6,0,156.0,10
2026-07-16,outlet-3,CAKE-006,11,0,330.0,24
2026-07-16,outlet-3,CAKE-007,7,0,189.0,11
2026-07-16,outlet-3,CAKE-008,2,0,40.0,5
2026-07-16,outlet-3,CAKE-009,3,0,72.0,14
2026-07-16,outlet-3,CAKE-010,7,0,126.0,10
2026-07-16,outlet-4,CAKE-001,12,0,336.0,24
2026-07-16,outlet-4,CAKE-002,0,0,0.0,0
2026-07-16,outlet-4,CAKE-003,5,0,160.0,24
2026-07-16,outlet-4,CAKE-004,3,0,66.0,25
2026-07-16,outlet-4,CAKE-005,8,0,208.0,30
2026-07-16,outlet-4,CAKE-006,7,0,210.0,14
2026-07-16,outlet-4,CAKE-007,3,0,81.0,7
2026-07-16,outlet-4,CAKE-008,4,0,80.0,19
2026-07-16,outlet-4,CAKE-009,5,0,120.0,6
2026-07-16,outlet-4,CAKE-010,7,0,126.0,7
2026-07-16,outlet-5,CAKE-001,7,0,196.0,28
2026-07-16,outlet-5,CAKE-002,3,0,72.0,14
2026-07-16,outlet-5,CAKE-003,1,0,32.0,10
2026-07-16,outlet-5,CAKE-004,3,0,66.0,7
2026-07-16,outlet-5,CAKE-005,2,0,52.0,10
2026-07-16,outlet-5,CAKE-006,6,0,180.0,24
2026-07-16,outlet-5,CAKE-007,0,0,0.0,8
2026-07-16,outlet-5,CAKE-008,1,0,20.0,5
2026-07-16,outlet-5,CAKE-009,3,0,72.0,17
2026-07-16,outlet-5,CAKE-010,0,0,0.0,0
2026-07-17,outlet-1,CAKE-001,18,0,504.0,29
2026-07-17,outlet-1,CAKE-002,0,0,0.0,46
2026-07-17,outlet-1,CAKE-003,8,0,256.0,15
2026-07-17,outlet-1,CAKE-004,8,0,176.0,16
2026-07-17,outlet-1,CAKE-005,4,0,104.0,5
2026-07-17,outlet-1,CAKE-006,9,0,270.0,0
2026-07-17,outlet-1,CAKE-007,11,0,297.0,32
2026-07-17,outlet-1,CAKE-008,5,0,100.0,8
2026-07-17,outlet-1,CAKE-009,5,0,120.0,14
2026-07-17,outlet-1,CAKE-010,7,0,126.0,0
2026-07-17,outlet-2,CAKE-001,7,0,196.0,26
2026-07-17,outlet-2,CAKE-002,9,0,216.0,6
2026-07-17,outlet-2,CAKE-003,6,0,192.0,4
2026-07-17,outlet-2,CAKE-004,4,0,88.0,6
2026-07-17,outlet-2,CAKE-005,2,0,52.0,26
2026-07-17,outlet-2,CAKE-006,3,0,90.0,24
2026-07-17,outlet-2,CAKE-007,6,0,162.0,0
2026-07-17,outlet-2,CAKE-008,3,0,60.0,12
2026-07-17,outlet-2,CAKE-009,5,0,120.0,10
2026-07-17,outlet-2,CAKE-010,6,0,108.0,36
2026-07-17,outlet-3,CAKE-001,21,1,588.0,68
2026-07-17,outlet-3,CAKE-002,10,0,240.0,36
2026-07-17,outlet-3,CAKE-003,0,0,0.0,48
2026-07-17,outlet-3,CAKE-004,5,0,110.0,9
2026-07-17,outlet-3,CAKE-005,7,0,182.0,3
2026-07-17,outlet-3,CAKE-006,19,1,570.0,6
2026-07-17,outlet-3,CAKE-007,10,0,270.0,31
2026-07-17,outlet-3,CAKE-008,3,0,60.0,2
2026-07-17,outlet-3,CAKE-009,12,0,288.0,2
2026-07-17,outlet-3,CAKE-010,7,0,126.0,3
2026-07-17,outlet-4,CAKE-001,19,0,532.0,5
2026-07-17,outlet-4,CAKE-002,0,0,0.0,0
2026-07-17,outlet-4,CAKE-003,8,0,256.0,16
2026-07-17,outlet-4,CAKE-004,6,0,132.0,19
2026-07-17,outlet-4,CAKE-005,9,0,234.0,21
2026-07-17,outlet-4,CAKE-006,14,0,420.0,7
2026-07-17,outlet-4,CAKE-007,7,1,189.0,37
2026-07-17,outlet-4,CAKE-008,7,0,140.0,12
2026-07-17,outlet-4,CAKE-009,6,0,144.0,0
2026-07-17,outlet-4,CAKE-010,7,0,126.0,0
2026-07-17,outlet-5,CAKE-001,7,0,196.0,21
2026-07-17,outlet-5,CAKE-002,4,0,96.0,10
2026-07-17,outlet-5,CAKE-003,2,0,64.0,8
2026-07-17,outlet-5,CAKE-004,2,0,44.0,5
2026-07-17,outlet-5,CAKE-005,2,0,52.0,8
2026-07-17,outlet-5,CAKE-006,13,1,390.0,12
2026-07-17,outlet-5,CAKE-007,6,0,162.0,2
2026-07-17,outlet-5,CAKE-008,2,0,40.0,3
2026-07-17,outlet-5,CAKE-009,2,0,48.0,15
2026-07-17,outlet-5,CAKE-010,0,0,0.0,0
2026-07-18,outlet-1,CAKE-001,15,1,420.0,15
2026-07-18,outlet-1,CAKE-002,6,0,144.0,40
2026-07-18,outlet-1,CAKE-003,9,0,288.0,6
2026-07-18,outlet-1,CAKE-004,6,0,132.0,10
2026-07-18,outlet-1,CAKE-005,3,0,78.0,2
2026-07-18,outlet-1,CAKE-006,0,0,0.0,30
2026-07-18,outlet-1,CAKE-007,27,2,729.0,7
2026-07-18,outlet-1,CAKE-008,3,0,60.0,5
2026-07-18,outlet-1,CAKE-009,3,0,72.0,17
2026-07-18,outlet-1,CAKE-010,0,0,0.0,0
2026-07-18,outlet-2,CAKE-001,13,0,364.0,13
2026-07-18,outlet-2,CAKE-002,6,0,144.0,42
2026-07-18,outlet-2,CAKE-003,4,0,128.0,0
2026-07-18,outlet-2,CAKE-004,6,0,132.0,24
2026-07-18,outlet-2,CAKE-005,5,0,130.0,21
2026-07-18,outlet-2,CAKE-006,9,0,270.0,22
2026-07-18,outlet-2,CAKE-007,0,0,0.0,30
2026-07-18,outlet-2,CAKE-008,3,0,60.0,9
2026-07-18,outlet-2,CAKE-009,6,0,144.0,4
2026-07-18,outlet-2,CAKE-010,8,0,144.0,28
2026-07-18,outlet-3,CAKE-001,18,1,504.0,51
2026-07-18,outlet-3,CAKE-002,10,0,240.0,40
2026-07-18,outlet-3,CAKE-003,9,0,288.0,39
2026-07-18,outlet-3,CAKE-004,3,0,66.0,6
2026-07-18,outlet-3,CAKE-005,3,0,78.0,24
2026-07-18,outlet-3,CAKE-006,6,0,180.0,45
2026-07-18,outlet-3,CAKE-007,10,1,270.0,30
2026-07-18,outlet-3,CAKE-008,2,0,40.0,4
2026-07-18,outlet-3,CAKE-009,2,0,48.0,0
2026-07-18,outlet-3,CAKE-010,3,0,54.0,0
2026-07-18,outlet-4,CAKE-001,5,0,140.0,15
2026-07-18,outlet-4,CAKE-002,0,0,0.0,54
2026-07-18,outlet-4,CAKE-003,7,0,224.0,9
2026-07-18,outlet-4,CAKE-004,4,0,88.0,15
2026-07-18,outlet-4,CAKE-005,14,0,364.0,7
2026-07-18,outlet-4,CAKE-006,7,0,210.0,21
2026-07-18,outlet-4,CAKE-007,15,1,405.0,23
2026-07-18,outlet-4,CAKE-008,6,0,120.0,6
2026-07-18,outlet-4,CAKE-009,0,0,0.0,0
2026-07-18,outlet-4,CAKE-010,0,0,0.0,46
2026-07-18,outlet-5,CAKE-001,7,0,196.0,14
2026-07-18,outlet-5,CAKE-002,9,0,216.0,22
2026-07-18,outlet-5,CAKE-003,1,0,32.0,7
2026-07-18,outlet-5,CAKE-004,3,0,66.0,6
2026-07-18,outlet-5,CAKE-005,2,0,52.0,6
2026-07-18,outlet-5,CAKE-006,12,0,360.0,10
2026-07-18,outlet-5,CAKE-007,2,0,54.0,15
2026-07-18,outlet-5,CAKE-008,2,0,40.0,1
2026-07-18,outlet-5,CAKE-009,3,0,72.0,12
2026-07-18,outlet-5,CAKE-010,0,0,0.0,0
2026-07-19,outlet-1,CAKE-001,12,0,336.0,60
2026-07-19,outlet-1,CAKE-002,8,0,192.0,51
2026-07-19,outlet-1,CAKE-003,5,0,160.0,31
2026-07-19,outlet-1,CAKE-004,4,0,88.0,6
2026-07-19,outlet-1,CAKE-005,2,0,52.0,7
2026-07-19,outlet-1,CAKE-006,9,0,270.0,21
2026-07-19,outlet-1,CAKE-007,7,0,189.0,0
2026-07-19,outlet-1,CAKE-008,4,0,80.0,19
2026-07-19,outlet-1,CAKE-009,2,0,48.0,15
2026-07-19,outlet-1,CAKE-010,0,0,0.0,43
2026-07-19,outlet-2,CAKE-001,11,0,308.0,50
2026-07-19,outlet-2,CAKE-002,13,0,312.0,29
2026-07-19,outlet-2,CAKE-003,0,0,0.0,27
2026-07-19,outlet-2,CAKE-004,5,0,110.0,19
2026-07-19,outlet-2,CAKE-005,5,0,130.0,16
2026-07-19,outlet-2,CAKE-006,11,0,330.0,20
2026-07-19,outlet-2,CAKE-007,14,1,378.0,17
2026-07-19,outlet-2,CAKE-008,8,0,160.0,1
2026-07-19,outlet-2,CAKE-009,4,0,96.0,0
2026-07-19,outlet-2,CAKE-010,15,1,270.0,14
2026-07-19,outlet-3,CAKE-001,18,1,504.0,34
2026-07-19,outlet-3,CAKE-002,9,0,216.0,31
2026-07-19,outlet-3,CAKE-003,7,0,224.0,32
2026-07-19,outlet-3,CAKE-004,5,0,110.0,1
2026-07-19,outlet-3,CAKE-005,7,0,182.0,22
2026-07-19,outlet-3,CAKE-006,38,1,1140.0,8
2026-07-19,outlet-3,CAKE-007,20,1,540.0,11
2026-07-19,outlet-3,CAKE-008,2,0,40.0,2
2026-07-19,outlet-3,CAKE-009,0,0,0.0,0
2026-07-19,outlet-3,CAKE-010,0,0,0.0,32
2026-07-19,outlet-4,CAKE-001,12,0,336.0,46
2026-07-19,outlet-4,CAKE-002,19,1,456.0,36
2026-07-19,outlet-4,CAKE-003,4,0,128.0,17
2026-07-19,outlet-4,CAKE-004,7,0,154.0,8
2026-07-19,outlet-4,CAKE-005,5,0,130.0,35
2026-07-19,outlet-4,CAKE-006,3,0,90.0,18
2026-07-19,outlet-4,CAKE-007,16,1,432.0,8
2026-07-19,outlet-4,CAKE-008,6,0,120.0,0
2026-07-19,outlet-4,CAKE-009,0,0,0.0,0
2026-07-19,outlet-4,CAKE-010,13,0,234.0,49
2026-07-19,outlet-5,CAKE-001,7,0,196.0,7
2026-07-19,outlet-5,CAKE-002,5,0,120.0,17
2026-07-19,outlet-5,CAKE-003,2,0,64.0,5
2026-07-19,outlet-5,CAKE-004,2,0,44.0,8
2026-07-19,outlet-5,CAKE-005,3,0,78.0,3
2026-07-19,outlet-5,CAKE-006,7,0,210.0,3
2026-07-19,outlet-5,CAKE-007,4,0,108.0,11
2026-07-19,outlet-5,CAKE-008,1,0,20.0,7
2026-07-19,outlet-5,CAKE-009,4,0,96.0,8
2026-07-19,outlet-5,CAKE-010,0,0,0.0,4
2026-07-20,outlet-1,CAKE-001,9,0,252.0,51
2026-07-20,outlet-1,CAKE-002,8,0,192.0,43
2026-07-20,outlet-1,CAKE-003,7,0,224.0,24
2026-07-20,outlet-1,CAKE-004,3,0,66.0,3
2026-07-20,outlet-1,CAKE-005,2,0,52.0,5
2026-07-20,outlet-1,CAKE-006,9,0,270.0,34
2026-07-20,outlet-1,CAKE-007,0,0,0.0,0
2026-07-20,outlet-1,CAKE-008,3,0,60.0,16
2026-07-20,outlet-1,CAKE-009,4,0,96.0,11
2026-07-20,outlet-1,CAKE-010,6,0,108.0,37
2026-07-20,outlet-2,CAKE-001,9,0,252.0,57
2026-07-20,outlet-2,CAKE-002,7,0,168.0,35
2026-07-20,outlet-2,CAKE-003,3,0,96.0,24
2026-07-20,outlet-2,CAKE-004,5,0,110.0,14
2026-07-20,outlet-2,CAKE-005,3,0,78.0,13
2026-07-20,outlet-2,CAKE-006,6,0,180.0,14
2026-07-20,outlet-2,CAKE-007,5,0,135.0,12
2026-07-20,outlet-2,CAKE-008,1,0,20.0,16
2026-07-20,outlet-2,CAKE-009,0,0,0.0,7
2026-07-20,outlet-2,CAKE-010,8,0,144.0,6
2026-07-20,outlet-3,CAKE-001,15,0,420.0,19
2026-07-20,outlet-3,CAKE-002,8,0,192.0,23
2026-07-20,outlet-3,CAKE-003,6,0,192.0,26
2026-07-20,outlet-3,CAKE-004,1,0,22.0,19
2026-07-20,outlet-3,CAKE-005,4,0,104.0,18
2026-07-20,outlet-3,CAKE-006,8,0,240.0,45
2026-07-20,outlet-3,CAKE-007,8,0,216.0,3
2026-07-20,outlet-3,CAKE-008,2,0,40.0,12
2026-07-20,outlet-3,CAKE-009,0,0,0.0,0
2026-07-20,outlet-3,CAKE-010,7,0,126.0,37
2026-07-20,outlet-4,CAKE-001,7,0,196.0,39
2026-07-20,outlet-4,CAKE-002,11,0,264.0,25
2026-07-20,outlet-4,CAKE-003,3,0,96.0,14
2026-07-20,outlet-4,CAKE-004,5,0,110.0,3
2026-07-20,outlet-4,CAKE-005,8,0,208.0,39
2026-07-20,outlet-4,CAKE-006,7,0,210.0,19
2026-07-20,outlet-4,CAKE-007,7,0,189.0,1
2026-07-20,outlet-4,CAKE-008,0,0,0.0,27
2026-07-20,outlet-4,CAKE-009,0,0,0.0,0
2026-07-20,outlet-4,CAKE-010,7,0,126.0,42
2026-07-20,outlet-5,CAKE-001,3,0,84.0,4
2026-07-20,outlet-5,CAKE-002,8,0,192.0,14
2026-07-20,outlet-5,CAKE-003,1,0,32.0,4
2026-07-20,outlet-5,CAKE-004,4,0,88.0,7
2026-07-20,outlet-5,CAKE-005,2,0,52.0,1
2026-07-20,outlet-5,CAKE-006,3,0,90.0,30
2026-07-20,outlet-5,CAKE-007,4,0,108.0,7
2026-07-20,outlet-5,CAKE-008,1,0,20.0,6
2026-07-20,outlet-5,CAKE-009,2,0,48.0,6
2026-07-20,outlet-5,CAKE-010,4,0,72.0,21
2026-07-21,outlet-1,CAKE-001,13,0,364.0,38
2026-07-21,outlet-1,CAKE-002,10,0,240.0,33
2026-07-21,outlet-1,CAKE-003,4,0,128.0,20
2026-07-21,outlet-1,CAKE-004,3,0,66.0,26
2026-07-21,outlet-1,CAKE-005,3,0,78.0,2
2026-07-21,outlet-1,CAKE-006,9,0,270.0,25
2026-07-21,outlet-1,CAKE-007,0,0,0.0,33
2026-07-21,outlet-1,CAKE-008,4,0,80.0,17
2026-07-21,outlet-1,CAKE-009,4,0,96.0,7
2026-07-21,outlet-1,CAKE-010,6,0,108.0,31
2026-07-21,outlet-2,CAKE-001,6,0,168.0,66
2026-07-21,outlet-2,CAKE-002,8,0,192.0,27
2026-07-21,outlet-2,CAKE-003,3,0,96.0,21
2026-07-21,outlet-2,CAKE-004,5,0,110.0,9
2026-07-21,outlet-2,CAKE-005,3,0,78.0,10
2026-07-21,outlet-2,CAKE-006,9,0,270.0,5
2026-07-21,outlet-2,CAKE-007,3,0,81.0,9
2026-07-21,outlet-2,CAKE-008,3,0,60.0,13
2026-07-21,outlet-2,CAKE-009,5,0,120.0,2
2026-07-21,outlet-2,CAKE-010,6,0,108.0,0
2026-07-21,outlet-3,CAKE-001,19,0,532.0,67
2026-07-21,outlet-3,CAKE-002,6,0,144.0,32
2026-07-21,outlet-3,CAKE-003,10,0,320.0,16
2026-07-21,outlet-3,CAKE-004,3,0,66.0,16
2026-07-21,outlet-3,CAKE-005,5,0,130.0,13
2026-07-21,outlet-3,CAKE-006,9,0,270.0,36
2026-07-21,outlet-3,CAKE-007,3,0,81.0,30
2026-07-21,outlet-3,CAKE-008,2,0,40.0,14
2026-07-21,outlet-3,CAKE-009,0,0,0.0,0
2026-07-21,outlet-3,CAKE-010,5,0,90.0,32
2026-07-21,outlet-4,CAKE-001,9,0,252.0,30
2026-07-21,outlet-4,CAKE-002,10,0,240.0,33
2026-07-21,outlet-4,CAKE-003,4,0,128.0,23
2026-07-21,outlet-4,CAKE-004,3,0,66.0,0
2026-07-21,outlet-4,CAKE-005,3,0,78.0,36
2026-07-21,outlet-4,CAKE-006,4,0,120.0,23
2026-07-21,outlet-4,CAKE-007,1,0,27.0,36
2026-07-21,outlet-4,CAKE-008,5,0,100.0,22
2026-07-21,outlet-4,CAKE-009,0,0,0.0,28
2026-07-21,outlet-4,CAKE-010,7,0,126.0,35
2026-07-21,outlet-5,CAKE-001,4,0,112.0,8
2026-07-21,outlet-5,CAKE-002,4,0,96.0,10
2026-07-21,outlet-5,CAKE-003,3,0,96.0,1
2026-07-21,outlet-5,CAKE-004,2,0,44.0,5
2026-07-21,outlet-5,CAKE-005,1,0,26.0,0
2026-07-21,outlet-5,CAKE-006,8,0,240.0,22
2026-07-21,outlet-5,CAKE-007,6,1,162.0,2
2026-07-21,outlet-5,CAKE-008,1,0,20.0,5
2026-07-21,outlet-5,CAKE-009,3,0,72.0,3
2026-07-21,outlet-5,CAKE-010,2,0,36.0,19
2026-07-22,outlet-1,CAKE-001,11,0,308.0,27
2026-07-22,outlet-1,CAKE-002,6,0,144.0,27
2026-07-22,outlet-1,CAKE-003,4,0,128.0,16
2026-07-22,outlet-1,CAKE-004,4,0,88.0,28
2026-07-22,outlet-1,CAKE-005,2,0,52.0,24
2026-07-22,outlet-1,CAKE-006,8,0,240.0,37
2026-07-22,outlet-1,CAKE-007,8,0,216.0,25
2026-07-22,outlet-1,CAKE-008,3,0,60.0,18
2026-07-22,outlet-1,CAKE-009,4,0,96.0,3
2026-07-22,outlet-1,CAKE-010,8,0,144.0,23
2026-07-22,outlet-2,CAKE-001,6,0,168.0,60
2026-07-22,outlet-2,CAKE-002,8,0,192.0,19
2026-07-22,outlet-2,CAKE-003,6,0,192.0,23
2026-07-22,outlet-2,CAKE-004,4,0,88.0,11
2026-07-22,outlet-2,CAKE-005,3,0,78.0,7
2026-07-22,outlet-2,CAKE-006,5,0,150.0,24
2026-07-22,outlet-2,CAKE-007,2,0,54.0,7
2026-07-22,outlet-2,CAKE-008,3,0,60.0,10
2026-07-22,outlet-2,CAKE-009,2,0,48.0,0
2026-07-22,outlet-2,CAKE-010,0,0,0.0,0
2026-07-22,outlet-3,CAKE-001,16,0,448.0,51
2026-07-22,outlet-3,CAKE-002,10,0,240.0,22
2026-07-22,outlet-3,CAKE-003,8,0,256.0,8
2026-07-22,outlet-3,CAKE-004,3,0,66.0,17
2026-07-22,outlet-3,CAKE-005,3,0,78.0,15
2026-07-22,outlet-3,CAKE-006,8,0,240.0,28
2026-07-22,outlet-3,CAKE-007,8,1,216.0,23
2026-07-22,outlet-3,CAKE-008,1,0,20.0,13
2026-07-22,outlet-3,CAKE-009,0,0,0.0,21
2026-07-22,outlet-3,CAKE-010,6,0,108.0,26
2026-07-22,outlet-4,CAKE-001,8,0,224.0,22
2026-07-22,outlet-4,CAKE-002,12,0,288.0,21
2026-07-22,outlet-4,CAKE-003,3,0,96.0,20
2026-07-22,outlet-4,CAKE-004,0,0,0.0,0
2026-07-22,outlet-4,CAKE-005,5,0,130.0,31
2026-07-22,outlet-4,CAKE-006,5,0,150.0,18
2026-07-22,outlet-4,CAKE-007,7,1,189.0,30
2026-07-22,outlet-4,CAKE-008,2,0,40.0,20
2026-07-22,outlet-4,CAKE-009,5,0,120.0,23
2026-07-22,outlet-4,CAKE-010,10,0,180.0,25
2026-07-22,outlet-5,CAKE-001,4,0,112.0,4
2026-07-22,outlet-5,CAKE-002,3,0,72.0,7
2026-07-22,outlet-5,CAKE-003,1,0,32.0,12
2026-07-22,outlet-5,CAKE-004,3,0,66.0,6
2026-07-22,outlet-5,CAKE-005,0,0,0.0,12
2026-07-22,outlet-5,CAKE-006,5,0,150.0,17
2026-07-22,outlet-5,CAKE-007,2,0,54.0,8
2026-07-22,outlet-5,CAKE-008,1,0,20.0,6
2026-07-22,outlet-5,CAKE-009,3,0,72.0,16
2026-07-22,outlet-5,CAKE-010,4,0,72.0,15
2026-07-23,outlet-1,CAKE-001,12,1,336.0,16
2026-07-23,outlet-1,CAKE-002,5,0,120.0,22
2026-07-23,outlet-1,CAKE-003,8,0,256.0,8
2026-07-23,outlet-1,CAKE-004,3,0,66.0,25
2026-07-23,outlet-1,CAKE-005,8,0,208.0,25
2026-07-23,outlet-1,CAKE-006,5,0,150.0,32
2026-07-23,outlet-1,CAKE-007,9,0,243.0,16
2026-07-23,outlet-1,CAKE-008,2,0,40.0,16
2026-07-23,outlet-1,CAKE-009,2,0,48.0,1
2026-07-23,outlet-1,CAKE-010,8,0,144.0,15
2026-07-23,outlet-2,CAKE-001,12,0,336.0,48
2026-07-23,outlet-2,CAKE-002,9,0,216.0,10
2026-07-23,outlet-2,CAKE-003,5,0,160.0,18
2026-07-23,outlet-2,CAKE-004,5,0,110.0,6
2026-07-23,outlet-2,CAKE-005,4,0,104.0,3
2026-07-23,outlet-2,CAKE-006,6,0,180.0,18
2026-07-23,outlet-2,CAKE-007,7,1,189.0,31
2026-07-23,outlet-2,CAKE-008,3,0,60.0,7
2026-07-23,outlet-2,CAKE-009,0,0,0.0,21
2026-07-23,outlet-2,CAKE-010,0,0,0.0,0
2026-07-23,outlet-3,CAKE-001,5,0,140.0,46
2026-07-23,outlet-3,CAKE-002,7,0,168.0,30
2026-07-23,outlet-3,CAKE-003,8,0,256.0,0
2026-07-23,outlet-3,CAKE-004,3,0,66.0,18
2026-07-23,outlet-3,CAKE-005,5,0,130.0,10
2026-07-23,outlet-3,CAKE-006,11,0,330.0,17
2026-07-23,outlet-3,CAKE-007,13,1,351.0,19
2026-07-23,outlet-3,CAKE-008,2,0,40.0,11
2026-07-23,outlet-3,CAKE-009,4,0,96.0,17
2026-07-23,outlet-3,CAKE-010,6,0,108.0,20
2026-07-23,outlet-4,CAKE-001,10,0,280.0,12
2026-07-23,outlet-4,CAKE-002,10,0,240.0,11
2026-07-23,outlet-4,CAKE-003,4,0,128.0,16
2026-07-23,outlet-4,CAKE-004,0,0,0.0,28
2026-07-23,outlet-4,CAKE-005,7,0,182.0,24
2026-07-23,outlet-4,CAKE-006,5,0,150.0,13
2026-07-23,outlet-4,CAKE-007,12,0,324.0,18
2026-07-23,outlet-4,CAKE-008,5,0,100.0,15
2026-07-23,outlet-4,CAKE-009,4,0,96.0,19
2026-07-23,outlet-4,CAKE-010,11,0,198.0,14
2026-07-23,outlet-5,CAKE-001,4,0,112.0,0
2026-07-23,outlet-5,CAKE-002,3,0,72.0,8
2026-07-23,outlet-5,CAKE-003,2,0,64.0,10
2026-07-23,outlet-5,CAKE-004,2,0,44.0,4
2026-07-23,outlet-5,CAKE-005,1,0,26.0,11
2026-07-23,outlet-5,CAKE-006,6,0,180.0,11
2026-07-23,outlet-5,CAKE-007,6,0,162.0,2
2026-07-23,outlet-5,CAKE-008,1,0,20.0,6
2026-07-23,outlet-5,CAKE-009,3,0,72.0,13
2026-07-23,outlet-5,CAKE-010,4,0,72.0,11
2026-07-24,outlet-1,CAKE-001,11,0,308.0,5
2026-07-24,outlet-1,CAKE-002,12,0,288.0,10
2026-07-24,outlet-1,CAKE-003,8,0,256.0,7
2026-07-24,outlet-1,CAKE-004,7,0,154.0,18
2026-07-24,outlet-1,CAKE-005,6,0,156.0,26
2026-07-24,outlet-1,CAKE-006,13,0,390.0,19
2026-07-24,outlet-1,CAKE-007,13,1,351.0,4
2026-07-24,outlet-1,CAKE-008,8,0,160.0,8
2026-07-24,outlet-1,CAKE-009,1,0,24.0,0
2026-07-24,outlet-1,CAKE-010,6,0,108.0,19
2026-07-24,outlet-2,CAKE-001,11,0,308.0,50
2026-07-24,outlet-2,CAKE-002,7,0,168.0,3
2026-07-24,outlet-2,CAKE-003,6,0,192.0,20
2026-07-24,outlet-2,CAKE-004,6,0,132.0,0
2026-07-24,outlet-2,CAKE-005,3,0,78.0,21
2026-07-24,outlet-2,CAKE-006,6,0,180.0,12
2026-07-24,outlet-2,CAKE-007,22,2,594.0,11
2026-07-24,outlet-2,CAKE-008,7,0,140.0,16
2026-07-24,outlet-2,CAKE-009,4,0,96.0,24
2026-07-24,outlet-2,CAKE-010,0,0,0.0,39
2026-07-24,outlet-3,CAKE-001,15,0,420.0,31
2026-07-24,outlet-3,CAKE-002,10,0,240.0,20
2026-07-24,outlet-3,CAKE-003,0,0,0.0,0
2026-07-24,outlet-3,CAKE-004,3,0,66.0,19
2026-07-24,outlet-3,CAKE-005,3,0,78.0,7
2026-07-24,outlet-3,CAKE-006,9,0,270.0,8
2026-07-24,outlet-3,CAKE-007,13,1,351.0,7
2026-07-24,outlet-3,CAKE-008,2,0,40.0,9
2026-07-24,outlet-3,CAKE-009,4,0,96.0,13
2026-07-24,outlet-3,CAKE-010,7,0,126.0,24
2026-07-24,outlet-4,CAKE-001,10,0,280.0,15
2026-07-24,outlet-4,CAKE-002,11,0,264.0,54
2026-07-24,outlet-4,CAKE-003,4,0,128.0,12
2026-07-24,outlet-4,CAKE-004,5,0,110.0,23
2026-07-24,outlet-4,CAKE-005,5,0,130.0,19
2026-07-24,outlet-4,CAKE-006,10,0,300.0,3
2026-07-24,outlet-4,CAKE-007,17,1,459.0,38
2026-07-24,outlet-4,CAKE-008,4,0,80.0,11
2026-07-24,outlet-4,CAKE-009,7,0,168.0,12
2026-07-24,outlet-4,CAKE-010,11,0,198.0,49
2026-07-24,outlet-5,CAKE-001,0,0,0.0,28
2026-07-24,outlet-5,CAKE-002,4,0,96.0,4
2026-07-24,outlet-5,CAKE-003,2,0,64.0,12
2026-07-24,outlet-5,CAKE-004,2,0,44.0,2
2026-07-24,outlet-5,CAKE-005,1,0,26.0,10
2026-07-24,outlet-5,CAKE-006,11,0,330.0,30
2026-07-24,outlet-5,CAKE-007,2,0,54.0,8
2026-07-24,outlet-5,CAKE-008,1,0,20.0,5
2026-07-24,outlet-5,CAKE-009,3,0,72.0,10
2026-07-24,outlet-5,CAKE-010,11,0,198.0,21
2026-07-25,outlet-1,CAKE-001,5,0,140.0,17
2026-07-25,outlet-1,CAKE-002,10,0,240.0,46
2026-07-25,outlet-1,CAKE-003,7,0,224.0,0
2026-07-25,outlet-1,CAKE-004,7,0,154.0,11
2026-07-25,outlet-1,CAKE-005,4,0,104.0,22
2026-07-25,outlet-1,CAKE-006,6,0,180.0,13
2026-07-25,outlet-1,CAKE-007,4,0,108.0,0
2026-07-25,outlet-1,CAKE-008,4,0,80.0,4
2026-07-25,outlet-1,CAKE-009,0,0,0.0,0
2026-07-25,outlet-1,CAKE-010,10,0,180.0,9
2026-07-25,outlet-2,CAKE-001,12,0,336.0,38
2026-07-25,outlet-2,CAKE-002,3,0,72.0,0
2026-07-25,outlet-2,CAKE-003,7,0,224.0,23
2026-07-25,outlet-2,CAKE-004,0,0,0.0,24
2026-07-25,outlet-2,CAKE-005,5,0,130.0,16
2026-07-25,outlet-2,CAKE-006,8,0,240.0,11
2026-07-25,outlet-2,CAKE-007,1,0,27.0,10
2026-07-25,outlet-2,CAKE-008,4,0,80.0,16
2026-07-25,outlet-2,CAKE-009,6,0,144.0,18
2026-07-25,outlet-2,CAKE-010,17,0,306.0,22
2026-07-25,outlet-3,CAKE-001,14,1,392.0,18
2026-07-25,outlet-3,CAKE-002,11,0,264.0,9
2026-07-25,outlet-3,CAKE-003,0,0,0.0,14
2026-07-25,outlet-3,CAKE-004,4,0,88.0,15
2026-07-25,outlet-3,CAKE-005,4,0,104.0,3
2026-07-25,outlet-3,CAKE-006,8,0,240.0,12
2026-07-25,outlet-3,CAKE-007,7,0,189.0,0
2026-07-25,outlet-3,CAKE-008,3,0,60.0,10
2026-07-25,outlet-3,CAKE-009,3,0,72.0,10
2026-07-25,outlet-3,CAKE-010,6,0,108.0,18
2026-07-25,outlet-4,CAKE-001,12,0,336.0,46
2026-07-25,outlet-4,CAKE-002,12,0,288.0,42
2026-07-25,outlet-4,CAKE-003,5,0,160.0,7
2026-07-25,outlet-4,CAKE-004,6,0,132.0,17
2026-07-25,outlet-4,CAKE-005,18,0,468.0,34
2026-07-25,outlet-4,CAKE-006,3,0,90.0,21
2026-07-25,outlet-4,CAKE-007,11,1,297.0,28
2026-07-25,outlet-4,CAKE-008,6,0,120.0,5
2026-07-25,outlet-4,CAKE-009,4,0,96.0,8
2026-07-25,outlet-4,CAKE-010,9,0,162.0,55
2026-07-25,outlet-5,CAKE-001,10,0,280.0,18
2026-07-25,outlet-5,CAKE-002,4,0,96.0,0
2026-07-25,outlet-5,CAKE-003,8,0,256.0,4
2026-07-25,outlet-5,CAKE-004,2,0,44.0,0
2026-07-25,outlet-5,CAKE-005,3,0,78.0,7
2026-07-25,outlet-5,CAKE-006,7,0,210.0,23
2026-07-25,outlet-5,CAKE-007,5,0,135.0,3
2026-07-25,outlet-5,CAKE-008,1,0,20.0,4
2026-07-25,outlet-5,CAKE-009,2,0,48.0,8
2026-07-25,outlet-5,CAKE-010,5,0,90.0,21
2026-07-26,outlet-1,CAKE-001,15,1,420.0,21
2026-07-26,outlet-1,CAKE-002,9,0,216.0,37
2026-07-26,outlet-1,CAKE-003,0,0,0.0,30
2026-07-26,outlet-1,CAKE-004,6,0,132.0,5
2026-07-26,outlet-1,CAKE-005,4,0,104.0,18
2026-07-26,outlet-1,CAKE-006,13,0,390.0,0
2026-07-26,outlet-1,CAKE-007,0,0,0.0,33
2026-07-26,outlet-1,CAKE-008,3,0,60.0,1
2026-07-26,outlet-1,CAKE-009,0,0,0.0,24
2026-07-26,outlet-1,CAKE-010,8,0,144.0,44
2026-07-26,outlet-2,CAKE-001,14,0,392.0,24
2026-07-26,outlet-2,CAKE-002,0,0,0.0,42
2026-07-26,outlet-2,CAKE-003,8,0,256.0,15
2026-07-26,outlet-2,CAKE-004,3,0,66.0,26
2026-07-26,outlet-2,CAKE-005,3,0,78.0,21
2026-07-26,outlet-2,CAKE-006,8,0,240.0,3
2026-07-26,outlet-2,CAKE-007,5,0,135.0,5
2026-07-26,outlet-2,CAKE-008,3,0,60.0,13
2026-07-26,outlet-2,CAKE-009,3,0,72.0,15
2026-07-26,outlet-2,CAKE-010,6,0,108.0,16
2026-07-26,outlet-3,CAKE-001,17,0,476.0,68
2026-07-26,outlet-3,CAKE-002,9,0,216.0,0
2026-07-26,outlet-3,CAKE-003,10,0,320.0,4
2026-07-26,outlet-3,CAKE-004,10,0,220.0,5
2026-07-26,outlet-3,CAKE-005,2,0,52.0,25
2026-07-26,outlet-3,CAKE-006,12,1,360.0,1
2026-07-26,outlet-3,CAKE-007,0,0,0.0,30
2026-07-26,outlet-3,CAKE-008,2,0,40.0,8
2026-07-26,outlet-3,CAKE-009,4,0,96.0,18
2026-07-26,outlet-3,CAKE-010,8,0,144.0,10
2026-07-26,outlet-4,CAKE-001,9,0,252.0,37
2026-07-26,outlet-4,CAKE-002,11,0,264.0,31
2026-07-26,outlet-4,CAKE-003,5,0,160.0,2
2026-07-26,outlet-4,CAKE-004,5,0,110.0,12
2026-07-26,outlet-4,CAKE-005,11,0,286.0,23
2026-07-26,outlet-4,CAKE-006,8,0,240.0,21
2026-07-26,outlet-4,CAKE-007,27,1,729.0,38
2026-07-26,outlet-4,CAKE-008,5,0,100.0,27
2026-07-26,outlet-4,CAKE-009,7,0,168.0,29
2026-07-26,outlet-4,CAKE-010,16,0,288.0,39
2026-07-26,outlet-5,CAKE-001,6,0,168.0,12
2026-07-26,outlet-5,CAKE-002,0,0,0.0,21
2026-07-26,outlet-5,CAKE-003,0,0,0.0,4
2026-07-26,outlet-5,CAKE-004,0,0,0.0,14
2026-07-26,outlet-5,CAKE-005,3,0,78.0,4
2026-07-26,outlet-5,CAKE-006,13,0,390.0,10
2026-07-26,outlet-5,CAKE-007,3,0,81.0,8
2026-07-26,outlet-5,CAKE-008,1,0,20.0,3
2026-07-26,outlet-5,CAKE-009,4,0,96.0,10
2026-07-26,outlet-5,CAKE-010,6,0,108.0,15
2026-07-27,outlet-1,CAKE-001,11,0,308.0,27
2026-07-27,outlet-1,CAKE-002,8,0,192.0,29
2026-07-27,outlet-1,CAKE-003,10,0,320.0,20
2026-07-27,outlet-1,CAKE-004,5,0,110.0,0
2026-07-27,outlet-1,CAKE-005,3,0,78.0,15
2026-07-27,outlet-1,CAKE-006,0,0,0.0,0
2026-07-27,outlet-1,CAKE-007,5,0,135.0,28
2026-07-27,outlet-1,CAKE-008,1,0,20.0,18
2026-07-27,outlet-1,CAKE-009,4,0,96.0,20
2026-07-27,outlet-1,CAKE-010,7,0,126.0,37
2026-07-27,outlet-2,CAKE-001,11,0,308.0,13
2026-07-27,outlet-2,CAKE-002,8,0,192.0,34
2026-07-27,outlet-2,CAKE-003,3,0,96.0,12
2026-07-27,outlet-2,CAKE-004,3,0,66.0,23
2026-07-27,outlet-2,CAKE-005,4,0,104.0,17
2026-07-27,outlet-2,CAKE-006,3,0,90.0,24
2026-07-27,outlet-2,CAKE-007,5,0,135.0,0
2026-07-27,outlet-2,CAKE-008,3,0,60.0,10
2026-07-27,outlet-2,CAKE-009,3,0,72.0,12
2026-07-27,outlet-2,CAKE-010,7,0,126.0,9
2026-07-27,outlet-3,CAKE-001,12,1,336.0,57
2026-07-27,outlet-3,CAKE-002,0,0,0.0,46
2026-07-27,outlet-3,CAKE-003,4,0,128.0,0
2026-07-27,outlet-3,CAKE-004,3,0,66.0,2
2026-07-27,outlet-3,CAKE-005,4,0,104.0,21
2026-07-27,outlet-3,CAKE-006,1,0,30.0,45
2026-07-27,outlet-3,CAKE-007,10,0,270.0,28
2026-07-27,outlet-3,CAKE-008,2,0,40.0,6
2026-07-27,outlet-3,CAKE-009,3,0,72.0,15
2026-07-27,outlet-3,CAKE-010,6,0,108.0,4
2026-07-27,outlet-4,CAKE-001,8,0,224.0,29
2026-07-27,outlet-4,CAKE-002,9,0,216.0,22
2026-07-27,outlet-4,CAKE-003,2,0,64.0,0
2026-07-27,outlet-4,CAKE-004,5,0,110.0,7
2026-07-27,outlet-4,CAKE-005,6,0,156.0,17
2026-07-27,outlet-4,CAKE-006,7,0,210.0,14
2026-07-27,outlet-4,CAKE-007,13,1,351.0,26
2026-07-27,outlet-4,CAKE-008,3,0,60.0,24
2026-07-27,outlet-4,CAKE-009,12,0,288.0,17
2026-07-27,outlet-4,CAKE-010,5,0,90.0,34
2026-07-27,outlet-5,CAKE-001,5,0,140.0,7
2026-07-27,outlet-5,CAKE-002,4,0,96.0,21
2026-07-27,outlet-5,CAKE-003,1,0,32.0,3
2026-07-27,outlet-5,CAKE-004,3,0,66.0,11
2026-07-27,outlet-5,CAKE-005,2,0,52.0,2
2026-07-27,outlet-5,CAKE-006,6,0,180.0,4
2026-07-27,outlet-5,CAKE-007,3,0,81.0,13
2026-07-27,outlet-5,CAKE-008,1,0,20.0,2
2026-07-27,outlet-5,CAKE-009,3,0,72.0,7
2026-07-27,outlet-5,CAKE-010,3,0,54.0,12
2026-07-28,outlet-1,CAKE-001,14,0,392.0,13
2026-07-28,outlet-1,CAKE-002,7,0,168.0,22
2026-07-28,outlet-1,CAKE-003,7,0,224.0,13
2026-07-28,outlet-1,CAKE-004,0,0,0.0,26
2026-07-28,outlet-1,CAKE-005,4,0,104.0,11
2026-07-28,outlet-1,CAKE-006,0,0,0.0,0
2026-07-28,outlet-1,CAKE-007,4,0,108.0,24
2026-07-28,outlet-1,CAKE-008,3,0,60.0,15
2026-07-28,outlet-1,CAKE-009,4,0,96.0,16
2026-07-28,outlet-1,CAKE-010,10,0,180.0,27
2026-07-28,outlet-2,CAKE-001,6,0,168.0,7
2026-07-28,outlet-2,CAKE-002,14,0,336.0,32
2026-07-28,outlet-2,CAKE-003,4,0,128.0,8
2026-07-28,outlet-2,CAKE-004,3,0,66.0,20
2026-07-28,outlet-2,CAKE-005,3,0,78.0,14
2026-07-28,outlet-2,CAKE-006,7,0,210.0,17
2026-07-28,outlet-2,CAKE-007,0,0,0.0,0
2026-07-28,outlet-2,CAKE-008,3,0,60.0,7
2026-07-28,outlet-2,CAKE-009,4,0,96.0,8
2026-07-28,outlet-2,CAKE-010,9,0,162.0,10
2026-07-28,outlet-3,CAKE-001,14,1,392.0,44
2026-07-28,outlet-3,CAKE-002,7,0,168.0,39
2026-07-28,outlet-3,CAKE-003,0,0,0.0,48
2026-07-28,outlet-3,CAKE-004,2,0,44.0,4
2026-07-28,outlet-3,CAKE-005,2,0,52.0,19
2026-07-28,outlet-3,CAKE-006,11,0,330.0,34
2026-07-28,outlet-3,CAKE-007,8,0,216.0,20
2026-07-28,outlet-3,CAKE-008,2,0,40.0,4
2026-07-28,outlet-3,CAKE-009,5,0,120.0,10
2026-07-28,outlet-3,CAKE-010,4,0,72.0,0
2026-07-28,outlet-4,CAKE-001,11,0,308.0,18
2026-07-28,outlet-4,CAKE-002,9,0,216.0,13
2026-07-28,outlet-4,CAKE-003,0,0,0.0,0
2026-07-28,outlet-4,CAKE-004,7,0,154.0,0
2026-07-28,outlet-4,CAKE-005,8,0,208.0,9
2026-07-28,outlet-4,CAKE-006,3,0,90.0,11
2026-07-28,outlet-4,CAKE-007,5,0,135.0,21
2026-07-28,outlet-4,CAKE-008,3,0,60.0,33
2026-07-28,outlet-4,CAKE-009,5,0,120.0,12
2026-07-28,outlet-4,CAKE-010,5,0,90.0,43
2026-07-28,outlet-5,CAKE-001,3,0,84.0,4
2026-07-28,outlet-5,CAKE-002,2,0,48.0,19
2026-07-28,outlet-5,CAKE-003,2,0,64.0,5
2026-07-28,outlet-5,CAKE-004,2,0,44.0,9
2026-07-28,outlet-5,CAKE-005,1,0,26.0,1
2026-07-28,outlet-5,CAKE-006,4,0,120.0,10
2026-07-28,outlet-5,CAKE-007,4,0,108.0,9
2026-07-28,outlet-5,CAKE-008,2,0,40.0,7
2026-07-28,outlet-5,CAKE-009,3,0,72.0,4
2026-07-28,outlet-5,CAKE-010,3,0,54.0,9
2026-07-29,outlet-1,CAKE-001,10,0,280.0,60
2026-07-29,outlet-1,CAKE-002,10,0,240.0,12
2026-07-29,outlet-1,CAKE-003,7,0,224.0,13
2026-07-29,outlet-1,CAKE-004,5,0,110.0,26
2026-07-29,outlet-1,CAKE-005,5,0,130.0,6
2026-07-29,outlet-1,CAKE-006,0,0,0.0,30
2026-07-29,outlet-1,CAKE-007,11,0,297.0,13
2026-07-29,outlet-1,CAKE-008,2,0,40.0,13
2026-07-29,outlet-1,CAKE-009,2,0,48.0,14
2026-07-29,outlet-1,CAKE-010,9,0,162.0,18
2026-07-29,outlet-2,CAKE-001,7,0,196.0,0
2026-07-29,outlet-2,CAKE-002,8,0,192.0,24
2026-07-29,outlet-2,CAKE-003,1,0,32.0,7
2026-07-29,outlet-2,CAKE-004,5,0,110.0,15
2026-07-29,outlet-2,CAKE-005,3,0,78.0,11
2026-07-29,outlet-2,CAKE-006,4,0,120.0,13
2026-07-29,outlet-2,CAKE-007,0,0,0.0,6
2026-07-29,outlet-2,CAKE-008,3,0,60.0,4
2026-07-29,outlet-2,CAKE-009,8,0,192.0,21
2026-07-29,outlet-2,CAKE-010,7,0,126.0,42
2026-07-29,outlet-3,CAKE-001,11,0,308.0,33
2026-07-29,outlet-3,CAKE-002,10,0,240.0,29
2026-07-29,outlet-3,CAKE-003,10,0,320.0,38
2026-07-29,outlet-3,CAKE-004,4,0,88.0,0
2026-07-29,outlet-3,CAKE-005,4,0,104.0,20
2026-07-29,outlet-3,CAKE-006,16,0,480.0,18
2026-07-29,outlet-3,CAKE-007,20,1,540.0,8
2026-07-29,outlet-3,CAKE-008,4,0,80.0,3
2026-07-29,outlet-3,CAKE-009,3,0,72.0,7
2026-07-29,outlet-3,CAKE-010,0,0,0.0,0
2026-07-29,outlet-4,CAKE-001,7,0,196.0,11
2026-07-29,outlet-4,CAKE-002,12,0,288.0,55
2026-07-29,outlet-4,CAKE-003,0,0,0.0,0
2026-07-29,outlet-4,CAKE-004,0,0,0.0,28
2026-07-29,outlet-4,CAKE-005,4,0,104.0,5
2026-07-29,outlet-4,CAKE-006,6,0,180.0,5
2026-07-29,outlet-4,CAKE-007,6,1,162.0,16
2026-07-29,outlet-4,CAKE-008,5,0,100.0,40
2026-07-29,outlet-4,CAKE-009,6,0,144.0,13
2026-07-29,outlet-4,CAKE-010,7,0,126.0,49
2026-07-29,outlet-5,CAKE-001,4,0,112.0,28
2026-07-29,outlet-5,CAKE-002,2,0,48.0,21
2026-07-29,outlet-5,CAKE-003,1,0,32.0,8
2026-07-29,outlet-5,CAKE-004,2,0,44.0,7
2026-07-29,outlet-5,CAKE-005,1,0,26.0,12
2026-07-29,outlet-5,CAKE-006,5,0,150.0,5
2026-07-29,outlet-5,CAKE-007,3,0,81.0,6
2026-07-29,outlet-5,CAKE-008,1,0,20.0,6
2026-07-29,outlet-5,CAKE-009,4,0,96.0,16
2026-07-29,outlet-5,CAKE-010,4,0,72.0,5
2026-07-30,outlet-1,CAKE-001,8,0,224.0,69
2026-07-30,outlet-1,CAKE-002,8,0,192.0,4
2026-07-30,outlet-1,CAKE-003,5,0,160.0,15
2026-07-30,outlet-1,CAKE-004,4,0,88.0,22
2026-07-30,outlet-1,CAKE-005,4,0,104.0,2
2026-07-30,outlet-1,CAKE-006,8,0,240.0,22
2026-07-30,outlet-1,CAKE-007,8,0,216.0,5
2026-07-30,outlet-1,CAKE-008,5,0,100.0,8
2026-07-30,outlet-1,CAKE-009,4,0,96.0,10
2026-07-30,outlet-1,CAKE-010,9,0,162.0,9
2026-07-30,outlet-2,CAKE-001,0,0,0.0,0
2026-07-30,outlet-2,CAKE-002,6,0,144.0,18
2026-07-30,outlet-2,CAKE-003,3,0,96.0,4
2026-07-30,outlet-2,CAKE-004,2,0,44.0,13
2026-07-30,outlet-2,CAKE-005,3,0,78.0,8
2026-07-30,outlet-2,CAKE-006,13,0,390.0,0
2026-07-30,outlet-2,CAKE-007,6,0,162.0,6
2026-07-30,outlet-2,CAKE-008,2,0,40.0,2
2026-07-30,outlet-2,CAKE-009,3,0,72.0,18
2026-07-30,outlet-2,CAKE-010,6,0,108.0,36
2026-07-30,outlet-3,CAKE-001,11,0,308.0,22
2026-07-30,outlet-3,CAKE-002,7,0,168.0,22
2026-07-30,outlet-3,CAKE-003,12,0,384.0,37
2026-07-30,outlet-3,CAKE-004,0,0,0.0,0
2026-07-30,outlet-3,CAKE-005,5,0,130.0,15
2026-07-30,outlet-3,CAKE-006,10,0,300.0,8
2026-07-30,outlet-3,CAKE-007,8,0,216.0,0
2026-07-30,outlet-3,CAKE-008,3,0,60.0,4
2026-07-30,outlet-3,CAKE-009,7,0,168.0,21
2026-07-30,outlet-3,CAKE-010,0,0,0.0,32
2026-07-30,outlet-4,CAKE-001,7,0,196.0,4
2026-07-30,outlet-4,CAKE-002,9,0,216.0,64
2026-07-30,outlet-4,CAKE-003,0,0,0.0,0
2026-07-30,outlet-4,CAKE-004,6,0,132.0,22
2026-07-30,outlet-4,CAKE-005,5,0,130.0,33
2026-07-30,outlet-4,CAKE-006,5,0,150.0,0
2026-07-30,outlet-4,CAKE-007,12,1,324.0,5
2026-07-30,outlet-4,CAKE-008,4,0,80.0,36
2026-07-30,outlet-4,CAKE-009,3,0,72.0,10
2026-07-30,outlet-4,CAKE-010,10,0,180.0,56
2026-07-30,outlet-5,CAKE-001,6,0,168.0,29
2026-07-30,outlet-5,CAKE-002,4,0,96.0,17
2026-07-30,outlet-5,CAKE-003,2,0,64.0,10
2026-07-30,outlet-5,CAKE-004,2,0,44.0,5
2026-07-30,outlet-5,CAKE-005,2,0,52.0,10
2026-07-30,outlet-5,CAKE-006,5,0,150.0,11
2026-07-30,outlet-5,CAKE-007,3,0,81.0,3
2026-07-30,outlet-5,CAKE-008,1,0,20.0,5
2026-07-30,outlet-5,CAKE-009,3,0,72.0,13
2026-07-30,outlet-5,CAKE-010,5,0,90.0,0
2026-07-31,outlet-1,CAKE-001,16,1,448.0,54
2026-07-31,outlet-1,CAKE-002,4,0,96.0,0
2026-07-31,outlet-1,CAKE-003,9,0,288.0,6
2026-07-31,outlet-1,CAKE-004,7,0,154.0,21
2026-07-31,outlet-1,CAKE-005,2,0,52.0,24
2026-07-31,outlet-1,CAKE-006,14,0,420.0,8
2026-07-31,outlet-1,CAKE-007,5,0,135.0,0
2026-07-31,outlet-1,CAKE-008,4,0,80.0,4
2026-07-31,outlet-1,CAKE-009,7,0,168.0,3
2026-07-31,outlet-1,CAKE-010,7,0,126.0,13
2026-07-31,outlet-2,CAKE-001,0,0,0.0,0
2026-07-31,outlet-2,CAKE-002,9,0,216.0,21
2026-07-31,outlet-2,CAKE-003,3,0,96.0,1
2026-07-31,outlet-2,CAKE-004,7,0,154.0,6
2026-07-31,outlet-2,CAKE-005,5,0,130.0,3
2026-07-31,outlet-2,CAKE-006,0,0,0.0,0
2026-07-31,outlet-2,CAKE-007,6,0,162.0,30
2026-07-31,outlet-2,CAKE-008,2,0,40.0,4
2026-07-31,outlet-2,CAKE-009,5,0,120.0,13
2026-07-31,outlet-2,CAKE-010,6,0,108.0,40
2026-07-31,outlet-3,CAKE-001,8,0,224.0,14
2026-07-31,outlet-3,CAKE-002,8,0,192.0,14
2026-07-31,outlet-3,CAKE-003,10,0,320.0,40
2026-07-31,outlet-3,CAKE-004,0,0,0.0,0
2026-07-31,outlet-3,CAKE-005,3,0,78.0,12
2026-07-31,outlet-3,CAKE-006,8,0,240.0,45
2026-07-31,outlet-3,CAKE-007,0,0,0.0,30
2026-07-31,outlet-3,CAKE-008,3,0,60.0,5
2026-07-31,outlet-3,CAKE-009,4,0,96.0,17
2026-07-31,outlet-3,CAKE-010,9,0,162.0,23
2026-07-31,outlet-4,CAKE-001,4,0,112.0,43
2026-07-31,outlet-4,CAKE-002,8,0,192.0,56
2026-07-31,outlet-4,CAKE-003,0,0,0.0,0
2026-07-31,outlet-4,CAKE-004,3,0,66.0,19
2026-07-31,outlet-4,CAKE-005,5,0,130.0,28
2026-07-31,outlet-4,CAKE-006,0,0,0.0,21
2026-07-31,outlet-4,CAKE-007,5,0,135.0,36
2026-07-31,outlet-4,CAKE-008,6,0,120.0,30
2026-07-31,outlet-4,CAKE-009,5,0,120.0,13
2026-07-31,outlet-4,CAKE-010,7,0,126.0,49
2026-07-31,outlet-5,CAKE-001,6,0,168.0,29
2026-07-31,outlet-5,CAKE-002,4,0,96.0,13
2026-07-31,outlet-5,CAKE-003,5,0,160.0,8
2026-07-31,outlet-5,CAKE-004,3,0,66.0,2
2026-07-31,outlet-5,CAKE-005,3,0,78.0,7
2026-07-31,outlet-5,CAKE-006,1,0,30.0,10
2026-07-31,outlet-5,CAKE-007,3,0,81.0,15
2026-07-31,outlet-5,CAKE-008,3,0,60.0,2
2026-07-31,outlet-5,CAKE-009,1,0,24.0,12
2026-07-31,outlet-5,CAKE-010,0,0,0.0,21
2026-08-01,outlet-1,CAKE-001,15,0,420.0,39
2026-08-01,outlet-1,CAKE-002,0,0,0.0,46
2026-08-01,outlet-1,CAKE-003,4,0,128.0,32
2026-08-01,outlet-1,CAKE-004,5,0,110.0,16
2026-08-01,outlet-1,CAKE-005,7,0,182.0,17
2026-08-01,outlet-1,CAKE-006,8,0,240.0,19
2026-08-01,outlet-1,CAKE-007,0,0,0.0,10
2026-08-01,outlet-1,CAKE-008,4,0,80.0,18
2026-08-01,outlet-1,CAKE-009,3,0,72.0,24
2026-08-01,outlet-1,CAKE-010,12,1,216.0,45
2026-08-01,outlet-2,CAKE-001,0,0,0.0,48
2026-08-01,outlet-2,CAKE-002,10,0,240.0,11
2026-08-01,outlet-2,CAKE-003,1,0,32.0,27
2026-08-01,outlet-2,CAKE-004,4,0,88.0,2
2026-08-01,outlet-2,CAKE-005,3,0,78.0,0
2026-08-01,outlet-2,CAKE-006,0,0,0.0,0
2026-08-01,outlet-2,CAKE-007,6,0,162.0,24
2026-08-01,outlet-2,CAKE-008,4,0,80.0,16
2026-08-01,outlet-2,CAKE-009,4,0,96.0,9
2026-08-01,outlet-2,CAKE-010,10,0,180.0,30
2026-08-01,outlet-3,CAKE-001,14,1,392.0,1
2026-08-01,outlet-3,CAKE-002,12,0,288.0,48
2026-08-01,outlet-3,CAKE-003,4,0,128.0,36
2026-08-01,outlet-3,CAKE-004,0,0,0.0,19
2026-08-01,outlet-3,CAKE-005,5,0,130.0,7
2026-08-01,outlet-3,CAKE-006,14,0,420.0,31
2026-08-01,outlet-3,CAKE-007,10,1,270.0,21
2026-08-01,outlet-3,CAKE-008,2,0,40.0,3
2026-08-01,outlet-3,CAKE-009,5,0,120.0,12
2026-08-01,outlet-3,CAKE-010,6,0,108.0,27
2026-08-01,outlet-4,CAKE-001,13,0,364.0,30
2026-08-01,outlet-4,CAKE-002,17,0,408.0,39
2026-08-01,outlet-4,CAKE-003,0,0,0.0,24
2026-08-01,outlet-4,CAKE-004,7,0,154.0,19
2026-08-01,outlet-4,CAKE-005,10,0,260.0,18
2026-08-01,outlet-4,CAKE-006,7,0,210.0,14
2026-08-01,outlet-4,CAKE-007,12,1,324.0,25
2026-08-01,outlet-4,CAKE-008,4,0,80.0,26
2026-08-01,outlet-4,CAKE-009,7,0,168.0,14
2026-08-01,outlet-4,CAKE-010,5,0,90.0,44
2026-08-01,outlet-5,CAKE-001,4,0,112.0,25
2026-08-01,outlet-5,CAKE-002,4,0,96.0,9
2026-08-01,outlet-5,CAKE-003,3,0,96.0,5
2026-08-01,outlet-5,CAKE-004,2,0,44.0,0
2026-08-01,outlet-5,CAKE-005,1,0,26.0,6
2026-08-01,outlet-5,CAKE-006,10,0,300.0,30
2026-08-01,outlet-5,CAKE-007,4,0,108.0,11
2026-08-01,outlet-5,CAKE-008,1,0,20.0,3
2026-08-01,outlet-5,CAKE-009,3,0,72.0,9
2026-08-01,outlet-5,CAKE-010,10,0,180.0,11
2026-08-02,outlet-1,CAKE-001,14,0,392.0,44
2026-08-02,outlet-1,CAKE-002,11,0,264.0,35
2026-08-02,outlet-1,CAKE-003,9,0,288.0,23
2026-08-02,outlet-1,CAKE-004,5,0,110.0,11
2026-08-02,outlet-1,CAKE-005,3,0,78.0,14
2026-08-02,outlet-1,CAKE-006,7,0,210.0,12
2026-08-02,outlet-1,CAKE-007,10,1,270.0,1
2026-08-02,outlet-1,CAKE-008,4,0,80.0,14
2026-08-02,outlet-1,CAKE-009,6,0,144.0,18
2026-08-02,outlet-1,CAKE-010,9,0,162.0,36
2026-08-02,outlet-2,CAKE-001,11,0,308.0,37
2026-08-02,outlet-2,CAKE-002,11,0,264.0,42
2026-08-02,outlet-2,CAKE-003,8,0,256.0,19
2026-08-02,outlet-2,CAKE-004,2,0,44.0,0
2026-08-02,outlet-2,CAKE-005,0,0,0.0,21
2026-08-02,outlet-2,CAKE-006,0,0,0.0,0
2026-08-02,outlet-2,CAKE-007,11,1,297.0,14
2026-08-02,outlet-2,CAKE-008,3,0,60.0,13
2026-08-02,outlet-2,CAKE-009,6,0,144.0,10
2026-08-02,outlet-2,CAKE-010,8,0,144.0,22
2026-08-02,outlet-3,CAKE-001,1,0,28.0,67
2026-08-02,outlet-3,CAKE-002,11,0,264.0,37
2026-08-02,outlet-3,CAKE-003,8,0,256.0,28
2026-08-02,outlet-3,CAKE-004,4,0,88.0,18
2026-08-02,outlet-3,CAKE-005,4,0,104.0,3
2026-08-02,outlet-3,CAKE-006,18,0,540.0,13
2026-08-02,outlet-3,CAKE-007,10,1,270.0,12
2026-08-02,outlet-3,CAKE-008,3,0,60.0,4
2026-08-02,outlet-3,CAKE-009,3,0,72.0,19
2026-08-02,outlet-3,CAKE-010,6,0,108.0,21
2026-08-02,outlet-4,CAKE-001,7,0,196.0,23
2026-08-02,outlet-4,CAKE-002,10,0,240.0,29
2026-08-02,outlet-4,CAKE-003,6,0,192.0,18
2026-08-02,outlet-4,CAKE-004,5,0,110.0,21
2026-08-02,outlet-4,CAKE-005,6,0,156.0,12
2026-08-02,outlet-4,CAKE-006,4,0,120.0,10
2026-08-02,outlet-4,CAKE-007,13,0,351.0,12
2026-08-02,outlet-4,CAKE-008,6,0,120.0,32
2026-08-02,outlet-4,CAKE-009,4,0,96.0,18
2026-08-02,outlet-4,CAKE-010,8,0,144.0,36
2026-08-02,outlet-5,CAKE-001,12,0,336.0,21
2026-08-02,outlet-5,CAKE-002,5,0,120.0,4
2026-08-02,outlet-5,CAKE-003,2,0,64.0,3
2026-08-02,outlet-5,CAKE-004,0,0,0.0,14
2026-08-02,outlet-5,CAKE-005,1,0,26.0,5
2026-08-02,outlet-5,CAKE-006,8,0,240.0,22
2026-08-02,outlet-5,CAKE-007,3,0,81.0,8
2026-08-02,outlet-5,CAKE-008,1,0,20.0,2
2026-08-02,outlet-5,CAKE-009,9,0,216.0,16
2026-08-02,outlet-5,CAKE-010,4,0,72.0,7
2026-08-03,outlet-1,CAKE-001,16,0,448.0,28
2026-08-03,outlet-1,CAKE-002,5,0,120.0,30
2026-08-03,outlet-1,CAKE-003,5,0,160.0,18
2026-08-03,outlet-1,CAKE-004,4,0,88.0,7
2026-08-03,outlet-1,CAKE-005,5,0,130.0,9
2026-08-03,outlet-1,CAKE-006,9,0,270.0,3
2026-08-03,outlet-1,CAKE-007,1,0,27.0,0
2026-08-03,outlet-1,CAKE-008,4,0,80.0,14
2026-08-03,outlet-1,CAKE-009,5,0,120.0,13
2026-08-03,outlet-1,CAKE-010,11,0,198.0,25
2026-08-03,outlet-2,CAKE-001,11,0,308.0,26
2026-08-03,outlet-2,CAKE-002,7,0,168.0,47
2026-08-03,outlet-2,CAKE-003,3,0,96.0,16
2026-08-03,outlet-2,CAKE-004,0,0,0.0,24
2026-08-03,outlet-2,CAKE-005,4,0,104.0,24
2026-08-03,outlet-2,CAKE-006,0,0,0.0,0
2026-08-03,outlet-2,CAKE-007,13,1,351.0,32
2026-08-03,outlet-2,CAKE-008,3,0,60.0,10
2026-08-03,outlet-2,CAKE-009,2,0,48.0,8
2026-08-03,outlet-2,CAKE-010,7,0,126.0,15
2026-08-03,outlet-3,CAKE-001,10,0,280.0,57
2026-08-03,outlet-3,CAKE-002,10,0,240.0,41
2026-08-03,outlet-3,CAKE-003,7,0,224.0,21
2026-08-03,outlet-3,CAKE-004,4,0,88.0,14
2026-08-03,outlet-3,CAKE-005,3,0,78.0,5
2026-08-03,outlet-3,CAKE-006,13,0,390.0,12
2026-08-03,outlet-3,CAKE-007,3,0,81.0,9
2026-08-03,outlet-3,CAKE-008,2,0,40.0,6
2026-08-03,outlet-3,CAKE-009,4,0,96.0,26
2026-08-03,outlet-3,CAKE-010,3,0,54.0,18
2026-08-03,outlet-4,CAKE-001,10,0,280.0,13
2026-08-03,outlet-4,CAKE-002,8,0,192.0,40
2026-08-03,outlet-4,CAKE-003,4,0,128.0,14
2026-08-03,outlet-4,CAKE-004,3,0,66.0,18
2026-08-03,outlet-4,CAKE-005,6,0,156.0,6
2026-08-03,outlet-4,CAKE-006,4,0,120.0,6
2026-08-03,outlet-4,CAKE-007,5,0,135.0,7
2026-08-03,outlet-4,CAKE-008,4,0,80.0,28
2026-08-03,outlet-4,CAKE-009,5,0,120.0,13
2026-08-03,outlet-4,CAKE-010,10,0,180.0,26
2026-08-03,outlet-5,CAKE-001,5,0,140.0,16
2026-08-03,outlet-5,CAKE-002,3,0,72.0,22
2026-08-03,outlet-5,CAKE-003,2,0,64.0,5
2026-08-03,outlet-5,CAKE-004,3,0,66.0,11
2026-08-03,outlet-5,CAKE-005,2,0,52.0,3
2026-08-03,outlet-5,CAKE-006,12,0,360.0,10
2026-08-03,outlet-5,CAKE-007,4,0,108.0,4
2026-08-03,outlet-5,CAKE-008,2,0,40.0,7
2026-08-03,outlet-5,CAKE-009,3,0,72.0,13
2026-08-03,outlet-5,CAKE-010,4,0,72.0,3
2026-08-04,outlet-1,CAKE-001,9,0,252.0,19
2026-08-04,outlet-1,CAKE-002,11,0,264.0,19
2026-08-04,outlet-1,CAKE-003,6,0,192.0,12
2026-08-04,outlet-1,CAKE-004,4,0,88.0,9
2026-08-04,outlet-1,CAKE-005,5,0,130.0,4
2026-08-04,outlet-1,CAKE-006,3,0,90.0,0
2026-08-04,outlet-1,CAKE-007,0,0,0.0,0
2026-08-04,outlet-1,CAKE-008,3,0,60.0,11
2026-08-04,outlet-1,CAKE-009,4,0,96.0,9
2026-08-04,outlet-1,CAKE-010,6,0,108.0,19
2026-08-04,outlet-2,CAKE-001,7,0,196.0,19
2026-08-04,outlet-2,CAKE-002,5,0,120.0,42
2026-08-04,outlet-2,CAKE-003,4,0,128.0,12
2026-08-04,outlet-2,CAKE-004,4,0,88.0,26
2026-08-04,outlet-2,CAKE-005,4,0,104.0,20
2026-08-04,outlet-2,CAKE-006,0,0,0.0,0
2026-08-04,outlet-2,CAKE-007,8,0,216.0,31
2026-08-04,outlet-2,CAKE-008,2,0,40.0,8
2026-08-04,outlet-2,CAKE-009,4,0,96.0,4
2026-08-04,outlet-2,CAKE-010,8,0,144.0,7
2026-08-04,outlet-3,CAKE-001,13,0,364.0,44
2026-08-04,outlet-3,CAKE-002,18,1,432.0,24
2026-08-04,outlet-3,CAKE-003,6,0,192.0,15
2026-08-04,outlet-3,CAKE-004,3,0,66.0,14
2026-08-04,outlet-3,CAKE-005,3,0,78.0,2
2026-08-04,outlet-3,CAKE-006,12,0,360.0,45
2026-08-04,outlet-3,CAKE-007,0,0,0.0,9
2026-08-04,outlet-3,CAKE-008,2,0,40.0,4
2026-08-04,outlet-3,CAKE-009,3,0,72.0,23
2026-08-04,outlet-3,CAKE-010,7,0,126.0,11
2026-08-04,outlet-4,CAKE-001,6,0,168.0,7
2026-08-04,outlet-4,CAKE-002,9,0,216.0,47
2026-08-04,outlet-4,CAKE-003,4,0,128.0,10
2026-08-04,outlet-4,CAKE-004,4,0,88.0,20
2026-08-04,outlet-4,CAKE-005,6,0,156.0,33
2026-08-04,outlet-4,CAKE-006,4,0,120.0,2
2026-08-04,outlet-4,CAKE-007,7,1,189.0,37
2026-08-04,outlet-4,CAKE-008,4,0,80.0,24
2026-08-04,outlet-4,CAKE-009,4,0,96.0,9
2026-08-04,outlet-4,CAKE-010,7,0,126.0,19
2026-08-04,outlet-5,CAKE-001,5,0,140.0,11
2026-08-04,outlet-5,CAKE-002,4,0,96.0,22
2026-08-04,outlet-5,CAKE-003,2,0,64.0,3
2026-08-04,outlet-5,CAKE-004,3,0,66.0,8
2026-08-04,outlet-5,CAKE-005,1,0,26.0,2
2026-08-04,outlet-5,CAKE-006,7,0,210.0,16
2026-08-04,outlet-5,CAKE-007,4,0,108.0,8
2026-08-04,outlet-5,CAKE-008,1,0,20.0,6
2026-08-04,outlet-5,CAKE-009,3,0,72.0,10
2026-08-04,outlet-5,CAKE-010,3,0,54.0,0
2026-08-05,outlet-1,CAKE-001,12,0,336.0,7
2026-08-05,outlet-1,CAKE-002,6,0,144.0,13
2026-08-05,outlet-1,CAKE-003,6,0,192.0,6
2026-08-05,outlet-1,CAKE-004,5,0,110.0,10
2026-08-05,outlet-1,CAKE-005,4,0,104.0,0
2026-08-05,outlet-1,CAKE-006,0,0,0.0,0
2026-08-05,outlet-1,CAKE-007,0,0,0.0,0
2026-08-05,outlet-1,CAKE-008,3,0,60.0,8
2026-08-05,outlet-1,CAKE-009,6,0,144.0,3
2026-08-05,outlet-1,CAKE-010,5,0,90.0,14
2026-08-05,outlet-2,CAKE-001,10,0,280.0,9
2026-08-05,outlet-2,CAKE-002,6,0,144.0,36
2026-08-05,outlet-2,CAKE-003,6,0,192.0,6
2026-08-05,outlet-2,CAKE-004,4,0,88.0,22
2026-08-05,outlet-2,CAKE-005,5,0,130.0,15
2026-08-05,outlet-2,CAKE-006,0,0,0.0,0
2026-08-05,outlet-2,CAKE-007,15,1,405.0,17
2026-08-05,outlet-2,CAKE-008,3,0,60.0,8
2026-08-05,outlet-2,CAKE-009,3,0,72.0,22
2026-08-05,outlet-2,CAKE-010,7,0,126.0,39
2026-08-05,outlet-3,CAKE-001,13,0,364.0,31
2026-08-05,outlet-3,CAKE-002,5,0,120.0,35
2026-08-05,outlet-3,CAKE-003,12,0,384.0,51
2026-08-05,outlet-3,CAKE-004,3,0,66.0,11
2026-08-05,outlet-3,CAKE-005,2,0,52.0,24
2026-08-05,outlet-3,CAKE-006,7,0,210.0,38
2026-08-05,outlet-3,CAKE-007,6,1,162.0,10
2026-08-05,outlet-3,CAKE-008,2,0,40.0,2
2026-08-05,outlet-3,CAKE-009,3,0,72.0,20
2026-08-05,outlet-3,CAKE-010,5,0,90.0,6
2026-08-05,outlet-4,CAKE-001,5,0,140.0,2
2026-08-05,outlet-4,CAKE-002,8,0,192.0,39
2026-08-05,outlet-4,CAKE-003,4,0,128.0,18
2026-08-05,outlet-4,CAKE-004,12,0,264.0,8
2026-08-05,outlet-4,CAKE-005,6,0,156.0,27
2026-08-05,outlet-4,CAKE-006,2,0,60.0,21
2026-08-05,outlet-4,CAKE-007,6,0,162.0,31
2026-08-05,outlet-4,CAKE-008,4,0,80.0,20
2026-08-05,outlet-4,CAKE-009,5,0,120.0,4
2026-08-05,outlet-4,CAKE-010,9,0,162.0,10
2026-08-05,outlet-5,CAKE-001,11,0,308.0,0
2026-08-05,outlet-5,CAKE-002,4,0,96.0,18
2026-08-05,outlet-5,CAKE-003,3,0,96.0,0
2026-08-05,outlet-5,CAKE-004,2,0,44.0,6
2026-08-05,outlet-5,CAKE-005,0,0,0.0,6
2026-08-05,outlet-5,CAKE-006,6,0,180.0,23
2026-08-05,outlet-5,CAKE-007,3,0,81.0,5
2026-08-05,outlet-5,CAKE-008,1,0,20.0,6
2026-08-05,outlet-5,CAKE-009,5,0,120.0,5
2026-08-05,outlet-5,CAKE-010,0,0,0.0,4
2026-08-06,outlet-1,CAKE-001,7,0,196.0,57
2026-08-06,outlet-1,CAKE-002,6,0,144.0,7
2026-08-06,outlet-1,CAKE-003,3,0,96.0,3
2026-08-06,outlet-1,CAKE-004,5,0,110.0,5
2026-08-06,outlet-1,CAKE-005,0,0,0.0,24
2026-08-06,outlet-1,CAKE-006,0,0,0.0,0
2026-08-06,outlet-1,CAKE-007,0,0,0.0,0
2026-08-06,outlet-1,CAKE-008,3,0,60.0,5
2026-08-06,outlet-1,CAKE-009,2,0,48.0,25
2026-08-06,outlet-1,CAKE-010,6,0,108.0,8
2026-08-06,outlet-2,CAKE-001,6,0,168.0,15
2026-08-06,outlet-2,CAKE-002,6,0,144.0,42
2026-08-06,outlet-2,CAKE-003,6,0,192.0,27
2026-08-06,outlet-2,CAKE-004,3,0,66.0,19
2026-08-06,outlet-2,CAKE-005,3,0,78.0,12
2026-08-06,outlet-2,CAKE-006,0,0,0.0,24
2026-08-06,outlet-2,CAKE-007,8,1,216.0,10
2026-08-06,outlet-2,CAKE-008,3,0,60.0,5
2026-08-06,outlet-2,CAKE-009,4,0,96.0,18
2026-08-06,outlet-2,CAKE-010,7,0,126.0,32
2026-08-06,outlet-3,CAKE-001,12,0,336.0,19
2026-08-06,outlet-3,CAKE-002,9,0,216.0,26
2026-08-06,outlet-3,CAKE-003,11,0,352.0,40
2026-08-06,outlet-3,CAKE-004,4,0,88.0,7
2026-08-06,outlet-3,CAKE-005,4,0,104.0,20
2026-08-06,outlet-3,CAKE-006,28,1,840.0,26
2026-08-06,outlet-3,CAKE-007,4,0,108.0,6
2026-08-06,outlet-3,CAKE-008,2,0,40.0,12
2026-08-06,outlet-3,CAKE-009,4,0,96.0,26
2026-08-06,outlet-3,CAKE-010,6,0,108.0,0
2026-08-06,outlet-4,CAKE-001,2,0,56.0,14
2026-08-06,outlet-4,CAKE-002,8,0,192.0,31
2026-08-06,outlet-4,CAKE-003,5,0,160.0,13
2026-08-06,outlet-4,CAKE-004,5,0,110.0,3
2026-08-06,outlet-4,CAKE-005,6,0,156.0,21
2026-08-06,outlet-4,CAKE-006,8,0,240.0,13
2026-08-06,outlet-4,CAKE-007,9,1,243.0,23
2026-08-06,outlet-4,CAKE-008,5,0,100.0,15
2026-08-06,outlet-4,CAKE-009,4,0,96.0,28
2026-08-06,outlet-4,CAKE-010,7,0,126.0,49
2026-08-06,outlet-5,CAKE-001,0,0,0.0,6
2026-08-06,outlet-5,CAKE-002,4,0,96.0,14
2026-08-06,outlet-5,CAKE-003,0,0,0.0,0
2026-08-06,outlet-5,CAKE-004,3,0,66.0,3
2026-08-06,outlet-5,CAKE-005,3,0,78.0,3
2026-08-06,outlet-5,CAKE-006,9,0,270.0,14
2026-08-06,outlet-5,CAKE-007,4,0,108.0,16
2026-08-06,outlet-5,CAKE-008,1,0,20.0,5
2026-08-06,outlet-5,CAKE-009,2,0,48.0,8
2026-08-06,outlet-5,CAKE-010,3,0,54.0,1
2026-08-07,outlet-1,CAKE-001,14,0,392.0,64
2026-08-07,outlet-1,CAKE-002,7,0,168.0,0
2026-08-07,outlet-1,CAKE-003,3,0,96.0,30
2026-08-07,outlet-1,CAKE-004,4,0,88.0,1
2026-08-07,outlet-1,CAKE-005,13,0,338.0,11
2026-08-07,outlet-1,CAKE-006,0,0,0.0,20
2026-08-07,outlet-1,CAKE-007,0,0,0.0,0
2026-08-07,outlet-1,CAKE-008,3,0,60.0,2
2026-08-07,outlet-1,CAKE-009,5,0,120.0,20
2026-08-07,outlet-1,CAKE-010,8,0,144.0,0
2026-08-07,outlet-2,CAKE-001,9,0,252.0,6
2026-08-07,outlet-2,CAKE-002,18,1,432.0,25
2026-08-07,outlet-2,CAKE-003,4,0,128.0,33
2026-08-07,outlet-2,CAKE-004,5,0,110.0,14
2026-08-07,outlet-2,CAKE-005,5,0,130.0,7
2026-08-07,outlet-2,CAKE-006,16,0,480.0,8
2026-08-07,outlet-2,CAKE-007,10,0,270.0,30
2026-08-07,outlet-2,CAKE-008,4,0,80.0,17
2026-08-07,outlet-2,CAKE-009,8,0,192.0,10
2026-08-07,outlet-2,CAKE-010,7,0,126.0,37
2026-08-07,outlet-3,CAKE-001,19,1,532.0,68
2026-08-07,outlet-3,CAKE-002,8,0,192.0,18
2026-08-07,outlet-3,CAKE-003,7,0,224.0,33
2026-08-07,outlet-3,CAKE-004,3,0,66.0,4
2026-08-07,outlet-3,CAKE-005,5,0,130.0,15
2026-08-07,outlet-3,CAKE-006,19,0,570.0,7
2026-08-07,outlet-3,CAKE-007,6,0,162.0,0
2026-08-07,outlet-3,CAKE-008,8,0,160.0,4
2026-08-07,outlet-3,CAKE-009,4,0,96.0,22
2026-08-07,outlet-3,CAKE-010,0,0,0.0,32
2026-08-07,outlet-4,CAKE-001,10,0,280.0,16
2026-08-07,outlet-4,CAKE-002,19,1,456.0,31
2026-08-07,outlet-4,CAKE-003,5,0,160.0,8
2026-08-07,outlet-4,CAKE-004,3,0,66.0,28
2026-08-07,outlet-4,CAKE-005,6,0,156.0,15
2026-08-07,outlet-4,CAKE-006,8,0,240.0,13
2026-08-07,outlet-4,CAKE-007,23,2,621.0,9
2026-08-07,outlet-4,CAKE-008,6,0,120.0,9
2026-08-07,outlet-4,CAKE-009,7,0,168.0,21
2026-08-07,outlet-4,CAKE-010,13,0,234.0,36
2026-08-07,outlet-5,CAKE-001,6,0,168.0,28
2026-08-07,outlet-5,CAKE-002,5,0,120.0,9
2026-08-07,outlet-5,CAKE-003,0,0,0.0,4
2026-08-07,outlet-5,CAKE-004,2,0,44.0,5
2026-08-07,outlet-5,CAKE-005,3,0,78.0,0
2026-08-07,outlet-5,CAKE-006,12,0,360.0,32
2026-08-07,outlet-5,CAKE-007,5,0,135.0,11
2026-08-07,outlet-5,CAKE-008,2,0,40.0,3
2026-08-07,outlet-5,CAKE-009,4,0,96.0,4
2026-08-07,outlet-5,CAKE-010,1,0,18.0,0
2026-08-08,outlet-1,CAKE-001,10,0,280.0,74
2026-08-08,outlet-1,CAKE-002,0,0,0.0,46
2026-08-08,outlet-1,CAKE-003,9,0,288.0,21
2026-08-08,outlet-1,CAKE-004,1,0,22.0,6
2026-08-08,outlet-1,CAKE-005,5,0,130.0,6
2026-08-08,outlet-1,CAKE-006,3,0,90.0,17
2026-08-08,outlet-1,CAKE-007,0,0,0.0,0
2026-08-08,outlet-1,CAKE-008,2,0,40.0,0
2026-08-08,outlet-1,CAKE-009,4,0,96.0,16
2026-08-08,outlet-1,CAKE-010,0,0,0.0,0
2026-08-08,outlet-2,CAKE-001,6,0,168.0,0
2026-08-08,outlet-2,CAKE-002,9,0,216.0,29
2026-08-08,outlet-2,CAKE-003,5,0,160.0,28
2026-08-08,outlet-2,CAKE-004,5,0,110.0,14
2026-08-08,outlet-2,CAKE-005,5,0,130.0,2
2026-08-08,outlet-2,CAKE-006,8,0,240.0,24
2026-08-08,outlet-2,CAKE-007,15,1,405.0,16
2026-08-08,outlet-2,CAKE-008,3,0,60.0,14
2026-08-08,outlet-2,CAKE-009,6,0,144.0,4
2026-08-08,outlet-2,CAKE-010,16,0,288.0,32
2026-08-08,outlet-3,CAKE-001,18,1,504.0,51
2026-08-08,outlet-3,CAKE-002,10,0,240.0,23
2026-08-08,outlet-3,CAKE-003,10,0,320.0,23
2026-08-08,outlet-3,CAKE-004,4,0,88.0,4
2026-08-08,outlet-3,CAKE-005,4,0,104.0,11
2026-08-08,outlet-3,CAKE-006,7,0,210.0,0
2026-08-08,outlet-3,CAKE-007,0,0,0.0,8
2026-08-08,outlet-3,CAKE-008,4,0,80.0,0
2026-08-08,outlet-3,CAKE-009,3,0,72.0,19
2026-08-08,outlet-3,CAKE-010,10,0,180.0,22
2026-08-08,outlet-4,CAKE-001,11,0,308.0,5
2026-08-08,outlet-4,CAKE-002,27,1,648.0,21
2026-08-08,outlet-4,CAKE-003,4,0,128.0,4
2026-08-08,outlet-4,CAKE-004,6,0,132.0,30
2026-08-08,outlet-4,CAKE-005,7,0,182.0,8
2026-08-08,outlet-4,CAKE-006,6,0,180.0,7
2026-08-08,outlet-4,CAKE-007,9,1,243.0,9
2026-08-08,outlet-4,CAKE-008,7,0,140.0,29
2026-08-08,outlet-4,CAKE-009,8,0,192.0,13
2026-08-08,outlet-4,CAKE-010,12,0,216.0,39
2026-08-08,outlet-5,CAKE-001,10,0,280.0,18
2026-08-08,outlet-5,CAKE-002,9,0,216.0,5
2026-08-08,outlet-5,CAKE-003,4,0,128.0,12
2026-08-08,outlet-5,CAKE-004,2,0,44.0,3
2026-08-08,outlet-5,CAKE-005,0,0,0.0,12
2026-08-08,outlet-5,CAKE-006,7,0,210.0,25
2026-08-08,outlet-5,CAKE-007,4,0,108.0,7
2026-08-08,outlet-5,CAKE-008,3,0,60.0,7
2026-08-08,outlet-5,CAKE-009,3,0,72.0,1
2026-08-08,outlet-5,CAKE-010,0,0,0.0,21
2026-08-09,outlet-1,CAKE-001,11,0,308.0,85
2026-08-09,outlet-1,CAKE-002,17,1,408.0,30
2026-08-09,outlet-1,CAKE-003,8,0,256.0,20
2026-08-09,outlet-1,CAKE-004,6,0,132.0,0
2026-08-09,outlet-1,CAKE-005,5,0,130.0,25
2026-08-09,outlet-1,CAKE-006,9,0,270.0,8
2026-08-09,outlet-1,CAKE-007,0,0,0.0,33
2026-08-09,outlet-1,CAKE-008,0,0,0.0,0
2026-08-09,outlet-1,CAKE-009,5,0,120.0,11
2026-08-09,outlet-1,CAKE-010,0,0,0.0,43
2026-08-09,outlet-2,CAKE-001,0,0,0.0,13
2026-08-09,outlet-2,CAKE-002,22,1,528.0,8
2026-08-09,outlet-2,CAKE-003,6,0,192.0,22
2026-08-09,outlet-2,CAKE-004,4,0,88.0,10
2026-08-09,outlet-2,CAKE-005,2,0,52.0,21
2026-08-09,outlet-2,CAKE-006,9,0,270.0,15
2026-08-09,outlet-2,CAKE-007,10,0,270.0,6
2026-08-09,outlet-2,CAKE-008,3,0,60.0,11
2026-08-09,outlet-2,CAKE-009,4,0,96.0,0
2026-08-09,outlet-2,CAKE-010,21,1,378.0,22
2026-08-09,outlet-3,CAKE-001,13,0,364.0,38
2026-08-09,outlet-3,CAKE-002,9,0,216.0,14
2026-08-09,outlet-3,CAKE-003,7,0,224.0,16
2026-08-09,outlet-3,CAKE-004,4,0,88.0,4
2026-08-09,outlet-3,CAKE-005,5,0,130.0,6
2026-08-09,outlet-3,CAKE-006,0,0,0.0,0
2026-08-09,outlet-3,CAKE-007,0,0,0.0,8
2026-08-09,outlet-3,CAKE-008,0,0,0.0,12
2026-08-09,outlet-3,CAKE-009,6,0,144.0,13
2026-08-09,outlet-3,CAKE-010,8,0,144.0,24
2026-08-09,outlet-4,CAKE-001,5,0,140.0,14
2026-08-09,outlet-4,CAKE-002,15,1,360.0,7
2026-08-09,outlet-4,CAKE-003,4,0,128.0,0
2026-08-09,outlet-4,CAKE-004,6,0,132.0,24
2026-08-09,outlet-4,CAKE-005,3,0,78.0,5
2026-08-09,outlet-4,CAKE-006,7,0,210.0,21
2026-08-09,outlet-4,CAKE-007,9,1,243.0,37
2026-08-09,outlet-4,CAKE-008,5,0,100.0,24
2026-08-09,outlet-4,CAKE-009,7,0,168.0,6
2026-08-09,outlet-4,CAKE-010,17,0,306.0,22
2026-08-09,outlet-5,CAKE-001,4,0,112.0,14
2026-08-09,outlet-5,CAKE-002,4,0,96.0,22
2026-08-09,outlet-5,CAKE-003,3,0,96.0,9
2026-08-09,outlet-5,CAKE-004,3,0,66.0,4
2026-08-09,outlet-5,CAKE-005,3,0,78.0,9
2026-08-09,outlet-5,CAKE-006,8,0,240.0,17
2026-08-09,outlet-5,CAKE-007,5,0,135.0,2
2026-08-09,outlet-5,CAKE-008,2,0,40.0,5
2026-08-09,outlet-5,CAKE-009,1,0,24.0,0
2026-08-09,outlet-5,CAKE-010,5,0,90.0,16
2026-08-10,outlet-1,CAKE-001,8,0,224.0,77
2026-08-10,outlet-1,CAKE-002,5,0,120.0,25
2026-08-10,outlet-1,CAKE-003,4,0,128.0,16
2026-08-10,outlet-1,CAKE-004,0,0,0.0,6
2026-08-10,outlet-1,CAKE-005,5,0,130.0,20
2026-08-10,outlet-1,CAKE-006,7,0,210.0,1
2026-08-10,outlet-1,CAKE-007,11,1,297.0,23
2026-08-10,outlet-1,CAKE-008,0,0,0.0,18
2026-08-10,outlet-1,CAKE-009,3,0,72.0,8
2026-08-10,outlet-1,CAKE-010,7,0,126.0,36
2026-08-10,outlet-2,CAKE-001,7,0,196.0,6
2026-08-10,outlet-2,CAKE-002,6,0,144.0,2
2026-08-10,outlet-2,CAKE-003,4,0,128.0,27
2026-08-10,outlet-2,CAKE-004,3,0,66.0,7
2026-08-10,outlet-2,CAKE-005,4,0,104.0,17
2026-08-10,outlet-2,CAKE-006,8,0,240.0,7
2026-08-10,outlet-2,CAKE-007,6,1,162.0,8
2026-08-10,outlet-2,CAKE-008,2,0,40.0,9
2026-08-10,outlet-2,CAKE-009,0,0,0.0,21
2026-08-10,outlet-2,CAKE-010,7,0,126.0,25
2026-08-10,outlet-3,CAKE-001,8,0,224.0,30
2026-08-10,outlet-3,CAKE-002,5,0,120.0,9
2026-08-10,outlet-3,CAKE-003,11,0,352.0,5
2026-08-10,outlet-3,CAKE-004,2,0,44.0,2
2026-08-10,outlet-3,CAKE-005,6,0,156.0,24
2026-08-10,outlet-3,CAKE-006,0,0,0.0,0
2026-08-10,outlet-3,CAKE-007,8,1,216.0,8
2026-08-10,outlet-3,CAKE-008,2,0,40.0,10
2026-08-10,outlet-3,CAKE-009,3,0,72.0,21
2026-08-10,outlet-3,CAKE-010,7,0,126.0,29
2026-08-10,outlet-4,CAKE-001,9,0,252.0,5
2026-08-10,outlet-4,CAKE-002,7,0,168.0,54
2026-08-10,outlet-4,CAKE-003,0,0,0.0,24
2026-08-10,outlet-4,CAKE-004,3,0,66.0,21
2026-08-10,outlet-4,CAKE-005,5,0,130.0,33
2026-08-10,outlet-4,CAKE-006,6,0,180.0,15
2026-08-10,outlet-4,CAKE-007,16,1,432.0,22
2026-08-10,outlet-4,CAKE-008,6,0,120.0,18
2026-08-10,outlet-4,CAKE-009,5,0,120.0,29
2026-08-10,outlet-4,CAKE-010,17,1,306.0,6
2026-08-10,outlet-5,CAKE-001,6,0,168.0,16
2026-08-10,outlet-5,CAKE-002,4,0,96.0,18
2026-08-10,outlet-5,CAKE-003,1,0,32.0,8
2026-08-10,outlet-5,CAKE-004,2,0,44.0,2
2026-08-10,outlet-5,CAKE-005,2,0,52.0,7
2026-08-10,outlet-5,CAKE-006,17,0,510.0,0
2026-08-10,outlet-5,CAKE-007,2,0,54.0,15
2026-08-10,outlet-5,CAKE-008,2,0,40.0,3
2026-08-10,outlet-5,CAKE-009,0,0,0.0,7
2026-08-10,outlet-5,CAKE-010,4,0,72.0,12
2026-08-11,outlet-1,CAKE-001,8,0,224.0,69
2026-08-11,outlet-1,CAKE-002,10,0,240.0,15
2026-08-11,outlet-1,CAKE-003,13,1,416.0,4
2026-08-11,outlet-1,CAKE-004,3,0,66.0,3
2026-08-11,outlet-1,CAKE-005,2,0,52.0,18
2026-08-11,outlet-1,CAKE-006,1,0,30.0,18
2026-08-11,outlet-1,CAKE-007,10,0,270.0,13
2026-08-11,outlet-1,CAKE-008,4,0,80.0,19
2026-08-11,outlet-1,CAKE-009,4,0,96.0,10
2026-08-11,outlet-1,CAKE-010,7,0,126.0,29
2026-08-11,outlet-2,CAKE-001,6,0,168.0,16
2026-08-11,outlet-2,CAKE-002,2,0,48.0,42
2026-08-11,outlet-2,CAKE-003,5,0,160.0,22
2026-08-11,outlet-2,CAKE-004,4,0,88.0,3
2026-08-11,outlet-2,CAKE-005,2,0,52.0,15
2026-08-11,outlet-2,CAKE-006,6,0,180.0,1
2026-08-11,outlet-2,CAKE-007,5,0,135.0,10
2026-08-11,outlet-2,CAKE-008,3,0,60.0,6
2026-08-11,outlet-2,CAKE-009,2,0,48.0,27
2026-08-11,outlet-2,CAKE-010,6,0,108.0,19
2026-08-11,outlet-3,CAKE-001,12,0,336.0,18
2026-08-11,outlet-3,CAKE-002,7,0,168.0,17
2026-08-11,outlet-3,CAKE-003,5,0,160.0,48
2026-08-11,outlet-3,CAKE-004,2,0,44.0,4
2026-08-11,outlet-3,CAKE-005,6,0,156.0,18
2026-08-11,outlet-3,CAKE-006,0,0,0.0,45
2026-08-11,outlet-3,CAKE-007,8,1,216.0,1
2026-08-11,outlet-3,CAKE-008,2,0,40.0,8
2026-08-11,outlet-3,CAKE-009,8,0,192.0,13
2026-08-11,outlet-3,CAKE-010,5,0,90.0,24
2026-08-11,outlet-4,CAKE-001,5,0,140.0,43
2026-08-11,outlet-4,CAKE-002,8,0,192.0,46
2026-08-11,outlet-4,CAKE-003,5,0,160.0,19
2026-08-11,outlet-4,CAKE-004,5,0,110.0,16
2026-08-11,outlet-4,CAKE-005,6,0,156.0,27
2026-08-11,outlet-4,CAKE-006,6,0,180.0,15
2026-08-11,outlet-4,CAKE-007,9,0,243.0,13
2026-08-11,outlet-4,CAKE-008,5,0,100.0,13
2026-08-11,outlet-4,CAKE-009,6,0,144.0,23
2026-08-11,outlet-4,CAKE-010,6,0,108.0,0
2026-08-11,outlet-5,CAKE-001,4,0,112.0,12
2026-08-11,outlet-5,CAKE-002,4,0,96.0,14
2026-08-11,outlet-5,CAKE-003,2,0,64.0,6
2026-08-11,outlet-5,CAKE-004,2,0,44.0,0
2026-08-11,outlet-5,CAKE-005,3,0,78.0,7
2026-08-11,outlet-5,CAKE-006,0,0,0.0,30
2026-08-11,outlet-5,CAKE-007,4,0,108.0,17
2026-08-11,outlet-5,CAKE-008,1,0,20.0,4
2026-08-11,outlet-5,CAKE-009,3,0,72.0,10
2026-08-11,outlet-5,CAKE-010,4,0,72.0,8
2026-08-12,outlet-1,CAKE-001,9,0,252.0,60
2026-08-12,outlet-1,CAKE-002,4,0,96.0,11
2026-08-12,outlet-1,CAKE-003,4,0,128.0,0
2026-08-12,outlet-1,CAKE-004,3,0,66.0,7
2026-08-12,outlet-1,CAKE-005,4,0,104.0,14
2026-08-12,outlet-1,CAKE-006,7,0,210.0,31
2026-08-12,outlet-1,CAKE-007,8,1,216.0,17
2026-08-12,outlet-1,CAKE-008,2,0,40.0,17
2026-08-12,outlet-1,CAKE-009,4,0,96.0,6
2026-08-12,outlet-1,CAKE-010,7,0,126.0,22
2026-08-12,outlet-2,CAKE-001,9,0,252.0,7
2026-08-12,outlet-2,CAKE-002,9,0,216.0,33
2026-08-12,outlet-2,CAKE-003,4,0,128.0,28
2026-08-12,outlet-2,CAKE-004,3,0,66.0,5
2026-08-12,outlet-2,CAKE-005,3,0,78.0,12
2026-08-12,outlet-2,CAKE-006,1,0,30.0,24
2026-08-12,outlet-2,CAKE-007,10,0,270.0,0
2026-08-12,outlet-2,CAKE-008,2,0,40.0,7
2026-08-12,outlet-2,CAKE-009,5,0,120.0,22
2026-08-12,outlet-2,CAKE-010,9,0,162.0,23
2026-08-12,outlet-3,CAKE-001,11,0,308.0,7
2026-08-12,outlet-3,CAKE-002,7,0,168.0,10
2026-08-12,outlet-3,CAKE-003,5,0,160.0,43
2026-08-12,outlet-3,CAKE-004,3,0,66.0,20
2026-08-12,outlet-3,CAKE-005,7,0,182.0,11
2026-08-12,outlet-3,CAKE-006,11,0,330.0,34
2026-08-12,outlet-3,CAKE-007,1,0,27.0,0
2026-08-12,outlet-3,CAKE-008,2,0,40.0,6
2026-08-12,outlet-3,CAKE-009,3,0,72.0,10
2026-08-12,outlet-3,CAKE-010,7,0,126.0,17
2026-08-12,outlet-4,CAKE-001,16,0,448.0,41
2026-08-12,outlet-4,CAKE-002,8,0,192.0,38
2026-08-12,outlet-4,CAKE-003,4,0,128.0,15
2026-08-12,outlet-4,CAKE-004,2,0,44.0,14
2026-08-12,outlet-4,CAKE-005,10,0,260.0,17
2026-08-12,outlet-4,CAKE-006,4,0,120.0,11
2026-08-12,outlet-4,CAKE-007,11,1,297.0,3
2026-08-12,outlet-4,CAKE-008,5,0,100.0,8
2026-08-12,outlet-4,CAKE-009,5,0,120.0,18
2026-08-12,outlet-4,CAKE-010,0,0,0.0,46
2026-08-12,outlet-5,CAKE-001,6,0,168.0,6
2026-08-12,outlet-5,CAKE-002,4,0,96.0,10
2026-08-12,outlet-5,CAKE-003,2,0,64.0,7
2026-08-12,outlet-5,CAKE-004,0,0,0.0,0
2026-08-12,outlet-5,CAKE-005,2,0,52.0,5
2026-08-12,outlet-5,CAKE-006,10,0,300.0,20
2026-08-12,outlet-5,CAKE-007,3,0,81.0,21
2026-08-12,outlet-5,CAKE-008,1,0,20.0,3
2026-08-12,outlet-5,CAKE-009,4,0,96.0,6
2026-08-12,outlet-5,CAKE-010,4,0,72.0,4
2026-08-13,outlet-1,CAKE-001,12,0,336.0,48
2026-08-13,outlet-1,CAKE-002,9,0,216.0,2
2026-08-13,outlet-1,CAKE-003,0,0,0.0,0
2026-08-13,outlet-1,CAKE-004,3,0,66.0,4
2026-08-13,outlet-1,CAKE-005,4,0,104.0,10
2026-08-13,outlet-1,CAKE-006,6,0,180.0,43
2026-08-13,outlet-1,CAKE-007,14,1,378.0,4
2026-08-13,outlet-1,CAKE-008,3,0,60.0,14
2026-08-13,outlet-1,CAKE-009,1,0,24.0,11
2026-08-13,outlet-1,CAKE-010,8,0,144.0,14
2026-08-13,outlet-2,CAKE-001,4,0,112.0,16
2026-08-13,outlet-2,CAKE-002,5,0,120.0,28
2026-08-13,outlet-2,CAKE-003,5,0,160.0,23
2026-08-13,outlet-2,CAKE-004,4,0,88.0,25
2026-08-13,outlet-2,CAKE-005,2,0,52.0,10
2026-08-13,outlet-2,CAKE-006,6,0,180.0,27
2026-08-13,outlet-2,CAKE-007,0,0,0.0,0
2026-08-13,outlet-2,CAKE-008,3,0,60.0,8
2026-08-13,outlet-2,CAKE-009,4,0,96.0,18
2026-08-13,outlet-2,CAKE-010,6,0,108.0,17
2026-08-13,outlet-3,CAKE-001,7,0,196.0,0
2026-08-13,outlet-3,CAKE-002,10,0,240.0,46
2026-08-13,outlet-3,CAKE-003,20,0,640.0,34
2026-08-13,outlet-3,CAKE-004,4,0,88.0,19
2026-08-13,outlet-3,CAKE-005,3,0,78.0,8
2026-08-13,outlet-3,CAKE-006,7,0,210.0,27
2026-08-13,outlet-3,CAKE-007,0,0,0.0,0
2026-08-13,outlet-3,CAKE-008,2,0,40.0,4
2026-08-13,outlet-3,CAKE-009,3,0,72.0,19
2026-08-13,outlet-3,CAKE-010,6,0,108.0,11
2026-08-13,outlet-4,CAKE-001,8,0,224.0,33
2026-08-13,outlet-4,CAKE-002,6,0,144.0,32
2026-08-13,outlet-4,CAKE-003,3,0,96.0,12
2026-08-13,outlet-4,CAKE-004,7,0,154.0,7
2026-08-13,outlet-4,CAKE-005,7,0,182.0,10
2026-08-13,outlet-4,CAKE-006,4,0,120.0,7
2026-08-13,outlet-4,CAKE-007,3,0,81.0,36
2026-08-13,outlet-4,CAKE-008,5,0,100.0,3
2026-08-13,outlet-4,CAKE-009,3,0,72.0,23
2026-08-13,outlet-4,CAKE-010,12,0,216.0,34
2026-08-13,outlet-5,CAKE-001,6,0,168.0,28
2026-08-13,outlet-5,CAKE-002,5,0,120.0,5
2026-08-13,outlet-5,CAKE-003,3,0,96.0,4
2026-08-13,outlet-5,CAKE-004,0,0,0.0,3
2026-08-13,outlet-5,CAKE-005,2,0,52.0,3
2026-08-13,outlet-5,CAKE-006,9,0,270.0,11
2026-08-13,outlet-5,CAKE-007,4,0,108.0,17
2026-08-13,outlet-5,CAKE-008,2,0,40.0,1
2026-08-13,outlet-5,CAKE-009,2,0,48.0,4
2026-08-13,outlet-5,CAKE-010,4,0,72.0,21
2026-08-14,outlet-1,CAKE-001,10,0,280.0,38
2026-08-14,outlet-1,CAKE-002,2,0,48.0,0
2026-08-14,outlet-1,CAKE-003,0,0,0.0,30
2026-08-14,outlet-1,CAKE-004,1,0,22.0,3
2026-08-14,outlet-1,CAKE-005,7,0,182.0,3
2026-08-14,outlet-1,CAKE-006,12,0,360.0,31
2026-08-14,outlet-1,CAKE-007,4,0,108.0,0
2026-08-14,outlet-1,CAKE-008,3,0,60.0,11
2026-08-14,outlet-1,CAKE-009,6,0,144.0,5
2026-08-14,outlet-1,CAKE-010,7,0,126.0,7
2026-08-14,outlet-2,CAKE-001,16,0,448.0,13
2026-08-14,outlet-2,CAKE-002,7,0,168.0,21
2026-08-14,outlet-2,CAKE-003,4,0,128.0,28
2026-08-14,outlet-2,CAKE-004,7,0,154.0,18
2026-08-14,outlet-2,CAKE-005,5,0,130.0,5
2026-08-14,outlet-2,CAKE-006,7,0,210.0,20
2026-08-14,outlet-2,CAKE-007,0,0,0.0,30
2026-08-14,outlet-2,CAKE-008,3,0,60.0,5
2026-08-14,outlet-2,CAKE-009,5,0,120.0,13
2026-08-14,outlet-2,CAKE-010,9,0,162.0,8
2026-08-14,outlet-3,CAKE-001,0,0,0.0,67
2026-08-14,outlet-3,CAKE-002,10,0,240.0,36
2026-08-14,outlet-3,CAKE-003,9,0,288.0,38
2026-08-14,outlet-3,CAKE-004,4,0,88.0,18
2026-08-14,outlet-3,CAKE-005,7,0,182.0,25
2026-08-14,outlet-3,CAKE-006,11,0,330.0,16
2026-08-14,outlet-3,CAKE-007,0,0,0.0,30
2026-08-14,outlet-3,CAKE-008,3,0,60.0,5
2026-08-14,outlet-3,CAKE-009,4,0,96.0,27
2026-08-14,outlet-3,CAKE-010,7,0,126.0,16
2026-08-14,outlet-4,CAKE-001,9,0,252.0,24
2026-08-14,outlet-4,CAKE-002,12,0,288.0,20
2026-08-14,outlet-4,CAKE-003,4,0,128.0,8
2026-08-14,outlet-4,CAKE-004,7,0,154.0,0
2026-08-14,outlet-4,CAKE-005,6,0,156.0,4
2026-08-14,outlet-4,CAKE-006,7,0,210.0,21
2026-08-14,outlet-4,CAKE-007,20,1,540.0,17
2026-08-14,outlet-4,CAKE-008,3,0,60.0,10
2026-08-14,outlet-4,CAKE-009,6,0,144.0,25
2026-08-14,outlet-4,CAKE-010,11,0,198.0,23
2026-08-14,outlet-5,CAKE-001,8,0,224.0,20
2026-08-14,outlet-5,CAKE-002,4,0,96.0,5
2026-08-14,outlet-5,CAKE-003,4,0,128.0,12
2026-08-14,outlet-5,CAKE-004,2,0,44.0,15
2026-08-14,outlet-5,CAKE-005,2,0,52.0,1
2026-08-14,outlet-5,CAKE-006,11,0,330.0,0
2026-08-14,outlet-5,CAKE-007,5,0,135.0,12
2026-08-14,outlet-5,CAKE-008,1,0,20.0,7
2026-08-14,outlet-5,CAKE-009,3,0,72.0,1
2026-08-14,outlet-5,CAKE-010,5,0,90.0,16
2026-08-15,outlet-1,CAKE-001,12,1,336.0,46
2026-08-15,outlet-1,CAKE-002,0,0,0.0,46
2026-08-15,outlet-1,CAKE-003,6,0,192.0,24
2026-08-15,outlet-1,CAKE-004,3,0,66.0,26
2026-08-15,outlet-1,CAKE-005,3,0,78.0,0
2026-08-15,outlet-1,CAKE-006,7,0,210.0,24
2026-08-15,outlet-1,CAKE-007,0,0,0.0,12
2026-08-15,outlet-1,CAKE-008,4,0,80.0,11
2026-08-15,outlet-1,CAKE-009,5,0,120.0,24
2026-08-15,outlet-1,CAKE-010,7,0,126.0,11
2026-08-15,outlet-2,CAKE-001,10,0,280.0,51
2026-08-15,outlet-2,CAKE-002,13,0,312.0,20
2026-08-15,outlet-2,CAKE-003,4,0,128.0,24
2026-08-15,outlet-2,CAKE-004,6,0,132.0,12
2026-08-15,outlet-2,CAKE-005,3,0,78.0,2
2026-08-15,outlet-2,CAKE-006,20,1,600.0,25
2026-08-15,outlet-2,CAKE-007,23,1,621.0,8
2026-08-15,outlet-2,CAKE-008,4,0,80.0,17
2026-08-15,outlet-2,CAKE-009,11,0,264.0,2
2026-08-15,outlet-2,CAKE-010,8,0,144.0,0
2026-08-15,outlet-3,CAKE-001,20,0,560.0,47
2026-08-15,outlet-3,CAKE-002,9,0,216.0,27
2026-08-15,outlet-3,CAKE-003,10,0,320.0,28
2026-08-15,outlet-3,CAKE-004,5,0,110.0,13
2026-08-15,outlet-3,CAKE-005,7,0,182.0,18
2026-08-15,outlet-3,CAKE-006,11,0,330.0,20
2026-08-15,outlet-3,CAKE-007,9,1,243.0,22
2026-08-15,outlet-3,CAKE-008,3,0,60.0,6
2026-08-15,outlet-3,CAKE-009,2,0,48.0,25
2026-08-15,outlet-3,CAKE-010,7,0,126.0,19
2026-08-15,outlet-4,CAKE-001,8,0,224.0,16
2026-08-15,outlet-4,CAKE-002,16,0,384.0,4
2026-08-15,outlet-4,CAKE-003,4,0,128.0,15
2026-08-15,outlet-4,CAKE-004,0,0,0.0,0
2026-08-15,outlet-4,CAKE-005,4,0,104.0,33
2026-08-15,outlet-4,CAKE-006,10,0,300.0,17
2026-08-15,outlet-4,CAKE-007,6,0,162.0,11
2026-08-15,outlet-4,CAKE-008,6,0,120.0,15
2026-08-15,outlet-4,CAKE-009,6,0,144.0,19
2026-08-15,outlet-4,CAKE-010,10,0,180.0,13
2026-08-15,outlet-5,CAKE-001,7,0,196.0,13
2026-08-15,outlet-5,CAKE-002,4,0,96.0,22
2026-08-15,outlet-5,CAKE-003,4,0,128.0,8
2026-08-15,outlet-5,CAKE-004,3,0,66.0,12
2026-08-15,outlet-5,CAKE-005,1,0,26.0,12
2026-08-15,outlet-5,CAKE-006,0,0,0.0,12
2026-08-15,outlet-5,CAKE-007,2,0,54.0,10
2026-08-15,outlet-5,CAKE-008,3,0,60.0,4
2026-08-15,outlet-5,CAKE-009,1,0,24.0,0
2026-08-15,outlet-5,CAKE-010,4,0,72.0,12
2026-08-16,outlet-1,CAKE-001,16,0,448.0,30
2026-08-16,outlet-1,CAKE-002,13,0,312.0,33
2026-08-16,outlet-1,CAKE-003,6,0,192.0,18
2026-08-16,outlet-1,CAKE-004,5,0,110.0,21
2026-08-16,outlet-1,CAKE-005,0,0,0.0,0
2026-08-16,outlet-1,CAKE-006,5,0,150.0,19
2026-08-16,outlet-1,CAKE-007,10,1,270.0,3
2026-08-16,outlet-1,CAKE-008,4,0,80.0,7
2026-08-16,outlet-1,CAKE-009,5,0,120.0,19
2026-08-16,outlet-1,CAKE-010,10,0,180.0,44
2026-08-16,outlet-2,CAKE-001,6,0,168.0,45
2026-08-16,outlet-2,CAKE-002,8,0,192.0,12
2026-08-16,outlet-2,CAKE-003,7,0,224.0,17
2026-08-16,outlet-2,CAKE-004,5,0,110.0,7
2026-08-16,outlet-2,CAKE-005,2,0,52.0,0
2026-08-16,outlet-2,CAKE-006,5,0,150.0,20
2026-08-16,outlet-2,CAKE-007,8,1,216.0,1
2026-08-16,outlet-2,CAKE-008,5,0,100.0,15
2026-08-16,outlet-2,CAKE-009,2,0,48.0,21
2026-08-16,outlet-2,CAKE-010,0,0,0.0,11
2026-08-16,outlet-3,CAKE-001,18,1,504.0,30
2026-08-16,outlet-3,CAKE-002,9,0,216.0,18
2026-08-16,outlet-3,CAKE-003,13,0,416.0,15
2026-08-16,outlet-3,CAKE-004,9,0,198.0,4
2026-08-16,outlet-3,CAKE-005,9,0,234.0,13
2026-08-16,outlet-3,CAKE-006,12,0,360.0,8
2026-08-16,outlet-3,CAKE-007,9,0,243.0,13
2026-08-16,outlet-3,CAKE-008,3,0,60.0,3
2026-08-16,outlet-3,CAKE-009,3,0,72.0,22
2026-08-16,outlet-3,CAKE-010,6,0,108.0,13
2026-08-16,outlet-4,CAKE-001,11,0,308.0,18
2026-08-16,outlet-4,CAKE-002,4,0,96.0,54
2026-08-16,outlet-4,CAKE-003,6,0,192.0,22
2026-08-16,outlet-4,CAKE-004,0,0,0.0,0
2026-08-16,outlet-4,CAKE-005,8,0,208.0,25
2026-08-16,outlet-4,CAKE-006,2,0,60.0,22
2026-08-16,outlet-4,CAKE-007,7,0,189.0,4
2026-08-16,outlet-4,CAKE-008,6,0,120.0,9
2026-08-16,outlet-4,CAKE-009,9,0,216.0,10
2026-08-16,outlet-4,CAKE-010,13,0,234.0,0
2026-08-16,outlet-5,CAKE-001,6,0,168.0,7
2026-08-16,outlet-5,CAKE-002,11,0,264.0,11
2026-08-16,outlet-5,CAKE-003,3,0,96.0,5
2026-08-16,outlet-5,CAKE-004,3,0,66.0,9
2026-08-16,outlet-5,CAKE-005,2,0,52.0,10
2026-08-16,outlet-5,CAKE-006,8,0,240.0,4
2026-08-16,outlet-5,CAKE-007,6,0,162.0,12
2026-08-16,outlet-5,CAKE-008,1,0,20.0,3
2026-08-16,outlet-5,CAKE-009,0,0,0.0,5
2026-08-16,outlet-5,CAKE-010,5,0,90.0,12
2026-08-17,outlet-1,CAKE-001,9,0,252.0,21
2026-08-17,outlet-1,CAKE-002,6,0,144.0,27
2026-08-17,outlet-1,CAKE-003,3,0,96.0,15
2026-08-17,outlet-1,CAKE-004,3,0,66.0,18
2026-08-17,outlet-1,CAKE-005,0,0,0.0,0
2026-08-17,outlet-1,CAKE-006,4,0,120.0,15
2026-08-17,outlet-1,CAKE-007,3,0,81.0,0
2026-08-17,outlet-1,CAKE-008,3,0,60.0,4
2026-08-17,outlet-1,CAKE-009,3,0,72.0,16
2026-08-17,outlet-1,CAKE-010,7,0,126.0,37
2026-08-17,outlet-2,CAKE-001,6,0,168.0,39
2026-08-17,outlet-2,CAKE-002,7,0,168.0,19
2026-08-17,outlet-2,CAKE-003,5,0,160.0,12
2026-08-17,outlet-2,CAKE-004,7,0,154.0,0
2026-08-17,outlet-2,CAKE-005,0,0,0.0,9
2026-08-17,outlet-2,CAKE-006,6,0,180.0,14
2026-08-17,outlet-2,CAKE-007,1,0,27.0,0
2026-08-17,outlet-2,CAKE-008,3,0,60.0,12
2026-08-17,outlet-2,CAKE-009,2,0,48.0,19
2026-08-17,outlet-2,CAKE-010,9,0,162.0,41
2026-08-17,outlet-3,CAKE-001,7,0,196.0,23
2026-08-17,outlet-3,CAKE-002,9,0,216.0,23
2026-08-17,outlet-3,CAKE-003,7,0,224.0,8
2026-08-17,outlet-3,CAKE-004,2,0,44.0,2
2026-08-17,outlet-3,CAKE-005,4,0,104.0,9
2026-08-17,outlet-3,CAKE-006,8,0,240.0,45
2026-08-17,outlet-3,CAKE-007,8,1,216.0,6
2026-08-17,outlet-3,CAKE-008,2,0,40.0,13
2026-08-17,outlet-3,CAKE-009,8,0,192.0,25
2026-08-17,outlet-3,CAKE-010,7,0,126.0,6
2026-08-17,outlet-4,CAKE-001,6,0,168.0,25
2026-08-17,outlet-4,CAKE-002,13,0,312.0,41
2026-08-17,outlet-4,CAKE-003,6,0,192.0,29
2026-08-17,outlet-4,CAKE-004,0,0,0.0,0
2026-08-17,outlet-4,CAKE-005,11,0,286.0,25
2026-08-17,outlet-4,CAKE-006,4,0,120.0,18
2026-08-17,outlet-4,CAKE-007,4,0,108.0,36
2026-08-17,outlet-4,CAKE-008,4,0,80.0,5
2026-08-17,outlet-4,CAKE-009,2,0,48.0,15
2026-08-17,outlet-4,CAKE-010,0,0,0.0,0
2026-08-17,outlet-5,CAKE-001,5,0,140.0,10
2026-08-17,outlet-5,CAKE-002,9,0,216.0,6
2026-08-17,outlet-5,CAKE-003,2,0,64.0,3
2026-08-17,outlet-5,CAKE-004,3,0,66.0,6
2026-08-17,outlet-5,CAKE-005,2,0,52.0,8
2026-08-17,outlet-5,CAKE-006,4,0,120.0,30
2026-08-17,outlet-5,CAKE-007,1,0,27.0,17
2026-08-17,outlet-5,CAKE-008,1,0,20.0,2
2026-08-17,outlet-5,CAKE-009,5,0,120.0,0
2026-08-17,outlet-5,CAKE-010,4,0,72.0,8
