branch_code,item_code,item_name,quantity,date
BR-A,CAKE-001,Chocolate Fudge Cake,33,2026-03-21
BR-A,CAKE-001,Chocolate Fudge Cake,15,2026-03-28
BR-A,CAKE-002,Vanilla Sponge Cake,18,2026-03-14
BR-A,CAKE-002,Vanilla Sponge Cake,2,2026-03-18
BR-A,CAKE-002,Vanilla Sponge Cake,9,2026-03-19
BR-A,CAKE-002,Vanilla Sponge Cake,2,2026-03-26
BR-A,CAKE-003,Red Velvet Cake,8,2026-03-01
BR-A,CAKE-003,Red Velvet Cake,2,2026-03-08
BR-A,CAKE-003,Red Velvet Cake,3,2026-03-15
BR-A,CAKE-004,Lemon Drizzle Cake,12,2026-03-27
BR-A,CAKE-005,Carrot Cake,16,2026-03-29
BR-A,CAKE-006,Black Forest Cake,7,2026-03-09
BR-A,CAKE-006,Black Forest Cake,6,2026-03-12
BR-A,CAKE-006,Black Forest Cake,16,2026-03-30
BR-A,CAKE-007,Strawberry Shortcake,28,2026-03-24
BR-A,CAKE-008,Whole-Wheat Cake,9,2026-03-11
BR-A,CAKE-009,Pineapple Upside-Down Cake,10,2026-03-05
BR-A,CAKE-009,Pineapple Upside-Down Cake,7,2026-03-15
BR-A,CAKE-010,Butter Cake,10,2026-03-01
BR-A,CAKE-010,Butter Cake,9,2026-03-23
BR-A,CAKE-010,Butter Cake,11,2026-03-28
BR-A,CAKE-011,German Chocolate Cake,3,2026-03-13
BR-A,CAKE-011,German Chocolate Cake,18,2026-03-29
BR-A,CAKE-012,Tiramisu Cake,4,2026-03-14
BR-A,CAKE-012,Tiramisu Cake,18,2026-03-17
BR-A,CAKE-013,Cheesecake,13,2026-03-09
BR-A,CAKE-013,Cheesecake,3,2026-03-17
BR-A,CAKE-013,Cheesecake,13,2026-03-28
BR-A,CAKE-013,Cheesecake,3,2026-03-30
BR-A,CAKE-014,Banana Walnut Cake,9,2026-03-01
BR-A,CAKE-014,Banana Walnut Cake,6,2026-03-08
BR-A,CAKE-014,Banana Walnut Cake,1,2026-03-19
BR-A,CAKE-014,Banana Walnut Cake,1,2026-03-26
BR-A,CAKE-015,Apple Cinnamon Cake,2,2026-03-14
BR-A,CAKE-015,Apple Cinnamon Cake,7,2026-03-20
BR-A,CAKE-015,Apple Cinnamon Cake,3,2026-03-23
BR-A,CAKE-016,Coconut Cake,4,2026-03-28
BR-A,CAKE-016,Coconut Cake,10,2026-03-29
BR-A,CAKE-017,Marble Cake,16,2026-03-09
BR-A,CAKE-017,Marble Cake,2,2026-03-13
BR-A,CAKE-017,Marble Cake,2,2026-03-18
BR-A,CAKE-018,Mango Mousse Cake,24,2026-03-26
BR-A,CAKE-019,Blueberry Muffin Tray,13,2026-03-07
BR-A,CAKE-019,Blueberry Muffin Tray,1,2026-03-10
BR-A,CAKE-019,Blueberry Muffin Tray,12,2026-03-27
BR-A,CAKE-020,Almond Gateau,16,2026-03-21
BR-A,CAKE-021,Hazelnut Praline Cake,6,2026-03-07
BR-A,CAKE-021,Hazelnut Praline Cake,2,2026-03-09
BR-A,CAKE-021,Hazelnut Praline Cake,1,2026-03-16
BR-A,CAKE-021,Hazelnut Praline Cake,4,2026-03-23
BR-A,CAKE-021,Hazelnut Praline Cake,1,2026-03-30
BR-A,CAKE-022,Orange Chiffon Cake,13,2026-03-14
BR-A,CAKE-022,Orange Chiffon Cake,3,2026-03-18
BR-A,CAKE-022,Orange Chiffon Cake,1,2026-03-22
BR-A,CAKE-023,Pistachio Cake,1,2026-03-15
BR-A,CAKE-023,Pistachio Cake,3,2026-03-23
BR-A,CAKE-023,Pistachio Cake,2,2026-03-26
BR-A,CAKE-023,Pistachio Cake,3,2026-03-31
BR-A,CAKE-024,Tres Leches Cake,6,2026-03-14
BR-A,CAKE-024,Tres Leches Cake,11,2026-03-31
BR-A,CAKE-025,Honey Cake,2,2026-03-09
BR-A,CAKE-025,Honey Cake,10,2026-03-21
BR-A,CAKE-026,Coffee Cake,13,2026-03-07
BR-A,CAKE-027,Fruit Gateau,15,2026-03-01
BR-A,CAKE-027,Fruit Gateau,7,2026-03-30
BR-A,CAKE-028,Coconut Macaroon Tray,9,2026-03-27
BR-A,CAKE-028,Coconut Macaroon Tray,3,2026-03-30
BR-A,CAKE-029,Lemon Meringue Cake,2,2026-03-02
BR-A,CAKE-029,Lemon Meringue Cake,2,2026-03-20
BR-A,CAKE-029,Lemon Meringue Cake,10,2026-03-25
BR-A,CAKE-030,Truffle Brownie Cake,29,2026-03-25
BR-B,CAKE-001,Chocolate Fudge Cake,54,2026-03-11
BR-B,CAKE-002,Vanilla Sponge Cake,32,2026-03-23
BR-B,CAKE-002,Vanilla Sponge Cake,3,2026-03-24
BR-B,CAKE-003,Red Velvet Cake,8,2026-03-05
BR-B,CAKE-003,Red Velvet Cake,7,2026-03-19
BR-B,CAKE-004,Lemon Drizzle Cake,2,2026-03-06
BR-B,CAKE-004,Lemon Drizzle Cake,3,2026-03-14
BR-B,CAKE-004,Lemon Drizzle Cake,4,2026-03-22
BR-B,CAKE-004,Lemon Drizzle Cake,4,2026-03-30
BR-B,CAKE-005,Carrot Cake,10,2026-03-05
BR-B,CAKE-005,Carrot Cake,4,2026-03-13
BR-B,CAKE-005,Carrot Cake,4,2026-03-26
BR-B,CAKE-006,Black Forest Cake,34,2026-03-01
BR-B,CAKE-007,Strawberry Shortcake,31,2026-03-03
BR-B,CAKE-009,Pineapple Upside-Down Cake,19,2026-03-25
BR-B,CAKE-010,Butter Cake,33,2026-03-16
BR-B,CAKE-011,German Chocolate Cake,24,2026-03-11
BR-B,CAKE-012,Tiramisu Cake,15,2026-03-19
BR-B,CAKE-012,Tiramisu Cake,10,2026-03-20
BR-B,CAKE-013,Cheesecake,36,2026-03-17
BR-B,CAKE-014,Banana Walnut Cake,15,2026-03-08
BR-B,CAKE-014,Banana Walnut Cake,4,2026-03-20
BR-B,CAKE-015,Apple Cinnamon Cake,13,2026-03-13
BR-B,CAKE-017,Marble Cake,23,2026-03-21
BR-B,CAKE-018,Mango Mousse Cake,15,2026-03-07
BR-B,CAKE-018,Mango Mousse Cake,6,2026-03-16
BR-B,CAKE-018,Mango Mousse Cake,4,2026-03-22
BR-B,CAKE-018,Mango Mousse Cake,2,2026-03-23
BR-B,CAKE-019,Blueberry Muffin Tray,29,2026-03-17
BR-B,CAKE-020,Almond Gateau,5,2026-03-06
BR-B,CAKE-020,Almond Gateau,1,2026-03-09
BR-B,CAKE-020,Almond Gateau,5,2026-03-13
BR-B,CAKE-020,Almond Gateau,7,2026-03-28
BR-B,CAKE-021,Hazelnut Praline Cake,2,2026-03-10
BR-B,CAKE-021,Hazelnut Praline Cake,14,2026-03-13
BR-B,CAKE-022,Orange Chiffon Cake,20,2026-03-15
BR-B,CAKE-023,Pistachio Cake,5,2026-03-06
BR-B,CAKE-023,Pistachio Cake,2,2026-03-11
BR-B,CAKE-023,Pistachio Cake,3,2026-03-15
BR-B,CAKE-024,Tres Leches Cake,17,2026-03-17
BR-B,CAKE-024,Tres Leches Cake,2,2026-03-26
BR-B,CAKE-025,Honey Cake,4,2026-03-01
BR-B,CAKE-025,Honey Cake,9,2026-03-03
BR-B,CAKE-025,Honey Cake,1,2026-03-31
BR-B,CAKE-026,Coffee Cake,7,2026-03-18
BR-B,CAKE-026,Coffee Cake,8,2026-03-26
BR-B,CAKE-027,Fruit Gateau,1,2026-03-06
BR-B,CAKE-027,Fruit Gateau,5,2026-03-12
BR-B,CAKE-027,Fruit Gateau,6,2026-03-18
BR-B,CAKE-027,Fruit Gateau,12,2026-03-28
BR-B,CAKE-028,Coconut Macaroon Tray,2,2026-03-09
BR-B,CAKE-028,Coconut Macaroon Tray,2,2026-03-20
BR-B,CAKE-028,Coconut Macaroon Tray,9,2026-03-23
BR-B,CAKE-029,Lemon Meringue Cake,7,2026-03-10
BR-B,CAKE-029,Lemon Meringue Cake,10,2026-03-19
BR-B,CAKE-030,Truffle Brownie Cake,7,2026-03-04
BR-B,CAKE-030,Truffle Brownie Cake,2,2026-03-09
BR-B,CAKE-030,Truffle Brownie Cake,25,2026-03-26
BR-C,CAKE-001,Chocolate Fudge Cake,49,2026-03-22
BR-C,CAKE-002,Vanilla Sponge Cake,31,2026-03-26
BR-C,CAKE-003,Red Velvet Cake,9,2026-03-09
BR-C,CAKE-003,Red Velvet Cake,4,2026-03-11
BR-C,CAKE-004,Lemon Drizzle Cake,12,2026-03-30
BR-C,CAKE-005,Carrot Cake,16,2026-03-03
BR-C,CAKE-007,Strawberry Shortcake,1,2026-03-01
BR-C,CAKE-007,Strawberry Shortcake,8,2026-03-02
BR-C,CAKE-007,Strawberry Shortcake,5,2026-03-04
BR-C,CAKE-007,Strawberry Shortcake,14,2026-03-08
BR-C,CAKE-008,Whole-Wheat Cake,9,2026-03-18
BR-C,CAKE-009,Pineapple Upside-Down Cake,6,2026-03-02
BR-C,CAKE-009,Pineapple Upside-Down Cake,2,2026-03-20
BR-C,CAKE-009,Pineapple Upside-Down Cake,4,2026-03-21
BR-C,CAKE-009,Pineapple Upside-Down Cake,1,2026-03-23
BR-C,CAKE-009,Pineapple Upside-Down Cake,4,2026-03-30
BR-C,CAKE-010,Butter Cake,20,2026-03-14
BR-C,CAKE-010,Butter Cake,10,2026-03-15
BR-C,CAKE-011,German Chocolate Cake,9,2026-03-10
BR-C,CAKE-011,German Chocolate Cake,3,2026-03-13
BR-C,CAKE-011,German Chocolate Cake,5,2026-03-27
BR-C,CAKE-011,German Chocolate Cake,5,2026-03-31
BR-C,CAKE-012,Tiramisu Cake,1,2026-03-10
BR-C,CAKE-012,Tiramisu Cake,13,2026-03-11
BR-C,CAKE-012,Tiramisu Cake,9,2026-03-23
BR-C,CAKE-013,Cheesecake,4,2026-03-11
BR-C,CAKE-013,Cheesecake,6,2026-03-14
BR-C,CAKE-013,Cheesecake,16,2026-03-19
BR-C,CAKE-013,Cheesecake,4,2026-03-25
BR-C,CAKE-013,Cheesecake,2,2026-03-29
BR-C,CAKE-015,Apple Cinnamon Cake,12,2026-03-02
BR-C,CAKE-016,Coconut Cake,15,2026-03-20
BR-C,CAKE-017,Marble Cake,21,2026-03-17
BR-C,CAKE-018,Mango Mousse Cake,21,2026-03-01
BR-C,CAKE-018,Mango Mousse Cake,4,2026-03-10
BR-C,CAKE-019,Blueberry Muffin Tray,26,2026-03-14
BR-C,CAKE-020,Almond Gateau,16,2026-03-14
BR-C,CAKE-021,Hazelnut Praline Cake,3,2026-03-01
BR-C,CAKE-021,Hazelnut Praline Cake,6,2026-03-22
BR-C,CAKE-021,Hazelnut Praline Cake,5,2026-03-23
BR-C,CAKE-022,Orange Chiffon Cake,9,2026-03-05
BR-C,CAKE-022,Orange Chiffon Cake,4,2026-03-08
BR-C,CAKE-022,Orange Chiffon Cake,5,2026-03-26
BR-C,CAKE-024,Tres Leches Cake,9,2026-03-11
BR-C,CAKE-024,Tres Leches Cake,8,2026-03-31
BR-C,CAKE-025,Honey Cake,2,2026-03-06
BR-C,CAKE-025,Honey Cake,11,2026-03-27
BR-C,CAKE-026,Coffee Cake,5,2026-03-11
BR-C,CAKE-026,Coffee Cake,4,2026-03-17
BR-C,CAKE-026,Coffee Cake,4,2026-03-21
BR-C,CAKE-027,Fruit Gateau,22,2026-03-22
BR-C,CAKE-028,Coconut Macaroon Tray,4,2026-03-02
BR-C,CAKE-028,Coconut Macaroon Tray,8,2026-03-16
BR-C,CAKE-029,Lemon Meringue Cake,3,2026-03-24
BR-C,CAKE-029,Lemon Meringue Cake,11,2026-03-29
BR-C,CAKE-029,Lemon Meringue Cake,1,2026-03-30
BR-C,CAKE-030,Truffle Brownie Cake,12,2026-03-08
BR-C,CAKE-030,Truffle Brownie Cake,14,2026-03-18
BR-C,CAKE-030,Truffle Brownie Cake,4,2026-03-27
BR-D,CAKE-001,Chocolate Fudge Cake,23,2026-03-15
BR-D,CAKE-001,Chocolate Fudge Cake,1,2026-03-18
BR-D,CAKE-001,Chocolate Fudge Cake,6,2026-03-21
BR-D,CAKE-001,Chocolate Fudge Cake,7,2026-03-26
BR-D,CAKE-002,Vanilla Sponge Cake,10,2026-03-06
BR-D,CAKE-002,Vanilla Sponge Cake,9,2026-03-07
BR-D,CAKE-002,Vanilla Sponge Cake,5,2026-03-21
BR-D,CAKE-003,Red Velvet Cake,1,2026-03-12
BR-D,CAKE-003,Red Velvet Cake,9,2026-03-31
BR-D,CAKE-004,Lemon Drizzle Cake,1,2026-03-03
BR-D,CAKE-004,Lemon Drizzle Cake,6,2026-03-06
BR-D,CAKE-004,Lemon Drizzle Cake,1,2026-03-10
BR-D,CAKE-004,Lemon Drizzle Cake,1,2026-03-21
BR-D,CAKE-005,Carrot Cake,2,2026-03-01
BR-D,CAKE-005,Carrot Cake,1,2026-03-18
BR-D,CAKE-005,Carrot Cake,8,2026-03-29
BR-D,CAKE-006,Black Forest Cake,2,2026-03-13
BR-D,CAKE-006,Black Forest Cake,8,2026-03-17
BR-D,CAKE-006,Black Forest Cake,9,2026-03-18
BR-D,CAKE-006,Black Forest Cake,4,2026-03-31
BR-D,CAKE-007,Strawberry Shortcake,4,2026-03-03
BR-D,CAKE-007,Strawberry Shortcake,13,2026-03-05
BR-D,CAKE-007,Strawberry Shortcake,4,2026-03-24
BR-D,CAKE-008,Whole-Wheat Cake,3,2026-03-02
BR-D,CAKE-008,Whole-Wheat Cake,4,2026-03-24
BR-D,CAKE-009,Pineapple Upside-Down Cake,3,2026-03-10
BR-D,CAKE-009,Pineapple Upside-Down Cake,2,2026-03-12
BR-D,CAKE-009,Pineapple Upside-Down Cake,7,2026-03-18
BR-D,CAKE-010,Butter Cake,22,2026-03-24
BR-D,CAKE-011,German Chocolate Cake,7,2026-03-12
BR-D,CAKE-011,German Chocolate Cake,1,2026-03-25
BR-D,CAKE-011,German Chocolate Cake,3,2026-03-26
BR-D,CAKE-011,German Chocolate Cake,5,2026-03-29
BR-D,CAKE-012,Tiramisu Cake,6,2026-03-01
BR-D,CAKE-012,Tiramisu Cake,3,2026-03-06
BR-D,CAKE-012,Tiramisu Cake,3,2026-03-11
BR-D,CAKE-012,Tiramisu Cake,5,2026-03-18
BR-D,CAKE-013,Cheesecake,24,2026-03-04
BR-D,CAKE-014,Banana Walnut Cake,1,2026-03-03
BR-D,CAKE-014,Banana Walnut Cake,5,2026-03-07
BR-D,CAKE-014,Banana Walnut Cake,5,2026-03-10
BR-D,CAKE-014,Banana Walnut Cake,1,2026-03-12
BR-D,CAKE-015,Apple Cinnamon Cake,4,2026-03-04
BR-D,CAKE-015,Apple Cinnamon Cake,5,2026-03-05
BR-D,CAKE-016,Coconut Cake,2,2026-03-09
BR-D,CAKE-016,Coconut Cake,9,2026-03-13
BR-D,CAKE-017,Marble Cake,6,2026-03-16
BR-D,CAKE-017,Marble Cake,9,2026-03-30
BR-D,CAKE-018,Mango Mousse Cake,8,2026-03-12
BR-D,CAKE-018,Mango Mousse Cake,10,2026-03-27
BR-D,CAKE-019,Blueberry Muffin Tray,19,2026-03-03
BR-D,CAKE-019,Blueberry Muffin Tray,1,2026-03-12
BR-D,CAKE-020,Almond Gateau,5,2026-03-06
BR-D,CAKE-020,Almond Gateau,2,2026-03-08
BR-D,CAKE-020,Almond Gateau,1,2026-03-11
BR-D,CAKE-020,Almond Gateau,1,2026-03-14
BR-D,CAKE-020,Almond Gateau,2,2026-03-22
BR-D,CAKE-021,Hazelnut Praline Cake,11,2026-03-30
BR-D,CAKE-022,Orange Chiffon Cake,7,2026-03-06
BR-D,CAKE-022,Orange Chiffon Cake,1,2026-03-07
BR-D,CAKE-022,Orange Chiffon Cake,5,2026-03-11
BR-D,CAKE-023,Pistachio Cake,7,2026-03-23
BR-D,CAKE-024,Tres Leches Cake,6,2026-03-19
BR-D,CAKE-024,Tres Leches Cake,1,2026-03-26
BR-D,CAKE-024,Tres Leches Cake,5,2026-03-27
BR-D,CAKE-025,Honey Cake,9,2026-03-24
BR-D,CAKE-026,Coffee Cake,5,2026-03-04
BR-D,CAKE-026,Coffee Cake,2,2026-03-11
BR-D,CAKE-026,Coffee Cake,3,2026-03-27
BR-D,CAKE-027,Fruit Gateau,3,2026-03-08
BR-D,CAKE-027,Fruit Gateau,2,2026-03-09
BR-D,CAKE-027,Fruit Gateau,3,2026-03-18
BR-D,CAKE-027,Fruit Gateau,8,2026-03-21
BR-D,CAKE-028,Coconut Macaroon Tray,8,2026-03-25
BR-D,CAKE-029,Lemon Meringue Cake,11,2026-03-15
BR-D,CAKE-030,Truffle Brownie Cake,23,2026-03-18
BR-E,CAKE-001,Chocolate Fudge Cake,7,2026-03-22
BR-E,CAKE-001,Chocolate Fudge Cake,15,2026-03-25
BR-E,CAKE-001,Chocolate Fudge Cake,16,2026-03-30
BR-E,CAKE-002,Vanilla Sponge Cake,21,2026-03-17
BR-E,CAKE-002,Vanilla Sponge Cake,1,2026-03-18
BR-E,CAKE-002,Vanilla Sponge Cake,3,2026-03-25
BR-E,CAKE-003,Red Velvet Cake,10,2026-03-11
BR-E,CAKE-004,Lemon Drizzle Cake,10,2026-03-06
BR-E,CAKE-006,Black Forest Cake,24,2026-03-11
BR-E,CAKE-007,Strawberry Shortcake,16,2026-03-28
BR-E,CAKE-007,Strawberry Shortcake,6,2026-03-29
BR-E,CAKE-008,Whole-Wheat Cake,7,2026-03-25
BR-E,CAKE-009,Pineapple Upside-Down Cake,13,2026-03-28
BR-E,CAKE-010,Butter Cake,24,2026-03-25
BR-E,CAKE-011,German Chocolate Cake,9,2026-03-20
BR-E,CAKE-011,German Chocolate Cake,8,2026-03-21
BR-E,CAKE-012,Tiramisu Cake,7,2026-03-18
BR-E,CAKE-012,Tiramisu Cake,11,2026-03-25
BR-E,CAKE-014,Banana Walnut Cake,13,2026-03-08
BR-E,CAKE-015,Apple Cinnamon Cake,10,2026-03-22
BR-E,CAKE-016,Coconut Cake,12,2026-03-19
BR-E,CAKE-017,Marble Cake,10,2026-03-05
BR-E,CAKE-017,Marble Cake,6,2026-03-18
BR-E,CAKE-018,Mango Mousse Cake,20,2026-03-14
BR-E,CAKE-020,Almond Gateau,4,2026-03-30
BR-E,CAKE-020,Almond Gateau,9,2026-03-31
BR-E,CAKE-021,Hazelnut Praline Cake,6,2026-03-11
BR-E,CAKE-021,Hazelnut Praline Cake,4,2026-03-16
BR-E,CAKE-021,Hazelnut Praline Cake,1,2026-03-20
BR-E,CAKE-022,Orange Chiffon Cake,1,2026-03-01
BR-E,CAKE-022,Orange Chiffon Cake,4,2026-03-05
BR-E,CAKE-022,Orange Chiffon Cake,6,2026-03-16
BR-E,CAKE-022,Orange Chiffon Cake,3,2026-03-26
BR-E,CAKE-023,Pistachio Cake,2,2026-03-09
BR-E,CAKE-023,Pistachio Cake,1,2026-03-17
BR-E,CAKE-023,Pistachio Cake,1,2026-03-24
BR-E,CAKE-023,Pistachio Cake,3,2026-03-27
BR-E,CAKE-024,Tres Leches Cake,13,2026-03-02
BR-E,CAKE-025,Honey Cake,4,2026-03-03
BR-E,CAKE-025,Honey Cake,1,2026-03-17
BR-E,CAKE-025,Honey Cake,4,2026-03-20
BR-E,CAKE-025,Honey Cake,1,2026-03-28
BR-E,CAKE-026,Coffee Cake,8,2026-03-11
BR-E,CAKE-026,Coffee Cake,2,2026-03-22
BR-E,CAKE-027,Fruit Gateau,18,2026-03-18
BR-E,CAKE-028,Coconut Macaroon Tray,9,2026-03-09
BR-E,CAKE-029,Lemon Meringue Cake,2,2026-03-01
BR-E,CAKE-029,Lemon Meringue Cake,5,2026-03-07
BR-E,CAKE-029,Lemon Meringue Cake,2,2026-03-15
BR-E,CAKE-029,Lemon Meringue Cake,2,2026-03-20
BR-E,CAKE-029,Lemon Meringue Cake,1,2026-03-30
BR-E,CAKE-030,Truffle Brownie Cake,17,2026-03-05
BR-E,CAKE-030,Truffle Brownie Cake,7,2026-03-17
BR-F,CAKE-001,Chocolate Fudge Cake,9,2026-03-12
BR-F,CAKE-001,Chocolate Fudge Cake,12,2026-03-13
BR-F,CAKE-001,Chocolate Fudge Cake,11,2026-03-18
BR-F,CAKE-001,Chocolate Fudge Cake,2,2026-03-21
BR-F,CAKE-002,Vanilla Sponge Cake,5,2026-03-18
BR-F,CAKE-002,Vanilla Sponge Cake,17,2026-03-20
BR-F,CAKE-003,Red Velvet Cake,9,2026-03-05
BR-F,CAKE-004,Lemon Drizzle Cake,5,2026-03-02
BR-F,CAKE-004,Lemon Drizzle Cake,1,2026-03-22
BR-F,CAKE-004,Lemon Drizzle Cake,2,2026-03-26
BR-F,CAKE-005,Carrot Cake,11,2026-03-10
BR-F,CAKE-006,Black Forest Cake,22,2026-03-09
BR-F,CAKE-007,Strawberry Shortcake,5,2026-03-02
BR-F,CAKE-007,Strawberry Shortcake,10,2026-03-06
BR-F,CAKE-007,Strawberry Shortcake,4,2026-03-23
BR-F,CAKE-008,Whole-Wheat Cake,4,2026-03-18
BR-F,CAKE-008,Whole-Wheat Cake,1,2026-03-30
BR-F,CAKE-008,Whole-Wheat Cake,1,2026-03-31
BR-F,CAKE-010,Butter Cake,20,2026-03-18
BR-F,CAKE-011,German Chocolate Cake,3,2026-03-05
BR-F,CAKE-011,German Chocolate Cake,4,2026-03-11
BR-F,CAKE-011,German Chocolate Cake,7,2026-03-29
BR-F,CAKE-012,Tiramisu Cake,16,2026-03-01
BR-F,CAKE-014,Banana Walnut Cake,1,2026-03-06
BR-F,CAKE-014,Banana Walnut Cake,4,2026-03-07
BR-F,CAKE-014,Banana Walnut Cake,1,2026-03-17
BR-F,CAKE-014,Banana Walnut Cake,5,2026-03-28
BR-F,CAKE-015,Apple Cinnamon Cake,4,2026-03-07
BR-F,CAKE-015,Apple Cinnamon Cake,4,2026-03-27
BR-F,CAKE-016,Coconut Cake,10,2026-03-22
BR-F,CAKE-017,Marble Cake,14,2026-03-06
BR-F,CAKE-018,Mango Mousse Cake,14,2026-03-07
BR-F,CAKE-018,Mango Mousse Cake,1,2026-03-12
BR-F,CAKE-018,Mango Mousse Cake,2,2026-03-23
BR-F,CAKE-018,Mango Mousse Cake,1,2026-03-31
BR-F,CAKE-019,Blueberry Muffin Tray,3,2026-03-07
BR-F,CAKE-019,Blueberry Muffin Tray,13,2026-03-24
BR-F,CAKE-019,Blueberry Muffin Tray,2,2026-03-29
BR-F,CAKE-020,Almond Gateau,3,2026-03-04
BR-F,CAKE-020,Almond Gateau,3,2026-03-06
BR-F,CAKE-020,Almond Gateau,5,2026-03-07
BR-F,CAKE-021,Hazelnut Praline Cake,10,2026-03-31
BR-F,CAKE-022,Orange Chiffon Cake,9,2026-03-05
BR-F,CAKE-022,Orange Chiffon Cake,3,2026-03-21
BR-F,CAKE-023,Pistachio Cake,3,2026-03-10
BR-F,CAKE-023,Pistachio Cake,3,2026-03-24
BR-F,CAKE-024,Tres Leches Cake,11,2026-03-17
BR-F,CAKE-025,Honey Cake,8,2026-03-12
BR-F,CAKE-026,Coffee Cake,9,2026-03-26
BR-F,CAKE-027,Fruit Gateau,15,2026-03-12
BR-F,CAKE-028,Coconut Macaroon Tray,5,2026-03-02
BR-F,CAKE-028,Coconut Macaroon Tray,3,2026-03-30
BR-F,CAKE-029,Lemon Meringue Cake,5,2026-03-22
BR-F,CAKE-029,Lemon Meringue Cake,5,2026-03-31
BR-F,CAKE-030,Truffle Brownie Cake,18,2026-03-26
BR-F,CAKE-030,Truffle Brownie Cake,4,2026-03-27
BR-G,CAKE-001,Chocolate Fudge Cake,4,2026-03-09
BR-G,CAKE-001,Chocolate Fudge Cake,27,2026-03-27
BR-G,CAKE-002,Vanilla Sponge Cake,21,2026-03-02
BR-G,CAKE-003,Red Velvet Cake,1,2026-03-19
BR-G,CAKE-003,Red Velvet Cake,3,2026-03-21
BR-G,CAKE-003,Red Velvet Cake,1,2026-03-26
BR-G,CAKE-003,Red Velvet Cake,3,2026-03-31
BR-G,CAKE-004,Lemon Drizzle Cake,1,2026-03-05
BR-G,CAKE-004,Lemon Drizzle Cake,7,2026-03-29
BR-G,CAKE-005,Carrot Cake,10,2026-03-13
BR-G,CAKE-006,Black Forest Cake,9,2026-03-01
BR-G,CAKE-006,Black Forest Cake,11,2026-03-02
BR-G,CAKE-007,Strawberry Shortcake,18,2026-03-20
BR-G,CAKE-008,Whole-Wheat Cake,2,2026-03-10
BR-G,CAKE-008,Whole-Wheat Cake,1,2026-03-16
BR-G,CAKE-008,Whole-Wheat Cake,3,2026-03-31
BR-G,CAKE-009,Pineapple Upside-Down Cake,4,2026-03-08
BR-G,CAKE-009,Pineapple Upside-Down Cake,4,2026-03-13
BR-G,CAKE-009,Pineapple Upside-Down Cake,2,2026-03-17
BR-G,CAKE-010,Butter Cake,19,2026-03-02
BR-G,CAKE-011,German Chocolate Cake,8,2026-03-07
BR-G,CAKE-011,German Chocolate Cake,5,2026-03-25
BR-G,CAKE-012,Tiramisu Cake,7,2026-03-16
BR-G,CAKE-012,Tiramisu Cake,8,2026-03-17
BR-G,CAKE-014,Banana Walnut Cake,10,2026-03-02
BR-G,CAKE-015,Apple Cinnamon Cake,2,2026-03-11
BR-G,CAKE-015,Apple Cinnamon Cake,1,2026-03-17
BR-G,CAKE-015,Apple Cinnamon Cake,5,2026-03-28
BR-G,CAKE-016,Coconut Cake,1,2026-03-12
BR-G,CAKE-016,Coconut Cake,9,2026-03-20
BR-G,CAKE-017,Marble Cake,13,2026-03-17
BR-G,CAKE-018,Mango Mousse Cake,16,2026-03-07
BR-G,CAKE-019,Blueberry Muffin Tray,15,2026-03-13
BR-G,CAKE-019,Blueberry Muffin Tray,2,2026-03-26
BR-G,CAKE-020,Almond Gateau,10,2026-03-14
BR-G,CAKE-021,Hazelnut Praline Cake,10,2026-03-07
BR-G,CAKE-023,Pistachio Cake,6,2026-03-09
BR-G,CAKE-024,Tres Leches Cake,10,2026-03-06
BR-G,CAKE-025,Honey Cake,8,2026-03-23
BR-G,CAKE-026,Coffee Cake,1,2026-03-15
BR-G,CAKE-026,Coffee Cake,4,2026-03-18
BR-G,CAKE-026,Coffee Cake,3,2026-03-29
BR-G,CAKE-027,Fruit Gateau,14,2026-03-29
BR-G,CAKE-028,Coconut Macaroon Tray,5,2026-03-02
BR-G,CAKE-028,Coconut Macaroon Tray,2,2026-03-21
BR-G,CAKE-028,Coconut Macaroon Tray,1,2026-03-30
BR-G,CAKE-029,Lemon Meringue Cake,1,2026-03-03
BR-G,CAKE-029,Lemon Meringue Cake,3,2026-03-06
BR-G,CAKE-029,Lemon Meringue Cake,4,2026-03-10
BR-G,CAKE-029,Lemon Meringue Cake,2,2026-03-21
BR-G,CAKE-030,Truffle Brownie Cake,20,2026-03-10
BR-H,CAKE-001,Chocolate Fudge Cake,24,2026-03-30
BR-H,CAKE-002,Vanilla Sponge Cake,3,2026-03-17
BR-H,CAKE-002,Vanilla Sponge Cake,6,2026-03-18
BR-H,CAKE-002,Vanilla Sponge Cake,3,2026-03-19
BR-H,CAKE-002,Vanilla Sponge Cake,3,2026-03-21
BR-H,CAKE-003,Red Velvet Cake,1,2026-03-12
BR-H,CAKE-003,Red Velvet Cake,5,2026-03-18
BR-H,CAKE-004,Lemon Drizzle Cake,6,2026-03-03
BR-H,CAKE-005,Carrot Cake,8,2026-03-13
BR-H,CAKE-006,Black Forest Cake,10,2026-03-06
BR-H,CAKE-006,Black Forest Cake,5,2026-03-08
BR-H,CAKE-007,Strawberry Shortcake,13,2026-03-25
BR-H,CAKE-008,Whole-Wheat Cake,5,2026-03-21
BR-H,CAKE-009,Pineapple Upside-Down Cake,1,2026-03-03
BR-H,CAKE-009,Pineapple Upside-Down Cake,7,2026-03-12
BR-H,CAKE-010,Butter Cake,14,2026-03-31
BR-H,CAKE-011,German Chocolate Cake,4,2026-03-16
BR-H,CAKE-011,German Chocolate Cake,6,2026-03-27
BR-H,CAKE-012,Tiramisu Cake,11,2026-03-26
BR-H,CAKE-013,Cheesecake,2,2026-03-01
BR-H,CAKE-013,Cheesecake,14,2026-03-05
BR-H,CAKE-014,Banana Walnut Cake,8,2026-03-23
BR-H,CAKE-015,Apple Cinnamon Cake,5,2026-03-11
BR-H,CAKE-015,Apple Cinnamon Cake,1,2026-03-17
BR-H,CAKE-016,Coconut Cake,7,2026-03-22
BR-H,CAKE-017,Marble Cake,2,2026-03-08
BR-H,CAKE-017,Marble Cake,2,2026-03-13
BR-H,CAKE-017,Marble Cake,6,2026-03-29
BR-H,CAKE-018,Mango Mousse Cake,10,2026-03-19
BR-H,CAKE-018,Mango Mousse Cake,1,2026-03-22
BR-H,CAKE-019,Blueberry Muffin Tray,1,2026-03-11
BR-H,CAKE-019,Blueberry Muffin Tray,11,2026-03-24
BR-H,CAKE-019,Blueberry Muffin Tray,1,2026-03-30
BR-H,CAKE-020,Almond Gateau,1,2026-03-08
BR-H,CAKE-020,Almond Gateau,7,2026-03-22
BR-H,CAKE-021,Hazelnut Praline Cake,1,2026-03-01
BR-H,CAKE-021,Hazelnut Praline Cake,3,2026-03-03
BR-H,CAKE-021,Hazelnut Praline Cake,1,2026-03-05
BR-H,CAKE-021,Hazelnut Praline Cake,1,2026-03-17
BR-H,CAKE-021,Hazelnut Praline Cake,1,2026-03-20
BR-H,CAKE-022,Orange Chiffon Cake,3,2026-03-01
BR-H,CAKE-022,Orange Chiffon Cake,5,2026-03-15
BR-H,CAKE-023,Pistachio Cake,1,2026-03-04
BR-H,CAKE-023,Pistachio Cake,1,2026-03-08
BR-H,CAKE-023,Pistachio Cake,1,2026-03-11
BR-H,CAKE-023,Pistachio Cake,1,2026-03-19
BR-H,CAKE-023,Pistachio Cake,1,2026-03-27
BR-H,CAKE-024,Tres Leches Cake,8,2026-03-13
BR-H,CAKE-025,Honey Cake,4,2026-03-24
BR-H,CAKE-025,Honey Cake,2,2026-03-31
BR-H,CAKE-026,Coffee Cake,6,2026-03-24
BR-H,CAKE-027,Fruit Gateau,6,2026-03-06
BR-H,CAKE-027,Fruit Gateau,4,2026-03-27
BR-H,CAKE-028,Coconut Macaroon Tray,2,2026-03-07
BR-H,CAKE-028,Coconut Macaroon Tray,3,2026-03-23
BR-H,CAKE-029,Lemon Meringue Cake,1,2026-03-04
BR-H,CAKE-029,Lemon Meringue Cake,1,2026-03-05
BR-H,CAKE-029,Lemon Meringue Cake,1,2026-03-08
BR-H,CAKE-029,Lemon Meringue Cake,1,2026-03-13
BR-H,CAKE-029,Lemon Meringue Cake,3,2026-03-26
BR-H,CAKE-030,Truffle Brownie Cake,7,2026-03-07
BR-H,CAKE-030,Truffle Brownie Cake,8,2026-03-20
BR-I,CAKE-001,Chocolate Fudge Cake,13,2026-03-09
BR-I,CAKE-001,Chocolate Fudge Cake,5,2026-03-12
BR-I,CAKE-001,Chocolate Fudge Cake,5,2026-03-28
BR-I,CAKE-001,Chocolate Fudge Cake,6,2026-03-30
BR-I,CAKE-002,Vanilla Sponge Cake,19,2026-03-10
BR-I,CAKE-004,Lemon Drizzle Cake,7,2026-03-06
BR-I,CAKE-005,Carrot Cake,3,2026-03-13
BR-I,CAKE-005,Carrot Cake,1,2026-03-16
BR-I,CAKE-005,Carrot Cake,5,2026-03-21
BR-I,CAKE-006,Black Forest Cake,2,2026-03-20
BR-I,CAKE-006,Black Forest Cake,16,2026-03-26
BR-I,CAKE-007,Strawberry Shortcake,14,2026-03-08
BR-I,CAKE-007,Strawberry Shortcake,3,2026-03-23
BR-I,CAKE-008,Whole-Wheat Cake,5,2026-03-10
BR-I,CAKE-008,Whole-Wheat Cake,1,2026-03-26
BR-I,CAKE-009,Pineapple Upside-Down Cake,3,2026-03-01
BR-I,CAKE-009,Pineapple Upside-Down Cake,3,2026-03-08
BR-I,CAKE-009,Pineapple Upside-Down Cake,1,2026-03-13
BR-I,CAKE-009,Pineapple Upside-Down Cake,2,2026-03-17
BR-I,CAKE-009,Pineapple Upside-Down Cake,1,2026-03-25
BR-I,CAKE-010,Butter Cake,12,2026-03-28
BR-I,CAKE-010,Butter Cake,6,2026-03-31
BR-I,CAKE-011,German Chocolate Cake,7,2026-03-12
BR-I,CAKE-011,German Chocolate Cake,6,2026-03-28
BR-I,CAKE-012,Tiramisu Cake,2,2026-03-06
BR-I,CAKE-012,Tiramisu Cake,2,2026-03-13
BR-I,CAKE-012,Tiramisu Cake,8,2026-03-16
BR-I,CAKE-012,Tiramisu Cake,2,2026-03-20
BR-I,CAKE-013,Cheesecake,14,2026-03-01
BR-I,CAKE-013,Cheesecake,3,2026-03-07
BR-I,CAKE-013,Cheesecake,2,2026-03-12
BR-I,CAKE-014,Banana Walnut Cake,1,2026-03-12
BR-I,CAKE-014,Banana Walnut Cake,1,2026-03-15
BR-I,CAKE-014,Banana Walnut Cake,2,2026-03-17
BR-I,CAKE-014,Banana Walnut Cake,4,2026-03-20
BR-I,CAKE-014,Banana Walnut Cake,2,2026-03-21
BR-I,CAKE-015,Apple Cinnamon Cake,4,2026-03-08
BR-I,CAKE-015,Apple Cinnamon Cake,3,2026-03-11
BR-I,CAKE-016,Coconut Cake,8,2026-03-29
BR-I,CAKE-017,Marble Cake,13,2026-03-05
BR-I,CAKE-018,Mango Mousse Cake,11,2026-03-04
BR-I,CAKE-018,Mango Mousse Cake,3,2026-03-27
BR-I,CAKE-019,Blueberry Muffin Tray,8,2026-03-04
BR-I,CAKE-019,Blueberry Muffin Tray,1,2026-03-06
BR-I,CAKE-019,Blueberry Muffin Tray,5,2026-03-11
BR-I,CAKE-019,Blueberry Muffin Tray,2,2026-03-20
BR-I,CAKE-020,Almond Gateau,9,2026-03-15
BR-I,CAKE-021,Hazelnut Praline Cake,1,2026-03-03
BR-I,CAKE-021,Hazelnut Praline Cake,3,2026-03-05
BR-I,CAKE-021,Hazelnut Praline Cake,1,2026-03-25
BR-I,CAKE-021,Hazelnut Praline Cake,3,2026-03-31
BR-I,CAKE-023,Pistachio Cake,1,2026-03-02
BR-I,CAKE-023,Pistachio Cake,1,2026-03-12
BR-I,CAKE-023,Pistachio Cake,2,2026-03-15
BR-I,CAKE-023,Pistachio Cake,2,2026-03-16
BR-I,CAKE-024,Tres Leches Cake,3,2026-03-03
BR-I,CAKE-024,Tres Leches Cake,1,2026-03-09
BR-I,CAKE-024,Tres Leches Cake,2,2026-03-17
BR-I,CAKE-024,Tres Leches Cake,1,2026-03-18
BR-I,CAKE-024,Tres Leches Cake,3,2026-03-23
BR-I,CAKE-025,Honey Cake,7,2026-03-31
BR-I,CAKE-026,Coffee Cake,3,2026-03-09
BR-I,CAKE-026,Coffee Cake,2,2026-03-14
BR-I,CAKE-026,Coffee Cake,2,2026-03-25
BR-I,CAKE-026,Coffee Cake,1,2026-03-26
BR-I,CAKE-027,Fruit Gateau,2,2026-03-14
BR-I,CAKE-027,Fruit Gateau,4,2026-03-21
BR-I,CAKE-027,Fruit Gateau,7,2026-03-29
BR-I,CAKE-028,Coconut Macaroon Tray,3,2026-03-14
BR-I,CAKE-028,Coconut Macaroon Tray,2,2026-03-20
BR-I,CAKE-028,Coconut Macaroon Tray,1,2026-03-28
BR-I,CAKE-029,Lemon Meringue Cake,8,2026-03-24
BR-I,CAKE-030,Truffle Brownie Cake,17,2026-03-09
BR-I,CAKE-030,Truffle Brownie Cake,1,2026-03-14
BR-J,CAKE-002,Vanilla Sponge Cake,5,2026-03-14
BR-J,CAKE-002,Vanilla Sponge Cake,11,2026-03-24
BR-J,CAKE-003,Red Velvet Cake,7,2026-03-23
BR-J,CAKE-004,Lemon Drizzle Cake,2,2026-03-12
BR-J,CAKE-004,Lemon Drizzle Cake,2,2026-03-17
BR-J,CAKE-004,Lemon Drizzle Cake,2,2026-03-27
BR-J,CAKE-005,Carrot Cake,8,2026-03-04
BR-J,CAKE-006,Black Forest Cake,15,2026-03-30
BR-J,CAKE-007,Strawberry Shortcake,12,2026-03-11
BR-J,CAKE-007,Strawberry Shortcake,2,2026-03-24
BR-J,CAKE-008,Whole-Wheat Cake,3,2026-03-13
BR-J,CAKE-008,Whole-Wheat Cake,2,2026-03-21
BR-J,CAKE-009,Pineapple Upside-Down Cake,7,2026-03-04
BR-J,CAKE-009,Pineapple Upside-Down Cake,2,2026-03-22
BR-J,CAKE-010,Butter Cake,7,2026-03-11
BR-J,CAKE-010,Butter Cake,4,2026-03-13
BR-J,CAKE-010,Butter Cake,2,2026-03-15
BR-J,CAKE-010,Butter Cake,2,2026-03-19
BR-J,CAKE-011,German Chocolate Cake,6,2026-03-09
BR-J,CAKE-011,German Chocolate Cake,1,2026-03-16
BR-J,CAKE-011,German Chocolate Cake,4,2026-03-26
BR-J,CAKE-013,Cheesecake,17,2026-03-01
BR-J,CAKE-014,Banana Walnut Cake,9,2026-03-18
BR-J,CAKE-015,Apple Cinnamon Cake,6,2026-03-11
BR-J,CAKE-016,Coconut Cake,7,2026-03-30
BR-J,CAKE-017,Marble Cake,1,2026-03-02
BR-J,CAKE-017,Marble Cake,3,2026-03-03
BR-J,CAKE-017,Marble Cake,7,2026-03-07
BR-J,CAKE-018,Mango Mousse Cake,12,2026-03-12
BR-J,CAKE-019,Blueberry Muffin Tray,2,2026-03-02
BR-J,CAKE-019,Blueberry Muffin Tray,6,2026-03-17
BR-J,CAKE-019,Blueberry Muffin Tray,1,2026-03-18
BR-J,CAKE-019,Blueberry Muffin Tray,1,2026-03-20
BR-J,CAKE-019,Blueberry Muffin Tray,4,2026-03-21
BR-J,CAKE-020,Almond Gateau,8,2026-03-14
BR-J,CAKE-021,Hazelnut Praline Cake,1,2026-03-03
BR-J,CAKE-021,Hazelnut Praline Cake,5,2026-03-19
BR-J,CAKE-021,Hazelnut Praline Cake,1,2026-03-26
BR-J,CAKE-022,Orange Chiffon Cake,1,2026-03-15
BR-J,CAKE-022,Orange Chiffon Cake,1,2026-03-18
BR-J,CAKE-022,Orange Chiffon Cake,7,2026-03-27
BR-J,CAKE-023,Pistachio Cake,2,2026-03-12
BR-J,CAKE-023,Pistachio Cake,1,2026-03-18
BR-J,CAKE-023,Pistachio Cake,2,2026-03-30
BR-J,CAKE-024,Tres Leches Cake,1,2026-03-05
BR-J,CAKE-024,Tres Leches Cake,3,2026-03-10
BR-J,CAKE-024,Tres Leches Cake,5,2026-03-14
BR-J,CAKE-025,Honey Cake,2,2026-03-02
BR-J,CAKE-025,Honey Cake,1,2026-03-03
BR-J,CAKE-025,Honey Cake,1,2026-03-15
BR-J,CAKE-025,Honey Cake,1,2026-03-23
BR-J,CAKE-025,Honey Cake,1,2026-03-31
BR-J,CAKE-026,Coffee Cake,2,2026-03-01
BR-J,CAKE-026,Coffee Cake,2,2026-03-10
BR-J,CAKE-026,Coffee Cake,3,2026-03-26
BR-J,CAKE-027,Fruit Gateau,11,2026-03-05
BR-J,CAKE-028,Coconut Macaroon Tray,5,2026-03-24
BR-J,CAKE-029,Lemon Meringue Cake,2,2026-03-06
BR-J,CAKE-029,Lemon Meringue Cake,5,2026-03-11
BR-J,CAKE-030,Truffle Brownie Cake,1,2026-03-07
BR-J,CAKE-030,Truffle Brownie Cake,1,2026-03-13
BR-J,CAKE-030,Truffle Brownie Cake,13,2026-03-15
BR-K,CAKE-001,Chocolate Fudge Cake,22,2026-03-03
BR-K,CAKE-002,Vanilla Sponge Cake,14,2026-03-19
BR-K,CAKE-003,Red Velvet Cake,6,2026-03-08
BR-K,CAKE-004,Lemon Drizzle Cake,5,2026-03-10
BR-K,CAKE-005,Carrot Cake,7,2026-03-18
BR-K,CAKE-006,Black Forest Cake,13,2026-03-18
BR-K,CAKE-007,Strawberry Shortcake,3,2026-03-05
BR-K,CAKE-007,Strawberry Shortcake,9,2026-03-07
BR-K,CAKE-007,Strawberry Shortcake,1,2026-03-18
BR-K,CAKE-008,Whole-Wheat Cake,4,2026-03-09
BR-K,CAKE-009,Pineapple Upside-Down Cake,2,2026-03-07
BR-K,CAKE-009,Pineapple Upside-Down Cake,6,2026-03-25
BR-K,CAKE-010,Butter Cake,14,2026-03-03
BR-K,CAKE-011,German Chocolate Cake,5,2026-03-18
BR-K,CAKE-011,German Chocolate Cake,5,2026-03-26
BR-K,CAKE-013,Cheesecake,4,2026-03-02
BR-K,CAKE-013,Cheesecake,1,2026-03-16
BR-K,CAKE-013,Cheesecake,7,2026-03-21
BR-K,CAKE-013,Cheesecake,3,2026-03-30
BR-K,CAKE-014,Banana Walnut Cake,8,2026-03-15
BR-K,CAKE-015,Apple Cinnamon Cake,1,2026-03-04
BR-K,CAKE-015,Apple Cinnamon Cake,3,2026-03-09
BR-K,CAKE-015,Apple Cinnamon Cake,1,2026-03-10
BR-K,CAKE-016,Coconut Cake,1,2026-03-05
BR-K,CAKE-016,Coconut Cake,3,2026-03-10
BR-K,CAKE-016,Coconut Cake,3,2026-03-11
BR-K,CAKE-017,Marble Cake,1,2026-03-10
BR-K,CAKE-017,Marble Cake,7,2026-03-14
BR-K,CAKE-017,Marble Cake,1,2026-03-25
BR-K,CAKE-018,Mango Mousse Cake,11,2026-03-07
BR-K,CAKE-019,Blueberry Muffin Tray,12,2026-03-11
BR-K,CAKE-020,Almond Gateau,3,2026-03-04
BR-K,CAKE-020,Almond Gateau,4,2026-03-09
BR-K,CAKE-021,Hazelnut Praline Cake,4,2026-03-11
BR-K,CAKE-021,Hazelnut Praline Cake,2,2026-03-22
BR-K,CAKE-022,Orange Chiffon Cake,1,2026-03-12
BR-K,CAKE-022,Orange Chiffon Cake,7,2026-03-27
BR-K,CAKE-023,Pistachio Cake,2,2026-03-02
BR-K,CAKE-023,Pistachio Cake,1,2026-03-14
BR-K,CAKE-023,Pistachio Cake,1,2026-03-23
BR-K,CAKE-024,Tres Leches Cake,8,2026-03-12
BR-K,CAKE-025,Honey Cake,1,2026-03-01
BR-K,CAKE-025,Honey Cake,1,2026-03-21
BR-K,CAKE-025,Honey Cake,1,2026-03-25
BR-K,CAKE-025,Honey Cake,2,2026-03-26
BR-K,CAKE-025,Honey Cake,1,2026-03-29
BR-K,CAKE-026,Coffee Cake,1,2026-03-04
BR-K,CAKE-026,Coffee Cake,1,2026-03-13
BR-K,CAKE-026,Coffee Cake,2,2026-03-16
BR-K,CAKE-026,Coffee Cake,1,2026-03-22
BR-K,CAKE-026,Coffee Cake,1,2026-03-28
BR-K,CAKE-027,Fruit Gateau,6,2026-03-04
BR-K,CAKE-027,Fruit Gateau,4,2026-03-31
BR-K,CAKE-028,Coconut Macaroon Tray,5,2026-03-08
BR-K,CAKE-029,Lemon Meringue Cake,7,2026-03-07
BR-K,CAKE-030,Truffle Brownie Cake,1,2026-03-16
BR-K,CAKE-030,Truffle Brownie Cake,1,2026-03-17
BR-K,CAKE-030,Truffle Brownie Cake,11,2026-03-24
BR-L,CAKE-001,Chocolate Fudge Cake,21,2026-03-26
BR-L,CAKE-002,Vanilla Sponge Cake,13,2026-03-07
BR-L,CAKE-003,Red Velvet Cake,6,2026-03-10
BR-L,CAKE-004,Lemon Drizzle Cake,5,2026-03-27
BR-L,CAKE-005,Carrot Cake,1,2026-03-13
BR-L,CAKE-005,Carrot Cake,6,2026-03-28
BR-L,CAKE-006,Black Forest Cake,13,2026-03-18
BR-L,CAKE-007,Strawberry Shortcake,12,2026-03-16
BR-L,CAKE-007,Strawberry Shortcake,1,2026-03-31
BR-L,CAKE-008,Whole-Wheat Cake,4,2026-03-23
BR-L,CAKE-009,Pineapple Upside-Down Cake,3,2026-03-03
BR-L,CAKE-009,Pineapple Upside-Down Cake,2,2026-03-07
BR-L,CAKE-009,Pineapple Upside-Down Cake,1,2026-03-24
BR-L,CAKE-009,Pineapple Upside-Down Cake,2,2026-03-28
BR-L,CAKE-010,Butter Cake,13,2026-03-06
BR-L,CAKE-011,German Chocolate Cake,5,2026-03-02
BR-L,CAKE-011,German Chocolate Cake,2,2026-03-15
BR-L,CAKE-011,German Chocolate Cake,3,2026-03-27
BR-L,CAKE-012,Tiramisu Cake,2,2026-03-02
BR-L,CAKE-012,Tiramisu Cake,3,2026-03-09
BR-L,CAKE-012,Tiramisu Cake,1,2026-03-27
BR-L,CAKE-012,Tiramisu Cake,4,2026-03-29
BR-L,CAKE-013,Cheesecake,14,2026-03-26
BR-L,CAKE-014,Banana Walnut Cake,8,2026-03-17
BR-L,CAKE-015,Apple Cinnamon Cake,1,2026-03-04
BR-L,CAKE-015,Apple Cinnamon Cake,3,2026-03-22
BR-L,CAKE-015,Apple Cinnamon Cake,1,2026-03-23
BR-L,CAKE-016,Coconut Cake,2,2026-03-08
BR-L,CAKE-016,Coconut Cake,3,2026-03-11
BR-L,CAKE-016,Coconut Cake,2,2026-03-31
BR-L,CAKE-017,Marble Cake,3,2026-03-01
BR-L,CAKE-017,Marble Cake,1,2026-03-09
BR-L,CAKE-017,Marble Cake,1,2026-03-10
BR-L,CAKE-017,Marble Cake,4,2026-03-22
BR-L,CAKE-018,Mango Mousse Cake,5,2026-03-16
BR-L,CAKE-018,Mango Mousse Cake,5,2026-03-25
BR-L,CAKE-019,Blueberry Muffin Tray,2,2026-03-01
BR-L,CAKE-019,Blueberry Muffin Tray,1,2026-03-06
BR-L,CAKE-019,Blueberry Muffin Tray,5,2026-03-09
BR-L,CAKE-019,Blueberry Muffin Tray,1,2026-03-13
BR-L,CAKE-019,Blueberry Muffin Tray,2,2026-03-26
BR-L,CAKE-020,Almond Gateau,7,2026-03-12
BR-L,CAKE-021,Hazelnut Praline Cake,1,2026-03-18
BR-L,CAKE-021,Hazelnut Praline Cake,5,2026-03-24
BR-L,CAKE-025,Honey Cake,2,2026-03-01
BR-L,CAKE-025,Honey Cake,4,2026-03-16
BR-L,CAKE-028,Coconut Macaroon Tray,1,2026-03-07
BR-L,CAKE-028,Coconut Macaroon Tray,4,2026-03-25
BR-L,CAKE-029,Lemon Meringue Cake,7,2026-03-07
BR-L,CAKE-030,Truffle Brownie Cake,13,2026-03-15
BR-M,CAKE-003,Red Velvet Cake,2,2026-03-17
BR-M,CAKE-003,Red Velvet Cake,2,2026-03-23
BR-M,CAKE-004,Lemon Drizzle Cake,3,2026-03-14
BR-M,CAKE-005,Carrot Cake,4,2026-03-03
BR-M,CAKE-006,Black Forest Cake,8,2026-03-08
BR-M,CAKE-007,Strawberry Shortcake,7,2026-03-06
BR-M,CAKE-009,Pineapple Upside-Down Cake,1,2026-03-01
BR-M,CAKE-009,Pineapple Upside-Down Cake,1,2026-03-06
BR-M,CAKE-009,Pineapple Upside-Down Cake,1,2026-03-10
BR-M,CAKE-009,Pineapple Upside-Down Cake,1,2026-03-13
BR-M,CAKE-009,Pineapple Upside-Down Cake,1,2026-03-31
BR-M,CAKE-010,Butter Cake,1,2026-03-14
BR-M,CAKE-010,Butter Cake,7,2026-03-29
BR-M,CAKE-011,German Chocolate Cake,6,2026-03-12
BR-M,CAKE-012,Tiramisu Cake,1,2026-03-03
BR-M,CAKE-012,Tiramisu Cake,5,2026-03-29
BR-M,CAKE-013,Cheesecake,1,2026-03-17
BR-M,CAKE-013,Cheesecake,7,2026-03-23
BR-M,CAKE-014,Banana Walnut Cake,5,2026-03-20
BR-M,CAKE-015,Apple Cinnamon Cake,1,2026-03-11
BR-M,CAKE-015,Apple Cinnamon Cake,2,2026-03-28
BR-M,CAKE-016,Coconut Cake,1,2026-03-19
BR-M,CAKE-016,Coconut Cake,3,2026-03-23
BR-M,CAKE-017,Marble Cake,6,2026-03-28
BR-M,CAKE-018,Mango Mousse Cake,2,2026-03-02
BR-M,CAKE-018,Mango Mousse Cake,3,2026-03-16
BR-M,CAKE-018,Mango Mousse Cake,1,2026-03-27
BR-M,CAKE-019,Blueberry Muffin Tray,1,2026-03-14
BR-M,CAKE-019,Blueberry Muffin Tray,6,2026-03-17
BR-M,CAKE-020,Almond Gateau,1,2026-03-05
BR-M,CAKE-020,Almond Gateau,3,2026-03-27
BR-M,CAKE-021,Hazelnut Praline Cake,1,2026-03-01
BR-M,CAKE-021,Hazelnut Praline Cake,1,2026-03-16
BR-M,CAKE-021,Hazelnut Praline Cake,1,2026-03-22
BR-M,CAKE-021,Hazelnut Praline Cake,1,2026-03-30
BR-M,CAKE-022,Orange Chiffon Cake,2,2026-03-11
BR-M,CAKE-022,Orange Chiffon Cake,1,2026-03-18
BR-M,CAKE-022,Orange Chiffon Cake,2,2026-03-29
BR-M,CAKE-024,Tres Leches Cake,1,2026-03-05
BR-M,CAKE-024,Tres Leches Cake,1,2026-03-14
BR-M,CAKE-024,Tres Leches Cake,1,2026-03-17
BR-M,CAKE-024,Tres Leches Cake,1,2026-03-26
BR-M,CAKE-024,Tres Leches Cake,1,2026-03-27
BR-M,CAKE-025,Honey Cake,1,2026-03-09
BR-M,CAKE-025,Honey Cake,1,2026-03-18
BR-M,CAKE-025,Honey Cake,1,2026-03-24
BR-M,CAKE-026,Coffee Cake,4,2026-03-15
BR-M,CAKE-027,Fruit Gateau,2,2026-03-08
BR-M,CAKE-027,Fruit Gateau,2,2026-03-14
BR-M,CAKE-027,Fruit Gateau,1,2026-03-24
BR-M,CAKE-027,Fruit Gateau,1,2026-03-27
BR-M,CAKE-028,Coconut Macaroon Tray,3,2026-03-26
BR-M,CAKE-029,Lemon Meringue Cake,4,2026-03-22
BR-M,CAKE-030,Truffle Brownie Cake,1,2026-03-17
BR-M,CAKE-030,Truffle Brownie Cake,1,2026-03-24
BR-M,CAKE-030,Truffle Brownie Cake,6,2026-03-29
BR-N,CAKE-001,Chocolate Fudge Cake,19,2026-03-24
BR-N,CAKE-002,Vanilla Sponge Cake,1,2026-03-10
BR-N,CAKE-002,Vanilla Sponge Cake,11,2026-03-24
BR-N,CAKE-003,Red Velvet Cake,5,2026-03-08
BR-N,CAKE-004,Lemon Drizzle Cake,1,2026-03-02
BR-N,CAKE-004,Lemon Drizzle Cake,1,2026-03-13
BR-N,CAKE-004,Lemon Drizzle Cake,2,2026-03-29
BR-N,CAKE-005,Carrot Cake,6,2026-03-17
BR-N,CAKE-006,Black Forest Cake,1,2026-03-04
BR-N,CAKE-006,Black Forest Cake,11,2026-03-10
BR-N,CAKE-007,Strawberry Shortcake,9,2026-03-02
BR-N,CAKE-007,Strawberry Shortcake,1,2026-03-27
BR-N,CAKE-008,Whole-Wheat Cake,3,2026-03-21
BR-N,CAKE-009,Pineapple Upside-Down Cake,3,2026-03-14
BR-N,CAKE-009,Pineapple Upside-Down Cake,1,2026-03-24
BR-N,CAKE-009,Pineapple Upside-Down Cake,1,2026-03-29
BR-N,CAKE-009,Pineapple Upside-Down Cake,2,2026-03-31
BR-N,CAKE-010,Butter Cake,9,2026-03-27
BR-N,CAKE-010,Butter Cake,2,2026-03-31
BR-N,CAKE-011,German Chocolate Cake,1,2026-03-04
BR-N,CAKE-011,German Chocolate Cake,3,2026-03-05
BR-N,CAKE-011,German Chocolate Cake,2,2026-03-17
BR-N,CAKE-011,German Chocolate Cake,2,2026-03-21
BR-N,CAKE-012,Tiramisu Cake,2,2026-03-04
BR-N,CAKE-012,Tiramisu Cake,7,2026-03-06
BR-N,CAKE-013,Cheesecake,1,2026-03-01
BR-N,CAKE-013,Cheesecake,6,2026-03-05
BR-N,CAKE-013,Cheesecake,1,2026-03-06
BR-N,CAKE-013,Cheesecake,2,2026-03-07
BR-N,CAKE-013,Cheesecake,2,2026-03-18
BR-N,CAKE-014,Banana Walnut Cake,4,2026-03-11
BR-N,CAKE-014,Banana Walnut Cake,1,2026-03-20
BR-N,CAKE-014,Banana Walnut Cake,2,2026-03-29
BR-N,CAKE-015,Apple Cinnamon Cake,4,2026-03-16
BR-N,CAKE-016,Coconut Cake,6,2026-03-11
BR-N,CAKE-017,Marble Cake,8,2026-03-07
BR-N,CAKE-018,Mango Mousse Cake,1,2026-03-23
BR-N,CAKE-018,Mango Mousse Cake,1,2026-03-24
BR-N,CAKE-018,Mango Mousse Cake,7,2026-03-26
BR-N,CAKE-020,Almond Gateau,1,2026-03-23
BR-N,CAKE-020,Almond Gateau,2,2026-03-25
BR-N,CAKE-020,Almond Gateau,1,2026-03-29
BR-N,CAKE-020,Almond Gateau,2,2026-03-30
BR-N,CAKE-021,Hazelnut Praline Cake,1,2026-03-03
BR-N,CAKE-021,Hazelnut Praline Cake,1,2026-03-08
BR-N,CAKE-021,Hazelnut Praline Cake,2,2026-03-12
BR-N,CAKE-021,Hazelnut Praline Cake,1,2026-03-14
BR-N,CAKE-021,Hazelnut Praline Cake,1,2026-03-21
BR-N,CAKE-022,Orange Chiffon Cake,7,2026-03-20
BR-N,CAKE-023,Pistachio Cake,1,2026-03-07
BR-N,CAKE-023,Pistachio Cake,1,2026-03-09
BR-N,CAKE-023,Pistachio Cake,1,2026-03-11
BR-N,CAKE-024,Tres Leches Cake,7,2026-03-07
BR-N,CAKE-025,Honey Cake,1,2026-03-01
BR-N,CAKE-025,Honey Cake,1,2026-03-04
BR-N,CAKE-025,Honey Cake,1,2026-03-06
BR-N,CAKE-025,Honey Cake,1,2026-03-12
BR-N,CAKE-026,Coffee Cake,5,2026-03-23
BR-N,CAKE-027,Fruit Gateau,9,2026-03-29
BR-N,CAKE-028,Coconut Macaroon Tray,1,2026-03-04
BR-N,CAKE-028,Coconut Macaroon Tray,2,2026-03-10
BR-N,CAKE-028,Coconut Macaroon Tray,1,2026-03-19
BR-N,CAKE-030,Truffle Brownie Cake,7,2026-03-03
BR-N,CAKE-030,Truffle Brownie Cake,2,2026-03-21
BR-N,CAKE-030,Truffle Brownie Cake,3,2026-03-24
BR-O,CAKE-001,Chocolate Fudge Cake,16,2026-03-05
BR-O,CAKE-002,Vanilla Sponge Cake,2,2026-03-07
BR-O,CAKE-002,Vanilla Sponge Cake,1,2026-03-23
BR-O,CAKE-002,Vanilla Sponge Cake,6,2026-03-26
BR-O,CAKE-002,Vanilla Sponge Cake,1,2026-03-31
BR-O,CAKE-003,Red Velvet Cake,1,2026-03-16
BR-O,CAKE-003,Red Velvet Cake,1,2026-03-26
BR-O,CAKE-003,Red Velvet Cake,1,2026-03-29
BR-O,CAKE-003,Red Velvet Cake,1,2026-03-31
BR-O,CAKE-004,Lemon Drizzle Cake,2,2026-03-02
BR-O,CAKE-004,Lemon Drizzle Cake,2,2026-03-10
BR-O,CAKE-005,Carrot Cake,5,2026-03-30
BR-O,CAKE-006,Black Forest Cake,3,2026-03-05
BR-O,CAKE-006,Black Forest Cake,3,2026-03-09
BR-O,CAKE-006,Black Forest Cake,3,2026-03-22
BR-O,CAKE-006,Black Forest Cake,1,2026-03-25
BR-O,CAKE-007,Strawberry Shortcake,9,2026-03-29
BR-O,CAKE-008,Whole-Wheat Cake,1,2026-03-09
BR-O,CAKE-008,Whole-Wheat Cake,1,2026-03-21
BR-O,CAKE-008,Whole-Wheat Cake,1,2026-03-24
BR-O,CAKE-009,Pineapple Upside-Down Cake,3,2026-03-27
BR-O,CAKE-009,Pineapple Upside-Down Cake,3,2026-03-30
BR-O,CAKE-010,Butter Cake,9,2026-03-20
BR-O,CAKE-011,German Chocolate Cake,3,2026-03-01
BR-O,CAKE-011,German Chocolate Cake,2,2026-03-10
BR-O,CAKE-011,German Chocolate Cake,1,2026-03-19
BR-O,CAKE-012,Tiramisu Cake,1,2026-03-08
BR-O,CAKE-012,Tiramisu Cake,3,2026-03-09
BR-O,CAKE-012,Tiramisu Cake,1,2026-03-11
BR-O,CAKE-012,Tiramisu Cake,1,2026-03-14
BR-O,CAKE-012,Tiramisu Cake,1,2026-03-23
BR-O,CAKE-013,Cheesecake,3,2026-03-13
BR-O,CAKE-013,Cheesecake,7,2026-03-18
BR-O,CAKE-014,Banana Walnut Cake,1,2026-03-20
BR-O,CAKE-014,Banana Walnut Cake,5,2026-03-25
BR-O,CAKE-015,Apple Cinnamon Cake,2,2026-03-10
BR-O,CAKE-015,Apple Cinnamon Cake,2,2026-03-13
BR-O,CAKE-016,Coconut Cake,5,2026-03-27
BR-O,CAKE-018,Mango Mousse Cake,7,2026-03-11
BR-O,CAKE-019,Blueberry Muffin Tray,8,2026-03-28
BR-O,CAKE-020,Almond Gateau,3,2026-03-01
BR-O,CAKE-020,Almond Gateau,1,2026-03-16
BR-O,CAKE-020,Almond Gateau,1,2026-03-30
BR-O,CAKE-021,Hazelnut Praline Cake,4,2026-03-03
BR-O,CAKE-021,Hazelnut Praline Cake,1,2026-03-12
BR-O,CAKE-022,Orange Chiffon Cake,6,2026-03-02
BR-O,CAKE-023,Pistachio Cake,1,2026-03-22
BR-O,CAKE-023,Pistachio Cake,2,2026-03-31
BR-O,CAKE-024,Tres Leches Cake,2,2026-03-06
BR-O,CAKE-024,Tres Leches Cake,4,2026-03-26
BR-O,CAKE-026,Coffee Cake,1,2026-03-20
BR-O,CAKE-026,Coffee Cake,1,2026-03-23
BR-O,CAKE-026,Coffee Cake,1,2026-03-24
BR-O,CAKE-026,Coffee Cake,1,2026-03-30
BR-O,CAKE-027,Fruit Gateau,7,2026-03-01
BR-O,CAKE-028,Coconut Macaroon Tray,2,2026-03-14
BR-O,CAKE-028,Coconut Macaroon Tray,2,2026-03-22
BR-O,CAKE-030,Truffle Brownie Cake,3,2026-03-06
BR-O,CAKE-030,Truffle Brownie Cake,7,2026-03-28
BR-P,CAKE-002,Vanilla Sponge Cake,3,2026-03-02
BR-P,CAKE-002,Vanilla Sponge Cake,2,2026-03-05
BR-P,CAKE-002,Vanilla Sponge Cake,2,2026-03-06
BR-P,CAKE-002,Vanilla Sponge Cake,2,2026-03-16
BR-P,CAKE-002,Vanilla Sponge Cake,2,2026-03-17
BR-P,CAKE-003,Red Velvet Cake,2,2026-03-07
BR-P,CAKE-003,Red Velvet Cake,2,2026-03-09
BR-P,CAKE-003,Red Velvet Cake,1,2026-03-28
BR-P,CAKE-004,Lemon Drizzle Cake,2,2026-03-09
BR-P,CAKE-004,Lemon Drizzle Cake,2,2026-03-14
BR-P,CAKE-005,Carrot Cake,5,2026-03-07
BR-P,CAKE-006,Black Forest Cake,10,2026-03-14
BR-P,CAKE-007,Strawberry Shortcake,2,2026-03-03
BR-P,CAKE-007,Strawberry Shortcake,3,2026-03-10
BR-P,CAKE-007,Strawberry Shortcake,3,2026-03-12
BR-P,CAKE-007,Strawberry Shortcake,1,2026-03-23
BR-P,CAKE-008,Whole-Wheat Cake,3,2026-03-25
BR-P,CAKE-009,Pineapple Upside-Down Cake,6,2026-03-21
BR-P,CAKE-010,Butter Cake,2,2026-03-03
BR-P,CAKE-010,Butter Cake,4,2026-03-06
BR-P,CAKE-010,Butter Cake,1,2026-03-12
BR-P,CAKE-010,Butter Cake,1,2026-03-18
BR-P,CAKE-010,Butter Cake,2,2026-03-28
BR-P,CAKE-011,German Chocolate Cake,2,2026-03-06
BR-P,CAKE-011,German Chocolate Cake,5,2026-03-07
BR-P,CAKE-012,Tiramisu Cake,4,2026-03-14
BR-P,CAKE-012,Tiramisu Cake,2,2026-03-17
BR-P,CAKE-012,Tiramisu Cake,2,2026-03-31
BR-P,CAKE-013,Cheesecake,1,2026-03-07
BR-P,CAKE-013,Cheesecake,2,2026-03-08
BR-P,CAKE-013,Cheesecake,4,2026-03-17
BR-P,CAKE-013,Cheesecake,1,2026-03-25
BR-P,CAKE-013,Cheesecake,2,2026-03-31
BR-P,CAKE-014,Banana Walnut Cake,1,2026-03-01
BR-P,CAKE-014,Banana Walnut Cake,2,2026-03-12
BR-P,CAKE-014,Banana Walnut Cake,1,2026-03-22
BR-P,CAKE-014,Banana Walnut Cake,2,2026-03-29
BR-P,CAKE-015,Apple Cinnamon Cake,4,2026-03-24
BR-P,CAKE-016,Coconut Cake,5,2026-03-20
BR-P,CAKE-017,Marble Cake,2,2026-03-11
BR-P,CAKE-017,Marble Cake,5,2026-03-13
BR-P,CAKE-018,Mango Mousse Cake,5,2026-03-07
BR-P,CAKE-018,Mango Mousse Cake,3,2026-03-16
BR-P,CAKE-019,Blueberry Muffin Tray,3,2026-03-05
BR-P,CAKE-019,Blueberry Muffin Tray,1,2026-03-11
BR-P,CAKE-019,Blueberry Muffin Tray,5,2026-03-14
BR-P,CAKE-020,Almond Gateau,5,2026-03-14
BR-P,CAKE-021,Hazelnut Praline Cake,5,2026-03-01
BR-P,CAKE-022,Orange Chiffon Cake,6,2026-03-10
BR-P,CAKE-023,Pistachio Cake,1,2026-03-02
BR-P,CAKE-023,Pistachio Cake,1,2026-03-27
BR-P,CAKE-023,Pistachio Cake,1,2026-03-29
BR-P,CAKE-024,Tres Leches Cake,1,2026-03-01
BR-P,CAKE-024,Tres Leches Cake,1,2026-03-09
BR-P,CAKE-024,Tres Leches Cake,1,2026-03-15
BR-P,CAKE-024,Tres Leches Cake,2,2026-03-21
BR-P,CAKE-024,Tres Leches Cake,1,2026-03-23
BR-P,CAKE-025,Honey Cake,4,2026-03-10
BR-P,CAKE-026,Coffee Cake,1,2026-03-02
BR-P,CAKE-026,Coffee Cake,1,2026-03-09
BR-P,CAKE-026,Coffee Cake,1,2026-03-12
BR-P,CAKE-026,Coffee Cake,1,2026-03-14
BR-P,CAKE-026,Coffee Cake,1,2026-03-26
BR-P,CAKE-027,Fruit Gateau,8,2026-03-23
BR-P,CAKE-028,Coconut Macaroon Tray,1,2026-03-21
BR-P,CAKE-028,Coconut Macaroon Tray,1,2026-03-23
BR-P,CAKE-028,Coconut Macaroon Tray,1,2026-03-25
BR-P,CAKE-028,Coconut Macaroon Tray,1,2026-03-27
BR-P,CAKE-029,Lemon Meringue Cake,1,2026-03-02
BR-P,CAKE-029,Lemon Meringue Cake,4,2026-03-03
BR-P,CAKE-030,Truffle Brownie Cake,5,2026-03-09
BR-P,CAKE-030,Truffle Brownie Cake,1,2026-03-10
BR-P,CAKE-030,Truffle Brownie Cake,4,2026-03-31
BR-Q,CAKE-001,Chocolate Fudge Cake,11,2026-03-12
BR-Q,CAKE-002,Vanilla Sponge Cake,7,2026-03-22
BR-Q,CAKE-003,Red Velvet Cake,1,2026-03-03
BR-Q,CAKE-003,Red Velvet Cake,2,2026-03-25
BR-Q,CAKE-005,Carrot Cake,4,2026-03-28
BR-Q,CAKE-006,Black Forest Cake,1,2026-03-17
BR-Q,CAKE-006,Black Forest Cake,1,2026-03-18
BR-Q,CAKE-006,Black Forest Cake,3,2026-03-20
BR-Q,CAKE-006,Black Forest Cake,2,2026-03-21
BR-Q,CAKE-007,Strawberry Shortcake,3,2026-03-08
BR-Q,CAKE-007,Strawberry Shortcake,2,2026-03-11
BR-Q,CAKE-007,Strawberry Shortcake,2,2026-03-20
BR-Q,CAKE-008,Whole-Wheat Cake,1,2026-03-08
BR-Q,CAKE-008,Whole-Wheat Cake,1,2026-03-16
BR-Q,CAKE-009,Pineapple Upside-Down Cake,4,2026-03-13
BR-Q,CAKE-010,Butter Cake,3,2026-03-04
BR-Q,CAKE-010,Butter Cake,2,2026-03-14
BR-Q,CAKE-010,Butter Cake,2,2026-03-28
BR-Q,CAKE-011,German Chocolate Cake,1,2026-03-09
BR-Q,CAKE-011,German Chocolate Cake,1,2026-03-10
BR-Q,CAKE-011,German Chocolate Cake,1,2026-03-15
BR-Q,CAKE-011,German Chocolate Cake,2,2026-03-29
BR-Q,CAKE-012,Tiramisu Cake,5,2026-03-19
BR-Q,CAKE-013,Cheesecake,1,2026-03-13
BR-Q,CAKE-013,Cheesecake,7,2026-03-24
BR-Q,CAKE-014,Banana Walnut Cake,2,2026-03-14
BR-Q,CAKE-014,Banana Walnut Cake,2,2026-03-30
BR-Q,CAKE-015,Apple Cinnamon Cake,1,2026-03-09
BR-Q,CAKE-015,Apple Cinnamon Cake,1,2026-03-11
BR-Q,CAKE-015,Apple Cinnamon Cake,1,2026-03-18
BR-Q,CAKE-016,Coconut Cake,2,2026-03-07
BR-Q,CAKE-016,Coconut Cake,1,2026-03-23
BR-Q,CAKE-017,Marble Cake,4,2026-03-03
BR-Q,CAKE-017,Marble Cake,1,2026-03-07
BR-Q,CAKE-018,Mango Mousse Cake,1,2026-03-10
BR-Q,CAKE-018,Mango Mousse Cake,1,2026-03-19
BR-Q,CAKE-018,Mango Mousse Cake,3,2026-03-23
BR-Q,CAKE-019,Blueberry Muffin Tray,5,2026-03-18
BR-Q,CAKE-019,Blueberry Muffin Tray,1,2026-03-22
BR-Q,CAKE-020,Almond Gateau,4,2026-03-07
BR-Q,CAKE-021,Hazelnut Praline Cake,1,2026-03-09
BR-Q,CAKE-021,Hazelnut Praline Cake,2,2026-03-30
BR-Q,CAKE-022,Orange Chiffon Cake,4,2026-03-09
BR-Q,CAKE-023,Pistachio Cake,1,2026-03-22
BR-Q,CAKE-023,Pistachio Cake,1,2026-03-29
BR-Q,CAKE-024,Tres Leches Cake,2,2026-03-19
BR-Q,CAKE-024,Tres Leches Cake,2,2026-03-21
BR-Q,CAKE-025,Honey Cake,3,2026-03-24
BR-Q,CAKE-026,Coffee Cake,1,2026-03-03
BR-Q,CAKE-026,Coffee Cake,1,2026-03-27
BR-Q,CAKE-026,Coffee Cake,1,2026-03-30
BR-Q,CAKE-027,Fruit Gateau,1,2026-03-14
BR-Q,CAKE-027,Fruit Gateau,2,2026-03-27
BR-Q,CAKE-027,Fruit Gateau,2,2026-03-30
BR-Q,CAKE-028,Coconut Macaroon Tray,3,2026-03-31
BR-Q,CAKE-029,Lemon Meringue Cake,1,2026-03-09
BR-Q,CAKE-029,Lemon Meringue Cake,1,2026-03-24
BR-Q,CAKE-029,Lemon Meringue Cake,1,2026-03-31
BR-Q,CAKE-030,Truffle Brownie Cake,1,2026-03-15
BR-Q,CAKE-030,Truffle Brownie Cake,4,2026-03-24
BR-Q,CAKE-030,Truffle Brownie Cake,2,2026-03-30
BR-R,CAKE-001,Chocolate Fudge Cake,9,2026-03-18
BR-R,CAKE-002,Vanilla Sponge Cake,3,2026-03-13
BR-R,CAKE-002,Vanilla Sponge Cake,3,2026-03-23
BR-R,CAKE-003,Red Velvet Cake,2,2026-03-28
BR-R,CAKE-004,Lemon Drizzle Cake,1,2026-03-06
BR-R,CAKE-004,Lemon Drizzle Cake,1,2026-03-17
BR-R,CAKE-005,Carrot Cake,1,2026-03-11
BR-R,CAKE-005,Carrot Cake,3,2026-03-22
BR-R,CAKE-006,Black Forest Cake,6,2026-03-06
BR-R,CAKE-007,Strawberry Shortcake,3,2026-03-03
BR-R,CAKE-007,Strawberry Shortcake,1,2026-03-13
BR-R,CAKE-007,Strawberry Shortcake,1,2026-03-16
BR-R,CAKE-007,Strawberry Shortcake,1,2026-03-27
BR-R,CAKE-008,Whole-Wheat Cake,1,2026-03-19
BR-R,CAKE-008,Whole-Wheat Cake,1,2026-03-31
BR-R,CAKE-009,Pineapple Upside-Down Cake,2,2026-03-18
BR-R,CAKE-009,Pineapple Upside-Down Cake,1,2026-03-28
BR-R,CAKE-009,Pineapple Upside-Down Cake,1,2026-03-29
BR-R,CAKE-010,Butter Cake,6,2026-03-11
BR-R,CAKE-011,German Chocolate Cake,4,2026-03-12
BR-R,CAKE-012,Tiramisu Cake,1,2026-03-24
BR-R,CAKE-012,Tiramisu Cake,2,2026-03-28
BR-R,CAKE-012,Tiramisu Cake,1,2026-03-30
BR-R,CAKE-013,Cheesecake,4,2026-03-02
BR-R,CAKE-013,Cheesecake,2,2026-03-16
BR-R,CAKE-013,Cheesecake,1,2026-03-18
BR-R,CAKE-014,Banana Walnut Cake,2,2026-03-03
BR-R,CAKE-014,Banana Walnut Cake,2,2026-03-07
BR-R,CAKE-015,Apple Cinnamon Cake,2,2026-03-25
BR-R,CAKE-016,Coconut Cake,1,2026-03-15
BR-R,CAKE-016,Coconut Cake,2,2026-03-16
BR-R,CAKE-017,Marble Cake,1,2026-03-02
BR-R,CAKE-017,Marble Cake,1,2026-03-05
BR-R,CAKE-017,Marble Cake,1,2026-03-07
BR-R,CAKE-017,Marble Cake,1,2026-03-27
BR-R,CAKE-019,Blueberry Muffin Tray,2,2026-03-02
BR-R,CAKE-019,Blueberry Muffin Tray,3,2026-03-20
BR-R,CAKE-020,Almond Gateau,4,2026-03-11
BR-R,CAKE-022,Orange Chiffon Cake,2,2026-03-15
BR-R,CAKE-022,Orange Chiffon Cake,2,2026-03-17
BR-R,CAKE-023,Pistachio Cake,1,2026-03-12
BR-R,CAKE-023,Pistachio Cake,1,2026-03-16
BR-R,CAKE-024,Tres Leches Cake,4,2026-03-31
BR-R,CAKE-025,Honey Cake,1,2026-03-20
BR-R,CAKE-025,Honey Cake,2,2026-03-30
BR-R,CAKE-026,Coffee Cake,1,2026-03-05
BR-R,CAKE-026,Coffee Cake,1,2026-03-15
BR-R,CAKE-027,Fruit Gateau,2,2026-03-11
BR-R,CAKE-027,Fruit Gateau,2,2026-03-25
BR-R,CAKE-028,Coconut Macaroon Tray,1,2026-03-04
BR-R,CAKE-028,Coconut Macaroon Tray,1,2026-03-11
BR-R,CAKE-028,Coconut Macaroon Tray,1,2026-03-28
BR-R,CAKE-029,Lemon Meringue Cake,2,2026-03-07
BR-R,CAKE-029,Lemon Meringue Cake,1,2026-03-13
BR-R,CAKE-030,Truffle Brownie Cake,3,2026-03-03
BR-R,CAKE-030,Truffle Brownie Cake,1,2026-03-10
BR-R,CAKE-030,Truffle Brownie Cake,2,2026-03-15
BR-S,CAKE-001,Chocolate Fudge Cake,8,2026-03-06
BR-S,CAKE-002,Vanilla Sponge Cake,5,2026-03-05
BR-S,CAKE-003,Red Velvet Cake,1,2026-03-04
BR-S,CAKE-003,Red Velvet Cake,1,2026-03-16
BR-S,CAKE-004,Lemon Drizzle Cake,1,2026-03-09
BR-S,CAKE-004,Lemon Drizzle Cake,1,2026-03-28
BR-S,CAKE-005,Carrot Cake,3,2026-03-08
BR-S,CAKE-006,Black Forest Cake,4,2026-03-06
BR-S,CAKE-006,Black Forest Cake,1,2026-03-09
BR-S,CAKE-007,Strawberry Shortcake,5,2026-03-30
BR-S,CAKE-008,Whole-Wheat Cake,2,2026-03-04
BR-S,CAKE-009,Pineapple Upside-Down Cake,1,2026-03-03
BR-S,CAKE-009,Pineapple Upside-Down Cake,1,2026-03-19
BR-S,CAKE-009,Pineapple Upside-Down Cake,1,2026-03-29
BR-S,CAKE-010,Butter Cake,1,2026-03-10
BR-S,CAKE-010,Butter Cake,1,2026-03-20
BR-S,CAKE-010,Butter Cake,1,2026-03-21
BR-S,CAKE-010,Butter Cake,2,2026-03-23
BR-S,CAKE-011,German Chocolate Cake,2,2026-03-03
BR-S,CAKE-011,German Chocolate Cake,1,2026-03-11
BR-S,CAKE-011,German Chocolate Cake,1,2026-03-26
BR-S,CAKE-012,Tiramisu Cake,4,2026-03-06
BR-S,CAKE-013,Cheesecake,2,2026-03-12
BR-S,CAKE-013,Cheesecake,4,2026-03-23
BR-S,CAKE-014,Banana Walnut Cake,3,2026-03-24
BR-S,CAKE-015,Apple Cinnamon Cake,1,2026-03-12
BR-S,CAKE-015,Apple Cinnamon Cake,1,2026-03-29
BR-S,CAKE-016,Coconut Cake,1,2026-03-06
BR-S,CAKE-016,Coconut Cake,1,2026-03-13
BR-S,CAKE-017,Marble Cake,2,2026-03-08
BR-S,CAKE-017,Marble Cake,2,2026-03-18
BR-S,CAKE-018,Mango Mousse Cake,1,2026-03-02
BR-S,CAKE-018,Mango Mousse Cake,1,2026-03-03
BR-S,CAKE-018,Mango Mousse Cake,1,2026-03-16
BR-S,CAKE-018,Mango Mousse Cake,1,2026-03-26
BR-S,CAKE-019,Blueberry Muffin Tray,4,2026-03-18
BR-S,CAKE-020,Almond Gateau,3,2026-03-24
BR-S,CAKE-021,Hazelnut Praline Cake,1,2026-03-03
BR-S,CAKE-021,Hazelnut Praline Cake,1,2026-03-12
BR-S,CAKE-022,Orange Chiffon Cake,1,2026-03-01
BR-S,CAKE-022,Orange Chiffon Cake,2,2026-03-02
BR-S,CAKE-023,Pistachio Cake,1,2026-03-03
BR-S,CAKE-023,Pistachio Cake,1,2026-03-10
BR-S,CAKE-024,Tres Leches Cake,3,2026-03-12
BR-S,CAKE-025,Honey Cake,1,2026-03-06
BR-S,CAKE-025,Honey Cake,1,2026-03-23
BR-S,CAKE-026,Coffee Cake,2,2026-03-18
BR-S,CAKE-027,Fruit Gateau,4,2026-03-30
BR-S,CAKE-028,Coconut Macaroon Tray,2,2026-03-23
BR-S,CAKE-029,Lemon Meringue Cake,1,2026-03-17
BR-S,CAKE-029,Lemon Meringue Cake,1,2026-03-19
BR-S,CAKE-030,Truffle Brownie Cake,5,2026-03-17
BR-T,CAKE-001,Chocolate Fudge Cake,5,2026-03-26
BR-T,CAKE-002,Vanilla Sponge Cake,1,2026-03-04
BR-T,CAKE-002,Vanilla Sponge Cake,1,2026-03-05
BR-T,CAKE-002,Vanilla Sponge Cake,1,2026-03-20
BR-T,CAKE-002,Vanilla Sponge Cake,1,2026-03-30
BR-T,CAKE-003,Red Velvet Cake,1,2026-03-11
BR-T,CAKE-004,Lemon Drizzle Cake,1,2026-03-18
BR-T,CAKE-005,Carrot Cake,1,2026-03-09
BR-T,CAKE-005,Carrot Cake,1,2026-03-16
BR-T,CAKE-006,Black Forest Cake,4,2026-03-20
BR-T,CAKE-007,Strawberry Shortcake,2,2026-03-20
BR-T,CAKE-007,Strawberry Shortcake,1,2026-03-21
BR-T,CAKE-008,Whole-Wheat Cake,1,2026-03-06
BR-T,CAKE-009,Pineapple Upside-Down Cake,1,2026-03-02
BR-T,CAKE-009,Pineapple Upside-Down Cake,1,2026-03-15
BR-T,CAKE-010,Butter Cake,3,2026-03-14
BR-T,CAKE-011,German Chocolate Cake,2,2026-03-18
BR-T,CAKE-012,Tiramisu Cake,3,2026-03-08
BR-T,CAKE-013,Cheesecake,4,2026-03-30
BR-T,CAKE-014,Banana Walnut Cake,2,2026-03-16
BR-T,CAKE-015,Apple Cinnamon Cake,1,2026-03-11
BR-T,CAKE-016,Coconut Cake,2,2026-03-22
BR-T,CAKE-017,Marble Cake,1,2026-03-04
BR-T,CAKE-017,Marble Cake,1,2026-03-13
BR-T,CAKE-018,Mango Mousse Cake,3,2026-03-26
BR-T,CAKE-019,Blueberry Muffin Tray,1,2026-03-11
BR-T,CAKE-019,Blueberry Muffin Tray,1,2026-03-16
BR-T,CAKE-019,Blueberry Muffin Tray,1,2026-03-23
BR-T,CAKE-020,Almond Gateau,2,2026-03-24
BR-T,CAKE-021,Hazelnut Praline Cake,2,2026-03-01
BR-T,CAKE-022,Orange Chiffon Cake,1,2026-03-08
BR-T,CAKE-022,Orange Chiffon Cake,1,2026-03-15
BR-T,CAKE-023,Pistachio Cake,1,2026-03-09
BR-T,CAKE-024,Tres Leches Cake,1,2026-03-14
BR-T,CAKE-024,Tres Leches Cake,1,2026-03-21
BR-T,CAKE-025,Honey Cake,1,2026-03-07
BR-T,CAKE-026,Coffee Cake,1,2026-03-23
BR-T,CAKE-027,Fruit Gateau,2,2026-03-03
BR-T,CAKE-028,Coconut Macaroon Tray,1,2026-03-06
BR-T,CAKE-029,Lemon Meringue Cake,1,2026-03-05
BR-T,CAKE-029,Lemon Meringue Cake,1,2026-03-29
BR-T,CAKE-030,Truffle Brownie Cake,1,2026-03-12
BR-T,CAKE-030,Truffle Brownie Cake,1,2026-03-15
BR-T,CAKE-030,Truffle Brownie Cake,1,2026-03-24
BR-T,CAKE-030,Truffle Brownie Cake,1,2026-03-26
BR-A,CAKE-001,Chocolate Fudge Cake,2,2026-04-12
BR-A,CAKE-001,Chocolate Fudge Cake,25,2026-04-18
BR-A,CAKE-001,Chocolate Fudge Cake,35,2026-04-22
BR-A,CAKE-002,Vanilla Sponge Cake,38,2026-04-30
BR-A,CAKE-003,Red Velvet Cake,16,2026-04-25
BR-A,CAKE-004,Lemon Drizzle Cake,14,2026-04-08
BR-A,CAKE-005,Carrot Cake,1,2026-04-15
BR-A,CAKE-005,Carrot Cake,18,2026-04-16
BR-A,CAKE-007,Strawberry Shortcake,2,2026-04-02
BR-A,CAKE-007,Strawberry Shortcake,20,2026-04-04
BR-A,CAKE-007,Strawberry Shortcake,7,2026-04-13
BR-A,CAKE-007,Strawberry Shortcake,3,2026-04-20
BR-A,CAKE-007,Strawberry Shortcake,5,2026-04-29
BR-A,CAKE-008,Whole-Wheat Cake,7,2026-04-10
BR-A,CAKE-008,Whole-Wheat Cake,4,2026-04-29
BR-A,CAKE-009,Pineapple Upside-Down Cake,15,2026-04-08
BR-A,CAKE-009,Pineapple Upside-Down Cake,5,2026-04-17
BR-A,CAKE-010,Butter Cake,8,2026-04-15
BR-A,CAKE-010,Butter Cake,28,2026-04-24
BR-A,CAKE-011,German Chocolate Cake,2,2026-04-07
BR-A,CAKE-011,German Chocolate Cake,24,2026-04-30
BR-A,CAKE-012,Tiramisu Cake,29,2026-04-13
BR-A,CAKE-013,Cheesecake,25,2026-04-02
BR-A,CAKE-013,Cheesecake,2,2026-04-06
BR-A,CAKE-013,Cheesecake,12,2026-04-14
BR-A,CAKE-014,Banana Walnut Cake,20,2026-04-15
BR-A,CAKE-015,Apple Cinnamon Cake,2,2026-04-10
BR-A,CAKE-015,Apple Cinnamon Cake,3,2026-04-11
BR-A,CAKE-015,Apple Cinnamon Cake,9,2026-04-16
BR-A,CAKE-016,Coconut Cake,18,2026-04-21
BR-A,CAKE-017,Marble Cake,25,2026-04-22
BR-A,CAKE-018,Mango Mousse Cake,25,2026-04-22
BR-A,CAKE-018,Mango Mousse Cake,8,2026-04-27
BR-A,CAKE-019,Blueberry Muffin Tray,7,2026-04-03
BR-A,CAKE-019,Blueberry Muffin Tray,10,2026-04-04
BR-A,CAKE-019,Blueberry Muffin Tray,3,2026-04-18
BR-A,CAKE-019,Blueberry Muffin Tray,6,2026-04-27
BR-A,CAKE-019,Blueberry Muffin Tray,7,2026-04-30
BR-A,CAKE-020,Almond Gateau,4,2026-04-06
BR-A,CAKE-020,Almond Gateau,3,2026-04-16
BR-A,CAKE-020,Almond Gateau,12,2026-04-18
BR-A,CAKE-021,Hazelnut Praline Cake,18,2026-04-01
BR-A,CAKE-022,Orange Chiffon Cake,4,2026-04-04
BR-A,CAKE-022,Orange Chiffon Cake,6,2026-04-06
BR-A,CAKE-022,Orange Chiffon Cake,9,2026-04-07
BR-A,CAKE-022,Orange Chiffon Cake,3,2026-04-12
BR-A,CAKE-023,Pistachio Cake,1,2026-04-15
BR-A,CAKE-023,Pistachio Cake,10,2026-04-17
BR-A,CAKE-024,Tres Leches Cake,21,2026-04-23
BR-A,CAKE-025,Honey Cake,15,2026-04-27
BR-A,CAKE-026,Coffee Cake,16,2026-04-08
BR-A,CAKE-027,Fruit Gateau,3,2026-04-06
BR-A,CAKE-027,Fruit Gateau,24,2026-04-26
BR-A,CAKE-028,Coconut Macaroon Tray,3,2026-04-11
BR-A,CAKE-028,Coconut Macaroon Tray,3,2026-04-14
BR-A,CAKE-028,Coconut Macaroon Tray,5,2026-04-21
BR-A,CAKE-028,Coconut Macaroon Tray,2,2026-04-22
BR-A,CAKE-028,Coconut Macaroon Tray,1,2026-04-24
BR-A,CAKE-029,Lemon Meringue Cake,16,2026-04-05
BR-A,CAKE-029,Lemon Meringue Cake,3,2026-04-24
BR-A,CAKE-030,Truffle Brownie Cake,37,2026-04-03
BR-B,CAKE-001,Chocolate Fudge Cake,12,2026-04-06
BR-B,CAKE-001,Chocolate Fudge Cake,13,2026-04-13
BR-B,CAKE-001,Chocolate Fudge Cake,34,2026-04-15
BR-B,CAKE-002,Vanilla Sponge Cake,37,2026-04-15
BR-B,CAKE-003,Red Velvet Cake,15,2026-04-14
BR-B,CAKE-004,Lemon Drizzle Cake,13,2026-04-13
BR-B,CAKE-005,Carrot Cake,7,2026-04-03
BR-B,CAKE-005,Carrot Cake,11,2026-04-14
BR-B,CAKE-006,Black Forest Cake,7,2026-04-17
BR-B,CAKE-006,Black Forest Cake,29,2026-04-19
BR-B,CAKE-007,Strawberry Shortcake,2,2026-04-06
BR-B,CAKE-007,Strawberry Shortcake,12,2026-04-10
BR-B,CAKE-007,Strawberry Shortcake,16,2026-04-13
BR-B,CAKE-007,Strawberry Shortcake,1,2026-04-20
BR-B,CAKE-007,Strawberry Shortcake,4,2026-04-29
BR-B,CAKE-008,Whole-Wheat Cake,10,2026-04-21
BR-B,CAKE-009,Pineapple Upside-Down Cake,19,2026-04-15
BR-B,CAKE-010,Butter Cake,2,2026-04-16
BR-B,CAKE-010,Butter Cake,18,2026-04-18
BR-B,CAKE-010,Butter Cake,15,2026-04-26
BR-B,CAKE-011,German Chocolate Cake,12,2026-04-02
BR-B,CAKE-011,German Chocolate Cake,8,2026-04-10
BR-B,CAKE-011,German Chocolate Cake,6,2026-04-12
BR-B,CAKE-012,Tiramisu Cake,9,2026-04-01
BR-B,CAKE-012,Tiramisu Cake,7,2026-04-05
BR-B,CAKE-012,Tiramisu Cake,12,2026-04-10
BR-B,CAKE-013,Cheesecake,38,2026-04-14
BR-B,CAKE-015,Apple Cinnamon Cake,14,2026-04-30
BR-B,CAKE-016,Coconut Cake,17,2026-04-04
BR-B,CAKE-017,Marble Cake,2,2026-04-15
BR-B,CAKE-017,Marble Cake,8,2026-04-17
BR-B,CAKE-017,Marble Cake,6,2026-04-26
BR-B,CAKE-017,Marble Cake,7,2026-04-29
BR-B,CAKE-018,Mango Mousse Cake,8,2026-04-02
BR-B,CAKE-018,Mango Mousse Cake,16,2026-04-11
BR-B,CAKE-018,Mango Mousse Cake,8,2026-04-16
BR-B,CAKE-019,Blueberry Muffin Tray,19,2026-04-16
BR-B,CAKE-019,Blueberry Muffin Tray,3,2026-04-23
BR-B,CAKE-019,Blueberry Muffin Tray,10,2026-04-27
BR-B,CAKE-020,Almond Gateau,18,2026-04-22
BR-B,CAKE-021,Hazelnut Praline Cake,16,2026-04-06
BR-B,CAKE-022,Orange Chiffon Cake,21,2026-04-22
BR-B,CAKE-023,Pistachio Cake,8,2026-04-18
BR-B,CAKE-023,Pistachio Cake,2,2026-04-29
BR-B,CAKE-024,Tres Leches Cake,11,2026-04-09
BR-B,CAKE-024,Tres Leches Cake,9,2026-04-24
BR-B,CAKE-025,Honey Cake,9,2026-04-09
BR-B,CAKE-025,Honey Cake,2,2026-04-26
BR-B,CAKE-025,Honey Cake,1,2026-04-29
BR-B,CAKE-025,Honey Cake,2,2026-04-30
BR-B,CAKE-026,Coffee Cake,15,2026-04-06
BR-B,CAKE-027,Fruit Gateau,27,2026-04-01
BR-B,CAKE-028,Coconut Macaroon Tray,2,2026-04-02
BR-B,CAKE-028,Coconut Macaroon Tray,4,2026-04-07
BR-B,CAKE-028,Coconut Macaroon Tray,2,2026-04-09
BR-B,CAKE-028,Coconut Macaroon Tray,2,2026-04-14
BR-B,CAKE-028,Coconut Macaroon Tray,3,2026-04-27
BR-B,CAKE-029,Lemon Meringue Cake,15,2026-04-05
BR-B,CAKE-029,Lemon Meringue Cake,3,2026-04-26
BR-B,CAKE-030,Truffle Brownie Cake,13,2026-04-04
BR-B,CAKE-030,Truffle Brownie Cake,9,2026-04-17
BR-B,CAKE-030,Truffle Brownie Cake,3,2026-04-29
BR-B,CAKE-030,Truffle Brownie Cake,11,2026-04-30
BR-C,CAKE-001,Chocolate Fudge Cake,2,2026-04-02
BR-C,CAKE-001,Chocolate Fudge Cake,3,2026-04-04
BR-C,CAKE-001,Chocolate Fudge Cake,7,2026-04-08
BR-C,CAKE-001,Chocolate Fudge Cake,5,2026-04-17
BR-C,CAKE-001,Chocolate Fudge Cake,36,2026-04-30
BR-C,CAKE-002,Vanilla Sponge Cake,32,2026-04-16
BR-C,CAKE-003,Red Velvet Cake,13,2026-04-02
BR-C,CAKE-006,Black Forest Cake,27,2026-04-21
BR-C,CAKE-006,Black Forest Cake,5,2026-04-27
BR-C,CAKE-007,Strawberry Shortcake,10,2026-04-03
BR-C,CAKE-007,Strawberry Shortcake,2,2026-04-16
BR-C,CAKE-007,Strawberry Shortcake,3,2026-04-17
BR-C,CAKE-007,Strawberry Shortcake,17,2026-04-18
BR-C,CAKE-009,Pineapple Upside-Down Cake,2,2026-04-05
BR-C,CAKE-009,Pineapple Upside-Down Cake,15,2026-04-07
BR-C,CAKE-010,Butter Cake,24,2026-04-02
BR-C,CAKE-010,Butter Cake,7,2026-04-07
BR-C,CAKE-011,German Chocolate Cake,16,2026-04-03
BR-C,CAKE-011,German Chocolate Cake,5,2026-04-05
BR-C,CAKE-011,German Chocolate Cake,1,2026-04-29
BR-C,CAKE-012,Tiramisu Cake,6,2026-04-16
BR-C,CAKE-012,Tiramisu Cake,12,2026-04-23
BR-C,CAKE-012,Tiramisu Cake,7,2026-04-27
BR-C,CAKE-013,Cheesecake,3,2026-04-12
BR-C,CAKE-013,Cheesecake,15,2026-04-27
BR-C,CAKE-013,Cheesecake,15,2026-04-28
BR-C,CAKE-014,Banana Walnut Cake,2,2026-04-04
BR-C,CAKE-014,Banana Walnut Cake,1,2026-04-09
BR-C,CAKE-014,Banana Walnut Cake,4,2026-04-10
BR-C,CAKE-014,Banana Walnut Cake,2,2026-04-18
BR-C,CAKE-014,Banana Walnut Cake,8,2026-04-25
BR-C,CAKE-015,Apple Cinnamon Cake,12,2026-04-13
BR-C,CAKE-016,Coconut Cake,16,2026-04-03
BR-C,CAKE-017,Marble Cake,21,2026-04-21
BR-C,CAKE-019,Blueberry Muffin Tray,4,2026-04-01
BR-C,CAKE-019,Blueberry Muffin Tray,1,2026-04-11
BR-C,CAKE-019,Blueberry Muffin Tray,22,2026-04-21
BR-C,CAKE-019,Blueberry Muffin Tray,1,2026-04-30
BR-C,CAKE-020,Almond Gateau,4,2026-04-05
BR-C,CAKE-020,Almond Gateau,8,2026-04-11
BR-C,CAKE-020,Almond Gateau,4,2026-04-18
BR-C,CAKE-021,Hazelnut Praline Cake,15,2026-04-22
BR-C,CAKE-022,Orange Chiffon Cake,19,2026-04-09
BR-C,CAKE-023,Pistachio Cake,2,2026-04-05
BR-C,CAKE-023,Pistachio Cake,7,2026-04-29
BR-C,CAKE-024,Tres Leches Cake,3,2026-04-07
BR-C,CAKE-024,Tres Leches Cake,6,2026-04-21
BR-C,CAKE-024,Tres Leches Cake,9,2026-04-22
BR-C,CAKE-025,Honey Cake,13,2026-04-23
BR-C,CAKE-026,Coffee Cake,14,2026-04-29
BR-C,CAKE-027,Fruit Gateau,23,2026-04-07
BR-C,CAKE-028,Coconut Macaroon Tray,9,2026-04-05
BR-C,CAKE-028,Coconut Macaroon Tray,1,2026-04-08
BR-C,CAKE-028,Coconut Macaroon Tray,1,2026-04-16
BR-C,CAKE-028,Coconut Macaroon Tray,1,2026-04-21
BR-C,CAKE-029,Lemon Meringue Cake,4,2026-04-05
BR-C,CAKE-029,Lemon Meringue Cake,8,2026-04-11
BR-C,CAKE-029,Lemon Meringue Cake,1,2026-04-18
BR-C,CAKE-029,Lemon Meringue Cake,1,2026-04-19
BR-C,CAKE-029,Lemon Meringue Cake,2,2026-04-28
BR-C,CAKE-030,Truffle Brownie Cake,6,2026-04-04
BR-C,CAKE-030,Truffle Brownie Cake,4,2026-04-06
BR-C,CAKE-030,Truffle Brownie Cake,9,2026-04-10
BR-C,CAKE-030,Truffle Brownie Cake,5,2026-04-20
BR-C,CAKE-030,Truffle Brownie Cake,8,2026-04-29
BR-D,CAKE-002,Vanilla Sponge Cake,9,2026-04-08
BR-D,CAKE-004,Lemon Drizzle Cake,2,2026-04-04
BR-D,CAKE-004,Lemon Drizzle Cake,1,2026-04-05
BR-D,CAKE-007,Strawberry Shortcake,2,2026-04-19
BR-D,CAKE-007,Strawberry Shortcake,1,2026-04-24
BR-D,CAKE-007,Strawberry Shortcake,1,2026-04-25
BR-D,CAKE-007,Strawberry Shortcake,2,2026-04-28
BR-D,CAKE-007,Strawberry Shortcake,2,2026-04-30
BR-D,CAKE-008,Whole-Wheat Cake,1,2026-04-02
BR-D,CAKE-008,Whole-Wheat Cake,1,2026-04-07
BR-D,CAKE-009,Pineapple Upside-Down Cake,5,2026-04-05
BR-D,CAKE-010,Butter Cake,1,2026-04-14
BR-D,CAKE-010,Butter Cake,5,2026-04-16
BR-D,CAKE-010,Butter Cake,1,2026-04-17
BR-D,CAKE-010,Butter Cake,1,2026-04-23
BR-D,CAKE-011,German Chocolate Cake,3,2026-04-02
BR-D,CAKE-011,German Chocolate Cake,3,2026-04-04
BR-D,CAKE-012,Tiramisu Cake,1,2026-04-03
BR-D,CAKE-012,Tiramisu Cake,1,2026-04-04
BR-D,CAKE-012,Tiramisu Cake,2,2026-04-14
BR-D,CAKE-012,Tiramisu Cake,3,2026-04-28
BR-D,CAKE-014,Banana Walnut Cake,1,2026-04-13
BR-D,CAKE-014,Banana Walnut Cake,2,2026-04-29
BR-D,CAKE-014,Banana Walnut Cake,1,2026-04-30
BR-D,CAKE-015,Apple Cinnamon Cake,3,2026-04-12
BR-D,CAKE-016,Coconut Cake,1,2026-04-02
BR-D,CAKE-016,Coconut Cake,1,2026-04-16
BR-D,CAKE-016,Coconut Cake,1,2026-04-17
BR-D,CAKE-016,Coconut Cake,1,2026-04-25
BR-D,CAKE-017,Marble Cake,2,2026-04-19
BR-D,CAKE-017,Marble Cake,1,2026-04-28
BR-D,CAKE-017,Marble Cake,2,2026-04-30
BR-D,CAKE-018,Mango Mousse Cake,8,2026-04-21
BR-D,CAKE-019,Blueberry Muffin Tray,7,2026-04-20
BR-D,CAKE-020,Almond Gateau,1,2026-04-01
BR-D,CAKE-020,Almond Gateau,3,2026-04-19
BR-D,CAKE-021,Hazelnut Praline Cake,4,2026-04-09
BR-D,CAKE-022,Orange Chiffon Cake,5,2026-04-26
BR-D,CAKE-023,Pistachio Cake,2,2026-04-28
BR-D,CAKE-025,Honey Cake,3,2026-04-10
BR-D,CAKE-026,Coffee Cake,3,2026-04-01
BR-D,CAKE-026,Coffee Cake,1,2026-04-12
BR-D,CAKE-027,Fruit Gateau,6,2026-04-29
BR-D,CAKE-028,Coconut Macaroon Tray,3,2026-04-04
BR-D,CAKE-029,Lemon Meringue Cake,1,2026-04-02
BR-D,CAKE-029,Lemon Meringue Cake,1,2026-04-08
BR-D,CAKE-029,Lemon Meringue Cake,2,2026-04-21
BR-D,CAKE-030,Truffle Brownie Cake,2,2026-04-01
BR-D,CAKE-030,Truffle Brownie Cake,6,2026-04-30
BR-E,CAKE-001,Chocolate Fudge Cake,45,2026-04-15
BR-E,CAKE-002,Vanilla Sponge Cake,28,2026-04-05
BR-E,CAKE-003,Red Velvet Cake,8,2026-04-01
BR-E,CAKE-003,Red Velvet Cake,3,2026-04-11
BR-E,CAKE-004,Lemon Drizzle Cake,10,2026-04-13
BR-E,CAKE-005,Carrot Cake,1,2026-04-01
BR-E,CAKE-005,Carrot Cake,11,2026-04-02
BR-E,CAKE-005,Carrot Cake,2,2026-04-04
BR-E,CAKE-006,Black Forest Cake,8,2026-04-02
BR-E,CAKE-006,Black Forest Cake,20,2026-04-16
BR-E,CAKE-007,Strawberry Shortcake,1,2026-04-04
BR-E,CAKE-007,Strawberry Shortcake,22,2026-04-12
BR-E,CAKE-007,Strawberry Shortcake,3,2026-04-21
BR-E,CAKE-008,Whole-Wheat Cake,7,2026-04-04
BR-E,CAKE-008,Whole-Wheat Cake,1,2026-04-29
BR-E,CAKE-010,Butter Cake,4,2026-04-05
BR-E,CAKE-010,Butter Cake,11,2026-04-06
BR-E,CAKE-010,Butter Cake,10,2026-04-10
BR-E,CAKE-010,Butter Cake,1,2026-04-24
BR-E,CAKE-011,German Chocolate Cake,10,2026-04-19
BR-E,CAKE-011,German Chocolate Cake,9,2026-04-28
BR-E,CAKE-012,Tiramisu Cake,21,2026-04-05
BR-E,CAKE-013,Cheesecake,29,2026-04-03
BR-E,CAKE-014,Banana Walnut Cake,14,2026-04-19
BR-E,CAKE-015,Apple Cinnamon Cake,10,2026-04-21
BR-E,CAKE-016,Coconut Cake,12,2026-04-02
BR-E,CAKE-016,Coconut Cake,1,2026-04-09
BR-E,CAKE-017,Marble Cake,18,2026-04-14
BR-E,CAKE-018,Mango Mousse Cake,13,2026-04-02
BR-E,CAKE-018,Mango Mousse Cake,10,2026-04-30
BR-E,CAKE-019,Blueberry Muffin Tray,23,2026-04-04
BR-E,CAKE-020,Almond Gateau,10,2026-04-13
BR-E,CAKE-020,Almond Gateau,2,2026-04-21
BR-E,CAKE-020,Almond Gateau,2,2026-04-26
BR-E,CAKE-021,Hazelnut Praline Cake,7,2026-04-16
BR-E,CAKE-021,Hazelnut Praline Cake,4,2026-04-22
BR-E,CAKE-021,Hazelnut Praline Cake,2,2026-04-23
BR-E,CAKE-022,Orange Chiffon Cake,16,2026-04-04
BR-E,CAKE-023,Pistachio Cake,7,2026-04-10
BR-E,CAKE-024,Tres Leches Cake,15,2026-04-24
BR-E,CAKE-026,Coffee Cake,3,2026-04-02
BR-E,CAKE-026,Coffee Cake,3,2026-04-12
BR-E,CAKE-026,Coffee Cake,2,2026-04-20
BR-E,CAKE-026,Coffee Cake,2,2026-04-22
BR-E,CAKE-026,Coffee Cake,1,2026-04-26
BR-E,CAKE-028,Coconut Macaroon Tray,1,2026-04-07
BR-E,CAKE-028,Coconut Macaroon Tray,9,2026-04-30
BR-E,CAKE-029,Lemon Meringue Cake,14,2026-04-08
BR-E,CAKE-030,Truffle Brownie Cake,15,2026-04-02
BR-E,CAKE-030,Truffle Brownie Cake,13,2026-04-11
BR-F,CAKE-001,Chocolate Fudge Cake,18,2026-04-09
BR-F,CAKE-001,Chocolate Fudge Cake,16,2026-04-26
BR-F,CAKE-003,Red Velvet Cake,2,2026-04-09
BR-F,CAKE-003,Red Velvet Cake,1,2026-04-13
BR-F,CAKE-003,Red Velvet Cake,6,2026-04-19
BR-F,CAKE-004,Lemon Drizzle Cake,1,2026-04-02
BR-F,CAKE-004,Lemon Drizzle Cake,1,2026-04-09
BR-F,CAKE-004,Lemon Drizzle Cake,5,2026-04-24
BR-F,CAKE-005,Carrot Cake,11,2026-04-05
BR-F,CAKE-006,Black Forest Cake,1,2026-04-17
BR-F,CAKE-006,Black Forest Cake,20,2026-04-24
BR-F,CAKE-007,Strawberry Shortcake,2,2026-04-08
BR-F,CAKE-007,Strawberry Shortcake,6,2026-04-10
BR-F,CAKE-007,Strawberry Shortcake,12,2026-04-13
BR-F,CAKE-007,Strawberry Shortcake,1,2026-04-28
BR-F,CAKE-008,Whole-Wheat Cake,6,2026-04-27
BR-F,CAKE-009,Pineapple Upside-Down Cake,6,2026-04-22
BR-F,CAKE-009,Pineapple Upside-Down Cake,6,2026-04-24
BR-F,CAKE-010,Butter Cake,20,2026-04-07
BR-F,CAKE-012,Tiramisu Cake,11,2026-04-04
BR-F,CAKE-012,Tiramisu Cake,2,2026-04-14
BR-F,CAKE-012,Tiramisu Cake,3,2026-04-15
BR-F,CAKE-013,Cheesecake,22,2026-04-11
BR-F,CAKE-014,Banana Walnut Cake,2,2026-04-15
BR-F,CAKE-014,Banana Walnut Cake,9,2026-04-24
BR-F,CAKE-016,Coconut Cake,7,2026-04-07
BR-F,CAKE-016,Coconut Cake,3,2026-04-12
BR-F,CAKE-017,Marble Cake,14,2026-04-05
BR-F,CAKE-018,Mango Mousse Cake,9,2026-04-05
BR-F,CAKE-018,Mango Mousse Cake,2,2026-04-07
BR-F,CAKE-018,Mango Mousse Cake,3,2026-04-10
BR-F,CAKE-018,Mango Mousse Cake,3,2026-04-24
BR-F,CAKE-018,Mango Mousse Cake,1,2026-04-28
BR-F,CAKE-019,Blueberry Muffin Tray,18,2026-04-27
BR-F,CAKE-020,Almond Gateau,11,2026-04-22
BR-F,CAKE-021,Hazelnut Praline Cake,1,2026-04-05
BR-F,CAKE-021,Hazelnut Praline Cake,1,2026-04-07
BR-F,CAKE-021,Hazelnut Praline Cake,5,2026-04-16
BR-F,CAKE-021,Hazelnut Praline Cake,3,2026-04-29
BR-F,CAKE-022,Orange Chiffon Cake,7,2026-04-03
BR-F,CAKE-022,Orange Chiffon Cake,4,2026-04-04
BR-F,CAKE-022,Orange Chiffon Cake,2,2026-04-08
BR-F,CAKE-023,Pistachio Cake,6,2026-04-16
BR-F,CAKE-024,Tres Leches Cake,12,2026-04-09
BR-F,CAKE-025,Honey Cake,5,2026-04-09
BR-F,CAKE-025,Honey Cake,3,2026-04-17
BR-F,CAKE-026,Coffee Cake,9,2026-04-21
BR-F,CAKE-027,Fruit Gateau,12,2026-04-05
BR-F,CAKE-027,Fruit Gateau,1,2026-04-22
BR-F,CAKE-027,Fruit Gateau,3,2026-04-24
BR-F,CAKE-028,Coconut Macaroon Tray,8,2026-04-07
BR-F,CAKE-029,Lemon Meringue Cake,9,2026-04-07
BR-F,CAKE-029,Lemon Meringue Cake,2,2026-04-20
BR-F,CAKE-030,Truffle Brownie Cake,21,2026-04-29
BR-G,CAKE-001,Chocolate Fudge Cake,4,2026-04-04
BR-G,CAKE-001,Chocolate Fudge Cake,3,2026-04-11
BR-G,CAKE-001,Chocolate Fudge Cake,26,2026-04-20
BR-G,CAKE-002,Vanilla Sponge Cake,1,2026-04-05
BR-G,CAKE-002,Vanilla Sponge Cake,20,2026-04-23
BR-G,CAKE-003,Red Velvet Cake,1,2026-04-03
BR-G,CAKE-003,Red Velvet Cake,2,2026-04-06
BR-G,CAKE-003,Red Velvet Cake,1,2026-04-09
BR-G,CAKE-003,Red Velvet Cake,5,2026-04-29
BR-G,CAKE-004,Lemon Drizzle Cake,2,2026-04-09
BR-G,CAKE-004,Lemon Drizzle Cake,5,2026-04-27
BR-G,CAKE-005,Carrot Cake,6,2026-04-13
BR-G,CAKE-005,Carrot Cake,4,2026-04-19
BR-G,CAKE-005,Carrot Cake,1,2026-04-23
BR-G,CAKE-006,Black Forest Cake,20,2026-04-21
BR-G,CAKE-007,Strawberry Shortcake,2,2026-04-09
BR-G,CAKE-007,Strawberry Shortcake,9,2026-04-18
BR-G,CAKE-007,Strawberry Shortcake,1,2026-04-19
BR-G,CAKE-007,Strawberry Shortcake,8,2026-04-29
BR-G,CAKE-008,Whole-Wheat Cake,3,2026-04-05
BR-G,CAKE-008,Whole-Wheat Cake,1,2026-04-08
BR-G,CAKE-008,Whole-Wheat Cake,2,2026-04-21
BR-G,CAKE-009,Pineapple Upside-Down Cake,2,2026-04-14
BR-G,CAKE-009,Pineapple Upside-Down Cake,10,2026-04-22
BR-G,CAKE-010,Butter Cake,19,2026-04-19
BR-G,CAKE-011,German Chocolate Cake,15,2026-04-10
BR-G,CAKE-012,Tiramisu Cake,1,2026-04-15
BR-G,CAKE-012,Tiramisu Cake,12,2026-04-25
BR-G,CAKE-012,Tiramisu Cake,3,2026-04-30
BR-G,CAKE-013,Cheesecake,22,2026-04-24
BR-G,CAKE-014,Banana Walnut Cake,4,2026-04-13
BR-G,CAKE-014,Banana Walnut Cake,7,2026-04-26
BR-G,CAKE-015,Apple Cinnamon Cake,8,2026-04-24
BR-G,CAKE-016,Coconut Cake,1,2026-04-02
BR-G,CAKE-016,Coconut Cake,8,2026-04-10
BR-G,CAKE-016,Coconut Cake,1,2026-04-14
BR-G,CAKE-017,Marble Cake,14,2026-04-12
BR-G,CAKE-018,Mango Mousse Cake,18,2026-04-12
BR-G,CAKE-019,Blueberry Muffin Tray,4,2026-04-03
BR-G,CAKE-019,Blueberry Muffin Tray,5,2026-04-05
BR-G,CAKE-019,Blueberry Muffin Tray,2,2026-04-18
BR-G,CAKE-019,Blueberry Muffin Tray,6,2026-04-24
BR-G,CAKE-021,Hazelnut Praline Cake,10,2026-04-20
BR-G,CAKE-022,Orange Chiffon Cake,1,2026-04-01
BR-G,CAKE-022,Orange Chiffon Cake,1,2026-04-11
BR-G,CAKE-022,Orange Chiffon Cake,11,2026-04-23
BR-G,CAKE-023,Pistachio Cake,1,2026-04-02
BR-G,CAKE-023,Pistachio Cake,4,2026-04-11
BR-G,CAKE-023,Pistachio Cake,1,2026-04-15
BR-G,CAKE-024,Tres Leches Cake,12,2026-04-29
BR-G,CAKE-025,Honey Cake,8,2026-04-21
BR-G,CAKE-026,Coffee Cake,1,2026-04-01
BR-G,CAKE-026,Coffee Cake,1,2026-04-02
BR-G,CAKE-026,Coffee Cake,3,2026-04-10
BR-G,CAKE-026,Coffee Cake,4,2026-04-11
BR-G,CAKE-027,Fruit Gateau,16,2026-04-10
BR-G,CAKE-028,Coconut Macaroon Tray,1,2026-04-09
BR-G,CAKE-028,Coconut Macaroon Tray,3,2026-04-13
BR-G,CAKE-028,Coconut Macaroon Tray,2,2026-04-15
BR-G,CAKE-028,Coconut Macaroon Tray,1,2026-04-19
BR-G,CAKE-028,Coconut Macaroon Tray,1,2026-04-27
BR-G,CAKE-029,Lemon Meringue Cake,2,2026-04-09
BR-G,CAKE-029,Lemon Meringue Cake,7,2026-04-12
BR-G,CAKE-029,Lemon Meringue Cake,2,2026-04-29
BR-G,CAKE-030,Truffle Brownie Cake,4,2026-04-08
BR-G,CAKE-030,Truffle Brownie Cake,5,2026-04-11
BR-G,CAKE-030,Truffle Brownie Cake,11,2026-04-30
BR-H,CAKE-002,Vanilla Sponge Cake,16,2026-04-21
BR-H,CAKE-003,Red Velvet Cake,3,2026-04-01
BR-H,CAKE-003,Red Velvet Cake,1,2026-04-11
BR-H,CAKE-003,Red Velvet Cake,3,2026-04-12
BR-H,CAKE-004,Lemon Drizzle Cake,2,2026-04-01
BR-H,CAKE-004,Lemon Drizzle Cake,4,2026-04-26
BR-H,CAKE-005,Carrot Cake,3,2026-04-16
BR-H,CAKE-005,Carrot Cake,1,2026-04-18
BR-H,CAKE-005,Carrot Cake,4,2026-04-20
BR-H,CAKE-006,Black Forest Cake,15,2026-04-04
BR-H,CAKE-007,Strawberry Shortcake,15,2026-04-27
BR-H,CAKE-008,Whole-Wheat Cake,1,2026-04-02
BR-H,CAKE-008,Whole-Wheat Cake,1,2026-04-06
BR-H,CAKE-008,Whole-Wheat Cake,1,2026-04-09
BR-H,CAKE-008,Whole-Wheat Cake,1,2026-04-25
BR-H,CAKE-008,Whole-Wheat Cake,1,2026-04-26
BR-H,CAKE-009,Pineapple Upside-Down Cake,9,2026-04-25
BR-H,CAKE-010,Butter Cake,9,2026-04-03
BR-H,CAKE-010,Butter Cake,6,2026-04-09
BR-H,CAKE-011,German Chocolate Cake,1,2026-04-02
BR-H,CAKE-011,German Chocolate Cake,5,2026-04-08
BR-H,CAKE-011,German Chocolate Cake,1,2026-04-09
BR-H,CAKE-011,German Chocolate Cake,4,2026-04-15
BR-H,CAKE-012,Tiramisu Cake,10,2026-04-16
BR-H,CAKE-012,Tiramisu Cake,3,2026-04-19
BR-H,CAKE-013,Cheesecake,17,2026-04-24
BR-H,CAKE-014,Banana Walnut Cake,7,2026-04-11
BR-H,CAKE-014,Banana Walnut Cake,2,2026-04-30
BR-H,CAKE-015,Apple Cinnamon Cake,6,2026-04-22
BR-H,CAKE-016,Coconut Cake,8,2026-04-12
BR-H,CAKE-017,Marble Cake,2,2026-04-05
BR-H,CAKE-017,Marble Cake,7,2026-04-07
BR-H,CAKE-017,Marble Cake,2,2026-04-15
BR-H,CAKE-018,Mango Mousse Cake,14,2026-04-18
BR-H,CAKE-019,Blueberry Muffin Tray,14,2026-04-13
BR-H,CAKE-020,Almond Gateau,8,2026-04-13
BR-H,CAKE-021,Hazelnut Praline Cake,1,2026-04-02
BR-H,CAKE-021,Hazelnut Praline Cake,6,2026-04-09
BR-H,CAKE-022,Orange Chiffon Cake,2,2026-04-03
BR-H,CAKE-022,Orange Chiffon Cake,1,2026-04-06
BR-H,CAKE-022,Orange Chiffon Cake,2,2026-04-14
BR-H,CAKE-022,Orange Chiffon Cake,2,2026-04-22
BR-H,CAKE-022,Orange Chiffon Cake,2,2026-04-24
BR-H,CAKE-023,Pistachio Cake,1,2026-04-09
BR-H,CAKE-023,Pistachio Cake,1,2026-04-15
BR-H,CAKE-023,Pistachio Cake,2,2026-04-25
BR-H,CAKE-024,Tres Leches Cake,1,2026-04-06
BR-H,CAKE-024,Tres Leches Cake,8,2026-04-07
BR-H,CAKE-025,Honey Cake,4,2026-04-17
BR-H,CAKE-025,Honey Cake,2,2026-04-20
BR-H,CAKE-026,Coffee Cake,1,2026-04-08
BR-H,CAKE-026,Coffee Cake,4,2026-04-24
BR-H,CAKE-026,Coffee Cake,2,2026-04-29
BR-H,CAKE-027,Fruit Gateau,2,2026-04-05
BR-H,CAKE-027,Fruit Gateau,10,2026-04-19
BR-H,CAKE-028,Coconut Macaroon Tray,1,2026-04-17
BR-H,CAKE-028,Coconut Macaroon Tray,2,2026-04-20
BR-H,CAKE-028,Coconut Macaroon Tray,1,2026-04-27
BR-H,CAKE-028,Coconut Macaroon Tray,1,2026-04-30
BR-H,CAKE-029,Lemon Meringue Cake,8,2026-04-21
BR-H,CAKE-030,Truffle Brownie Cake,1,2026-04-08
BR-H,CAKE-030,Truffle Brownie Cake,14,2026-04-21
BR-I,CAKE-001,Chocolate Fudge Cake,31,2026-04-24
BR-I,CAKE-002,Vanilla Sponge Cake,19,2026-04-28
BR-I,CAKE-003,Red Velvet Cake,8,2026-04-18
BR-I,CAKE-004,Lemon Drizzle Cake,1,2026-04-08
BR-I,CAKE-004,Lemon Drizzle Cake,2,2026-04-16
BR-I,CAKE-004,Lemon Drizzle Cake,3,2026-04-20
BR-I,CAKE-004,Lemon Drizzle Cake,1,2026-04-25
BR-I,CAKE-005,Carrot Cake,3,2026-04-04
BR-I,CAKE-005,Carrot Cake,1,2026-04-07
BR-I,CAKE-005,Carrot Cake,6,2026-04-19
BR-I,CAKE-006,Black Forest Cake,2,2026-04-25
BR-I,CAKE-006,Black Forest Cake,17,2026-04-30
BR-I,CAKE-007,Strawberry Shortcake,9,2026-04-16
BR-I,CAKE-007,Strawberry Shortcake,3,2026-04-21
BR-I,CAKE-007,Strawberry Shortcake,4,2026-04-27
BR-I,CAKE-007,Strawberry Shortcake,3,2026-04-28
BR-I,CAKE-008,Whole-Wheat Cake,4,2026-04-07
BR-I,CAKE-008,Whole-Wheat Cake,2,2026-04-18
BR-I,CAKE-009,Pineapple Upside-Down Cake,9,2026-04-01
BR-I,CAKE-009,Pineapple Upside-Down Cake,2,2026-04-12
BR-I,CAKE-010,Butter Cake,6,2026-04-01
BR-I,CAKE-010,Butter Cake,3,2026-04-07
BR-I,CAKE-010,Butter Cake,6,2026-04-10
BR-I,CAKE-010,Butter Cake,3,2026-04-29
BR-I,CAKE-011,German Chocolate Cake,13,2026-04-15
BR-I,CAKE-012,Tiramisu Cake,15,2026-04-20
BR-I,CAKE-013,Cheesecake,3,2026-04-03
BR-I,CAKE-013,Cheesecake,4,2026-04-05
BR-I,CAKE-013,Cheesecake,3,2026-04-06
BR-I,CAKE-013,Cheesecake,4,2026-04-15
BR-I,CAKE-013,Cheesecake,6,2026-04-26
BR-I,CAKE-014,Banana Walnut Cake,3,2026-04-06
BR-I,CAKE-014,Banana Walnut Cake,8,2026-04-14
BR-I,CAKE-015,Apple Cinnamon Cake,7,2026-04-16
BR-I,CAKE-016,Coconut Cake,5,2026-04-12
BR-I,CAKE-016,Coconut Cake,4,2026-04-14
BR-I,CAKE-016,Coconut Cake,1,2026-04-25
BR-I,CAKE-017,Marble Cake,3,2026-04-12
BR-I,CAKE-017,Marble Cake,7,2026-04-16
BR-I,CAKE-017,Marble Cake,3,2026-04-24
BR-I,CAKE-018,Mango Mousse Cake,15,2026-04-08
BR-I,CAKE-018,Mango Mousse Cake,2,2026-04-27
BR-I,CAKE-019,Blueberry Muffin Tray,16,2026-04-09
BR-I,CAKE-020,Almond Gateau,3,2026-04-01
BR-I,CAKE-020,Almond Gateau,3,2026-04-14
BR-I,CAKE-020,Almond Gateau,3,2026-04-17
BR-I,CAKE-020,Almond Gateau,1,2026-04-23
BR-I,CAKE-021,Hazelnut Praline Cake,9,2026-04-30
BR-I,CAKE-022,Orange Chiffon Cake,3,2026-04-06
BR-I,CAKE-022,Orange Chiffon Cake,1,2026-04-09
BR-I,CAKE-022,Orange Chiffon Cake,6,2026-04-23
BR-I,CAKE-022,Orange Chiffon Cake,1,2026-04-30
BR-I,CAKE-023,Pistachio Cake,1,2026-04-09
BR-I,CAKE-023,Pistachio Cake,4,2026-04-11
BR-I,CAKE-024,Tres Leches Cake,11,2026-04-05
BR-I,CAKE-025,Honey Cake,8,2026-04-06
BR-I,CAKE-027,Fruit Gateau,2,2026-04-05
BR-I,CAKE-027,Fruit Gateau,9,2026-04-09
BR-I,CAKE-027,Fruit Gateau,3,2026-04-19
BR-I,CAKE-028,Coconut Macaroon Tray,3,2026-04-11
BR-I,CAKE-028,Coconut Macaroon Tray,2,2026-04-13
BR-I,CAKE-028,Coconut Macaroon Tray,1,2026-04-26
BR-I,CAKE-029,Lemon Meringue Cake,2,2026-04-06
BR-I,CAKE-029,Lemon Meringue Cake,1,2026-04-17
BR-I,CAKE-029,Lemon Meringue Cake,1,2026-04-21
BR-I,CAKE-029,Lemon Meringue Cake,6,2026-04-24
BR-I,CAKE-030,Truffle Brownie Cake,10,2026-04-02
BR-I,CAKE-030,Truffle Brownie Cake,6,2026-04-12
BR-I,CAKE-030,Truffle Brownie Cake,2,2026-04-17
BR-I,CAKE-030,Truffle Brownie Cake,1,2026-04-26
BR-J,CAKE-001,Chocolate Fudge Cake,26,2026-04-17
BR-J,CAKE-002,Vanilla Sponge Cake,16,2026-04-17
BR-J,CAKE-003,Red Velvet Cake,4,2026-04-22
BR-J,CAKE-003,Red Velvet Cake,3,2026-04-26
BR-J,CAKE-004,Lemon Drizzle Cake,6,2026-04-14
BR-J,CAKE-005,Carrot Cake,8,2026-04-08
BR-J,CAKE-006,Black Forest Cake,6,2026-04-01
BR-J,CAKE-006,Black Forest Cake,4,2026-04-18
BR-J,CAKE-006,Black Forest Cake,5,2026-04-25
BR-J,CAKE-007,Strawberry Shortcake,8,2026-04-02
BR-J,CAKE-007,Strawberry Shortcake,2,2026-04-18
BR-J,CAKE-007,Strawberry Shortcake,5,2026-04-25
BR-J,CAKE-008,Whole-Wheat Cake,5,2026-04-07
BR-J,CAKE-009,Pineapple Upside-Down Cake,9,2026-04-19
BR-J,CAKE-010,Butter Cake,5,2026-04-04
BR-J,CAKE-010,Butter Cake,10,2026-04-14
BR-J,CAKE-011,German Chocolate Cake,2,2026-04-07
BR-J,CAKE-011,German Chocolate Cake,3,2026-04-23
BR-J,CAKE-011,German Chocolate Cake,6,2026-04-30
BR-J,CAKE-012,Tiramisu Cake,6,2026-04-08
BR-J,CAKE-012,Tiramisu Cake,6,2026-04-21
BR-J,CAKE-013,Cheesecake,16,2026-04-10
BR-J,CAKE-014,Banana Walnut Cake,7,2026-04-26
BR-J,CAKE-014,Banana Walnut Cake,2,2026-04-29
BR-J,CAKE-015,Apple Cinnamon Cake,1,2026-04-03
BR-J,CAKE-015,Apple Cinnamon Cake,1,2026-04-10
BR-J,CAKE-015,Apple Cinnamon Cake,1,2026-04-20
BR-J,CAKE-015,Apple Cinnamon Cake,3,2026-04-29
BR-J,CAKE-016,Coconut Cake,2,2026-04-03
BR-J,CAKE-016,Coconut Cake,1,2026-04-14
BR-J,CAKE-016,Coconut Cake,4,2026-04-17
BR-J,CAKE-016,Coconut Cake,1,2026-04-23
BR-J,CAKE-017,Marble Cake,11,2026-04-04
BR-J,CAKE-018,Mango Mousse Cake,8,2026-04-11
BR-J,CAKE-018,Mango Mousse Cake,5,2026-04-19
BR-J,CAKE-018,Mango Mousse Cake,1,2026-04-29
BR-J,CAKE-019,Blueberry Muffin Tray,1,2026-04-03
BR-J,CAKE-019,Blueberry Muffin Tray,5,2026-04-06
BR-J,CAKE-019,Blueberry Muffin Tray,1,2026-04-07
BR-J,CAKE-019,Blueberry Muffin Tray,4,2026-04-08
BR-J,CAKE-019,Blueberry Muffin Tray,2,2026-04-29
BR-J,CAKE-020,Almond Gateau,8,2026-04-09
BR-J,CAKE-021,Hazelnut Praline Cake,3,2026-04-11
BR-J,CAKE-021,Hazelnut Praline Cake,4,2026-04-25
BR-J,CAKE-022,Orange Chiffon Cake,1,2026-04-03
BR-J,CAKE-022,Orange Chiffon Cake,7,2026-04-14
BR-J,CAKE-022,Orange Chiffon Cake,1,2026-04-18
BR-J,CAKE-023,Pistachio Cake,1,2026-04-07
BR-J,CAKE-023,Pistachio Cake,1,2026-04-09
BR-J,CAKE-023,Pistachio Cake,1,2026-04-20
BR-J,CAKE-023,Pistachio Cake,1,2026-04-29
BR-J,CAKE-024,Tres Leches Cake,3,2026-04-09
BR-J,CAKE-024,Tres Leches Cake,2,2026-04-11
BR-J,CAKE-024,Tres Leches Cake,4,2026-04-13
BR-J,CAKE-025,Honey Cake,6,2026-04-01
BR-J,CAKE-026,Coffee Cake,7,2026-04-28
BR-J,CAKE-027,Fruit Gateau,1,2026-04-04
BR-J,CAKE-027,Fruit Gateau,1,2026-04-19
BR-J,CAKE-027,Fruit Gateau,2,2026-04-24
BR-J,CAKE-027,Fruit Gateau,7,2026-04-27
BR-J,CAKE-028,Coconut Macaroon Tray,5,2026-04-08
BR-J,CAKE-029,Lemon Meringue Cake,8,2026-04-02
BR-J,CAKE-030,Truffle Brownie Cake,4,2026-04-05
BR-J,CAKE-030,Truffle Brownie Cake,4,2026-04-13
BR-J,CAKE-030,Truffle Brownie Cake,1,2026-04-21
BR-J,CAKE-030,Truffle Brownie Cake,6,2026-04-30
BR-K,CAKE-001,Chocolate Fudge Cake,24,2026-04-07
BR-K,CAKE-002,Vanilla Sponge Cake,7,2026-04-10
BR-K,CAKE-002,Vanilla Sponge Cake,1,2026-04-13
BR-K,CAKE-002,Vanilla Sponge Cake,1,2026-04-21
BR-K,CAKE-002,Vanilla Sponge Cake,3,2026-04-24
BR-K,CAKE-002,Vanilla Sponge Cake,2,2026-04-30
BR-K,CAKE-003,Red Velvet Cake,1,2026-04-13
BR-K,CAKE-003,Red Velvet Cake,3,2026-04-24
BR-K,CAKE-003,Red Velvet Cake,2,2026-04-26
BR-K,CAKE-004,Lemon Drizzle Cake,5,2026-04-29
BR-K,CAKE-005,Carrot Cake,7,2026-04-28
BR-K,CAKE-006,Black Forest Cake,10,2026-04-04
BR-K,CAKE-006,Black Forest Cake,3,2026-04-09
BR-K,CAKE-006,Black Forest Cake,2,2026-04-22
BR-K,CAKE-007,Strawberry Shortcake,15,2026-04-05
BR-K,CAKE-008,Whole-Wheat Cake,1,2026-04-13
BR-K,CAKE-008,Whole-Wheat Cake,1,2026-04-15
BR-K,CAKE-008,Whole-Wheat Cake,1,2026-04-16
BR-K,CAKE-008,Whole-Wheat Cake,1,2026-04-21
BR-K,CAKE-009,Pineapple Upside-Down Cake,8,2026-04-30
BR-K,CAKE-010,Butter Cake,1,2026-04-06
BR-K,CAKE-010,Butter Cake,13,2026-04-24
BR-K,CAKE-011,German Chocolate Cake,2,2026-04-18
BR-K,CAKE-011,German Chocolate Cake,4,2026-04-21
BR-K,CAKE-011,German Chocolate Cake,4,2026-04-30
BR-K,CAKE-012,Tiramisu Cake,5,2026-04-09
BR-K,CAKE-012,Tiramisu Cake,5,2026-04-14
BR-K,CAKE-012,Tiramisu Cake,1,2026-04-28
BR-K,CAKE-013,Cheesecake,15,2026-04-06
BR-K,CAKE-014,Banana Walnut Cake,1,2026-04-02
BR-K,CAKE-014,Banana Walnut Cake,5,2026-04-08
BR-K,CAKE-014,Banana Walnut Cake,2,2026-04-09
BR-K,CAKE-015,Apple Cinnamon Cake,1,2026-04-12
BR-K,CAKE-015,Apple Cinnamon Cake,1,2026-04-16
BR-K,CAKE-015,Apple Cinnamon Cake,2,2026-04-27
BR-K,CAKE-015,Apple Cinnamon Cake,1,2026-04-30
BR-K,CAKE-016,Coconut Cake,1,2026-04-01
BR-K,CAKE-016,Coconut Cake,3,2026-04-03
BR-K,CAKE-016,Coconut Cake,3,2026-04-04
BR-K,CAKE-017,Marble Cake,9,2026-04-30
BR-K,CAKE-018,Mango Mousse Cake,12,2026-04-07
BR-K,CAKE-019,Blueberry Muffin Tray,5,2026-04-03
BR-K,CAKE-019,Blueberry Muffin Tray,2,2026-04-25
BR-K,CAKE-019,Blueberry Muffin Tray,5,2026-04-26
BR-K,CAKE-020,Almond Gateau,4,2026-04-10
BR-K,CAKE-020,Almond Gateau,1,2026-04-14
BR-K,CAKE-020,Almond Gateau,2,2026-04-20
BR-K,CAKE-021,Hazelnut Praline Cake,7,2026-04-27
BR-K,CAKE-022,Orange Chiffon Cake,6,2026-04-14
BR-K,CAKE-022,Orange Chiffon Cake,1,2026-04-25
BR-K,CAKE-022,Orange Chiffon Cake,1,2026-04-26
BR-K,CAKE-023,Pistachio Cake,2,2026-04-06
BR-K,CAKE-023,Pistachio Cake,1,2026-04-14
BR-K,CAKE-023,Pistachio Cake,1,2026-04-19
BR-K,CAKE-024,Tres Leches Cake,4,2026-04-06
BR-K,CAKE-024,Tres Leches Cake,4,2026-04-28
BR-K,CAKE-025,Honey Cake,2,2026-04-04
BR-K,CAKE-025,Honey Cake,1,2026-04-24
BR-K,CAKE-025,Honey Cake,1,2026-04-25
BR-K,CAKE-025,Honey Cake,2,2026-04-28
BR-K,CAKE-026,Coffee Cake,3,2026-04-13
BR-K,CAKE-026,Coffee Cake,3,2026-04-26
BR-K,CAKE-027,Fruit Gateau,1,2026-04-11
BR-K,CAKE-027,Fruit Gateau,1,2026-04-17
BR-K,CAKE-027,Fruit Gateau,1,2026-04-25
BR-K,CAKE-027,Fruit Gateau,2,2026-04-28
BR-K,CAKE-027,Fruit Gateau,5,2026-04-30
BR-K,CAKE-028,Coconut Macaroon Tray,1,2026-04-05
BR-K,CAKE-028,Coconut Macaroon Tray,1,2026-04-08
BR-K,CAKE-028,Coconut Macaroon Tray,1,2026-04-11
BR-K,CAKE-028,Coconut Macaroon Tray,1,2026-04-18
BR-K,CAKE-028,Coconut Macaroon Tray,1,2026-04-30
BR-K,CAKE-029,Lemon Meringue Cake,2,2026-04-10
BR-K,CAKE-029,Lemon Meringue Cake,1,2026-04-11
BR-K,CAKE-029,Lemon Meringue Cake,2,2026-04-25
BR-K,CAKE-029,Lemon Meringue Cake,1,2026-04-27
BR-K,CAKE-029,Lemon Meringue Cake,1,2026-04-30
BR-K,CAKE-030,Truffle Brownie Cake,15,2026-04-22
BR-L,CAKE-001,Chocolate Fudge Cake,23,2026-04-17
BR-L,CAKE-002,Vanilla Sponge Cake,13,2026-04-08
BR-L,CAKE-003,Red Velvet Cake,6,2026-04-18
BR-L,CAKE-004,Lemon Drizzle Cake,5,2026-04-23
BR-L,CAKE-005,Carrot Cake,7,2026-04-22
BR-L,CAKE-006,Black Forest Cake,14,2026-04-09
BR-L,CAKE-007,Strawberry Shortcake,14,2026-04-17
BR-L,CAKE-008,Whole-Wheat Cake,1,2026-04-18
BR-L,CAKE-008,Whole-Wheat Cake,3,2026-04-24
BR-L,CAKE-009,Pineapple Upside-Down Cake,1,2026-04-13
BR-L,CAKE-009,Pineapple Upside-Down Cake,7,2026-04-23
BR-L,CAKE-010,Butter Cake,11,2026-04-04
BR-L,CAKE-010,Butter Cake,2,2026-04-16
BR-L,CAKE-011,German Chocolate Cake,10,2026-04-23
BR-L,CAKE-012,Tiramisu Cake,10,2026-04-12
BR-L,CAKE-013,Cheesecake,14,2026-04-20
BR-L,CAKE-014,Banana Walnut Cake,8,2026-04-09
BR-L,CAKE-015,Apple Cinnamon Cake,4,2026-04-01
BR-L,CAKE-015,Apple Cinnamon Cake,1,2026-04-06
BR-L,CAKE-016,Coconut Cake,2,2026-04-05
BR-L,CAKE-016,Coconut Cake,2,2026-04-11
BR-L,CAKE-016,Coconut Cake,1,2026-04-20
BR-L,CAKE-016,Coconut Cake,1,2026-04-27
BR-L,CAKE-016,Coconut Cake,1,2026-04-30
BR-L,CAKE-017,Marble Cake,9,2026-04-29
BR-L,CAKE-018,Mango Mousse Cake,11,2026-04-11
BR-L,CAKE-019,Blueberry Muffin Tray,6,2026-04-04
BR-L,CAKE-019,Blueberry Muffin Tray,5,2026-04-29
BR-L,CAKE-020,Almond Gateau,7,2026-04-29
BR-L,CAKE-021,Hazelnut Praline Cake,7,2026-04-14
BR-L,CAKE-022,Orange Chiffon Cake,8,2026-04-26
BR-L,CAKE-023,Pistachio Cake,1,2026-04-18
BR-L,CAKE-023,Pistachio Cake,1,2026-04-19
BR-L,CAKE-023,Pistachio Cake,1,2026-04-29
BR-L,CAKE-023,Pistachio Cake,1,2026-04-30
BR-L,CAKE-024,Tres Leches Cake,2,2026-04-08
BR-L,CAKE-024,Tres Leches Cake,2,2026-04-18
BR-L,CAKE-024,Tres Leches Cake,4,2026-04-28
BR-L,CAKE-025,Honey Cake,1,2026-04-06
BR-L,CAKE-025,Honey Cake,5,2026-04-28
BR-L,CAKE-026,Coffee Cake,6,2026-04-24
BR-L,CAKE-028,Coconut Macaroon Tray,4,2026-04-18
BR-L,CAKE-028,Coconut Macaroon Tray,1,2026-04-30
BR-L,CAKE-029,Lemon Meringue Cake,7,2026-04-17
BR-L,CAKE-030,Truffle Brownie Cake,2,2026-04-01
BR-L,CAKE-030,Truffle Brownie Cake,1,2026-04-25
BR-L,CAKE-030,Truffle Brownie Cake,11,2026-04-27
BR-M,CAKE-001,Chocolate Fudge Cake,6,2026-04-19
BR-M,CAKE-001,Chocolate Fudge Cake,9,2026-04-28
BR-M,CAKE-002,Vanilla Sponge Cake,3,2026-04-24
BR-M,CAKE-002,Vanilla Sponge Cake,6,2026-04-28
BR-M,CAKE-003,Red Velvet Cake,1,2026-04-04
BR-M,CAKE-003,Red Velvet Cake,1,2026-04-15
BR-M,CAKE-003,Red Velvet Cake,1,2026-04-22
BR-M,CAKE-004,Lemon Drizzle Cake,1,2026-04-07
BR-M,CAKE-004,Lemon Drizzle Cake,1,2026-04-17
BR-M,CAKE-004,Lemon Drizzle Cake,1,2026-04-23
BR-M,CAKE-005,Carrot Cake,1,2026-04-01
BR-M,CAKE-005,Carrot Cake,1,2026-04-14
BR-M,CAKE-005,Carrot Cake,2,2026-04-22
BR-M,CAKE-006,Black Forest Cake,3,2026-04-05
BR-M,CAKE-006,Black Forest Cake,6,2026-04-12
BR-M,CAKE-007,Strawberry Shortcake,7,2026-04-08
BR-M,CAKE-007,Strawberry Shortcake,2,2026-04-24
BR-M,CAKE-009,Pineapple Upside-Down Cake,2,2026-04-03
BR-M,CAKE-009,Pineapple Upside-Down Cake,1,2026-04-07
BR-M,CAKE-009,Pineapple Upside-Down Cake,2,2026-04-18
BR-M,CAKE-011,German Chocolate Cake,2,2026-04-02
BR-M,CAKE-011,German Chocolate Cake,1,2026-04-03
BR-M,CAKE-011,German Chocolate Cake,3,2026-04-16
BR-M,CAKE-012,Tiramisu Cake,7,2026-04-14
BR-M,CAKE-013,Cheesecake,9,2026-04-20
BR-M,CAKE-014,Banana Walnut Cake,5,2026-04-16
BR-M,CAKE-015,Apple Cinnamon Cake,1,2026-04-18
BR-M,CAKE-015,Apple Cinnamon Cake,1,2026-04-22
BR-M,CAKE-015,Apple Cinnamon Cake,1,2026-04-24
BR-M,CAKE-016,Coconut Cake,4,2026-04-13
BR-M,CAKE-017,Marble Cake,2,2026-04-12
BR-M,CAKE-017,Marble Cake,3,2026-04-15
BR-M,CAKE-017,Marble Cake,1,2026-04-29
BR-M,CAKE-018,Mango Mousse Cake,4,2026-04-01
BR-M,CAKE-018,Mango Mousse Cake,1,2026-04-05
BR-M,CAKE-018,Mango Mousse Cake,2,2026-04-11
BR-M,CAKE-018,Mango Mousse Cake,1,2026-04-18
BR-M,CAKE-019,Blueberry Muffin Tray,8,2026-04-24
BR-M,CAKE-020,Almond Gateau,4,2026-04-30
BR-M,CAKE-021,Hazelnut Praline Cake,4,2026-04-27
BR-M,CAKE-022,Orange Chiffon Cake,1,2026-04-04
BR-M,CAKE-022,Orange Chiffon Cake,1,2026-04-05
BR-M,CAKE-022,Orange Chiffon Cake,1,2026-04-10
BR-M,CAKE-022,Orange Chiffon Cake,1,2026-04-26
BR-M,CAKE-022,Orange Chiffon Cake,1,2026-04-30
BR-M,CAKE-023,Pistachio Cake,2,2026-04-17
BR-M,CAKE-024,Tres Leches Cake,2,2026-04-10
BR-M,CAKE-024,Tres Leches Cake,3,2026-04-12
BR-M,CAKE-026,Coffee Cake,4,2026-04-28
BR-M,CAKE-027,Fruit Gateau,1,2026-04-02
BR-M,CAKE-027,Fruit Gateau,5,2026-04-05
BR-M,CAKE-027,Fruit Gateau,1,2026-04-10
BR-M,CAKE-028,Coconut Macaroon Tray,1,2026-04-02
BR-M,CAKE-028,Coconut Macaroon Tray,1,2026-04-23
BR-M,CAKE-028,Coconut Macaroon Tray,1,2026-04-29
BR-M,CAKE-029,Lemon Meringue Cake,1,2026-04-03
BR-M,CAKE-029,Lemon Meringue Cake,3,2026-04-07
BR-M,CAKE-030,Truffle Brownie Cake,1,2026-04-01
BR-M,CAKE-030,Truffle Brownie Cake,1,2026-04-04
BR-M,CAKE-030,Truffle Brownie Cake,1,2026-04-16
BR-M,CAKE-030,Truffle Brownie Cake,4,2026-04-21
BR-M,CAKE-030,Truffle Brownie Cake,2,2026-04-29
BR-N,CAKE-001,Chocolate Fudge Cake,18,2026-04-15
BR-N,CAKE-002,Vanilla Sponge Cake,1,2026-04-06
BR-N,CAKE-002,Vanilla Sponge Cake,1,2026-04-09
BR-N,CAKE-002,Vanilla Sponge Cake,8,2026-04-10
BR-N,CAKE-002,Vanilla Sponge Cake,1,2026-04-11
BR-N,CAKE-002,Vanilla Sponge Cake,1,2026-04-19
BR-N,CAKE-003,Red Velvet Cake,2,2026-04-09
BR-N,CAKE-003,Red Velvet Cake,1,2026-04-20
BR-N,CAKE-003,Red Velvet Cake,1,2026-04-26
BR-N,CAKE-004,Lemon Drizzle Cake,1,2026-04-15
BR-N,CAKE-004,Lemon Drizzle Cake,3,2026-04-24
BR-N,CAKE-006,Black Forest Cake,11,2026-04-25
BR-N,CAKE-007,Strawberry Shortcake,9,2026-04-21
BR-N,CAKE-007,Strawberry Shortcake,2,2026-04-27
BR-N,CAKE-008,Whole-Wheat Cake,1,2026-04-23
BR-N,CAKE-008,Whole-Wheat Cake,1,2026-04-29
BR-N,CAKE-008,Whole-Wheat Cake,1,2026-04-30
BR-N,CAKE-009,Pineapple Upside-Down Cake,2,2026-04-20
BR-N,CAKE-009,Pineapple Upside-Down Cake,4,2026-04-21
BR-N,CAKE-010,Butter Cake,5,2026-04-02
BR-N,CAKE-010,Butter Cake,1,2026-04-06
BR-N,CAKE-010,Butter Cake,2,2026-04-25
BR-N,CAKE-010,Butter Cake,2,2026-04-26
BR-N,CAKE-011,German Chocolate Cake,7,2026-04-24
BR-N,CAKE-012,Tiramisu Cake,8,2026-04-04
BR-N,CAKE-013,Cheesecake,7,2026-04-02
BR-N,CAKE-013,Cheesecake,4,2026-04-09
BR-N,CAKE-014,Banana Walnut Cake,3,2026-04-28
BR-N,CAKE-014,Banana Walnut Cake,3,2026-04-30
BR-N,CAKE-015,Apple Cinnamon Cake,2,2026-04-23
BR-N,CAKE-015,Apple Cinnamon Cake,1,2026-04-28
BR-N,CAKE-015,Apple Cinnamon Cake,1,2026-04-30
BR-N,CAKE-016,Coconut Cake,5,2026-04-19
BR-N,CAKE-017,Marble Cake,3,2026-04-06
BR-N,CAKE-017,Marble Cake,4,2026-04-16
BR-N,CAKE-018,Mango Mousse Cake,4,2026-04-05
BR-N,CAKE-018,Mango Mousse Cake,6,2026-04-27
BR-N,CAKE-019,Blueberry Muffin Tray,6,2026-04-04
BR-N,CAKE-019,Blueberry Muffin Tray,3,2026-04-22
BR-N,CAKE-020,Almond Gateau,1,2026-04-10
BR-N,CAKE-020,Almond Gateau,2,2026-04-16
BR-N,CAKE-020,Almond Gateau,2,2026-04-17
BR-N,CAKE-021,Hazelnut Praline Cake,5,2026-04-08
BR-N,CAKE-022,Orange Chiffon Cake,6,2026-04-23
BR-N,CAKE-023,Pistachio Cake,1,2026-04-08
BR-N,CAKE-023,Pistachio Cake,1,2026-04-10
BR-N,CAKE-023,Pistachio Cake,1,2026-04-29
BR-N,CAKE-024,Tres Leches Cake,6,2026-04-26
BR-N,CAKE-025,Honey Cake,1,2026-04-05
BR-N,CAKE-025,Honey Cake,2,2026-04-06
BR-N,CAKE-025,Honey Cake,1,2026-04-25
BR-N,CAKE-026,Coffee Cake,1,2026-04-11
BR-N,CAKE-026,Coffee Cake,1,2026-04-12
BR-N,CAKE-026,Coffee Cake,1,2026-04-13
BR-N,CAKE-026,Coffee Cake,1,2026-04-28
BR-N,CAKE-026,Coffee Cake,1,2026-04-29
BR-N,CAKE-027,Fruit Gateau,8,2026-04-23
BR-N,CAKE-028,Coconut Macaroon Tray,2,2026-04-05
BR-N,CAKE-028,Coconut Macaroon Tray,1,2026-04-15
BR-N,CAKE-028,Coconut Macaroon Tray,1,2026-04-23
BR-N,CAKE-029,Lemon Meringue Cake,4,2026-04-01
BR-N,CAKE-029,Lemon Meringue Cake,1,2026-04-28
BR-N,CAKE-030,Truffle Brownie Cake,11,2026-04-12
BR-O,CAKE-001,Chocolate Fudge Cake,4,2026-04-07
BR-O,CAKE-001,Chocolate Fudge Cake,6,2026-04-11
BR-O,CAKE-001,Chocolate Fudge Cake,4,2026-04-24
BR-O,CAKE-001,Chocolate Fudge Cake,1,2026-04-26
BR-O,CAKE-001,Chocolate Fudge Cake,1,2026-04-29
BR-O,CAKE-002,Vanilla Sponge Cake,9,2026-04-10
BR-O,CAKE-002,Vanilla Sponge Cake,1,2026-04-15
BR-O,CAKE-003,Red Velvet Cake,1,2026-04-03
BR-O,CAKE-003,Red Velvet Cake,1,2026-04-07
BR-O,CAKE-003,Red Velvet Cake,1,2026-04-12
BR-O,CAKE-003,Red Velvet Cake,1,2026-04-17
BR-O,CAKE-004,Lemon Drizzle Cake,4,2026-04-24
BR-O,CAKE-005,Carrot Cake,5,2026-04-24
BR-O,CAKE-006,Black Forest Cake,10,2026-04-03
BR-O,CAKE-007,Strawberry Shortcake,4,2026-04-03
BR-O,CAKE-007,Strawberry Shortcake,6,2026-04-21
BR-O,CAKE-008,Whole-Wheat Cake,3,2026-04-04
BR-O,CAKE-009,Pineapple Upside-Down Cake,6,2026-04-15
BR-O,CAKE-010,Butter Cake,6,2026-04-21
BR-O,CAKE-010,Butter Cake,4,2026-04-24
BR-O,CAKE-011,German Chocolate Cake,7,2026-04-02
BR-O,CAKE-012,Tiramisu Cake,6,2026-04-07
BR-O,CAKE-012,Tiramisu Cake,2,2026-04-08
BR-O,CAKE-013,Cheesecake,10,2026-04-03
BR-O,CAKE-014,Banana Walnut Cake,1,2026-04-01
BR-O,CAKE-014,Banana Walnut Cake,1,2026-04-07
BR-O,CAKE-014,Banana Walnut Cake,4,2026-04-29
BR-O,CAKE-015,Apple Cinnamon Cake,4,2026-04-25
BR-O,CAKE-016,Coconut Cake,4,2026-04-10
BR-O,CAKE-016,Coconut Cake,1,2026-04-27
BR-O,CAKE-018,Mango Mousse Cake,8,2026-04-06
BR-O,CAKE-018,Mango Mousse Cake,1,2026-04-17
BR-O,CAKE-019,Blueberry Muffin Tray,6,2026-04-15
BR-O,CAKE-019,Blueberry Muffin Tray,3,2026-04-28
BR-O,CAKE-020,Almond Gateau,2,2026-04-03
BR-O,CAKE-020,Almond Gateau,3,2026-04-08
BR-O,CAKE-021,Hazelnut Praline Cake,1,2026-04-03
BR-O,CAKE-021,Hazelnut Praline Cake,4,2026-04-07
BR-O,CAKE-022,Orange Chiffon Cake,6,2026-04-12
BR-O,CAKE-023,Pistachio Cake,3,2026-04-17
BR-O,CAKE-024,Tres Leches Cake,6,2026-04-24
BR-O,CAKE-025,Honey Cake,2,2026-04-15
BR-O,CAKE-025,Honey Cake,2,2026-04-17
BR-O,CAKE-027,Fruit Gateau,1,2026-04-02
BR-O,CAKE-027,Fruit Gateau,2,2026-04-07
BR-O,CAKE-027,Fruit Gateau,5,2026-04-18
BR-O,CAKE-028,Coconut Macaroon Tray,2,2026-04-05
BR-O,CAKE-028,Coconut Macaroon Tray,1,2026-04-22
BR-O,CAKE-028,Coconut Macaroon Tray,1,2026-04-25
BR-O,CAKE-029,Lemon Meringue Cake,1,2026-04-12
BR-O,CAKE-029,Lemon Meringue Cake,4,2026-04-30
BR-O,CAKE-030,Truffle Brownie Cake,1,2026-04-04
BR-O,CAKE-030,Truffle Brownie Cake,2,2026-04-05
BR-O,CAKE-030,Truffle Brownie Cake,1,2026-04-06
BR-O,CAKE-030,Truffle Brownie Cake,4,2026-04-13
BR-O,CAKE-030,Truffle Brownie Cake,2,2026-04-26
BR-P,CAKE-001,Chocolate Fudge Cake,17,2026-04-14
BR-P,CAKE-002,Vanilla Sponge Cake,5,2026-04-07
BR-P,CAKE-002,Vanilla Sponge Cake,6,2026-04-11
BR-P,CAKE-003,Red Velvet Cake,2,2026-04-05
BR-P,CAKE-003,Red Velvet Cake,1,2026-04-06
BR-P,CAKE-003,Red Velvet Cake,1,2026-04-18
BR-P,CAKE-005,Carrot Cake,4,2026-04-14
BR-P,CAKE-005,Carrot Cake,1,2026-04-16
BR-P,CAKE-006,Black Forest Cake,10,2026-04-28
BR-P,CAKE-007,Strawberry Shortcake,3,2026-04-09
BR-P,CAKE-007,Strawberry Shortcake,5,2026-04-13
BR-P,CAKE-007,Strawberry Shortcake,2,2026-04-21
BR-P,CAKE-008,Whole-Wheat Cake,1,2026-04-15
BR-P,CAKE-008,Whole-Wheat Cake,1,2026-04-17
BR-P,CAKE-008,Whole-Wheat Cake,1,2026-04-23
BR-P,CAKE-009,Pineapple Upside-Down Cake,1,2026-04-02
BR-P,CAKE-009,Pineapple Upside-Down Cake,1,2026-04-05
BR-P,CAKE-009,Pineapple Upside-Down Cake,3,2026-04-06
BR-P,CAKE-009,Pineapple Upside-Down Cake,1,2026-04-16
BR-P,CAKE-010,Butter Cake,3,2026-04-01
BR-P,CAKE-010,Butter Cake,1,2026-04-04
BR-P,CAKE-010,Butter Cake,3,2026-04-09
BR-P,CAKE-010,Butter Cake,2,2026-04-24
BR-P,CAKE-010,Butter Cake,1,2026-04-28
BR-P,CAKE-011,German Chocolate Cake,7,2026-04-16
BR-P,CAKE-012,Tiramisu Cake,8,2026-04-12
BR-P,CAKE-013,Cheesecake,9,2026-04-25
BR-P,CAKE-013,Cheesecake,1,2026-04-30
BR-P,CAKE-014,Banana Walnut Cake,1,2026-04-21
BR-P,CAKE-014,Banana Walnut Cake,5,2026-04-27
BR-P,CAKE-015,Apple Cinnamon Cake,1,2026-04-01
BR-P,CAKE-015,Apple Cinnamon Cake,1,2026-04-14
BR-P,CAKE-015,Apple Cinnamon Cake,1,2026-04-24
BR-P,CAKE-015,Apple Cinnamon Cake,1,2026-04-28
BR-P,CAKE-016,Coconut Cake,2,2026-04-01
BR-P,CAKE-016,Coconut Cake,1,2026-04-13
BR-P,CAKE-016,Coconut Cake,2,2026-04-17
BR-P,CAKE-017,Marble Cake,7,2026-04-12
BR-P,CAKE-018,Mango Mousse Cake,9,2026-04-08
BR-P,CAKE-019,Blueberry Muffin Tray,6,2026-04-06
BR-P,CAKE-019,Blueberry Muffin Tray,1,2026-04-24
BR-P,CAKE-019,Blueberry Muffin Tray,2,2026-04-30
BR-P,CAKE-020,Almond Gateau,1,2026-04-18
BR-P,CAKE-020,Almond Gateau,1,2026-04-19
BR-P,CAKE-020,Almond Gateau,3,2026-04-30
BR-P,CAKE-021,Hazelnut Praline Cake,5,2026-04-08
BR-P,CAKE-022,Orange Chiffon Cake,6,2026-04-13
BR-P,CAKE-023,Pistachio Cake,2,2026-04-12
BR-P,CAKE-023,Pistachio Cake,1,2026-04-22
BR-P,CAKE-024,Tres Leches Cake,1,2026-04-04
BR-P,CAKE-024,Tres Leches Cake,2,2026-04-14
BR-P,CAKE-024,Tres Leches Cake,3,2026-04-16
BR-P,CAKE-025,Honey Cake,4,2026-04-03
BR-P,CAKE-026,Coffee Cake,5,2026-04-16
BR-P,CAKE-027,Fruit Gateau,1,2026-04-04
BR-P,CAKE-027,Fruit Gateau,5,2026-04-12
BR-P,CAKE-027,Fruit Gateau,1,2026-04-22
BR-P,CAKE-027,Fruit Gateau,1,2026-04-26
BR-P,CAKE-028,Coconut Macaroon Tray,1,2026-04-08
BR-P,CAKE-028,Coconut Macaroon Tray,1,2026-04-11
BR-P,CAKE-028,Coconut Macaroon Tray,1,2026-04-14
BR-P,CAKE-028,Coconut Macaroon Tray,1,2026-04-25
BR-P,CAKE-029,Lemon Meringue Cake,3,2026-04-05
BR-P,CAKE-029,Lemon Meringue Cake,2,2026-04-19
BR-P,CAKE-030,Truffle Brownie Cake,4,2026-04-05
BR-P,CAKE-030,Truffle Brownie Cake,4,2026-04-16
BR-P,CAKE-030,Truffle Brownie Cake,1,2026-04-24
BR-P,CAKE-030,Truffle Brownie Cake,1,2026-04-30
BR-Q,CAKE-001,Chocolate Fudge Cake,11,2026-04-02
BR-Q,CAKE-002,Vanilla Sponge Cake,7,2026-04-08
BR-Q,CAKE-003,Red Velvet Cake,1,2026-04-03
BR-Q,CAKE-003,Red Velvet Cake,1,2026-04-04
BR-Q,CAKE-003,Red Velvet Cake,1,2026-04-22
BR-Q,CAKE-004,Lemon Drizzle Cake,3,2026-04-24
BR-Q,CAKE-005,Carrot Cake,1,2026-04-07
BR-Q,CAKE-005,Carrot Cake,1,2026-04-23
BR-Q,CAKE-005,Carrot Cake,2,2026-04-27
BR-Q,CAKE-006,Black Forest Cake,1,2026-04-02
BR-Q,CAKE-006,Black Forest Cake,1,2026-04-17
BR-Q,CAKE-006,Black Forest Cake,1,2026-04-18
BR-Q,CAKE-006,Black Forest Cake,1,2026-04-23
BR-Q,CAKE-006,Black Forest Cake,2,2026-04-28
BR-Q,CAKE-007,Strawberry Shortcake,2,2026-04-03
BR-Q,CAKE-007,Strawberry Shortcake,3,2026-04-20
BR-Q,CAKE-007,Strawberry Shortcake,1,2026-04-25
BR-Q,CAKE-008,Whole-Wheat Cake,1,2026-04-09
BR-Q,CAKE-008,Whole-Wheat Cake,1,2026-04-21
BR-Q,CAKE-009,Pineapple Upside-Down Cake,4,2026-04-02
BR-Q,CAKE-010,Butter Cake,5,2026-04-11
BR-Q,CAKE-010,Butter Cake,2,2026-04-19
BR-Q,CAKE-011,German Chocolate Cake,1,2026-04-10
BR-Q,CAKE-011,German Chocolate Cake,2,2026-04-20
BR-Q,CAKE-011,German Chocolate Cake,1,2026-04-21
BR-Q,CAKE-011,German Chocolate Cake,1,2026-04-30
BR-Q,CAKE-012,Tiramisu Cake,2,2026-04-18
BR-Q,CAKE-012,Tiramisu Cake,3,2026-04-24
BR-Q,CAKE-013,Cheesecake,5,2026-04-15
BR-Q,CAKE-013,Cheesecake,3,2026-04-24
BR-Q,CAKE-014,Banana Walnut Cake,2,2026-04-08
BR-Q,CAKE-014,Banana Walnut Cake,2,2026-04-10
BR-Q,CAKE-017,Marble Cake,5,2026-04-18
BR-Q,CAKE-018,Mango Mousse Cake,2,2026-04-01
BR-Q,CAKE-018,Mango Mousse Cake,2,2026-04-02
BR-Q,CAKE-018,Mango Mousse Cake,2,2026-04-20
BR-Q,CAKE-019,Blueberry Muffin Tray,6,2026-04-11
BR-Q,CAKE-020,Almond Gateau,3,2026-04-05
BR-Q,CAKE-020,Almond Gateau,1,2026-04-12
BR-Q,CAKE-021,Hazelnut Praline Cake,1,2026-04-23
BR-Q,CAKE-021,Hazelnut Praline Cake,1,2026-04-27
BR-Q,CAKE-021,Hazelnut Praline Cake,1,2026-04-29
BR-Q,CAKE-022,Orange Chiffon Cake,1,2026-04-18
BR-Q,CAKE-022,Orange Chiffon Cake,1,2026-04-22
BR-Q,CAKE-022,Orange Chiffon Cake,1,2026-04-28
BR-Q,CAKE-022,Orange Chiffon Cake,1,2026-04-29
BR-Q,CAKE-023,Pistachio Cake,2,2026-04-02
BR-Q,CAKE-024,Tres Leches Cake,1,2026-04-01
BR-Q,CAKE-024,Tres Leches Cake,2,2026-04-16
BR-Q,CAKE-024,Tres Leches Cake,1,2026-04-30
BR-Q,CAKE-025,Honey Cake,3,2026-04-14
BR-Q,CAKE-026,Coffee Cake,2,2026-04-06
BR-Q,CAKE-026,Coffee Cake,1,2026-04-14
BR-Q,CAKE-027,Fruit Gateau,1,2026-04-01
BR-Q,CAKE-027,Fruit Gateau,1,2026-04-09
BR-Q,CAKE-027,Fruit Gateau,1,2026-04-18
BR-Q,CAKE-027,Fruit Gateau,1,2026-04-21
BR-Q,CAKE-027,Fruit Gateau,1,2026-04-30
BR-Q,CAKE-028,Coconut Macaroon Tray,1,2026-04-11
BR-Q,CAKE-028,Coconut Macaroon Tray,1,2026-04-24
BR-Q,CAKE-028,Coconut Macaroon Tray,1,2026-04-25
BR-Q,CAKE-029,Lemon Meringue Cake,2,2026-04-17
BR-Q,CAKE-029,Lemon Meringue Cake,2,2026-04-25
BR-Q,CAKE-030,Truffle Brownie Cake,2,2026-04-24
BR-Q,CAKE-030,Truffle Brownie Cake,2,2026-04-28
BR-Q,CAKE-030,Truffle Brownie Cake,2,2026-04-29
BR-R,CAKE-001,Chocolate Fudge Cake,11,2026-04-12
BR-R,CAKE-002,Vanilla Sponge Cake,6,2026-04-28
BR-R,CAKE-003,Red Velvet Cake,1,2026-04-22
BR-R,CAKE-003,Red Velvet Cake,2,2026-04-26
BR-R,CAKE-004,Lemon Drizzle Cake,3,2026-04-22
BR-R,CAKE-005,Carrot Cake,1,2026-04-01
BR-R,CAKE-005,Carrot Cake,1,2026-04-21
BR-R,CAKE-005,Carrot Cake,2,2026-04-24
BR-R,CAKE-006,Black Forest Cake,2,2026-04-04
BR-R,CAKE-006,Black Forest Cake,1,2026-04-11
BR-R,CAKE-006,Black Forest Cake,1,2026-04-12
BR-R,CAKE-006,Black Forest Cake,1,2026-04-17
BR-R,CAKE-006,Black Forest Cake,1,2026-04-26
BR-R,CAKE-007,Strawberry Shortcake,6,2026-04-06
BR-R,CAKE-008,Whole-Wheat Cake,2,2026-04-15
BR-R,CAKE-009,Pineapple Upside-Down Cake,4,2026-04-25
BR-R,CAKE-010,Butter Cake,6,2026-04-22
BR-R,CAKE-011,German Chocolate Cake,2,2026-04-11
BR-R,CAKE-011,German Chocolate Cake,1,2026-04-20
BR-R,CAKE-011,German Chocolate Cake,2,2026-04-30
BR-R,CAKE-012,Tiramisu Cake,3,2026-04-01
BR-R,CAKE-012,Tiramisu Cake,1,2026-04-12
BR-R,CAKE-012,Tiramisu Cake,1,2026-04-19
BR-R,CAKE-013,Cheesecake,7,2026-04-19
BR-R,CAKE-014,Banana Walnut Cake,4,2026-04-07
BR-R,CAKE-016,Coconut Cake,3,2026-04-27
BR-R,CAKE-017,Marble Cake,5,2026-04-17
BR-R,CAKE-018,Mango Mousse Cake,6,2026-04-24
BR-R,CAKE-019,Blueberry Muffin Tray,3,2026-04-15
BR-R,CAKE-019,Blueberry Muffin Tray,1,2026-04-16
BR-R,CAKE-019,Blueberry Muffin Tray,2,2026-04-20
BR-R,CAKE-020,Almond Gateau,3,2026-04-04
BR-R,CAKE-020,Almond Gateau,1,2026-04-05
BR-R,CAKE-021,Hazelnut Praline Cake,3,2026-04-04
BR-R,CAKE-022,Orange Chiffon Cake,1,2026-04-09
BR-R,CAKE-022,Orange Chiffon Cake,1,2026-04-10
BR-R,CAKE-022,Orange Chiffon Cake,1,2026-04-19
BR-R,CAKE-022,Orange Chiffon Cake,1,2026-04-21
BR-R,CAKE-023,Pistachio Cake,2,2026-04-11
BR-R,CAKE-024,Tres Leches Cake,1,2026-04-18
BR-R,CAKE-024,Tres Leches Cake,1,2026-04-20
BR-R,CAKE-024,Tres Leches Cake,1,2026-04-25
BR-R,CAKE-024,Tres Leches Cake,1,2026-04-30
BR-R,CAKE-025,Honey Cake,1,2026-04-06
BR-R,CAKE-025,Honey Cake,1,2026-04-18
BR-R,CAKE-025,Honey Cake,1,2026-04-23
BR-R,CAKE-026,Coffee Cake,1,2026-04-01
BR-R,CAKE-026,Coffee Cake,1,2026-04-04
BR-R,CAKE-026,Coffee Cake,1,2026-04-16
BR-R,CAKE-027,Fruit Gateau,1,2026-04-08
BR-R,CAKE-027,Fruit Gateau,2,2026-04-18
BR-R,CAKE-027,Fruit Gateau,1,2026-04-25
BR-R,CAKE-027,Fruit Gateau,1,2026-04-26
BR-R,CAKE-028,Coconut Macaroon Tray,3,2026-04-22
BR-R,CAKE-029,Lemon Meringue Cake,4,2026-04-26
BR-R,CAKE-030,Truffle Brownie Cake,1,2026-04-13
BR-R,CAKE-030,Truffle Brownie Cake,3,2026-04-21
BR-R,CAKE-030,Truffle Brownie Cake,2,2026-04-30
BR-S,CAKE-001,Chocolate Fudge Cake,10,2026-04-26
BR-S,CAKE-002,Vanilla Sponge Cake,1,2026-04-07
BR-S,CAKE-002,Vanilla Sponge Cake,5,2026-04-11
BR-S,CAKE-003,Red Velvet Cake,1,2026-04-10
BR-S,CAKE-003,Red Velvet Cake,1,2026-04-19
BR-S,CAKE-004,Lemon Drizzle Cake,2,2026-04-16
BR-S,CAKE-005,Carrot Cake,1,2026-04-19
BR-S,CAKE-005,Carrot Cake,2,2026-04-21
BR-S,CAKE-006,Black Forest Cake,2,2026-04-04
BR-S,CAKE-006,Black Forest Cake,1,2026-04-06
BR-S,CAKE-006,Black Forest Cake,1,2026-04-17
BR-S,CAKE-006,Black Forest Cake,1,2026-04-29
BR-S,CAKE-007,Strawberry Shortcake,5,2026-04-21
BR-S,CAKE-008,Whole-Wheat Cake,1,2026-04-02
BR-S,CAKE-008,Whole-Wheat Cake,1,2026-04-12
BR-S,CAKE-009,Pineapple Upside-Down Cake,2,2026-04-04
BR-S,CAKE-009,Pineapple Upside-Down Cake,1,2026-04-05
BR-S,CAKE-010,Butter Cake,3,2026-04-02
BR-S,CAKE-010,Butter Cake,3,2026-04-10
BR-S,CAKE-011,German Chocolate Cake,3,2026-04-06
BR-S,CAKE-011,German Chocolate Cake,1,2026-04-19
BR-S,CAKE-012,Tiramisu Cake,1,2026-04-12
BR-S,CAKE-012,Tiramisu Cake,2,2026-04-19
BR-S,CAKE-012,Tiramisu Cake,1,2026-04-24
BR-S,CAKE-013,Cheesecake,6,2026-04-18
BR-S,CAKE-014,Banana Walnut Cake,1,2026-04-06
BR-S,CAKE-014,Banana Walnut Cake,1,2026-04-11
BR-S,CAKE-014,Banana Walnut Cake,1,2026-04-18
BR-S,CAKE-015,Apple Cinnamon Cake,2,2026-04-18
BR-S,CAKE-016,Coconut Cake,2,2026-04-22
BR-S,CAKE-018,Mango Mousse Cake,2,2026-04-16
BR-S,CAKE-018,Mango Mousse Cake,1,2026-04-22
BR-S,CAKE-018,Mango Mousse Cake,1,2026-04-23
BR-S,CAKE-018,Mango Mousse Cake,1,2026-04-26
BR-S,CAKE-019,Blueberry Muffin Tray,1,2026-04-04
BR-S,CAKE-019,Blueberry Muffin Tray,2,2026-04-06
BR-S,CAKE-019,Blueberry Muffin Tray,2,2026-04-28
BR-S,CAKE-020,Almond Gateau,2,2026-04-20
BR-S,CAKE-020,Almond Gateau,1,2026-04-24
BR-S,CAKE-021,Hazelnut Praline Cake,1,2026-04-24
BR-S,CAKE-021,Hazelnut Praline Cake,1,2026-04-27
BR-S,CAKE-022,Orange Chiffon Cake,3,2026-04-11
BR-S,CAKE-023,Pistachio Cake,1,2026-04-02
BR-S,CAKE-023,Pistachio Cake,1,2026-04-21
BR-S,CAKE-024,Tres Leches Cake,1,2026-04-09
BR-S,CAKE-024,Tres Leches Cake,1,2026-04-26
BR-S,CAKE-024,Tres Leches Cake,1,2026-04-28
BR-S,CAKE-025,Honey Cake,1,2026-04-05
BR-S,CAKE-025,Honey Cake,1,2026-04-10
BR-S,CAKE-026,Coffee Cake,2,2026-04-04
BR-S,CAKE-027,Fruit Gateau,2,2026-04-12
BR-S,CAKE-027,Fruit Gateau,2,2026-04-24
BR-S,CAKE-028,Coconut Macaroon Tray,2,2026-04-18
BR-S,CAKE-029,Lemon Meringue Cake,1,2026-04-03
BR-S,CAKE-029,Lemon Meringue Cake,1,2026-04-05
BR-S,CAKE-029,Lemon Meringue Cake,1,2026-04-29
BR-S,CAKE-030,Truffle Brownie Cake,4,2026-04-04
BR-S,CAKE-030,Truffle Brownie Cake,1,2026-04-12
BR-T,CAKE-001,Chocolate Fudge Cake,1,2026-04-07
BR-T,CAKE-001,Chocolate Fudge Cake,4,2026-04-18
BR-T,CAKE-002,Vanilla Sponge Cake,1,2026-04-07
BR-T,CAKE-002,Vanilla Sponge Cake,1,2026-04-10
BR-T,CAKE-002,Vanilla Sponge Cake,2,2026-04-29
BR-T,CAKE-004,Lemon Drizzle Cake,1,2026-04-10
BR-T,CAKE-007,Strawberry Shortcake,4,2026-04-21
BR-T,CAKE-008,Whole-Wheat Cake,1,2026-04-08
BR-T,CAKE-009,Pineapple Upside-Down Cake,2,2026-04-20
BR-T,CAKE-010,Butter Cake,3,2026-04-11
BR-T,CAKE-011,German Chocolate Cake,2,2026-04-13
BR-T,CAKE-012,Tiramisu Cake,1,2026-04-02
BR-T,CAKE-012,Tiramisu Cake,1,2026-04-11
BR-T,CAKE-012,Tiramisu Cake,1,2026-04-22
BR-T,CAKE-013,Cheesecake,2,2026-04-07
BR-T,CAKE-013,Cheesecake,2,2026-04-25
BR-T,CAKE-014,Banana Walnut Cake,2,2026-04-18
BR-T,CAKE-015,Apple Cinnamon Cake,1,2026-04-07
BR-T,CAKE-016,Coconut Cake,2,2026-04-26
BR-T,CAKE-018,Mango Mousse Cake,3,2026-04-09
BR-T,CAKE-019,Blueberry Muffin Tray,1,2026-04-12
BR-T,CAKE-019,Blueberry Muffin Tray,1,2026-04-13
BR-T,CAKE-019,Blueberry Muffin Tray,1,2026-04-16
BR-T,CAKE-020,Almond Gateau,2,2026-04-22
BR-T,CAKE-021,Hazelnut Praline Cake,1,2026-04-06
BR-T,CAKE-021,Hazelnut Praline Cake,1,2026-04-27
BR-T,CAKE-022,Orange Chiffon Cake,1,2026-04-07
BR-T,CAKE-022,Orange Chiffon Cake,1,2026-04-17
BR-T,CAKE-023,Pistachio Cake,1,2026-04-23
BR-T,CAKE-024,Tres Leches Cake,2,2026-04-16
BR-T,CAKE-025,Honey Cake,1,2026-04-30
BR-T,CAKE-027,Fruit Gateau,1,2026-04-04
BR-T,CAKE-027,Fruit Gateau,1,2026-04-21
BR-T,CAKE-027,Fruit Gateau,1,2026-04-24
BR-T,CAKE-028,Coconut Macaroon Tray,1,2026-04-17
BR-T,CAKE-029,Lemon Meringue Cake,2,2026-04-18
BR-A,CAKE-001,Chocolate Fudge Cake,16,2026-05-10
BR-A,CAKE-001,Chocolate Fudge Cake,46,2026-05-22
BR-A,CAKE-001,Chocolate Fudge Cake,10,2026-05-28
BR-A,CAKE-002,Vanilla Sponge Cake,17,2026-05-11
BR-A,CAKE-002,Vanilla Sponge Cake,23,2026-05-24
BR-A,CAKE-003,Red Velvet Cake,9,2026-05-07
BR-A,CAKE-003,Red Velvet Cake,9,2026-05-26
BR-A,CAKE-004,Lemon Drizzle Cake,5,2026-05-17
BR-A,CAKE-004,Lemon Drizzle Cake,9,2026-05-19
BR-A,CAKE-005,Carrot Cake,5,2026-05-03
BR-A,CAKE-005,Carrot Cake,6,2026-05-05
BR-A,CAKE-005,Carrot Cake,5,2026-05-06
BR-A,CAKE-005,Carrot Cake,2,2026-05-24
BR-A,CAKE-005,Carrot Cake,3,2026-05-27
BR-A,CAKE-006,Black Forest Cake,40,2026-05-09
BR-A,CAKE-007,Strawberry Shortcake,41,2026-05-19
BR-A,CAKE-007,Strawberry Shortcake,2,2026-05-24
BR-A,CAKE-008,Whole-Wheat Cake,9,2026-05-01
BR-A,CAKE-008,Whole-Wheat Cake,1,2026-05-12
BR-A,CAKE-008,Whole-Wheat Cake,1,2026-05-15
BR-A,CAKE-009,Pineapple Upside-Down Cake,1,2026-05-01
BR-A,CAKE-009,Pineapple Upside-Down Cake,11,2026-05-07
BR-A,CAKE-009,Pineapple Upside-Down Cake,3,2026-05-09
BR-A,CAKE-009,Pineapple Upside-Down Cake,7,2026-05-26
BR-A,CAKE-010,Butter Cake,3,2026-05-05
BR-A,CAKE-010,Butter Cake,4,2026-05-12
BR-A,CAKE-010,Butter Cake,32,2026-05-16
BR-A,CAKE-011,German Chocolate Cake,29,2026-05-25
BR-A,CAKE-012,Tiramisu Cake,33,2026-05-03
BR-A,CAKE-013,Cheesecake,6,2026-05-08
BR-A,CAKE-013,Cheesecake,10,2026-05-15
BR-A,CAKE-013,Cheesecake,29,2026-05-20
BR-A,CAKE-014,Banana Walnut Cake,21,2026-05-19
BR-A,CAKE-015,Apple Cinnamon Cake,3,2026-05-09
BR-A,CAKE-015,Apple Cinnamon Cake,1,2026-05-11
BR-A,CAKE-015,Apple Cinnamon Cake,7,2026-05-16
BR-A,CAKE-015,Apple Cinnamon Cake,3,2026-05-31
BR-A,CAKE-017,Marble Cake,18,2026-05-14
BR-A,CAKE-017,Marble Cake,8,2026-05-21
BR-A,CAKE-018,Mango Mousse Cake,2,2026-05-02
BR-A,CAKE-018,Mango Mousse Cake,27,2026-05-23
BR-A,CAKE-018,Mango Mousse Cake,10,2026-05-26
BR-A,CAKE-019,Blueberry Muffin Tray,29,2026-05-10
BR-A,CAKE-019,Blueberry Muffin Tray,6,2026-05-31
BR-A,CAKE-020,Almond Gateau,2,2026-05-02
BR-A,CAKE-020,Almond Gateau,9,2026-05-03
BR-A,CAKE-020,Almond Gateau,2,2026-05-18
BR-A,CAKE-020,Almond Gateau,8,2026-05-30
BR-A,CAKE-021,Hazelnut Praline Cake,3,2026-05-05
BR-A,CAKE-021,Hazelnut Praline Cake,13,2026-05-13
BR-A,CAKE-021,Hazelnut Praline Cake,3,2026-05-26
BR-A,CAKE-022,Orange Chiffon Cake,24,2026-05-09
BR-A,CAKE-023,Pistachio Cake,11,2026-05-08
BR-A,CAKE-024,Tres Leches Cake,7,2026-05-14
BR-A,CAKE-024,Tres Leches Cake,17,2026-05-30
BR-A,CAKE-025,Honey Cake,13,2026-05-10
BR-A,CAKE-025,Honey Cake,3,2026-05-30
BR-A,CAKE-026,Coffee Cake,16,2026-05-20
BR-A,CAKE-027,Fruit Gateau,30,2026-05-08
BR-A,CAKE-028,Coconut Macaroon Tray,1,2026-05-07
BR-A,CAKE-028,Coconut Macaroon Tray,3,2026-05-13
BR-A,CAKE-028,Coconut Macaroon Tray,6,2026-05-14
BR-A,CAKE-028,Coconut Macaroon Tray,1,2026-05-28
BR-A,CAKE-028,Coconut Macaroon Tray,4,2026-05-31
BR-A,CAKE-029,Lemon Meringue Cake,1,2026-05-02
BR-A,CAKE-029,Lemon Meringue Cake,15,2026-05-19
BR-A,CAKE-029,Lemon Meringue Cake,5,2026-05-23
BR-A,CAKE-030,Truffle Brownie Cake,41,2026-05-13
BR-B,CAKE-001,Chocolate Fudge Cake,13,2026-05-02
BR-B,CAKE-001,Chocolate Fudge Cake,32,2026-05-14
BR-B,CAKE-001,Chocolate Fudge Cake,2,2026-05-17
BR-B,CAKE-001,Chocolate Fudge Cake,10,2026-05-24
BR-B,CAKE-001,Chocolate Fudge Cake,8,2026-05-31
BR-B,CAKE-002,Vanilla Sponge Cake,36,2026-05-10
BR-B,CAKE-003,Red Velvet Cake,5,2026-05-18
BR-B,CAKE-003,Red Velvet Cake,5,2026-05-20
BR-B,CAKE-003,Red Velvet Cake,6,2026-05-22
BR-B,CAKE-004,Lemon Drizzle Cake,3,2026-05-06
BR-B,CAKE-004,Lemon Drizzle Cake,1,2026-05-12
BR-B,CAKE-004,Lemon Drizzle Cake,2,2026-05-23
BR-B,CAKE-004,Lemon Drizzle Cake,3,2026-05-25
BR-B,CAKE-004,Lemon Drizzle Cake,3,2026-05-30
BR-B,CAKE-005,Carrot Cake,7,2026-05-02
BR-B,CAKE-005,Carrot Cake,3,2026-05-04
BR-B,CAKE-005,Carrot Cake,2,2026-05-09
BR-B,CAKE-005,Carrot Cake,2,2026-05-12
BR-B,CAKE-005,Carrot Cake,5,2026-05-23
BR-B,CAKE-006,Black Forest Cake,1,2026-05-19
BR-B,CAKE-006,Black Forest Cake,34,2026-05-22
BR-B,CAKE-007,Strawberry Shortcake,38,2026-05-11
BR-B,CAKE-008,Whole-Wheat Cake,10,2026-05-27
BR-B,CAKE-009,Pineapple Upside-Down Cake,3,2026-05-02
BR-B,CAKE-009,Pineapple Upside-Down Cake,8,2026-05-21
BR-B,CAKE-009,Pineapple Upside-Down Cake,9,2026-05-27
BR-B,CAKE-010,Butter Cake,4,2026-05-23
BR-B,CAKE-010,Butter Cake,19,2026-05-26
BR-B,CAKE-010,Butter Cake,7,2026-05-27
BR-B,CAKE-010,Butter Cake,4,2026-05-29
BR-B,CAKE-011,German Chocolate Cake,25,2026-05-15
BR-B,CAKE-012,Tiramisu Cake,6,2026-05-17
BR-B,CAKE-012,Tiramisu Cake,14,2026-05-25
BR-B,CAKE-012,Tiramisu Cake,9,2026-05-29
BR-B,CAKE-013,Cheesecake,40,2026-05-25
BR-B,CAKE-014,Banana Walnut Cake,20,2026-05-01
BR-B,CAKE-015,Apple Cinnamon Cake,8,2026-05-09
BR-B,CAKE-015,Apple Cinnamon Cake,5,2026-05-22
BR-B,CAKE-016,Coconut Cake,18,2026-05-29
BR-B,CAKE-017,Marble Cake,23,2026-05-17
BR-B,CAKE-018,Mango Mousse Cake,16,2026-05-06
BR-B,CAKE-018,Mango Mousse Cake,2,2026-05-10
BR-B,CAKE-018,Mango Mousse Cake,8,2026-05-14
BR-B,CAKE-018,Mango Mousse Cake,8,2026-05-24
BR-B,CAKE-020,Almond Gateau,1,2026-05-01
BR-B,CAKE-020,Almond Gateau,2,2026-05-04
BR-B,CAKE-020,Almond Gateau,13,2026-05-14
BR-B,CAKE-020,Almond Gateau,3,2026-05-26
BR-B,CAKE-021,Hazelnut Praline Cake,5,2026-05-03
BR-B,CAKE-021,Hazelnut Praline Cake,12,2026-05-18
BR-B,CAKE-022,Orange Chiffon Cake,4,2026-05-08
BR-B,CAKE-022,Orange Chiffon Cake,2,2026-05-13
BR-B,CAKE-022,Orange Chiffon Cake,15,2026-05-16
BR-B,CAKE-022,Orange Chiffon Cake,1,2026-05-24
BR-B,CAKE-023,Pistachio Cake,9,2026-05-04
BR-B,CAKE-024,Tres Leches Cake,2,2026-05-01
BR-B,CAKE-024,Tres Leches Cake,7,2026-05-09
BR-B,CAKE-024,Tres Leches Cake,2,2026-05-18
BR-B,CAKE-024,Tres Leches Cake,7,2026-05-24
BR-B,CAKE-024,Tres Leches Cake,3,2026-05-28
BR-B,CAKE-025,Honey Cake,14,2026-05-03
BR-B,CAKE-026,Coffee Cake,15,2026-05-24
BR-B,CAKE-027,Fruit Gateau,26,2026-05-01
BR-B,CAKE-027,Fruit Gateau,1,2026-05-06
BR-B,CAKE-028,Coconut Macaroon Tray,3,2026-05-02
BR-B,CAKE-028,Coconut Macaroon Tray,4,2026-05-25
BR-B,CAKE-028,Coconut Macaroon Tray,6,2026-05-28
BR-B,CAKE-029,Lemon Meringue Cake,3,2026-05-08
BR-B,CAKE-029,Lemon Meringue Cake,2,2026-05-14
BR-B,CAKE-029,Lemon Meringue Cake,4,2026-05-19
BR-B,CAKE-029,Lemon Meringue Cake,1,2026-05-28
BR-B,CAKE-029,Lemon Meringue Cake,9,2026-05-31
BR-C,CAKE-001,Chocolate Fudge Cake,58,2026-05-29
BR-C,CAKE-002,Vanilla Sponge Cake,32,2026-05-18
BR-C,CAKE-003,Red Velvet Cake,13,2026-05-11
BR-C,CAKE-003,Red Velvet Cake,2,2026-05-17
BR-C,CAKE-004,Lemon Drizzle Cake,11,2026-05-31
BR-C,CAKE-005,Carrot Cake,3,2026-05-01
BR-C,CAKE-005,Carrot Cake,5,2026-05-03
BR-C,CAKE-005,Carrot Cake,7,2026-05-12
BR-C,CAKE-005,Carrot Cake,1,2026-05-27
BR-C,CAKE-005,Carrot Cake,1,2026-05-31
BR-C,CAKE-006,Black Forest Cake,20,2026-05-08
BR-C,CAKE-006,Black Forest Cake,12,2026-05-25
BR-C,CAKE-007,Strawberry Shortcake,34,2026-05-21
BR-C,CAKE-008,Whole-Wheat Cake,1,2026-05-01
BR-C,CAKE-008,Whole-Wheat Cake,2,2026-05-15
BR-C,CAKE-008,Whole-Wheat Cake,6,2026-05-21
BR-C,CAKE-009,Pineapple Upside-Down Cake,2,2026-05-03
BR-C,CAKE-009,Pineapple Upside-Down Cake,16,2026-05-29
BR-C,CAKE-010,Butter Cake,30,2026-05-20
BR-C,CAKE-011,German Chocolate Cake,8,2026-05-12
BR-C,CAKE-011,German Chocolate Cake,12,2026-05-20
BR-C,CAKE-011,German Chocolate Cake,2,2026-05-29
BR-C,CAKE-011,German Chocolate Cake,1,2026-05-31
BR-C,CAKE-012,Tiramisu Cake,8,2026-05-22
BR-C,CAKE-012,Tiramisu Cake,18,2026-05-29
BR-C,CAKE-013,Cheesecake,36,2026-05-16
BR-C,CAKE-014,Banana Walnut Cake,15,2026-05-12
BR-C,CAKE-014,Banana Walnut Cake,3,2026-05-24
BR-C,CAKE-015,Apple Cinnamon Cake,5,2026-05-05
BR-C,CAKE-015,Apple Cinnamon Cake,4,2026-05-11
BR-C,CAKE-015,Apple Cinnamon Cake,2,2026-05-13
BR-C,CAKE-016,Coconut Cake,1,2026-05-01
BR-C,CAKE-016,Coconut Cake,5,2026-05-05
BR-C,CAKE-016,Coconut Cake,6,2026-05-14
BR-C,CAKE-016,Coconut Cake,4,2026-05-17
BR-C,CAKE-017,Marble Cake,21,2026-05-07
BR-C,CAKE-018,Mango Mousse Cake,27,2026-05-09
BR-C,CAKE-018,Mango Mousse Cake,1,2026-05-19
BR-C,CAKE-018,Mango Mousse Cake,3,2026-05-27
BR-C,CAKE-019,Blueberry Muffin Tray,4,2026-05-06
BR-C,CAKE-019,Blueberry Muffin Tray,1,2026-05-20
BR-C,CAKE-019,Blueberry Muffin Tray,22,2026-05-25
BR-C,CAKE-020,Almond Gateau,17,2026-05-29
BR-C,CAKE-021,Hazelnut Praline Cake,4,2026-05-03
BR-C,CAKE-021,Hazelnut Praline Cake,2,2026-05-18
BR-C,CAKE-021,Hazelnut Praline Cake,10,2026-05-20
BR-C,CAKE-022,Orange Chiffon Cake,20,2026-05-08
BR-C,CAKE-023,Pistachio Cake,4,2026-05-06
BR-C,CAKE-023,Pistachio Cake,5,2026-05-28
BR-C,CAKE-024,Tres Leches Cake,19,2026-05-08
BR-C,CAKE-025,Honey Cake,9,2026-05-26
BR-C,CAKE-025,Honey Cake,4,2026-05-29
BR-C,CAKE-026,Coffee Cake,2,2026-05-11
BR-C,CAKE-026,Coffee Cake,2,2026-05-19
BR-C,CAKE-026,Coffee Cake,9,2026-05-27
BR-C,CAKE-027,Fruit Gateau,17,2026-05-04
BR-C,CAKE-027,Fruit Gateau,4,2026-05-19
BR-C,CAKE-027,Fruit Gateau,3,2026-05-25
BR-C,CAKE-028,Coconut Macaroon Tray,12,2026-05-14
BR-C,CAKE-029,Lemon Meringue Cake,17,2026-05-30
BR-C,CAKE-030,Truffle Brownie Cake,32,2026-05-22
BR-D,CAKE-001,Chocolate Fudge Cake,5,2026-05-09
BR-D,CAKE-001,Chocolate Fudge Cake,44,2026-05-28
BR-D,CAKE-002,Vanilla Sponge Cake,1,2026-05-05
BR-D,CAKE-002,Vanilla Sponge Cake,3,2026-05-08
BR-D,CAKE-002,Vanilla Sponge Cake,13,2026-05-10
BR-D,CAKE-002,Vanilla Sponge Cake,6,2026-05-11
BR-D,CAKE-002,Vanilla Sponge Cake,4,2026-05-20
BR-D,CAKE-003,Red Velvet Cake,12,2026-05-14
BR-D,CAKE-004,Lemon Drizzle Cake,1,2026-05-02
BR-D,CAKE-004,Lemon Drizzle Cake,2,2026-05-10
BR-D,CAKE-004,Lemon Drizzle Cake,5,2026-05-13
BR-D,CAKE-004,Lemon Drizzle Cake,1,2026-05-16
BR-D,CAKE-005,Carrot Cake,8,2026-05-08
BR-D,CAKE-005,Carrot Cake,1,2026-05-13
BR-D,CAKE-005,Carrot Cake,5,2026-05-20
BR-D,CAKE-006,Black Forest Cake,27,2026-05-02
BR-D,CAKE-007,Strawberry Shortcake,9,2026-05-09
BR-D,CAKE-007,Strawberry Shortcake,9,2026-05-15
BR-D,CAKE-007,Strawberry Shortcake,10,2026-05-25
BR-D,CAKE-008,Whole-Wheat Cake,1,2026-05-10
BR-D,CAKE-008,Whole-Wheat Cake,1,2026-05-17
BR-D,CAKE-008,Whole-Wheat Cake,6,2026-05-30
BR-D,CAKE-009,Pineapple Upside-Down Cake,3,2026-05-05
BR-D,CAKE-009,Pineapple Upside-Down Cake,12,2026-05-28
BR-D,CAKE-010,Butter Cake,26,2026-05-04
BR-D,CAKE-011,German Chocolate Cake,5,2026-05-01
BR-D,CAKE-011,German Chocolate Cake,9,2026-05-04
BR-D,CAKE-011,German Chocolate Cake,3,2026-05-07
BR-D,CAKE-011,German Chocolate Cake,2,2026-05-27
BR-D,CAKE-012,Tiramisu Cake,22,2026-05-05
BR-D,CAKE-013,Cheesecake,30,2026-05-22
BR-D,CAKE-015,Apple Cinnamon Cake,1,2026-05-14
BR-D,CAKE-015,Apple Cinnamon Cake,2,2026-05-19
BR-D,CAKE-015,Apple Cinnamon Cake,6,2026-05-27
BR-D,CAKE-016,Coconut Cake,1,2026-05-08
BR-D,CAKE-016,Coconut Cake,4,2026-05-09
BR-D,CAKE-016,Coconut Cake,2,2026-05-14
BR-D,CAKE-016,Coconut Cake,6,2026-05-24
BR-D,CAKE-017,Marble Cake,7,2026-05-01
BR-D,CAKE-017,Marble Cake,6,2026-05-05
BR-D,CAKE-017,Marble Cake,3,2026-05-22
BR-D,CAKE-017,Marble Cake,1,2026-05-26
BR-D,CAKE-018,Mango Mousse Cake,8,2026-05-01
BR-D,CAKE-018,Mango Mousse Cake,18,2026-05-27
BR-D,CAKE-019,Blueberry Muffin Tray,23,2026-05-17
BR-D,CAKE-020,Almond Gateau,14,2026-05-10
BR-D,CAKE-021,Hazelnut Praline Cake,13,2026-05-14
BR-D,CAKE-022,Orange Chiffon Cake,10,2026-05-23
BR-D,CAKE-022,Orange Chiffon Cake,6,2026-05-30
BR-D,CAKE-022,Orange Chiffon Cake,1,2026-05-31
BR-D,CAKE-023,Pistachio Cake,7,2026-05-02
BR-D,CAKE-024,Tres Leches Cake,16,2026-05-04
BR-D,CAKE-025,Honey Cake,10,2026-05-11
BR-D,CAKE-026,Coffee Cake,11,2026-05-01
BR-D,CAKE-027,Fruit Gateau,4,2026-05-02
BR-D,CAKE-027,Fruit Gateau,5,2026-05-06
BR-D,CAKE-027,Fruit Gateau,11,2026-05-17
BR-D,CAKE-028,Coconut Macaroon Tray,10,2026-05-31
BR-D,CAKE-029,Lemon Meringue Cake,14,2026-05-10
BR-D,CAKE-030,Truffle Brownie Cake,4,2026-05-01
BR-D,CAKE-030,Truffle Brownie Cake,4,2026-05-17
BR-D,CAKE-030,Truffle Brownie Cake,2,2026-05-22
BR-D,CAKE-030,Truffle Brownie Cake,3,2026-05-24
BR-D,CAKE-030,Truffle Brownie Cake,14,2026-05-30
BR-E,CAKE-001,Chocolate Fudge Cake,40,2026-05-03
BR-E,CAKE-001,Chocolate Fudge Cake,3,2026-05-06
BR-E,CAKE-002,Vanilla Sponge Cake,24,2026-05-16
BR-E,CAKE-003,Red Velvet Cake,11,2026-05-28
BR-E,CAKE-004,Lemon Drizzle Cake,8,2026-05-16
BR-E,CAKE-005,Carrot Cake,4,2026-05-07
BR-E,CAKE-005,Carrot Cake,3,2026-05-11
BR-E,CAKE-005,Carrot Cake,3,2026-05-14
BR-E,CAKE-005,Carrot Cake,2,2026-05-24
BR-E,CAKE-007,Strawberry Shortcake,8,2026-05-02
BR-E,CAKE-007,Strawberry Shortcake,16,2026-05-06
BR-E,CAKE-008,Whole-Wheat Cake,7,2026-05-15
BR-E,CAKE-009,Pineapple Upside-Down Cake,4,2026-05-25
BR-E,CAKE-009,Pineapple Upside-Down Cake,9,2026-05-30
BR-E,CAKE-010,Butter Cake,22,2026-05-14
BR-E,CAKE-011,German Chocolate Cake,5,2026-05-13
BR-E,CAKE-011,German Chocolate Cake,10,2026-05-15
BR-E,CAKE-011,German Chocolate Cake,2,2026-05-30
BR-E,CAKE-012,Tiramisu Cake,3,2026-05-07
BR-E,CAKE-012,Tiramisu Cake,3,2026-05-16
BR-E,CAKE-012,Tiramisu Cake,4,2026-05-23
BR-E,CAKE-012,Tiramisu Cake,1,2026-05-25
BR-E,CAKE-012,Tiramisu Cake,8,2026-05-29
BR-E,CAKE-013,Cheesecake,27,2026-05-17
BR-E,CAKE-014,Banana Walnut Cake,7,2026-05-08
BR-E,CAKE-014,Banana Walnut Cake,3,2026-05-13
BR-E,CAKE-014,Banana Walnut Cake,1,2026-05-14
BR-E,CAKE-014,Banana Walnut Cake,1,2026-05-26
BR-E,CAKE-014,Banana Walnut Cake,1,2026-05-27
BR-E,CAKE-015,Apple Cinnamon Cake,8,2026-05-13
BR-E,CAKE-016,Coconut Cake,1,2026-05-02
BR-E,CAKE-016,Coconut Cake,10,2026-05-16
BR-E,CAKE-017,Marble Cake,13,2026-05-04
BR-E,CAKE-017,Marble Cake,2,2026-05-26
BR-E,CAKE-018,Mango Mousse Cake,23,2026-05-01
BR-E,CAKE-019,Blueberry Muffin Tray,2,2026-05-05
BR-E,CAKE-019,Blueberry Muffin Tray,14,2026-05-14
BR-E,CAKE-019,Blueberry Muffin Tray,4,2026-05-27
BR-E,CAKE-020,Almond Gateau,3,2026-05-12
BR-E,CAKE-020,Almond Gateau,2,2026-05-24
BR-E,CAKE-020,Almond Gateau,3,2026-05-27
BR-E,CAKE-020,Almond Gateau,4,2026-05-28
BR-E,CAKE-022,Orange Chiffon Cake,6,2026-05-02
BR-E,CAKE-022,Orange Chiffon Cake,3,2026-05-12
BR-E,CAKE-022,Orange Chiffon Cake,2,2026-05-20
BR-E,CAKE-022,Orange Chiffon Cake,2,2026-05-28
BR-E,CAKE-022,Orange Chiffon Cake,1,2026-05-31
BR-E,CAKE-023,Pistachio Cake,6,2026-05-25
BR-E,CAKE-024,Tres Leches Cake,14,2026-05-25
BR-E,CAKE-025,Honey Cake,9,2026-05-29
BR-E,CAKE-026,Coffee Cake,9,2026-05-19
BR-E,CAKE-027,Fruit Gateau,2,2026-05-05
BR-E,CAKE-027,Fruit Gateau,5,2026-05-06
BR-E,CAKE-027,Fruit Gateau,6,2026-05-11
BR-E,CAKE-027,Fruit Gateau,4,2026-05-14
BR-E,CAKE-028,Coconut Macaroon Tray,1,2026-05-04
BR-E,CAKE-028,Coconut Macaroon Tray,1,2026-05-12
BR-E,CAKE-028,Coconut Macaroon Tray,1,2026-05-15
BR-E,CAKE-028,Coconut Macaroon Tray,3,2026-05-20
BR-E,CAKE-028,Coconut Macaroon Tray,2,2026-05-23
BR-E,CAKE-029,Lemon Meringue Cake,1,2026-05-10
BR-E,CAKE-029,Lemon Meringue Cake,2,2026-05-26
BR-E,CAKE-029,Lemon Meringue Cake,9,2026-05-29
BR-E,CAKE-030,Truffle Brownie Cake,24,2026-05-30
BR-F,CAKE-001,Chocolate Fudge Cake,41,2026-05-07
BR-F,CAKE-003,Red Velvet Cake,11,2026-05-16
BR-F,CAKE-004,Lemon Drizzle Cake,8,2026-05-15
BR-F,CAKE-005,Carrot Cake,11,2026-05-16
BR-F,CAKE-006,Black Forest Cake,11,2026-05-06
BR-F,CAKE-006,Black Forest Cake,2,2026-05-09
BR-F,CAKE-006,Black Forest Cake,7,2026-05-17
BR-F,CAKE-006,Black Forest Cake,2,2026-05-22
BR-F,CAKE-007,Strawberry Shortcake,1,2026-05-01
BR-F,CAKE-007,Strawberry Shortcake,7,2026-05-05
BR-F,CAKE-007,Strawberry Shortcake,14,2026-05-06
BR-F,CAKE-007,Strawberry Shortcake,1,2026-05-17
BR-F,CAKE-008,Whole-Wheat Cake,6,2026-05-15
BR-F,CAKE-009,Pineapple Upside-Down Cake,12,2026-05-25
BR-F,CAKE-010,Butter Cake,7,2026-05-04
BR-F,CAKE-010,Butter Cake,12,2026-05-19
BR-F,CAKE-010,Butter Cake,3,2026-05-27
BR-F,CAKE-011,German Chocolate Cake,17,2026-05-20
BR-F,CAKE-012,Tiramisu Cake,11,2026-05-05
BR-F,CAKE-012,Tiramisu Cake,8,2026-05-14
BR-F,CAKE-013,Cheesecake,25,2026-05-27
BR-F,CAKE-014,Banana Walnut Cake,2,2026-05-04
BR-F,CAKE-014,Banana Walnut Cake,4,2026-05-21
BR-F,CAKE-014,Banana Walnut Cake,6,2026-05-27
BR-F,CAKE-015,Apple Cinnamon Cake,5,2026-05-06
BR-F,CAKE-015,Apple Cinnamon Cake,2,2026-05-13
BR-F,CAKE-015,Apple Cinnamon Cake,1,2026-05-17
BR-F,CAKE-016,Coconut Cake,1,2026-05-07
BR-F,CAKE-016,Coconut Cake,2,2026-05-12
BR-F,CAKE-016,Coconut Cake,4,2026-05-16
BR-F,CAKE-016,Coconut Cake,2,2026-05-23
BR-F,CAKE-016,Coconut Cake,2,2026-05-31
BR-F,CAKE-017,Marble Cake,3,2026-05-07
BR-F,CAKE-017,Marble Cake,1,2026-05-11
BR-F,CAKE-017,Marble Cake,5,2026-05-24
BR-F,CAKE-017,Marble Cake,2,2026-05-25
BR-F,CAKE-017,Marble Cake,4,2026-05-28
BR-F,CAKE-018,Mango Mousse Cake,22,2026-05-03
BR-F,CAKE-019,Blueberry Muffin Tray,12,2026-05-05
BR-F,CAKE-019,Blueberry Muffin Tray,8,2026-05-16
BR-F,CAKE-020,Almond Gateau,2,2026-05-04
BR-F,CAKE-020,Almond Gateau,2,2026-05-05
BR-F,CAKE-020,Almond Gateau,2,2026-05-09
BR-F,CAKE-020,Almond Gateau,4,2026-05-12
BR-F,CAKE-020,Almond Gateau,1,2026-05-21
BR-F,CAKE-021,Hazelnut Praline Cake,3,2026-05-10
BR-F,CAKE-021,Hazelnut Praline Cake,3,2026-05-15
BR-F,CAKE-021,Hazelnut Praline Cake,3,2026-05-18
BR-F,CAKE-021,Hazelnut Praline Cake,1,2026-05-20
BR-F,CAKE-022,Orange Chiffon Cake,2,2026-05-19
BR-F,CAKE-022,Orange Chiffon Cake,11,2026-05-28
BR-F,CAKE-022,Orange Chiffon Cake,1,2026-05-31
BR-F,CAKE-023,Pistachio Cake,2,2026-05-05
BR-F,CAKE-023,Pistachio Cake,1,2026-05-09
BR-F,CAKE-023,Pistachio Cake,3,2026-05-11
BR-F,CAKE-024,Tres Leches Cake,4,2026-05-15
BR-F,CAKE-024,Tres Leches Cake,2,2026-05-21
BR-F,CAKE-024,Tres Leches Cake,8,2026-05-28
BR-F,CAKE-025,Honey Cake,1,2026-05-01
BR-F,CAKE-025,Honey Cake,3,2026-05-17
BR-F,CAKE-025,Honey Cake,4,2026-05-22
BR-F,CAKE-025,Honey Cake,1,2026-05-23
BR-F,CAKE-026,Coffee Cake,9,2026-05-12
BR-F,CAKE-027,Fruit Gateau,17,2026-05-18
BR-F,CAKE-028,Coconut Macaroon Tray,6,2026-05-22
BR-F,CAKE-028,Coconut Macaroon Tray,2,2026-05-25
BR-F,CAKE-029,Lemon Meringue Cake,4,2026-05-15
BR-F,CAKE-029,Lemon Meringue Cake,1,2026-05-17
BR-F,CAKE-029,Lemon Meringue Cake,5,2026-05-18
BR-F,CAKE-029,Lemon Meringue Cake,1,2026-05-26
BR-F,CAKE-030,Truffle Brownie Cake,23,2026-05-21
BR-G,CAKE-001,Chocolate Fudge Cake,4,2026-05-09
BR-G,CAKE-001,Chocolate Fudge Cake,3,2026-05-13
BR-G,CAKE-001,Chocolate Fudge Cake,28,2026-05-21
BR-G,CAKE-001,Chocolate Fudge Cake,5,2026-05-23
BR-G,CAKE-002,Vanilla Sponge Cake,7,2026-05-09
BR-G,CAKE-002,Vanilla Sponge Cake,1,2026-05-14
BR-G,CAKE-002,Vanilla Sponge Cake,14,2026-05-17
BR-G,CAKE-003,Red Velvet Cake,10,2026-05-30
BR-G,CAKE-004,Lemon Drizzle Cake,4,2026-05-08
BR-G,CAKE-004,Lemon Drizzle Cake,3,2026-05-31
BR-G,CAKE-005,Carrot Cake,11,2026-05-25
BR-G,CAKE-006,Black Forest Cake,1,2026-05-10
BR-G,CAKE-006,Black Forest Cake,3,2026-05-13
BR-G,CAKE-006,Black Forest Cake,12,2026-05-16
BR-G,CAKE-006,Black Forest Cake,5,2026-05-25
BR-G,CAKE-007,Strawberry Shortcake,1,2026-05-11
BR-G,CAKE-007,Strawberry Shortcake,14,2026-05-12
BR-G,CAKE-007,Strawberry Shortcake,4,2026-05-22
BR-G,CAKE-007,Strawberry Shortcake,3,2026-05-24
BR-G,CAKE-008,Whole-Wheat Cake,4,2026-05-02
BR-G,CAKE-008,Whole-Wheat Cake,1,2026-05-09
BR-G,CAKE-008,Whole-Wheat Cake,1,2026-05-13
BR-G,CAKE-009,Pineapple Upside-Down Cake,12,2026-05-21
BR-G,CAKE-010,Butter Cake,9,2026-05-03
BR-G,CAKE-010,Butter Cake,12,2026-05-31
BR-G,CAKE-011,German Chocolate Cake,16,2026-05-03
BR-G,CAKE-012,Tiramisu Cake,17,2026-05-19
BR-G,CAKE-012,Tiramisu Cake,1,2026-05-31
BR-G,CAKE-013,Cheesecake,17,2026-05-03
BR-G,CAKE-013,Cheesecake,7,2026-05-24
BR-G,CAKE-014,Banana Walnut Cake,2,2026-05-17
BR-G,CAKE-014,Banana Walnut Cake,10,2026-05-22
BR-G,CAKE-015,Apple Cinnamon Cake,2,2026-05-08
BR-G,CAKE-015,Apple Cinnamon Cake,1,2026-05-14
BR-G,CAKE-015,Apple Cinnamon Cake,1,2026-05-17
BR-G,CAKE-015,Apple Cinnamon Cake,1,2026-05-18
BR-G,CAKE-015,Apple Cinnamon Cake,2,2026-05-30
BR-G,CAKE-016,Coconut Cake,11,2026-05-07
BR-G,CAKE-017,Marble Cake,4,2026-05-10
BR-G,CAKE-017,Marble Cake,3,2026-05-15
BR-G,CAKE-017,Marble Cake,1,2026-05-22
BR-G,CAKE-017,Marble Cake,6,2026-05-30
BR-G,CAKE-019,Blueberry Muffin Tray,19,2026-05-27
BR-G,CAKE-020,Almond Gateau,4,2026-05-08
BR-G,CAKE-020,Almond Gateau,6,2026-05-20
BR-G,CAKE-020,Almond Gateau,1,2026-05-28
BR-G,CAKE-021,Hazelnut Praline Cake,10,2026-05-06
BR-G,CAKE-022,Orange Chiffon Cake,13,2026-05-18
BR-G,CAKE-024,Tres Leches Cake,4,2026-05-21
BR-G,CAKE-024,Tres Leches Cake,9,2026-05-24
BR-G,CAKE-025,Honey Cake,2,2026-05-08
BR-G,CAKE-025,Honey Cake,1,2026-05-14
BR-G,CAKE-025,Honey Cake,6,2026-05-17
BR-G,CAKE-026,Coffee Cake,3,2026-05-11
BR-G,CAKE-026,Coffee Cake,6,2026-05-29
BR-G,CAKE-027,Fruit Gateau,4,2026-05-08
BR-G,CAKE-027,Fruit Gateau,12,2026-05-29
BR-G,CAKE-028,Coconut Macaroon Tray,2,2026-05-04
BR-G,CAKE-028,Coconut Macaroon Tray,3,2026-05-08
BR-G,CAKE-028,Coconut Macaroon Tray,2,2026-05-12
BR-G,CAKE-028,Coconut Macaroon Tray,1,2026-05-19
BR-G,CAKE-029,Lemon Meringue Cake,1,2026-05-10
BR-G,CAKE-029,Lemon Meringue Cake,4,2026-05-19
BR-G,CAKE-029,Lemon Meringue Cake,6,2026-05-24
BR-G,CAKE-030,Truffle Brownie Cake,22,2026-05-15
BR-H,CAKE-001,Chocolate Fudge Cake,33,2026-05-29
BR-H,CAKE-002,Vanilla Sponge Cake,1,2026-05-01
BR-H,CAKE-002,Vanilla Sponge Cake,9,2026-05-11
BR-H,CAKE-002,Vanilla Sponge Cake,8,2026-05-13
BR-H,CAKE-003,Red Velvet Cake,3,2026-05-07
BR-H,CAKE-003,Red Velvet Cake,5,2026-05-29
BR-H,CAKE-004,Lemon Drizzle Cake,1,2026-05-05
BR-H,CAKE-004,Lemon Drizzle Cake,3,2026-05-18
BR-H,CAKE-004,Lemon Drizzle Cake,2,2026-05-25
BR-H,CAKE-005,Carrot Cake,2,2026-05-16
BR-H,CAKE-005,Carrot Cake,3,2026-05-17
BR-H,CAKE-005,Carrot Cake,4,2026-05-28
BR-H,CAKE-006,Black Forest Cake,12,2026-05-02
BR-H,CAKE-006,Black Forest Cake,6,2026-05-04
BR-H,CAKE-007,Strawberry Shortcake,10,2026-05-16
BR-H,CAKE-007,Strawberry Shortcake,8,2026-05-31
BR-H,CAKE-008,Whole-Wheat Cake,5,2026-05-27
BR-H,CAKE-009,Pineapple Upside-Down Cake,1,2026-05-08
BR-H,CAKE-009,Pineapple Upside-Down Cake,7,2026-05-15
BR-H,CAKE-009,Pineapple Upside-Down Cake,2,2026-05-22
BR-H,CAKE-010,Butter Cake,11,2026-05-11
BR-H,CAKE-010,Butter Cake,6,2026-05-22
BR-H,CAKE-011,German Chocolate Cake,2,2026-05-01
BR-H,CAKE-011,German Chocolate Cake,11,2026-05-30
BR-H,CAKE-012,Tiramisu Cake,6,2026-05-03
BR-H,CAKE-012,Tiramisu Cake,7,2026-05-09
BR-H,CAKE-012,Tiramisu Cake,2,2026-05-29
BR-H,CAKE-013,Cheesecake,20,2026-05-14
BR-H,CAKE-014,Banana Walnut Cake,6,2026-05-11
BR-H,CAKE-014,Banana Walnut Cake,4,2026-05-24
BR-H,CAKE-015,Apple Cinnamon Cake,6,2026-05-10
BR-H,CAKE-015,Apple Cinnamon Cake,1,2026-05-12
BR-H,CAKE-016,Coconut Cake,9,2026-05-21
BR-H,CAKE-017,Marble Cake,4,2026-05-25
BR-H,CAKE-017,Marble Cake,8,2026-05-28
BR-H,CAKE-018,Mango Mousse Cake,4,2026-05-05
BR-H,CAKE-018,Mango Mousse Cake,6,2026-05-10
BR-H,CAKE-018,Mango Mousse Cake,2,2026-05-16
BR-H,CAKE-018,Mango Mousse Cake,3,2026-05-22
BR-H,CAKE-018,Mango Mousse Cake,2,2026-05-25
BR-H,CAKE-019,Blueberry Muffin Tray,2,2026-05-16
BR-H,CAKE-019,Blueberry Muffin Tray,9,2026-05-17
BR-H,CAKE-019,Blueberry Muffin Tray,4,2026-05-26
BR-H,CAKE-019,Blueberry Muffin Tray,1,2026-05-29
BR-H,CAKE-020,Almond Gateau,9,2026-05-10
BR-H,CAKE-021,Hazelnut Praline Cake,9,2026-05-09
BR-H,CAKE-022,Orange Chiffon Cake,3,2026-05-09
BR-H,CAKE-022,Orange Chiffon Cake,8,2026-05-10
BR-H,CAKE-023,Pistachio Cake,1,2026-05-25
BR-H,CAKE-023,Pistachio Cake,2,2026-05-27
BR-H,CAKE-023,Pistachio Cake,2,2026-05-30
BR-H,CAKE-024,Tres Leches Cake,3,2026-05-04
BR-H,CAKE-024,Tres Leches Cake,5,2026-05-12
BR-H,CAKE-024,Tres Leches Cake,3,2026-05-20
BR-H,CAKE-025,Honey Cake,3,2026-05-23
BR-H,CAKE-025,Honey Cake,4,2026-05-29
BR-H,CAKE-026,Coffee Cake,2,2026-05-09
BR-H,CAKE-026,Coffee Cake,2,2026-05-20
BR-H,CAKE-026,Coffee Cake,3,2026-05-22
BR-H,CAKE-027,Fruit Gateau,14,2026-05-11
BR-H,CAKE-028,Coconut Macaroon Tray,4,2026-05-14
BR-H,CAKE-028,Coconut Macaroon Tray,3,2026-05-24
BR-H,CAKE-029,Lemon Meringue Cake,10,2026-05-01
BR-H,CAKE-030,Truffle Brownie Cake,2,2026-05-03
BR-H,CAKE-030,Truffle Brownie Cake,3,2026-05-04
BR-H,CAKE-030,Truffle Brownie Cake,4,2026-05-21
BR-H,CAKE-030,Truffle Brownie Cake,3,2026-05-28
BR-H,CAKE-030,Truffle Brownie Cake,6,2026-05-29
BR-I,CAKE-001,Chocolate Fudge Cake,33,2026-05-09
BR-I,CAKE-002,Vanilla Sponge Cake,18,2026-05-14
BR-I,CAKE-003,Red Velvet Cake,6,2026-05-22
BR-I,CAKE-003,Red Velvet Cake,2,2026-05-26
BR-I,CAKE-004,Lemon Drizzle Cake,1,2026-05-03
BR-I,CAKE-004,Lemon Drizzle Cake,1,2026-05-04
BR-I,CAKE-004,Lemon Drizzle Cake,4,2026-05-19
BR-I,CAKE-005,Carrot Cake,9,2026-05-01
BR-I,CAKE-006,Black Forest Cake,2,2026-05-08
BR-I,CAKE-006,Black Forest Cake,1,2026-05-09
BR-I,CAKE-006,Black Forest Cake,13,2026-05-12
BR-I,CAKE-006,Black Forest Cake,2,2026-05-19
BR-I,CAKE-007,Strawberry Shortcake,2,2026-05-07
BR-I,CAKE-007,Strawberry Shortcake,2,2026-05-14
BR-I,CAKE-007,Strawberry Shortcake,1,2026-05-15
BR-I,CAKE-007,Strawberry Shortcake,3,2026-05-17
BR-I,CAKE-007,Strawberry Shortcake,10,2026-05-26
BR-I,CAKE-008,Whole-Wheat Cake,3,2026-05-28
BR-I,CAKE-008,Whole-Wheat Cake,2,2026-05-31
BR-I,CAKE-009,Pineapple Upside-Down Cake,3,2026-05-03
BR-I,CAKE-009,Pineapple Upside-Down Cake,2,2026-05-09
BR-I,CAKE-009,Pineapple Upside-Down Cake,2,2026-05-15
BR-I,CAKE-009,Pineapple Upside-Down Cake,2,2026-05-16
BR-I,CAKE-009,Pineapple Upside-Down Cake,1,2026-05-19
BR-I,CAKE-010,Butter Cake,17,2026-05-10
BR-I,CAKE-011,German Chocolate Cake,13,2026-05-07
BR-I,CAKE-013,Cheesecake,20,2026-05-23
BR-I,CAKE-014,Banana Walnut Cake,10,2026-05-12
BR-I,CAKE-015,Apple Cinnamon Cake,5,2026-05-07
BR-I,CAKE-015,Apple Cinnamon Cake,2,2026-05-11
BR-I,CAKE-016,Coconut Cake,2,2026-05-07
BR-I,CAKE-016,Coconut Cake,5,2026-05-15
BR-I,CAKE-016,Coconut Cake,2,2026-05-24
BR-I,CAKE-017,Marble Cake,12,2026-05-28
BR-I,CAKE-018,Mango Mousse Cake,17,2026-05-14
BR-I,CAKE-019,Blueberry Muffin Tray,5,2026-05-23
BR-I,CAKE-019,Blueberry Muffin Tray,3,2026-05-25
BR-I,CAKE-019,Blueberry Muffin Tray,3,2026-05-28
BR-I,CAKE-019,Blueberry Muffin Tray,5,2026-05-31
BR-I,CAKE-020,Almond Gateau,1,2026-05-17
BR-I,CAKE-020,Almond Gateau,1,2026-05-23
BR-I,CAKE-020,Almond Gateau,2,2026-05-29
BR-I,CAKE-020,Almond Gateau,5,2026-05-30
BR-I,CAKE-021,Hazelnut Praline Cake,9,2026-05-25
BR-I,CAKE-022,Orange Chiffon Cake,9,2026-05-16
BR-I,CAKE-022,Orange Chiffon Cake,2,2026-05-17
BR-I,CAKE-023,Pistachio Cake,5,2026-05-04
BR-I,CAKE-024,Tres Leches Cake,11,2026-05-21
BR-I,CAKE-025,Honey Cake,2,2026-05-11
BR-I,CAKE-025,Honey Cake,5,2026-05-20
BR-I,CAKE-026,Coffee Cake,1,2026-05-11
BR-I,CAKE-026,Coffee Cake,6,2026-05-24
BR-I,CAKE-027,Fruit Gateau,2,2026-05-06
BR-I,CAKE-027,Fruit Gateau,10,2026-05-20
BR-I,CAKE-027,Fruit Gateau,2,2026-05-31
BR-I,CAKE-028,Coconut Macaroon Tray,4,2026-05-04
BR-I,CAKE-028,Coconut Macaroon Tray,3,2026-05-21
BR-I,CAKE-029,Lemon Meringue Cake,2,2026-05-02
BR-I,CAKE-029,Lemon Meringue Cake,8,2026-05-23
BR-I,CAKE-030,Truffle Brownie Cake,18,2026-05-18
BR-J,CAKE-001,Chocolate Fudge Cake,11,2026-05-01
BR-J,CAKE-001,Chocolate Fudge Cake,16,2026-05-08
BR-J,CAKE-001,Chocolate Fudge Cake,1,2026-05-25
BR-J,CAKE-002,Vanilla Sponge Cake,15,2026-05-04
BR-J,CAKE-003,Red Velvet Cake,3,2026-05-08
BR-J,CAKE-003,Red Velvet Cake,1,2026-05-14
BR-J,CAKE-003,Red Velvet Cake,2,2026-05-22
BR-J,CAKE-003,Red Velvet Cake,1,2026-05-25
BR-J,CAKE-004,Lemon Drizzle Cake,5,2026-05-08
BR-J,CAKE-005,Carrot Cake,8,2026-05-01
BR-J,CAKE-006,Black Forest Cake,16,2026-05-09
BR-J,CAKE-007,Strawberry Shortcake,16,2026-05-10
BR-J,CAKE-008,Whole-Wheat Cake,5,2026-05-30
BR-J,CAKE-009,Pineapple Upside-Down Cake,8,2026-05-25
BR-J,CAKE-010,Butter Cake,14,2026-05-12
BR-J,CAKE-011,German Chocolate Cake,8,2026-05-20
BR-J,CAKE-011,German Chocolate Cake,3,2026-05-21
BR-J,CAKE-012,Tiramisu Cake,13,2026-05-30
BR-J,CAKE-013,Cheesecake,1,2026-05-13
BR-J,CAKE-013,Cheesecake,1,2026-05-14
BR-J,CAKE-013,Cheesecake,11,2026-05-21
BR-J,CAKE-013,Cheesecake,4,2026-05-31
BR-J,CAKE-015,Apple Cinnamon Cake,6,2026-05-13
BR-J,CAKE-016,Coconut Cake,8,2026-05-31
BR-J,CAKE-017,Marble Cake,7,2026-05-12
BR-J,CAKE-017,Marble Cake,3,2026-05-29
BR-J,CAKE-018,Mango Mousse Cake,7,2026-05-02
BR-J,CAKE-018,Mango Mousse Cake,8,2026-05-29
BR-J,CAKE-019,Blueberry Muffin Tray,14,2026-05-22
BR-J,CAKE-020,Almond Gateau,5,2026-05-07
BR-J,CAKE-020,Almond Gateau,3,2026-05-19
BR-J,CAKE-022,Orange Chiffon Cake,4,2026-05-03
BR-J,CAKE-022,Orange Chiffon Cake,2,2026-05-23
BR-J,CAKE-022,Orange Chiffon Cake,3,2026-05-31
BR-J,CAKE-023,Pistachio Cake,4,2026-05-31
BR-J,CAKE-024,Tres Leches Cake,7,2026-05-06
BR-J,CAKE-024,Tres Leches Cake,2,2026-05-31
BR-J,CAKE-025,Honey Cake,6,2026-05-04
BR-J,CAKE-026,Coffee Cake,2,2026-05-05
BR-J,CAKE-026,Coffee Cake,1,2026-05-12
BR-J,CAKE-026,Coffee Cake,3,2026-05-22
BR-J,CAKE-028,Coconut Macaroon Tray,6,2026-05-20
BR-J,CAKE-029,Lemon Meringue Cake,8,2026-05-31
BR-J,CAKE-030,Truffle Brownie Cake,16,2026-05-01
BR-K,CAKE-001,Chocolate Fudge Cake,14,2026-05-03
BR-K,CAKE-001,Chocolate Fudge Cake,15,2026-05-25
BR-K,CAKE-002,Vanilla Sponge Cake,6,2026-05-07
BR-K,CAKE-002,Vanilla Sponge Cake,1,2026-05-08
BR-K,CAKE-002,Vanilla Sponge Cake,3,2026-05-27
BR-K,CAKE-002,Vanilla Sponge Cake,6,2026-05-31
BR-K,CAKE-003,Red Velvet Cake,3,2026-05-07
BR-K,CAKE-003,Red Velvet Cake,3,2026-05-12
BR-K,CAKE-003,Red Velvet Cake,1,2026-05-22
BR-K,CAKE-004,Lemon Drizzle Cake,2,2026-05-11
BR-K,CAKE-004,Lemon Drizzle Cake,3,2026-05-19
BR-K,CAKE-005,Carrot Cake,9,2026-05-01
BR-K,CAKE-006,Black Forest Cake,16,2026-05-08
BR-K,CAKE-007,Strawberry Shortcake,9,2026-05-01
BR-K,CAKE-007,Strawberry Shortcake,5,2026-05-02
BR-K,CAKE-007,Strawberry Shortcake,2,2026-05-03
BR-K,CAKE-007,Strawberry Shortcake,1,2026-05-11
BR-K,CAKE-008,Whole-Wheat Cake,1,2026-05-11
BR-K,CAKE-008,Whole-Wheat Cake,3,2026-05-19
BR-K,CAKE-009,Pineapple Upside-Down Cake,5,2026-05-26
BR-K,CAKE-009,Pineapple Upside-Down Cake,4,2026-05-27
BR-K,CAKE-010,Butter Cake,12,2026-05-08
BR-K,CAKE-010,Butter Cake,3,2026-05-26
BR-K,CAKE-011,German Chocolate Cake,11,2026-05-28
BR-K,CAKE-012,Tiramisu Cake,13,2026-05-03
BR-K,CAKE-013,Cheesecake,5,2026-05-18
BR-K,CAKE-013,Cheesecake,12,2026-05-20
BR-K,CAKE-014,Banana Walnut Cake,9,2026-05-12
BR-K,CAKE-015,Apple Cinnamon Cake,6,2026-05-09
BR-K,CAKE-016,Coconut Cake,8,2026-05-20
BR-K,CAKE-018,Mango Mousse Cake,5,2026-05-03
BR-K,CAKE-018,Mango Mousse Cake,2,2026-05-06
BR-K,CAKE-018,Mango Mousse Cake,5,2026-05-10
BR-K,CAKE-018,Mango Mousse Cake,3,2026-05-18
BR-K,CAKE-018,Mango Mousse Cake,1,2026-05-27
BR-K,CAKE-019,Blueberry Muffin Tray,10,2026-05-03
BR-K,CAKE-019,Blueberry Muffin Tray,1,2026-05-14
BR-K,CAKE-019,Blueberry Muffin Tray,3,2026-05-15
BR-K,CAKE-020,Almond Gateau,9,2026-05-09
BR-K,CAKE-021,Hazelnut Praline Cake,4,2026-05-16
BR-K,CAKE-021,Hazelnut Praline Cake,2,2026-05-20
BR-K,CAKE-021,Hazelnut Praline Cake,1,2026-05-25
BR-K,CAKE-021,Hazelnut Praline Cake,1,2026-05-27
BR-K,CAKE-022,Orange Chiffon Cake,6,2026-05-09
BR-K,CAKE-022,Orange Chiffon Cake,4,2026-05-18
BR-K,CAKE-023,Pistachio Cake,4,2026-05-11
BR-K,CAKE-024,Tres Leches Cake,10,2026-05-31
BR-K,CAKE-025,Honey Cake,7,2026-05-16
BR-K,CAKE-026,Coffee Cake,1,2026-05-13
BR-K,CAKE-026,Coffee Cake,5,2026-05-23
BR-K,CAKE-026,Coffee Cake,1,2026-05-30
BR-K,CAKE-027,Fruit Gateau,1,2026-05-08
BR-K,CAKE-027,Fruit Gateau,8,2026-05-27
BR-K,CAKE-027,Fruit Gateau,3,2026-05-31
BR-K,CAKE-028,Coconut Macaroon Tray,1,2026-05-03
BR-K,CAKE-028,Coconut Macaroon Tray,2,2026-05-04
BR-K,CAKE-028,Coconut Macaroon Tray,1,2026-05-12
BR-K,CAKE-028,Coconut Macaroon Tray,2,2026-05-16
BR-K,CAKE-029,Lemon Meringue Cake,9,2026-05-14
BR-K,CAKE-030,Truffle Brownie Cake,16,2026-05-28
BR-L,CAKE-001,Chocolate Fudge Cake,26,2026-05-12
BR-L,CAKE-002,Vanilla Sponge Cake,6,2026-05-13
BR-L,CAKE-002,Vanilla Sponge Cake,9,2026-05-24
BR-L,CAKE-003,Red Velvet Cake,4,2026-05-08
BR-L,CAKE-003,Red Velvet Cake,2,2026-05-10
BR-L,CAKE-003,Red Velvet Cake,1,2026-05-11
BR-L,CAKE-004,Lemon Drizzle Cake,1,2026-05-11
BR-L,CAKE-004,Lemon Drizzle Cake,1,2026-05-12
BR-L,CAKE-004,Lemon Drizzle Cake,2,2026-05-21
BR-L,CAKE-004,Lemon Drizzle Cake,1,2026-05-31
BR-L,CAKE-005,Carrot Cake,8,2026-05-27
BR-L,CAKE-006,Black Forest Cake,1,2026-05-04
BR-L,CAKE-006,Black Forest Cake,3,2026-05-05
BR-L,CAKE-006,Black Forest Cake,3,2026-05-13
BR-L,CAKE-006,Black Forest Cake,4,2026-05-24
BR-L,CAKE-006,Black Forest Cake,3,2026-05-27
BR-L,CAKE-007,Strawberry Shortcake,3,2026-05-11
BR-L,CAKE-007,Strawberry Shortcake,2,2026-05-12
BR-L,CAKE-007,Strawberry Shortcake,11,2026-05-26
BR-L,CAKE-008,Whole-Wheat Cake,4,2026-05-28
BR-L,CAKE-009,Pineapple Upside-Down Cake,3,2026-05-07
BR-L,CAKE-009,Pineapple Upside-Down Cake,2,2026-05-11
BR-L,CAKE-009,Pineapple Upside-Down Cake,1,2026-05-15
BR-L,CAKE-009,Pineapple Upside-Down Cake,2,2026-05-21
BR-L,CAKE-010,Butter Cake,14,2026-05-13
BR-L,CAKE-011,German Chocolate Cake,10,2026-05-10
BR-L,CAKE-012,Tiramisu Cake,1,2026-05-05
BR-L,CAKE-012,Tiramisu Cake,5,2026-05-13
BR-L,CAKE-012,Tiramisu Cake,4,2026-05-15
BR-L,CAKE-012,Tiramisu Cake,1,2026-05-18
BR-L,CAKE-012,Tiramisu Cake,1,2026-05-24
BR-L,CAKE-013,Cheesecake,1,2026-05-06
BR-L,CAKE-013,Cheesecake,13,2026-05-07
BR-L,CAKE-013,Cheesecake,2,2026-05-22
BR-L,CAKE-014,Banana Walnut Cake,7,2026-05-03
BR-L,CAKE-014,Banana Walnut Cake,1,2026-05-06
BR-L,CAKE-015,Apple Cinnamon Cake,1,2026-05-19
BR-L,CAKE-015,Apple Cinnamon Cake,2,2026-05-21
BR-L,CAKE-015,Apple Cinnamon Cake,2,2026-05-27
BR-L,CAKE-016,Coconut Cake,7,2026-05-21
BR-L,CAKE-017,Marble Cake,9,2026-05-26
BR-L,CAKE-018,Mango Mousse Cake,14,2026-05-03
BR-L,CAKE-019,Blueberry Muffin Tray,7,2026-05-22
BR-L,CAKE-019,Blueberry Muffin Tray,3,2026-05-24
BR-L,CAKE-019,Blueberry Muffin Tray,2,2026-05-28
BR-L,CAKE-019,Blueberry Muffin Tray,1,2026-05-30
BR-L,CAKE-020,Almond Gateau,2,2026-05-03
BR-L,CAKE-020,Almond Gateau,3,2026-05-14
BR-L,CAKE-020,Almond Gateau,1,2026-05-23
BR-L,CAKE-020,Almond Gateau,1,2026-05-24
BR-L,CAKE-020,Almond Gateau,1,2026-05-30
BR-L,CAKE-021,Hazelnut Praline Cake,2,2026-05-12
BR-L,CAKE-021,Hazelnut Praline Cake,5,2026-05-20
BR-L,CAKE-022,Orange Chiffon Cake,1,2026-05-01
BR-L,CAKE-022,Orange Chiffon Cake,3,2026-05-06
BR-L,CAKE-022,Orange Chiffon Cake,4,2026-05-12
BR-L,CAKE-022,Orange Chiffon Cake,1,2026-05-15
BR-L,CAKE-023,Pistachio Cake,4,2026-05-18
BR-L,CAKE-024,Tres Leches Cake,8,2026-05-09
BR-L,CAKE-024,Tres Leches Cake,1,2026-05-26
BR-L,CAKE-025,Honey Cake,6,2026-05-29
BR-L,CAKE-026,Coffee Cake,6,2026-05-24
BR-L,CAKE-027,Fruit Gateau,11,2026-05-02
BR-L,CAKE-028,Coconut Macaroon Tray,5,2026-05-30
BR-L,CAKE-029,Lemon Meringue Cake,2,2026-05-04
BR-L,CAKE-029,Lemon Meringue Cake,3,2026-05-08
BR-L,CAKE-029,Lemon Meringue Cake,1,2026-05-13
BR-L,CAKE-029,Lemon Meringue Cake,1,2026-05-14
BR-L,CAKE-029,Lemon Meringue Cake,1,2026-05-23
BR-L,CAKE-030,Truffle Brownie Cake,11,2026-05-21
BR-L,CAKE-030,Truffle Brownie Cake,3,2026-05-24
BR-M,CAKE-001,Chocolate Fudge Cake,4,2026-05-07
BR-M,CAKE-001,Chocolate Fudge Cake,2,2026-05-24
BR-M,CAKE-001,Chocolate Fudge Cake,12,2026-05-25
BR-M,CAKE-002,Vanilla Sponge Cake,10,2026-05-23
BR-M,CAKE-003,Red Velvet Cake,4,2026-05-17
BR-M,CAKE-004,Lemon Drizzle Cake,2,2026-05-13
BR-M,CAKE-004,Lemon Drizzle Cake,1,2026-05-30
BR-M,CAKE-005,Carrot Cake,5,2026-05-05
BR-M,CAKE-006,Black Forest Cake,2,2026-05-02
BR-M,CAKE-006,Black Forest Cake,8,2026-05-15
BR-M,CAKE-007,Strawberry Shortcake,10,2026-05-03
BR-M,CAKE-007,Strawberry Shortcake,1,2026-05-11
BR-M,CAKE-008,Whole-Wheat Cake,2,2026-05-24
BR-M,CAKE-009,Pineapple Upside-Down Cake,1,2026-05-10
BR-M,CAKE-009,Pineapple Upside-Down Cake,4,2026-05-18
BR-M,CAKE-010,Butter Cake,9,2026-05-02
BR-M,CAKE-011,German Chocolate Cake,1,2026-05-07
BR-M,CAKE-011,German Chocolate Cake,2,2026-05-12
BR-M,CAKE-011,German Chocolate Cake,2,2026-05-13
BR-M,CAKE-011,German Chocolate Cake,2,2026-05-31
BR-M,CAKE-012,Tiramisu Cake,5,2026-05-05
BR-M,CAKE-012,Tiramisu Cake,3,2026-05-30
BR-M,CAKE-013,Cheesecake,11,2026-05-19
BR-M,CAKE-014,Banana Walnut Cake,5,2026-05-22
BR-M,CAKE-015,Apple Cinnamon Cake,4,2026-05-14
BR-M,CAKE-016,Coconut Cake,4,2026-05-10
BR-M,CAKE-017,Marble Cake,2,2026-05-14
BR-M,CAKE-017,Marble Cake,4,2026-05-16
BR-M,CAKE-018,Mango Mousse Cake,7,2026-05-07
BR-M,CAKE-018,Mango Mousse Cake,3,2026-05-20
BR-M,CAKE-020,Almond Gateau,2,2026-05-04
BR-M,CAKE-020,Almond Gateau,1,2026-05-15
BR-M,CAKE-020,Almond Gateau,1,2026-05-17
BR-M,CAKE-020,Almond Gateau,1,2026-05-25
BR-M,CAKE-021,Hazelnut Praline Cake,4,2026-05-28
BR-M,CAKE-022,Orange Chiffon Cake,6,2026-05-23
BR-M,CAKE-023,Pistachio Cake,1,2026-05-05
BR-M,CAKE-023,Pistachio Cake,1,2026-05-13
BR-M,CAKE-024,Tres Leches Cake,1,2026-05-03
BR-M,CAKE-024,Tres Leches Cake,1,2026-05-05
BR-M,CAKE-024,Tres Leches Cake,1,2026-05-12
BR-M,CAKE-024,Tres Leches Cake,1,2026-05-16
BR-M,CAKE-024,Tres Leches Cake,1,2026-05-31
BR-M,CAKE-025,Honey Cake,2,2026-05-08
BR-M,CAKE-025,Honey Cake,1,2026-05-26
BR-M,CAKE-025,Honey Cake,1,2026-05-29
BR-M,CAKE-027,Fruit Gateau,6,2026-05-10
BR-M,CAKE-027,Fruit Gateau,1,2026-05-11
BR-M,CAKE-028,Coconut Macaroon Tray,4,2026-05-06
BR-M,CAKE-029,Lemon Meringue Cake,5,2026-05-20
BR-M,CAKE-030,Truffle Brownie Cake,3,2026-05-15
BR-M,CAKE-030,Truffle Brownie Cake,2,2026-05-21
BR-M,CAKE-030,Truffle Brownie Cake,1,2026-05-23
BR-M,CAKE-030,Truffle Brownie Cake,4,2026-05-30
BR-N,CAKE-001,Chocolate Fudge Cake,20,2026-05-01
BR-N,CAKE-002,Vanilla Sponge Cake,11,2026-05-22
BR-N,CAKE-003,Red Velvet Cake,2,2026-05-03
BR-N,CAKE-003,Red Velvet Cake,2,2026-05-11
BR-N,CAKE-003,Red Velvet Cake,1,2026-05-19
BR-N,CAKE-004,Lemon Drizzle Cake,1,2026-05-06
BR-N,CAKE-004,Lemon Drizzle Cake,1,2026-05-10
BR-N,CAKE-004,Lemon Drizzle Cake,1,2026-05-29
BR-N,CAKE-005,Carrot Cake,6,2026-05-21
BR-N,CAKE-006,Black Forest Cake,4,2026-05-15
BR-N,CAKE-006,Black Forest Cake,1,2026-05-19
BR-N,CAKE-006,Black Forest Cake,2,2026-05-27
BR-N,CAKE-006,Black Forest Cake,4,2026-05-29
BR-N,CAKE-007,Strawberry Shortcake,12,2026-05-07
BR-N,CAKE-008,Whole-Wheat Cake,1,2026-05-14
BR-N,CAKE-008,Whole-Wheat Cake,1,2026-05-18
BR-N,CAKE-008,Whole-Wheat Cake,1,2026-05-27
BR-N,CAKE-009,Pineapple Upside-Down Cake,2,2026-05-03
BR-N,CAKE-009,Pineapple Upside-Down Cake,1,2026-05-08
BR-N,CAKE-009,Pineapple Upside-Down Cake,2,2026-05-15
BR-N,CAKE-009,Pineapple Upside-Down Cake,1,2026-05-20
BR-N,CAKE-010,Butter Cake,10,2026-05-28
BR-N,CAKE-011,German Chocolate Cake,4,2026-05-04
BR-N,CAKE-011,German Chocolate Cake,4,2026-05-25
BR-N,CAKE-012,Tiramisu Cake,9,2026-05-20
BR-N,CAKE-013,Cheesecake,12,2026-05-16
BR-N,CAKE-014,Banana Walnut Cake,6,2026-05-23
BR-N,CAKE-015,Apple Cinnamon Cake,4,2026-05-08
BR-N,CAKE-016,Coconut Cake,5,2026-05-10
BR-N,CAKE-017,Marble Cake,1,2026-05-04
BR-N,CAKE-017,Marble Cake,1,2026-05-10
BR-N,CAKE-017,Marble Cake,4,2026-05-12
BR-N,CAKE-017,Marble Cake,1,2026-05-13
BR-N,CAKE-018,Mango Mousse Cake,11,2026-05-31
BR-N,CAKE-019,Blueberry Muffin Tray,9,2026-05-31
BR-N,CAKE-020,Almond Gateau,6,2026-05-27
BR-N,CAKE-021,Hazelnut Praline Cake,2,2026-05-14
BR-N,CAKE-021,Hazelnut Praline Cake,1,2026-05-18
BR-N,CAKE-021,Hazelnut Praline Cake,2,2026-05-22
BR-N,CAKE-022,Orange Chiffon Cake,7,2026-05-13
BR-N,CAKE-023,Pistachio Cake,1,2026-05-21
BR-N,CAKE-023,Pistachio Cake,1,2026-05-28
BR-N,CAKE-023,Pistachio Cake,1,2026-05-29
BR-N,CAKE-024,Tres Leches Cake,1,2026-05-08
BR-N,CAKE-024,Tres Leches Cake,5,2026-05-27
BR-N,CAKE-026,Coffee Cake,4,2026-05-09
BR-N,CAKE-028,Coconut Macaroon Tray,4,2026-05-12
BR-N,CAKE-029,Lemon Meringue Cake,1,2026-05-14
BR-N,CAKE-029,Lemon Meringue Cake,5,2026-05-31
BR-N,CAKE-030,Truffle Brownie Cake,1,2026-05-02
BR-N,CAKE-030,Truffle Brownie Cake,4,2026-05-11
BR-N,CAKE-030,Truffle Brownie Cake,3,2026-05-14
BR-N,CAKE-030,Truffle Brownie Cake,2,2026-05-24
BR-N,CAKE-030,Truffle Brownie Cake,1,2026-05-28
BR-O,CAKE-002,Vanilla Sponge Cake,2,2026-05-04
BR-O,CAKE-002,Vanilla Sponge Cake,9,2026-05-22
BR-O,CAKE-003,Red Velvet Cake,3,2026-05-15
BR-O,CAKE-003,Red Velvet Cake,2,2026-05-20
BR-O,CAKE-004,Lemon Drizzle Cake,1,2026-05-01
BR-O,CAKE-004,Lemon Drizzle Cake,1,2026-05-21
BR-O,CAKE-004,Lemon Drizzle Cake,1,2026-05-28
BR-O,CAKE-005,Carrot Cake,1,2026-05-01
BR-O,CAKE-005,Carrot Cake,5,2026-05-05
BR-O,CAKE-006,Black Forest Cake,2,2026-05-01
BR-O,CAKE-006,Black Forest Cake,3,2026-05-07
BR-O,CAKE-006,Black Forest Cake,6,2026-05-23
BR-O,CAKE-007,Strawberry Shortcake,12,2026-05-11
BR-O,CAKE-008,Whole-Wheat Cake,1,2026-05-02
BR-O,CAKE-008,Whole-Wheat Cake,1,2026-05-06
BR-O,CAKE-008,Whole-Wheat Cake,1,2026-05-19
BR-O,CAKE-009,Pineapple Upside-Down Cake,6,2026-05-12
BR-O,CAKE-010,Butter Cake,1,2026-05-03
BR-O,CAKE-010,Butter Cake,9,2026-05-25
BR-O,CAKE-011,German Chocolate Cake,8,2026-05-24
BR-O,CAKE-012,Tiramisu Cake,9,2026-05-28
BR-O,CAKE-013,Cheesecake,2,2026-05-03
BR-O,CAKE-013,Cheesecake,3,2026-05-09
BR-O,CAKE-013,Cheesecake,7,2026-05-16
BR-O,CAKE-014,Banana Walnut Cake,1,2026-05-01
BR-O,CAKE-014,Banana Walnut Cake,2,2026-05-05
BR-O,CAKE-014,Banana Walnut Cake,1,2026-05-14
BR-O,CAKE-014,Banana Walnut Cake,2,2026-05-15
BR-O,CAKE-015,Apple Cinnamon Cake,4,2026-05-01
BR-O,CAKE-016,Coconut Cake,3,2026-05-08
BR-O,CAKE-016,Coconut Cake,2,2026-05-12
BR-O,CAKE-017,Marble Cake,7,2026-05-27
BR-O,CAKE-018,Mango Mousse Cake,9,2026-05-08
BR-O,CAKE-018,Mango Mousse Cake,2,2026-05-22
BR-O,CAKE-019,Blueberry Muffin Tray,6,2026-05-02
BR-O,CAKE-019,Blueberry Muffin Tray,2,2026-05-09
BR-O,CAKE-019,Blueberry Muffin Tray,1,2026-05-26
BR-O,CAKE-020,Almond Gateau,4,2026-05-14
BR-O,CAKE-020,Almond Gateau,1,2026-05-28
BR-O,CAKE-020,Almond Gateau,1,2026-05-29
BR-O,CAKE-021,Hazelnut Praline Cake,3,2026-05-10
BR-O,CAKE-021,Hazelnut Praline Cake,2,2026-05-15
BR-O,CAKE-022,Orange Chiffon Cake,7,2026-05-30
BR-O,CAKE-023,Pistachio Cake,1,2026-05-06
BR-O,CAKE-023,Pistachio Cake,1,2026-05-08
BR-O,CAKE-023,Pistachio Cake,1,2026-05-11
BR-O,CAKE-024,Tres Leches Cake,6,2026-05-06
BR-O,CAKE-025,Honey Cake,3,2026-05-15
BR-O,CAKE-025,Honey Cake,1,2026-05-22
BR-O,CAKE-026,Coffee Cake,4,2026-05-12
BR-O,CAKE-027,Fruit Gateau,8,2026-05-31
BR-O,CAKE-028,Coconut Macaroon Tray,2,2026-05-10
BR-O,CAKE-028,Coconut Macaroon Tray,2,2026-05-22
BR-O,CAKE-029,Lemon Meringue Cake,5,2026-05-10
BR-O,CAKE-029,Lemon Meringue Cake,1,2026-05-12
BR-O,CAKE-030,Truffle Brownie Cake,11,2026-05-27
BR-P,CAKE-001,Chocolate Fudge Cake,2,2026-05-07
BR-P,CAKE-001,Chocolate Fudge Cake,18,2026-05-11
BR-P,CAKE-002,Vanilla Sponge Cake,11,2026-05-26
BR-P,CAKE-003,Red Velvet Cake,1,2026-05-09
BR-P,CAKE-003,Red Velvet Cake,4,2026-05-13
BR-P,CAKE-004,Lemon Drizzle Cake,1,2026-05-09
BR-P,CAKE-004,Lemon Drizzle Cake,1,2026-05-17
BR-P,CAKE-004,Lemon Drizzle Cake,1,2026-05-31
BR-P,CAKE-005,Carrot Cake,6,2026-05-03
BR-P,CAKE-006,Black Forest Cake,4,2026-05-10
BR-P,CAKE-006,Black Forest Cake,7,2026-05-14
BR-P,CAKE-007,Strawberry Shortcake,12,2026-05-17
BR-P,CAKE-008,Whole-Wheat Cake,1,2026-05-06
BR-P,CAKE-008,Whole-Wheat Cake,1,2026-05-14
BR-P,CAKE-008,Whole-Wheat Cake,1,2026-05-24
BR-P,CAKE-009,Pineapple Upside-Down Cake,3,2026-05-11
BR-P,CAKE-009,Pineapple Upside-Down Cake,2,2026-05-18
BR-P,CAKE-009,Pineapple Upside-Down Cake,1,2026-05-30
BR-P,CAKE-011,German Chocolate Cake,8,2026-05-19
BR-P,CAKE-012,Tiramisu Cake,2,2026-05-07
BR-P,CAKE-012,Tiramisu Cake,4,2026-05-08
BR-P,CAKE-012,Tiramisu Cake,2,2026-05-14
BR-P,CAKE-012,Tiramisu Cake,1,2026-05-21
BR-P,CAKE-013,Cheesecake,9,2026-05-01
BR-P,CAKE-013,Cheesecake,2,2026-05-03
BR-P,CAKE-013,Cheesecake,1,2026-05-17
BR-P,CAKE-014,Banana Walnut Cake,6,2026-05-09
BR-P,CAKE-015,Apple Cinnamon Cake,3,2026-05-16
BR-P,CAKE-015,Apple Cinnamon Cake,1,2026-05-20
BR-P,CAKE-016,Coconut Cake,5,2026-05-17
BR-P,CAKE-017,Marble Cake,6,2026-05-07
BR-P,CAKE-017,Marble Cake,1,2026-05-23
BR-P,CAKE-018,Mango Mousse Cake,11,2026-05-28
BR-P,CAKE-019,Blueberry Muffin Tray,9,2026-05-22
BR-P,CAKE-020,Almond Gateau,6,2026-05-18
BR-P,CAKE-021,Hazelnut Praline Cake,5,2026-05-20
BR-P,CAKE-022,Orange Chiffon Cake,7,2026-05-19
BR-P,CAKE-023,Pistachio Cake,1,2026-05-03
BR-P,CAKE-023,Pistachio Cake,1,2026-05-23
BR-P,CAKE-023,Pistachio Cake,1,2026-05-29
BR-P,CAKE-024,Tres Leches Cake,2,2026-05-17
BR-P,CAKE-024,Tres Leches Cake,2,2026-05-18
BR-P,CAKE-024,Tres Leches Cake,2,2026-05-30
BR-P,CAKE-025,Honey Cake,1,2026-05-01
BR-P,CAKE-025,Honey Cake,1,2026-05-04
BR-P,CAKE-025,Honey Cake,1,2026-05-18
BR-P,CAKE-025,Honey Cake,1,2026-05-23
BR-P,CAKE-026,Coffee Cake,1,2026-05-16
BR-P,CAKE-026,Coffee Cake,1,2026-05-24
BR-P,CAKE-026,Coffee Cake,2,2026-05-29
BR-P,CAKE-027,Fruit Gateau,4,2026-05-01
BR-P,CAKE-027,Fruit Gateau,2,2026-05-12
BR-P,CAKE-027,Fruit Gateau,2,2026-05-26
BR-P,CAKE-028,Coconut Macaroon Tray,1,2026-05-04
BR-P,CAKE-028,Coconut Macaroon Tray,2,2026-05-18
BR-P,CAKE-028,Coconut Macaroon Tray,1,2026-05-22
BR-P,CAKE-029,Lemon Meringue Cake,6,2026-05-06
BR-P,CAKE-030,Truffle Brownie Cake,11,2026-05-06
BR-Q,CAKE-002,Vanilla Sponge Cake,2,2026-05-01
BR-Q,CAKE-002,Vanilla Sponge Cake,1,2026-05-06
BR-Q,CAKE-002,Vanilla Sponge Cake,2,2026-05-09
BR-Q,CAKE-002,Vanilla Sponge Cake,1,2026-05-24
BR-Q,CAKE-003,Red Velvet Cake,2,2026-05-25
BR-Q,CAKE-003,Red Velvet Cake,1,2026-05-28
BR-Q,CAKE-004,Lemon Drizzle Cake,1,2026-05-14
BR-Q,CAKE-004,Lemon Drizzle Cake,1,2026-05-16
BR-Q,CAKE-006,Black Forest Cake,6,2026-05-14
BR-Q,CAKE-007,Strawberry Shortcake,7,2026-05-13
BR-Q,CAKE-008,Whole-Wheat Cake,1,2026-05-04
BR-Q,CAKE-008,Whole-Wheat Cake,1,2026-05-08
BR-Q,CAKE-009,Pineapple Upside-Down Cake,1,2026-05-07
BR-Q,CAKE-009,Pineapple Upside-Down Cake,2,2026-05-11
BR-Q,CAKE-009,Pineapple Upside-Down Cake,1,2026-05-29
BR-Q,CAKE-010,Butter Cake,4,2026-05-02
BR-Q,CAKE-010,Butter Cake,1,2026-05-06
BR-Q,CAKE-010,Butter Cake,1,2026-05-28
BR-Q,CAKE-011,German Chocolate Cake,4,2026-05-01
BR-Q,CAKE-012,Tiramisu Cake,3,2026-05-02
BR-Q,CAKE-012,Tiramisu Cake,1,2026-05-24
BR-Q,CAKE-012,Tiramisu Cake,1,2026-05-30
BR-Q,CAKE-013,Cheesecake,7,2026-05-18
BR-Q,CAKE-014,Banana Walnut Cake,1,2026-05-02
BR-Q,CAKE-014,Banana Walnut Cake,1,2026-05-27
BR-Q,CAKE-014,Banana Walnut Cake,2,2026-05-30
BR-Q,CAKE-015,Apple Cinnamon Cake,2,2026-05-19
BR-Q,CAKE-016,Coconut Cake,4,2026-05-12
BR-Q,CAKE-017,Marble Cake,1,2026-05-03
BR-Q,CAKE-017,Marble Cake,1,2026-05-19
BR-Q,CAKE-017,Marble Cake,2,2026-05-20
BR-Q,CAKE-018,Mango Mousse Cake,6,2026-05-17
BR-Q,CAKE-019,Blueberry Muffin Tray,1,2026-05-12
BR-Q,CAKE-019,Blueberry Muffin Tray,2,2026-05-23
BR-Q,CAKE-019,Blueberry Muffin Tray,1,2026-05-26
BR-Q,CAKE-019,Blueberry Muffin Tray,1,2026-05-28
BR-Q,CAKE-020,Almond Gateau,4,2026-05-19
BR-Q,CAKE-022,Orange Chiffon Cake,1,2026-05-01
BR-Q,CAKE-022,Orange Chiffon Cake,1,2026-05-05
BR-Q,CAKE-022,Orange Chiffon Cake,1,2026-05-13
BR-Q,CAKE-022,Orange Chiffon Cake,1,2026-05-26
BR-Q,CAKE-023,Pistachio Cake,1,2026-05-08
BR-Q,CAKE-023,Pistachio Cake,1,2026-05-26
BR-Q,CAKE-024,Tres Leches Cake,1,2026-05-25
BR-Q,CAKE-024,Tres Leches Cake,3,2026-05-26
BR-Q,CAKE-025,Honey Cake,3,2026-05-13
BR-Q,CAKE-026,Coffee Cake,2,2026-05-23
BR-Q,CAKE-027,Fruit Gateau,1,2026-05-08
BR-Q,CAKE-027,Fruit Gateau,1,2026-05-09
BR-Q,CAKE-027,Fruit Gateau,1,2026-05-16
BR-Q,CAKE-027,Fruit Gateau,1,2026-05-20
BR-Q,CAKE-027,Fruit Gateau,1,2026-05-31
BR-Q,CAKE-028,Coconut Macaroon Tray,3,2026-05-01
BR-Q,CAKE-029,Lemon Meringue Cake,4,2026-05-16
BR-Q,CAKE-030,Truffle Brownie Cake,7,2026-05-23
BR-R,CAKE-001,Chocolate Fudge Cake,7,2026-05-07
BR-R,CAKE-001,Chocolate Fudge Cake,6,2026-05-21
BR-R,CAKE-002,Vanilla Sponge Cake,2,2026-05-18
BR-R,CAKE-002,Vanilla Sponge Cake,5,2026-05-22
BR-R,CAKE-003,Red Velvet Cake,3,2026-05-27
BR-R,CAKE-004,Lemon Drizzle Cake,3,2026-05-26
BR-R,CAKE-006,Black Forest Cake,5,2026-05-03
BR-R,CAKE-006,Black Forest Cake,1,2026-05-28
BR-R,CAKE-007,Strawberry Shortcake,1,2026-05-03
BR-R,CAKE-007,Strawberry Shortcake,4,2026-05-15
BR-R,CAKE-007,Strawberry Shortcake,3,2026-05-17
BR-R,CAKE-008,Whole-Wheat Cake,2,2026-05-11
BR-R,CAKE-009,Pineapple Upside-Down Cake,4,2026-05-27
BR-R,CAKE-010,Butter Cake,7,2026-05-10
BR-R,CAKE-011,German Chocolate Cake,5,2026-05-06
BR-R,CAKE-012,Tiramisu Cake,6,2026-05-10
BR-R,CAKE-013,Cheesecake,2,2026-05-15
BR-R,CAKE-013,Cheesecake,6,2026-05-28
BR-R,CAKE-014,Banana Walnut Cake,1,2026-05-08
BR-R,CAKE-014,Banana Walnut Cake,2,2026-05-21
BR-R,CAKE-014,Banana Walnut Cake,1,2026-05-24
BR-R,CAKE-015,Apple Cinnamon Cake,1,2026-05-03
BR-R,CAKE-015,Apple Cinnamon Cake,1,2026-05-19
BR-R,CAKE-015,Apple Cinnamon Cake,1,2026-05-31
BR-R,CAKE-016,Coconut Cake,4,2026-05-03
BR-R,CAKE-017,Marble Cake,2,2026-05-13
BR-R,CAKE-017,Marble Cake,3,2026-05-15
BR-R,CAKE-018,Mango Mousse Cake,6,2026-05-04
BR-R,CAKE-019,Blueberry Muffin Tray,6,2026-05-15
BR-R,CAKE-020,Almond Gateau,2,2026-05-14
BR-R,CAKE-020,Almond Gateau,1,2026-05-17
BR-R,CAKE-020,Almond Gateau,1,2026-05-30
BR-R,CAKE-021,Hazelnut Praline Cake,1,2026-05-04
BR-R,CAKE-021,Hazelnut Praline Cake,1,2026-05-26
BR-R,CAKE-021,Hazelnut Praline Cake,1,2026-05-27
BR-R,CAKE-022,Orange Chiffon Cake,4,2026-05-25
BR-R,CAKE-023,Pistachio Cake,1,2026-05-07
BR-R,CAKE-023,Pistachio Cake,1,2026-05-22
BR-R,CAKE-024,Tres Leches Cake,4,2026-05-20
BR-R,CAKE-025,Honey Cake,1,2026-05-11
BR-R,CAKE-025,Honey Cake,1,2026-05-16
BR-R,CAKE-025,Honey Cake,1,2026-05-22
BR-R,CAKE-026,Coffee Cake,3,2026-05-29
BR-R,CAKE-027,Fruit Gateau,3,2026-05-25
BR-R,CAKE-027,Fruit Gateau,3,2026-05-30
BR-R,CAKE-028,Coconut Macaroon Tray,1,2026-05-05
BR-R,CAKE-028,Coconut Macaroon Tray,2,2026-05-25
BR-R,CAKE-029,Lemon Meringue Cake,1,2026-05-12
BR-R,CAKE-029,Lemon Meringue Cake,1,2026-05-19
BR-R,CAKE-029,Lemon Meringue Cake,1,2026-05-23
BR-R,CAKE-029,Lemon Meringue Cake,1,2026-05-30
BR-R,CAKE-030,Truffle Brownie Cake,1,2026-05-02
BR-R,CAKE-030,Truffle Brownie Cake,1,2026-05-04
BR-R,CAKE-030,Truffle Brownie Cake,2,2026-05-14
BR-R,CAKE-030,Truffle Brownie Cake,1,2026-05-25
BR-R,CAKE-030,Truffle Brownie Cake,3,2026-05-30
BR-S,CAKE-001,Chocolate Fudge Cake,2,2026-05-02
BR-S,CAKE-001,Chocolate Fudge Cake,1,2026-05-07
BR-S,CAKE-001,Chocolate Fudge Cake,3,2026-05-17
BR-S,CAKE-001,Chocolate Fudge Cake,6,2026-05-20
BR-S,CAKE-002,Vanilla Sponge Cake,3,2026-05-02
BR-S,CAKE-002,Vanilla Sponge Cake,3,2026-05-26
BR-S,CAKE-004,Lemon Drizzle Cake,1,2026-05-09
BR-S,CAKE-004,Lemon Drizzle Cake,1,2026-05-15
BR-S,CAKE-005,Carrot Cake,2,2026-05-05
BR-S,CAKE-005,Carrot Cake,1,2026-05-14
BR-S,CAKE-005,Carrot Cake,1,2026-05-24
BR-S,CAKE-006,Black Forest Cake,2,2026-05-05
BR-S,CAKE-006,Black Forest Cake,1,2026-05-20
BR-S,CAKE-006,Black Forest Cake,3,2026-05-29
BR-S,CAKE-007,Strawberry Shortcake,7,2026-05-31
BR-S,CAKE-008,Whole-Wheat Cake,1,2026-05-15
BR-S,CAKE-008,Whole-Wheat Cake,1,2026-05-31
BR-S,CAKE-009,Pineapple Upside-Down Cake,1,2026-05-04
BR-S,CAKE-009,Pineapple Upside-Down Cake,3,2026-05-25
BR-S,CAKE-010,Butter Cake,6,2026-05-28
BR-S,CAKE-011,German Chocolate Cake,3,2026-05-05
BR-S,CAKE-011,German Chocolate Cake,1,2026-05-28
BR-S,CAKE-012,Tiramisu Cake,5,2026-05-05
BR-S,CAKE-013,Cheesecake,7,2026-05-26
BR-S,CAKE-014,Banana Walnut Cake,3,2026-05-05
BR-S,CAKE-014,Banana Walnut Cake,1,2026-05-07
BR-S,CAKE-015,Apple Cinnamon Cake,1,2026-05-12
BR-S,CAKE-015,Apple Cinnamon Cake,1,2026-05-29
BR-S,CAKE-016,Coconut Cake,1,2026-05-04
BR-S,CAKE-016,Coconut Cake,1,2026-05-11
BR-S,CAKE-016,Coconut Cake,1,2026-05-17
BR-S,CAKE-016,Coconut Cake,1,2026-05-22
BR-S,CAKE-017,Marble Cake,4,2026-05-17
BR-S,CAKE-018,Mango Mousse Cake,1,2026-05-01
BR-S,CAKE-018,Mango Mousse Cake,1,2026-05-02
BR-S,CAKE-018,Mango Mousse Cake,1,2026-05-05
BR-S,CAKE-018,Mango Mousse Cake,2,2026-05-11
BR-S,CAKE-018,Mango Mousse Cake,1,2026-05-29
BR-S,CAKE-019,Blueberry Muffin Tray,5,2026-05-26
BR-S,CAKE-020,Almond Gateau,4,2026-05-18
BR-S,CAKE-021,Hazelnut Praline Cake,2,2026-05-21
BR-S,CAKE-021,Hazelnut Praline Cake,1,2026-05-24
BR-S,CAKE-022,Orange Chiffon Cake,1,2026-05-12
BR-S,CAKE-022,Orange Chiffon Cake,3,2026-05-26
BR-S,CAKE-023,Pistachio Cake,1,2026-05-02
BR-S,CAKE-023,Pistachio Cake,1,2026-05-09
BR-S,CAKE-024,Tres Leches Cake,4,2026-05-14
BR-S,CAKE-025,Honey Cake,3,2026-05-29
BR-S,CAKE-026,Coffee Cake,2,2026-05-26
BR-S,CAKE-027,Fruit Gateau,1,2026-05-02
BR-S,CAKE-027,Fruit Gateau,1,2026-05-05
BR-S,CAKE-027,Fruit Gateau,1,2026-05-14
BR-S,CAKE-027,Fruit Gateau,1,2026-05-17
BR-S,CAKE-027,Fruit Gateau,1,2026-05-23
BR-S,CAKE-028,Coconut Macaroon Tray,1,2026-05-15
BR-S,CAKE-028,Coconut Macaroon Tray,1,2026-05-18
BR-S,CAKE-028,Coconut Macaroon Tray,1,2026-05-29
BR-S,CAKE-029,Lemon Meringue Cake,4,2026-05-06
BR-S,CAKE-030,Truffle Brownie Cake,1,2026-05-03
BR-S,CAKE-030,Truffle Brownie Cake,6,2026-05-24
BR-T,CAKE-001,Chocolate Fudge Cake,6,2026-05-13
BR-T,CAKE-004,Lemon Drizzle Cake,1,2026-05-07
BR-T,CAKE-005,Carrot Cake,2,2026-05-31
BR-T,CAKE-006,Black Forest Cake,4,2026-05-29
BR-T,CAKE-007,Strawberry Shortcake,2,2026-05-04
BR-T,CAKE-007,Strawberry Shortcake,1,2026-05-22
BR-T,CAKE-007,Strawberry Shortcake,1,2026-05-31
BR-T,CAKE-008,Whole-Wheat Cake,1,2026-05-09
BR-T,CAKE-009,Pineapple Upside-Down Cake,1,2026-05-10
BR-T,CAKE-009,Pineapple Upside-Down Cake,1,2026-05-30
BR-T,CAKE-010,Butter Cake,3,2026-05-21
BR-T,CAKE-011,German Chocolate Cake,1,2026-05-12
BR-T,CAKE-011,German Chocolate Cake,1,2026-05-24
BR-T,CAKE-011,German Chocolate Cake,1,2026-05-31
BR-T,CAKE-012,Tiramisu Cake,1,2026-05-02
BR-T,CAKE-012,Tiramisu Cake,2,2026-05-19
BR-T,CAKE-013,Cheesecake,4,2026-05-14
BR-T,CAKE-014,Banana Walnut Cake,1,2026-05-18
BR-T,CAKE-014,Banana Walnut Cake,1,2026-05-31
BR-T,CAKE-015,Apple Cinnamon Cake,1,2026-05-20
BR-T,CAKE-016,Coconut Cake,1,2026-05-04
BR-T,CAKE-016,Coconut Cake,1,2026-05-29
BR-T,CAKE-017,Marble Cake,1,2026-05-09
BR-T,CAKE-017,Marble Cake,1,2026-05-23
BR-T,CAKE-018,Mango Mousse Cake,4,2026-05-19
BR-T,CAKE-019,Blueberry Muffin Tray,3,2026-05-19
BR-T,CAKE-020,Almond Gateau,2,2026-05-17
BR-T,CAKE-021,Hazelnut Praline Cake,2,2026-05-15
BR-T,CAKE-022,Orange Chiffon Cake,2,2026-05-09
BR-T,CAKE-023,Pistachio Cake,1,2026-05-02
BR-T,CAKE-024,Tres Leches Cake,2,2026-05-24
BR-T,CAKE-025,Honey Cake,1,2026-05-12
BR-T,CAKE-026,Coffee Cake,1,2026-05-29
BR-T,CAKE-027,Fruit Gateau,2,2026-05-27
BR-T,CAKE-027,Fruit Gateau,1,2026-05-28
BR-T,CAKE-028,Coconut Macaroon Tray,1,2026-05-18
BR-T,CAKE-029,Lemon Meringue Cake,2,2026-05-11
BR-A,CAKE-001,Chocolate Fudge Cake,88,2026-06-20
BR-A,CAKE-002,Vanilla Sponge Cake,48,2026-06-28
BR-A,CAKE-003,Red Velvet Cake,16,2026-06-12
BR-A,CAKE-003,Red Velvet Cake,6,2026-06-13
BR-A,CAKE-004,Lemon Drizzle Cake,7,2026-06-10
BR-A,CAKE-004,Lemon Drizzle Cake,7,2026-06-29
BR-A,CAKE-005,Carrot Cake,20,2026-06-15
BR-A,CAKE-005,Carrot Cake,5,2026-06-28
BR-A,CAKE-006,Black Forest Cake,10,2026-06-01
BR-A,CAKE-006,Black Forest Cake,16,2026-06-03
BR-A,CAKE-006,Black Forest Cake,5,2026-06-06
BR-A,CAKE-006,Black Forest Cake,3,2026-06-15
BR-A,CAKE-006,Black Forest Cake,15,2026-06-24
BR-A,CAKE-007,Strawberry Shortcake,21,2026-06-14
BR-A,CAKE-007,Strawberry Shortcake,16,2026-06-22
BR-A,CAKE-007,Strawberry Shortcake,4,2026-06-25
BR-A,CAKE-007,Strawberry Shortcake,11,2026-06-29
BR-A,CAKE-008,Whole-Wheat Cake,13,2026-06-09
BR-A,CAKE-009,Pineapple Upside-Down Cake,14,2026-06-09
BR-A,CAKE-009,Pineapple Upside-Down Cake,1,2026-06-15
BR-A,CAKE-009,Pineapple Upside-Down Cake,10,2026-06-20
BR-A,CAKE-009,Pineapple Upside-Down Cake,1,2026-06-29
BR-A,CAKE-010,Butter Cake,14,2026-06-04
BR-A,CAKE-010,Butter Cake,1,2026-06-08
BR-A,CAKE-010,Butter Cake,31,2026-06-27
BR-A,CAKE-011,German Chocolate Cake,34,2026-06-02
BR-A,CAKE-012,Tiramisu Cake,40,2026-06-01
BR-A,CAKE-013,Cheesecake,4,2026-06-20
BR-A,CAKE-013,Cheesecake,43,2026-06-26
BR-A,CAKE-013,Cheesecake,7,2026-06-27
BR-A,CAKE-013,Cheesecake,1,2026-06-28
BR-A,CAKE-014,Banana Walnut Cake,25,2026-06-30
BR-A,CAKE-015,Apple Cinnamon Cake,16,2026-06-28
BR-A,CAKE-016,Coconut Cake,23,2026-06-03
BR-A,CAKE-017,Marble Cake,24,2026-06-15
BR-A,CAKE-017,Marble Cake,7,2026-06-23
BR-A,CAKE-018,Mango Mousse Cake,13,2026-06-05
BR-A,CAKE-018,Mango Mousse Cake,11,2026-06-08
BR-A,CAKE-018,Mango Mousse Cake,1,2026-06-13
BR-A,CAKE-018,Mango Mousse Cake,21,2026-06-22
BR-A,CAKE-019,Blueberry Muffin Tray,41,2026-06-16
BR-A,CAKE-020,Almond Gateau,25,2026-06-02
BR-A,CAKE-021,Hazelnut Praline Cake,8,2026-06-06
BR-A,CAKE-021,Hazelnut Praline Cake,8,2026-06-07
BR-A,CAKE-021,Hazelnut Praline Cake,6,2026-06-26
BR-A,CAKE-022,Orange Chiffon Cake,12,2026-06-23
BR-A,CAKE-022,Orange Chiffon Cake,16,2026-06-29
BR-A,CAKE-023,Pistachio Cake,1,2026-06-10
BR-A,CAKE-023,Pistachio Cake,1,2026-06-14
BR-A,CAKE-023,Pistachio Cake,3,2026-06-15
BR-A,CAKE-023,Pistachio Cake,1,2026-06-21
BR-A,CAKE-023,Pistachio Cake,6,2026-06-24
BR-A,CAKE-024,Tres Leches Cake,29,2026-06-03
BR-A,CAKE-025,Honey Cake,6,2026-06-04
BR-A,CAKE-025,Honey Cake,1,2026-06-08
BR-A,CAKE-025,Honey Cake,7,2026-06-20
BR-A,CAKE-025,Honey Cake,4,2026-06-30
BR-A,CAKE-026,Coffee Cake,7,2026-06-21
BR-A,CAKE-026,Coffee Cake,8,2026-06-22
BR-A,CAKE-026,Coffee Cake,3,2026-06-27
BR-A,CAKE-027,Fruit Gateau,13,2026-06-12
BR-A,CAKE-027,Fruit Gateau,23,2026-06-19
BR-A,CAKE-028,Coconut Macaroon Tray,18,2026-06-25
BR-A,CAKE-029,Lemon Meringue Cake,7,2026-06-07
BR-A,CAKE-029,Lemon Meringue Cake,16,2026-06-08
BR-A,CAKE-030,Truffle Brownie Cake,52,2026-06-02
BR-B,CAKE-001,Chocolate Fudge Cake,67,2026-06-20
BR-B,CAKE-002,Vanilla Sponge Cake,2,2026-06-06
BR-B,CAKE-002,Vanilla Sponge Cake,7,2026-06-11
BR-B,CAKE-002,Vanilla Sponge Cake,10,2026-06-22
BR-B,CAKE-002,Vanilla Sponge Cake,7,2026-06-27
BR-B,CAKE-002,Vanilla Sponge Cake,11,2026-06-29
BR-B,CAKE-003,Red Velvet Cake,17,2026-06-14
BR-B,CAKE-004,Lemon Drizzle Cake,11,2026-06-28
BR-B,CAKE-005,Carrot Cake,11,2026-06-03
BR-B,CAKE-005,Carrot Cake,9,2026-06-13
BR-B,CAKE-006,Black Forest Cake,38,2026-06-19
BR-B,CAKE-007,Strawberry Shortcake,40,2026-06-14
BR-B,CAKE-008,Whole-Wheat Cake,10,2026-06-09
BR-B,CAKE-009,Pineapple Upside-Down Cake,21,2026-06-09
BR-B,CAKE-010,Butter Cake,35,2026-06-04
BR-B,CAKE-011,German Chocolate Cake,26,2026-06-27
BR-B,CAKE-012,Tiramisu Cake,5,2026-06-20
BR-B,CAKE-012,Tiramisu Cake,26,2026-06-21
BR-B,CAKE-013,Cheesecake,5,2026-06-02
BR-B,CAKE-013,Cheesecake,21,2026-06-08
BR-B,CAKE-013,Cheesecake,10,2026-06-26
BR-B,CAKE-013,Cheesecake,5,2026-06-27
BR-B,CAKE-014,Banana Walnut Cake,8,2026-06-01
BR-B,CAKE-014,Banana Walnut Cake,1,2026-06-12
BR-B,CAKE-014,Banana Walnut Cake,11,2026-06-19
BR-B,CAKE-015,Apple Cinnamon Cake,7,2026-06-10
BR-B,CAKE-015,Apple Cinnamon Cake,5,2026-06-13
BR-B,CAKE-016,Coconut Cake,18,2026-06-11
BR-B,CAKE-017,Marble Cake,24,2026-06-18
BR-B,CAKE-019,Blueberry Muffin Tray,31,2026-06-15
BR-B,CAKE-020,Almond Gateau,13,2026-06-02
BR-B,CAKE-020,Almond Gateau,7,2026-06-17
BR-B,CAKE-021,Hazelnut Praline Cake,12,2026-06-22
BR-B,CAKE-021,Hazelnut Praline Cake,6,2026-06-25
BR-B,CAKE-022,Orange Chiffon Cake,15,2026-06-07
BR-B,CAKE-022,Orange Chiffon Cake,1,2026-06-18
BR-B,CAKE-022,Orange Chiffon Cake,6,2026-06-22
BR-B,CAKE-023,Pistachio Cake,4,2026-06-02
BR-B,CAKE-023,Pistachio Cake,2,2026-06-08
BR-B,CAKE-023,Pistachio Cake,1,2026-06-13
BR-B,CAKE-023,Pistachio Cake,2,2026-06-27
BR-B,CAKE-024,Tres Leches Cake,22,2026-06-19
BR-B,CAKE-025,Honey Cake,6,2026-06-15
BR-B,CAKE-025,Honey Cake,7,2026-06-23
BR-B,CAKE-025,Honey Cake,2,2026-06-28
BR-B,CAKE-026,Coffee Cake,14,2026-06-22
BR-B,CAKE-027,Fruit Gateau,27,2026-06-30
BR-B,CAKE-028,Coconut Macaroon Tray,12,2026-06-16
BR-B,CAKE-028,Coconut Macaroon Tray,2,2026-06-17
BR-B,CAKE-029,Lemon Meringue Cake,19,2026-06-11
BR-B,CAKE-030,Truffle Brownie Cake,40,2026-06-20
BR-C,CAKE-001,Chocolate Fudge Cake,68,2026-06-16
BR-C,CAKE-002,Vanilla Sponge Cake,37,2026-06-07
BR-C,CAKE-003,Red Velvet Cake,12,2026-06-23
BR-C,CAKE-003,Red Velvet Cake,2,2026-06-24
BR-C,CAKE-003,Red Velvet Cake,3,2026-06-27
BR-C,CAKE-004,Lemon Drizzle Cake,11,2026-06-04
BR-C,CAKE-006,Black Forest Cake,5,2026-06-01
BR-C,CAKE-006,Black Forest Cake,4,2026-06-11
BR-C,CAKE-006,Black Forest Cake,17,2026-06-19
BR-C,CAKE-006,Black Forest Cake,12,2026-06-20
BR-C,CAKE-007,Strawberry Shortcake,2,2026-06-04
BR-C,CAKE-007,Strawberry Shortcake,9,2026-06-15
BR-C,CAKE-007,Strawberry Shortcake,10,2026-06-20
BR-C,CAKE-007,Strawberry Shortcake,20,2026-06-23
BR-C,CAKE-009,Pineapple Upside-Down Cake,5,2026-06-08
BR-C,CAKE-009,Pineapple Upside-Down Cake,4,2026-06-12
BR-C,CAKE-009,Pineapple Upside-Down Cake,11,2026-06-14
BR-C,CAKE-009,Pineapple Upside-Down Cake,1,2026-06-23
BR-C,CAKE-010,Butter Cake,16,2026-06-02
BR-C,CAKE-010,Butter Cake,19,2026-06-13
BR-C,CAKE-011,German Chocolate Cake,10,2026-06-11
BR-C,CAKE-011,German Chocolate Cake,4,2026-06-14
BR-C,CAKE-011,German Chocolate Cake,12,2026-06-24
BR-C,CAKE-012,Tiramisu Cake,10,2026-06-06
BR-C,CAKE-012,Tiramisu Cake,9,2026-06-09
BR-C,CAKE-012,Tiramisu Cake,8,2026-06-12
BR-C,CAKE-012,Tiramisu Cake,5,2026-06-17
BR-C,CAKE-013,Cheesecake,15,2026-06-04
BR-C,CAKE-013,Cheesecake,8,2026-06-15
BR-C,CAKE-013,Cheesecake,19,2026-06-21
BR-C,CAKE-014,Banana Walnut Cake,20,2026-06-26
BR-C,CAKE-015,Apple Cinnamon Cake,13,2026-06-21
BR-C,CAKE-016,Coconut Cake,1,2026-06-13
BR-C,CAKE-016,Coconut Cake,18,2026-06-15
BR-C,CAKE-017,Marble Cake,1,2026-06-06
BR-C,CAKE-017,Marble Cake,6,2026-06-08
BR-C,CAKE-017,Marble Cake,13,2026-06-21
BR-C,CAKE-017,Marble Cake,4,2026-06-30
BR-C,CAKE-018,Mango Mousse Cake,36,2026-06-22
BR-C,CAKE-019,Blueberry Muffin Tray,13,2026-06-11
BR-C,CAKE-019,Blueberry Muffin Tray,19,2026-06-14
BR-C,CAKE-020,Almond Gateau,2,2026-06-03
BR-C,CAKE-020,Almond Gateau,18,2026-06-24
BR-C,CAKE-021,Hazelnut Praline Cake,4,2026-06-02
BR-C,CAKE-021,Hazelnut Praline Cake,5,2026-06-08
BR-C,CAKE-021,Hazelnut Praline Cake,9,2026-06-19
BR-C,CAKE-022,Orange Chiffon Cake,2,2026-06-02
BR-C,CAKE-022,Orange Chiffon Cake,19,2026-06-22
BR-C,CAKE-023,Pistachio Cake,9,2026-06-15
BR-C,CAKE-024,Tres Leches Cake,4,2026-06-09
BR-C,CAKE-024,Tres Leches Cake,18,2026-06-25
BR-C,CAKE-025,Honey Cake,12,2026-06-02
BR-C,CAKE-025,Honey Cake,2,2026-06-26
BR-C,CAKE-026,Coffee Cake,14,2026-06-25
BR-C,CAKE-027,Fruit Gateau,29,2026-06-02
BR-C,CAKE-028,Coconut Macaroon Tray,13,2026-06-13
BR-C,CAKE-029,Lemon Meringue Cake,11,2026-06-07
BR-C,CAKE-029,Lemon Meringue Cake,2,2026-06-09
BR-C,CAKE-029,Lemon Meringue Cake,6,2026-06-13
BR-C,CAKE-030,Truffle Brownie Cake,20,2026-06-04
BR-C,CAKE-030,Truffle Brownie Cake,3,2026-06-06
BR-C,CAKE-030,Truffle Brownie Cake,1,2026-06-15
BR-C,CAKE-030,Truffle Brownie Cake,17,2026-06-16
BR-D,CAKE-001,Chocolate Fudge Cake,4,2026-06-03
BR-D,CAKE-001,Chocolate Fudge Cake,23,2026-06-06
BR-D,CAKE-001,Chocolate Fudge Cake,5,2026-06-11
BR-D,CAKE-001,Chocolate Fudge Cake,24,2026-06-14
BR-D,CAKE-001,Chocolate Fudge Cake,4,2026-06-26
BR-D,CAKE-002,Vanilla Sponge Cake,4,2026-06-12
BR-D,CAKE-002,Vanilla Sponge Cake,3,2026-06-17
BR-D,CAKE-002,Vanilla Sponge Cake,15,2026-06-22
BR-D,CAKE-002,Vanilla Sponge Cake,3,2026-06-28
BR-D,CAKE-002,Vanilla Sponge Cake,7,2026-06-30
BR-D,CAKE-003,Red Velvet Cake,7,2026-06-19
BR-D,CAKE-003,Red Velvet Cake,8,2026-06-20
BR-D,CAKE-004,Lemon Drizzle Cake,2,2026-06-10
BR-D,CAKE-004,Lemon Drizzle Cake,8,2026-06-24
BR-D,CAKE-006,Black Forest Cake,33,2026-06-03
BR-D,CAKE-008,Whole-Wheat Cake,1,2026-06-07
BR-D,CAKE-008,Whole-Wheat Cake,8,2026-06-27
BR-D,CAKE-009,Pineapple Upside-Down Cake,18,2026-06-23
BR-D,CAKE-010,Butter Cake,31,2026-06-12
BR-D,CAKE-011,German Chocolate Cake,17,2026-06-24
BR-D,CAKE-011,German Chocolate Cake,7,2026-06-28
BR-D,CAKE-012,Tiramisu Cake,27,2026-06-08
BR-D,CAKE-013,Cheesecake,37,2026-06-16
BR-D,CAKE-014,Banana Walnut Cake,3,2026-06-05
BR-D,CAKE-014,Banana Walnut Cake,3,2026-06-06
BR-D,CAKE-014,Banana Walnut Cake,2,2026-06-08
BR-D,CAKE-014,Banana Walnut Cake,9,2026-06-10
BR-D,CAKE-015,Apple Cinnamon Cake,7,2026-06-21
BR-D,CAKE-015,Apple Cinnamon Cake,4,2026-06-26
BR-D,CAKE-016,Coconut Cake,5,2026-06-04
BR-D,CAKE-016,Coconut Cake,11,2026-06-22
BR-D,CAKE-017,Marble Cake,21,2026-06-15
BR-D,CAKE-018,Mango Mousse Cake,3,2026-06-01
BR-D,CAKE-018,Mango Mousse Cake,4,2026-06-09
BR-D,CAKE-018,Mango Mousse Cake,24,2026-06-27
BR-D,CAKE-019,Blueberry Muffin Tray,6,2026-06-18
BR-D,CAKE-019,Blueberry Muffin Tray,22,2026-06-21
BR-D,CAKE-020,Almond Gateau,1,2026-06-15
BR-D,CAKE-020,Almond Gateau,13,2026-06-21
BR-D,CAKE-020,Almond Gateau,1,2026-06-25
BR-D,CAKE-020,Almond Gateau,2,2026-06-27
BR-D,CAKE-021,Hazelnut Praline Cake,5,2026-06-10
BR-D,CAKE-021,Hazelnut Praline Cake,10,2026-06-16
BR-D,CAKE-022,Orange Chiffon Cake,18,2026-06-06
BR-D,CAKE-023,Pistachio Cake,1,2026-06-02
BR-D,CAKE-023,Pistachio Cake,1,2026-06-13
BR-D,CAKE-023,Pistachio Cake,1,2026-06-17
BR-D,CAKE-023,Pistachio Cake,1,2026-06-18
BR-D,CAKE-023,Pistachio Cake,4,2026-06-25
BR-D,CAKE-024,Tres Leches Cake,11,2026-06-09
BR-D,CAKE-024,Tres Leches Cake,7,2026-06-19
BR-D,CAKE-024,Tres Leches Cake,1,2026-06-27
BR-D,CAKE-025,Honey Cake,13,2026-06-24
BR-D,CAKE-026,Coffee Cake,12,2026-06-25
BR-D,CAKE-027,Fruit Gateau,8,2026-06-06
BR-D,CAKE-027,Fruit Gateau,17,2026-06-15
BR-D,CAKE-028,Coconut Macaroon Tray,7,2026-06-17
BR-D,CAKE-028,Coconut Macaroon Tray,2,2026-06-20
BR-D,CAKE-028,Coconut Macaroon Tray,1,2026-06-27
BR-D,CAKE-028,Coconut Macaroon Tray,2,2026-06-30
BR-D,CAKE-029,Lemon Meringue Cake,4,2026-06-14
BR-D,CAKE-029,Lemon Meringue Cake,3,2026-06-19
BR-D,CAKE-029,Lemon Meringue Cake,9,2026-06-20
BR-E,CAKE-001,Chocolate Fudge Cake,39,2026-06-09
BR-E,CAKE-001,Chocolate Fudge Cake,1,2026-06-10
BR-E,CAKE-001,Chocolate Fudge Cake,4,2026-06-22
BR-E,CAKE-001,Chocolate Fudge Cake,5,2026-06-28
BR-E,CAKE-002,Vanilla Sponge Cake,26,2026-06-01
BR-E,CAKE-003,Red Velvet Cake,4,2026-06-03
BR-E,CAKE-003,Red Velvet Cake,8,2026-06-08
BR-E,CAKE-004,Lemon Drizzle Cake,3,2026-06-01
BR-E,CAKE-004,Lemon Drizzle Cake,1,2026-06-11
BR-E,CAKE-004,Lemon Drizzle Cake,3,2026-06-27
BR-E,CAKE-004,Lemon Drizzle Cake,1,2026-06-28
BR-E,CAKE-005,Carrot Cake,14,2026-06-18
BR-E,CAKE-006,Black Forest Cake,3,2026-06-10
BR-E,CAKE-006,Black Forest Cake,10,2026-06-18
BR-E,CAKE-006,Black Forest Cake,4,2026-06-24
BR-E,CAKE-006,Black Forest Cake,9,2026-06-28
BR-E,CAKE-007,Strawberry Shortcake,4,2026-06-08
BR-E,CAKE-007,Strawberry Shortcake,25,2026-06-17
BR-E,CAKE-008,Whole-Wheat Cake,7,2026-06-18
BR-E,CAKE-009,Pineapple Upside-Down Cake,3,2026-06-07
BR-E,CAKE-009,Pineapple Upside-Down Cake,12,2026-06-12
BR-E,CAKE-010,Butter Cake,5,2026-06-21
BR-E,CAKE-010,Butter Cake,20,2026-06-27
BR-E,CAKE-011,German Chocolate Cake,19,2026-06-04
BR-E,CAKE-012,Tiramisu Cake,15,2026-06-11
BR-E,CAKE-012,Tiramisu Cake,7,2026-06-12
BR-E,CAKE-013,Cheesecake,22,2026-06-12
BR-E,CAKE-013,Cheesecake,8,2026-06-23
BR-E,CAKE-014,Banana Walnut Cake,3,2026-06-01
BR-E,CAKE-014,Banana Walnut Cake,1,2026-06-05
BR-E,CAKE-014,Banana Walnut Cake,4,2026-06-08
BR-E,CAKE-014,Banana Walnut Cake,5,2026-06-22
BR-E,CAKE-014,Banana Walnut Cake,1,2026-06-28
BR-E,CAKE-015,Apple Cinnamon Cake,6,2026-06-02
BR-E,CAKE-015,Apple Cinnamon Cake,3,2026-06-24
BR-E,CAKE-016,Coconut Cake,8,2026-06-04
BR-E,CAKE-016,Coconut Cake,1,2026-06-12
BR-E,CAKE-016,Coconut Cake,4,2026-06-14
BR-E,CAKE-017,Marble Cake,4,2026-06-12
BR-E,CAKE-017,Marble Cake,13,2026-06-22
BR-E,CAKE-018,Mango Mousse Cake,15,2026-06-08
BR-E,CAKE-018,Mango Mousse Cake,10,2026-06-17
BR-E,CAKE-019,Blueberry Muffin Tray,2,2026-06-04
BR-E,CAKE-019,Blueberry Muffin Tray,14,2026-06-14
BR-E,CAKE-019,Blueberry Muffin Tray,6,2026-06-20
BR-E,CAKE-019,Blueberry Muffin Tray,1,2026-06-29
BR-E,CAKE-020,Almond Gateau,14,2026-06-10
BR-E,CAKE-021,Hazelnut Praline Cake,12,2026-06-29
BR-E,CAKE-022,Orange Chiffon Cake,1,2026-06-18
BR-E,CAKE-022,Orange Chiffon Cake,4,2026-06-24
BR-E,CAKE-022,Orange Chiffon Cake,8,2026-06-25
BR-E,CAKE-022,Orange Chiffon Cake,2,2026-06-26
BR-E,CAKE-023,Pistachio Cake,2,2026-06-02
BR-E,CAKE-023,Pistachio Cake,3,2026-06-12
BR-E,CAKE-023,Pistachio Cake,1,2026-06-20
BR-E,CAKE-023,Pistachio Cake,1,2026-06-30
BR-E,CAKE-024,Tres Leches Cake,16,2026-06-16
BR-E,CAKE-025,Honey Cake,4,2026-06-10
BR-E,CAKE-025,Honey Cake,6,2026-06-24
BR-E,CAKE-026,Coffee Cake,10,2026-06-09
BR-E,CAKE-027,Fruit Gateau,7,2026-06-02
BR-E,CAKE-027,Fruit Gateau,13,2026-06-23
BR-E,CAKE-028,Coconut Macaroon Tray,10,2026-06-17
BR-E,CAKE-029,Lemon Meringue Cake,1,2026-06-02
BR-E,CAKE-029,Lemon Meringue Cake,7,2026-06-06
BR-E,CAKE-029,Lemon Meringue Cake,5,2026-06-23
BR-E,CAKE-030,Truffle Brownie Cake,7,2026-06-07
BR-E,CAKE-030,Truffle Brownie Cake,9,2026-06-14
BR-E,CAKE-030,Truffle Brownie Cake,3,2026-06-16
BR-E,CAKE-030,Truffle Brownie Cake,10,2026-06-25
BR-F,CAKE-001,Chocolate Fudge Cake,41,2026-06-21
BR-F,CAKE-002,Vanilla Sponge Cake,23,2026-06-02
BR-F,CAKE-004,Lemon Drizzle Cake,7,2026-06-03
BR-F,CAKE-005,Carrot Cake,12,2026-06-26
BR-F,CAKE-006,Black Forest Cake,19,2026-06-12
BR-F,CAKE-006,Black Forest Cake,3,2026-06-21
BR-F,CAKE-007,Strawberry Shortcake,25,2026-06-27
BR-F,CAKE-008,Whole-Wheat Cake,1,2026-06-23
BR-F,CAKE-008,Whole-Wheat Cake,1,2026-06-24
BR-F,CAKE-008,Whole-Wheat Cake,4,2026-06-29
BR-F,CAKE-009,Pineapple Upside-Down Cake,13,2026-06-26
BR-F,CAKE-010,Butter Cake,9,2026-06-07
BR-F,CAKE-010,Butter Cake,8,2026-06-11
BR-F,CAKE-010,Butter Cake,4,2026-06-20
BR-F,CAKE-011,German Chocolate Cake,16,2026-06-27
BR-F,CAKE-012,Tiramisu Cake,19,2026-06-27
BR-F,CAKE-013,Cheesecake,2,2026-06-09
BR-F,CAKE-013,Cheesecake,13,2026-06-20
BR-F,CAKE-013,Cheesecake,10,2026-06-29
BR-F,CAKE-015,Apple Cinnamon Cake,5,2026-06-07
BR-F,CAKE-015,Apple Cinnamon Cake,2,2026-06-25
BR-F,CAKE-016,Coconut Cake,8,2026-06-08
BR-F,CAKE-016,Coconut Cake,3,2026-06-18
BR-F,CAKE-017,Marble Cake,1,2026-06-04
BR-F,CAKE-017,Marble Cake,4,2026-06-11
BR-F,CAKE-017,Marble Cake,5,2026-06-12
BR-F,CAKE-017,Marble Cake,3,2026-06-25
BR-F,CAKE-017,Marble Cake,1,2026-06-26
BR-F,CAKE-018,Mango Mousse Cake,6,2026-06-09
BR-F,CAKE-018,Mango Mousse Cake,15,2026-06-26
BR-F,CAKE-019,Blueberry Muffin Tray,9,2026-06-16
BR-F,CAKE-019,Blueberry Muffin Tray,2,2026-06-29
BR-F,CAKE-019,Blueberry Muffin Tray,8,2026-06-30
BR-F,CAKE-020,Almond Gateau,12,2026-06-15
BR-F,CAKE-021,Hazelnut Praline Cake,5,2026-06-01
BR-F,CAKE-021,Hazelnut Praline Cake,6,2026-06-30
BR-F,CAKE-022,Orange Chiffon Cake,6,2026-06-10
BR-F,CAKE-022,Orange Chiffon Cake,1,2026-06-21
BR-F,CAKE-022,Orange Chiffon Cake,6,2026-06-22
BR-F,CAKE-023,Pistachio Cake,5,2026-06-18
BR-F,CAKE-024,Tres Leches Cake,9,2026-06-13
BR-F,CAKE-024,Tres Leches Cake,4,2026-06-26
BR-F,CAKE-025,Honey Cake,3,2026-06-14
BR-F,CAKE-025,Honey Cake,6,2026-06-22
BR-F,CAKE-027,Fruit Gateau,7,2026-06-02
BR-F,CAKE-027,Fruit Gateau,10,2026-06-27
BR-F,CAKE-028,Coconut Macaroon Tray,2,2026-06-10
BR-F,CAKE-028,Coconut Macaroon Tray,1,2026-06-11
BR-F,CAKE-028,Coconut Macaroon Tray,4,2026-06-22
BR-F,CAKE-028,Coconut Macaroon Tray,1,2026-06-25
BR-F,CAKE-029,Lemon Meringue Cake,3,2026-06-14
BR-F,CAKE-029,Lemon Meringue Cake,8,2026-06-25
BR-F,CAKE-030,Truffle Brownie Cake,18,2026-06-21
BR-F,CAKE-030,Truffle Brownie Cake,7,2026-06-24
BR-G,CAKE-001,Chocolate Fudge Cake,16,2026-06-14
BR-G,CAKE-001,Chocolate Fudge Cake,27,2026-06-24
BR-G,CAKE-002,Vanilla Sponge Cake,18,2026-06-07
BR-G,CAKE-002,Vanilla Sponge Cake,4,2026-06-27
BR-G,CAKE-002,Vanilla Sponge Cake,1,2026-06-30
BR-G,CAKE-003,Red Velvet Cake,11,2026-06-13
BR-G,CAKE-004,Lemon Drizzle Cake,7,2026-06-25
BR-G,CAKE-005,Carrot Cake,12,2026-06-25
BR-G,CAKE-006,Black Forest Cake,23,2026-06-22
BR-G,CAKE-007,Strawberry Shortcake,16,2026-06-01
BR-G,CAKE-007,Strawberry Shortcake,10,2026-06-19
BR-G,CAKE-008,Whole-Wheat Cake,5,2026-06-14
BR-G,CAKE-008,Whole-Wheat Cake,1,2026-06-26
BR-G,CAKE-009,Pineapple Upside-Down Cake,10,2026-06-12
BR-G,CAKE-009,Pineapple Upside-Down Cake,3,2026-06-20
BR-G,CAKE-010,Butter Cake,1,2026-06-06
BR-G,CAKE-010,Butter Cake,13,2026-06-10
BR-G,CAKE-010,Butter Cake,7,2026-06-28
BR-G,CAKE-011,German Chocolate Cake,3,2026-06-12
BR-G,CAKE-011,German Chocolate Cake,11,2026-06-15
BR-G,CAKE-011,German Chocolate Cake,2,2026-06-18
BR-G,CAKE-012,Tiramisu Cake,19,2026-06-08
BR-G,CAKE-013,Cheesecake,9,2026-06-02
BR-G,CAKE-013,Cheesecake,4,2026-06-03
BR-G,CAKE-013,Cheesecake,10,2026-06-15
BR-G,CAKE-013,Cheesecake,2,2026-06-18
BR-G,CAKE-013,Cheesecake,1,2026-06-26
BR-G,CAKE-014,Banana Walnut Cake,12,2026-06-13
BR-G,CAKE-015,Apple Cinnamon Cake,8,2026-06-04
BR-G,CAKE-016,Coconut Cake,11,2026-06-03
BR-G,CAKE-017,Marble Cake,4,2026-06-07
BR-G,CAKE-017,Marble Cake,10,2026-06-08
BR-G,CAKE-018,Mango Mousse Cake,7,2026-06-07
BR-G,CAKE-018,Mango Mousse Cake,15,2026-06-17
BR-G,CAKE-019,Blueberry Muffin Tray,1,2026-06-01
BR-G,CAKE-019,Blueberry Muffin Tray,1,2026-06-05
BR-G,CAKE-019,Blueberry Muffin Tray,1,2026-06-17
BR-G,CAKE-019,Blueberry Muffin Tray,15,2026-06-23
BR-G,CAKE-019,Blueberry Muffin Tray,1,2026-06-28
BR-G,CAKE-020,Almond Gateau,12,2026-06-10
BR-G,CAKE-021,Hazelnut Praline Cake,11,2026-06-11
BR-G,CAKE-022,Orange Chiffon Cake,12,2026-06-18
BR-G,CAKE-022,Orange Chiffon Cake,1,2026-06-27
BR-G,CAKE-023,Pistachio Cake,6,2026-06-02
BR-G,CAKE-024,Tres Leches Cake,13,2026-06-19
BR-G,CAKE-025,Honey Cake,7,2026-06-03
BR-G,CAKE-025,Honey Cake,1,2026-06-08
BR-G,CAKE-025,Honey Cake,1,2026-06-09
BR-G,CAKE-026,Coffee Cake,8,2026-06-13
BR-G,CAKE-026,Coffee Cake,1,2026-06-17
BR-G,CAKE-027,Fruit Gateau,17,2026-06-23
BR-G,CAKE-028,Coconut Macaroon Tray,6,2026-06-22
BR-G,CAKE-028,Coconut Macaroon Tray,2,2026-06-24
BR-G,CAKE-029,Lemon Meringue Cake,11,2026-06-19
BR-G,CAKE-030,Truffle Brownie Cake,26,2026-06-13
BR-H,CAKE-001,Chocolate Fudge Cake,2,2026-06-12
BR-H,CAKE-001,Chocolate Fudge Cake,12,2026-06-18
BR-H,CAKE-001,Chocolate Fudge Cake,6,2026-06-23
BR-H,CAKE-001,Chocolate Fudge Cake,18,2026-06-29
BR-H,CAKE-002,Vanilla Sponge Cake,1,2026-06-10
BR-H,CAKE-002,Vanilla Sponge Cake,15,2026-06-13
BR-H,CAKE-002,Vanilla Sponge Cake,5,2026-06-23
BR-H,CAKE-003,Red Velvet Cake,10,2026-06-26
BR-H,CAKE-004,Lemon Drizzle Cake,6,2026-06-24
BR-H,CAKE-005,Carrot Cake,11,2026-06-27
BR-H,CAKE-006,Black Forest Cake,22,2026-06-08
BR-H,CAKE-007,Strawberry Shortcake,4,2026-06-01
BR-H,CAKE-007,Strawberry Shortcake,19,2026-06-09
BR-H,CAKE-008,Whole-Wheat Cake,6,2026-06-15
BR-H,CAKE-009,Pineapple Upside-Down Cake,10,2026-06-18
BR-H,CAKE-009,Pineapple Upside-Down Cake,1,2026-06-23
BR-H,CAKE-011,German Chocolate Cake,14,2026-06-17
BR-H,CAKE-012,Tiramisu Cake,6,2026-06-03
BR-H,CAKE-012,Tiramisu Cake,5,2026-06-10
BR-H,CAKE-012,Tiramisu Cake,7,2026-06-22
BR-H,CAKE-013,Cheesecake,23,2026-06-10
BR-H,CAKE-014,Banana Walnut Cake,6,2026-06-20
BR-H,CAKE-014,Banana Walnut Cake,5,2026-06-29
BR-H,CAKE-016,Coconut Cake,6,2026-06-23
BR-H,CAKE-016,Coconut Cake,4,2026-06-29
BR-H,CAKE-017,Marble Cake,5,2026-06-13
BR-H,CAKE-017,Marble Cake,8,2026-06-23
BR-H,CAKE-018,Mango Mousse Cake,20,2026-06-28
BR-H,CAKE-019,Blueberry Muffin Tray,7,2026-06-03
BR-H,CAKE-019,Blueberry Muffin Tray,2,2026-06-06
BR-H,CAKE-019,Blueberry Muffin Tray,7,2026-06-11
BR-H,CAKE-019,Blueberry Muffin Tray,2,2026-06-23
BR-H,CAKE-020,Almond Gateau,11,2026-06-08
BR-H,CAKE-021,Hazelnut Praline Cake,1,2026-06-13
BR-H,CAKE-021,Hazelnut Praline Cake,9,2026-06-14
BR-H,CAKE-022,Orange Chiffon Cake,12,2026-06-16
BR-H,CAKE-023,Pistachio Cake,1,2026-06-04
BR-H,CAKE-023,Pistachio Cake,4,2026-06-22
BR-H,CAKE-024,Tres Leches Cake,12,2026-06-10
BR-H,CAKE-025,Honey Cake,2,2026-06-03
BR-H,CAKE-025,Honey Cake,3,2026-06-08
BR-H,CAKE-025,Honey Cake,3,2026-06-13
BR-H,CAKE-026,Coffee Cake,6,2026-06-09
BR-H,CAKE-026,Coffee Cake,1,2026-06-21
BR-H,CAKE-027,Fruit Gateau,15,2026-06-16
BR-H,CAKE-028,Coconut Macaroon Tray,8,2026-06-16
BR-H,CAKE-029,Lemon Meringue Cake,3,2026-06-05
BR-H,CAKE-029,Lemon Meringue Cake,6,2026-06-27
BR-H,CAKE-029,Lemon Meringue Cake,1,2026-06-28
BR-H,CAKE-030,Truffle Brownie Cake,23,2026-06-02
BR-I,CAKE-001,Chocolate Fudge Cake,12,2026-06-17
BR-I,CAKE-001,Chocolate Fudge Cake,21,2026-06-20
BR-I,CAKE-002,Vanilla Sponge Cake,18,2026-06-15
BR-I,CAKE-003,Red Velvet Cake,8,2026-06-04
BR-I,CAKE-004,Lemon Drizzle Cake,2,2026-06-16
BR-I,CAKE-004,Lemon Drizzle Cake,3,2026-06-29
BR-I,CAKE-005,Carrot Cake,10,2026-06-03
BR-I,CAKE-006,Black Forest Cake,19,2026-06-08
BR-I,CAKE-007,Strawberry Shortcake,20,2026-06-25
BR-I,CAKE-008,Whole-Wheat Cake,5,2026-06-03
BR-I,CAKE-009,Pineapple Upside-Down Cake,4,2026-06-17
BR-I,CAKE-009,Pineapple Upside-Down Cake,6,2026-06-19
BR-I,CAKE-010,Butter Cake,17,2026-06-21
BR-I,CAKE-011,German Chocolate Cake,4,2026-06-05
BR-I,CAKE-011,German Chocolate Cake,8,2026-06-14
BR-I,CAKE-012,Tiramisu Cake,10,2026-06-02
BR-I,CAKE-012,Tiramisu Cake,2,2026-06-23
BR-I,CAKE-012,Tiramisu Cake,3,2026-06-24
BR-I,CAKE-013,Cheesecake,20,2026-06-26
BR-I,CAKE-014,Banana Walnut Cake,10,2026-06-30
BR-I,CAKE-015,Apple Cinnamon Cake,6,2026-06-17
BR-I,CAKE-016,Coconut Cake,3,2026-06-08
BR-I,CAKE-016,Coconut Cake,6,2026-06-13
BR-I,CAKE-017,Marble Cake,8,2026-06-04
BR-I,CAKE-017,Marble Cake,3,2026-06-30
BR-I,CAKE-018,Mango Mousse Cake,10,2026-06-02
BR-I,CAKE-018,Mango Mousse Cake,2,2026-06-06
BR-I,CAKE-018,Mango Mousse Cake,6,2026-06-29
BR-I,CAKE-019,Blueberry Muffin Tray,8,2026-06-07
BR-I,CAKE-019,Blueberry Muffin Tray,5,2026-06-13
BR-I,CAKE-019,Blueberry Muffin Tray,2,2026-06-21
BR-I,CAKE-020,Almond Gateau,10,2026-06-07
BR-I,CAKE-021,Hazelnut Praline Cake,5,2026-06-07
BR-I,CAKE-021,Hazelnut Praline Cake,1,2026-06-16
BR-I,CAKE-021,Hazelnut Praline Cake,3,2026-06-27
BR-I,CAKE-022,Orange Chiffon Cake,10,2026-06-08
BR-I,CAKE-023,Pistachio Cake,5,2026-06-02
BR-I,CAKE-024,Tres Leches Cake,10,2026-06-18
BR-I,CAKE-025,Honey Cake,2,2026-06-06
BR-I,CAKE-025,Honey Cake,1,2026-06-13
BR-I,CAKE-025,Honey Cake,2,2026-06-16
BR-I,CAKE-025,Honey Cake,1,2026-06-25
BR-I,CAKE-025,Honey Cake,1,2026-06-26
BR-I,CAKE-026,Coffee Cake,2,2026-06-02
BR-I,CAKE-026,Coffee Cake,2,2026-06-11
BR-I,CAKE-026,Coffee Cake,1,2026-06-18
BR-I,CAKE-026,Coffee Cake,1,2026-06-24
BR-I,CAKE-027,Fruit Gateau,13,2026-06-10
BR-I,CAKE-028,Coconut Macaroon Tray,1,2026-06-01
BR-I,CAKE-028,Coconut Macaroon Tray,6,2026-06-06
BR-I,CAKE-029,Lemon Meringue Cake,9,2026-06-17
BR-I,CAKE-030,Truffle Brownie Cake,7,2026-06-11
BR-I,CAKE-030,Truffle Brownie Cake,13,2026-06-27
BR-J,CAKE-001,Chocolate Fudge Cake,18,2026-06-06
BR-J,CAKE-001,Chocolate Fudge Cake,4,2026-06-12
BR-J,CAKE-001,Chocolate Fudge Cake,9,2026-06-20
BR-J,CAKE-002,Vanilla Sponge Cake,17,2026-06-19
BR-J,CAKE-003,Red Velvet Cake,1,2026-06-03
BR-J,CAKE-003,Red Velvet Cake,4,2026-06-06
BR-J,CAKE-003,Red Velvet Cake,1,2026-06-07
BR-J,CAKE-003,Red Velvet Cake,1,2026-06-08
BR-J,CAKE-003,Red Velvet Cake,1,2026-06-14
BR-J,CAKE-004,Lemon Drizzle Cake,1,2026-06-02
BR-J,CAKE-004,Lemon Drizzle Cake,1,2026-06-15
BR-J,CAKE-004,Lemon Drizzle Cake,1,2026-06-18
BR-J,CAKE-004,Lemon Drizzle Cake,2,2026-06-28
BR-J,CAKE-005,Carrot Cake,2,2026-06-07
BR-J,CAKE-005,Carrot Cake,5,2026-06-08
BR-J,CAKE-005,Carrot Cake,2,2026-06-21
BR-J,CAKE-006,Black Forest Cake,5,2026-06-06
BR-J,CAKE-006,Black Forest Cake,13,2026-06-11
BR-J,CAKE-007,Strawberry Shortcake,2,2026-06-04
BR-J,CAKE-007,Strawberry Shortcake,4,2026-06-08
BR-J,CAKE-007,Strawberry Shortcake,13,2026-06-20
BR-J,CAKE-008,Whole-Wheat Cake,4,2026-06-10
BR-J,CAKE-008,Whole-Wheat Cake,1,2026-06-26
BR-J,CAKE-010,Butter Cake,11,2026-06-01
BR-J,CAKE-010,Butter Cake,5,2026-06-09
BR-J,CAKE-011,German Chocolate Cake,8,2026-06-02
BR-J,CAKE-011,German Chocolate Cake,4,2026-06-13
BR-J,CAKE-012,Tiramisu Cake,14,2026-06-19
BR-J,CAKE-013,Cheesecake,19,2026-06-06
BR-J,CAKE-014,Banana Walnut Cake,9,2026-06-26
BR-J,CAKE-015,Apple Cinnamon Cake,6,2026-06-22
BR-J,CAKE-016,Coconut Cake,1,2026-06-08
BR-J,CAKE-016,Coconut Cake,1,2026-06-16
BR-J,CAKE-016,Coconut Cake,1,2026-06-19
BR-J,CAKE-016,Coconut Cake,3,2026-06-21
BR-J,CAKE-016,Coconut Cake,2,2026-06-23
BR-J,CAKE-017,Marble Cake,1,2026-06-19
BR-J,CAKE-017,Marble Cake,5,2026-06-26
BR-J,CAKE-017,Marble Cake,5,2026-06-28
BR-J,CAKE-018,Mango Mousse Cake,6,2026-06-07
BR-J,CAKE-018,Mango Mousse Cake,2,2026-06-14
BR-J,CAKE-018,Mango Mousse Cake,4,2026-06-24
BR-J,CAKE-018,Mango Mousse Cake,2,2026-06-25
BR-J,CAKE-018,Mango Mousse Cake,3,2026-06-28
BR-J,CAKE-019,Blueberry Muffin Tray,4,2026-06-21
BR-J,CAKE-019,Blueberry Muffin Tray,10,2026-06-29
BR-J,CAKE-020,Almond Gateau,1,2026-06-09
BR-J,CAKE-020,Almond Gateau,3,2026-06-27
BR-J,CAKE-020,Almond Gateau,5,2026-06-28
BR-J,CAKE-021,Hazelnut Praline Cake,8,2026-06-25
BR-J,CAKE-023,Pistachio Cake,1,2026-06-10
BR-J,CAKE-023,Pistachio Cake,1,2026-06-14
BR-J,CAKE-023,Pistachio Cake,2,2026-06-27
BR-J,CAKE-024,Tres Leches Cake,5,2026-06-01
BR-J,CAKE-024,Tres Leches Cake,1,2026-06-03
BR-J,CAKE-024,Tres Leches Cake,4,2026-06-24
BR-J,CAKE-025,Honey Cake,6,2026-06-23
BR-J,CAKE-026,Coffee Cake,1,2026-06-01
BR-J,CAKE-026,Coffee Cake,1,2026-06-13
BR-J,CAKE-026,Coffee Cake,2,2026-06-25
BR-J,CAKE-026,Coffee Cake,2,2026-06-28
BR-J,CAKE-027,Fruit Gateau,1,2026-06-07
BR-J,CAKE-027,Fruit Gateau,1,2026-06-13
BR-J,CAKE-027,Fruit Gateau,1,2026-06-18
BR-J,CAKE-027,Fruit Gateau,4,2026-06-23
BR-J,CAKE-027,Fruit Gateau,6,2026-06-26
BR-J,CAKE-028,Coconut Macaroon Tray,1,2026-06-23
BR-J,CAKE-028,Coconut Macaroon Tray,5,2026-06-24
BR-J,CAKE-029,Lemon Meringue Cake,8,2026-06-11
BR-K,CAKE-001,Chocolate Fudge Cake,28,2026-06-07
BR-K,CAKE-002,Vanilla Sponge Cake,2,2026-06-10
BR-K,CAKE-002,Vanilla Sponge Cake,10,2026-06-25
BR-K,CAKE-002,Vanilla Sponge Cake,3,2026-06-26
BR-K,CAKE-003,Red Velvet Cake,7,2026-06-19
BR-K,CAKE-004,Lemon Drizzle Cake,5,2026-06-01
BR-K,CAKE-005,Carrot Cake,2,2026-06-23
BR-K,CAKE-005,Carrot Cake,6,2026-06-26
BR-K,CAKE-006,Black Forest Cake,2,2026-06-08
BR-K,CAKE-006,Black Forest Cake,5,2026-06-09
BR-K,CAKE-006,Black Forest Cake,7,2026-06-17
BR-K,CAKE-006,Black Forest Cake,2,2026-06-26
BR-K,CAKE-007,Strawberry Shortcake,15,2026-06-04
BR-K,CAKE-007,Strawberry Shortcake,1,2026-06-12
BR-K,CAKE-008,Whole-Wheat Cake,1,2026-06-04
BR-K,CAKE-008,Whole-Wheat Cake,1,2026-06-26
BR-K,CAKE-008,Whole-Wheat Cake,1,2026-06-28
BR-K,CAKE-008,Whole-Wheat Cake,1,2026-06-29
BR-K,CAKE-009,Pineapple Upside-Down Cake,1,2026-06-10
BR-K,CAKE-009,Pineapple Upside-Down Cake,4,2026-06-15
BR-K,CAKE-009,Pineapple Upside-Down Cake,3,2026-06-21
BR-K,CAKE-010,Butter Cake,1,2026-06-13
BR-K,CAKE-010,Butter Cake,1,2026-06-19
BR-K,CAKE-010,Butter Cake,3,2026-06-24
BR-K,CAKE-010,Butter Cake,1,2026-06-25
BR-K,CAKE-010,Butter Cake,8,2026-06-29
BR-K,CAKE-011,German Chocolate Cake,11,2026-06-15
BR-K,CAKE-013,Cheesecake,11,2026-06-01
BR-K,CAKE-013,Cheesecake,4,2026-06-06
BR-K,CAKE-013,Cheesecake,2,2026-06-09
BR-K,CAKE-014,Banana Walnut Cake,1,2026-06-02
BR-K,CAKE-014,Banana Walnut Cake,1,2026-06-03
BR-K,CAKE-014,Banana Walnut Cake,4,2026-06-13
BR-K,CAKE-014,Banana Walnut Cake,1,2026-06-19
BR-K,CAKE-014,Banana Walnut Cake,1,2026-06-25
BR-K,CAKE-015,Apple Cinnamon Cake,5,2026-06-23
BR-K,CAKE-016,Coconut Cake,7,2026-06-21
BR-K,CAKE-017,Marble Cake,10,2026-06-29
BR-K,CAKE-018,Mango Mousse Cake,9,2026-06-12
BR-K,CAKE-018,Mango Mousse Cake,6,2026-06-24
BR-K,CAKE-019,Blueberry Muffin Tray,4,2026-06-03
BR-K,CAKE-019,Blueberry Muffin Tray,1,2026-06-07
BR-K,CAKE-019,Blueberry Muffin Tray,8,2026-06-23
BR-K,CAKE-020,Almond Gateau,5,2026-06-08
BR-K,CAKE-020,Almond Gateau,3,2026-06-09
BR-K,CAKE-021,Hazelnut Praline Cake,4,2026-06-03
BR-K,CAKE-021,Hazelnut Praline Cake,3,2026-06-04
BR-K,CAKE-022,Orange Chiffon Cake,1,2026-06-18
BR-K,CAKE-022,Orange Chiffon Cake,2,2026-06-21
BR-K,CAKE-022,Orange Chiffon Cake,2,2026-06-23
BR-K,CAKE-022,Orange Chiffon Cake,4,2026-06-27
BR-K,CAKE-023,Pistachio Cake,1,2026-06-06
BR-K,CAKE-023,Pistachio Cake,1,2026-06-07
BR-K,CAKE-023,Pistachio Cake,1,2026-06-14
BR-K,CAKE-023,Pistachio Cake,1,2026-06-30
BR-K,CAKE-025,Honey Cake,6,2026-06-26
BR-K,CAKE-026,Coffee Cake,2,2026-06-05
BR-K,CAKE-026,Coffee Cake,1,2026-06-07
BR-K,CAKE-026,Coffee Cake,1,2026-06-19
BR-K,CAKE-026,Coffee Cake,1,2026-06-27
BR-K,CAKE-027,Fruit Gateau,1,2026-06-05
BR-K,CAKE-027,Fruit Gateau,3,2026-06-09
BR-K,CAKE-027,Fruit Gateau,7,2026-06-30
BR-K,CAKE-028,Coconut Macaroon Tray,3,2026-06-18
BR-K,CAKE-028,Coconut Macaroon Tray,3,2026-06-23
BR-K,CAKE-029,Lemon Meringue Cake,2,2026-06-01
BR-K,CAKE-029,Lemon Meringue Cake,2,2026-06-14
BR-K,CAKE-029,Lemon Meringue Cake,1,2026-06-15
BR-K,CAKE-029,Lemon Meringue Cake,1,2026-06-19
BR-K,CAKE-029,Lemon Meringue Cake,1,2026-06-25
BR-K,CAKE-030,Truffle Brownie Cake,1,2026-06-04
BR-K,CAKE-030,Truffle Brownie Cake,15,2026-06-13
BR-L,CAKE-001,Chocolate Fudge Cake,3,2026-06-12
BR-L,CAKE-001,Chocolate Fudge Cake,5,2026-06-16
BR-L,CAKE-001,Chocolate Fudge Cake,9,2026-06-20
BR-L,CAKE-001,Chocolate Fudge Cake,2,2026-06-21
BR-L,CAKE-001,Chocolate Fudge Cake,10,2026-06-29
BR-L,CAKE-002,Vanilla Sponge Cake,6,2026-06-03
BR-L,CAKE-002,Vanilla Sponge Cake,8,2026-06-13
BR-L,CAKE-002,Vanilla Sponge Cake,2,2026-06-15
BR-L,CAKE-003,Red Velvet Cake,7,2026-06-20
BR-L,CAKE-004,Lemon Drizzle Cake,1,2026-06-01
BR-L,CAKE-004,Lemon Drizzle Cake,1,2026-06-04
BR-L,CAKE-004,Lemon Drizzle Cake,1,2026-06-12
BR-L,CAKE-004,Lemon Drizzle Cake,1,2026-06-25
BR-L,CAKE-004,Lemon Drizzle Cake,1,2026-06-30
BR-L,CAKE-005,Carrot Cake,8,2026-06-03
BR-L,CAKE-006,Black Forest Cake,17,2026-06-14
BR-L,CAKE-007,Strawberry Shortcake,4,2026-06-04
BR-L,CAKE-007,Strawberry Shortcake,13,2026-06-26
BR-L,CAKE-008,Whole-Wheat Cake,4,2026-06-18
BR-L,CAKE-009,Pineapple Upside-Down Cake,8,2026-06-08
BR-L,CAKE-010,Butter Cake,4,2026-06-05
BR-L,CAKE-010,Butter Cake,5,2026-06-09
BR-L,CAKE-010,Butter Cake,2,2026-06-23
BR-L,CAKE-010,Butter Cake,4,2026-06-26
BR-L,CAKE-011,German Chocolate Cake,5,2026-06-09
BR-L,CAKE-011,German Chocolate Cake,6,2026-06-11
BR-L,CAKE-011,German Chocolate Cake,1,2026-06-17
BR-L,CAKE-012,Tiramisu Cake,14,2026-06-02
BR-L,CAKE-013,Cheesecake,15,2026-06-04
BR-L,CAKE-013,Cheesecake,3,2026-06-19
BR-L,CAKE-014,Banana Walnut Cake,8,2026-06-08
BR-L,CAKE-015,Apple Cinnamon Cake,5,2026-06-14
BR-L,CAKE-016,Coconut Cake,7,2026-06-12
BR-L,CAKE-017,Marble Cake,1,2026-06-05
BR-L,CAKE-017,Marble Cake,2,2026-06-08
BR-L,CAKE-017,Marble Cake,6,2026-06-18
BR-L,CAKE-017,Marble Cake,1,2026-06-22
BR-L,CAKE-018,Mango Mousse Cake,15,2026-06-02
BR-L,CAKE-019,Blueberry Muffin Tray,13,2026-06-06
BR-L,CAKE-019,Blueberry Muffin Tray,1,2026-06-18
BR-L,CAKE-020,Almond Gateau,5,2026-06-01
BR-L,CAKE-020,Almond Gateau,3,2026-06-28
BR-L,CAKE-022,Orange Chiffon Cake,9,2026-06-30
BR-L,CAKE-023,Pistachio Cake,3,2026-06-13
BR-L,CAKE-023,Pistachio Cake,1,2026-06-17
BR-L,CAKE-024,Tres Leches Cake,9,2026-06-03
BR-L,CAKE-025,Honey Cake,6,2026-06-30
BR-L,CAKE-026,Coffee Cake,3,2026-06-21
BR-L,CAKE-026,Coffee Cake,3,2026-06-30
BR-L,CAKE-027,Fruit Gateau,7,2026-06-09
BR-L,CAKE-027,Fruit Gateau,5,2026-06-25
BR-L,CAKE-028,Coconut Macaroon Tray,1,2026-06-10
BR-L,CAKE-028,Coconut Macaroon Tray,4,2026-06-17
BR-L,CAKE-028,Coconut Macaroon Tray,1,2026-06-25
BR-L,CAKE-029,Lemon Meringue Cake,7,2026-06-25
BR-M,CAKE-002,Vanilla Sponge Cake,2,2026-06-10
BR-M,CAKE-002,Vanilla Sponge Cake,4,2026-06-20
BR-M,CAKE-002,Vanilla Sponge Cake,4,2026-06-24
BR-M,CAKE-004,Lemon Drizzle Cake,1,2026-06-08
BR-M,CAKE-004,Lemon Drizzle Cake,1,2026-06-15
BR-M,CAKE-004,Lemon Drizzle Cake,1,2026-06-18
BR-M,CAKE-005,Carrot Cake,6,2026-06-21
BR-M,CAKE-006,Black Forest Cake,10,2026-06-22
BR-M,CAKE-006,Black Forest Cake,1,2026-06-23
BR-M,CAKE-007,Strawberry Shortcake,2,2026-06-12
BR-M,CAKE-007,Strawberry Shortcake,9,2026-06-26
BR-M,CAKE-008,Whole-Wheat Cake,1,2026-06-16
BR-M,CAKE-008,Whole-Wheat Cake,1,2026-06-17
BR-M,CAKE-008,Whole-Wheat Cake,1,2026-06-29
BR-M,CAKE-009,Pineapple Upside-Down Cake,4,2026-06-12
BR-M,CAKE-009,Pineapple Upside-Down Cake,2,2026-06-26
BR-M,CAKE-010,Butter Cake,3,2026-06-13
BR-M,CAKE-010,Butter Cake,3,2026-06-14
BR-M,CAKE-010,Butter Cake,4,2026-06-21
BR-M,CAKE-011,German Chocolate Cake,7,2026-06-03
BR-M,CAKE-011,German Chocolate Cake,1,2026-06-29
BR-M,CAKE-012,Tiramisu Cake,3,2026-06-02
BR-M,CAKE-012,Tiramisu Cake,6,2026-06-17
BR-M,CAKE-012,Tiramisu Cake,1,2026-06-28
BR-M,CAKE-013,Cheesecake,13,2026-06-27
BR-M,CAKE-014,Banana Walnut Cake,3,2026-06-15
BR-M,CAKE-014,Banana Walnut Cake,2,2026-06-17
BR-M,CAKE-014,Banana Walnut Cake,1,2026-06-22
BR-M,CAKE-015,Apple Cinnamon Cake,1,2026-06-12
BR-M,CAKE-015,Apple Cinnamon Cake,3,2026-06-18
BR-M,CAKE-016,Coconut Cake,3,2026-06-05
BR-M,CAKE-016,Coconut Cake,1,2026-06-17
BR-M,CAKE-016,Coconut Cake,1,2026-06-20
BR-M,CAKE-016,Coconut Cake,1,2026-06-28
BR-M,CAKE-017,Marble Cake,2,2026-06-07
BR-M,CAKE-017,Marble Cake,1,2026-06-12
BR-M,CAKE-017,Marble Cake,3,2026-06-20
BR-M,CAKE-017,Marble Cake,1,2026-06-28
BR-M,CAKE-018,Mango Mousse Cake,1,2026-06-01
BR-M,CAKE-018,Mango Mousse Cake,4,2026-06-18
BR-M,CAKE-018,Mango Mousse Cake,5,2026-06-19
BR-M,CAKE-019,Blueberry Muffin Tray,2,2026-06-03
BR-M,CAKE-019,Blueberry Muffin Tray,1,2026-06-05
BR-M,CAKE-019,Blueberry Muffin Tray,4,2026-06-12
BR-M,CAKE-019,Blueberry Muffin Tray,2,2026-06-22
BR-M,CAKE-019,Blueberry Muffin Tray,1,2026-06-25
BR-M,CAKE-020,Almond Gateau,3,2026-06-17
BR-M,CAKE-020,Almond Gateau,3,2026-06-21
BR-M,CAKE-021,Hazelnut Praline Cake,1,2026-06-04
BR-M,CAKE-021,Hazelnut Praline Cake,1,2026-06-12
BR-M,CAKE-021,Hazelnut Praline Cake,3,2026-06-24
BR-M,CAKE-022,Orange Chiffon Cake,2,2026-06-08
BR-M,CAKE-022,Orange Chiffon Cake,1,2026-06-17
BR-M,CAKE-022,Orange Chiffon Cake,3,2026-06-18
BR-M,CAKE-023,Pistachio Cake,2,2026-06-21
BR-M,CAKE-023,Pistachio Cake,1,2026-06-23
BR-M,CAKE-024,Tres Leches Cake,1,2026-06-01
BR-M,CAKE-024,Tres Leches Cake,2,2026-06-15
BR-M,CAKE-024,Tres Leches Cake,3,2026-06-27
BR-M,CAKE-024,Tres Leches Cake,1,2026-06-30
BR-M,CAKE-026,Coffee Cake,3,2026-06-01
BR-M,CAKE-026,Coffee Cake,1,2026-06-09
BR-M,CAKE-027,Fruit Gateau,9,2026-06-04
BR-M,CAKE-028,Coconut Macaroon Tray,4,2026-06-12
BR-M,CAKE-029,Lemon Meringue Cake,6,2026-06-04
BR-M,CAKE-030,Truffle Brownie Cake,11,2026-06-28
BR-N,CAKE-001,Chocolate Fudge Cake,2,2026-06-08
BR-N,CAKE-001,Chocolate Fudge Cake,3,2026-06-13
BR-N,CAKE-001,Chocolate Fudge Cake,15,2026-06-14
BR-N,CAKE-002,Vanilla Sponge Cake,6,2026-06-16
BR-N,CAKE-002,Vanilla Sponge Cake,4,2026-06-28
BR-N,CAKE-003,Red Velvet Cake,5,2026-06-17
BR-N,CAKE-004,Lemon Drizzle Cake,1,2026-06-14
BR-N,CAKE-004,Lemon Drizzle Cake,2,2026-06-15
BR-N,CAKE-005,Carrot Cake,6,2026-06-26
BR-N,CAKE-006,Black Forest Cake,4,2026-06-09
BR-N,CAKE-006,Black Forest Cake,5,2026-06-17
BR-N,CAKE-006,Black Forest Cake,2,2026-06-26
BR-N,CAKE-007,Strawberry Shortcake,11,2026-06-29
BR-N,CAKE-008,Whole-Wheat Cake,1,2026-06-05
BR-N,CAKE-008,Whole-Wheat Cake,1,2026-06-18
BR-N,CAKE-008,Whole-Wheat Cake,1,2026-06-25
BR-N,CAKE-009,Pineapple Upside-Down Cake,2,2026-06-05
BR-N,CAKE-009,Pineapple Upside-Down Cake,1,2026-06-11
BR-N,CAKE-009,Pineapple Upside-Down Cake,1,2026-06-18
BR-N,CAKE-009,Pineapple Upside-Down Cake,1,2026-06-28
BR-N,CAKE-009,Pineapple Upside-Down Cake,1,2026-06-29
BR-N,CAKE-010,Butter Cake,1,2026-06-19
BR-N,CAKE-010,Butter Cake,9,2026-06-28
BR-N,CAKE-011,German Chocolate Cake,1,2026-06-01
BR-N,CAKE-011,German Chocolate Cake,4,2026-06-07
BR-N,CAKE-011,German Chocolate Cake,3,2026-06-23
BR-N,CAKE-012,Tiramisu Cake,10,2026-06-22
BR-N,CAKE-013,Cheesecake,5,2026-06-02
BR-N,CAKE-013,Cheesecake,8,2026-06-17
BR-N,CAKE-014,Banana Walnut Cake,6,2026-06-27
BR-N,CAKE-015,Apple Cinnamon Cake,1,2026-06-02
BR-N,CAKE-015,Apple Cinnamon Cake,1,2026-06-11
BR-N,CAKE-015,Apple Cinnamon Cake,1,2026-06-19
BR-N,CAKE-015,Apple Cinnamon Cake,1,2026-06-26
BR-N,CAKE-016,Coconut Cake,1,2026-06-12
BR-N,CAKE-016,Coconut Cake,1,2026-06-14
BR-N,CAKE-016,Coconut Cake,3,2026-06-19
BR-N,CAKE-016,Coconut Cake,1,2026-06-29
BR-N,CAKE-017,Marble Cake,1,2026-06-04
BR-N,CAKE-017,Marble Cake,1,2026-06-20
BR-N,CAKE-017,Marble Cake,1,2026-06-22
BR-N,CAKE-017,Marble Cake,1,2026-06-24
BR-N,CAKE-017,Marble Cake,3,2026-06-25
BR-N,CAKE-018,Mango Mousse Cake,5,2026-06-13
BR-N,CAKE-018,Mango Mousse Cake,5,2026-06-28
BR-N,CAKE-019,Blueberry Muffin Tray,10,2026-06-10
BR-N,CAKE-020,Almond Gateau,2,2026-06-06
BR-N,CAKE-020,Almond Gateau,2,2026-06-10
BR-N,CAKE-020,Almond Gateau,2,2026-06-30
BR-N,CAKE-021,Hazelnut Praline Cake,1,2026-06-04
BR-N,CAKE-021,Hazelnut Praline Cake,4,2026-06-23
BR-N,CAKE-022,Orange Chiffon Cake,6,2026-06-04
BR-N,CAKE-023,Pistachio Cake,3,2026-06-09
BR-N,CAKE-025,Honey Cake,3,2026-06-18
BR-N,CAKE-025,Honey Cake,1,2026-06-23
BR-N,CAKE-026,Coffee Cake,2,2026-06-15
BR-N,CAKE-026,Coffee Cake,2,2026-06-29
BR-N,CAKE-027,Fruit Gateau,9,2026-06-20
BR-N,CAKE-028,Coconut Macaroon Tray,4,2026-06-18
BR-N,CAKE-030,Truffle Brownie Cake,1,2026-06-07
BR-N,CAKE-030,Truffle Brownie Cake,1,2026-06-09
BR-N,CAKE-030,Truffle Brownie Cake,4,2026-06-12
BR-N,CAKE-030,Truffle Brownie Cake,3,2026-06-23
BR-N,CAKE-030,Truffle Brownie Cake,2,2026-06-24
BR-O,CAKE-001,Chocolate Fudge Cake,9,2026-06-09
BR-O,CAKE-001,Chocolate Fudge Cake,5,2026-06-20
BR-O,CAKE-001,Chocolate Fudge Cake,9,2026-06-29
BR-O,CAKE-002,Vanilla Sponge Cake,12,2026-06-08
BR-O,CAKE-003,Red Velvet Cake,6,2026-06-02
BR-O,CAKE-004,Lemon Drizzle Cake,1,2026-06-02
BR-O,CAKE-004,Lemon Drizzle Cake,3,2026-06-04
BR-O,CAKE-005,Carrot Cake,6,2026-06-16
BR-O,CAKE-006,Black Forest Cake,2,2026-06-06
BR-O,CAKE-006,Black Forest Cake,2,2026-06-14
BR-O,CAKE-006,Black Forest Cake,5,2026-06-16
BR-O,CAKE-006,Black Forest Cake,4,2026-06-27
BR-O,CAKE-007,Strawberry Shortcake,13,2026-06-27
BR-O,CAKE-008,Whole-Wheat Cake,1,2026-06-18
BR-O,CAKE-008,Whole-Wheat Cake,2,2026-06-26
BR-O,CAKE-009,Pineapple Upside-Down Cake,1,2026-06-08
BR-O,CAKE-009,Pineapple Upside-Down Cake,2,2026-06-10
BR-O,CAKE-009,Pineapple Upside-Down Cake,1,2026-06-14
BR-O,CAKE-009,Pineapple Upside-Down Cake,2,2026-06-30
BR-O,CAKE-010,Butter Cake,4,2026-06-01
BR-O,CAKE-010,Butter Cake,8,2026-06-09
BR-O,CAKE-011,German Chocolate Cake,9,2026-06-18
BR-O,CAKE-012,Tiramisu Cake,7,2026-06-08
BR-O,CAKE-012,Tiramisu Cake,4,2026-06-17
BR-O,CAKE-013,Cheesecake,14,2026-06-28
BR-O,CAKE-014,Banana Walnut Cake,6,2026-06-13
BR-O,CAKE-015,Apple Cinnamon Cake,1,2026-06-17
BR-O,CAKE-015,Apple Cinnamon Cake,3,2026-06-27
BR-O,CAKE-016,Coconut Cake,2,2026-06-16
BR-O,CAKE-016,Coconut Cake,4,2026-06-27
BR-O,CAKE-017,Marble Cake,5,2026-06-10
BR-O,CAKE-017,Marble Cake,3,2026-06-12
BR-O,CAKE-018,Mango Mousse Cake,1,2026-06-24
BR-O,CAKE-018,Mango Mousse Cake,8,2026-06-26
BR-O,CAKE-018,Mango Mousse Cake,2,2026-06-28
BR-O,CAKE-019,Blueberry Muffin Tray,1,2026-06-05
BR-O,CAKE-019,Blueberry Muffin Tray,4,2026-06-07
BR-O,CAKE-019,Blueberry Muffin Tray,1,2026-06-09
BR-O,CAKE-019,Blueberry Muffin Tray,1,2026-06-17
BR-O,CAKE-019,Blueberry Muffin Tray,4,2026-06-24
BR-O,CAKE-020,Almond Gateau,2,2026-06-04
BR-O,CAKE-020,Almond Gateau,4,2026-06-17
BR-O,CAKE-021,Hazelnut Praline Cake,1,2026-06-09
BR-O,CAKE-021,Hazelnut Praline Cake,2,2026-06-11
BR-O,CAKE-021,Hazelnut Praline Cake,2,2026-06-12
BR-O,CAKE-022,Orange Chiffon Cake,2,2026-06-12
BR-O,CAKE-022,Orange Chiffon Cake,4,2026-06-26
BR-O,CAKE-023,Pistachio Cake,1,2026-06-10
BR-O,CAKE-023,Pistachio Cake,1,2026-06-18
BR-O,CAKE-023,Pistachio Cake,1,2026-06-21
BR-O,CAKE-024,Tres Leches Cake,8,2026-06-20
BR-O,CAKE-025,Honey Cake,1,2026-06-08
BR-O,CAKE-025,Honey Cake,2,2026-06-09
BR-O,CAKE-025,Honey Cake,1,2026-06-19
BR-O,CAKE-026,Coffee Cake,4,2026-06-25
BR-O,CAKE-027,Fruit Gateau,10,2026-06-18
BR-O,CAKE-028,Coconut Macaroon Tray,4,2026-06-02
BR-O,CAKE-029,Lemon Meringue Cake,1,2026-06-06
BR-O,CAKE-029,Lemon Meringue Cake,5,2026-06-10
BR-P,CAKE-001,Chocolate Fudge Cake,22,2026-06-15
BR-P,CAKE-002,Vanilla Sponge Cake,11,2026-06-13
BR-P,CAKE-003,Red Velvet Cake,1,2026-06-01
BR-P,CAKE-003,Red Velvet Cake,2,2026-06-14
BR-P,CAKE-003,Red Velvet Cake,1,2026-06-17
BR-P,CAKE-003,Red Velvet Cake,2,2026-06-24
BR-P,CAKE-005,Carrot Cake,1,2026-06-16
BR-P,CAKE-005,Carrot Cake,1,2026-06-17
BR-P,CAKE-005,Carrot Cake,4,2026-06-19
BR-P,CAKE-006,Black Forest Cake,6,2026-06-13
BR-P,CAKE-006,Black Forest Cake,6,2026-06-30
BR-P,CAKE-007,Strawberry Shortcake,12,2026-06-27
BR-P,CAKE-008,Whole-Wheat Cake,1,2026-06-04
BR-P,CAKE-008,Whole-Wheat Cake,1,2026-06-19
BR-P,CAKE-008,Whole-Wheat Cake,1,2026-06-28
BR-P,CAKE-009,Pineapple Upside-Down Cake,1,2026-06-01
BR-P,CAKE-009,Pineapple Upside-Down Cake,5,2026-06-11
BR-P,CAKE-010,Butter Cake,7,2026-06-07
BR-P,CAKE-010,Butter Cake,4,2026-06-20
BR-P,CAKE-011,German Chocolate Cake,8,2026-06-10
BR-P,CAKE-012,Tiramisu Cake,2,2026-06-01
BR-P,CAKE-012,Tiramisu Cake,2,2026-06-13
BR-P,CAKE-012,Tiramisu Cake,6,2026-06-25
BR-P,CAKE-013,Cheesecake,2,2026-06-11
BR-P,CAKE-013,Cheesecake,4,2026-06-12
BR-P,CAKE-013,Cheesecake,4,2026-06-18
BR-P,CAKE-013,Cheesecake,3,2026-06-23
BR-P,CAKE-014,Banana Walnut Cake,2,2026-06-03
BR-P,CAKE-014,Banana Walnut Cake,4,2026-06-12
BR-P,CAKE-015,Apple Cinnamon Cake,1,2026-06-03
BR-P,CAKE-015,Apple Cinnamon Cake,1,2026-06-22
BR-P,CAKE-015,Apple Cinnamon Cake,2,2026-06-23
BR-P,CAKE-016,Coconut Cake,6,2026-06-07
BR-P,CAKE-018,Mango Mousse Cake,11,2026-06-22
BR-P,CAKE-019,Blueberry Muffin Tray,5,2026-06-09
BR-P,CAKE-019,Blueberry Muffin Tray,5,2026-06-26
BR-P,CAKE-020,Almond Gateau,6,2026-06-22
BR-P,CAKE-021,Hazelnut Praline Cake,5,2026-06-02
BR-P,CAKE-022,Orange Chiffon Cake,6,2026-06-24
BR-P,CAKE-023,Pistachio Cake,1,2026-06-07
BR-P,CAKE-023,Pistachio Cake,1,2026-06-16
BR-P,CAKE-023,Pistachio Cake,1,2026-06-18
BR-P,CAKE-024,Tres Leches Cake,7,2026-06-19
BR-P,CAKE-025,Honey Cake,1,2026-06-15
BR-P,CAKE-025,Honey Cake,1,2026-06-18
BR-P,CAKE-025,Honey Cake,1,2026-06-21
BR-P,CAKE-025,Honey Cake,1,2026-06-28
BR-P,CAKE-026,Coffee Cake,1,2026-06-03
BR-P,CAKE-026,Coffee Cake,1,2026-06-08
BR-P,CAKE-026,Coffee Cake,1,2026-06-10
BR-P,CAKE-026,Coffee Cake,1,2026-06-30
BR-P,CAKE-027,Fruit Gateau,9,2026-06-06
BR-P,CAKE-028,Coconut Macaroon Tray,4,2026-06-06
BR-P,CAKE-029,Lemon Meringue Cake,6,2026-06-02
BR-P,CAKE-030,Truffle Brownie Cake,3,2026-06-18
BR-P,CAKE-030,Truffle Brownie Cake,4,2026-06-19
BR-P,CAKE-030,Truffle Brownie Cake,5,2026-06-25
BR-Q,CAKE-001,Chocolate Fudge Cake,8,2026-06-12
BR-Q,CAKE-001,Chocolate Fudge Cake,4,2026-06-20
BR-Q,CAKE-001,Chocolate Fudge Cake,1,2026-06-30
BR-Q,CAKE-003,Red Velvet Cake,2,2026-06-07
BR-Q,CAKE-003,Red Velvet Cake,1,2026-06-30
BR-Q,CAKE-004,Lemon Drizzle Cake,1,2026-06-02
BR-Q,CAKE-004,Lemon Drizzle Cake,1,2026-06-24
BR-Q,CAKE-005,Carrot Cake,2,2026-06-02
BR-Q,CAKE-005,Carrot Cake,1,2026-06-18
BR-Q,CAKE-005,Carrot Cake,1,2026-06-23
BR-Q,CAKE-006,Black Forest Cake,8,2026-06-07
BR-Q,CAKE-007,Strawberry Shortcake,2,2026-06-20
BR-Q,CAKE-007,Strawberry Shortcake,6,2026-06-30
BR-Q,CAKE-008,Whole-Wheat Cake,2,2026-06-10
BR-Q,CAKE-009,Pineapple Upside-Down Cake,3,2026-06-16
BR-Q,CAKE-009,Pineapple Upside-Down Cake,1,2026-06-19
BR-Q,CAKE-010,Butter Cake,2,2026-06-01
BR-Q,CAKE-010,Butter Cake,3,2026-06-25
BR-Q,CAKE-010,Butter Cake,2,2026-06-28
BR-Q,CAKE-011,German Chocolate Cake,5,2026-06-30
BR-Q,CAKE-012,Tiramisu Cake,2,2026-06-01
BR-Q,CAKE-012,Tiramisu Cake,2,2026-06-09
BR-Q,CAKE-012,Tiramisu Cake,1,2026-06-11
BR-Q,CAKE-012,Tiramisu Cake,1,2026-06-19
BR-Q,CAKE-014,Banana Walnut Cake,3,2026-06-06
BR-Q,CAKE-014,Banana Walnut Cake,1,2026-06-30
BR-Q,CAKE-015,Apple Cinnamon Cake,1,2026-06-08
BR-Q,CAKE-015,Apple Cinnamon Cake,1,2026-06-11
BR-Q,CAKE-015,Apple Cinnamon Cake,1,2026-06-18
BR-Q,CAKE-016,Coconut Cake,1,2026-06-07
BR-Q,CAKE-016,Coconut Cake,2,2026-06-25
BR-Q,CAKE-016,Coconut Cake,1,2026-06-28
BR-Q,CAKE-017,Marble Cake,5,2026-06-09
BR-Q,CAKE-018,Mango Mousse Cake,3,2026-06-11
BR-Q,CAKE-018,Mango Mousse Cake,3,2026-06-13
BR-Q,CAKE-019,Blueberry Muffin Tray,6,2026-06-03
BR-Q,CAKE-020,Almond Gateau,1,2026-06-02
BR-Q,CAKE-020,Almond Gateau,1,2026-06-04
BR-Q,CAKE-020,Almond Gateau,1,2026-06-13
BR-Q,CAKE-020,Almond Gateau,1,2026-06-19
BR-Q,CAKE-021,Hazelnut Praline Cake,1,2026-06-06
BR-Q,CAKE-021,Hazelnut Praline Cake,3,2026-06-29
BR-Q,CAKE-022,Orange Chiffon Cake,4,2026-06-24
BR-Q,CAKE-023,Pistachio Cake,2,2026-06-06
BR-Q,CAKE-024,Tres Leches Cake,1,2026-06-01
BR-Q,CAKE-024,Tres Leches Cake,1,2026-06-21
BR-Q,CAKE-024,Tres Leches Cake,2,2026-06-25
BR-Q,CAKE-025,Honey Cake,3,2026-06-01
BR-Q,CAKE-026,Coffee Cake,2,2026-06-04
BR-Q,CAKE-026,Coffee Cake,1,2026-06-14
BR-Q,CAKE-027,Fruit Gateau,1,2026-06-05
BR-Q,CAKE-027,Fruit Gateau,3,2026-06-10
BR-Q,CAKE-027,Fruit Gateau,2,2026-06-28
BR-Q,CAKE-028,Coconut Macaroon Tray,2,2026-06-01
BR-Q,CAKE-028,Coconut Macaroon Tray,1,2026-06-15
BR-Q,CAKE-029,Lemon Meringue Cake,4,2026-06-11
BR-Q,CAKE-030,Truffle Brownie Cake,6,2026-06-04
BR-Q,CAKE-030,Truffle Brownie Cake,1,2026-06-14
BR-Q,CAKE-030,Truffle Brownie Cake,1,2026-06-19
BR-R,CAKE-001,Chocolate Fudge Cake,5,2026-06-04
BR-R,CAKE-001,Chocolate Fudge Cake,2,2026-06-05
BR-R,CAKE-001,Chocolate Fudge Cake,2,2026-06-12
BR-R,CAKE-001,Chocolate Fudge Cake,4,2026-06-27
BR-R,CAKE-002,Vanilla Sponge Cake,8,2026-06-03
BR-R,CAKE-004,Lemon Drizzle Cake,1,2026-06-07
BR-R,CAKE-004,Lemon Drizzle Cake,1,2026-06-16
BR-R,CAKE-005,Carrot Cake,1,2026-06-01
BR-R,CAKE-005,Carrot Cake,1,2026-06-02
BR-R,CAKE-005,Carrot Cake,1,2026-06-05
BR-R,CAKE-005,Carrot Cake,1,2026-06-27
BR-R,CAKE-006,Black Forest Cake,7,2026-06-04
BR-R,CAKE-006,Black Forest Cake,1,2026-06-12
BR-R,CAKE-007,Strawberry Shortcake,8,2026-06-04
BR-R,CAKE-008,Whole-Wheat Cake,1,2026-06-02
BR-R,CAKE-008,Whole-Wheat Cake,1,2026-06-21
BR-R,CAKE-009,Pineapple Upside-Down Cake,3,2026-06-15
BR-R,CAKE-009,Pineapple Upside-Down Cake,1,2026-06-29
BR-R,CAKE-010,Butter Cake,7,2026-06-08
BR-R,CAKE-011,German Chocolate Cake,1,2026-06-05
BR-R,CAKE-011,German Chocolate Cake,3,2026-06-07
BR-R,CAKE-011,German Chocolate Cake,1,2026-06-18
BR-R,CAKE-012,Tiramisu Cake,1,2026-06-07
BR-R,CAKE-012,Tiramisu Cake,2,2026-06-21
BR-R,CAKE-012,Tiramisu Cake,1,2026-06-24
BR-R,CAKE-012,Tiramisu Cake,1,2026-06-27
BR-R,CAKE-012,Tiramisu Cake,1,2026-06-29
BR-R,CAKE-014,Banana Walnut Cake,2,2026-06-11
BR-R,CAKE-014,Banana Walnut Cake,1,2026-06-28
BR-R,CAKE-014,Banana Walnut Cake,1,2026-06-29
BR-R,CAKE-015,Apple Cinnamon Cake,1,2026-06-07
BR-R,CAKE-015,Apple Cinnamon Cake,1,2026-06-22
BR-R,CAKE-015,Apple Cinnamon Cake,1,2026-06-27
BR-R,CAKE-016,Coconut Cake,4,2026-06-10
BR-R,CAKE-017,Marble Cake,5,2026-06-14
BR-R,CAKE-018,Mango Mousse Cake,2,2026-06-13
BR-R,CAKE-018,Mango Mousse Cake,2,2026-06-15
BR-R,CAKE-018,Mango Mousse Cake,3,2026-06-19
BR-R,CAKE-019,Blueberry Muffin Tray,6,2026-06-05
BR-R,CAKE-020,Almond Gateau,4,2026-06-24
BR-R,CAKE-021,Hazelnut Praline Cake,2,2026-06-16
BR-R,CAKE-021,Hazelnut Praline Cake,2,2026-06-20
BR-R,CAKE-022,Orange Chiffon Cake,3,2026-06-15
BR-R,CAKE-022,Orange Chiffon Cake,1,2026-06-30
BR-R,CAKE-023,Pistachio Cake,1,2026-06-15
BR-R,CAKE-023,Pistachio Cake,1,2026-06-19
BR-R,CAKE-024,Tres Leches Cake,2,2026-06-02
BR-R,CAKE-024,Tres Leches Cake,2,2026-06-27
BR-R,CAKE-025,Honey Cake,1,2026-06-13
BR-R,CAKE-025,Honey Cake,1,2026-06-19
BR-R,CAKE-025,Honey Cake,1,2026-06-28
BR-R,CAKE-026,Coffee Cake,1,2026-06-02
BR-R,CAKE-026,Coffee Cake,1,2026-06-04
BR-R,CAKE-026,Coffee Cake,1,2026-06-27
BR-R,CAKE-027,Fruit Gateau,1,2026-06-02
BR-R,CAKE-027,Fruit Gateau,4,2026-06-03
BR-R,CAKE-027,Fruit Gateau,1,2026-06-07
BR-R,CAKE-028,Coconut Macaroon Tray,1,2026-06-11
BR-R,CAKE-028,Coconut Macaroon Tray,1,2026-06-26
BR-R,CAKE-028,Coconut Macaroon Tray,1,2026-06-27
BR-R,CAKE-029,Lemon Meringue Cake,2,2026-06-17
BR-R,CAKE-029,Lemon Meringue Cake,1,2026-06-24
BR-R,CAKE-029,Lemon Meringue Cake,1,2026-06-29
BR-R,CAKE-030,Truffle Brownie Cake,7,2026-06-04
BR-R,CAKE-030,Truffle Brownie Cake,1,2026-06-21
BR-S,CAKE-001,Chocolate Fudge Cake,10,2026-06-18
BR-S,CAKE-001,Chocolate Fudge Cake,3,2026-06-24
BR-S,CAKE-002,Vanilla Sponge Cake,7,2026-06-07
BR-S,CAKE-002,Vanilla Sponge Cake,1,2026-06-30
BR-S,CAKE-003,Red Velvet Cake,1,2026-06-21
BR-S,CAKE-003,Red Velvet Cake,2,2026-06-22
BR-S,CAKE-004,Lemon Drizzle Cake,2,2026-06-28
BR-S,CAKE-005,Carrot Cake,4,2026-06-17
BR-S,CAKE-006,Black Forest Cake,2,2026-06-18
BR-S,CAKE-006,Black Forest Cake,1,2026-06-23
BR-S,CAKE-006,Black Forest Cake,1,2026-06-24
BR-S,CAKE-006,Black Forest Cake,3,2026-06-25
BR-S,CAKE-006,Black Forest Cake,1,2026-06-30
BR-S,CAKE-007,Strawberry Shortcake,3,2026-06-05
BR-S,CAKE-007,Strawberry Shortcake,2,2026-06-10
BR-S,CAKE-007,Strawberry Shortcake,1,2026-06-14
BR-S,CAKE-007,Strawberry Shortcake,1,2026-06-16
BR-S,CAKE-007,Strawberry Shortcake,1,2026-06-24
BR-S,CAKE-008,Whole-Wheat Cake,1,2026-06-11
BR-S,CAKE-008,Whole-Wheat Cake,1,2026-06-15
BR-S,CAKE-009,Pineapple Upside-Down Cake,1,2026-06-10
BR-S,CAKE-009,Pineapple Upside-Down Cake,2,2026-06-12
BR-S,CAKE-009,Pineapple Upside-Down Cake,1,2026-06-26
BR-S,CAKE-010,Butter Cake,1,2026-06-03
BR-S,CAKE-010,Butter Cake,2,2026-06-04
BR-S,CAKE-010,Butter Cake,2,2026-06-10
BR-S,CAKE-010,Butter Cake,2,2026-06-21
BR-S,CAKE-011,German Chocolate Cake,5,2026-06-13
BR-S,CAKE-012,Tiramisu Cake,2,2026-06-11
BR-S,CAKE-012,Tiramisu Cake,4,2026-06-13
BR-S,CAKE-014,Banana Walnut Cake,2,2026-06-05
BR-S,CAKE-014,Banana Walnut Cake,2,2026-06-23
BR-S,CAKE-015,Apple Cinnamon Cake,1,2026-06-08
BR-S,CAKE-015,Apple Cinnamon Cake,2,2026-06-23
BR-S,CAKE-016,Coconut Cake,1,2026-06-03
BR-S,CAKE-016,Coconut Cake,3,2026-06-21
BR-S,CAKE-017,Marble Cake,5,2026-06-23
BR-S,CAKE-018,Mango Mousse Cake,2,2026-06-07
BR-S,CAKE-018,Mango Mousse Cake,4,2026-06-19
BR-S,CAKE-019,Blueberry Muffin Tray,1,2026-06-02
BR-S,CAKE-019,Blueberry Muffin Tray,1,2026-06-20
BR-S,CAKE-019,Blueberry Muffin Tray,4,2026-06-27
BR-S,CAKE-020,Almond Gateau,4,2026-06-24
BR-S,CAKE-021,Hazelnut Praline Cake,2,2026-06-19
BR-S,CAKE-021,Hazelnut Praline Cake,1,2026-06-20
BR-S,CAKE-021,Hazelnut Praline Cake,1,2026-06-22
BR-S,CAKE-022,Orange Chiffon Cake,4,2026-06-25
BR-S,CAKE-023,Pistachio Cake,1,2026-06-05
BR-S,CAKE-023,Pistachio Cake,1,2026-06-24
BR-S,CAKE-024,Tres Leches Cake,3,2026-06-13
BR-S,CAKE-024,Tres Leches Cake,1,2026-06-30
BR-S,CAKE-025,Honey Cake,1,2026-06-11
BR-S,CAKE-025,Honey Cake,1,2026-06-24
BR-S,CAKE-025,Honey Cake,1,2026-06-25
BR-S,CAKE-026,Coffee Cake,1,2026-06-07
BR-S,CAKE-026,Coffee Cake,1,2026-06-22
BR-S,CAKE-026,Coffee Cake,1,2026-06-25
BR-S,CAKE-027,Fruit Gateau,6,2026-06-21
BR-S,CAKE-028,Coconut Macaroon Tray,1,2026-06-07
BR-S,CAKE-028,Coconut Macaroon Tray,1,2026-06-09
BR-S,CAKE-028,Coconut Macaroon Tray,1,2026-06-30
BR-S,CAKE-029,Lemon Meringue Cake,1,2026-06-07
BR-S,CAKE-029,Lemon Meringue Cake,1,2026-06-18
BR-S,CAKE-029,Lemon Meringue Cake,1,2026-06-26
BR-S,CAKE-029,Lemon Meringue Cake,1,2026-06-27
BR-S,CAKE-030,Truffle Brownie Cake,8,2026-06-21
BR-T,CAKE-001,Chocolate Fudge Cake,5,2026-06-07
BR-T,CAKE-002,Vanilla Sponge Cake,3,2026-06-17
BR-T,CAKE-003,Red Velvet Cake,1,2026-06-03
BR-T,CAKE-003,Red Velvet Cake,1,2026-06-17
BR-T,CAKE-004,Lemon Drizzle Cake,1,2026-06-12
BR-T,CAKE-005,Carrot Cake,1,2026-06-03
BR-T,CAKE-005,Carrot Cake,1,2026-06-19
BR-T,CAKE-006,Black Forest Cake,2,2026-06-03
BR-T,CAKE-006,Black Forest Cake,1,2026-06-08
BR-T,CAKE-007,Strawberry Shortcake,1,2026-06-11
BR-T,CAKE-007,Strawberry Shortcake,2,2026-06-22
BR-T,CAKE-008,Whole-Wheat Cake,1,2026-06-16
BR-T,CAKE-009,Pineapple Upside-Down Cake,2,2026-06-23
BR-T,CAKE-010,Butter Cake,3,2026-06-30
BR-T,CAKE-011,German Chocolate Cake,2,2026-06-22
BR-T,CAKE-012,Tiramisu Cake,1,2026-06-10
BR-T,CAKE-012,Tiramisu Cake,1,2026-06-21
BR-T,CAKE-013,Cheesecake,2,2026-06-07
BR-T,CAKE-013,Cheesecake,1,2026-06-13
BR-T,CAKE-014,Banana Walnut Cake,1,2026-06-18
BR-T,CAKE-014,Banana Walnut Cake,1,2026-06-29
BR-T,CAKE-015,Apple Cinnamon Cake,1,2026-06-23
BR-T,CAKE-016,Coconut Cake,1,2026-06-12
BR-T,CAKE-016,Coconut Cake,1,2026-06-21
BR-T,CAKE-017,Marble Cake,2,2026-06-11
BR-T,CAKE-018,Mango Mousse Cake,1,2026-06-09
BR-T,CAKE-018,Mango Mousse Cake,1,2026-06-12
BR-T,CAKE-018,Mango Mousse Cake,1,2026-06-25
BR-T,CAKE-019,Blueberry Muffin Tray,1,2026-06-01
BR-T,CAKE-019,Blueberry Muffin Tray,1,2026-06-15
BR-T,CAKE-020,Almond Gateau,1,2026-06-07
BR-T,CAKE-020,Almond Gateau,1,2026-06-29
BR-T,CAKE-021,Hazelnut Praline Cake,1,2026-06-21
BR-T,CAKE-021,Hazelnut Praline Cake,1,2026-06-24
BR-T,CAKE-022,Orange Chiffon Cake,1,2026-06-24
BR-T,CAKE-022,Orange Chiffon Cake,1,2026-06-30
BR-T,CAKE-023,Pistachio Cake,1,2026-06-20
BR-T,CAKE-024,Tres Leches Cake,1,2026-06-02
BR-T,CAKE-024,Tres Leches Cake,1,2026-06-25
BR-T,CAKE-026,Coffee Cake,1,2026-06-16
BR-T,CAKE-027,Fruit Gateau,1,2026-06-14
BR-T,CAKE-027,Fruit Gateau,1,2026-06-17
BR-T,CAKE-029,Lemon Meringue Cake,1,2026-06-05
BR-T,CAKE-029,Lemon Meringue Cake,1,2026-06-06
BR-T,CAKE-030,Truffle Brownie Cake,3,2026-06-17
BR-A,CAKE-001,Chocolate Fudge Cake,21,2026-07-01
BR-A,CAKE-001,Chocolate Fudge Cake,2,2026-07-12
BR-A,CAKE-001,Chocolate Fudge Cake,64,2026-07-15
BR-A,CAKE-002,Vanilla Sponge Cake,51,2026-07-01
BR-A,CAKE-003,Red Velvet Cake,16,2026-07-02
BR-A,CAKE-003,Red Velvet Cake,2,2026-07-08
BR-A,CAKE-003,Red Velvet Cake,7,2026-07-24
BR-A,CAKE-004,Lemon Drizzle Cake,13,2026-07-10
BR-A,CAKE-004,Lemon Drizzle Cake,3,2026-07-25
BR-A,CAKE-005,Carrot Cake,9,2026-07-06
BR-A,CAKE-005,Carrot Cake,18,2026-07-19
BR-A,CAKE-006,Black Forest Cake,56,2026-07-15
BR-A,CAKE-007,Strawberry Shortcake,10,2026-07-08
BR-A,CAKE-007,Strawberry Shortcake,5,2026-07-16
BR-A,CAKE-007,Strawberry Shortcake,31,2026-07-19
BR-A,CAKE-007,Strawberry Shortcake,13,2026-07-25
BR-A,CAKE-008,Whole-Wheat Cake,2,2026-07-10
BR-A,CAKE-008,Whole-Wheat Cake,3,2026-07-14
BR-A,CAKE-008,Whole-Wheat Cake,1,2026-07-19
BR-A,CAKE-008,Whole-Wheat Cake,6,2026-07-21
BR-A,CAKE-008,Whole-Wheat Cake,2,2026-07-27
BR-A,CAKE-009,Pineapple Upside-Down Cake,30,2026-07-19
BR-A,CAKE-010,Butter Cake,23,2026-07-08
BR-A,CAKE-010,Butter Cake,16,2026-07-09
BR-A,CAKE-010,Butter Cake,10,2026-07-16
BR-A,CAKE-011,German Chocolate Cake,4,2026-07-13
BR-A,CAKE-011,German Chocolate Cake,34,2026-07-22
BR-A,CAKE-012,Tiramisu Cake,40,2026-07-05
BR-A,CAKE-012,Tiramisu Cake,1,2026-07-12
BR-A,CAKE-012,Tiramisu Cake,1,2026-07-15
BR-A,CAKE-013,Cheesecake,60,2026-07-14
BR-A,CAKE-014,Banana Walnut Cake,5,2026-07-14
BR-A,CAKE-014,Banana Walnut Cake,7,2026-07-19
BR-A,CAKE-014,Banana Walnut Cake,10,2026-07-22
BR-A,CAKE-014,Banana Walnut Cake,5,2026-07-25
BR-A,CAKE-016,Coconut Cake,25,2026-07-29
BR-A,CAKE-017,Marble Cake,33,2026-07-10
BR-A,CAKE-018,Mango Mousse Cake,47,2026-07-31
BR-A,CAKE-019,Blueberry Muffin Tray,12,2026-07-05
BR-A,CAKE-019,Blueberry Muffin Tray,14,2026-07-12
BR-A,CAKE-019,Blueberry Muffin Tray,20,2026-07-19
BR-A,CAKE-020,Almond Gateau,1,2026-07-07
BR-A,CAKE-020,Almond Gateau,1,2026-07-12
BR-A,CAKE-020,Almond Gateau,2,2026-07-14
BR-A,CAKE-020,Almond Gateau,17,2026-07-25
BR-A,CAKE-020,Almond Gateau,6,2026-07-31
BR-A,CAKE-021,Hazelnut Praline Cake,10,2026-07-03
BR-A,CAKE-021,Hazelnut Praline Cake,5,2026-07-08
BR-A,CAKE-021,Hazelnut Praline Cake,3,2026-07-14
BR-A,CAKE-021,Hazelnut Praline Cake,1,2026-07-15
BR-A,CAKE-021,Hazelnut Praline Cake,5,2026-07-24
BR-A,CAKE-022,Orange Chiffon Cake,28,2026-07-10
BR-A,CAKE-023,Pistachio Cake,3,2026-07-08
BR-A,CAKE-023,Pistachio Cake,3,2026-07-24
BR-A,CAKE-023,Pistachio Cake,6,2026-07-30
BR-A,CAKE-024,Tres Leches Cake,9,2026-07-01
BR-A,CAKE-024,Tres Leches Cake,21,2026-07-21
BR-A,CAKE-025,Honey Cake,21,2026-07-18
BR-A,CAKE-026,Coffee Cake,12,2026-07-14
BR-A,CAKE-026,Coffee Cake,5,2026-07-19
BR-A,CAKE-026,Coffee Cake,1,2026-07-25
BR-A,CAKE-026,Coffee Cake,1,2026-07-28
BR-A,CAKE-027,Fruit Gateau,18,2026-07-13
BR-A,CAKE-027,Fruit Gateau,22,2026-07-14
BR-A,CAKE-028,Coconut Macaroon Tray,3,2026-07-07
BR-A,CAKE-028,Coconut Macaroon Tray,1,2026-07-14
BR-A,CAKE-028,Coconut Macaroon Tray,12,2026-07-27
BR-A,CAKE-028,Coconut Macaroon Tray,2,2026-07-29
BR-A,CAKE-029,Lemon Meringue Cake,15,2026-07-17
BR-A,CAKE-029,Lemon Meringue Cake,9,2026-07-23
BR-A,CAKE-030,Truffle Brownie Cake,60,2026-07-29
BR-B,CAKE-001,Chocolate Fudge Cake,24,2026-07-07
BR-B,CAKE-001,Chocolate Fudge Cake,5,2026-07-28
BR-B,CAKE-001,Chocolate Fudge Cake,34,2026-07-31
BR-B,CAKE-002,Vanilla Sponge Cake,29,2026-07-23
BR-B,CAKE-002,Vanilla Sponge Cake,8,2026-07-27
BR-B,CAKE-002,Vanilla Sponge Cake,1,2026-07-31
BR-B,CAKE-004,Lemon Drizzle Cake,12,2026-07-20
BR-B,CAKE-005,Carrot Cake,2,2026-07-20
BR-B,CAKE-005,Carrot Cake,18,2026-07-23
BR-B,CAKE-006,Black Forest Cake,41,2026-07-12
BR-B,CAKE-007,Strawberry Shortcake,8,2026-07-05
BR-B,CAKE-007,Strawberry Shortcake,16,2026-07-09
BR-B,CAKE-007,Strawberry Shortcake,5,2026-07-14
BR-B,CAKE-007,Strawberry Shortcake,13,2026-07-20
BR-B,CAKE-008,Whole-Wheat Cake,6,2026-07-08
BR-B,CAKE-008,Whole-Wheat Cake,4,2026-07-28
BR-B,CAKE-009,Pineapple Upside-Down Cake,1,2026-07-04
BR-B,CAKE-009,Pineapple Upside-Down Cake,4,2026-07-05
BR-B,CAKE-009,Pineapple Upside-Down Cake,11,2026-07-16
BR-B,CAKE-009,Pineapple Upside-Down Cake,5,2026-07-22
BR-B,CAKE-010,Butter Cake,30,2026-07-07
BR-B,CAKE-010,Butter Cake,6,2026-07-24
BR-B,CAKE-011,German Chocolate Cake,13,2026-07-03
BR-B,CAKE-011,German Chocolate Cake,5,2026-07-09
BR-B,CAKE-011,German Chocolate Cake,10,2026-07-14
BR-B,CAKE-013,Cheesecake,33,2026-07-04
BR-B,CAKE-013,Cheesecake,9,2026-07-08
BR-B,CAKE-013,Cheesecake,3,2026-07-18
BR-B,CAKE-014,Banana Walnut Cake,13,2026-07-20
BR-B,CAKE-014,Banana Walnut Cake,7,2026-07-21
BR-B,CAKE-016,Coconut Cake,3,2026-07-03
BR-B,CAKE-016,Coconut Cake,10,2026-07-18
BR-B,CAKE-016,Coconut Cake,5,2026-07-26
BR-B,CAKE-017,Marble Cake,10,2026-07-12
BR-B,CAKE-017,Marble Cake,1,2026-07-22
BR-B,CAKE-017,Marble Cake,13,2026-07-30
BR-B,CAKE-018,Mango Mousse Cake,34,2026-07-31
BR-B,CAKE-019,Blueberry Muffin Tray,33,2026-07-24
BR-B,CAKE-020,Almond Gateau,20,2026-07-07
BR-B,CAKE-021,Hazelnut Praline Cake,1,2026-07-03
BR-B,CAKE-021,Hazelnut Praline Cake,16,2026-07-16
BR-B,CAKE-022,Orange Chiffon Cake,21,2026-07-31
BR-B,CAKE-023,Pistachio Cake,2,2026-07-08
BR-B,CAKE-023,Pistachio Cake,3,2026-07-13
BR-B,CAKE-023,Pistachio Cake,4,2026-07-20
BR-B,CAKE-023,Pistachio Cake,1,2026-07-31
BR-B,CAKE-024,Tres Leches Cake,21,2026-07-30
BR-B,CAKE-025,Honey Cake,11,2026-07-16
BR-B,CAKE-025,Honey Cake,4,2026-07-26
BR-B,CAKE-026,Coffee Cake,14,2026-07-10
BR-B,CAKE-027,Fruit Gateau,16,2026-07-16
BR-B,CAKE-027,Fruit Gateau,1,2026-07-19
BR-B,CAKE-027,Fruit Gateau,12,2026-07-25
BR-B,CAKE-028,Coconut Macaroon Tray,11,2026-07-05
BR-B,CAKE-028,Coconut Macaroon Tray,3,2026-07-10
BR-B,CAKE-029,Lemon Meringue Cake,18,2026-07-26
BR-B,CAKE-030,Truffle Brownie Cake,44,2026-07-27
BR-C,CAKE-001,Chocolate Fudge Cake,51,2026-07-02
BR-C,CAKE-002,Vanilla Sponge Cake,31,2026-07-12
BR-C,CAKE-003,Red Velvet Cake,13,2026-07-11
BR-C,CAKE-003,Red Velvet Cake,2,2026-07-17
BR-C,CAKE-004,Lemon Drizzle Cake,3,2026-07-06
BR-C,CAKE-004,Lemon Drizzle Cake,5,2026-07-14
BR-C,CAKE-004,Lemon Drizzle Cake,1,2026-07-24
BR-C,CAKE-005,Carrot Cake,16,2026-07-11
BR-C,CAKE-006,Black Forest Cake,33,2026-07-13
BR-C,CAKE-007,Strawberry Shortcake,34,2026-07-04
BR-C,CAKE-008,Whole-Wheat Cake,2,2026-07-08
BR-C,CAKE-008,Whole-Wheat Cake,7,2026-07-31
BR-C,CAKE-009,Pineapple Upside-Down Cake,17,2026-07-29
BR-C,CAKE-010,Butter Cake,28,2026-07-02
BR-C,CAKE-010,Butter Cake,1,2026-07-16
BR-C,CAKE-011,German Chocolate Cake,7,2026-07-05
BR-C,CAKE-011,German Chocolate Cake,2,2026-07-11
BR-C,CAKE-011,German Chocolate Cake,12,2026-07-16
BR-C,CAKE-011,German Chocolate Cake,1,2026-07-27
BR-C,CAKE-012,Tiramisu Cake,25,2026-07-13
BR-C,CAKE-013,Cheesecake,34,2026-07-03
BR-C,CAKE-013,Cheesecake,2,2026-07-25
BR-C,CAKE-014,Banana Walnut Cake,16,2026-07-04
BR-C,CAKE-015,Apple Cinnamon Cake,1,2026-07-08
BR-C,CAKE-015,Apple Cinnamon Cake,9,2026-07-29
BR-C,CAKE-016,Coconut Cake,6,2026-07-03
BR-C,CAKE-016,Coconut Cake,3,2026-07-28
BR-C,CAKE-016,Coconut Cake,5,2026-07-30
BR-C,CAKE-017,Marble Cake,3,2026-07-01
BR-C,CAKE-017,Marble Cake,3,2026-07-15
BR-C,CAKE-017,Marble Cake,14,2026-07-23
BR-C,CAKE-018,Mango Mousse Cake,27,2026-07-20
BR-C,CAKE-019,Blueberry Muffin Tray,11,2026-07-09
BR-C,CAKE-019,Blueberry Muffin Tray,5,2026-07-22
BR-C,CAKE-019,Blueberry Muffin Tray,11,2026-07-23
BR-C,CAKE-020,Almond Gateau,9,2026-07-02
BR-C,CAKE-020,Almond Gateau,6,2026-07-06
BR-C,CAKE-020,Almond Gateau,1,2026-07-28
BR-C,CAKE-021,Hazelnut Praline Cake,14,2026-07-30
BR-C,CAKE-022,Orange Chiffon Cake,3,2026-07-18
BR-C,CAKE-022,Orange Chiffon Cake,4,2026-07-22
BR-C,CAKE-022,Orange Chiffon Cake,10,2026-07-27
BR-C,CAKE-023,Pistachio Cake,1,2026-07-07
BR-C,CAKE-023,Pistachio Cake,1,2026-07-12
BR-C,CAKE-023,Pistachio Cake,1,2026-07-19
BR-C,CAKE-023,Pistachio Cake,2,2026-07-26
BR-C,CAKE-023,Pistachio Cake,2,2026-07-31
BR-C,CAKE-024,Tres Leches Cake,17,2026-07-03
BR-C,CAKE-025,Honey Cake,12,2026-07-05
BR-C,CAKE-028,Coconut Macaroon Tray,11,2026-07-03
BR-C,CAKE-029,Lemon Meringue Cake,1,2026-07-18
BR-C,CAKE-029,Lemon Meringue Cake,2,2026-07-28
BR-C,CAKE-029,Lemon Meringue Cake,11,2026-07-31
BR-C,CAKE-030,Truffle Brownie Cake,36,2026-07-18
BR-D,CAKE-001,Chocolate Fudge Cake,18,2026-07-10
BR-D,CAKE-001,Chocolate Fudge Cake,25,2026-07-17
BR-D,CAKE-001,Chocolate Fudge Cake,1,2026-07-22
BR-D,CAKE-001,Chocolate Fudge Cake,1,2026-07-29
BR-D,CAKE-002,Vanilla Sponge Cake,26,2026-07-23
BR-D,CAKE-004,Lemon Drizzle Cake,5,2026-07-01
BR-D,CAKE-004,Lemon Drizzle Cake,3,2026-07-06
BR-D,CAKE-005,Carrot Cake,10,2026-07-03
BR-D,CAKE-005,Carrot Cake,3,2026-07-11
BR-D,CAKE-005,Carrot Cake,1,2026-07-18
BR-D,CAKE-006,Black Forest Cake,9,2026-07-17
BR-D,CAKE-006,Black Forest Cake,8,2026-07-23
BR-D,CAKE-006,Black Forest Cake,5,2026-07-26
BR-D,CAKE-006,Black Forest Cake,7,2026-07-27
BR-D,CAKE-007,Strawberry Shortcake,30,2026-07-11
BR-D,CAKE-008,Whole-Wheat Cake,3,2026-07-02
BR-D,CAKE-008,Whole-Wheat Cake,1,2026-07-18
BR-D,CAKE-008,Whole-Wheat Cake,1,2026-07-21
BR-D,CAKE-008,Whole-Wheat Cake,2,2026-07-27
BR-D,CAKE-009,Pineapple Upside-Down Cake,15,2026-07-15
BR-D,CAKE-010,Butter Cake,26,2026-07-18
BR-D,CAKE-011,German Chocolate Cake,2,2026-07-05
BR-D,CAKE-011,German Chocolate Cake,10,2026-07-15
BR-D,CAKE-011,German Chocolate Cake,7,2026-07-28
BR-D,CAKE-012,Tiramisu Cake,4,2026-07-09
BR-D,CAKE-012,Tiramisu Cake,4,2026-07-15
BR-D,CAKE-012,Tiramisu Cake,11,2026-07-24
BR-D,CAKE-012,Tiramisu Cake,3,2026-07-27
BR-D,CAKE-013,Cheesecake,31,2026-07-19
BR-D,CAKE-014,Banana Walnut Cake,7,2026-07-07
BR-D,CAKE-014,Banana Walnut Cake,7,2026-07-21
BR-D,CAKE-015,Apple Cinnamon Cake,1,2026-07-24
BR-D,CAKE-015,Apple Cinnamon Cake,7,2026-07-30
BR-D,CAKE-016,Coconut Cake,12,2026-07-31
BR-D,CAKE-018,Mango Mousse Cake,23,2026-07-23
BR-D,CAKE-019,Blueberry Muffin Tray,4,2026-07-06
BR-D,CAKE-019,Blueberry Muffin Tray,8,2026-07-14
BR-D,CAKE-019,Blueberry Muffin Tray,11,2026-07-22
BR-D,CAKE-020,Almond Gateau,5,2026-07-05
BR-D,CAKE-020,Almond Gateau,9,2026-07-21
BR-D,CAKE-021,Hazelnut Praline Cake,10,2026-07-20
BR-D,CAKE-021,Hazelnut Praline Cake,2,2026-07-30
BR-D,CAKE-022,Orange Chiffon Cake,11,2026-07-07
BR-D,CAKE-022,Orange Chiffon Cake,4,2026-07-25
BR-D,CAKE-023,Pistachio Cake,5,2026-07-09
BR-D,CAKE-023,Pistachio Cake,2,2026-07-10
BR-D,CAKE-024,Tres Leches Cake,8,2026-07-16
BR-D,CAKE-024,Tres Leches Cake,7,2026-07-22
BR-D,CAKE-025,Honey Cake,5,2026-07-21
BR-D,CAKE-025,Honey Cake,6,2026-07-26
BR-D,CAKE-026,Coffee Cake,10,2026-07-14
BR-D,CAKE-027,Fruit Gateau,7,2026-07-15
BR-D,CAKE-027,Fruit Gateau,13,2026-07-19
BR-D,CAKE-028,Coconut Macaroon Tray,10,2026-07-23
BR-D,CAKE-029,Lemon Meringue Cake,3,2026-07-10
BR-D,CAKE-029,Lemon Meringue Cake,8,2026-07-22
BR-D,CAKE-029,Lemon Meringue Cake,1,2026-07-29
BR-D,CAKE-030,Truffle Brownie Cake,30,2026-07-12
BR-D,CAKE-030,Truffle Brownie Cake,1,2026-07-31
BR-E,CAKE-001,Chocolate Fudge Cake,58,2026-07-12
BR-E,CAKE-002,Vanilla Sponge Cake,22,2026-07-08
BR-E,CAKE-002,Vanilla Sponge Cake,12,2026-07-19
BR-E,CAKE-003,Red Velvet Cake,16,2026-07-07
BR-E,CAKE-004,Lemon Drizzle Cake,8,2026-07-13
BR-E,CAKE-004,Lemon Drizzle Cake,1,2026-07-17
BR-E,CAKE-004,Lemon Drizzle Cake,2,2026-07-31
BR-E,CAKE-005,Carrot Cake,18,2026-07-11
BR-E,CAKE-006,Black Forest Cake,17,2026-07-02
BR-E,CAKE-006,Black Forest Cake,5,2026-07-07
BR-E,CAKE-006,Black Forest Cake,6,2026-07-18
BR-E,CAKE-006,Black Forest Cake,10,2026-07-30
BR-E,CAKE-007,Strawberry Shortcake,39,2026-07-14
BR-E,CAKE-009,Pineapple Upside-Down Cake,7,2026-07-10
BR-E,CAKE-009,Pineapple Upside-Down Cake,7,2026-07-16
BR-E,CAKE-009,Pineapple Upside-Down Cake,6,2026-07-24
BR-E,CAKE-010,Butter Cake,11,2026-07-08
BR-E,CAKE-010,Butter Cake,1,2026-07-11
BR-E,CAKE-010,Butter Cake,12,2026-07-13
BR-E,CAKE-010,Butter Cake,1,2026-07-25
BR-E,CAKE-010,Butter Cake,7,2026-07-27
BR-E,CAKE-011,German Chocolate Cake,25,2026-07-23
BR-E,CAKE-012,Tiramisu Cake,27,2026-07-12
BR-E,CAKE-013,Cheesecake,27,2026-07-12
BR-E,CAKE-013,Cheesecake,14,2026-07-20
BR-E,CAKE-014,Banana Walnut Cake,3,2026-07-02
BR-E,CAKE-014,Banana Walnut Cake,6,2026-07-06
BR-E,CAKE-014,Banana Walnut Cake,6,2026-07-20
BR-E,CAKE-014,Banana Walnut Cake,3,2026-07-21
BR-E,CAKE-015,Apple Cinnamon Cake,2,2026-07-04
BR-E,CAKE-015,Apple Cinnamon Cake,9,2026-07-12
BR-E,CAKE-016,Coconut Cake,11,2026-07-02
BR-E,CAKE-016,Coconut Cake,6,2026-07-09
BR-E,CAKE-017,Marble Cake,3,2026-07-04
BR-E,CAKE-017,Marble Cake,3,2026-07-14
BR-E,CAKE-017,Marble Cake,16,2026-07-28
BR-E,CAKE-018,Mango Mousse Cake,31,2026-07-22
BR-E,CAKE-019,Blueberry Muffin Tray,8,2026-07-03
BR-E,CAKE-019,Blueberry Muffin Tray,5,2026-07-05
BR-E,CAKE-019,Blueberry Muffin Tray,14,2026-07-08
BR-E,CAKE-019,Blueberry Muffin Tray,3,2026-07-22
BR-E,CAKE-020,Almond Gateau,14,2026-07-04
BR-E,CAKE-020,Almond Gateau,4,2026-07-10
BR-E,CAKE-021,Hazelnut Praline Cake,16,2026-07-11
BR-E,CAKE-022,Orange Chiffon Cake,12,2026-07-09
BR-E,CAKE-022,Orange Chiffon Cake,8,2026-07-19
BR-E,CAKE-023,Pistachio Cake,3,2026-07-11
BR-E,CAKE-023,Pistachio Cake,1,2026-07-17
BR-E,CAKE-023,Pistachio Cake,4,2026-07-21
BR-E,CAKE-024,Tres Leches Cake,20,2026-07-05
BR-E,CAKE-025,Honey Cake,12,2026-07-09
BR-E,CAKE-025,Honey Cake,1,2026-07-27
BR-E,CAKE-026,Coffee Cake,12,2026-07-31
BR-E,CAKE-028,Coconut Macaroon Tray,10,2026-07-11
BR-E,CAKE-028,Coconut Macaroon Tray,3,2026-07-29
BR-E,CAKE-029,Lemon Meringue Cake,13,2026-07-04
BR-E,CAKE-029,Lemon Meringue Cake,3,2026-07-23
BR-E,CAKE-030,Truffle Brownie Cake,1,2026-07-02
BR-E,CAKE-030,Truffle Brownie Cake,14,2026-07-10
BR-E,CAKE-030,Truffle Brownie Cake,24,2026-07-17
BR-F,CAKE-001,Chocolate Fudge Cake,38,2026-07-07
BR-F,CAKE-002,Vanilla Sponge Cake,21,2026-07-07
BR-F,CAKE-002,Vanilla Sponge Cake,2,2026-07-27
BR-F,CAKE-003,Red Velvet Cake,11,2026-07-31
BR-F,CAKE-004,Lemon Drizzle Cake,2,2026-07-01
BR-F,CAKE-004,Lemon Drizzle Cake,5,2026-07-08
BR-F,CAKE-005,Carrot Cake,12,2026-07-28
BR-F,CAKE-006,Black Forest Cake,5,2026-07-04
BR-F,CAKE-006,Black Forest Cake,20,2026-07-22
BR-F,CAKE-007,Strawberry Shortcake,25,2026-07-13
BR-F,CAKE-008,Whole-Wheat Cake,3,2026-07-09
BR-F,CAKE-008,Whole-Wheat Cake,3,2026-07-29
BR-F,CAKE-009,Pineapple Upside-Down Cake,13,2026-07-14
BR-F,CAKE-011,German Chocolate Cake,17,2026-07-16
BR-F,CAKE-012,Tiramisu Cake,11,2026-07-05
BR-F,CAKE-012,Tiramisu Cake,1,2026-07-08
BR-F,CAKE-012,Tiramisu Cake,4,2026-07-11
BR-F,CAKE-012,Tiramisu Cake,2,2026-07-28
BR-F,CAKE-013,Cheesecake,26,2026-07-18
BR-F,CAKE-014,Banana Walnut Cake,8,2026-07-05
BR-F,CAKE-014,Banana Walnut Cake,3,2026-07-22
BR-F,CAKE-014,Banana Walnut Cake,1,2026-07-23
BR-F,CAKE-016,Coconut Cake,2,2026-07-03
BR-F,CAKE-016,Coconut Cake,2,2026-07-07
BR-F,CAKE-016,Coconut Cake,1,2026-07-26
BR-F,CAKE-016,Coconut Cake,2,2026-07-27
BR-F,CAKE-016,Coconut Cake,4,2026-07-31
BR-F,CAKE-017,Marble Cake,5,2026-07-01
BR-F,CAKE-017,Marble Cake,2,2026-07-12
BR-F,CAKE-017,Marble Cake,3,2026-07-16
BR-F,CAKE-017,Marble Cake,2,2026-07-21
BR-F,CAKE-017,Marble Cake,2,2026-07-30
BR-F,CAKE-018,Mango Mousse Cake,20,2026-07-16
BR-F,CAKE-019,Blueberry Muffin Tray,20,2026-07-29
BR-F,CAKE-020,Almond Gateau,12,2026-07-09
BR-F,CAKE-021,Hazelnut Praline Cake,7,2026-07-19
BR-F,CAKE-021,Hazelnut Praline Cake,3,2026-07-30
BR-F,CAKE-022,Orange Chiffon Cake,5,2026-07-02
BR-F,CAKE-022,Orange Chiffon Cake,7,2026-07-08
BR-F,CAKE-022,Orange Chiffon Cake,1,2026-07-09
BR-F,CAKE-023,Pistachio Cake,5,2026-07-01
BR-F,CAKE-024,Tres Leches Cake,5,2026-07-04
BR-F,CAKE-024,Tres Leches Cake,8,2026-07-24
BR-F,CAKE-025,Honey Cake,7,2026-07-14
BR-F,CAKE-025,Honey Cake,2,2026-07-21
BR-F,CAKE-026,Coffee Cake,8,2026-07-02
BR-F,CAKE-027,Fruit Gateau,7,2026-07-15
BR-F,CAKE-027,Fruit Gateau,10,2026-07-26
BR-F,CAKE-028,Coconut Macaroon Tray,1,2026-07-06
BR-F,CAKE-028,Coconut Macaroon Tray,3,2026-07-07
BR-F,CAKE-028,Coconut Macaroon Tray,4,2026-07-09
BR-F,CAKE-029,Lemon Meringue Cake,11,2026-07-13
BR-G,CAKE-001,Chocolate Fudge Cake,5,2026-07-02
BR-G,CAKE-001,Chocolate Fudge Cake,2,2026-07-13
BR-G,CAKE-001,Chocolate Fudge Cake,24,2026-07-23
BR-G,CAKE-001,Chocolate Fudge Cake,7,2026-07-28
BR-G,CAKE-002,Vanilla Sponge Cake,5,2026-07-04
BR-G,CAKE-002,Vanilla Sponge Cake,6,2026-07-10
BR-G,CAKE-002,Vanilla Sponge Cake,2,2026-07-11
BR-G,CAKE-002,Vanilla Sponge Cake,1,2026-07-16
BR-G,CAKE-002,Vanilla Sponge Cake,9,2026-07-25
BR-G,CAKE-003,Red Velvet Cake,11,2026-07-24
BR-G,CAKE-004,Lemon Drizzle Cake,2,2026-07-07
BR-G,CAKE-004,Lemon Drizzle Cake,5,2026-07-17
BR-G,CAKE-005,Carrot Cake,3,2026-07-08
BR-G,CAKE-005,Carrot Cake,1,2026-07-25
BR-G,CAKE-005,Carrot Cake,8,2026-07-26
BR-G,CAKE-006,Black Forest Cake,18,2026-07-09
BR-G,CAKE-006,Black Forest Cake,7,2026-07-28
BR-G,CAKE-007,Strawberry Shortcake,15,2026-07-03
BR-G,CAKE-007,Strawberry Shortcake,10,2026-07-12
BR-G,CAKE-008,Whole-Wheat Cake,1,2026-07-18
BR-G,CAKE-008,Whole-Wheat Cake,1,2026-07-19
BR-G,CAKE-008,Whole-Wheat Cake,1,2026-07-25
BR-G,CAKE-008,Whole-Wheat Cake,3,2026-07-28
BR-G,CAKE-009,Pineapple Upside-Down Cake,13,2026-07-24
BR-G,CAKE-010,Butter Cake,3,2026-07-10
BR-G,CAKE-010,Butter Cake,19,2026-07-22
BR-G,CAKE-011,German Chocolate Cake,17,2026-07-01
BR-G,CAKE-012,Tiramisu Cake,18,2026-07-19
BR-G,CAKE-013,Cheesecake,26,2026-07-29
BR-G,CAKE-014,Banana Walnut Cake,3,2026-07-13
BR-G,CAKE-014,Banana Walnut Cake,2,2026-07-17
BR-G,CAKE-014,Banana Walnut Cake,7,2026-07-20
BR-G,CAKE-015,Apple Cinnamon Cake,2,2026-07-03
BR-G,CAKE-015,Apple Cinnamon Cake,3,2026-07-13
BR-G,CAKE-015,Apple Cinnamon Cake,2,2026-07-28
BR-G,CAKE-016,Coconut Cake,2,2026-07-07
BR-G,CAKE-016,Coconut Cake,2,2026-07-08
BR-G,CAKE-016,Coconut Cake,1,2026-07-11
BR-G,CAKE-016,Coconut Cake,5,2026-07-15
BR-G,CAKE-016,Coconut Cake,1,2026-07-25
BR-G,CAKE-017,Marble Cake,14,2026-07-21
BR-G,CAKE-018,Mango Mousse Cake,4,2026-07-17
BR-G,CAKE-018,Mango Mousse Cake,16,2026-07-26
BR-G,CAKE-019,Blueberry Muffin Tray,15,2026-07-15
BR-G,CAKE-019,Blueberry Muffin Tray,5,2026-07-19
BR-G,CAKE-020,Almond Gateau,12,2026-07-03
BR-G,CAKE-021,Hazelnut Praline Cake,9,2026-07-19
BR-G,CAKE-021,Hazelnut Praline Cake,1,2026-07-22
BR-G,CAKE-022,Orange Chiffon Cake,2,2026-07-01
BR-G,CAKE-022,Orange Chiffon Cake,4,2026-07-02
BR-G,CAKE-022,Orange Chiffon Cake,4,2026-07-13
BR-G,CAKE-022,Orange Chiffon Cake,2,2026-07-15
BR-G,CAKE-022,Orange Chiffon Cake,1,2026-07-21
BR-G,CAKE-023,Pistachio Cake,2,2026-07-03
BR-G,CAKE-023,Pistachio Cake,3,2026-07-28
BR-G,CAKE-024,Tres Leches Cake,2,2026-07-02
BR-G,CAKE-024,Tres Leches Cake,11,2026-07-24
BR-G,CAKE-025,Honey Cake,1,2026-07-05
BR-G,CAKE-025,Honey Cake,3,2026-07-10
BR-G,CAKE-025,Honey Cake,3,2026-07-15
BR-G,CAKE-025,Honey Cake,2,2026-07-26
BR-G,CAKE-026,Coffee Cake,8,2026-07-08
BR-G,CAKE-027,Fruit Gateau,14,2026-07-09
BR-G,CAKE-027,Fruit Gateau,1,2026-07-19
BR-G,CAKE-027,Fruit Gateau,2,2026-07-29
BR-G,CAKE-028,Coconut Macaroon Tray,6,2026-07-21
BR-G,CAKE-028,Coconut Macaroon Tray,2,2026-07-22
BR-G,CAKE-029,Lemon Meringue Cake,5,2026-07-11
BR-G,CAKE-029,Lemon Meringue Cake,1,2026-07-16
BR-G,CAKE-029,Lemon Meringue Cake,3,2026-07-21
BR-G,CAKE-029,Lemon Meringue Cake,1,2026-07-23
BR-G,CAKE-029,Lemon Meringue Cake,1,2026-07-31
BR-G,CAKE-030,Truffle Brownie Cake,23,2026-07-12
BR-G,CAKE-030,Truffle Brownie Cake,3,2026-07-23
BR-H,CAKE-001,Chocolate Fudge Cake,20,2026-07-09
BR-H,CAKE-001,Chocolate Fudge Cake,13,2026-07-17
BR-H,CAKE-002,Vanilla Sponge Cake,20,2026-07-30
BR-H,CAKE-003,Red Velvet Cake,9,2026-07-23
BR-H,CAKE-004,Lemon Drizzle Cake,3,2026-07-14
BR-H,CAKE-004,Lemon Drizzle Cake,1,2026-07-15
BR-H,CAKE-004,Lemon Drizzle Cake,2,2026-07-19
BR-H,CAKE-005,Carrot Cake,1,2026-07-05
BR-H,CAKE-005,Carrot Cake,1,2026-07-06
BR-H,CAKE-005,Carrot Cake,1,2026-07-11
BR-H,CAKE-005,Carrot Cake,6,2026-07-13
BR-H,CAKE-005,Carrot Cake,1,2026-07-17
BR-H,CAKE-006,Black Forest Cake,5,2026-07-05
BR-H,CAKE-006,Black Forest Cake,15,2026-07-23
BR-H,CAKE-006,Black Forest Cake,2,2026-07-24
BR-H,CAKE-007,Strawberry Shortcake,22,2026-07-11
BR-H,CAKE-008,Whole-Wheat Cake,6,2026-07-24
BR-H,CAKE-009,Pineapple Upside-Down Cake,12,2026-07-13
BR-H,CAKE-010,Butter Cake,2,2026-07-02
BR-H,CAKE-010,Butter Cake,3,2026-07-09
BR-H,CAKE-010,Butter Cake,10,2026-07-11
BR-H,CAKE-010,Butter Cake,1,2026-07-15
BR-H,CAKE-010,Butter Cake,3,2026-07-19
BR-H,CAKE-011,German Chocolate Cake,15,2026-07-21
BR-H,CAKE-012,Tiramisu Cake,3,2026-07-09
BR-H,CAKE-012,Tiramisu Cake,4,2026-07-16
BR-H,CAKE-012,Tiramisu Cake,3,2026-07-19
BR-H,CAKE-012,Tiramisu Cake,6,2026-07-28
BR-H,CAKE-013,Cheesecake,24,2026-07-05
BR-H,CAKE-014,Banana Walnut Cake,10,2026-07-19
BR-H,CAKE-015,Apple Cinnamon Cake,6,2026-07-11
BR-H,CAKE-016,Coconut Cake,1,2026-07-02
BR-H,CAKE-016,Coconut Cake,2,2026-07-04
BR-H,CAKE-016,Coconut Cake,3,2026-07-15
BR-H,CAKE-016,Coconut Cake,2,2026-07-22
BR-H,CAKE-016,Coconut Cake,1,2026-07-25
BR-H,CAKE-017,Marble Cake,13,2026-07-01
BR-H,CAKE-018,Mango Mousse Cake,18,2026-07-06
BR-H,CAKE-019,Blueberry Muffin Tray,17,2026-07-01
BR-H,CAKE-020,Almond Gateau,1,2026-07-01
BR-H,CAKE-020,Almond Gateau,7,2026-07-14
BR-H,CAKE-020,Almond Gateau,2,2026-07-22
BR-H,CAKE-021,Hazelnut Praline Cake,4,2026-07-19
BR-H,CAKE-021,Hazelnut Praline Cake,5,2026-07-24
BR-H,CAKE-022,Orange Chiffon Cake,1,2026-07-06
BR-H,CAKE-022,Orange Chiffon Cake,9,2026-07-16
BR-H,CAKE-023,Pistachio Cake,5,2026-07-04
BR-H,CAKE-024,Tres Leches Cake,12,2026-07-26
BR-H,CAKE-025,Honey Cake,7,2026-07-16
BR-H,CAKE-026,Coffee Cake,3,2026-07-05
BR-H,CAKE-026,Coffee Cake,2,2026-07-10
BR-H,CAKE-026,Coffee Cake,2,2026-07-20
BR-H,CAKE-027,Fruit Gateau,1,2026-07-01
BR-H,CAKE-027,Fruit Gateau,3,2026-07-06
BR-H,CAKE-027,Fruit Gateau,2,2026-07-12
BR-H,CAKE-027,Fruit Gateau,9,2026-07-20
BR-H,CAKE-028,Coconut Macaroon Tray,1,2026-07-08
BR-H,CAKE-028,Coconut Macaroon Tray,1,2026-07-09
BR-H,CAKE-028,Coconut Macaroon Tray,1,2026-07-18
BR-H,CAKE-028,Coconut Macaroon Tray,3,2026-07-21
BR-H,CAKE-028,Coconut Macaroon Tray,1,2026-07-30
BR-H,CAKE-029,Lemon Meringue Cake,4,2026-07-09
BR-H,CAKE-029,Lemon Meringue Cake,5,2026-07-19
BR-H,CAKE-030,Truffle Brownie Cake,16,2026-07-03
BR-H,CAKE-030,Truffle Brownie Cake,8,2026-07-29
BR-I,CAKE-001,Chocolate Fudge Cake,2,2026-07-02
BR-I,CAKE-001,Chocolate Fudge Cake,13,2026-07-07
BR-I,CAKE-001,Chocolate Fudge Cake,3,2026-07-09
BR-I,CAKE-001,Chocolate Fudge Cake,2,2026-07-19
BR-I,CAKE-001,Chocolate Fudge Cake,9,2026-07-25
BR-I,CAKE-002,Vanilla Sponge Cake,2,2026-07-01
BR-I,CAKE-002,Vanilla Sponge Cake,3,2026-07-05
BR-I,CAKE-002,Vanilla Sponge Cake,7,2026-07-16
BR-I,CAKE-002,Vanilla Sponge Cake,5,2026-07-30
BR-I,CAKE-003,Red Velvet Cake,8,2026-07-27
BR-I,CAKE-004,Lemon Drizzle Cake,3,2026-07-17
BR-I,CAKE-004,Lemon Drizzle Cake,2,2026-07-29
BR-I,CAKE-005,Carrot Cake,3,2026-07-01
BR-I,CAKE-005,Carrot Cake,3,2026-07-06
BR-I,CAKE-005,Carrot Cake,3,2026-07-27
BR-I,CAKE-006,Black Forest Cake,19,2026-07-26
BR-I,CAKE-007,Strawberry Shortcake,19,2026-07-04
BR-I,CAKE-008,Whole-Wheat Cake,1,2026-07-02
BR-I,CAKE-008,Whole-Wheat Cake,1,2026-07-08
BR-I,CAKE-008,Whole-Wheat Cake,1,2026-07-10
BR-I,CAKE-008,Whole-Wheat Cake,2,2026-07-25
BR-I,CAKE-009,Pineapple Upside-Down Cake,10,2026-07-11
BR-I,CAKE-010,Butter Cake,12,2026-07-18
BR-I,CAKE-010,Butter Cake,4,2026-07-21
BR-I,CAKE-011,German Chocolate Cake,13,2026-07-06
BR-I,CAKE-012,Tiramisu Cake,2,2026-07-03
BR-I,CAKE-012,Tiramisu Cake,11,2026-07-04
BR-I,CAKE-012,Tiramisu Cake,1,2026-07-07
BR-I,CAKE-013,Cheesecake,20,2026-07-23
BR-I,CAKE-014,Banana Walnut Cake,9,2026-07-07
BR-I,CAKE-015,Apple Cinnamon Cake,4,2026-07-12
BR-I,CAKE-015,Apple Cinnamon Cake,2,2026-07-18
BR-I,CAKE-016,Coconut Cake,4,2026-07-01
BR-I,CAKE-016,Coconut Cake,4,2026-07-22
BR-I,CAKE-017,Marble Cake,1,2026-07-06
BR-I,CAKE-017,Marble Cake,10,2026-07-29
BR-I,CAKE-018,Mango Mousse Cake,2,2026-07-13
BR-I,CAKE-018,Mango Mousse Cake,13,2026-07-31
BR-I,CAKE-019,Blueberry Muffin Tray,1,2026-07-08
BR-I,CAKE-019,Blueberry Muffin Tray,2,2026-07-12
BR-I,CAKE-019,Blueberry Muffin Tray,1,2026-07-16
BR-I,CAKE-019,Blueberry Muffin Tray,10,2026-07-23
BR-I,CAKE-020,Almond Gateau,3,2026-07-01
BR-I,CAKE-020,Almond Gateau,3,2026-07-05
BR-I,CAKE-020,Almond Gateau,1,2026-07-21
BR-I,CAKE-020,Almond Gateau,1,2026-07-28
BR-I,CAKE-020,Almond Gateau,1,2026-07-30
BR-I,CAKE-021,Hazelnut Praline Cake,8,2026-07-02
BR-I,CAKE-022,Orange Chiffon Cake,9,2026-07-10
BR-I,CAKE-023,Pistachio Cake,2,2026-07-01
BR-I,CAKE-023,Pistachio Cake,1,2026-07-12
BR-I,CAKE-023,Pistachio Cake,1,2026-07-14
BR-I,CAKE-024,Tres Leches Cake,10,2026-07-08
BR-I,CAKE-025,Honey Cake,1,2026-07-02
BR-I,CAKE-025,Honey Cake,2,2026-07-14
BR-I,CAKE-025,Honey Cake,1,2026-07-15
BR-I,CAKE-025,Honey Cake,2,2026-07-22
BR-I,CAKE-026,Coffee Cake,2,2026-07-04
BR-I,CAKE-026,Coffee Cake,1,2026-07-10
BR-I,CAKE-026,Coffee Cake,1,2026-07-13
BR-I,CAKE-026,Coffee Cake,1,2026-07-15
BR-I,CAKE-026,Coffee Cake,1,2026-07-26
BR-I,CAKE-027,Fruit Gateau,2,2026-07-01
BR-I,CAKE-027,Fruit Gateau,3,2026-07-21
BR-I,CAKE-027,Fruit Gateau,1,2026-07-26
BR-I,CAKE-027,Fruit Gateau,3,2026-07-28
BR-I,CAKE-027,Fruit Gateau,4,2026-07-30
BR-I,CAKE-028,Coconut Macaroon Tray,2,2026-07-13
BR-I,CAKE-028,Coconut Macaroon Tray,2,2026-07-20
BR-I,CAKE-028,Coconut Macaroon Tray,1,2026-07-23
BR-I,CAKE-028,Coconut Macaroon Tray,1,2026-07-31
BR-I,CAKE-029,Lemon Meringue Cake,5,2026-07-02
BR-I,CAKE-029,Lemon Meringue Cake,3,2026-07-18
BR-I,CAKE-030,Truffle Brownie Cake,6,2026-07-03
BR-I,CAKE-030,Truffle Brownie Cake,2,2026-07-12
BR-I,CAKE-030,Truffle Brownie Cake,4,2026-07-24
BR-I,CAKE-030,Truffle Brownie Cake,6,2026-07-28
BR-I,CAKE-030,Truffle Brownie Cake,2,2026-07-29
BR-J,CAKE-001,Chocolate Fudge Cake,30,2026-07-26
BR-J,CAKE-002,Vanilla Sponge Cake,6,2026-07-02
BR-J,CAKE-002,Vanilla Sponge Cake,12,2026-07-31
BR-J,CAKE-003,Red Velvet Cake,1,2026-07-15
BR-J,CAKE-003,Red Velvet Cake,1,2026-07-24
BR-J,CAKE-003,Red Velvet Cake,6,2026-07-25
BR-J,CAKE-004,Lemon Drizzle Cake,3,2026-07-25
BR-J,CAKE-004,Lemon Drizzle Cake,2,2026-07-31
BR-J,CAKE-005,Carrot Cake,10,2026-07-01
BR-J,CAKE-006,Black Forest Cake,20,2026-07-05
BR-J,CAKE-007,Strawberry Shortcake,5,2026-07-01
BR-J,CAKE-007,Strawberry Shortcake,7,2026-07-05
BR-J,CAKE-007,Strawberry Shortcake,7,2026-07-10
BR-J,CAKE-007,Strawberry Shortcake,1,2026-07-28
BR-J,CAKE-008,Whole-Wheat Cake,5,2026-07-10
BR-J,CAKE-009,Pineapple Upside-Down Cake,6,2026-07-06
BR-J,CAKE-009,Pineapple Upside-Down Cake,4,2026-07-07
BR-J,CAKE-010,Butter Cake,11,2026-07-13
BR-J,CAKE-010,Butter Cake,3,2026-07-26
BR-J,CAKE-010,Butter Cake,3,2026-07-27
BR-J,CAKE-011,German Chocolate Cake,8,2026-07-10
BR-J,CAKE-011,German Chocolate Cake,4,2026-07-22
BR-J,CAKE-011,German Chocolate Cake,1,2026-07-25
BR-J,CAKE-012,Tiramisu Cake,5,2026-07-06
BR-J,CAKE-012,Tiramisu Cake,3,2026-07-07
BR-J,CAKE-012,Tiramisu Cake,2,2026-07-10
BR-J,CAKE-012,Tiramisu Cake,3,2026-07-20
BR-J,CAKE-012,Tiramisu Cake,1,2026-07-24
BR-J,CAKE-013,Cheesecake,21,2026-07-19
BR-J,CAKE-014,Banana Walnut Cake,10,2026-07-01
BR-J,CAKE-015,Apple Cinnamon Cake,1,2026-07-05
BR-J,CAKE-015,Apple Cinnamon Cake,1,2026-07-08
BR-J,CAKE-015,Apple Cinnamon Cake,2,2026-07-14
BR-J,CAKE-015,Apple Cinnamon Cake,2,2026-07-28
BR-J,CAKE-016,Coconut Cake,4,2026-07-03
BR-J,CAKE-016,Coconut Cake,2,2026-07-08
BR-J,CAKE-016,Coconut Cake,1,2026-07-15
BR-J,CAKE-016,Coconut Cake,2,2026-07-26
BR-J,CAKE-017,Marble Cake,11,2026-07-02
BR-J,CAKE-018,Mango Mousse Cake,2,2026-07-02
BR-J,CAKE-018,Mango Mousse Cake,1,2026-07-07
BR-J,CAKE-018,Mango Mousse Cake,2,2026-07-08
BR-J,CAKE-018,Mango Mousse Cake,11,2026-07-11
BR-J,CAKE-019,Blueberry Muffin Tray,11,2026-07-10
BR-J,CAKE-019,Blueberry Muffin Tray,4,2026-07-30
BR-J,CAKE-020,Almond Gateau,3,2026-07-07
BR-J,CAKE-020,Almond Gateau,3,2026-07-12
BR-J,CAKE-020,Almond Gateau,2,2026-07-22
BR-J,CAKE-020,Almond Gateau,2,2026-07-28
BR-J,CAKE-021,Hazelnut Praline Cake,6,2026-07-12
BR-J,CAKE-021,Hazelnut Praline Cake,3,2026-07-23
BR-J,CAKE-022,Orange Chiffon Cake,1,2026-07-18
BR-J,CAKE-022,Orange Chiffon Cake,3,2026-07-29
BR-J,CAKE-022,Orange Chiffon Cake,6,2026-07-31
BR-J,CAKE-023,Pistachio Cake,2,2026-07-01
BR-J,CAKE-023,Pistachio Cake,2,2026-07-03
BR-J,CAKE-023,Pistachio Cake,1,2026-07-19
BR-J,CAKE-024,Tres Leches Cake,3,2026-07-07
BR-J,CAKE-024,Tres Leches Cake,1,2026-07-13
BR-J,CAKE-024,Tres Leches Cake,4,2026-07-23
BR-J,CAKE-024,Tres Leches Cake,2,2026-07-28
BR-J,CAKE-025,Honey Cake,1,2026-07-11
BR-J,CAKE-025,Honey Cake,3,2026-07-16
BR-J,CAKE-025,Honey Cake,1,2026-07-19
BR-J,CAKE-025,Honey Cake,2,2026-07-20
BR-J,CAKE-026,Coffee Cake,1,2026-07-10
BR-J,CAKE-026,Coffee Cake,1,2026-07-13
BR-J,CAKE-026,Coffee Cake,1,2026-07-22
BR-J,CAKE-026,Coffee Cake,1,2026-07-26
BR-J,CAKE-026,Coffee Cake,2,2026-07-30
BR-J,CAKE-027,Fruit Gateau,13,2026-07-02
BR-J,CAKE-028,Coconut Macaroon Tray,1,2026-07-12
BR-J,CAKE-028,Coconut Macaroon Tray,6,2026-07-13
BR-J,CAKE-029,Lemon Meringue Cake,9,2026-07-12
BR-J,CAKE-030,Truffle Brownie Cake,3,2026-07-11
BR-J,CAKE-030,Truffle Brownie Cake,18,2026-07-19
BR-K,CAKE-001,Chocolate Fudge Cake,24,2026-07-03
BR-K,CAKE-002,Vanilla Sponge Cake,3,2026-07-02
BR-K,CAKE-002,Vanilla Sponge Cake,11,2026-07-07
BR-K,CAKE-003,Red Velvet Cake,2,2026-07-06
BR-K,CAKE-003,Red Velvet Cake,5,2026-07-08
BR-K,CAKE-004,Lemon Drizzle Cake,1,2026-07-11
BR-K,CAKE-004,Lemon Drizzle Cake,4,2026-07-13
BR-K,CAKE-005,Carrot Cake,1,2026-07-03
BR-K,CAKE-005,Carrot Cake,7,2026-07-31
BR-K,CAKE-006,Black Forest Cake,15,2026-07-08
BR-K,CAKE-007,Strawberry Shortcake,5,2026-07-14
BR-K,CAKE-007,Strawberry Shortcake,11,2026-07-19
BR-K,CAKE-008,Whole-Wheat Cake,4,2026-07-27
BR-K,CAKE-009,Pineapple Upside-Down Cake,9,2026-07-11
BR-K,CAKE-010,Butter Cake,8,2026-07-10
BR-K,CAKE-010,Butter Cake,2,2026-07-19
BR-K,CAKE-010,Butter Cake,3,2026-07-28
BR-K,CAKE-011,German Chocolate Cake,3,2026-07-04
BR-K,CAKE-011,German Chocolate Cake,3,2026-07-13
BR-K,CAKE-011,German Chocolate Cake,1,2026-07-16
BR-K,CAKE-011,German Chocolate Cake,2,2026-07-20
BR-K,CAKE-011,German Chocolate Cake,1,2026-07-23
BR-K,CAKE-012,Tiramisu Cake,7,2026-07-19
BR-K,CAKE-012,Tiramisu Cake,4,2026-07-30
BR-K,CAKE-014,Banana Walnut Cake,8,2026-07-12
BR-K,CAKE-015,Apple Cinnamon Cake,5,2026-07-06
BR-K,CAKE-016,Coconut Cake,7,2026-07-09
BR-K,CAKE-017,Marble Cake,3,2026-07-07
BR-K,CAKE-017,Marble Cake,7,2026-07-23
BR-K,CAKE-018,Mango Mousse Cake,13,2026-07-08
BR-K,CAKE-019,Blueberry Muffin Tray,4,2026-07-06
BR-K,CAKE-019,Blueberry Muffin Tray,8,2026-07-31
BR-K,CAKE-020,Almond Gateau,7,2026-07-15
BR-K,CAKE-020,Almond Gateau,1,2026-07-19
BR-K,CAKE-021,Hazelnut Praline Cake,7,2026-07-07
BR-K,CAKE-022,Orange Chiffon Cake,8,2026-07-30
BR-K,CAKE-023,Pistachio Cake,3,2026-07-12
BR-K,CAKE-024,Tres Leches Cake,9,2026-07-04
BR-K,CAKE-025,Honey Cake,6,2026-07-06
BR-K,CAKE-026,Coffee Cake,5,2026-07-02
BR-K,CAKE-027,Fruit Gateau,8,2026-07-06
BR-K,CAKE-027,Fruit Gateau,3,2026-07-15
BR-K,CAKE-028,Coconut Macaroon Tray,5,2026-07-20
BR-K,CAKE-029,Lemon Meringue Cake,7,2026-07-14
BR-K,CAKE-030,Truffle Brownie Cake,1,2026-07-15
BR-K,CAKE-030,Truffle Brownie Cake,15,2026-07-26
BR-L,CAKE-001,Chocolate Fudge Cake,5,2026-07-03
BR-L,CAKE-001,Chocolate Fudge Cake,23,2026-07-21
BR-L,CAKE-002,Vanilla Sponge Cake,10,2026-07-07
BR-L,CAKE-002,Vanilla Sponge Cake,6,2026-07-18
BR-L,CAKE-003,Red Velvet Cake,8,2026-07-25
BR-L,CAKE-004,Lemon Drizzle Cake,5,2026-07-30
BR-L,CAKE-005,Carrot Cake,9,2026-07-25
BR-L,CAKE-006,Black Forest Cake,11,2026-07-12
BR-L,CAKE-006,Black Forest Cake,4,2026-07-14
BR-L,CAKE-006,Black Forest Cake,1,2026-07-21
BR-L,CAKE-006,Black Forest Cake,1,2026-07-28
BR-L,CAKE-007,Strawberry Shortcake,9,2026-07-08
BR-L,CAKE-007,Strawberry Shortcake,10,2026-07-27
BR-L,CAKE-008,Whole-Wheat Cake,4,2026-07-13
BR-L,CAKE-009,Pineapple Upside-Down Cake,8,2026-07-24
BR-L,CAKE-009,Pineapple Upside-Down Cake,2,2026-07-28
BR-L,CAKE-010,Butter Cake,15,2026-07-28
BR-L,CAKE-011,German Chocolate Cake,12,2026-07-27
BR-L,CAKE-012,Tiramisu Cake,13,2026-07-25
BR-L,CAKE-013,Cheesecake,19,2026-07-22
BR-L,CAKE-014,Banana Walnut Cake,8,2026-07-01
BR-L,CAKE-014,Banana Walnut Cake,1,2026-07-15
BR-L,CAKE-015,Apple Cinnamon Cake,1,2026-07-09
BR-L,CAKE-015,Apple Cinnamon Cake,1,2026-07-17
BR-L,CAKE-015,Apple Cinnamon Cake,1,2026-07-19
BR-L,CAKE-015,Apple Cinnamon Cake,1,2026-07-30
BR-L,CAKE-015,Apple Cinnamon Cake,1,2026-07-31
BR-L,CAKE-016,Coconut Cake,8,2026-07-24
BR-L,CAKE-017,Marble Cake,5,2026-07-07
BR-L,CAKE-017,Marble Cake,1,2026-07-16
BR-L,CAKE-017,Marble Cake,5,2026-07-30
BR-L,CAKE-018,Mango Mousse Cake,8,2026-07-20
BR-L,CAKE-018,Mango Mousse Cake,7,2026-07-24
BR-L,CAKE-019,Blueberry Muffin Tray,2,2026-07-03
BR-L,CAKE-019,Blueberry Muffin Tray,1,2026-07-14
BR-L,CAKE-019,Blueberry Muffin Tray,9,2026-07-19
BR-L,CAKE-019,Blueberry Muffin Tray,2,2026-07-30
BR-L,CAKE-020,Almond Gateau,2,2026-07-09
BR-L,CAKE-020,Almond Gateau,3,2026-07-11
BR-L,CAKE-020,Almond Gateau,3,2026-07-20
BR-L,CAKE-020,Almond Gateau,1,2026-07-24
BR-L,CAKE-021,Hazelnut Praline Cake,2,2026-07-10
BR-L,CAKE-021,Hazelnut Praline Cake,6,2026-07-17
BR-L,CAKE-022,Orange Chiffon Cake,9,2026-07-23
BR-L,CAKE-023,Pistachio Cake,1,2026-07-09
BR-L,CAKE-023,Pistachio Cake,3,2026-07-16
BR-L,CAKE-024,Tres Leches Cake,3,2026-07-16
BR-L,CAKE-024,Tres Leches Cake,7,2026-07-30
BR-L,CAKE-026,Coffee Cake,6,2026-07-06
BR-L,CAKE-027,Fruit Gateau,8,2026-07-12
BR-L,CAKE-027,Fruit Gateau,5,2026-07-28
BR-L,CAKE-029,Lemon Meringue Cake,5,2026-07-13
BR-L,CAKE-029,Lemon Meringue Cake,3,2026-07-31
BR-L,CAKE-030,Truffle Brownie Cake,6,2026-07-07
BR-L,CAKE-030,Truffle Brownie Cake,12,2026-07-19
BR-L,CAKE-030,Truffle Brownie Cake,1,2026-07-25
BR-M,CAKE-001,Chocolate Fudge Cake,1,2026-07-01
BR-M,CAKE-001,Chocolate Fudge Cake,13,2026-07-24
BR-M,CAKE-001,Chocolate Fudge Cake,4,2026-07-31
BR-M,CAKE-002,Vanilla Sponge Cake,3,2026-07-12
BR-M,CAKE-002,Vanilla Sponge Cake,8,2026-07-18
BR-M,CAKE-003,Red Velvet Cake,5,2026-07-26
BR-M,CAKE-004,Lemon Drizzle Cake,3,2026-07-23
BR-M,CAKE-005,Carrot Cake,5,2026-07-01
BR-M,CAKE-005,Carrot Cake,1,2026-07-23
BR-M,CAKE-006,Black Forest Cake,7,2026-07-06
BR-M,CAKE-006,Black Forest Cake,5,2026-07-09
BR-M,CAKE-007,Strawberry Shortcake,2,2026-07-01
BR-M,CAKE-007,Strawberry Shortcake,4,2026-07-06
BR-M,CAKE-007,Strawberry Shortcake,1,2026-07-13
BR-M,CAKE-007,Strawberry Shortcake,4,2026-07-21
BR-M,CAKE-007,Strawberry Shortcake,2,2026-07-27
BR-M,CAKE-008,Whole-Wheat Cake,1,2026-07-18
BR-M,CAKE-008,Whole-Wheat Cake,2,2026-07-29
BR-M,CAKE-009,Pineapple Upside-Down Cake,1,2026-07-09
BR-M,CAKE-009,Pineapple Upside-Down Cake,2,2026-07-16
BR-M,CAKE-009,Pineapple Upside-Down Cake,3,2026-07-31
BR-M,CAKE-010,Butter Cake,11,2026-07-03
BR-M,CAKE-011,German Chocolate Cake,8,2026-07-13
BR-M,CAKE-012,Tiramisu Cake,9,2026-07-15
BR-M,CAKE-013,Cheesecake,2,2026-07-05
BR-M,CAKE-013,Cheesecake,2,2026-07-13
BR-M,CAKE-013,Cheesecake,9,2026-07-24
BR-M,CAKE-014,Banana Walnut Cake,5,2026-07-04
BR-M,CAKE-014,Banana Walnut Cake,1,2026-07-17
BR-M,CAKE-015,Apple Cinnamon Cake,3,2026-07-14
BR-M,CAKE-016,Coconut Cake,1,2026-07-01
BR-M,CAKE-016,Coconut Cake,4,2026-07-14
BR-M,CAKE-017,Marble Cake,7,2026-07-04
BR-M,CAKE-018,Mango Mousse Cake,11,2026-07-01
BR-M,CAKE-019,Blueberry Muffin Tray,10,2026-07-17
BR-M,CAKE-020,Almond Gateau,6,2026-07-11
BR-M,CAKE-021,Hazelnut Praline Cake,5,2026-07-04
BR-M,CAKE-022,Orange Chiffon Cake,2,2026-07-10
BR-M,CAKE-022,Orange Chiffon Cake,4,2026-07-30
BR-M,CAKE-023,Pistachio Cake,3,2026-07-15
BR-M,CAKE-024,Tres Leches Cake,1,2026-07-17
BR-M,CAKE-024,Tres Leches Cake,3,2026-07-22
BR-M,CAKE-024,Tres Leches Cake,2,2026-07-24
BR-M,CAKE-025,Honey Cake,1,2026-07-17
BR-M,CAKE-025,Honey Cake,1,2026-07-25
BR-M,CAKE-025,Honey Cake,2,2026-07-30
BR-M,CAKE-026,Coffee Cake,1,2026-07-09
BR-M,CAKE-026,Coffee Cake,2,2026-07-15
BR-M,CAKE-026,Coffee Cake,1,2026-07-19
BR-M,CAKE-027,Fruit Gateau,2,2026-07-13
BR-M,CAKE-027,Fruit Gateau,2,2026-07-21
BR-M,CAKE-027,Fruit Gateau,5,2026-07-22
BR-M,CAKE-028,Coconut Macaroon Tray,4,2026-07-05
BR-M,CAKE-029,Lemon Meringue Cake,2,2026-07-02
BR-M,CAKE-029,Lemon Meringue Cake,1,2026-07-18
BR-M,CAKE-029,Lemon Meringue Cake,1,2026-07-21
BR-M,CAKE-029,Lemon Meringue Cake,1,2026-07-29
BR-M,CAKE-030,Truffle Brownie Cake,13,2026-07-17
BR-N,CAKE-001,Chocolate Fudge Cake,17,2026-07-08
BR-N,CAKE-002,Vanilla Sponge Cake,3,2026-07-14
BR-N,CAKE-002,Vanilla Sponge Cake,5,2026-07-16
BR-N,CAKE-002,Vanilla Sponge Cake,2,2026-07-23
BR-N,CAKE-003,Red Velvet Cake,2,2026-07-04
BR-N,CAKE-003,Red Velvet Cake,2,2026-07-09
BR-N,CAKE-003,Red Velvet Cake,1,2026-07-31
BR-N,CAKE-004,Lemon Drizzle Cake,3,2026-07-08
BR-N,CAKE-005,Carrot Cake,5,2026-07-04
BR-N,CAKE-006,Black Forest Cake,7,2026-07-08
BR-N,CAKE-006,Black Forest Cake,4,2026-07-13
BR-N,CAKE-007,Strawberry Shortcake,10,2026-07-08
BR-N,CAKE-007,Strawberry Shortcake,2,2026-07-27
BR-N,CAKE-008,Whole-Wheat Cake,1,2026-07-16
BR-N,CAKE-008,Whole-Wheat Cake,1,2026-07-31
BR-N,CAKE-009,Pineapple Upside-Down Cake,1,2026-07-03
BR-N,CAKE-009,Pineapple Upside-Down Cake,2,2026-07-14
BR-N,CAKE-009,Pineapple Upside-Down Cake,1,2026-07-17
BR-N,CAKE-009,Pineapple Upside-Down Cake,1,2026-07-22
BR-N,CAKE-011,German Chocolate Cake,3,2026-07-03
BR-N,CAKE-011,German Chocolate Cake,1,2026-07-08
BR-N,CAKE-011,German Chocolate Cake,3,2026-07-23
BR-N,CAKE-012,Tiramisu Cake,2,2026-07-07
BR-N,CAKE-012,Tiramisu Cake,6,2026-07-24
BR-N,CAKE-013,Cheesecake,12,2026-07-01
BR-N,CAKE-014,Banana Walnut Cake,5,2026-07-17
BR-N,CAKE-015,Apple Cinnamon Cake,1,2026-07-04
BR-N,CAKE-015,Apple Cinnamon Cake,1,2026-07-26
BR-N,CAKE-015,Apple Cinnamon Cake,1,2026-07-29
BR-N,CAKE-016,Coconut Cake,4,2026-07-25
BR-N,CAKE-017,Marble Cake,6,2026-07-16
BR-N,CAKE-018,Mango Mousse Cake,2,2026-07-02
BR-N,CAKE-018,Mango Mousse Cake,8,2026-07-18
BR-N,CAKE-019,Blueberry Muffin Tray,9,2026-07-04
BR-N,CAKE-020,Almond Gateau,4,2026-07-02
BR-N,CAKE-020,Almond Gateau,1,2026-07-09
BR-N,CAKE-021,Hazelnut Praline Cake,2,2026-07-06
BR-N,CAKE-021,Hazelnut Praline Cake,1,2026-07-11
BR-N,CAKE-021,Hazelnut Praline Cake,1,2026-07-22
BR-N,CAKE-022,Orange Chiffon Cake,1,2026-07-08
BR-N,CAKE-022,Orange Chiffon Cake,1,2026-07-16
BR-N,CAKE-022,Orange Chiffon Cake,2,2026-07-19
BR-N,CAKE-022,Orange Chiffon Cake,1,2026-07-22
BR-N,CAKE-023,Pistachio Cake,2,2026-07-17
BR-N,CAKE-024,Tres Leches Cake,3,2026-07-06
BR-N,CAKE-024,Tres Leches Cake,2,2026-07-12
BR-N,CAKE-025,Honey Cake,1,2026-07-01
BR-N,CAKE-025,Honey Cake,1,2026-07-03
BR-N,CAKE-025,Honey Cake,1,2026-07-18
BR-N,CAKE-025,Honey Cake,1,2026-07-27
BR-N,CAKE-026,Coffee Cake,1,2026-07-11
BR-N,CAKE-026,Coffee Cake,1,2026-07-13
BR-N,CAKE-026,Coffee Cake,1,2026-07-24
BR-N,CAKE-026,Coffee Cake,1,2026-07-25
BR-N,CAKE-027,Fruit Gateau,8,2026-07-07
BR-N,CAKE-028,Coconut Macaroon Tray,4,2026-07-30
BR-N,CAKE-029,Lemon Meringue Cake,1,2026-07-01
BR-N,CAKE-029,Lemon Meringue Cake,1,2026-07-03
BR-N,CAKE-029,Lemon Meringue Cake,1,2026-07-05
BR-N,CAKE-029,Lemon Meringue Cake,1,2026-07-11
BR-N,CAKE-030,Truffle Brownie Cake,4,2026-07-03
BR-N,CAKE-030,Truffle Brownie Cake,8,2026-07-19
BR-O,CAKE-001,Chocolate Fudge Cake,21,2026-07-26
BR-O,CAKE-002,Vanilla Sponge Cake,6,2026-07-13
BR-O,CAKE-002,Vanilla Sponge Cake,6,2026-07-20
BR-O,CAKE-003,Red Velvet Cake,2,2026-07-06
BR-O,CAKE-003,Red Velvet Cake,1,2026-07-08
BR-O,CAKE-003,Red Velvet Cake,1,2026-07-13
BR-O,CAKE-003,Red Velvet Cake,2,2026-07-16
BR-O,CAKE-004,Lemon Drizzle Cake,4,2026-07-05
BR-O,CAKE-005,Carrot Cake,7,2026-07-09
BR-O,CAKE-009,Pineapple Upside-Down Cake,5,2026-07-20
BR-O,CAKE-009,Pineapple Upside-Down Cake,2,2026-07-21
BR-O,CAKE-010,Butter Cake,2,2026-07-12
BR-O,CAKE-010,Butter Cake,9,2026-07-17
BR-O,CAKE-010,Butter Cake,1,2026-07-19
BR-O,CAKE-011,German Chocolate Cake,2,2026-07-02
BR-O,CAKE-011,German Chocolate Cake,3,2026-07-06
BR-O,CAKE-011,German Chocolate Cake,1,2026-07-08
BR-O,CAKE-011,German Chocolate Cake,3,2026-07-17
BR-O,CAKE-012,Tiramisu Cake,1,2026-07-10
BR-O,CAKE-012,Tiramisu Cake,4,2026-07-17
BR-O,CAKE-012,Tiramisu Cake,5,2026-07-26
BR-O,CAKE-013,Cheesecake,15,2026-07-20
BR-O,CAKE-014,Banana Walnut Cake,2,2026-07-11
BR-O,CAKE-014,Banana Walnut Cake,2,2026-07-14
BR-O,CAKE-014,Banana Walnut Cake,3,2026-07-26
BR-O,CAKE-015,Apple Cinnamon Cake,3,2026-07-09
BR-O,CAKE-015,Apple Cinnamon Cake,1,2026-07-15
BR-O,CAKE-016,Coconut Cake,6,2026-07-23
BR-O,CAKE-017,Marble Cake,3,2026-07-16
BR-O,CAKE-017,Marble Cake,5,2026-07-21
BR-O,CAKE-018,Mango Mousse Cake,7,2026-07-05
BR-O,CAKE-018,Mango Mousse Cake,1,2026-07-14
BR-O,CAKE-018,Mango Mousse Cake,4,2026-07-16
BR-O,CAKE-019,Blueberry Muffin Tray,7,2026-07-05
BR-O,CAKE-019,Blueberry Muffin Tray,4,2026-07-21
BR-O,CAKE-020,Almond Gateau,7,2026-07-16
BR-O,CAKE-022,Orange Chiffon Cake,1,2026-07-23
BR-O,CAKE-022,Orange Chiffon Cake,1,2026-07-27
BR-O,CAKE-022,Orange Chiffon Cake,2,2026-07-30
BR-O,CAKE-022,Orange Chiffon Cake,3,2026-07-31
BR-O,CAKE-023,Pistachio Cake,1,2026-07-13
BR-O,CAKE-023,Pistachio Cake,1,2026-07-17
BR-O,CAKE-023,Pistachio Cake,1,2026-07-20
BR-O,CAKE-024,Tres Leches Cake,7,2026-07-01
BR-O,CAKE-025,Honey Cake,3,2026-07-20
BR-O,CAKE-025,Honey Cake,1,2026-07-24
BR-O,CAKE-026,Coffee Cake,2,2026-07-07
BR-O,CAKE-026,Coffee Cake,3,2026-07-15
BR-O,CAKE-027,Fruit Gateau,10,2026-07-29
BR-O,CAKE-028,Coconut Macaroon Tray,1,2026-07-16
BR-O,CAKE-028,Coconut Macaroon Tray,1,2026-07-26
BR-O,CAKE-028,Coconut Macaroon Tray,1,2026-07-28
BR-O,CAKE-028,Coconut Macaroon Tray,1,2026-07-31
BR-O,CAKE-029,Lemon Meringue Cake,2,2026-07-09
BR-O,CAKE-029,Lemon Meringue Cake,4,2026-07-10
BR-O,CAKE-030,Truffle Brownie Cake,15,2026-07-06
BR-P,CAKE-001,Chocolate Fudge Cake,7,2026-07-03
BR-P,CAKE-001,Chocolate Fudge Cake,8,2026-07-08
BR-P,CAKE-001,Chocolate Fudge Cake,3,2026-07-25
BR-P,CAKE-002,Vanilla Sponge Cake,8,2026-07-10
BR-P,CAKE-002,Vanilla Sponge Cake,3,2026-07-18
BR-P,CAKE-003,Red Velvet Cake,2,2026-07-04
BR-P,CAKE-003,Red Velvet Cake,1,2026-07-10
BR-P,CAKE-003,Red Velvet Cake,1,2026-07-12
BR-P,CAKE-003,Red Velvet Cake,1,2026-07-19
BR-P,CAKE-004,Lemon Drizzle Cake,3,2026-07-02
BR-P,CAKE-005,Carrot Cake,6,2026-07-01
BR-P,CAKE-006,Black Forest Cake,9,2026-07-15
BR-P,CAKE-006,Black Forest Cake,3,2026-07-25
BR-P,CAKE-008,Whole-Wheat Cake,3,2026-07-05
BR-P,CAKE-009,Pineapple Upside-Down Cake,6,2026-07-14
BR-P,CAKE-010,Butter Cake,11,2026-07-10
BR-P,CAKE-011,German Chocolate Cake,2,2026-07-04
BR-P,CAKE-011,German Chocolate Cake,3,2026-07-08
BR-P,CAKE-011,German Chocolate Cake,3,2026-07-15
BR-P,CAKE-012,Tiramisu Cake,9,2026-07-24
BR-P,CAKE-013,Cheesecake,4,2026-07-23
BR-P,CAKE-013,Cheesecake,6,2026-07-28
BR-P,CAKE-013,Cheesecake,3,2026-07-30
BR-P,CAKE-014,Banana Walnut Cake,1,2026-07-09
BR-P,CAKE-014,Banana Walnut Cake,5,2026-07-16
BR-P,CAKE-015,Apple Cinnamon Cake,3,2026-07-09
BR-P,CAKE-016,Coconut Cake,1,2026-07-21
BR-P,CAKE-016,Coconut Cake,4,2026-07-26
BR-P,CAKE-017,Marble Cake,7,2026-07-13
BR-P,CAKE-018,Mango Mousse Cake,1,2026-07-05
BR-P,CAKE-018,Mango Mousse Cake,9,2026-07-11
BR-P,CAKE-018,Mango Mousse Cake,1,2026-07-12
BR-P,CAKE-019,Blueberry Muffin Tray,10,2026-07-20
BR-P,CAKE-020,Almond Gateau,2,2026-07-04
BR-P,CAKE-020,Almond Gateau,1,2026-07-14
BR-P,CAKE-020,Almond Gateau,3,2026-07-21
BR-P,CAKE-021,Hazelnut Praline Cake,1,2026-07-06
BR-P,CAKE-021,Hazelnut Praline Cake,2,2026-07-11
BR-P,CAKE-021,Hazelnut Praline Cake,2,2026-07-29
BR-P,CAKE-022,Orange Chiffon Cake,4,2026-07-19
BR-P,CAKE-022,Orange Chiffon Cake,2,2026-07-22
BR-P,CAKE-023,Pistachio Cake,3,2026-07-11
BR-P,CAKE-024,Tres Leches Cake,1,2026-07-05
BR-P,CAKE-024,Tres Leches Cake,2,2026-07-21
BR-P,CAKE-024,Tres Leches Cake,1,2026-07-28
BR-P,CAKE-024,Tres Leches Cake,2,2026-07-31
BR-P,CAKE-025,Honey Cake,1,2026-07-05
BR-P,CAKE-025,Honey Cake,2,2026-07-19
BR-P,CAKE-025,Honey Cake,1,2026-07-21
BR-P,CAKE-026,Coffee Cake,4,2026-07-20
BR-P,CAKE-027,Fruit Gateau,1,2026-07-05
BR-P,CAKE-027,Fruit Gateau,8,2026-07-16
BR-P,CAKE-028,Coconut Macaroon Tray,4,2026-07-10
BR-P,CAKE-029,Lemon Meringue Cake,5,2026-07-19
BR-P,CAKE-030,Truffle Brownie Cake,2,2026-07-12
BR-P,CAKE-030,Truffle Brownie Cake,2,2026-07-14
BR-P,CAKE-030,Truffle Brownie Cake,3,2026-07-23
BR-P,CAKE-030,Truffle Brownie Cake,6,2026-07-29
BR-Q,CAKE-001,Chocolate Fudge Cake,1,2026-07-02
BR-Q,CAKE-001,Chocolate Fudge Cake,2,2026-07-07
BR-Q,CAKE-001,Chocolate Fudge Cake,1,2026-07-15
BR-Q,CAKE-001,Chocolate Fudge Cake,6,2026-07-20
BR-Q,CAKE-001,Chocolate Fudge Cake,3,2026-07-27
BR-Q,CAKE-002,Vanilla Sponge Cake,3,2026-07-03
BR-Q,CAKE-002,Vanilla Sponge Cake,4,2026-07-07
BR-Q,CAKE-002,Vanilla Sponge Cake,1,2026-07-19
BR-Q,CAKE-003,Red Velvet Cake,1,2026-07-17
BR-Q,CAKE-003,Red Velvet Cake,1,2026-07-28
BR-Q,CAKE-003,Red Velvet Cake,1,2026-07-31
BR-Q,CAKE-004,Lemon Drizzle Cake,2,2026-07-06
BR-Q,CAKE-005,Carrot Cake,1,2026-07-04
BR-Q,CAKE-005,Carrot Cake,1,2026-07-27
BR-Q,CAKE-005,Carrot Cake,1,2026-07-29
BR-Q,CAKE-005,Carrot Cake,1,2026-07-31
BR-Q,CAKE-007,Strawberry Shortcake,8,2026-07-09
BR-Q,CAKE-008,Whole-Wheat Cake,1,2026-07-03
BR-Q,CAKE-008,Whole-Wheat Cake,1,2026-07-24
BR-Q,CAKE-009,Pineapple Upside-Down Cake,4,2026-07-25
BR-Q,CAKE-010,Butter Cake,4,2026-07-07
BR-Q,CAKE-010,Butter Cake,3,2026-07-27
BR-Q,CAKE-011,German Chocolate Cake,6,2026-07-01
BR-Q,CAKE-012,Tiramisu Cake,2,2026-07-01
BR-Q,CAKE-012,Tiramisu Cake,1,2026-07-02
BR-Q,CAKE-012,Tiramisu Cake,1,2026-07-03
BR-Q,CAKE-012,Tiramisu Cake,1,2026-07-05
BR-Q,CAKE-012,Tiramisu Cake,1,2026-07-31
BR-Q,CAKE-013,Cheesecake,2,2026-07-04
BR-Q,CAKE-013,Cheesecake,2,2026-07-17
BR-Q,CAKE-013,Cheesecake,2,2026-07-19
BR-Q,CAKE-013,Cheesecake,3,2026-07-28
BR-Q,CAKE-014,Banana Walnut Cake,1,2026-07-12
BR-Q,CAKE-014,Banana Walnut Cake,1,2026-07-14
BR-Q,CAKE-014,Banana Walnut Cake,2,2026-07-25
BR-Q,CAKE-015,Apple Cinnamon Cake,1,2026-07-09
BR-Q,CAKE-015,Apple Cinnamon Cake,1,2026-07-14
BR-Q,CAKE-015,Apple Cinnamon Cake,1,2026-07-16
BR-Q,CAKE-016,Coconut Cake,4,2026-07-08
BR-Q,CAKE-017,Marble Cake,3,2026-07-20
BR-Q,CAKE-017,Marble Cake,1,2026-07-25
BR-Q,CAKE-017,Marble Cake,1,2026-07-30
BR-Q,CAKE-018,Mango Mousse Cake,2,2026-07-05
BR-Q,CAKE-018,Mango Mousse Cake,4,2026-07-27
BR-Q,CAKE-018,Mango Mousse Cake,1,2026-07-31
BR-Q,CAKE-019,Blueberry Muffin Tray,2,2026-07-01
BR-Q,CAKE-019,Blueberry Muffin Tray,1,2026-07-13
BR-Q,CAKE-019,Blueberry Muffin Tray,2,2026-07-14
BR-Q,CAKE-019,Blueberry Muffin Tray,1,2026-07-15
BR-Q,CAKE-019,Blueberry Muffin Tray,1,2026-07-28
BR-Q,CAKE-021,Hazelnut Praline Cake,1,2026-07-02
BR-Q,CAKE-021,Hazelnut Praline Cake,1,2026-07-17
BR-Q,CAKE-021,Hazelnut Praline Cake,1,2026-07-18
BR-Q,CAKE-022,Orange Chiffon Cake,1,2026-07-08
BR-Q,CAKE-022,Orange Chiffon Cake,1,2026-07-09
BR-Q,CAKE-022,Orange Chiffon Cake,1,2026-07-10
BR-Q,CAKE-022,Orange Chiffon Cake,1,2026-07-27
BR-Q,CAKE-023,Pistachio Cake,2,2026-07-24
BR-Q,CAKE-024,Tres Leches Cake,1,2026-07-15
BR-Q,CAKE-024,Tres Leches Cake,1,2026-07-16
BR-Q,CAKE-024,Tres Leches Cake,2,2026-07-27
BR-Q,CAKE-025,Honey Cake,1,2026-07-04
BR-Q,CAKE-025,Honey Cake,1,2026-07-08
BR-Q,CAKE-025,Honey Cake,1,2026-07-30
BR-Q,CAKE-026,Coffee Cake,3,2026-07-02
BR-Q,CAKE-027,Fruit Gateau,6,2026-07-04
BR-Q,CAKE-028,Coconut Macaroon Tray,3,2026-07-07
BR-Q,CAKE-029,Lemon Meringue Cake,4,2026-07-16
BR-Q,CAKE-030,Truffle Brownie Cake,6,2026-07-01
BR-Q,CAKE-030,Truffle Brownie Cake,1,2026-07-03
BR-Q,CAKE-030,Truffle Brownie Cake,1,2026-07-15
BR-Q,CAKE-030,Truffle Brownie Cake,1,2026-07-30
BR-R,CAKE-001,Chocolate Fudge Cake,1,2026-07-18
BR-R,CAKE-001,Chocolate Fudge Cake,13,2026-07-30
BR-R,CAKE-002,Vanilla Sponge Cake,8,2026-07-03
BR-R,CAKE-003,Red Velvet Cake,1,2026-07-01
BR-R,CAKE-003,Red Velvet Cake,3,2026-07-08
BR-R,CAKE-004,Lemon Drizzle Cake,1,2026-07-12
BR-R,CAKE-004,Lemon Drizzle Cake,1,2026-07-14
BR-R,CAKE-005,Carrot Cake,2,2026-07-03
BR-R,CAKE-005,Carrot Cake,2,2026-07-22
BR-R,CAKE-006,Black Forest Cake,8,2026-07-29
BR-R,CAKE-007,Strawberry Shortcake,2,2026-07-09
BR-R,CAKE-007,Strawberry Shortcake,4,2026-07-16
BR-R,CAKE-007,Strawberry Shortcake,1,2026-07-19
BR-R,CAKE-007,Strawberry Shortcake,1,2026-07-23
BR-R,CAKE-008,Whole-Wheat Cake,1,2026-07-22
BR-R,CAKE-008,Whole-Wheat Cake,1,2026-07-30
BR-R,CAKE-009,Pineapple Upside-Down Cake,1,2026-07-02
BR-R,CAKE-009,Pineapple Upside-Down Cake,1,2026-07-04
BR-R,CAKE-009,Pineapple Upside-Down Cake,1,2026-07-06
BR-R,CAKE-009,Pineapple Upside-Down Cake,1,2026-07-16
BR-R,CAKE-010,Butter Cake,7,2026-07-04
BR-R,CAKE-011,German Chocolate Cake,1,2026-07-03
BR-R,CAKE-011,German Chocolate Cake,4,2026-07-09
BR-R,CAKE-011,German Chocolate Cake,1,2026-07-12
BR-R,CAKE-012,Tiramisu Cake,2,2026-07-02
BR-R,CAKE-012,Tiramisu Cake,1,2026-07-05
BR-R,CAKE-012,Tiramisu Cake,1,2026-07-19
BR-R,CAKE-012,Tiramisu Cake,1,2026-07-22
BR-R,CAKE-012,Tiramisu Cake,1,2026-07-30
BR-R,CAKE-013,Cheesecake,1,2026-07-09
BR-R,CAKE-013,Cheesecake,1,2026-07-13
BR-R,CAKE-013,Cheesecake,6,2026-07-15
BR-R,CAKE-013,Cheesecake,2,2026-07-30
BR-R,CAKE-014,Banana Walnut Cake,4,2026-07-06
BR-R,CAKE-015,Apple Cinnamon Cake,1,2026-07-12
BR-R,CAKE-015,Apple Cinnamon Cake,1,2026-07-24
BR-R,CAKE-015,Apple Cinnamon Cake,1,2026-07-26
BR-R,CAKE-016,Coconut Cake,1,2026-07-17
BR-R,CAKE-016,Coconut Cake,3,2026-07-20
BR-R,CAKE-017,Marble Cake,2,2026-07-02
BR-R,CAKE-017,Marble Cake,1,2026-07-07
BR-R,CAKE-017,Marble Cake,1,2026-07-16
BR-R,CAKE-017,Marble Cake,1,2026-07-21
BR-R,CAKE-018,Mango Mousse Cake,1,2026-07-23
BR-R,CAKE-018,Mango Mousse Cake,3,2026-07-27
BR-R,CAKE-018,Mango Mousse Cake,1,2026-07-29
BR-R,CAKE-018,Mango Mousse Cake,2,2026-07-30
BR-R,CAKE-019,Blueberry Muffin Tray,7,2026-07-27
BR-R,CAKE-020,Almond Gateau,4,2026-07-27
BR-R,CAKE-021,Hazelnut Praline Cake,1,2026-07-04
BR-R,CAKE-021,Hazelnut Praline Cake,1,2026-07-06
BR-R,CAKE-021,Hazelnut Praline Cake,1,2026-07-11
BR-R,CAKE-022,Orange Chiffon Cake,1,2026-07-05
BR-R,CAKE-022,Orange Chiffon Cake,2,2026-07-09
BR-R,CAKE-022,Orange Chiffon Cake,1,2026-07-14
BR-R,CAKE-023,Pistachio Cake,1,2026-07-03
BR-R,CAKE-023,Pistachio Cake,1,2026-07-13
BR-R,CAKE-024,Tres Leches Cake,4,2026-07-06
BR-R,CAKE-025,Honey Cake,3,2026-07-16
BR-R,CAKE-026,Coffee Cake,3,2026-07-05
BR-R,CAKE-027,Fruit Gateau,1,2026-07-05
BR-R,CAKE-027,Fruit Gateau,1,2026-07-15
BR-R,CAKE-027,Fruit Gateau,2,2026-07-19
BR-R,CAKE-027,Fruit Gateau,1,2026-07-23
BR-R,CAKE-027,Fruit Gateau,1,2026-07-26
BR-R,CAKE-030,Truffle Brownie Cake,10,2026-07-05
BR-S,CAKE-001,Chocolate Fudge Cake,12,2026-07-10
BR-S,CAKE-001,Chocolate Fudge Cake,2,2026-07-18
BR-S,CAKE-002,Vanilla Sponge Cake,2,2026-07-09
BR-S,CAKE-002,Vanilla Sponge Cake,3,2026-07-19
BR-S,CAKE-002,Vanilla Sponge Cake,3,2026-07-26
BR-S,CAKE-003,Red Velvet Cake,4,2026-07-08
BR-S,CAKE-004,Lemon Drizzle Cake,1,2026-07-10
BR-S,CAKE-004,Lemon Drizzle Cake,1,2026-07-13
BR-S,CAKE-005,Carrot Cake,2,2026-07-06
BR-S,CAKE-005,Carrot Cake,2,2026-07-13
BR-S,CAKE-006,Black Forest Cake,5,2026-07-10
BR-S,CAKE-006,Black Forest Cake,3,2026-07-28
BR-S,CAKE-007,Strawberry Shortcake,8,2026-07-28
BR-S,CAKE-008,Whole-Wheat Cake,2,2026-07-05
BR-S,CAKE-009,Pineapple Upside-Down Cake,2,2026-07-03
BR-S,CAKE-009,Pineapple Upside-Down Cake,2,2026-07-22
BR-S,CAKE-010,Butter Cake,5,2026-07-20
BR-S,CAKE-010,Butter Cake,2,2026-07-26
BR-S,CAKE-011,German Chocolate Cake,1,2026-07-02
BR-S,CAKE-011,German Chocolate Cake,5,2026-07-15
BR-S,CAKE-012,Tiramisu Cake,3,2026-07-03
BR-S,CAKE-012,Tiramisu Cake,1,2026-07-14
BR-S,CAKE-012,Tiramisu Cake,2,2026-07-22
BR-S,CAKE-015,Apple Cinnamon Cake,3,2026-07-30
BR-S,CAKE-016,Coconut Cake,4,2026-07-27
BR-S,CAKE-017,Marble Cake,1,2026-07-12
BR-S,CAKE-017,Marble Cake,1,2026-07-14
BR-S,CAKE-017,Marble Cake,1,2026-07-23
BR-S,CAKE-017,Marble Cake,1,2026-07-24
BR-S,CAKE-017,Marble Cake,1,2026-07-31
BR-S,CAKE-018,Mango Mousse Cake,6,2026-07-26
BR-S,CAKE-018,Mango Mousse Cake,1,2026-07-29
BR-S,CAKE-019,Blueberry Muffin Tray,7,2026-07-26
BR-S,CAKE-020,Almond Gateau,1,2026-07-01
BR-S,CAKE-020,Almond Gateau,2,2026-07-05
BR-S,CAKE-020,Almond Gateau,1,2026-07-22
BR-S,CAKE-021,Hazelnut Praline Cake,3,2026-07-09
BR-S,CAKE-022,Orange Chiffon Cake,3,2026-07-11
BR-S,CAKE-022,Orange Chiffon Cake,1,2026-07-31
BR-S,CAKE-023,Pistachio Cake,2,2026-07-23
BR-S,CAKE-024,Tres Leches Cake,4,2026-07-27
BR-S,CAKE-025,Honey Cake,3,2026-07-17
BR-S,CAKE-026,Coffee Cake,1,2026-07-16
BR-S,CAKE-026,Coffee Cake,1,2026-07-17
BR-S,CAKE-026,Coffee Cake,1,2026-07-19
BR-S,CAKE-027,Fruit Gateau,6,2026-07-11
BR-S,CAKE-028,Coconut Macaroon Tray,1,2026-07-20
BR-S,CAKE-028,Coconut Macaroon Tray,1,2026-07-21
BR-S,CAKE-028,Coconut Macaroon Tray,1,2026-07-29
BR-S,CAKE-029,Lemon Meringue Cake,1,2026-07-09
BR-S,CAKE-029,Lemon Meringue Cake,1,2026-07-13
BR-S,CAKE-029,Lemon Meringue Cake,1,2026-07-20
BR-S,CAKE-029,Lemon Meringue Cake,1,2026-07-30
BR-T,CAKE-001,Chocolate Fudge Cake,6,2026-07-14
BR-T,CAKE-002,Vanilla Sponge Cake,1,2026-07-17
BR-T,CAKE-002,Vanilla Sponge Cake,1,2026-07-26
BR-T,CAKE-002,Vanilla Sponge Cake,1,2026-07-31
BR-T,CAKE-003,Red Velvet Cake,2,2026-07-23
BR-T,CAKE-004,Lemon Drizzle Cake,1,2026-07-12
BR-T,CAKE-005,Carrot Cake,2,2026-07-21
BR-T,CAKE-006,Black Forest Cake,1,2026-07-10
BR-T,CAKE-006,Black Forest Cake,2,2026-07-29
BR-T,CAKE-007,Strawberry Shortcake,1,2026-07-11
BR-T,CAKE-007,Strawberry Shortcake,1,2026-07-29
BR-T,CAKE-007,Strawberry Shortcake,1,2026-07-30
BR-T,CAKE-008,Whole-Wheat Cake,1,2026-07-15
BR-T,CAKE-009,Pineapple Upside-Down Cake,2,2026-07-03
BR-T,CAKE-010,Butter Cake,3,2026-07-01
BR-T,CAKE-012,Tiramisu Cake,3,2026-07-30
BR-T,CAKE-013,Cheesecake,3,2026-07-22
BR-T,CAKE-014,Banana Walnut Cake,1,2026-07-01
BR-T,CAKE-014,Banana Walnut Cake,1,2026-07-27
BR-T,CAKE-015,Apple Cinnamon Cake,1,2026-07-11
BR-T,CAKE-016,Coconut Cake,2,2026-07-14
BR-T,CAKE-017,Marble Cake,1,2026-07-27
BR-T,CAKE-017,Marble Cake,1,2026-07-28
BR-T,CAKE-018,Mango Mousse Cake,3,2026-07-31
BR-T,CAKE-019,Blueberry Muffin Tray,1,2026-07-16
BR-T,CAKE-019,Blueberry Muffin Tray,1,2026-07-24
BR-T,CAKE-019,Blueberry Muffin Tray,1,2026-07-27
BR-T,CAKE-020,Almond Gateau,1,2026-07-02
BR-T,CAKE-020,Almond Gateau,1,2026-07-13
BR-T,CAKE-021,Hazelnut Praline Cake,1,2026-07-18
BR-T,CAKE-021,Hazelnut Praline Cake,1,2026-07-20
BR-T,CAKE-022,Orange Chiffon Cake,2,2026-07-13
BR-T,CAKE-023,Pistachio Cake,1,2026-07-17
BR-T,CAKE-024,Tres Leches Cake,1,2026-07-18
BR-T,CAKE-024,Tres Leches Cake,1,2026-07-31
BR-T,CAKE-025,Honey Cake,1,2026-07-08
BR-T,CAKE-026,Coffee Cake,1,2026-07-17
BR-T,CAKE-027,Fruit Gateau,3,2026-07-01
BR-T,CAKE-028,Coconut Macaroon Tray,1,2026-07-11
BR-T,CAKE-029,Lemon Meringue Cake,1,2026-07-13
BR-T,CAKE-029,Lemon Meringue Cake,1,2026-07-14
BR-T,CAKE-030,Truffle Brownie Cake,3,2026-07-02
BR-A,CAKE-001,Chocolate Fudge Cake,64,2026-08-24
BR-A,CAKE-002,Vanilla Sponge Cake,41,2026-08-22
BR-A,CAKE-003,Red Velvet Cake,18,2026-08-28
BR-A,CAKE-004,Lemon Drizzle Cake,6,2026-08-02
BR-A,CAKE-004,Lemon Drizzle Cake,1,2026-08-14
BR-A,CAKE-004,Lemon Drizzle Cake,1,2026-08-22
BR-A,CAKE-004,Lemon Drizzle Cake,4,2026-08-28
BR-A,CAKE-005,Carrot Cake,8,2026-08-01
BR-A,CAKE-005,Carrot Cake,14,2026-08-14
BR-A,CAKE-006,Black Forest Cake,24,2026-08-24
BR-A,CAKE-006,Black Forest Cake,25,2026-08-25
BR-A,CAKE-007,Strawberry Shortcake,45,2026-08-01
BR-A,CAKE-008,Whole-Wheat Cake,1,2026-08-11
BR-A,CAKE-008,Whole-Wheat Cake,2,2026-08-22
BR-A,CAKE-008,Whole-Wheat Cake,8,2026-08-27
BR-A,CAKE-009,Pineapple Upside-Down Cake,23,2026-08-17
BR-A,CAKE-010,Butter Cake,7,2026-08-03
BR-A,CAKE-010,Butter Cake,14,2026-08-10
BR-A,CAKE-010,Butter Cake,19,2026-08-21
BR-A,CAKE-011,German Chocolate Cake,29,2026-08-15
BR-A,CAKE-012,Tiramisu Cake,31,2026-08-23
BR-A,CAKE-013,Cheesecake,47,2026-08-17
BR-A,CAKE-014,Banana Walnut Cake,14,2026-08-13
BR-A,CAKE-014,Banana Walnut Cake,8,2026-08-26
BR-A,CAKE-015,Apple Cinnamon Cake,13,2026-08-27
BR-A,CAKE-016,Coconut Cake,19,2026-08-26
BR-A,CAKE-017,Marble Cake,26,2026-08-31
BR-A,CAKE-018,Mango Mousse Cake,34,2026-08-31
BR-A,CAKE-019,Blueberry Muffin Tray,4,2026-08-01
BR-A,CAKE-019,Blueberry Muffin Tray,1,2026-08-07
BR-A,CAKE-019,Blueberry Muffin Tray,10,2026-08-12
BR-A,CAKE-019,Blueberry Muffin Tray,18,2026-08-26
BR-A,CAKE-019,Blueberry Muffin Tray,2,2026-08-27
BR-A,CAKE-020,Almond Gateau,15,2026-08-03
BR-A,CAKE-020,Almond Gateau,2,2026-08-05
BR-A,CAKE-020,Almond Gateau,4,2026-08-22
BR-A,CAKE-021,Hazelnut Praline Cake,4,2026-08-01
BR-A,CAKE-021,Hazelnut Praline Cake,9,2026-08-10
BR-A,CAKE-021,Hazelnut Praline Cake,5,2026-08-19
BR-A,CAKE-022,Orange Chiffon Cake,22,2026-08-11
BR-A,CAKE-023,Pistachio Cake,10,2026-08-29
BR-A,CAKE-024,Tres Leches Cake,14,2026-08-11
BR-A,CAKE-024,Tres Leches Cake,4,2026-08-23
BR-A,CAKE-024,Tres Leches Cake,4,2026-08-25
BR-A,CAKE-025,Honey Cake,11,2026-08-04
BR-A,CAKE-025,Honey Cake,5,2026-08-27
BR-A,CAKE-026,Coffee Cake,14,2026-08-29
BR-A,CAKE-027,Fruit Gateau,7,2026-08-06
BR-A,CAKE-027,Fruit Gateau,11,2026-08-19
BR-A,CAKE-027,Fruit Gateau,4,2026-08-21
BR-A,CAKE-027,Fruit Gateau,1,2026-08-22
BR-A,CAKE-027,Fruit Gateau,8,2026-08-31
BR-A,CAKE-028,Coconut Macaroon Tray,15,2026-08-20
BR-A,CAKE-030,Truffle Brownie Cake,9,2026-08-08
BR-A,CAKE-030,Truffle Brownie Cake,25,2026-08-10
BR-A,CAKE-030,Truffle Brownie Cake,12,2026-08-26
BR-B,CAKE-001,Chocolate Fudge Cake,56,2026-08-02
BR-B,CAKE-002,Vanilla Sponge Cake,13,2026-08-11
BR-B,CAKE-002,Vanilla Sponge Cake,23,2026-08-29
BR-B,CAKE-003,Red Velvet Cake,16,2026-08-05
BR-B,CAKE-004,Lemon Drizzle Cake,3,2026-08-04
BR-B,CAKE-004,Lemon Drizzle Cake,2,2026-08-29
BR-B,CAKE-004,Lemon Drizzle Cake,5,2026-08-31
BR-B,CAKE-005,Carrot Cake,13,2026-08-07
BR-B,CAKE-005,Carrot Cake,6,2026-08-16
BR-B,CAKE-006,Black Forest Cake,9,2026-08-09
BR-B,CAKE-006,Black Forest Cake,10,2026-08-17
BR-B,CAKE-006,Black Forest Cake,23,2026-08-30
BR-B,CAKE-007,Strawberry Shortcake,39,2026-08-16
BR-B,CAKE-008,Whole-Wheat Cake,10,2026-08-06
BR-B,CAKE-009,Pineapple Upside-Down Cake,17,2026-08-11
BR-B,CAKE-009,Pineapple Upside-Down Cake,3,2026-08-12
BR-B,CAKE-010,Butter Cake,7,2026-08-09
BR-B,CAKE-010,Butter Cake,14,2026-08-11
BR-B,CAKE-010,Butter Cake,2,2026-08-12
BR-B,CAKE-010,Butter Cake,7,2026-08-15
BR-B,CAKE-010,Butter Cake,5,2026-08-17
BR-B,CAKE-011,German Chocolate Cake,8,2026-08-11
BR-B,CAKE-011,German Chocolate Cake,7,2026-08-23
BR-B,CAKE-011,German Chocolate Cake,10,2026-08-24
BR-B,CAKE-012,Tiramisu Cake,17,2026-08-04
BR-B,CAKE-012,Tiramisu Cake,10,2026-08-27
BR-B,CAKE-013,Cheesecake,12,2026-08-03
BR-B,CAKE-013,Cheesecake,9,2026-08-07
BR-B,CAKE-013,Cheesecake,20,2026-08-16
BR-B,CAKE-016,Coconut Cake,17,2026-08-26
BR-B,CAKE-017,Marble Cake,23,2026-08-18
BR-B,CAKE-018,Mango Mousse Cake,29,2026-08-18
BR-B,CAKE-019,Blueberry Muffin Tray,31,2026-08-20
BR-B,CAKE-020,Almond Gateau,6,2026-08-04
BR-B,CAKE-020,Almond Gateau,4,2026-08-14
BR-B,CAKE-020,Almond Gateau,8,2026-08-15
BR-B,CAKE-021,Hazelnut Praline Cake,16,2026-08-13
BR-B,CAKE-022,Orange Chiffon Cake,14,2026-08-05
BR-B,CAKE-022,Orange Chiffon Cake,2,2026-08-12
BR-B,CAKE-022,Orange Chiffon Cake,3,2026-08-15
BR-B,CAKE-023,Pistachio Cake,8,2026-08-11
BR-B,CAKE-024,Tres Leches Cake,6,2026-08-27
BR-B,CAKE-024,Tres Leches Cake,13,2026-08-28
BR-B,CAKE-026,Coffee Cake,6,2026-08-12
BR-B,CAKE-026,Coffee Cake,6,2026-08-13
BR-B,CAKE-027,Fruit Gateau,10,2026-08-05
BR-B,CAKE-027,Fruit Gateau,17,2026-08-14
BR-B,CAKE-028,Coconut Macaroon Tray,4,2026-08-01
BR-B,CAKE-028,Coconut Macaroon Tray,6,2026-08-12
BR-B,CAKE-028,Coconut Macaroon Tray,3,2026-08-28
BR-B,CAKE-029,Lemon Meringue Cake,6,2026-08-04
BR-B,CAKE-029,Lemon Meringue Cake,2,2026-08-11
BR-B,CAKE-029,Lemon Meringue Cake,3,2026-08-13
BR-B,CAKE-029,Lemon Meringue Cake,1,2026-08-19
BR-B,CAKE-029,Lemon Meringue Cake,4,2026-08-28
BR-B,CAKE-030,Truffle Brownie Cake,19,2026-08-07
BR-B,CAKE-030,Truffle Brownie Cake,3,2026-08-15
BR-B,CAKE-030,Truffle Brownie Cake,6,2026-08-24
BR-B,CAKE-030,Truffle Brownie Cake,13,2026-08-29
BR-C,CAKE-001,Chocolate Fudge Cake,24,2026-08-06
BR-C,CAKE-001,Chocolate Fudge Cake,22,2026-08-23
BR-C,CAKE-002,Vanilla Sponge Cake,4,2026-08-12
BR-C,CAKE-002,Vanilla Sponge Cake,1,2026-08-14
BR-C,CAKE-002,Vanilla Sponge Cake,25,2026-08-15
BR-C,CAKE-003,Red Velvet Cake,5,2026-08-06
BR-C,CAKE-003,Red Velvet Cake,8,2026-08-09
BR-C,CAKE-004,Lemon Drizzle Cake,8,2026-08-25
BR-C,CAKE-005,Carrot Cake,16,2026-08-31
BR-C,CAKE-006,Black Forest Cake,27,2026-08-06
BR-C,CAKE-006,Black Forest Cake,3,2026-08-07
BR-C,CAKE-006,Black Forest Cake,1,2026-08-08
BR-C,CAKE-006,Black Forest Cake,4,2026-08-20
BR-C,CAKE-007,Strawberry Shortcake,2,2026-08-02
BR-C,CAKE-007,Strawberry Shortcake,3,2026-08-09
BR-C,CAKE-007,Strawberry Shortcake,3,2026-08-12
BR-C,CAKE-007,Strawberry Shortcake,13,2026-08-19
BR-C,CAKE-007,Strawberry Shortcake,12,2026-08-20
BR-C,CAKE-008,Whole-Wheat Cake,8,2026-08-07
BR-C,CAKE-009,Pineapple Upside-Down Cake,2,2026-08-03
BR-C,CAKE-009,Pineapple Upside-Down Cake,9,2026-08-07
BR-C,CAKE-009,Pineapple Upside-Down Cake,3,2026-08-14
BR-C,CAKE-009,Pineapple Upside-Down Cake,3,2026-08-31
BR-C,CAKE-010,Butter Cake,9,2026-08-10
BR-C,CAKE-010,Butter Cake,19,2026-08-22
BR-C,CAKE-011,German Chocolate Cake,21,2026-08-28
BR-C,CAKE-012,Tiramisu Cake,9,2026-08-01
BR-C,CAKE-012,Tiramisu Cake,13,2026-08-07
BR-C,CAKE-014,Banana Walnut Cake,16,2026-08-05
BR-C,CAKE-015,Apple Cinnamon Cake,6,2026-08-04
BR-C,CAKE-015,Apple Cinnamon Cake,3,2026-08-27
BR-C,CAKE-016,Coconut Cake,14,2026-08-08
BR-C,CAKE-017,Marble Cake,18,2026-08-21
BR-C,CAKE-018,Mango Mousse Cake,15,2026-08-13
BR-C,CAKE-018,Mango Mousse Cake,9,2026-08-25
BR-C,CAKE-019,Blueberry Muffin Tray,1,2026-08-13
BR-C,CAKE-019,Blueberry Muffin Tray,6,2026-08-19
BR-C,CAKE-019,Blueberry Muffin Tray,19,2026-08-29
BR-C,CAKE-020,Almond Gateau,14,2026-08-22
BR-C,CAKE-020,Almond Gateau,1,2026-08-28
BR-C,CAKE-021,Hazelnut Praline Cake,13,2026-08-25
BR-C,CAKE-022,Orange Chiffon Cake,16,2026-08-18
BR-C,CAKE-024,Tres Leches Cake,7,2026-08-13
BR-C,CAKE-024,Tres Leches Cake,1,2026-08-23
BR-C,CAKE-024,Tres Leches Cake,8,2026-08-29
BR-C,CAKE-025,Honey Cake,11,2026-08-01
BR-C,CAKE-026,Coffee Cake,2,2026-08-07
BR-C,CAKE-026,Coffee Cake,6,2026-08-19
BR-C,CAKE-026,Coffee Cake,2,2026-08-25
BR-C,CAKE-027,Fruit Gateau,22,2026-08-18
BR-C,CAKE-028,Coconut Macaroon Tray,1,2026-08-06
BR-C,CAKE-028,Coconut Macaroon Tray,2,2026-08-12
BR-C,CAKE-028,Coconut Macaroon Tray,3,2026-08-19
BR-C,CAKE-028,Coconut Macaroon Tray,3,2026-08-21
BR-C,CAKE-028,Coconut Macaroon Tray,2,2026-08-31
BR-C,CAKE-029,Lemon Meringue Cake,13,2026-08-08
BR-C,CAKE-030,Truffle Brownie Cake,30,2026-08-16
BR-C,CAKE-030,Truffle Brownie Cake,4,2026-08-18
BR-D,CAKE-001,Chocolate Fudge Cake,10,2026-08-05
BR-D,CAKE-001,Chocolate Fudge Cake,32,2026-08-24
BR-D,CAKE-002,Vanilla Sponge Cake,2,2026-08-01
BR-D,CAKE-002,Vanilla Sponge Cake,25,2026-08-03
BR-D,CAKE-003,Red Velvet Cake,2,2026-08-04
BR-D,CAKE-003,Red Velvet Cake,1,2026-08-05
BR-D,CAKE-003,Red Velvet Cake,6,2026-08-07
BR-D,CAKE-003,Red Velvet Cake,2,2026-08-27
BR-D,CAKE-003,Red Velvet Cake,1,2026-08-30
BR-D,CAKE-005,Carrot Cake,10,2026-08-22
BR-D,CAKE-005,Carrot Cake,4,2026-08-23
BR-D,CAKE-006,Black Forest Cake,32,2026-08-31
BR-D,CAKE-007,Strawberry Shortcake,30,2026-08-20
BR-D,CAKE-008,Whole-Wheat Cake,4,2026-08-06
BR-D,CAKE-008,Whole-Wheat Cake,2,2026-08-11
BR-D,CAKE-008,Whole-Wheat Cake,1,2026-08-31
BR-D,CAKE-009,Pineapple Upside-Down Cake,3,2026-08-07
BR-D,CAKE-009,Pineapple Upside-Down Cake,8,2026-08-18
BR-D,CAKE-009,Pineapple Upside-Down Cake,4,2026-08-21
BR-D,CAKE-010,Butter Cake,4,2026-08-15
BR-D,CAKE-010,Butter Cake,1,2026-08-23
BR-D,CAKE-010,Butter Cake,21,2026-08-30
BR-D,CAKE-011,German Chocolate Cake,19,2026-08-01
BR-D,CAKE-012,Tiramisu Cake,4,2026-08-02
BR-D,CAKE-012,Tiramisu Cake,1,2026-08-04
BR-D,CAKE-012,Tiramisu Cake,3,2026-08-08
BR-D,CAKE-012,Tiramisu Cake,6,2026-08-14
BR-D,CAKE-012,Tiramisu Cake,6,2026-08-15
BR-D,CAKE-013,Cheesecake,13,2026-08-06
BR-D,CAKE-013,Cheesecake,18,2026-08-24
BR-D,CAKE-014,Banana Walnut Cake,14,2026-08-05
BR-D,CAKE-015,Apple Cinnamon Cake,9,2026-08-18
BR-D,CAKE-016,Coconut Cake,3,2026-08-14
BR-D,CAKE-016,Coconut Cake,4,2026-08-16
BR-D,CAKE-016,Coconut Cake,6,2026-08-21
BR-D,CAKE-017,Marble Cake,17,2026-08-28
BR-D,CAKE-018,Mango Mousse Cake,3,2026-08-02
BR-D,CAKE-018,Mango Mousse Cake,13,2026-08-07
BR-D,CAKE-018,Mango Mousse Cake,2,2026-08-09
BR-D,CAKE-018,Mango Mousse Cake,3,2026-08-15
BR-D,CAKE-019,Blueberry Muffin Tray,22,2026-08-29
BR-D,CAKE-020,Almond Gateau,14,2026-08-08
BR-D,CAKE-021,Hazelnut Praline Cake,12,2026-08-08
BR-D,CAKE-022,Orange Chiffon Cake,12,2026-08-05
BR-D,CAKE-022,Orange Chiffon Cake,2,2026-08-17
BR-D,CAKE-023,Pistachio Cake,1,2026-08-11
BR-D,CAKE-023,Pistachio Cake,2,2026-08-12
BR-D,CAKE-023,Pistachio Cake,1,2026-08-22
BR-D,CAKE-023,Pistachio Cake,2,2026-08-23
BR-D,CAKE-023,Pistachio Cake,1,2026-08-30
BR-D,CAKE-024,Tres Leches Cake,7,2026-08-24
BR-D,CAKE-024,Tres Leches Cake,7,2026-08-29
BR-D,CAKE-025,Honey Cake,1,2026-08-16
BR-D,CAKE-025,Honey Cake,3,2026-08-20
BR-D,CAKE-025,Honey Cake,6,2026-08-25
BR-D,CAKE-026,Coffee Cake,9,2026-08-11
BR-D,CAKE-027,Fruit Gateau,3,2026-08-13
BR-D,CAKE-027,Fruit Gateau,9,2026-08-16
BR-D,CAKE-027,Fruit Gateau,8,2026-08-26
BR-D,CAKE-028,Coconut Macaroon Tray,2,2026-08-07
BR-D,CAKE-028,Coconut Macaroon Tray,1,2026-08-12
BR-D,CAKE-028,Coconut Macaroon Tray,1,2026-08-13
BR-D,CAKE-028,Coconut Macaroon Tray,2,2026-08-17
BR-D,CAKE-028,Coconut Macaroon Tray,4,2026-08-20
BR-D,CAKE-029,Lemon Meringue Cake,12,2026-08-08
BR-D,CAKE-030,Truffle Brownie Cake,13,2026-08-24
BR-D,CAKE-030,Truffle Brownie Cake,17,2026-08-30
BR-E,CAKE-001,Chocolate Fudge Cake,23,2026-08-05
BR-E,CAKE-002,Vanilla Sponge Cake,14,2026-08-28
BR-E,CAKE-003,Red Velvet Cake,6,2026-08-11
BR-E,CAKE-004,Lemon Drizzle Cake,4,2026-08-26
BR-E,CAKE-005,Carrot Cake,4,2026-08-11
BR-E,CAKE-005,Carrot Cake,4,2026-08-14
BR-E,CAKE-006,Black Forest Cake,9,2026-08-11
BR-E,CAKE-006,Black Forest Cake,8,2026-08-18
BR-E,CAKE-007,Strawberry Shortcake,16,2026-08-31
BR-E,CAKE-008,Whole-Wheat Cake,4,2026-08-08
BR-E,CAKE-010,Butter Cake,3,2026-08-02
BR-E,CAKE-010,Butter Cake,3,2026-08-23
BR-E,CAKE-010,Butter Cake,8,2026-08-27
BR-E,CAKE-011,German Chocolate Cake,10,2026-08-21
BR-E,CAKE-012,Tiramisu Cake,9,2026-08-04
BR-E,CAKE-012,Tiramisu Cake,2,2026-08-24
BR-E,CAKE-013,Cheesecake,17,2026-08-28
BR-E,CAKE-014,Banana Walnut Cake,8,2026-08-07
BR-E,CAKE-015,Apple Cinnamon Cake,2,2026-08-26
BR-E,CAKE-015,Apple Cinnamon Cake,2,2026-08-30
BR-E,CAKE-016,Coconut Cake,2,2026-08-04
BR-E,CAKE-016,Coconut Cake,5,2026-08-07
BR-E,CAKE-017,Marble Cake,7,2026-08-01
BR-E,CAKE-017,Marble Cake,2,2026-08-03
BR-E,CAKE-018,Mango Mousse Cake,12,2026-08-25
BR-E,CAKE-019,Blueberry Muffin Tray,2,2026-08-04
BR-E,CAKE-019,Blueberry Muffin Tray,5,2026-08-09
BR-E,CAKE-019,Blueberry Muffin Tray,5,2026-08-13
BR-E,CAKE-020,Almond Gateau,1,2026-08-11
BR-E,CAKE-020,Almond Gateau,5,2026-08-15
BR-E,CAKE-020,Almond Gateau,2,2026-08-16
BR-E,CAKE-021,Hazelnut Praline Cake,5,2026-08-06
BR-E,CAKE-021,Hazelnut Praline Cake,2,2026-08-08
BR-E,CAKE-022,Orange Chiffon Cake,7,2026-08-01
BR-E,CAKE-022,Orange Chiffon Cake,1,2026-08-04
BR-E,CAKE-023,Pistachio Cake,3,2026-08-22
BR-E,CAKE-024,Tres Leches Cake,6,2026-08-01
BR-E,CAKE-024,Tres Leches Cake,2,2026-08-27
BR-E,CAKE-025,Honey Cake,4,2026-08-12
BR-E,CAKE-025,Honey Cake,2,2026-08-28
BR-E,CAKE-026,Coffee Cake,2,2026-08-10
BR-E,CAKE-026,Coffee Cake,1,2026-08-14
BR-E,CAKE-026,Coffee Cake,1,2026-08-27
BR-E,CAKE-026,Coffee Cake,1,2026-08-30
BR-E,CAKE-027,Fruit Gateau,2,2026-08-21
BR-E,CAKE-027,Fruit Gateau,5,2026-08-25
BR-E,CAKE-027,Fruit Gateau,3,2026-08-30
BR-E,CAKE-027,Fruit Gateau,1,2026-08-31
BR-E,CAKE-028,Coconut Macaroon Tray,5,2026-08-10
BR-E,CAKE-029,Lemon Meringue Cake,4,2026-08-01
BR-E,CAKE-029,Lemon Meringue Cake,2,2026-08-08
BR-E,CAKE-029,Lemon Meringue Cake,1,2026-08-22
BR-E,CAKE-030,Truffle Brownie Cake,8,2026-08-15
BR-E,CAKE-030,Truffle Brownie Cake,8,2026-08-31
BR-F,CAKE-001,Chocolate Fudge Cake,5,2026-08-10
BR-F,CAKE-001,Chocolate Fudge Cake,13,2026-08-12
BR-F,CAKE-001,Chocolate Fudge Cake,10,2026-08-20
BR-F,CAKE-001,Chocolate Fudge Cake,7,2026-08-22
BR-F,CAKE-002,Vanilla Sponge Cake,9,2026-08-11
BR-F,CAKE-002,Vanilla Sponge Cake,13,2026-08-14
BR-F,CAKE-003,Red Velvet Cake,1,2026-08-07
BR-F,CAKE-003,Red Velvet Cake,3,2026-08-28
BR-F,CAKE-003,Red Velvet Cake,6,2026-08-30
BR-F,CAKE-004,Lemon Drizzle Cake,1,2026-08-21
BR-F,CAKE-004,Lemon Drizzle Cake,1,2026-08-22
BR-F,CAKE-004,Lemon Drizzle Cake,5,2026-08-23
BR-F,CAKE-005,Carrot Cake,2,2026-08-15
BR-F,CAKE-005,Carrot Cake,10,2026-08-20
BR-F,CAKE-006,Black Forest Cake,13,2026-08-03
BR-F,CAKE-006,Black Forest Cake,14,2026-08-25
BR-F,CAKE-007,Strawberry Shortcake,16,2026-08-16
BR-F,CAKE-007,Strawberry Shortcake,8,2026-08-27
BR-F,CAKE-009,Pineapple Upside-Down Cake,13,2026-08-26
BR-F,CAKE-010,Butter Cake,18,2026-08-08
BR-F,CAKE-010,Butter Cake,3,2026-08-26
BR-F,CAKE-011,German Chocolate Cake,16,2026-08-20
BR-F,CAKE-012,Tiramisu Cake,17,2026-08-13
BR-F,CAKE-013,Cheesecake,12,2026-08-11
BR-F,CAKE-013,Cheesecake,8,2026-08-23
BR-F,CAKE-013,Cheesecake,6,2026-08-28
BR-F,CAKE-014,Banana Walnut Cake,12,2026-08-19
BR-F,CAKE-015,Apple Cinnamon Cake,7,2026-08-12
BR-F,CAKE-016,Coconut Cake,3,2026-08-01
BR-F,CAKE-016,Coconut Cake,4,2026-08-03
BR-F,CAKE-016,Coconut Cake,3,2026-08-09
BR-F,CAKE-016,Coconut Cake,1,2026-08-25
BR-F,CAKE-017,Marble Cake,11,2026-08-10
BR-F,CAKE-017,Marble Cake,1,2026-08-11
BR-F,CAKE-017,Marble Cake,2,2026-08-17
BR-F,CAKE-018,Mango Mousse Cake,19,2026-08-07
BR-F,CAKE-019,Blueberry Muffin Tray,19,2026-08-22
BR-F,CAKE-020,Almond Gateau,4,2026-08-02
BR-F,CAKE-020,Almond Gateau,5,2026-08-15
BR-F,CAKE-020,Almond Gateau,2,2026-08-27
BR-F,CAKE-020,Almond Gateau,1,2026-08-30
BR-F,CAKE-021,Hazelnut Praline Cake,5,2026-08-16
BR-F,CAKE-021,Hazelnut Praline Cake,5,2026-08-30
BR-F,CAKE-022,Orange Chiffon Cake,3,2026-08-08
BR-F,CAKE-022,Orange Chiffon Cake,3,2026-08-09
BR-F,CAKE-022,Orange Chiffon Cake,3,2026-08-25
BR-F,CAKE-022,Orange Chiffon Cake,3,2026-08-30
BR-F,CAKE-023,Pistachio Cake,1,2026-08-06
BR-F,CAKE-023,Pistachio Cake,1,2026-08-15
BR-F,CAKE-023,Pistachio Cake,4,2026-08-24
BR-F,CAKE-024,Tres Leches Cake,12,2026-08-29
BR-F,CAKE-025,Honey Cake,9,2026-08-12
BR-F,CAKE-026,Coffee Cake,8,2026-08-11
BR-F,CAKE-027,Fruit Gateau,17,2026-08-15
BR-F,CAKE-028,Coconut Macaroon Tray,8,2026-08-08
BR-F,CAKE-029,Lemon Meringue Cake,4,2026-08-05
BR-F,CAKE-029,Lemon Meringue Cake,2,2026-08-06
BR-F,CAKE-029,Lemon Meringue Cake,2,2026-08-09
BR-F,CAKE-029,Lemon Meringue Cake,2,2026-08-16
BR-F,CAKE-030,Truffle Brownie Cake,13,2026-08-02
BR-F,CAKE-030,Truffle Brownie Cake,1,2026-08-20
BR-F,CAKE-030,Truffle Brownie Cake,12,2026-08-23
BR-G,CAKE-001,Chocolate Fudge Cake,5,2026-08-06
BR-G,CAKE-001,Chocolate Fudge Cake,26,2026-08-26
BR-G,CAKE-002,Vanilla Sponge Cake,2,2026-08-08
BR-G,CAKE-002,Vanilla Sponge Cake,18,2026-08-22
BR-G,CAKE-004,Lemon Drizzle Cake,5,2026-08-23
BR-G,CAKE-004,Lemon Drizzle Cake,1,2026-08-25
BR-G,CAKE-005,Carrot Cake,2,2026-08-04
BR-G,CAKE-005,Carrot Cake,8,2026-08-18
BR-G,CAKE-005,Carrot Cake,1,2026-08-22
BR-G,CAKE-006,Black Forest Cake,2,2026-08-04
BR-G,CAKE-006,Black Forest Cake,1,2026-08-16
BR-G,CAKE-006,Black Forest Cake,21,2026-08-22
BR-G,CAKE-007,Strawberry Shortcake,21,2026-08-06
BR-G,CAKE-008,Whole-Wheat Cake,1,2026-08-08
BR-G,CAKE-008,Whole-Wheat Cake,1,2026-08-12
BR-G,CAKE-008,Whole-Wheat Cake,2,2026-08-25
BR-G,CAKE-008,Whole-Wheat Cake,1,2026-08-27
BR-G,CAKE-008,Whole-Wheat Cake,1,2026-08-29
BR-G,CAKE-009,Pineapple Upside-Down Cake,12,2026-08-22
BR-G,CAKE-010,Butter Cake,2,2026-08-29
BR-G,CAKE-010,Butter Cake,8,2026-08-30
BR-G,CAKE-010,Butter Cake,9,2026-08-31
BR-G,CAKE-011,German Chocolate Cake,1,2026-08-02
BR-G,CAKE-011,German Chocolate Cake,3,2026-08-06
BR-G,CAKE-011,German Chocolate Cake,2,2026-08-08
BR-G,CAKE-011,German Chocolate Cake,5,2026-08-18
BR-G,CAKE-011,German Chocolate Cake,3,2026-08-20
BR-G,CAKE-012,Tiramisu Cake,12,2026-08-06
BR-G,CAKE-012,Tiramisu Cake,3,2026-08-23
BR-G,CAKE-013,Cheesecake,10,2026-08-11
BR-G,CAKE-013,Cheesecake,13,2026-08-29
BR-G,CAKE-014,Banana Walnut Cake,11,2026-08-12
BR-G,CAKE-015,Apple Cinnamon Cake,4,2026-08-04
BR-G,CAKE-015,Apple Cinnamon Cake,2,2026-08-05
BR-G,CAKE-016,Coconut Cake,2,2026-08-02
BR-G,CAKE-016,Coconut Cake,4,2026-08-03
BR-G,CAKE-016,Coconut Cake,4,2026-08-25
BR-G,CAKE-017,Marble Cake,13,2026-08-10
BR-G,CAKE-018,Mango Mousse Cake,17,2026-08-22
BR-G,CAKE-019,Blueberry Muffin Tray,7,2026-08-12
BR-G,CAKE-019,Blueberry Muffin Tray,2,2026-08-15
BR-G,CAKE-019,Blueberry Muffin Tray,8,2026-08-19
BR-G,CAKE-020,Almond Gateau,11,2026-08-14
BR-G,CAKE-022,Orange Chiffon Cake,11,2026-08-11
BR-G,CAKE-023,Pistachio Cake,1,2026-08-08
BR-G,CAKE-023,Pistachio Cake,1,2026-08-18
BR-G,CAKE-023,Pistachio Cake,2,2026-08-22
BR-G,CAKE-023,Pistachio Cake,1,2026-08-30
BR-G,CAKE-024,Tres Leches Cake,6,2026-08-07
BR-G,CAKE-024,Tres Leches Cake,5,2026-08-08
BR-G,CAKE-025,Honey Cake,3,2026-08-04
BR-G,CAKE-025,Honey Cake,1,2026-08-14
BR-G,CAKE-025,Honey Cake,4,2026-08-31
BR-G,CAKE-027,Fruit Gateau,15,2026-08-01
BR-G,CAKE-028,Coconut Macaroon Tray,2,2026-08-03
BR-G,CAKE-028,Coconut Macaroon Tray,4,2026-08-12
BR-G,CAKE-028,Coconut Macaroon Tray,1,2026-08-26
BR-G,CAKE-029,Lemon Meringue Cake,1,2026-08-20
BR-G,CAKE-029,Lemon Meringue Cake,2,2026-08-27
BR-G,CAKE-029,Lemon Meringue Cake,6,2026-08-29
BR-G,CAKE-030,Truffle Brownie Cake,23,2026-08-18
BR-H,CAKE-001,Chocolate Fudge Cake,11,2026-08-09
BR-H,CAKE-001,Chocolate Fudge Cake,17,2026-08-10
BR-H,CAKE-002,Vanilla Sponge Cake,3,2026-08-03
BR-H,CAKE-002,Vanilla Sponge Cake,15,2026-08-15
BR-H,CAKE-004,Lemon Drizzle Cake,5,2026-08-16
BR-H,CAKE-005,Carrot Cake,1,2026-08-05
BR-H,CAKE-005,Carrot Cake,5,2026-08-19
BR-H,CAKE-005,Carrot Cake,4,2026-08-28
BR-H,CAKE-006,Black Forest Cake,5,2026-08-01
BR-H,CAKE-006,Black Forest Cake,1,2026-08-07
BR-H,CAKE-006,Black Forest Cake,14,2026-08-21
BR-H,CAKE-006,Black Forest Cake,1,2026-08-23
BR-H,CAKE-007,Strawberry Shortcake,4,2026-08-02
BR-H,CAKE-007,Strawberry Shortcake,10,2026-08-13
BR-H,CAKE-007,Strawberry Shortcake,1,2026-08-25
BR-H,CAKE-007,Strawberry Shortcake,4,2026-08-27
BR-H,CAKE-008,Whole-Wheat Cake,2,2026-08-01
BR-H,CAKE-008,Whole-Wheat Cake,1,2026-08-05
BR-H,CAKE-008,Whole-Wheat Cake,2,2026-08-20
BR-H,CAKE-009,Pineapple Upside-Down Cake,8,2026-08-02
BR-H,CAKE-009,Pineapple Upside-Down Cake,2,2026-08-25
BR-H,CAKE-010,Butter Cake,1,2026-08-02
BR-H,CAKE-010,Butter Cake,16,2026-08-21
BR-H,CAKE-011,German Chocolate Cake,1,2026-08-08
BR-H,CAKE-011,German Chocolate Cake,4,2026-08-15
BR-H,CAKE-011,German Chocolate Cake,3,2026-08-21
BR-H,CAKE-011,German Chocolate Cake,3,2026-08-26
BR-H,CAKE-011,German Chocolate Cake,1,2026-08-29
BR-H,CAKE-012,Tiramisu Cake,3,2026-08-01
BR-H,CAKE-012,Tiramisu Cake,1,2026-08-08
BR-H,CAKE-012,Tiramisu Cake,3,2026-08-16
BR-H,CAKE-012,Tiramisu Cake,5,2026-08-24
BR-H,CAKE-012,Tiramisu Cake,1,2026-08-26
BR-H,CAKE-013,Cheesecake,5,2026-08-03
BR-H,CAKE-013,Cheesecake,6,2026-08-06
BR-H,CAKE-013,Cheesecake,9,2026-08-29
BR-H,CAKE-014,Banana Walnut Cake,2,2026-08-04
BR-H,CAKE-014,Banana Walnut Cake,1,2026-08-08
BR-H,CAKE-014,Banana Walnut Cake,7,2026-08-09
BR-H,CAKE-015,Apple Cinnamon Cake,3,2026-08-03
BR-H,CAKE-015,Apple Cinnamon Cake,2,2026-08-15
BR-H,CAKE-016,Coconut Cake,9,2026-08-09
BR-H,CAKE-017,Marble Cake,11,2026-08-19
BR-H,CAKE-018,Mango Mousse Cake,10,2026-08-01
BR-H,CAKE-018,Mango Mousse Cake,5,2026-08-28
BR-H,CAKE-019,Blueberry Muffin Tray,1,2026-08-04
BR-H,CAKE-019,Blueberry Muffin Tray,2,2026-08-08
BR-H,CAKE-019,Blueberry Muffin Tray,3,2026-08-26
BR-H,CAKE-019,Blueberry Muffin Tray,9,2026-08-27
BR-H,CAKE-020,Almond Gateau,4,2026-08-01
BR-H,CAKE-020,Almond Gateau,2,2026-08-07
BR-H,CAKE-020,Almond Gateau,3,2026-08-12
BR-H,CAKE-020,Almond Gateau,1,2026-08-22
BR-H,CAKE-021,Hazelnut Praline Cake,4,2026-08-21
BR-H,CAKE-021,Hazelnut Praline Cake,4,2026-08-30
BR-H,CAKE-022,Orange Chiffon Cake,10,2026-08-01
BR-H,CAKE-024,Tres Leches Cake,6,2026-08-08
BR-H,CAKE-024,Tres Leches Cake,2,2026-08-12
BR-H,CAKE-024,Tres Leches Cake,2,2026-08-26
BR-H,CAKE-025,Honey Cake,7,2026-08-23
BR-H,CAKE-026,Coffee Cake,1,2026-08-05
BR-H,CAKE-026,Coffee Cake,1,2026-08-11
BR-H,CAKE-026,Coffee Cake,2,2026-08-18
BR-H,CAKE-026,Coffee Cake,1,2026-08-24
BR-H,CAKE-026,Coffee Cake,1,2026-08-30
BR-H,CAKE-027,Fruit Gateau,1,2026-08-05
BR-H,CAKE-027,Fruit Gateau,4,2026-08-23
BR-H,CAKE-027,Fruit Gateau,6,2026-08-26
BR-H,CAKE-027,Fruit Gateau,1,2026-08-28
BR-H,CAKE-027,Fruit Gateau,1,2026-08-31
BR-H,CAKE-028,Coconut Macaroon Tray,6,2026-08-12
BR-H,CAKE-028,Coconut Macaroon Tray,1,2026-08-18
BR-H,CAKE-030,Truffle Brownie Cake,20,2026-08-09
BR-I,CAKE-001,Chocolate Fudge Cake,3,2026-08-20
BR-I,CAKE-001,Chocolate Fudge Cake,26,2026-08-24
BR-I,CAKE-002,Vanilla Sponge Cake,19,2026-08-12
BR-I,CAKE-003,Red Velvet Cake,8,2026-08-31
BR-I,CAKE-004,Lemon Drizzle Cake,5,2026-08-26
BR-I,CAKE-005,Carrot Cake,10,2026-08-16
BR-I,CAKE-006,Black Forest Cake,19,2026-08-26
BR-I,CAKE-006,Black Forest Cake,3,2026-08-31
BR-I,CAKE-007,Strawberry Shortcake,4,2026-08-08
BR-I,CAKE-007,Strawberry Shortcake,10,2026-08-14
BR-I,CAKE-007,Strawberry Shortcake,6,2026-08-26
BR-I,CAKE-008,Whole-Wheat Cake,4,2026-08-17
BR-I,CAKE-008,Whole-Wheat Cake,1,2026-08-27
BR-I,CAKE-009,Pineapple Upside-Down Cake,10,2026-08-03
BR-I,CAKE-010,Butter Cake,7,2026-08-23
BR-I,CAKE-010,Butter Cake,11,2026-08-27
BR-I,CAKE-011,German Chocolate Cake,3,2026-08-02
BR-I,CAKE-011,German Chocolate Cake,4,2026-08-04
BR-I,CAKE-011,German Chocolate Cake,2,2026-08-12
BR-I,CAKE-011,German Chocolate Cake,4,2026-08-18
BR-I,CAKE-012,Tiramisu Cake,12,2026-08-03
BR-I,CAKE-012,Tiramisu Cake,2,2026-08-09
BR-I,CAKE-013,Cheesecake,20,2026-08-11
BR-I,CAKE-013,Cheesecake,1,2026-08-27
BR-I,CAKE-014,Banana Walnut Cake,8,2026-08-08
BR-I,CAKE-014,Banana Walnut Cake,2,2026-08-31
BR-I,CAKE-015,Apple Cinnamon Cake,1,2026-08-08
BR-I,CAKE-015,Apple Cinnamon Cake,1,2026-08-11
BR-I,CAKE-015,Apple Cinnamon Cake,1,2026-08-12
BR-I,CAKE-015,Apple Cinnamon Cake,2,2026-08-18
BR-I,CAKE-016,Coconut Cake,4,2026-08-15
BR-I,CAKE-016,Coconut Cake,4,2026-08-22
BR-I,CAKE-016,Coconut Cake,1,2026-08-25
BR-I,CAKE-017,Marble Cake,3,2026-08-03
BR-I,CAKE-017,Marble Cake,4,2026-08-17
BR-I,CAKE-017,Marble Cake,2,2026-08-23
BR-I,CAKE-017,Marble Cake,1,2026-08-27
BR-I,CAKE-017,Marble Cake,2,2026-08-30
BR-I,CAKE-018,Mango Mousse Cake,6,2026-08-11
BR-I,CAKE-018,Mango Mousse Cake,4,2026-08-20
BR-I,CAKE-018,Mango Mousse Cake,6,2026-08-27
BR-I,CAKE-019,Blueberry Muffin Tray,1,2026-08-04
BR-I,CAKE-019,Blueberry Muffin Tray,15,2026-08-14
BR-I,CAKE-020,Almond Gateau,10,2026-08-13
BR-I,CAKE-021,Hazelnut Praline Cake,8,2026-08-19
BR-I,CAKE-022,Orange Chiffon Cake,10,2026-08-08
BR-I,CAKE-023,Pistachio Cake,5,2026-08-17
BR-I,CAKE-025,Honey Cake,1,2026-08-03
BR-I,CAKE-025,Honey Cake,2,2026-08-10
BR-I,CAKE-025,Honey Cake,4,2026-08-29
BR-I,CAKE-026,Coffee Cake,7,2026-08-04
BR-I,CAKE-027,Fruit Gateau,2,2026-08-04
BR-I,CAKE-027,Fruit Gateau,3,2026-08-11
BR-I,CAKE-027,Fruit Gateau,4,2026-08-30
BR-I,CAKE-027,Fruit Gateau,5,2026-08-31
BR-I,CAKE-028,Coconut Macaroon Tray,4,2026-08-01
BR-I,CAKE-028,Coconut Macaroon Tray,1,2026-08-08
BR-I,CAKE-028,Coconut Macaroon Tray,1,2026-08-29
BR-I,CAKE-028,Coconut Macaroon Tray,1,2026-08-30
BR-I,CAKE-029,Lemon Meringue Cake,8,2026-08-10
BR-I,CAKE-030,Truffle Brownie Cake,21,2026-08-05
BR-J,CAKE-001,Chocolate Fudge Cake,9,2026-08-02
BR-J,CAKE-001,Chocolate Fudge Cake,11,2026-08-11
BR-J,CAKE-001,Chocolate Fudge Cake,8,2026-08-17
BR-J,CAKE-001,Chocolate Fudge Cake,1,2026-08-31
BR-J,CAKE-002,Vanilla Sponge Cake,4,2026-08-09
BR-J,CAKE-002,Vanilla Sponge Cake,15,2026-08-26
BR-J,CAKE-003,Red Velvet Cake,1,2026-08-02
BR-J,CAKE-003,Red Velvet Cake,3,2026-08-09
BR-J,CAKE-003,Red Velvet Cake,4,2026-08-18
BR-J,CAKE-004,Lemon Drizzle Cake,2,2026-08-09
BR-J,CAKE-004,Lemon Drizzle Cake,3,2026-08-10
BR-J,CAKE-005,Carrot Cake,9,2026-08-03
BR-J,CAKE-005,Carrot Cake,1,2026-08-23
BR-J,CAKE-006,Black Forest Cake,9,2026-08-02
BR-J,CAKE-006,Black Forest Cake,13,2026-08-24
BR-J,CAKE-007,Strawberry Shortcake,8,2026-08-02
BR-J,CAKE-007,Strawberry Shortcake,7,2026-08-16
BR-J,CAKE-007,Strawberry Shortcake,3,2026-08-23
BR-J,CAKE-007,Strawberry Shortcake,1,2026-08-30
BR-J,CAKE-007,Strawberry Shortcake,1,2026-08-31
BR-J,CAKE-008,Whole-Wheat Cake,1,2026-08-07
BR-J,CAKE-008,Whole-Wheat Cake,2,2026-08-10
BR-J,CAKE-008,Whole-Wheat Cake,2,2026-08-15
BR-J,CAKE-009,Pineapple Upside-Down Cake,10,2026-08-31
BR-J,CAKE-010,Butter Cake,2,2026-08-13
BR-J,CAKE-010,Butter Cake,2,2026-08-21
BR-J,CAKE-010,Butter Cake,2,2026-08-24
BR-J,CAKE-010,Butter Cake,1,2026-08-30
BR-J,CAKE-010,Butter Cake,11,2026-08-31
BR-J,CAKE-011,German Chocolate Cake,13,2026-08-31
BR-J,CAKE-012,Tiramisu Cake,6,2026-08-15
BR-J,CAKE-012,Tiramisu Cake,8,2026-08-31
BR-J,CAKE-013,Cheesecake,2,2026-08-08
BR-J,CAKE-013,Cheesecake,10,2026-08-11
BR-J,CAKE-013,Cheesecake,9,2026-08-22
BR-J,CAKE-014,Banana Walnut Cake,10,2026-08-02
BR-J,CAKE-015,Apple Cinnamon Cake,5,2026-08-09
BR-J,CAKE-016,Coconut Cake,2,2026-08-09
BR-J,CAKE-016,Coconut Cake,2,2026-08-16
BR-J,CAKE-016,Coconut Cake,3,2026-08-17
BR-J,CAKE-016,Coconut Cake,2,2026-08-21
BR-J,CAKE-017,Marble Cake,2,2026-08-07
BR-J,CAKE-017,Marble Cake,2,2026-08-12
BR-J,CAKE-017,Marble Cake,6,2026-08-19
BR-J,CAKE-017,Marble Cake,2,2026-08-20
BR-J,CAKE-018,Mango Mousse Cake,11,2026-08-11
BR-J,CAKE-018,Mango Mousse Cake,5,2026-08-29
BR-J,CAKE-019,Blueberry Muffin Tray,16,2026-08-06
BR-J,CAKE-020,Almond Gateau,10,2026-08-11
BR-J,CAKE-021,Hazelnut Praline Cake,2,2026-08-16
BR-J,CAKE-021,Hazelnut Praline Cake,1,2026-08-19
BR-J,CAKE-021,Hazelnut Praline Cake,2,2026-08-21
BR-J,CAKE-021,Hazelnut Praline Cake,3,2026-08-25
BR-J,CAKE-022,Orange Chiffon Cake,10,2026-08-02
BR-J,CAKE-023,Pistachio Cake,5,2026-08-20
BR-J,CAKE-025,Honey Cake,5,2026-08-09
BR-J,CAKE-025,Honey Cake,2,2026-08-12
BR-J,CAKE-026,Coffee Cake,5,2026-08-12
BR-J,CAKE-026,Coffee Cake,2,2026-08-19
BR-J,CAKE-027,Fruit Gateau,14,2026-08-30
BR-J,CAKE-028,Coconut Macaroon Tray,1,2026-08-01
BR-J,CAKE-028,Coconut Macaroon Tray,1,2026-08-08
BR-J,CAKE-028,Coconut Macaroon Tray,1,2026-08-13
BR-J,CAKE-028,Coconut Macaroon Tray,1,2026-08-22
BR-J,CAKE-028,Coconut Macaroon Tray,3,2026-08-28
BR-J,CAKE-029,Lemon Meringue Cake,6,2026-08-02
BR-J,CAKE-029,Lemon Meringue Cake,1,2026-08-04
BR-J,CAKE-029,Lemon Meringue Cake,1,2026-08-06
BR-J,CAKE-030,Truffle Brownie Cake,4,2026-08-11
BR-J,CAKE-030,Truffle Brownie Cake,17,2026-08-17
BR-K,CAKE-001,Chocolate Fudge Cake,20,2026-08-25
BR-K,CAKE-002,Vanilla Sponge Cake,13,2026-08-29
BR-K,CAKE-003,Red Velvet Cake,1,2026-08-11
BR-K,CAKE-003,Red Velvet Cake,1,2026-08-17
BR-K,CAKE-003,Red Velvet Cake,3,2026-08-25
BR-K,CAKE-003,Red Velvet Cake,1,2026-08-31
BR-K,CAKE-004,Lemon Drizzle Cake,1,2026-08-17
BR-K,CAKE-004,Lemon Drizzle Cake,1,2026-08-18
BR-K,CAKE-004,Lemon Drizzle Cake,1,2026-08-25
BR-K,CAKE-005,Carrot Cake,7,2026-08-13
BR-K,CAKE-006,Black Forest Cake,15,2026-08-30
BR-K,CAKE-007,Strawberry Shortcake,2,2026-08-05
BR-K,CAKE-007,Strawberry Shortcake,6,2026-08-14
BR-K,CAKE-007,Strawberry Shortcake,2,2026-08-20
BR-K,CAKE-007,Strawberry Shortcake,2,2026-08-26
BR-K,CAKE-007,Strawberry Shortcake,1,2026-08-30
BR-K,CAKE-008,Whole-Wheat Cake,1,2026-08-17
BR-K,CAKE-008,Whole-Wheat Cake,1,2026-08-18
BR-K,CAKE-008,Whole-Wheat Cake,1,2026-08-26
BR-K,CAKE-009,Pineapple Upside-Down Cake,1,2026-08-05
BR-K,CAKE-009,Pineapple Upside-Down Cake,3,2026-08-08
BR-K,CAKE-009,Pineapple Upside-Down Cake,3,2026-08-28
BR-K,CAKE-010,Butter Cake,12,2026-08-04
BR-K,CAKE-011,German Chocolate Cake,3,2026-08-04
BR-K,CAKE-011,German Chocolate Cake,1,2026-08-24
BR-K,CAKE-011,German Chocolate Cake,5,2026-08-26
BR-K,CAKE-012,Tiramisu Cake,9,2026-08-04
BR-K,CAKE-014,Banana Walnut Cake,1,2026-08-04
BR-K,CAKE-014,Banana Walnut Cake,6,2026-08-19
BR-K,CAKE-015,Apple Cinnamon Cake,1,2026-08-02
BR-K,CAKE-015,Apple Cinnamon Cake,1,2026-08-06
BR-K,CAKE-015,Apple Cinnamon Cake,2,2026-08-17
BR-K,CAKE-016,Coconut Cake,6,2026-08-05
BR-K,CAKE-017,Marble Cake,6,2026-08-02
BR-K,CAKE-017,Marble Cake,2,2026-08-06
BR-K,CAKE-018,Mango Mousse Cake,7,2026-08-01
BR-K,CAKE-018,Mango Mousse Cake,2,2026-08-10
BR-K,CAKE-018,Mango Mousse Cake,1,2026-08-15
BR-K,CAKE-019,Blueberry Muffin Tray,1,2026-08-06
BR-K,CAKE-019,Blueberry Muffin Tray,8,2026-08-15
BR-K,CAKE-019,Blueberry Muffin Tray,2,2026-08-24
BR-K,CAKE-020,Almond Gateau,7,2026-08-03
BR-K,CAKE-021,Hazelnut Praline Cake,1,2026-08-01
BR-K,CAKE-021,Hazelnut Praline Cake,1,2026-08-12
BR-K,CAKE-021,Hazelnut Praline Cake,1,2026-08-19
BR-K,CAKE-021,Hazelnut Praline Cake,3,2026-08-29
BR-K,CAKE-023,Pistachio Cake,2,2026-08-08
BR-K,CAKE-023,Pistachio Cake,1,2026-08-22
BR-K,CAKE-024,Tres Leches Cake,2,2026-08-03
BR-K,CAKE-024,Tres Leches Cake,3,2026-08-09
BR-K,CAKE-024,Tres Leches Cake,1,2026-08-16
BR-K,CAKE-024,Tres Leches Cake,1,2026-08-31
BR-K,CAKE-025,Honey Cake,5,2026-08-27
BR-K,CAKE-026,Coffee Cake,4,2026-08-26
BR-K,CAKE-026,Coffee Cake,1,2026-08-29
BR-K,CAKE-027,Fruit Gateau,9,2026-08-24
BR-K,CAKE-028,Coconut Macaroon Tray,1,2026-08-02
BR-K,CAKE-028,Coconut Macaroon Tray,1,2026-08-16
BR-K,CAKE-028,Coconut Macaroon Tray,1,2026-08-17
BR-K,CAKE-028,Coconut Macaroon Tray,1,2026-08-25
BR-K,CAKE-029,Lemon Meringue Cake,6,2026-08-03
BR-K,CAKE-030,Truffle Brownie Cake,2,2026-08-04
BR-K,CAKE-030,Truffle Brownie Cake,2,2026-08-23
BR-K,CAKE-030,Truffle Brownie Cake,8,2026-08-25
BR-K,CAKE-030,Truffle Brownie Cake,3,2026-08-27
BR-L,CAKE-001,Chocolate Fudge Cake,23,2026-08-27
BR-L,CAKE-002,Vanilla Sponge Cake,14,2026-08-31
BR-L,CAKE-003,Red Velvet Cake,6,2026-08-15
BR-L,CAKE-004,Lemon Drizzle Cake,4,2026-08-06
BR-L,CAKE-005,Carrot Cake,2,2026-08-10
BR-L,CAKE-005,Carrot Cake,5,2026-08-13
BR-L,CAKE-005,Carrot Cake,1,2026-08-24
BR-L,CAKE-006,Black Forest Cake,16,2026-08-21
BR-L,CAKE-007,Strawberry Shortcake,15,2026-08-16
BR-L,CAKE-008,Whole-Wheat Cake,4,2026-08-10
BR-L,CAKE-009,Pineapple Upside-Down Cake,8,2026-08-25
BR-L,CAKE-011,German Chocolate Cake,1,2026-08-01
BR-L,CAKE-011,German Chocolate Cake,2,2026-08-09
BR-L,CAKE-011,German Chocolate Cake,1,2026-08-18
BR-L,CAKE-011,German Chocolate Cake,1,2026-08-23
BR-L,CAKE-011,German Chocolate Cake,5,2026-08-28
BR-L,CAKE-012,Tiramisu Cake,7,2026-08-15
BR-L,CAKE-012,Tiramisu Cake,3,2026-08-16
BR-L,CAKE-013,Cheesecake,16,2026-08-22
BR-L,CAKE-014,Banana Walnut Cake,8,2026-08-11
BR-L,CAKE-015,Apple Cinnamon Cake,1,2026-08-05
BR-L,CAKE-015,Apple Cinnamon Cake,3,2026-08-26
BR-L,CAKE-015,Apple Cinnamon Cake,1,2026-08-31
BR-L,CAKE-016,Coconut Cake,7,2026-08-08
BR-L,CAKE-017,Marble Cake,9,2026-08-04
BR-L,CAKE-018,Mango Mousse Cake,11,2026-08-22
BR-L,CAKE-019,Blueberry Muffin Tray,8,2026-08-02
BR-L,CAKE-019,Blueberry Muffin Tray,4,2026-08-23
BR-L,CAKE-020,Almond Gateau,8,2026-08-27
BR-L,CAKE-021,Hazelnut Praline Cake,7,2026-08-14
BR-L,CAKE-023,Pistachio Cake,3,2026-08-03
BR-L,CAKE-024,Tres Leches Cake,8,2026-08-01
BR-L,CAKE-025,Honey Cake,4,2026-08-04
BR-L,CAKE-025,Honey Cake,2,2026-08-22
BR-L,CAKE-026,Coffee Cake,5,2026-08-19
BR-L,CAKE-027,Fruit Gateau,6,2026-08-07
BR-L,CAKE-027,Fruit Gateau,2,2026-08-12
BR-L,CAKE-027,Fruit Gateau,2,2026-08-17
BR-L,CAKE-028,Coconut Macaroon Tray,1,2026-08-05
BR-L,CAKE-028,Coconut Macaroon Tray,3,2026-08-07
BR-L,CAKE-028,Coconut Macaroon Tray,1,2026-08-29
BR-L,CAKE-029,Lemon Meringue Cake,1,2026-08-02
BR-L,CAKE-029,Lemon Meringue Cake,3,2026-08-20
BR-L,CAKE-029,Lemon Meringue Cake,1,2026-08-25
BR-L,CAKE-029,Lemon Meringue Cake,1,2026-08-27
BR-L,CAKE-029,Lemon Meringue Cake,1,2026-08-29
BR-L,CAKE-030,Truffle Brownie Cake,5,2026-08-11
BR-L,CAKE-030,Truffle Brownie Cake,7,2026-08-17
BR-L,CAKE-030,Truffle Brownie Cake,4,2026-08-30
BR-M,CAKE-001,Chocolate Fudge Cake,18,2026-08-09
BR-M,CAKE-002,Vanilla Sponge Cake,8,2026-08-20
BR-M,CAKE-002,Vanilla Sponge Cake,4,2026-08-25
BR-M,CAKE-003,Red Velvet Cake,4,2026-08-15
BR-M,CAKE-003,Red Velvet Cake,1,2026-08-22
BR-M,CAKE-004,Lemon Drizzle Cake,1,2026-08-02
BR-M,CAKE-004,Lemon Drizzle Cake,1,2026-08-08
BR-M,CAKE-004,Lemon Drizzle Cake,1,2026-08-11
BR-M,CAKE-004,Lemon Drizzle Cake,1,2026-08-17
BR-M,CAKE-005,Carrot Cake,6,2026-08-12
BR-M,CAKE-006,Black Forest Cake,6,2026-08-14
BR-M,CAKE-006,Black Forest Cake,8,2026-08-18
BR-M,CAKE-007,Strawberry Shortcake,10,2026-08-14
BR-M,CAKE-007,Strawberry Shortcake,2,2026-08-29
BR-M,CAKE-008,Whole-Wheat Cake,3,2026-08-07
BR-M,CAKE-009,Pineapple Upside-Down Cake,4,2026-08-02
BR-M,CAKE-009,Pineapple Upside-Down Cake,2,2026-08-09
BR-M,CAKE-010,Butter Cake,4,2026-08-05
BR-M,CAKE-010,Butter Cake,2,2026-08-20
BR-M,CAKE-010,Butter Cake,5,2026-08-26
BR-M,CAKE-010,Butter Cake,1,2026-08-28
BR-M,CAKE-011,German Chocolate Cake,8,2026-08-25
BR-M,CAKE-012,Tiramisu Cake,8,2026-08-08
BR-M,CAKE-013,Cheesecake,14,2026-08-25
BR-M,CAKE-014,Banana Walnut Cake,2,2026-08-07
BR-M,CAKE-014,Banana Walnut Cake,4,2026-08-10
BR-M,CAKE-015,Apple Cinnamon Cake,1,2026-08-09
BR-M,CAKE-015,Apple Cinnamon Cake,1,2026-08-13
BR-M,CAKE-015,Apple Cinnamon Cake,1,2026-08-18
BR-M,CAKE-015,Apple Cinnamon Cake,1,2026-08-28
BR-M,CAKE-017,Marble Cake,2,2026-08-01
BR-M,CAKE-017,Marble Cake,5,2026-08-09
BR-M,CAKE-018,Mango Mousse Cake,2,2026-08-19
BR-M,CAKE-018,Mango Mousse Cake,8,2026-08-25
BR-M,CAKE-019,Blueberry Muffin Tray,10,2026-08-19
BR-M,CAKE-020,Almond Gateau,6,2026-08-17
BR-M,CAKE-021,Hazelnut Praline Cake,1,2026-08-06
BR-M,CAKE-021,Hazelnut Praline Cake,1,2026-08-09
BR-M,CAKE-021,Hazelnut Praline Cake,3,2026-08-13
BR-M,CAKE-023,Pistachio Cake,3,2026-08-09
BR-M,CAKE-024,Tres Leches Cake,1,2026-08-07
BR-M,CAKE-024,Tres Leches Cake,4,2026-08-10
BR-M,CAKE-024,Tres Leches Cake,1,2026-08-23
BR-M,CAKE-025,Honey Cake,4,2026-08-30
BR-M,CAKE-026,Coffee Cake,4,2026-08-19
BR-M,CAKE-027,Fruit Gateau,4,2026-08-03
BR-M,CAKE-027,Fruit Gateau,4,2026-08-31
BR-M,CAKE-028,Coconut Macaroon Tray,1,2026-08-20
BR-M,CAKE-028,Coconut Macaroon Tray,3,2026-08-28
BR-M,CAKE-029,Lemon Meringue Cake,4,2026-08-02
BR-M,CAKE-029,Lemon Meringue Cake,1,2026-08-09
BR-M,CAKE-030,Truffle Brownie Cake,14,2026-08-09
BR-N,CAKE-001,Chocolate Fudge Cake,13,2026-08-25
BR-N,CAKE-001,Chocolate Fudge Cake,2,2026-08-31
BR-N,CAKE-002,Vanilla Sponge Cake,9,2026-08-14
BR-N,CAKE-003,Red Velvet Cake,1,2026-08-02
BR-N,CAKE-003,Red Velvet Cake,1,2026-08-08
BR-N,CAKE-003,Red Velvet Cake,1,2026-08-24
BR-N,CAKE-003,Red Velvet Cake,1,2026-08-25
BR-N,CAKE-004,Lemon Drizzle Cake,3,2026-08-16
BR-N,CAKE-005,Carrot Cake,2,2026-08-01
BR-N,CAKE-005,Carrot Cake,1,2026-08-23
BR-N,CAKE-005,Carrot Cake,2,2026-08-28
BR-N,CAKE-006,Black Forest Cake,2,2026-08-01
BR-N,CAKE-006,Black Forest Cake,3,2026-08-06
BR-N,CAKE-006,Black Forest Cake,3,2026-08-08
BR-N,CAKE-006,Black Forest Cake,2,2026-08-13
BR-N,CAKE-006,Black Forest Cake,1,2026-08-21
BR-N,CAKE-007,Strawberry Shortcake,10,2026-08-22
BR-N,CAKE-008,Whole-Wheat Cake,1,2026-08-02
BR-N,CAKE-008,Whole-Wheat Cake,1,2026-08-31
BR-N,CAKE-009,Pineapple Upside-Down Cake,5,2026-08-28
BR-N,CAKE-010,Butter Cake,9,2026-08-08
BR-N,CAKE-011,German Chocolate Cake,7,2026-08-26
BR-N,CAKE-012,Tiramisu Cake,1,2026-08-04
BR-N,CAKE-012,Tiramisu Cake,4,2026-08-19
BR-N,CAKE-012,Tiramisu Cake,2,2026-08-26
BR-N,CAKE-013,Cheesecake,1,2026-08-18
BR-N,CAKE-013,Cheesecake,10,2026-08-22
BR-N,CAKE-014,Banana Walnut Cake,5,2026-08-26
BR-N,CAKE-015,Apple Cinnamon Cake,3,2026-08-16
BR-N,CAKE-016,Coconut Cake,4,2026-08-13
BR-N,CAKE-017,Marble Cake,1,2026-08-15
BR-N,CAKE-017,Marble Cake,5,2026-08-20
BR-N,CAKE-018,Mango Mousse Cake,1,2026-08-06
BR-N,CAKE-018,Mango Mousse Cake,1,2026-08-09
BR-N,CAKE-018,Mango Mousse Cake,3,2026-08-21
BR-N,CAKE-018,Mango Mousse Cake,2,2026-08-25
BR-N,CAKE-018,Mango Mousse Cake,1,2026-08-28
BR-N,CAKE-020,Almond Gateau,2,2026-08-01
BR-N,CAKE-020,Almond Gateau,3,2026-08-16
BR-N,CAKE-021,Hazelnut Praline Cake,3,2026-08-17
BR-N,CAKE-021,Hazelnut Praline Cake,1,2026-08-18
BR-N,CAKE-022,Orange Chiffon Cake,5,2026-08-05
BR-N,CAKE-023,Pistachio Cake,1,2026-08-06
BR-N,CAKE-023,Pistachio Cake,1,2026-08-28
BR-N,CAKE-024,Tres Leches Cake,5,2026-08-29
BR-N,CAKE-025,Honey Cake,1,2026-08-01
BR-N,CAKE-025,Honey Cake,1,2026-08-07
BR-N,CAKE-025,Honey Cake,1,2026-08-21
BR-N,CAKE-026,Coffee Cake,2,2026-08-03
BR-N,CAKE-026,Coffee Cake,1,2026-08-24
BR-N,CAKE-027,Fruit Gateau,7,2026-08-01
BR-N,CAKE-030,Truffle Brownie Cake,11,2026-08-25
BR-O,CAKE-001,Chocolate Fudge Cake,10,2026-08-07
BR-O,CAKE-001,Chocolate Fudge Cake,7,2026-08-27
BR-O,CAKE-002,Vanilla Sponge Cake,9,2026-08-25
BR-O,CAKE-002,Vanilla Sponge Cake,2,2026-08-26
BR-O,CAKE-003,Red Velvet Cake,5,2026-08-05
BR-O,CAKE-004,Lemon Drizzle Cake,3,2026-08-21
BR-O,CAKE-005,Carrot Cake,1,2026-08-15
BR-O,CAKE-005,Carrot Cake,5,2026-08-30
BR-O,CAKE-006,Black Forest Cake,13,2026-08-31
BR-O,CAKE-007,Strawberry Shortcake,12,2026-08-11
BR-O,CAKE-009,Pineapple Upside-Down Cake,2,2026-08-23
BR-O,CAKE-009,Pineapple Upside-Down Cake,4,2026-08-31
BR-O,CAKE-010,Butter Cake,6,2026-08-10
BR-O,CAKE-010,Butter Cake,5,2026-08-31
BR-O,CAKE-011,German Chocolate Cake,2,2026-08-03
BR-O,CAKE-011,German Chocolate Cake,3,2026-08-12
BR-O,CAKE-011,German Chocolate Cake,3,2026-08-30
BR-O,CAKE-012,Tiramisu Cake,2,2026-08-02
BR-O,CAKE-012,Tiramisu Cake,1,2026-08-05
BR-O,CAKE-012,Tiramisu Cake,5,2026-08-31
BR-O,CAKE-013,Cheesecake,1,2026-08-02
BR-O,CAKE-013,Cheesecake,12,2026-08-18
BR-O,CAKE-014,Banana Walnut Cake,6,2026-08-08
BR-O,CAKE-015,Apple Cinnamon Cake,3,2026-08-15
BR-O,CAKE-016,Coconut Cake,5,2026-08-24
BR-O,CAKE-017,Marble Cake,7,2026-08-16
BR-O,CAKE-018,Mango Mousse Cake,9,2026-08-08
BR-O,CAKE-019,Blueberry Muffin Tray,2,2026-08-08
BR-O,CAKE-019,Blueberry Muffin Tray,2,2026-08-09
BR-O,CAKE-019,Blueberry Muffin Tray,1,2026-08-11
BR-O,CAKE-019,Blueberry Muffin Tray,5,2026-08-21
BR-O,CAKE-020,Almond Gateau,4,2026-08-06
BR-O,CAKE-020,Almond Gateau,2,2026-08-12
BR-O,CAKE-021,Hazelnut Praline Cake,5,2026-08-24
BR-O,CAKE-022,Orange Chiffon Cake,6,2026-08-31
BR-O,CAKE-023,Pistachio Cake,3,2026-08-29
BR-O,CAKE-024,Tres Leches Cake,2,2026-08-04
BR-O,CAKE-024,Tres Leches Cake,4,2026-08-24
BR-O,CAKE-025,Honey Cake,1,2026-08-09
BR-O,CAKE-025,Honey Cake,1,2026-08-13
BR-O,CAKE-025,Honey Cake,2,2026-08-22
BR-O,CAKE-026,Coffee Cake,2,2026-08-13
BR-O,CAKE-026,Coffee Cake,2,2026-08-14
BR-O,CAKE-027,Fruit Gateau,8,2026-08-05
BR-O,CAKE-028,Coconut Macaroon Tray,1,2026-08-03
BR-O,CAKE-028,Coconut Macaroon Tray,1,2026-08-11
BR-O,CAKE-028,Coconut Macaroon Tray,1,2026-08-13
BR-O,CAKE-028,Coconut Macaroon Tray,1,2026-08-17
BR-O,CAKE-030,Truffle Brownie Cake,2,2026-08-06
BR-O,CAKE-030,Truffle Brownie Cake,11,2026-08-12
BR-P,CAKE-001,Chocolate Fudge Cake,3,2026-08-01
BR-P,CAKE-001,Chocolate Fudge Cake,2,2026-08-25
BR-P,CAKE-001,Chocolate Fudge Cake,4,2026-08-26
BR-P,CAKE-001,Chocolate Fudge Cake,5,2026-08-29
BR-P,CAKE-001,Chocolate Fudge Cake,2,2026-08-31
BR-P,CAKE-002,Vanilla Sponge Cake,10,2026-08-12
BR-P,CAKE-003,Red Velvet Cake,2,2026-08-05
BR-P,CAKE-003,Red Velvet Cake,3,2026-08-17
BR-P,CAKE-004,Lemon Drizzle Cake,1,2026-08-01
BR-P,CAKE-004,Lemon Drizzle Cake,1,2026-08-09
BR-P,CAKE-004,Lemon Drizzle Cake,1,2026-08-27
BR-P,CAKE-005,Carrot Cake,6,2026-08-26
BR-P,CAKE-006,Black Forest Cake,1,2026-08-02
BR-P,CAKE-006,Black Forest Cake,2,2026-08-08
BR-P,CAKE-006,Black Forest Cake,2,2026-08-18
BR-P,CAKE-006,Black Forest Cake,1,2026-08-23
BR-P,CAKE-006,Black Forest Cake,7,2026-08-29
BR-P,CAKE-007,Strawberry Shortcake,11,2026-08-29
BR-P,CAKE-008,Whole-Wheat Cake,2,2026-08-07
BR-P,CAKE-008,Whole-Wheat Cake,1,2026-08-11
BR-P,CAKE-009,Pineapple Upside-Down Cake,4,2026-08-17
BR-P,CAKE-009,Pineapple Upside-Down Cake,2,2026-08-28
BR-P,CAKE-010,Butter Cake,10,2026-08-01
BR-P,CAKE-011,German Chocolate Cake,2,2026-08-01
BR-P,CAKE-011,German Chocolate Cake,2,2026-08-15
BR-P,CAKE-011,German Chocolate Cake,4,2026-08-29
BR-P,CAKE-012,Tiramisu Cake,8,2026-08-06
BR-P,CAKE-013,Cheesecake,1,2026-08-12
BR-P,CAKE-013,Cheesecake,10,2026-08-17
BR-P,CAKE-013,Cheesecake,2,2026-08-21
BR-P,CAKE-014,Banana Walnut Cake,3,2026-08-03
BR-P,CAKE-014,Banana Walnut Cake,3,2026-08-17
BR-P,CAKE-015,Apple Cinnamon Cake,3,2026-08-11
BR-P,CAKE-016,Coconut Cake,5,2026-08-18
BR-P,CAKE-017,Marble Cake,2,2026-08-10
BR-P,CAKE-017,Marble Cake,1,2026-08-19
BR-P,CAKE-017,Marble Cake,4,2026-08-27
BR-P,CAKE-018,Mango Mousse Cake,9,2026-08-30
BR-P,CAKE-019,Blueberry Muffin Tray,10,2026-08-24
BR-P,CAKE-020,Almond Gateau,6,2026-08-01
BR-P,CAKE-022,Orange Chiffon Cake,5,2026-08-04
BR-P,CAKE-022,Orange Chiffon Cake,1,2026-08-26
BR-P,CAKE-023,Pistachio Cake,3,2026-08-20
BR-P,CAKE-024,Tres Leches Cake,6,2026-08-15
BR-P,CAKE-025,Honey Cake,1,2026-08-09
BR-P,CAKE-025,Honey Cake,2,2026-08-17
BR-P,CAKE-025,Honey Cake,1,2026-08-28
BR-P,CAKE-026,Coffee Cake,1,2026-08-12
BR-P,CAKE-026,Coffee Cake,1,2026-08-13
BR-P,CAKE-026,Coffee Cake,1,2026-08-19
BR-P,CAKE-026,Coffee Cake,1,2026-08-27
BR-P,CAKE-027,Fruit Gateau,8,2026-08-20
BR-P,CAKE-028,Coconut Macaroon Tray,1,2026-08-12
BR-P,CAKE-028,Coconut Macaroon Tray,1,2026-08-23
BR-P,CAKE-028,Coconut Macaroon Tray,1,2026-08-25
BR-P,CAKE-028,Coconut Macaroon Tray,1,2026-08-30
BR-P,CAKE-029,Lemon Meringue Cake,2,2026-08-07
BR-P,CAKE-029,Lemon Meringue Cake,3,2026-08-25
BR-P,CAKE-030,Truffle Brownie Cake,13,2026-08-06
BR-Q,CAKE-001,Chocolate Fudge Cake,4,2026-08-15
BR-Q,CAKE-001,Chocolate Fudge Cake,2,2026-08-17
BR-Q,CAKE-001,Chocolate Fudge Cake,6,2026-08-19
BR-Q,CAKE-002,Vanilla Sponge Cake,7,2026-08-12
BR-Q,CAKE-003,Red Velvet Cake,4,2026-08-29
BR-Q,CAKE-004,Lemon Drizzle Cake,2,2026-08-31
BR-Q,CAKE-005,Carrot Cake,1,2026-08-05
BR-Q,CAKE-005,Carrot Cake,1,2026-08-06
BR-Q,CAKE-005,Carrot Cake,1,2026-08-14
BR-Q,CAKE-005,Carrot Cake,1,2026-08-22
BR-Q,CAKE-006,Black Forest Cake,4,2026-08-12
BR-Q,CAKE-006,Black Forest Cake,4,2026-08-16
BR-Q,CAKE-006,Black Forest Cake,2,2026-08-18
BR-Q,CAKE-007,Strawberry Shortcake,1,2026-08-02
BR-Q,CAKE-007,Strawberry Shortcake,2,2026-08-05
BR-Q,CAKE-007,Strawberry Shortcake,1,2026-08-06
BR-Q,CAKE-007,Strawberry Shortcake,2,2026-08-11
BR-Q,CAKE-007,Strawberry Shortcake,2,2026-08-17
BR-Q,CAKE-008,Whole-Wheat Cake,2,2026-08-07
BR-Q,CAKE-009,Pineapple Upside-Down Cake,1,2026-08-01
BR-Q,CAKE-009,Pineapple Upside-Down Cake,1,2026-08-07
BR-Q,CAKE-009,Pineapple Upside-Down Cake,1,2026-08-24
BR-Q,CAKE-009,Pineapple Upside-Down Cake,1,2026-08-25
BR-Q,CAKE-010,Butter Cake,7,2026-08-08
BR-Q,CAKE-011,German Chocolate Cake,1,2026-08-02
BR-Q,CAKE-011,German Chocolate Cake,1,2026-08-05
BR-Q,CAKE-011,German Chocolate Cake,1,2026-08-09
BR-Q,CAKE-011,German Chocolate Cake,1,2026-08-28
BR-Q,CAKE-011,German Chocolate Cake,1,2026-08-29
BR-Q,CAKE-012,Tiramisu Cake,4,2026-08-03
BR-Q,CAKE-012,Tiramisu Cake,2,2026-08-11
BR-Q,CAKE-013,Cheesecake,8,2026-08-03
BR-Q,CAKE-014,Banana Walnut Cake,4,2026-08-07
BR-Q,CAKE-015,Apple Cinnamon Cake,1,2026-08-06
BR-Q,CAKE-015,Apple Cinnamon Cake,1,2026-08-26
BR-Q,CAKE-016,Coconut Cake,3,2026-08-13
BR-Q,CAKE-016,Coconut Cake,1,2026-08-20
BR-Q,CAKE-017,Marble Cake,1,2026-08-02
BR-Q,CAKE-017,Marble Cake,3,2026-08-08
BR-Q,CAKE-017,Marble Cake,1,2026-08-12
BR-Q,CAKE-018,Mango Mousse Cake,1,2026-08-06
BR-Q,CAKE-018,Mango Mousse Cake,2,2026-08-07
BR-Q,CAKE-018,Mango Mousse Cake,2,2026-08-08
BR-Q,CAKE-018,Mango Mousse Cake,1,2026-08-11
BR-Q,CAKE-018,Mango Mousse Cake,1,2026-08-31
BR-Q,CAKE-019,Blueberry Muffin Tray,6,2026-08-07
BR-Q,CAKE-020,Almond Gateau,4,2026-08-06
BR-Q,CAKE-021,Hazelnut Praline Cake,3,2026-08-02
BR-Q,CAKE-022,Orange Chiffon Cake,4,2026-08-16
BR-Q,CAKE-023,Pistachio Cake,2,2026-08-02
BR-Q,CAKE-024,Tres Leches Cake,3,2026-08-02
BR-Q,CAKE-024,Tres Leches Cake,1,2026-08-31
BR-Q,CAKE-025,Honey Cake,3,2026-08-04
BR-Q,CAKE-026,Coffee Cake,1,2026-08-03
BR-Q,CAKE-026,Coffee Cake,1,2026-08-12
BR-Q,CAKE-026,Coffee Cake,1,2026-08-27
BR-Q,CAKE-027,Fruit Gateau,6,2026-08-09
BR-Q,CAKE-028,Coconut Macaroon Tray,1,2026-08-01
BR-Q,CAKE-028,Coconut Macaroon Tray,1,2026-08-18
BR-Q,CAKE-028,Coconut Macaroon Tray,1,2026-08-30
BR-Q,CAKE-029,Lemon Meringue Cake,3,2026-08-21
BR-Q,CAKE-030,Truffle Brownie Cake,8,2026-08-11
BR-R,CAKE-001,Chocolate Fudge Cake,4,2026-08-02
BR-R,CAKE-001,Chocolate Fudge Cake,7,2026-08-28
BR-R,CAKE-002,Vanilla Sponge Cake,6,2026-08-21
BR-R,CAKE-003,Red Velvet Cake,3,2026-08-16
BR-R,CAKE-004,Lemon Drizzle Cake,1,2026-08-13
BR-R,CAKE-004,Lemon Drizzle Cake,1,2026-08-25
BR-R,CAKE-005,Carrot Cake,4,2026-08-07
BR-R,CAKE-006,Black Forest Cake,3,2026-08-02
BR-R,CAKE-006,Black Forest Cake,2,2026-08-07
BR-R,CAKE-006,Black Forest Cake,1,2026-08-09
BR-R,CAKE-006,Black Forest Cake,1,2026-08-13
BR-R,CAKE-006,Black Forest Cake,1,2026-08-30
BR-R,CAKE-007,Strawberry Shortcake,2,2026-08-02
BR-R,CAKE-007,Strawberry Shortcake,2,2026-08-17
BR-R,CAKE-007,Strawberry Shortcake,3,2026-08-25
BR-R,CAKE-008,Whole-Wheat Cake,2,2026-08-08
BR-R,CAKE-009,Pineapple Upside-Down Cake,4,2026-08-18
BR-R,CAKE-010,Butter Cake,1,2026-08-05
BR-R,CAKE-010,Butter Cake,1,2026-08-17
BR-R,CAKE-010,Butter Cake,1,2026-08-20
BR-R,CAKE-010,Butter Cake,1,2026-08-21
BR-R,CAKE-010,Butter Cake,2,2026-08-25
BR-R,CAKE-011,German Chocolate Cake,4,2026-08-14
BR-R,CAKE-012,Tiramisu Cake,1,2026-08-06
BR-R,CAKE-012,Tiramisu Cake,1,2026-08-14
BR-R,CAKE-012,Tiramisu Cake,3,2026-08-22
BR-R,CAKE-013,Cheesecake,7,2026-08-09
BR-R,CAKE-014,Banana Walnut Cake,1,2026-08-11
BR-R,CAKE-014,Banana Walnut Cake,1,2026-08-18
BR-R,CAKE-014,Banana Walnut Cake,1,2026-08-28
BR-R,CAKE-014,Banana Walnut Cake,1,2026-08-31
BR-R,CAKE-015,Apple Cinnamon Cake,2,2026-08-17
BR-R,CAKE-016,Coconut Cake,3,2026-08-14
BR-R,CAKE-016,Coconut Cake,1,2026-08-21
BR-R,CAKE-017,Marble Cake,4,2026-08-27
BR-R,CAKE-018,Mango Mousse Cake,6,2026-08-24
BR-R,CAKE-019,Blueberry Muffin Tray,5,2026-08-07
BR-R,CAKE-021,Hazelnut Praline Cake,3,2026-08-14
BR-R,CAKE-022,Orange Chiffon Cake,4,2026-08-29
BR-R,CAKE-023,Pistachio Cake,1,2026-08-02
BR-R,CAKE-023,Pistachio Cake,1,2026-08-26
BR-R,CAKE-025,Honey Cake,1,2026-08-07
BR-R,CAKE-025,Honey Cake,1,2026-08-11
BR-R,CAKE-025,Honey Cake,1,2026-08-22
BR-R,CAKE-026,Coffee Cake,2,2026-08-03
BR-R,CAKE-027,Fruit Gateau,1,2026-08-01
BR-R,CAKE-027,Fruit Gateau,1,2026-08-04
BR-R,CAKE-027,Fruit Gateau,1,2026-08-12
BR-R,CAKE-027,Fruit Gateau,1,2026-08-18
BR-R,CAKE-027,Fruit Gateau,1,2026-08-26
BR-R,CAKE-028,Coconut Macaroon Tray,3,2026-08-13
BR-R,CAKE-029,Lemon Meringue Cake,3,2026-08-27
BR-R,CAKE-030,Truffle Brownie Cake,7,2026-08-23
BR-S,CAKE-001,Chocolate Fudge Cake,13,2026-08-05
BR-S,CAKE-003,Red Velvet Cake,2,2026-08-08
BR-S,CAKE-003,Red Velvet Cake,1,2026-08-17
BR-S,CAKE-003,Red Velvet Cake,1,2026-08-21
BR-S,CAKE-004,Lemon Drizzle Cake,2,2026-08-12
BR-S,CAKE-005,Carrot Cake,4,2026-08-13
BR-S,CAKE-006,Black Forest Cake,10,2026-08-14
BR-S,CAKE-007,Strawberry Shortcake,9,2026-08-05
BR-S,CAKE-008,Whole-Wheat Cake,1,2026-08-12
BR-S,CAKE-008,Whole-Wheat Cake,1,2026-08-26
BR-S,CAKE-009,Pineapple Upside-Down Cake,3,2026-08-04
BR-S,CAKE-009,Pineapple Upside-Down Cake,1,2026-08-28
BR-S,CAKE-010,Butter Cake,1,2026-08-18
BR-S,CAKE-010,Butter Cake,1,2026-08-19
BR-S,CAKE-010,Butter Cake,3,2026-08-21
BR-S,CAKE-010,Butter Cake,2,2026-08-26
BR-S,CAKE-010,Butter Cake,1,2026-08-30
BR-S,CAKE-011,German Chocolate Cake,3,2026-08-02
BR-S,CAKE-011,German Chocolate Cake,1,2026-08-10
BR-S,CAKE-011,German Chocolate Cake,1,2026-08-25
BR-S,CAKE-011,German Chocolate Cake,1,2026-08-30
BR-S,CAKE-012,Tiramisu Cake,2,2026-08-23
BR-S,CAKE-012,Tiramisu Cake,5,2026-08-26
BR-S,CAKE-013,Cheesecake,2,2026-08-13
BR-S,CAKE-013,Cheesecake,1,2026-08-16
BR-S,CAKE-013,Cheesecake,2,2026-08-18
BR-S,CAKE-013,Cheesecake,3,2026-08-23
BR-S,CAKE-013,Cheesecake,1,2026-08-29
BR-S,CAKE-014,Banana Walnut Cake,3,2026-08-14
BR-S,CAKE-014,Banana Walnut Cake,1,2026-08-17
BR-S,CAKE-015,Apple Cinnamon Cake,1,2026-08-01
BR-S,CAKE-015,Apple Cinnamon Cake,1,2026-08-21
BR-S,CAKE-016,Coconut Cake,2,2026-08-06
BR-S,CAKE-016,Coconut Cake,2,2026-08-28
BR-S,CAKE-017,Marble Cake,6,2026-08-17
BR-S,CAKE-018,Mango Mousse Cake,7,2026-08-23
BR-S,CAKE-019,Blueberry Muffin Tray,1,2026-08-10
BR-S,CAKE-019,Blueberry Muffin Tray,6,2026-08-29
BR-S,CAKE-020,Almond Gateau,3,2026-08-08
BR-S,CAKE-020,Almond Gateau,1,2026-08-28
BR-S,CAKE-021,Hazelnut Praline Cake,3,2026-08-02
BR-S,CAKE-022,Orange Chiffon Cake,1,2026-08-12
BR-S,CAKE-022,Orange Chiffon Cake,1,2026-08-20
BR-S,CAKE-022,Orange Chiffon Cake,1,2026-08-21
BR-S,CAKE-022,Orange Chiffon Cake,1,2026-08-22
BR-S,CAKE-023,Pistachio Cake,2,2026-08-31
BR-S,CAKE-024,Tres Leches Cake,3,2026-08-10
BR-S,CAKE-024,Tres Leches Cake,1,2026-08-28
BR-S,CAKE-025,Honey Cake,1,2026-08-08
BR-S,CAKE-025,Honey Cake,1,2026-08-19
BR-S,CAKE-025,Honey Cake,1,2026-08-20
BR-S,CAKE-026,Coffee Cake,1,2026-08-09
BR-S,CAKE-026,Coffee Cake,1,2026-08-26
BR-S,CAKE-026,Coffee Cake,1,2026-08-27
BR-S,CAKE-027,Fruit Gateau,4,2026-08-08
BR-S,CAKE-027,Fruit Gateau,3,2026-08-19
BR-S,CAKE-028,Coconut Macaroon Tray,1,2026-08-18
BR-S,CAKE-028,Coconut Macaroon Tray,1,2026-08-24
BR-S,CAKE-028,Coconut Macaroon Tray,1,2026-08-30
BR-S,CAKE-029,Lemon Meringue Cake,2,2026-08-01
BR-S,CAKE-029,Lemon Meringue Cake,1,2026-08-08
BR-S,CAKE-030,Truffle Brownie Cake,9,2026-08-30
BR-T,CAKE-001,Chocolate Fudge Cake,1,2026-08-03
BR-T,CAKE-001,Chocolate Fudge Cake,3,2026-08-25
BR-T,CAKE-003,Red Velvet Cake,1,2026-08-27
BR-T,CAKE-004,Lemon Drizzle Cake,1,2026-08-06
BR-T,CAKE-006,Black Forest Cake,1,2026-08-02
BR-T,CAKE-006,Black Forest Cake,1,2026-08-13
BR-T,CAKE-006,Black Forest Cake,1,2026-08-22
BR-T,CAKE-007,Strawberry Shortcake,2,2026-08-16
BR-T,CAKE-007,Strawberry Shortcake,1,2026-08-31
BR-T,CAKE-008,Whole-Wheat Cake,1,2026-08-19
BR-T,CAKE-010,Butter Cake,1,2026-08-02
BR-T,CAKE-010,Butter Cake,1,2026-08-23
BR-T,CAKE-010,Butter Cake,1,2026-08-28
BR-T,CAKE-012,Tiramisu Cake,1,2026-08-02
BR-T,CAKE-012,Tiramisu Cake,1,2026-08-05
BR-T,CAKE-013,Cheesecake,1,2026-08-18
BR-T,CAKE-013,Cheesecake,1,2026-08-21
BR-T,CAKE-013,Cheesecake,1,2026-08-26
BR-T,CAKE-014,Banana Walnut Cake,1,2026-08-04
BR-T,CAKE-015,Apple Cinnamon Cake,1,2026-08-17
BR-T,CAKE-016,Coconut Cake,1,2026-08-01
BR-T,CAKE-018,Mango Mousse Cake,1,2026-08-10
BR-T,CAKE-018,Mango Mousse Cake,1,2026-08-30
BR-T,CAKE-019,Blueberry Muffin Tray,1,2026-08-09
BR-T,CAKE-019,Blueberry Muffin Tray,1,2026-08-13
BR-T,CAKE-020,Almond Gateau,1,2026-08-26
BR-T,CAKE-022,Orange Chiffon Cake,1,2026-08-31
BR-T,CAKE-025,Honey Cake,1,2026-08-11
BR-T,CAKE-026,Coffee Cake,1,2026-08-31
BR-T,CAKE-027,Fruit Gateau,2,2026-08-20
BR-T,CAKE-028,Coconut Macaroon Tray,1,2026-08-15
BR-T,CAKE-029,Lemon Meringue Cake,1,2026-08-06
BR-T,CAKE-030,Truffle Brownie Cake,3,2026-08-22
