item_no,item_name,branch,quantity,date
SKU-00001,Cola 1.5L,BR-A,113.3,2026-01-01
SKU-00001,Cola 1.5L,BR-B,229.04,2026-01-01
SKU-00001,Cola 1.5L,BR-C,103.41,2026-01-01
SKU-00001,Cola 1.5L,BR-D,186.53,2026-01-01
SKU-00001,Cola 1.5L,BR-E,164.13,2026-01-01
SKU-00002,Orange Juice 1L,BR-A,19.34,2026-01-01
SKU-00002,Orange Juice 1L,BR-B,9.98,2026-01-01
SKU-00002,Orange Juice 1L,BR-C,10.29,2026-01-01
SKU-00002,Orange Juice 1L,BR-D,10.98,2026-01-01
SKU-00002,Orange Juice 1L,BR-E,17.24,2026-01-01
SKU-00003,Mineral Water 500ml,BR-A,94.4,2026-01-01
SKU-00003,Mineral Water 500ml,BR-B,97.04,2026-01-01
SKU-00003,Mineral Water 500ml,BR-C,65.25,2026-01-01
SKU-00003,Mineral Water 500ml,BR-D,61.74,2026-01-01
SKU-00003,Mineral Water 500ml,BR-E,46.71,2026-01-01
SKU-00004,Energy Drink 250ml,BR-A,46.73,2026-01-01
SKU-00004,Energy Drink 250ml,BR-B,83.13,2026-01-01
SKU-00004,Energy Drink 250ml,BR-C,70.82,2026-01-01
SKU-00004,Energy Drink 250ml,BR-D,43.75,2026-01-01
SKU-00004,Energy Drink 250ml,BR-E,44.31,2026-01-01
SKU-00005,Soda Can,BR-A,194.05,2026-01-01
SKU-00005,Soda Can,BR-B,182.55,2026-01-01
SKU-00005,Soda Can,BR-C,207.55,2026-01-01
SKU-00005,Soda Can,BR-D,290.37,2026-01-01
SKU-00005,Soda Can,BR-E,144.13,2026-01-01
SKU-00006,Apple Juice 1L,BR-A,150.81,2026-01-01
SKU-00006,Apple Juice 1L,BR-B,143.1,2026-01-01
SKU-00006,Apple Juice 1L,BR-C,117.26,2026-01-01
SKU-00006,Apple Juice 1L,BR-D,123.97,2026-01-01
SKU-00006,Apple Juice 1L,BR-E,218.09,2026-01-01
SKU-00007,Tea Bag 100s,BR-A,317.6,2026-01-01
SKU-00007,Tea Bag 100s,BR-B,287.46,2026-01-01
SKU-00007,Tea Bag 100s,BR-C,134.68,2026-01-01
SKU-00007,Tea Bag 100s,BR-D,319.82,2026-01-01
SKU-00007,Tea Bag 100s,BR-E,201.58,2026-01-01
SKU-00008,Coffee 200g,BR-A,18.01,2026-01-01
SKU-00008,Coffee 200g,BR-B,22.5,2026-01-01
SKU-00008,Coffee 200g,BR-C,25.57,2026-01-01
SKU-00008,Coffee 200g,BR-D,30.08,2026-01-01
SKU-00008,Coffee 200g,BR-E,34.77,2026-01-01
SKU-00009,Lemonade 1L,BR-A,90.64,2026-01-01
SKU-00009,Lemonade 1L,BR-B,173.54,2026-01-01
SKU-00009,Lemonade 1L,BR-C,64.64,2026-01-01
SKU-00009,Lemonade 1L,BR-D,107.0,2026-01-01
SKU-00009,Lemonade 1L,BR-E,112.43,2026-01-01
SKU-00010,Iced Tea 500ml,BR-A,18.06,2026-01-01
SKU-00010,Iced Tea 500ml,BR-B,11.07,2026-01-01
SKU-00010,Iced Tea 500ml,BR-C,14.05,2026-01-01
SKU-00010,Iced Tea 500ml,BR-D,18.85,2026-01-01
SKU-00010,Iced Tea 500ml,BR-E,9.52,2026-01-01
SKU-00011,Thermos Flask 500ml,BR-A,34.06,2026-01-01
SKU-00011,Thermos Flask 500ml,BR-B,84.7,2026-01-01
SKU-00011,Thermos Flask 500ml,BR-C,94.12,2026-01-01
SKU-00011,Thermos Flask 500ml,BR-D,41.41,2026-01-01
SKU-00011,Thermos Flask 500ml,BR-E,84.29,2026-01-01
SKU-00012,أكوا 1.5 لتر,BR-A,122.53,2026-01-01
SKU-00012,أكوا 1.5 لتر,BR-B,157.26,2026-01-01
SKU-00012,أكوا 1.5 لتر,BR-C,159.19,2026-01-01
SKU-00012,أكوا 1.5 لتر,BR-D,150.8,2026-01-01
SKU-00012,أكوا 1.5 لتر,BR-E,107.27,2026-01-01
SKU-00013,Sports Drink 600ml,BR-A,17.92,2026-01-01
SKU-00013,Sports Drink 600ml,BR-B,7.43,2026-01-01
SKU-00013,Sports Drink 600ml,BR-C,7.99,2026-01-01
SKU-00013,Sports Drink 600ml,BR-D,19.11,2026-01-01
SKU-00013,Sports Drink 600ml,BR-E,13.02,2026-01-01
SKU-00014,Milk 1L,BR-A,37.99,2026-01-01
SKU-00014,Milk 1L,BR-B,82.2,2026-01-01
SKU-00014,Milk 1L,BR-C,77.88,2026-01-01
SKU-00014,Milk 1L,BR-D,49.54,2026-01-01
SKU-00014,Milk 1L,BR-E,33.09,2026-01-01
SKU-00015,Butter 250g,BR-A,171.12,2026-01-01
SKU-00015,Butter 250g,BR-B,120.95,2026-01-01
SKU-00015,Butter 250g,BR-C,190.44,2026-01-01
SKU-00015,Butter 250g,BR-D,232.87,2026-01-01
SKU-00015,Butter 250g,BR-E,159.82,2026-01-01
SKU-00016,Cheese Slices,BR-A,82.18,2026-01-01
SKU-00016,Cheese Slices,BR-B,176.76,2026-01-01
SKU-00016,Cheese Slices,BR-C,102.91,2026-01-01
SKU-00016,Cheese Slices,BR-D,108.98,2026-01-01
SKU-00016,Cheese Slices,BR-E,104.99,2026-01-01
SKU-00017,Yogurt 500g,BR-A,51.06,2026-01-01
SKU-00017,Yogurt 500g,BR-B,88.73,2026-01-01
SKU-00017,Yogurt 500g,BR-C,35.76,2026-01-01
SKU-00017,Yogurt 500g,BR-D,72.24,2026-01-01
SKU-00017,Yogurt 500g,BR-E,48.94,2026-01-01
SKU-00018,Eggs 12pk,BR-A,129.93,2026-01-01
SKU-00018,Eggs 12pk,BR-B,148.15,2026-01-01
SKU-00018,Eggs 12pk,BR-C,169.77,2026-01-01
SKU-00018,Eggs 12pk,BR-D,93.43,2026-01-01
SKU-00018,Eggs 12pk,BR-E,127.54,2026-01-01
SKU-00019,Cream 200ml,BR-A,143.0,2026-01-01
SKU-00019,Cream 200ml,BR-B,156.17,2026-01-01
SKU-00019,Cream 200ml,BR-C,301.19,2026-01-01
SKU-00019,Cream 200ml,BR-D,225.24,2026-01-01
SKU-00019,Cream 200ml,BR-E,247.45,2026-01-01
SKU-00020,Cheese Block 200g,BR-A,10.98,2026-01-01
SKU-00020,Cheese Block 200g,BR-B,10.92,2026-01-01
SKU-00020,Cheese Block 200g,BR-C,12.51,2026-01-01
SKU-00020,Cheese Block 200g,BR-D,10.81,2026-01-01
SKU-00020,Cheese Block 200g,BR-E,7.35,2026-01-01
SKU-00021,Ghee 1L,BR-A,228.22,2026-01-01
SKU-00021,Ghee 1L,BR-B,215.61,2026-01-01
SKU-00021,Ghee 1L,BR-C,305.8,2026-01-01
SKU-00021,Ghee 1L,BR-D,219.34,2026-01-01
SKU-00021,Ghee 1L,BR-E,195.31,2026-01-01
SKU-00022,Milk Powder 400g,BR-A,131.75,2026-01-01
SKU-00022,Milk Powder 400g,BR-B,157.26,2026-01-01
SKU-00022,Milk Powder 400g,BR-C,138.94,2026-01-01
SKU-00022,Milk Powder 400g,BR-D,263.08,2026-01-01
SKU-00022,Milk Powder 400g,BR-E,241.58,2026-01-01
SKU-00023,الحليب الطازج,BR-A,55.34,2026-01-01
SKU-00023,الحليب الطازج,BR-B,141.82,2026-01-01
SKU-00023,الحليب الطازج,BR-C,98.98,2026-01-01
SKU-00023,الحليب الطازج,BR-D,120.99,2026-01-01
SKU-00023,الحليب الطازج,BR-E,142.56,2026-01-01
SKU-00024,Bread Loaf,BR-A,69.41,2026-01-01
SKU-00024,Bread Loaf,BR-B,29.31,2026-01-01
SKU-00024,Bread Loaf,BR-C,54.85,2026-01-01
SKU-00024,Bread Loaf,BR-D,36.94,2026-01-01
SKU-00024,Bread Loaf,BR-E,62.17,2026-01-01
SKU-00025,Croissant,BR-A,362.78,2026-01-01
SKU-00025,Croissant,BR-B,148.12,2026-01-01
SKU-00025,Croissant,BR-C,382.5,2026-01-01
SKU-00025,Croissant,BR-D,188.87,2026-01-01
SKU-00025,Croissant,BR-E,345.15,2026-01-01
SKU-00026,Pita Bread 6pk,BR-A,122.6,2026-01-01
SKU-00026,Pita Bread 6pk,BR-B,81.98,2026-01-01
SKU-00026,Pita Bread 6pk,BR-C,126.44,2026-01-01
SKU-00026,Pita Bread 6pk,BR-D,126.99,2026-01-01
SKU-00026,Pita Bread 6pk,BR-E,65.58,2026-01-01
SKU-00027,Muffin 4pk,BR-A,33.96,2026-01-01
SKU-00027,Muffin 4pk,BR-B,40.38,2026-01-01
SKU-00027,Muffin 4pk,BR-C,37.12,2026-01-01
SKU-00027,Muffin 4pk,BR-D,43.62,2026-01-01
SKU-00027,Muffin 4pk,BR-E,17.02,2026-01-01
SKU-00028,Baguette,BR-A,38.5,2026-01-01
SKU-00028,Baguette,BR-B,46.17,2026-01-01
SKU-00028,Baguette,BR-C,34.24,2026-01-01
SKU-00028,Baguette,BR-D,34.23,2026-01-01
SKU-00028,Baguette,BR-E,22.58,2026-01-01
SKU-00029,Donuts 6pk,BR-A,337.94,2026-01-01
SKU-00029,Donuts 6pk,BR-B,314.39,2026-01-01
SKU-00029,Donuts 6pk,BR-C,228.18,2026-01-01
SKU-00029,Donuts 6pk,BR-D,187.63,2026-01-01
SKU-00029,Donuts 6pk,BR-E,227.79,2026-01-01
SKU-00030,Cake Slice,BR-A,100.29,2026-01-01
SKU-00030,Cake Slice,BR-B,123.0,2026-01-01
SKU-00030,Cake Slice,BR-C,120.79,2026-01-01
SKU-00030,Cake Slice,BR-D,169.86,2026-01-01
SKU-00030,Cake Slice,BR-E,86.0,2026-01-01
SKU-00031,Cookies Pack,BR-A,307.47,2026-01-01
SKU-00031,Cookies Pack,BR-B,156.21,2026-01-01
SKU-00031,Cookies Pack,BR-C,141.23,2026-01-01
SKU-00031,Cookies Pack,BR-D,265.04,2026-01-01
SKU-00031,Cookies Pack,BR-E,307.65,2026-01-01
SKU-00032,كعكة شوكولاتة,BR-A,264.78,2026-01-01
SKU-00032,كعكة شوكولاتة,BR-B,165.07,2026-01-01
SKU-00032,كعكة شوكولاتة,BR-C,107.31,2026-01-01
SKU-00032,كعكة شوكولاتة,BR-D,215.44,2026-01-01
SKU-00032,كعكة شوكولاتة,BR-E,278.75,2026-01-01
SKU-00033,Apples 1kg,BR-A,187.05,2026-01-01
SKU-00033,Apples 1kg,BR-B,197.33,2026-01-01
SKU-00033,Apples 1kg,BR-C,199.35,2026-01-01
SKU-00033,Apples 1kg,BR-D,213.58,2026-01-01
SKU-00033,Apples 1kg,BR-E,129.95,2026-01-01
SKU-00034,Bananas 1kg,BR-A,374.89,2026-01-01
SKU-00034,Bananas 1kg,BR-B,236.54,2026-01-01
SKU-00034,Bananas 1kg,BR-C,161.95,2026-01-01
SKU-00034,Bananas 1kg,BR-D,212.78,2026-01-01
SKU-00034,Bananas 1kg,BR-E,170.92,2026-01-01
SKU-00035,Potatoes 2kg,BR-A,71.29,2026-01-01
SKU-00035,Potatoes 2kg,BR-B,152.34,2026-01-01
SKU-00035,Potatoes 2kg,BR-C,136.28,2026-01-01
SKU-00035,Potatoes 2kg,BR-D,153.57,2026-01-01
SKU-00035,Potatoes 2kg,BR-E,121.66,2026-01-01
SKU-00036,Onions 1kg,BR-A,104.32,2026-01-01
SKU-00036,Onions 1kg,BR-B,220.62,2026-01-01
SKU-00036,Onions 1kg,BR-C,180.34,2026-01-01
SKU-00036,Onions 1kg,BR-D,214.78,2026-01-01
SKU-00036,Onions 1kg,BR-E,194.02,2026-01-01
SKU-00037,Tomatoes 1kg,BR-A,165.07,2026-01-01
SKU-00037,Tomatoes 1kg,BR-B,244.32,2026-01-01
SKU-00037,Tomatoes 1kg,BR-C,154.69,2026-01-01
SKU-00037,Tomatoes 1kg,BR-D,183.18,2026-01-01
SKU-00037,Tomatoes 1kg,BR-E,265.89,2026-01-01
SKU-00038,Cucumbers 500g,BR-A,108.71,2026-01-01
SKU-00038,Cucumbers 500g,BR-B,206.92,2026-01-01
SKU-00038,Cucumbers 500g,BR-C,242.84,2026-01-01
SKU-00038,Cucumbers 500g,BR-D,242.82,2026-01-01
SKU-00038,Cucumbers 500g,BR-E,151.86,2026-01-01
SKU-00039,Lettuce Head,BR-A,344.71,2026-01-01
SKU-00039,Lettuce Head,BR-B,338.17,2026-01-01
SKU-00039,Lettuce Head,BR-C,128.38,2026-01-01
SKU-00039,Lettuce Head,BR-D,256.58,2026-01-01
SKU-00039,Lettuce Head,BR-E,328.24,2026-01-01
SKU-00040,Carrots 1kg,BR-A,230.24,2026-01-01
SKU-00040,Carrots 1kg,BR-B,116.09,2026-01-01
SKU-00040,Carrots 1kg,BR-C,168.78,2026-01-01
SKU-00040,Carrots 1kg,BR-D,225.52,2026-01-01
SKU-00040,Carrots 1kg,BR-E,103.82,2026-01-01
SKU-00041,Potato Chips 150g,BR-A,237.66,2026-01-01
SKU-00041,Potato Chips 150g,BR-B,143.74,2026-01-01
SKU-00041,Potato Chips 150g,BR-C,281.54,2026-01-01
SKU-00041,Potato Chips 150g,BR-D,130.76,2026-01-01
SKU-00041,Potato Chips 150g,BR-E,263.57,2026-01-01
SKU-00042,Ice Cream 500ml,BR-A,11.33,2026-01-01
SKU-00042,Ice Cream 500ml,BR-B,22.54,2026-01-01
SKU-00042,Ice Cream 500ml,BR-C,21.28,2026-01-01
SKU-00042,Ice Cream 500ml,BR-D,25.75,2026-01-01
SKU-00042,Ice Cream 500ml,BR-E,17.8,2026-01-01
SKU-00043,Frozen Peas 500g,BR-A,51.61,2026-01-01
SKU-00043,Frozen Peas 500g,BR-B,50.61,2026-01-01
SKU-00043,Frozen Peas 500g,BR-C,38.93,2026-01-01
SKU-00043,Frozen Peas 500g,BR-D,51.06,2026-01-01
SKU-00043,Frozen Peas 500g,BR-E,41.52,2026-01-01
SKU-00044,Frozen Pizza,BR-A,43.08,2026-01-01
SKU-00044,Frozen Pizza,BR-B,73.79,2026-01-01
SKU-00044,Frozen Pizza,BR-C,101.45,2026-01-01
SKU-00044,Frozen Pizza,BR-D,120.33,2026-01-01
SKU-00044,Frozen Pizza,BR-E,113.58,2026-01-01
SKU-00045,Chicken Fingers 500g,BR-A,27.62,2026-01-01
SKU-00045,Chicken Fingers 500g,BR-B,24.56,2026-01-01
SKU-00045,Chicken Fingers 500g,BR-C,29.04,2026-01-01
SKU-00045,Chicken Fingers 500g,BR-D,17.14,2026-01-01
SKU-00045,Chicken Fingers 500g,BR-E,27.26,2026-01-01
SKU-00046,Fish Fingers 500g,BR-A,91.89,2026-01-01
SKU-00046,Fish Fingers 500g,BR-B,77.93,2026-01-01
SKU-00046,Fish Fingers 500g,BR-C,80.3,2026-01-01
SKU-00046,Fish Fingers 500g,BR-D,45.94,2026-01-01
SKU-00046,Fish Fingers 500g,BR-E,40.11,2026-01-01
SKU-00047,Frozen Veg Mix 450g,BR-A,44.45,2026-01-01
SKU-00047,Frozen Veg Mix 450g,BR-B,26.76,2026-01-01
SKU-00047,Frozen Veg Mix 450g,BR-C,27.52,2026-01-01
SKU-00047,Frozen Veg Mix 450g,BR-D,47.85,2026-01-01
SKU-00047,Frozen Veg Mix 450g,BR-E,19.67,2026-01-01
SKU-00048,مجمدات متنوعة,BR-A,54.53,2026-01-01
SKU-00048,مجمدات متنوعة,BR-B,70.34,2026-01-01
SKU-00048,مجمدات متنوعة,BR-C,97.77,2026-01-01
SKU-00048,مجمدات متنوعة,BR-D,83.54,2026-01-01
SKU-00048,مجمدات متنوعة,BR-E,110.56,2026-01-01
SKU-00049,Detergent 1L,BR-A,105.91,2026-01-01
SKU-00049,Detergent 1L,BR-B,189.92,2026-01-01
SKU-00049,Detergent 1L,BR-C,193.21,2026-01-01
SKU-00049,Detergent 1L,BR-D,171.25,2026-01-01
SKU-00049,Detergent 1L,BR-E,95.5,2026-01-01
SKU-00050,Toilet Paper 6pk,BR-A,146.51,2026-01-01
SKU-00050,Toilet Paper 6pk,BR-B,69.59,2026-01-01
SKU-00050,Toilet Paper 6pk,BR-C,141.29,2026-01-01
SKU-00050,Toilet Paper 6pk,BR-D,68.81,2026-01-01
SKU-00050,Toilet Paper 6pk,BR-E,63.29,2026-01-01
SKU-00051,Hand Soap,BR-A,74.67,2026-01-01
SKU-00051,Hand Soap,BR-B,73.11,2026-01-01
SKU-00051,Hand Soap,BR-C,124.01,2026-01-01
SKU-00051,Hand Soap,BR-D,126.5,2026-01-01
SKU-00051,Hand Soap,BR-E,127.3,2026-01-01
SKU-00052,Shampoo 400ml,BR-A,47.96,2026-01-01
SKU-00052,Shampoo 400ml,BR-B,48.93,2026-01-01
SKU-00052,Shampoo 400ml,BR-C,46.3,2026-01-01
SKU-00052,Shampoo 400ml,BR-D,35.09,2026-01-01
SKU-00052,Shampoo 400ml,BR-E,66.25,2026-01-01
SKU-00053,Toothpaste 100ml,BR-A,102.31,2026-01-01
SKU-00053,Toothpaste 100ml,BR-B,51.37,2026-01-01
SKU-00053,Toothpaste 100ml,BR-C,66.75,2026-01-01
SKU-00053,Toothpaste 100ml,BR-D,71.71,2026-01-01
SKU-00053,Toothpaste 100ml,BR-E,61.83,2026-01-01
SKU-00054,Cleaning Spray,BR-A,292.77,2026-01-01
SKU-00054,Cleaning Spray,BR-B,277.7,2026-01-01
SKU-00054,Cleaning Spray,BR-C,180.02,2026-01-01
SKU-00054,Cleaning Spray,BR-D,137.6,2026-01-01
SKU-00054,Cleaning Spray,BR-E,172.98,2026-01-01
SKU-00055,Garbage Bags 30pk,BR-A,141.83,2026-01-01
SKU-00055,Garbage Bags 30pk,BR-B,105.98,2026-01-01
SKU-00055,Garbage Bags 30pk,BR-C,236.11,2026-01-01
SKU-00055,Garbage Bags 30pk,BR-D,144.65,2026-01-01
SKU-00055,Garbage Bags 30pk,BR-E,159.88,2026-01-01
SKU-00056,Chips 150g,BR-A,165.38,2026-01-01
SKU-00056,Chips 150g,BR-B,193.05,2026-01-01
SKU-00056,Chips 150g,BR-C,101.33,2026-01-01
SKU-00056,Chips 150g,BR-D,174.23,2026-01-01
SKU-00056,Chips 150g,BR-E,116.41,2026-01-01
SKU-00057,Chocolate Bar,BR-A,71.08,2026-01-01
SKU-00057,Chocolate Bar,BR-B,45.32,2026-01-01
SKU-00057,Chocolate Bar,BR-C,49.13,2026-01-01
SKU-00057,Chocolate Bar,BR-D,40.02,2026-01-01
SKU-00057,Chocolate Bar,BR-E,50.1,2026-01-01
SKU-00058,Biscuits Pack,BR-A,146.33,2026-01-01
SKU-00058,Biscuits Pack,BR-B,154.43,2026-01-01
SKU-00058,Biscuits Pack,BR-C,114.84,2026-01-01
SKU-00058,Biscuits Pack,BR-D,246.99,2026-01-01
SKU-00058,Biscuits Pack,BR-E,230.77,2026-01-01
SKU-00059,Gum Pack,BR-A,29.94,2026-01-01
SKU-00059,Gum Pack,BR-B,42.32,2026-01-01
SKU-00059,Gum Pack,BR-C,51.8,2026-01-01
SKU-00059,Gum Pack,BR-D,72.39,2026-01-01
SKU-00059,Gum Pack,BR-E,54.12,2026-01-01
SKU-00060,Nuts Mix 200g,BR-A,112.15,2026-01-01
SKU-00060,Nuts Mix 200g,BR-B,141.65,2026-01-01
SKU-00060,Nuts Mix 200g,BR-C,139.35,2026-01-01
SKU-00060,Nuts Mix 200g,BR-D,98.29,2026-01-01
SKU-00060,Nuts Mix 200g,BR-E,110.3,2026-01-01
SKU-00061,Popcorn 100g,BR-A,361.74,2026-01-01
SKU-00061,Popcorn 100g,BR-B,260.82,2026-01-01
SKU-00061,Popcorn 100g,BR-C,365.54,2026-01-01
SKU-00061,Popcorn 100g,BR-D,261.19,2026-01-01
SKU-00061,Popcorn 100g,BR-E,158.92,2026-01-01
SKU-00062,Pretzels 200g,BR-A,243.19,2026-01-01
SKU-00062,Pretzels 200g,BR-B,211.39,2026-01-01
SKU-00062,Pretzels 200g,BR-C,175.58,2026-01-01
SKU-00062,Pretzels 200g,BR-D,242.8,2026-01-01
SKU-00062,Pretzels 200g,BR-E,225.93,2026-01-01
SKU-00063,Candy Assorted,BR-A,179.58,2026-01-01
SKU-00063,Candy Assorted,BR-B,171.12,2026-01-01
SKU-00063,Candy Assorted,BR-C,97.28,2026-01-01
SKU-00063,Candy Assorted,BR-D,191.34,2026-01-01
SKU-00063,Candy Assorted,BR-E,105.05,2026-01-01
SKU-00064,Chicken Breast 1kg,BR-A,274.19,2026-01-01
SKU-00064,Chicken Breast 1kg,BR-B,271.99,2026-01-01
SKU-00064,Chicken Breast 1kg,BR-C,242.51,2026-01-01
SKU-00064,Chicken Breast 1kg,BR-D,119.67,2026-01-01
SKU-00064,Chicken Breast 1kg,BR-E,173.18,2026-01-01
SKU-00065,Beef Mince 500g,BR-A,336.22,2026-01-01
SKU-00065,Beef Mince 500g,BR-B,214.46,2026-01-01
SKU-00065,Beef Mince 500g,BR-C,338.2,2026-01-01
SKU-00065,Beef Mince 500g,BR-D,256.71,2026-01-01
SKU-00065,Beef Mince 500g,BR-E,302.27,2026-01-01
SKU-00066,Lamb Chops 500g,BR-A,161.81,2026-01-01
SKU-00066,Lamb Chops 500g,BR-B,294.48,2026-01-01
SKU-00066,Lamb Chops 500g,BR-C,295.16,2026-01-01
SKU-00066,Lamb Chops 500g,BR-D,123.03,2026-01-01
SKU-00066,Lamb Chops 500g,BR-E,188.27,2026-01-01
SKU-00067,Sausages 400g,BR-A,60.46,2026-01-01
SKU-00067,Sausages 400g,BR-B,55.86,2026-01-01
SKU-00067,Sausages 400g,BR-C,52.64,2026-01-01
SKU-00067,Sausages 400g,BR-D,64.39,2026-01-01
SKU-00067,Sausages 400g,BR-E,91.22,2026-01-01
SKU-00068,Bacon 200g,BR-A,19.46,2026-01-01
SKU-00068,Bacon 200g,BR-B,17.06,2026-01-01
SKU-00068,Bacon 200g,BR-C,15.59,2026-01-01
SKU-00068,Bacon 200g,BR-D,14.07,2026-01-01
SKU-00068,Bacon 200g,BR-E,14.0,2026-01-01
SKU-00069,Fish Fillet 500g,BR-A,59.36,2026-01-01
SKU-00069,Fish Fillet 500g,BR-B,97.38,2026-01-01
SKU-00069,Fish Fillet 500g,BR-C,112.11,2026-01-01
SKU-00069,Fish Fillet 500g,BR-D,127.78,2026-01-01
SKU-00069,Fish Fillet 500g,BR-E,126.51,2026-01-01
SKU-00070,دجاج كامل,BR-A,81.88,2026-01-01
SKU-00070,دجاج كامل,BR-B,47.55,2026-01-01
SKU-00070,دجاج كامل,BR-C,61.31,2026-01-01
SKU-00070,دجاج كامل,BR-D,79.87,2026-01-01
SKU-00070,دجاج كامل,BR-E,65.61,2026-01-01
SKU-00071,Rice 5kg,BR-A,56.89,2026-01-01
SKU-00071,Rice 5kg,BR-B,55.23,2026-01-01
SKU-00071,Rice 5kg,BR-C,61.37,2026-01-01
SKU-00071,Rice 5kg,BR-D,68.77,2026-01-01
SKU-00071,Rice 5kg,BR-E,34.52,2026-01-01
SKU-00072,Sugar 1kg,BR-A,199.86,2026-01-01
SKU-00072,Sugar 1kg,BR-B,167.56,2026-01-01
SKU-00072,Sugar 1kg,BR-C,281.7,2026-01-01
SKU-00072,Sugar 1kg,BR-D,302.57,2026-01-01
SKU-00072,Sugar 1kg,BR-E,141.75,2026-01-01
SKU-00073,Pasta 500g,BR-A,326.55,2026-01-01
SKU-00073,Pasta 500g,BR-B,198.93,2026-01-01
SKU-00073,Pasta 500g,BR-C,177.46,2026-01-01
SKU-00073,Pasta 500g,BR-D,293.66,2026-01-01
SKU-00073,Pasta 500g,BR-E,333.7,2026-01-01
SKU-00074,Flour 2kg,BR-A,123.91,2026-01-01
SKU-00074,Flour 2kg,BR-B,48.23,2026-01-01
SKU-00074,Flour 2kg,BR-C,117.04,2026-01-01
SKU-00074,Flour 2kg,BR-D,72.64,2026-01-01
SKU-00074,Flour 2kg,BR-E,70.68,2026-01-01
SKU-00075,Cooking Oil 1L,BR-A,177.83,2026-01-01
SKU-00075,Cooking Oil 1L,BR-B,213.15,2026-01-01
SKU-00075,Cooking Oil 1L,BR-C,109.92,2026-01-01
SKU-00075,Cooking Oil 1L,BR-D,242.97,2026-01-01
SKU-00075,Cooking Oil 1L,BR-E,116.16,2026-01-01
SKU-00076,Canned Beans 400g,BR-A,161.45,2026-01-01
SKU-00076,Canned Beans 400g,BR-B,104.76,2026-01-01
SKU-00076,Canned Beans 400g,BR-C,145.61,2026-01-01
SKU-00076,Canned Beans 400g,BR-D,86.23,2026-01-01
SKU-00076,Canned Beans 400g,BR-E,101.95,2026-01-01
SKU-00077,Canned Tuna 185g,BR-A,282.14,2026-01-01
SKU-00077,Canned Tuna 185g,BR-B,173.09,2026-01-01
SKU-00077,Canned Tuna 185g,BR-C,178.68,2026-01-01
SKU-00077,Canned Tuna 185g,BR-D,324.65,2026-01-01
SKU-00077,Canned Tuna 185g,BR-E,304.87,2026-01-01
SKU-00078,Salt 1kg,BR-A,159.45,2026-01-01
SKU-00078,Salt 1kg,BR-B,172.68,2026-01-01
SKU-00078,Salt 1kg,BR-C,167.01,2026-01-01
SKU-00078,Salt 1kg,BR-D,129.45,2026-01-01
SKU-00078,Salt 1kg,BR-E,85.68,2026-01-01
SKU-00079,Soy Sauce 250ml,BR-A,62.62,2026-01-01
SKU-00079,Soy Sauce 250ml,BR-B,77.05,2026-01-01
SKU-00079,Soy Sauce 250ml,BR-C,49.69,2026-01-01
SKU-00079,Soy Sauce 250ml,BR-D,102.44,2026-01-01
SKU-00079,Soy Sauce 250ml,BR-E,104.51,2026-01-01
SKU-00080,زيت زيتون 1 لتر,BR-A,39.17,2026-01-01
SKU-00080,زيت زيتون 1 لتر,BR-B,50.48,2026-01-01
SKU-00080,زيت زيتون 1 لتر,BR-C,94.67,2026-01-01
SKU-00080,زيت زيتون 1 لتر,BR-D,94.95,2026-01-01
SKU-00080,زيت زيتون 1 لتر,BR-E,54.39,2026-01-01
SKU-00081,Item-00081,BR-A,110.58,2026-01-01
SKU-00081,Item-00081,BR-B,161.89,2026-01-01
SKU-00081,Item-00081,BR-C,138.17,2026-01-01
SKU-00081,Item-00081,BR-D,90.3,2026-01-01
SKU-00081,Item-00081,BR-E,151.38,2026-01-01
SKU-00082,Item-00082,BR-A,153.03,2026-01-01
SKU-00082,Item-00082,BR-B,172.14,2026-01-01
SKU-00082,Item-00082,BR-C,97.12,2026-01-01
SKU-00082,Item-00082,BR-D,83.44,2026-01-01
SKU-00082,Item-00082,BR-E,133.58,2026-01-01
SKU-00083,Item-00083,BR-A,198.75,2026-01-01
SKU-00083,Item-00083,BR-B,125.67,2026-01-01
SKU-00083,Item-00083,BR-C,247.27,2026-01-01
SKU-00083,Item-00083,BR-D,197.5,2026-01-01
SKU-00083,Item-00083,BR-E,155.88,2026-01-01
SKU-00084,Item-00084,BR-A,51.29,2026-01-01
SKU-00084,Item-00084,BR-B,104.69,2026-01-01
SKU-00084,Item-00084,BR-C,94.06,2026-01-01
SKU-00084,Item-00084,BR-D,89.67,2026-01-01
SKU-00084,Item-00084,BR-E,60.17,2026-01-01
SKU-00085,Item-00085,BR-A,93.68,2026-01-01
SKU-00085,Item-00085,BR-B,71.03,2026-01-01
SKU-00085,Item-00085,BR-C,112.48,2026-01-01
SKU-00085,Item-00085,BR-D,152.25,2026-01-01
SKU-00085,Item-00085,BR-E,141.33,2026-01-01
SKU-00086,Item-00086,BR-A,175.9,2026-01-01
SKU-00086,Item-00086,BR-B,180.39,2026-01-01
SKU-00086,Item-00086,BR-C,119.78,2026-01-01
SKU-00086,Item-00086,BR-D,140.61,2026-01-01
SKU-00086,Item-00086,BR-E,82.84,2026-01-01
SKU-00087,Item-00087,BR-A,43.72,2026-01-01
SKU-00087,Item-00087,BR-B,43.3,2026-01-01
SKU-00087,Item-00087,BR-C,18.14,2026-01-01
SKU-00087,Item-00087,BR-D,48.07,2026-01-01
SKU-00087,Item-00087,BR-E,39.31,2026-01-01
SKU-00088,Item-00088,BR-A,176.89,2026-01-01
SKU-00088,Item-00088,BR-B,84.89,2026-01-01
SKU-00088,Item-00088,BR-C,122.76,2026-01-01
SKU-00088,Item-00088,BR-D,208.55,2026-01-01
SKU-00088,Item-00088,BR-E,130.99,2026-01-01
SKU-00089,Item-00089,BR-A,177.51,2026-01-01
SKU-00089,Item-00089,BR-B,139.28,2026-01-01
SKU-00089,Item-00089,BR-C,113.46,2026-01-01
SKU-00089,Item-00089,BR-D,107.88,2026-01-01
SKU-00089,Item-00089,BR-E,104.61,2026-01-01
SKU-00090,Item-00090,BR-A,60.73,2026-01-01
SKU-00090,Item-00090,BR-B,77.23,2026-01-01
SKU-00090,Item-00090,BR-C,93.4,2026-01-01
SKU-00090,Item-00090,BR-D,104.7,2026-01-01
SKU-00090,Item-00090,BR-E,71.88,2026-01-01
SKU-00091,Item-00091,BR-A,67.31,2026-01-01
SKU-00091,Item-00091,BR-B,110.29,2026-01-01
SKU-00091,Item-00091,BR-C,126.13,2026-01-01
SKU-00091,Item-00091,BR-D,145.14,2026-01-01
SKU-00091,Item-00091,BR-E,95.87,2026-01-01
SKU-00092,Item-00092,BR-A,199.63,2026-01-01
SKU-00092,Item-00092,BR-B,193.18,2026-01-01
SKU-00092,Item-00092,BR-C,140.9,2026-01-01
SKU-00092,Item-00092,BR-D,108.85,2026-01-01
SKU-00092,Item-00092,BR-E,101.4,2026-01-01
SKU-00093,Item-00093,BR-A,204.44,2026-01-01
SKU-00093,Item-00093,BR-B,157.88,2026-01-01
SKU-00093,Item-00093,BR-C,187.45,2026-01-01
SKU-00093,Item-00093,BR-D,107.07,2026-01-01
SKU-00093,Item-00093,BR-E,167.32,2026-01-01
SKU-00094,Item-00094,BR-A,191.96,2026-01-01
SKU-00094,Item-00094,BR-B,112.33,2026-01-01
SKU-00094,Item-00094,BR-C,92.35,2026-01-01
SKU-00094,Item-00094,BR-D,174.94,2026-01-01
SKU-00094,Item-00094,BR-E,192.94,2026-01-01
SKU-00095,Item-00095,BR-A,198.12,2026-01-01
SKU-00095,Item-00095,BR-B,197.66,2026-01-01
SKU-00095,Item-00095,BR-C,167.84,2026-01-01
SKU-00095,Item-00095,BR-D,176.76,2026-01-01
SKU-00095,Item-00095,BR-E,179.74,2026-01-01
SKU-00096,Item-00096,BR-A,31.77,2026-01-01
SKU-00096,Item-00096,BR-B,30.11,2026-01-01
SKU-00096,Item-00096,BR-C,38.74,2026-01-01
SKU-00096,Item-00096,BR-D,20.12,2026-01-01
SKU-00096,Item-00096,BR-E,24.14,2026-01-01
SKU-00097,Item-00097,BR-A,31.56,2026-01-01
SKU-00097,Item-00097,BR-B,19.54,2026-01-01
SKU-00097,Item-00097,BR-C,42.46,2026-01-01
SKU-00097,Item-00097,BR-D,37.82,2026-01-01
SKU-00097,Item-00097,BR-E,24.81,2026-01-01
SKU-00098,Item-00098,BR-A,235.49,2026-01-01
SKU-00098,Item-00098,BR-B,141.64,2026-01-01
SKU-00098,Item-00098,BR-C,199.77,2026-01-01
SKU-00098,Item-00098,BR-D,246.36,2026-01-01
SKU-00098,Item-00098,BR-E,269.0,2026-01-01
SKU-00099,Item-00099,BR-A,229.56,2026-01-01
SKU-00099,Item-00099,BR-B,198.35,2026-01-01
SKU-00099,Item-00099,BR-C,262.48,2026-01-01
SKU-00099,Item-00099,BR-D,261.57,2026-01-01
SKU-00099,Item-00099,BR-E,268.37,2026-01-01
SKU-00100,Item-00100,BR-A,72.59,2026-01-01
SKU-00100,Item-00100,BR-B,64.17,2026-01-01
SKU-00100,Item-00100,BR-C,67.23,2026-01-01
SKU-00100,Item-00100,BR-D,80.41,2026-01-01
SKU-00100,Item-00100,BR-E,135.87,2026-01-01
SKU-00101,Item-00101,BR-A,221.62,2026-01-01
SKU-00101,Item-00101,BR-B,122.88,2026-01-01
SKU-00101,Item-00101,BR-C,207.46,2026-01-01
SKU-00101,Item-00101,BR-D,148.86,2026-01-01
SKU-00101,Item-00101,BR-E,106.91,2026-01-01
SKU-00102,Item-00102,BR-A,147.21,2026-01-01
SKU-00102,Item-00102,BR-B,211.27,2026-01-01
SKU-00102,Item-00102,BR-C,139.27,2026-01-01
SKU-00102,Item-00102,BR-D,218.5,2026-01-01
SKU-00102,Item-00102,BR-E,143.26,2026-01-01
SKU-00103,Item-00103,BR-A,96.08,2026-01-01
SKU-00103,Item-00103,BR-B,100.11,2026-01-01
SKU-00103,Item-00103,BR-C,167.11,2026-01-01
SKU-00103,Item-00103,BR-D,121.33,2026-01-01
SKU-00103,Item-00103,BR-E,168.93,2026-01-01
SKU-00104,Item-00104,BR-A,84.6,2026-01-01
SKU-00104,Item-00104,BR-B,111.8,2026-01-01
SKU-00104,Item-00104,BR-C,45.97,2026-01-01
SKU-00104,Item-00104,BR-D,107.66,2026-01-01
SKU-00104,Item-00104,BR-E,78.34,2026-01-01
SKU-00105,Item-00105,BR-A,150.42,2026-01-01
SKU-00105,Item-00105,BR-B,98.44,2026-01-01
SKU-00105,Item-00105,BR-C,89.53,2026-01-01
SKU-00105,Item-00105,BR-D,63.39,2026-01-01
SKU-00105,Item-00105,BR-E,149.01,2026-01-01
SKU-00106,Item-00106,BR-A,121.24,2026-01-01
SKU-00106,Item-00106,BR-B,132.53,2026-01-01
SKU-00106,Item-00106,BR-C,170.01,2026-01-01
SKU-00106,Item-00106,BR-D,198.75,2026-01-01
SKU-00106,Item-00106,BR-E,259.25,2026-01-01
SKU-00107,Item-00107,BR-A,96.85,2026-01-01
SKU-00107,Item-00107,BR-B,83.13,2026-01-01
SKU-00107,Item-00107,BR-C,121.95,2026-01-01
SKU-00107,Item-00107,BR-D,128.1,2026-01-01
SKU-00107,Item-00107,BR-E,99.77,2026-01-01
SKU-00108,Item-00108,BR-A,212.24,2026-01-01
SKU-00108,Item-00108,BR-B,129.81,2026-01-01
SKU-00108,Item-00108,BR-C,212.87,2026-01-01
SKU-00108,Item-00108,BR-D,98.58,2026-01-01
SKU-00108,Item-00108,BR-E,147.36,2026-01-01
SKU-00109,Item-00109,BR-A,64.54,2026-01-01
SKU-00109,Item-00109,BR-B,35.11,2026-01-01
SKU-00109,Item-00109,BR-C,64.7,2026-01-01
SKU-00109,Item-00109,BR-D,51.05,2026-01-01
SKU-00109,Item-00109,BR-E,64.66,2026-01-01
SKU-00110,Item-00110,BR-A,107.59,2026-01-01
SKU-00110,Item-00110,BR-B,197.99,2026-01-01
SKU-00110,Item-00110,BR-C,201.26,2026-01-01
SKU-00110,Item-00110,BR-D,161.74,2026-01-01
SKU-00110,Item-00110,BR-E,258.25,2026-01-01
SKU-00111,Item-00111,BR-A,18.69,2026-01-01
SKU-00111,Item-00111,BR-B,11.69,2026-01-01
SKU-00111,Item-00111,BR-C,14.96,2026-01-01
SKU-00111,Item-00111,BR-D,18.49,2026-01-01
SKU-00111,Item-00111,BR-E,11.21,2026-01-01
SKU-00112,Item-00112,BR-A,137.62,2026-01-01
SKU-00112,Item-00112,BR-B,219.33,2026-01-01
SKU-00112,Item-00112,BR-C,116.57,2026-01-01
SKU-00112,Item-00112,BR-D,194.31,2026-01-01
SKU-00112,Item-00112,BR-E,186.31,2026-01-01
SKU-00113,Item-00113,BR-A,118.31,2026-01-01
SKU-00113,Item-00113,BR-B,185.14,2026-01-01
SKU-00113,Item-00113,BR-C,132.67,2026-01-01
SKU-00113,Item-00113,BR-D,100.3,2026-01-01
SKU-00113,Item-00113,BR-E,138.56,2026-01-01
SKU-00114,Item-00114,BR-A,146.53,2026-01-01
SKU-00114,Item-00114,BR-B,91.71,2026-01-01
SKU-00114,Item-00114,BR-C,177.1,2026-01-01
SKU-00114,Item-00114,BR-D,108.77,2026-01-01
SKU-00114,Item-00114,BR-E,107.81,2026-01-01
SKU-00115,Item-00115,BR-A,44.94,2026-01-01
SKU-00115,Item-00115,BR-B,40.28,2026-01-01
SKU-00115,Item-00115,BR-C,31.1,2026-01-01
SKU-00115,Item-00115,BR-D,50.62,2026-01-01
SKU-00115,Item-00115,BR-E,54.44,2026-01-01
SKU-00116,Item-00116,BR-A,150.3,2026-01-01
SKU-00116,Item-00116,BR-B,245.58,2026-01-01
SKU-00116,Item-00116,BR-C,153.11,2026-01-01
SKU-00116,Item-00116,BR-D,123.98,2026-01-01
SKU-00116,Item-00116,BR-E,253.55,2026-01-01
SKU-00117,Item-00117,BR-A,274.2,2026-01-01
SKU-00117,Item-00117,BR-B,177.29,2026-01-01
SKU-00117,Item-00117,BR-C,144.36,2026-01-01
SKU-00117,Item-00117,BR-D,238.24,2026-01-01
SKU-00117,Item-00117,BR-E,126.06,2026-01-01
SKU-00118,Item-00118,BR-A,188.59,2026-01-01
SKU-00118,Item-00118,BR-B,167.19,2026-01-01
SKU-00118,Item-00118,BR-C,104.84,2026-01-01
SKU-00118,Item-00118,BR-D,134.13,2026-01-01
SKU-00118,Item-00118,BR-E,176.21,2026-01-01
SKU-00119,Item-00119,BR-A,80.7,2026-01-01
SKU-00119,Item-00119,BR-B,198.3,2026-01-01
SKU-00119,Item-00119,BR-C,111.31,2026-01-01
SKU-00119,Item-00119,BR-D,150.4,2026-01-01
SKU-00119,Item-00119,BR-E,82.27,2026-01-01
SKU-00120,Item-00120,BR-A,297.57,2026-01-01
SKU-00120,Item-00120,BR-B,232.99,2026-01-01
SKU-00120,Item-00120,BR-C,231.36,2026-01-01
SKU-00120,Item-00120,BR-D,108.34,2026-01-01
SKU-00120,Item-00120,BR-E,238.38,2026-01-01
SKU-00121,Item-00121,BR-A,83.7,2026-01-01
SKU-00121,Item-00121,BR-B,80.5,2026-01-01
SKU-00121,Item-00121,BR-C,95.13,2026-01-01
SKU-00121,Item-00121,BR-D,88.75,2026-01-01
SKU-00121,Item-00121,BR-E,60.6,2026-01-01
SKU-00122,Item-00122,BR-A,111.3,2026-01-01
SKU-00122,Item-00122,BR-B,105.45,2026-01-01
SKU-00122,Item-00122,BR-C,75.75,2026-01-01
SKU-00122,Item-00122,BR-D,108.28,2026-01-01
SKU-00122,Item-00122,BR-E,108.35,2026-01-01
SKU-00123,Item-00123,BR-A,37.83,2026-01-01
SKU-00123,Item-00123,BR-B,53.54,2026-01-01
SKU-00123,Item-00123,BR-C,31.62,2026-01-01
SKU-00123,Item-00123,BR-D,64.07,2026-01-01
SKU-00123,Item-00123,BR-E,30.11,2026-01-01
SKU-00124,Item-00124,BR-A,9.97,2026-01-01
SKU-00124,Item-00124,BR-B,5.2,2026-01-01
SKU-00124,Item-00124,BR-C,5.17,2026-01-01
SKU-00124,Item-00124,BR-D,5.11,2026-01-01
SKU-00124,Item-00124,BR-E,5.85,2026-01-01
SKU-00125,Item-00125,BR-A,35.32,2026-01-01
SKU-00125,Item-00125,BR-B,38.34,2026-01-01
SKU-00125,Item-00125,BR-C,50.79,2026-01-01
SKU-00125,Item-00125,BR-D,35.41,2026-01-01
SKU-00125,Item-00125,BR-E,59.41,2026-01-01
SKU-00126,Item-00126,BR-A,4.44,2026-01-01
SKU-00126,Item-00126,BR-B,3.08,2026-01-01
SKU-00126,Item-00126,BR-C,5.52,2026-01-01
SKU-00126,Item-00126,BR-D,3.98,2026-01-01
SKU-00126,Item-00126,BR-E,7.84,2026-01-01
SKU-00127,Item-00127,BR-A,41.46,2026-01-01
SKU-00127,Item-00127,BR-B,25.82,2026-01-01
SKU-00127,Item-00127,BR-C,57.73,2026-01-01
SKU-00127,Item-00127,BR-D,68.96,2026-01-01
SKU-00127,Item-00127,BR-E,65.54,2026-01-01
SKU-00128,Item-00128,BR-A,203.12,2026-01-01
SKU-00128,Item-00128,BR-B,115.67,2026-01-01
SKU-00128,Item-00128,BR-C,105.73,2026-01-01
SKU-00128,Item-00128,BR-D,176.66,2026-01-01
SKU-00128,Item-00128,BR-E,212.3,2026-01-01
SKU-00129,Item-00129,BR-A,65.37,2026-01-01
SKU-00129,Item-00129,BR-B,81.17,2026-01-01
SKU-00129,Item-00129,BR-C,78.64,2026-01-01
SKU-00129,Item-00129,BR-D,156.04,2026-01-01
SKU-00129,Item-00129,BR-E,85.27,2026-01-01
SKU-00130,Item-00130,BR-A,132.05,2026-01-01
SKU-00130,Item-00130,BR-B,84.05,2026-01-01
SKU-00130,Item-00130,BR-C,93.92,2026-01-01
SKU-00130,Item-00130,BR-D,76.1,2026-01-01
SKU-00130,Item-00130,BR-E,109.17,2026-01-01
SKU-00131,Item-00131,BR-A,143.37,2026-01-01
SKU-00131,Item-00131,BR-B,91.07,2026-01-01
SKU-00131,Item-00131,BR-C,136.63,2026-01-01
SKU-00131,Item-00131,BR-D,67.77,2026-01-01
SKU-00131,Item-00131,BR-E,138.73,2026-01-01
SKU-00132,Item-00132,BR-A,29.4,2026-01-01
SKU-00132,Item-00132,BR-B,69.95,2026-01-01
SKU-00132,Item-00132,BR-C,60.46,2026-01-01
SKU-00132,Item-00132,BR-D,35.67,2026-01-01
SKU-00132,Item-00132,BR-E,45.08,2026-01-01
SKU-00133,Item-00133,BR-A,154.44,2026-01-01
SKU-00133,Item-00133,BR-B,183.57,2026-01-01
SKU-00133,Item-00133,BR-C,224.17,2026-01-01
SKU-00133,Item-00133,BR-D,99.9,2026-01-01
SKU-00133,Item-00133,BR-E,214.13,2026-01-01
SKU-00134,Item-00134,BR-A,15.85,2026-01-01
SKU-00134,Item-00134,BR-B,20.64,2026-01-01
SKU-00134,Item-00134,BR-C,32.97,2026-01-01
SKU-00134,Item-00134,BR-D,17.8,2026-01-01
SKU-00134,Item-00134,BR-E,20.3,2026-01-01
SKU-00135,Item-00135,BR-A,99.5,2026-01-01
SKU-00135,Item-00135,BR-B,95.87,2026-01-01
SKU-00135,Item-00135,BR-C,85.05,2026-01-01
SKU-00135,Item-00135,BR-D,95.65,2026-01-01
SKU-00135,Item-00135,BR-E,46.67,2026-01-01
SKU-00136,Item-00136,BR-A,115.08,2026-01-01
SKU-00136,Item-00136,BR-B,55.66,2026-01-01
SKU-00136,Item-00136,BR-C,138.04,2026-01-01
SKU-00136,Item-00136,BR-D,65.05,2026-01-01
SKU-00136,Item-00136,BR-E,88.97,2026-01-01
SKU-00137,Item-00137,BR-A,149.73,2026-01-01
SKU-00137,Item-00137,BR-B,177.78,2026-01-01
SKU-00137,Item-00137,BR-C,161.35,2026-01-01
SKU-00137,Item-00137,BR-D,95.44,2026-01-01
SKU-00137,Item-00137,BR-E,121.75,2026-01-01
SKU-00138,Item-00138,BR-A,13.88,2026-01-01
SKU-00138,Item-00138,BR-B,8.78,2026-01-01
SKU-00138,Item-00138,BR-C,18.92,2026-01-01
SKU-00138,Item-00138,BR-D,21.3,2026-01-01
SKU-00138,Item-00138,BR-E,23.39,2026-01-01
SKU-00139,Item-00139,BR-A,104.99,2026-01-01
SKU-00139,Item-00139,BR-B,228.91,2026-01-01
SKU-00139,Item-00139,BR-C,102.21,2026-01-01
SKU-00139,Item-00139,BR-D,149.02,2026-01-01
SKU-00139,Item-00139,BR-E,91.7,2026-01-01
SKU-00140,Item-00140,BR-A,41.19,2026-01-01
SKU-00140,Item-00140,BR-B,43.9,2026-01-01
SKU-00140,Item-00140,BR-C,63.99,2026-01-01
SKU-00140,Item-00140,BR-D,62.62,2026-01-01
SKU-00140,Item-00140,BR-E,67.23,2026-01-01
SKU-00141,Item-00141,BR-A,118.58,2026-01-01
SKU-00141,Item-00141,BR-B,117.34,2026-01-01
SKU-00141,Item-00141,BR-C,161.25,2026-01-01
SKU-00141,Item-00141,BR-D,128.49,2026-01-01
SKU-00141,Item-00141,BR-E,93.23,2026-01-01
SKU-00142,Item-00142,BR-A,89.7,2026-01-01
SKU-00142,Item-00142,BR-B,104.7,2026-01-01
SKU-00142,Item-00142,BR-C,53.55,2026-01-01
SKU-00142,Item-00142,BR-D,101.41,2026-01-01
SKU-00142,Item-00142,BR-E,66.5,2026-01-01
SKU-00143,Item-00143,BR-A,81.61,2026-01-01
SKU-00143,Item-00143,BR-B,112.12,2026-01-01
SKU-00143,Item-00143,BR-C,85.22,2026-01-01
SKU-00143,Item-00143,BR-D,127.14,2026-01-01
SKU-00143,Item-00143,BR-E,101.24,2026-01-01
SKU-00144,Item-00144,BR-A,135.12,2026-01-01
SKU-00144,Item-00144,BR-B,52.5,2026-01-01
SKU-00144,Item-00144,BR-C,104.63,2026-01-01
SKU-00144,Item-00144,BR-D,61.56,2026-01-01
SKU-00144,Item-00144,BR-E,122.82,2026-01-01
SKU-00145,Item-00145,BR-A,31.45,2026-01-01
SKU-00145,Item-00145,BR-B,31.85,2026-01-01
SKU-00145,Item-00145,BR-C,13.87,2026-01-01
SKU-00145,Item-00145,BR-D,23.3,2026-01-01
SKU-00145,Item-00145,BR-E,17.63,2026-01-01
SKU-00146,Item-00146,BR-A,246.91,2026-01-01
SKU-00146,Item-00146,BR-B,96.37,2026-01-01
SKU-00146,Item-00146,BR-C,124.58,2026-01-01
SKU-00146,Item-00146,BR-D,193.42,2026-01-01
SKU-00146,Item-00146,BR-E,154.13,2026-01-01
SKU-00147,Item-00147,BR-A,139.97,2026-01-01
SKU-00147,Item-00147,BR-B,180.52,2026-01-01
SKU-00147,Item-00147,BR-C,242.44,2026-01-01
SKU-00147,Item-00147,BR-D,178.53,2026-01-01
SKU-00147,Item-00147,BR-E,252.45,2026-01-01
SKU-00148,Item-00148,BR-A,35.1,2026-01-01
SKU-00148,Item-00148,BR-B,23.41,2026-01-01
SKU-00148,Item-00148,BR-C,36.9,2026-01-01
SKU-00148,Item-00148,BR-D,42.45,2026-01-01
SKU-00148,Item-00148,BR-E,22.84,2026-01-01
SKU-00149,Item-00149,BR-A,91.22,2026-01-01
SKU-00149,Item-00149,BR-B,105.11,2026-01-01
SKU-00149,Item-00149,BR-C,51.68,2026-01-01
SKU-00149,Item-00149,BR-D,60.38,2026-01-01
SKU-00149,Item-00149,BR-E,109.63,2026-01-01
SKU-00150,Item-00150,BR-A,204.2,2026-01-01
SKU-00150,Item-00150,BR-B,148.72,2026-01-01
SKU-00150,Item-00150,BR-C,184.67,2026-01-01
SKU-00150,Item-00150,BR-D,131.48,2026-01-01
SKU-00150,Item-00150,BR-E,213.44,2026-01-01
SKU-00151,Item-00151,BR-A,113.61,2026-01-01
SKU-00151,Item-00151,BR-B,68.82,2026-01-01
SKU-00151,Item-00151,BR-C,45.23,2026-01-01
SKU-00151,Item-00151,BR-D,58.1,2026-01-01
SKU-00151,Item-00151,BR-E,75.77,2026-01-01
SKU-00152,Item-00152,BR-A,59.98,2026-01-01
SKU-00152,Item-00152,BR-B,63.24,2026-01-01
SKU-00152,Item-00152,BR-C,55.23,2026-01-01
SKU-00152,Item-00152,BR-D,65.28,2026-01-01
SKU-00152,Item-00152,BR-E,68.49,2026-01-01
SKU-00153,Item-00153,BR-A,38.09,2026-01-01
SKU-00153,Item-00153,BR-B,75.75,2026-01-01
SKU-00153,Item-00153,BR-C,44.37,2026-01-01
SKU-00153,Item-00153,BR-D,51.36,2026-01-01
SKU-00153,Item-00153,BR-E,79.87,2026-01-01
SKU-00154,Item-00154,BR-A,195.96,2026-01-01
SKU-00154,Item-00154,BR-B,108.28,2026-01-01
SKU-00154,Item-00154,BR-C,138.27,2026-01-01
SKU-00154,Item-00154,BR-D,161.76,2026-01-01
SKU-00154,Item-00154,BR-E,76.18,2026-01-01
SKU-00155,Item-00155,BR-A,23.57,2026-01-01
SKU-00155,Item-00155,BR-B,22.77,2026-01-01
SKU-00155,Item-00155,BR-C,42.1,2026-01-01
SKU-00155,Item-00155,BR-D,42.26,2026-01-01
SKU-00155,Item-00155,BR-E,21.65,2026-01-01
SKU-00156,Item-00156,BR-A,52.29,2026-01-01
SKU-00156,Item-00156,BR-B,33.03,2026-01-01
SKU-00156,Item-00156,BR-C,66.82,2026-01-01
SKU-00156,Item-00156,BR-D,42.38,2026-01-01
SKU-00156,Item-00156,BR-E,45.3,2026-01-01
SKU-00157,Item-00157,BR-A,151.17,2026-01-01
SKU-00157,Item-00157,BR-B,143.76,2026-01-01
SKU-00157,Item-00157,BR-C,74.01,2026-01-01
SKU-00157,Item-00157,BR-D,109.14,2026-01-01
SKU-00157,Item-00157,BR-E,167.8,2026-01-01
SKU-00158,Item-00158,BR-A,21.46,2026-01-01
SKU-00158,Item-00158,BR-B,17.59,2026-01-01
SKU-00158,Item-00158,BR-C,20.45,2026-01-01
SKU-00158,Item-00158,BR-D,15.43,2026-01-01
SKU-00158,Item-00158,BR-E,18.67,2026-01-01
SKU-00159,Item-00159,BR-A,22.15,2026-01-01
SKU-00159,Item-00159,BR-B,9.98,2026-01-01
SKU-00159,Item-00159,BR-C,15.37,2026-01-01
SKU-00159,Item-00159,BR-D,15.84,2026-01-01
SKU-00159,Item-00159,BR-E,8.7,2026-01-01
SKU-00160,Item-00160,BR-A,147.33,2026-01-01
SKU-00160,Item-00160,BR-B,137.69,2026-01-01
SKU-00160,Item-00160,BR-C,102.11,2026-01-01
SKU-00160,Item-00160,BR-D,104.65,2026-01-01
SKU-00160,Item-00160,BR-E,145.92,2026-01-01
SKU-00161,Item-00161,BR-A,24.28,2026-01-01
SKU-00161,Item-00161,BR-B,37.9,2026-01-01
SKU-00161,Item-00161,BR-C,43.06,2026-01-01
SKU-00161,Item-00161,BR-D,22.63,2026-01-01
SKU-00161,Item-00161,BR-E,31.41,2026-01-01
SKU-00162,Item-00162,BR-A,21.91,2026-01-01
SKU-00162,Item-00162,BR-B,27.34,2026-01-01
SKU-00162,Item-00162,BR-C,20.06,2026-01-01
SKU-00162,Item-00162,BR-D,17.76,2026-01-01
SKU-00162,Item-00162,BR-E,29.21,2026-01-01
SKU-00163,Item-00163,BR-A,24.77,2026-01-01
SKU-00163,Item-00163,BR-B,22.15,2026-01-01
SKU-00163,Item-00163,BR-C,13.83,2026-01-01
SKU-00163,Item-00163,BR-D,25.58,2026-01-01
SKU-00163,Item-00163,BR-E,25.7,2026-01-01
SKU-00164,Item-00164,BR-A,131.83,2026-01-01
SKU-00164,Item-00164,BR-B,89.35,2026-01-01
SKU-00164,Item-00164,BR-C,126.5,2026-01-01
SKU-00164,Item-00164,BR-D,164.7,2026-01-01
SKU-00164,Item-00164,BR-E,171.14,2026-01-01
SKU-00165,Item-00165,BR-A,67.93,2026-01-01
SKU-00165,Item-00165,BR-B,100.59,2026-01-01
SKU-00165,Item-00165,BR-C,113.5,2026-01-01
SKU-00165,Item-00165,BR-D,101.43,2026-01-01
SKU-00165,Item-00165,BR-E,119.57,2026-01-01
SKU-00166,Item-00166,BR-A,134.12,2026-01-01
SKU-00166,Item-00166,BR-B,84.68,2026-01-01
SKU-00166,Item-00166,BR-C,133.16,2026-01-01
SKU-00166,Item-00166,BR-D,94.95,2026-01-01
SKU-00166,Item-00166,BR-E,101.22,2026-01-01
SKU-00167,Item-00167,BR-A,147.96,2026-01-01
SKU-00167,Item-00167,BR-B,185.72,2026-01-01
SKU-00167,Item-00167,BR-C,145.24,2026-01-01
SKU-00167,Item-00167,BR-D,182.91,2026-01-01
SKU-00167,Item-00167,BR-E,127.38,2026-01-01
SKU-00168,Item-00168,BR-A,159.62,2026-01-01
SKU-00168,Item-00168,BR-B,111.46,2026-01-01
SKU-00168,Item-00168,BR-C,84.66,2026-01-01
SKU-00168,Item-00168,BR-D,115.33,2026-01-01
SKU-00168,Item-00168,BR-E,131.92,2026-01-01
SKU-00169,Item-00169,BR-A,71.37,2026-01-01
SKU-00169,Item-00169,BR-B,77.58,2026-01-01
SKU-00169,Item-00169,BR-C,61.51,2026-01-01
SKU-00169,Item-00169,BR-D,82.78,2026-01-01
SKU-00169,Item-00169,BR-E,88.79,2026-01-01
SKU-00170,Item-00170,BR-A,35.37,2026-01-01
SKU-00170,Item-00170,BR-B,59.45,2026-01-01
SKU-00170,Item-00170,BR-C,57.78,2026-01-01
SKU-00170,Item-00170,BR-D,45.53,2026-01-01
SKU-00170,Item-00170,BR-E,24.18,2026-01-01
SKU-00171,Item-00171,BR-A,33.87,2026-01-01
SKU-00171,Item-00171,BR-B,59.87,2026-01-01
SKU-00171,Item-00171,BR-C,36.57,2026-01-01
SKU-00171,Item-00171,BR-D,63.83,2026-01-01
SKU-00171,Item-00171,BR-E,34.64,2026-01-01
SKU-00172,Item-00172,BR-A,23.81,2026-01-01
SKU-00172,Item-00172,BR-B,22.77,2026-01-01
SKU-00172,Item-00172,BR-C,39.76,2026-01-01
SKU-00172,Item-00172,BR-D,35.47,2026-01-01
SKU-00172,Item-00172,BR-E,24.06,2026-01-01
SKU-00173,Item-00173,BR-A,117.91,2026-01-01
SKU-00173,Item-00173,BR-B,52.09,2026-01-01
SKU-00173,Item-00173,BR-C,123.43,2026-01-01
SKU-00173,Item-00173,BR-D,58.49,2026-01-01
SKU-00173,Item-00173,BR-E,128.36,2026-01-01
SKU-00174,Item-00174,BR-A,7.31,2026-01-01
SKU-00174,Item-00174,BR-B,8.03,2026-01-01
SKU-00174,Item-00174,BR-C,7.33,2026-01-01
SKU-00174,Item-00174,BR-D,6.29,2026-01-01
SKU-00174,Item-00174,BR-E,4.44,2026-01-01
SKU-00175,Item-00175,BR-A,23.73,2026-01-01
SKU-00175,Item-00175,BR-B,23.99,2026-01-01
SKU-00175,Item-00175,BR-C,14.82,2026-01-01
SKU-00175,Item-00175,BR-D,21.58,2026-01-01
SKU-00175,Item-00175,BR-E,26.28,2026-01-01
SKU-00176,Item-00176,BR-A,93.18,2026-01-01
SKU-00176,Item-00176,BR-B,150.44,2026-01-01
SKU-00176,Item-00176,BR-C,152.37,2026-01-01
SKU-00176,Item-00176,BR-D,85.64,2026-01-01
SKU-00176,Item-00176,BR-E,109.73,2026-01-01
SKU-00177,Item-00177,BR-A,100.5,2026-01-01
SKU-00177,Item-00177,BR-B,143.95,2026-01-01
SKU-00177,Item-00177,BR-C,211.24,2026-01-01
SKU-00177,Item-00177,BR-D,240.47,2026-01-01
SKU-00177,Item-00177,BR-E,256.73,2026-01-01
SKU-00178,Item-00178,BR-A,235.36,2026-01-01
SKU-00178,Item-00178,BR-B,249.38,2026-01-01
SKU-00178,Item-00178,BR-C,213.8,2026-01-01
SKU-00178,Item-00178,BR-D,204.0,2026-01-01
SKU-00178,Item-00178,BR-E,222.48,2026-01-01
SKU-00179,Item-00179,BR-A,63.34,2026-01-01
SKU-00179,Item-00179,BR-B,66.65,2026-01-01
SKU-00179,Item-00179,BR-C,76.73,2026-01-01
SKU-00179,Item-00179,BR-D,87.72,2026-01-01
SKU-00179,Item-00179,BR-E,48.6,2026-01-01
SKU-00180,Item-00180,BR-A,116.89,2026-01-01
SKU-00180,Item-00180,BR-B,199.38,2026-01-01
SKU-00180,Item-00180,BR-C,118.45,2026-01-01
SKU-00180,Item-00180,BR-D,116.3,2026-01-01
SKU-00180,Item-00180,BR-E,171.82,2026-01-01
SKU-00181,Item-00181,BR-A,110.58,2026-01-01
SKU-00181,Item-00181,BR-B,116.78,2026-01-01
SKU-00181,Item-00181,BR-C,132.25,2026-01-01
SKU-00181,Item-00181,BR-D,80.74,2026-01-01
SKU-00181,Item-00181,BR-E,135.56,2026-01-01
SKU-00182,Item-00182,BR-A,4.23,2026-01-01
SKU-00182,Item-00182,BR-B,4.63,2026-01-01
SKU-00182,Item-00182,BR-C,6.65,2026-01-01
SKU-00182,Item-00182,BR-D,3.7,2026-01-01
SKU-00182,Item-00182,BR-E,3.69,2026-01-01
SKU-00183,Item-00183,BR-A,52.61,2026-01-01
SKU-00183,Item-00183,BR-B,36.01,2026-01-01
SKU-00183,Item-00183,BR-C,89.87,2026-01-01
SKU-00183,Item-00183,BR-D,70.51,2026-01-01
SKU-00183,Item-00183,BR-E,73.34,2026-01-01
SKU-00184,Item-00184,BR-A,188.62,2026-01-01
SKU-00184,Item-00184,BR-B,203.67,2026-01-01
SKU-00184,Item-00184,BR-C,164.34,2026-01-01
SKU-00184,Item-00184,BR-D,242.41,2026-01-01
SKU-00184,Item-00184,BR-E,156.96,2026-01-01
SKU-00185,Item-00185,BR-A,41.31,2026-01-01
SKU-00185,Item-00185,BR-B,39.35,2026-01-01
SKU-00185,Item-00185,BR-C,33.04,2026-01-01
SKU-00185,Item-00185,BR-D,56.84,2026-01-01
SKU-00185,Item-00185,BR-E,51.99,2026-01-01
SKU-00186,Item-00186,BR-A,156.73,2026-01-01
SKU-00186,Item-00186,BR-B,91.87,2026-01-01
SKU-00186,Item-00186,BR-C,110.71,2026-01-01
SKU-00186,Item-00186,BR-D,109.56,2026-01-01
SKU-00186,Item-00186,BR-E,126.84,2026-01-01
SKU-00187,Item-00187,BR-A,50.27,2026-01-01
SKU-00187,Item-00187,BR-B,42.31,2026-01-01
SKU-00187,Item-00187,BR-C,72.17,2026-01-01
SKU-00187,Item-00187,BR-D,59.75,2026-01-01
SKU-00187,Item-00187,BR-E,85.81,2026-01-01
SKU-00188,Item-00188,BR-A,192.13,2026-01-01
SKU-00188,Item-00188,BR-B,214.34,2026-01-01
SKU-00188,Item-00188,BR-C,77.19,2026-01-01
SKU-00188,Item-00188,BR-D,170.3,2026-01-01
SKU-00188,Item-00188,BR-E,138.81,2026-01-01
SKU-00189,Item-00189,BR-A,195.28,2026-01-01
SKU-00189,Item-00189,BR-B,155.92,2026-01-01
SKU-00189,Item-00189,BR-C,156.93,2026-01-01
SKU-00189,Item-00189,BR-D,202.64,2026-01-01
SKU-00189,Item-00189,BR-E,165.24,2026-01-01
SKU-00190,Item-00190,BR-A,86.36,2026-01-01
SKU-00190,Item-00190,BR-B,146.15,2026-01-01
SKU-00190,Item-00190,BR-C,149.07,2026-01-01
SKU-00190,Item-00190,BR-D,92.89,2026-01-01
SKU-00190,Item-00190,BR-E,108.4,2026-01-01
SKU-00191,Item-00191,BR-A,145.31,2026-01-01
SKU-00191,Item-00191,BR-B,256.51,2026-01-01
SKU-00191,Item-00191,BR-C,240.73,2026-01-01
SKU-00191,Item-00191,BR-D,161.61,2026-01-01
SKU-00191,Item-00191,BR-E,237.31,2026-01-01
SKU-00192,Item-00192,BR-A,21.24,2026-01-01
SKU-00192,Item-00192,BR-B,12.57,2026-01-01
SKU-00192,Item-00192,BR-C,31.0,2026-01-01
SKU-00192,Item-00192,BR-D,15.77,2026-01-01
SKU-00192,Item-00192,BR-E,22.71,2026-01-01
SKU-00193,Item-00193,BR-A,241.39,2026-01-01
SKU-00193,Item-00193,BR-B,114.61,2026-01-01
SKU-00193,Item-00193,BR-C,242.7,2026-01-01
SKU-00193,Item-00193,BR-D,174.78,2026-01-01
SKU-00193,Item-00193,BR-E,88.62,2026-01-01
SKU-00194,Item-00194,BR-A,2.75,2026-01-01
SKU-00194,Item-00194,BR-B,5.5,2026-01-01
SKU-00194,Item-00194,BR-C,5.97,2026-01-01
SKU-00194,Item-00194,BR-D,6.39,2026-01-01
SKU-00194,Item-00194,BR-E,4.38,2026-01-01
SKU-00195,Item-00195,BR-A,80.75,2026-01-01
SKU-00195,Item-00195,BR-B,135.29,2026-01-01
SKU-00195,Item-00195,BR-C,156.03,2026-01-01
SKU-00195,Item-00195,BR-D,190.41,2026-01-01
SKU-00195,Item-00195,BR-E,165.14,2026-01-01
SKU-00196,Item-00196,BR-A,41.29,2026-01-01
SKU-00196,Item-00196,BR-B,51.5,2026-01-01
SKU-00196,Item-00196,BR-C,44.78,2026-01-01
SKU-00196,Item-00196,BR-D,24.12,2026-01-01
SKU-00196,Item-00196,BR-E,34.76,2026-01-01
SKU-00197,Item-00197,BR-A,95.14,2026-01-01
SKU-00197,Item-00197,BR-B,68.44,2026-01-01
SKU-00197,Item-00197,BR-C,64.8,2026-01-01
SKU-00197,Item-00197,BR-D,145.7,2026-01-01
SKU-00197,Item-00197,BR-E,119.89,2026-01-01
SKU-00198,Item-00198,BR-A,123.76,2026-01-01
SKU-00198,Item-00198,BR-B,85.15,2026-01-01
SKU-00198,Item-00198,BR-C,88.6,2026-01-01
SKU-00198,Item-00198,BR-D,102.98,2026-01-01
SKU-00198,Item-00198,BR-E,129.9,2026-01-01
SKU-00199,Item-00199,BR-A,17.81,2026-01-01
SKU-00199,Item-00199,BR-B,10.18,2026-01-01
SKU-00199,Item-00199,BR-C,22.21,2026-01-01
SKU-00199,Item-00199,BR-D,19.67,2026-01-01
SKU-00199,Item-00199,BR-E,21.63,2026-01-01
SKU-00200,Item-00200,BR-A,125.12,2026-01-01
SKU-00200,Item-00200,BR-B,140.0,2026-01-01
SKU-00200,Item-00200,BR-C,121.58,2026-01-01
SKU-00200,Item-00200,BR-D,134.05,2026-01-01
SKU-00200,Item-00200,BR-E,66.09,2026-01-01
SKU-00201,Item-00201,BR-A,168.91,2026-01-01
SKU-00201,Item-00201,BR-B,74.24,2026-01-01
SKU-00201,Item-00201,BR-C,152.65,2026-01-01
SKU-00201,Item-00201,BR-D,96.73,2026-01-01
SKU-00201,Item-00201,BR-E,71.98,2026-01-01
SKU-00202,Item-00202,BR-A,112.2,2026-01-01
SKU-00202,Item-00202,BR-B,84.01,2026-01-01
SKU-00202,Item-00202,BR-C,80.34,2026-01-01
SKU-00202,Item-00202,BR-D,103.2,2026-01-01
SKU-00202,Item-00202,BR-E,87.13,2026-01-01
SKU-00203,Item-00203,BR-A,67.31,2026-01-01
SKU-00203,Item-00203,BR-B,42.37,2026-01-01
SKU-00203,Item-00203,BR-C,58.36,2026-01-01
SKU-00203,Item-00203,BR-D,83.88,2026-01-01
SKU-00203,Item-00203,BR-E,68.08,2026-01-01
SKU-00204,Item-00204,BR-A,263.2,2026-01-01
SKU-00204,Item-00204,BR-B,119.87,2026-01-01
SKU-00204,Item-00204,BR-C,213.52,2026-01-01
SKU-00204,Item-00204,BR-D,255.13,2026-01-01
SKU-00204,Item-00204,BR-E,234.2,2026-01-01
SKU-00205,Item-00205,BR-A,170.25,2026-01-01
SKU-00205,Item-00205,BR-B,122.42,2026-01-01
SKU-00205,Item-00205,BR-C,199.81,2026-01-01
SKU-00205,Item-00205,BR-D,146.64,2026-01-01
SKU-00205,Item-00205,BR-E,146.85,2026-01-01
SKU-00206,Item-00206,BR-A,47.31,2026-01-01
SKU-00206,Item-00206,BR-B,38.86,2026-01-01
SKU-00206,Item-00206,BR-C,81.16,2026-01-01
SKU-00206,Item-00206,BR-D,76.91,2026-01-01
SKU-00206,Item-00206,BR-E,106.21,2026-01-01
SKU-00207,Item-00207,BR-A,145.78,2026-01-01
SKU-00207,Item-00207,BR-B,222.48,2026-01-01
SKU-00207,Item-00207,BR-C,249.32,2026-01-01
SKU-00207,Item-00207,BR-D,152.55,2026-01-01
SKU-00207,Item-00207,BR-E,164.45,2026-01-01
SKU-00208,Item-00208,BR-A,225.11,2026-01-01
SKU-00208,Item-00208,BR-B,199.76,2026-01-01
SKU-00208,Item-00208,BR-C,132.93,2026-01-01
SKU-00208,Item-00208,BR-D,144.3,2026-01-01
SKU-00208,Item-00208,BR-E,260.99,2026-01-01
SKU-00209,Item-00209,BR-A,132.51,2026-01-01
SKU-00209,Item-00209,BR-B,130.16,2026-01-01
SKU-00209,Item-00209,BR-C,241.97,2026-01-01
SKU-00209,Item-00209,BR-D,251.48,2026-01-01
SKU-00209,Item-00209,BR-E,251.33,2026-01-01
SKU-00210,Item-00210,BR-A,248.76,2026-01-01
SKU-00210,Item-00210,BR-B,259.24,2026-01-01
SKU-00210,Item-00210,BR-C,169.08,2026-01-01
SKU-00210,Item-00210,BR-D,184.03,2026-01-01
SKU-00210,Item-00210,BR-E,140.23,2026-01-01
SKU-00211,Item-00211,BR-A,104.43,2026-01-01
SKU-00211,Item-00211,BR-B,109.75,2026-01-01
SKU-00211,Item-00211,BR-C,217.9,2026-01-01
SKU-00211,Item-00211,BR-D,176.8,2026-01-01
SKU-00211,Item-00211,BR-E,149.85,2026-01-01
SKU-00212,Item-00212,BR-A,25.48,2026-01-01
SKU-00212,Item-00212,BR-B,45.63,2026-01-01
SKU-00212,Item-00212,BR-C,24.4,2026-01-01
SKU-00212,Item-00212,BR-D,44.26,2026-01-01
SKU-00212,Item-00212,BR-E,54.98,2026-01-01
SKU-00213,Item-00213,BR-A,131.35,2026-01-01
SKU-00213,Item-00213,BR-B,151.73,2026-01-01
SKU-00213,Item-00213,BR-C,177.15,2026-01-01
SKU-00213,Item-00213,BR-D,129.49,2026-01-01
SKU-00213,Item-00213,BR-E,172.21,2026-01-01
SKU-00214,Item-00214,BR-A,173.52,2026-01-01
SKU-00214,Item-00214,BR-B,141.92,2026-01-01
SKU-00214,Item-00214,BR-C,134.35,2026-01-01
SKU-00214,Item-00214,BR-D,151.95,2026-01-01
SKU-00214,Item-00214,BR-E,85.39,2026-01-01
SKU-00215,Item-00215,BR-A,43.05,2026-01-01
SKU-00215,Item-00215,BR-B,41.69,2026-01-01
SKU-00215,Item-00215,BR-C,70.13,2026-01-01
SKU-00215,Item-00215,BR-D,53.47,2026-01-01
SKU-00215,Item-00215,BR-E,75.63,2026-01-01
SKU-00216,Item-00216,BR-A,51.78,2026-01-01
SKU-00216,Item-00216,BR-B,97.85,2026-01-01
SKU-00216,Item-00216,BR-C,109.0,2026-01-01
SKU-00216,Item-00216,BR-D,77.06,2026-01-01
SKU-00216,Item-00216,BR-E,69.05,2026-01-01
SKU-00217,Item-00217,BR-A,141.75,2026-01-01
SKU-00217,Item-00217,BR-B,183.1,2026-01-01
SKU-00217,Item-00217,BR-C,119.96,2026-01-01
SKU-00217,Item-00217,BR-D,192.33,2026-01-01
SKU-00217,Item-00217,BR-E,231.83,2026-01-01
SKU-00218,Item-00218,BR-A,58.67,2026-01-01
SKU-00218,Item-00218,BR-B,28.49,2026-01-01
SKU-00218,Item-00218,BR-C,45.23,2026-01-01
SKU-00218,Item-00218,BR-D,33.66,2026-01-01
SKU-00218,Item-00218,BR-E,59.83,2026-01-01
SKU-00219,Item-00219,BR-A,43.49,2026-01-01
SKU-00219,Item-00219,BR-B,43.41,2026-01-01
SKU-00219,Item-00219,BR-C,39.4,2026-01-01
SKU-00219,Item-00219,BR-D,73.95,2026-01-01
SKU-00219,Item-00219,BR-E,40.29,2026-01-01
SKU-00220,Item-00220,BR-A,52.14,2026-01-01
SKU-00220,Item-00220,BR-B,43.91,2026-01-01
SKU-00220,Item-00220,BR-C,52.52,2026-01-01
SKU-00220,Item-00220,BR-D,67.24,2026-01-01
SKU-00220,Item-00220,BR-E,50.73,2026-01-01
SKU-00221,Item-00221,BR-A,86.64,2026-01-01
SKU-00221,Item-00221,BR-B,123.1,2026-01-01
SKU-00221,Item-00221,BR-C,80.93,2026-01-01
SKU-00221,Item-00221,BR-D,105.2,2026-01-01
SKU-00221,Item-00221,BR-E,72.41,2026-01-01
SKU-00222,Item-00222,BR-A,128.84,2026-01-01
SKU-00222,Item-00222,BR-B,221.66,2026-01-01
SKU-00222,Item-00222,BR-C,215.08,2026-01-01
SKU-00222,Item-00222,BR-D,140.29,2026-01-01
SKU-00222,Item-00222,BR-E,169.66,2026-01-01
SKU-00223,Item-00223,BR-A,74.45,2026-01-01
SKU-00223,Item-00223,BR-B,66.38,2026-01-01
SKU-00223,Item-00223,BR-C,73.86,2026-01-01
SKU-00223,Item-00223,BR-D,85.26,2026-01-01
SKU-00223,Item-00223,BR-E,98.41,2026-01-01
SKU-00224,Item-00224,BR-A,108.06,2026-01-01
SKU-00224,Item-00224,BR-B,92.59,2026-01-01
SKU-00224,Item-00224,BR-C,56.58,2026-01-01
SKU-00224,Item-00224,BR-D,84.57,2026-01-01
SKU-00224,Item-00224,BR-E,79.11,2026-01-01
SKU-00225,Item-00225,BR-A,48.23,2026-01-01
SKU-00225,Item-00225,BR-B,99.95,2026-01-01
SKU-00225,Item-00225,BR-C,80.51,2026-01-01
SKU-00225,Item-00225,BR-D,101.23,2026-01-01
SKU-00225,Item-00225,BR-E,85.65,2026-01-01
SKU-00226,Item-00226,BR-A,26.57,2026-01-01
SKU-00226,Item-00226,BR-B,23.33,2026-01-01
SKU-00226,Item-00226,BR-C,19.69,2026-01-01
SKU-00226,Item-00226,BR-D,26.68,2026-01-01
SKU-00226,Item-00226,BR-E,15.63,2026-01-01
SKU-00227,Item-00227,BR-A,34.46,2026-01-01
SKU-00227,Item-00227,BR-B,22.07,2026-01-01
SKU-00227,Item-00227,BR-C,28.29,2026-01-01
SKU-00227,Item-00227,BR-D,54.9,2026-01-01
SKU-00227,Item-00227,BR-E,34.15,2026-01-01
SKU-00228,Item-00228,BR-A,11.27,2026-01-01
SKU-00228,Item-00228,BR-B,11.1,2026-01-01
SKU-00228,Item-00228,BR-C,6.54,2026-01-01
SKU-00228,Item-00228,BR-D,16.98,2026-01-01
SKU-00228,Item-00228,BR-E,9.64,2026-01-01
SKU-00229,Item-00229,BR-A,86.88,2026-01-01
SKU-00229,Item-00229,BR-B,74.12,2026-01-01
SKU-00229,Item-00229,BR-C,95.69,2026-01-01
SKU-00229,Item-00229,BR-D,96.05,2026-01-01
SKU-00229,Item-00229,BR-E,56.08,2026-01-01
SKU-00230,Item-00230,BR-A,94.45,2026-01-01
SKU-00230,Item-00230,BR-B,62.13,2026-01-01
SKU-00230,Item-00230,BR-C,103.99,2026-01-01
SKU-00230,Item-00230,BR-D,78.83,2026-01-01
SKU-00230,Item-00230,BR-E,103.96,2026-01-01
SKU-00231,Item-00231,BR-A,35.72,2026-01-01
SKU-00231,Item-00231,BR-B,27.43,2026-01-01
SKU-00231,Item-00231,BR-C,23.78,2026-01-01
SKU-00231,Item-00231,BR-D,37.59,2026-01-01
SKU-00231,Item-00231,BR-E,27.43,2026-01-01
SKU-00232,Item-00232,BR-A,46.81,2026-01-01
SKU-00232,Item-00232,BR-B,73.85,2026-01-01
SKU-00232,Item-00232,BR-C,53.85,2026-01-01
SKU-00232,Item-00232,BR-D,53.6,2026-01-01
SKU-00232,Item-00232,BR-E,60.01,2026-01-01
SKU-00233,Item-00233,BR-A,4.33,2026-01-01
SKU-00233,Item-00233,BR-B,2.82,2026-01-01
SKU-00233,Item-00233,BR-C,2.93,2026-01-01
SKU-00233,Item-00233,BR-D,2.56,2026-01-01
SKU-00233,Item-00233,BR-E,4.92,2026-01-01
SKU-00234,Item-00234,BR-A,101.4,2026-01-01
SKU-00234,Item-00234,BR-B,98.07,2026-01-01
SKU-00234,Item-00234,BR-C,121.77,2026-01-01
SKU-00234,Item-00234,BR-D,169.78,2026-01-01
SKU-00234,Item-00234,BR-E,88.8,2026-01-01
SKU-00235,Item-00235,BR-A,56.47,2026-01-01
SKU-00235,Item-00235,BR-B,99.13,2026-01-01
SKU-00235,Item-00235,BR-C,92.45,2026-01-01
SKU-00235,Item-00235,BR-D,74.92,2026-01-01
SKU-00235,Item-00235,BR-E,74.72,2026-01-01
SKU-00236,Item-00236,BR-A,138.78,2026-01-01
SKU-00236,Item-00236,BR-B,129.62,2026-01-01
SKU-00236,Item-00236,BR-C,254.13,2026-01-01
SKU-00236,Item-00236,BR-D,103.91,2026-01-01
SKU-00236,Item-00236,BR-E,107.74,2026-01-01
SKU-00237,Item-00237,BR-A,136.75,2026-01-01
SKU-00237,Item-00237,BR-B,86.04,2026-01-01
SKU-00237,Item-00237,BR-C,143.64,2026-01-01
SKU-00237,Item-00237,BR-D,71.04,2026-01-01
SKU-00237,Item-00237,BR-E,136.6,2026-01-01
SKU-00238,Item-00238,BR-A,84.07,2026-01-01
SKU-00238,Item-00238,BR-B,112.69,2026-01-01
SKU-00238,Item-00238,BR-C,101.62,2026-01-01
SKU-00238,Item-00238,BR-D,211.69,2026-01-01
SKU-00238,Item-00238,BR-E,160.93,2026-01-01
SKU-00239,Item-00239,BR-A,111.03,2026-01-01
SKU-00239,Item-00239,BR-B,56.13,2026-01-01
SKU-00239,Item-00239,BR-C,126.74,2026-01-01
SKU-00239,Item-00239,BR-D,120.92,2026-01-01
SKU-00239,Item-00239,BR-E,82.81,2026-01-01
SKU-00240,Item-00240,BR-A,41.3,2026-01-01
SKU-00240,Item-00240,BR-B,65.35,2026-01-01
SKU-00240,Item-00240,BR-C,101.32,2026-01-01
SKU-00240,Item-00240,BR-D,93.02,2026-01-01
SKU-00240,Item-00240,BR-E,46.92,2026-01-01
SKU-00241,Item-00241,BR-A,150.37,2026-01-01
SKU-00241,Item-00241,BR-B,125.15,2026-01-01
SKU-00241,Item-00241,BR-C,146.44,2026-01-01
SKU-00241,Item-00241,BR-D,149.28,2026-01-01
SKU-00241,Item-00241,BR-E,79.13,2026-01-01
SKU-00242,Item-00242,BR-A,100.93,2026-01-01
SKU-00242,Item-00242,BR-B,67.64,2026-01-01
SKU-00242,Item-00242,BR-C,106.37,2026-01-01
SKU-00242,Item-00242,BR-D,74.23,2026-01-01
SKU-00242,Item-00242,BR-E,83.56,2026-01-01
SKU-00243,Item-00243,BR-A,150.59,2026-01-01
SKU-00243,Item-00243,BR-B,102.47,2026-01-01
SKU-00243,Item-00243,BR-C,123.23,2026-01-01
SKU-00243,Item-00243,BR-D,86.3,2026-01-01
SKU-00243,Item-00243,BR-E,98.81,2026-01-01
SKU-00244,Item-00244,BR-A,169.93,2026-01-01
SKU-00244,Item-00244,BR-B,126.75,2026-01-01
SKU-00244,Item-00244,BR-C,116.48,2026-01-01
SKU-00244,Item-00244,BR-D,83.63,2026-01-01
SKU-00244,Item-00244,BR-E,77.16,2026-01-01
SKU-00245,Item-00245,BR-A,82.68,2026-01-01
SKU-00245,Item-00245,BR-B,94.0,2026-01-01
SKU-00245,Item-00245,BR-C,47.07,2026-01-01
SKU-00245,Item-00245,BR-D,107.78,2026-01-01
SKU-00245,Item-00245,BR-E,84.92,2026-01-01
SKU-00246,Item-00246,BR-A,40.68,2026-01-01
SKU-00246,Item-00246,BR-B,63.29,2026-01-01
SKU-00246,Item-00246,BR-C,41.47,2026-01-01
SKU-00246,Item-00246,BR-D,70.81,2026-01-01
SKU-00246,Item-00246,BR-E,84.7,2026-01-01
SKU-00247,Item-00247,BR-A,123.53,2026-01-01
SKU-00247,Item-00247,BR-B,113.03,2026-01-01
SKU-00247,Item-00247,BR-C,102.21,2026-01-01
SKU-00247,Item-00247,BR-D,91.27,2026-01-01
SKU-00247,Item-00247,BR-E,78.21,2026-01-01
SKU-00248,Item-00248,BR-A,54.01,2026-01-01
SKU-00248,Item-00248,BR-B,99.16,2026-01-01
SKU-00248,Item-00248,BR-C,71.28,2026-01-01
SKU-00248,Item-00248,BR-D,124.45,2026-01-01
SKU-00248,Item-00248,BR-E,123.27,2026-01-01
SKU-00249,Item-00249,BR-A,122.31,2026-01-01
SKU-00249,Item-00249,BR-B,149.95,2026-01-01
SKU-00249,Item-00249,BR-C,170.21,2026-01-01
SKU-00249,Item-00249,BR-D,172.89,2026-01-01
SKU-00249,Item-00249,BR-E,164.27,2026-01-01
SKU-00250,Item-00250,BR-A,60.04,2026-01-01
SKU-00250,Item-00250,BR-B,63.46,2026-01-01
SKU-00250,Item-00250,BR-C,95.85,2026-01-01
SKU-00250,Item-00250,BR-D,72.76,2026-01-01
SKU-00250,Item-00250,BR-E,131.9,2026-01-01
SKU-00251,Item-00251,BR-A,106.72,2026-01-01
SKU-00251,Item-00251,BR-B,183.8,2026-01-01
SKU-00251,Item-00251,BR-C,123.0,2026-01-01
SKU-00251,Item-00251,BR-D,94.48,2026-01-01
SKU-00251,Item-00251,BR-E,162.03,2026-01-01
SKU-00252,Item-00252,BR-A,136.03,2026-01-01
SKU-00252,Item-00252,BR-B,114.37,2026-01-01
SKU-00252,Item-00252,BR-C,67.23,2026-01-01
SKU-00252,Item-00252,BR-D,55.9,2026-01-01
SKU-00252,Item-00252,BR-E,122.21,2026-01-01
SKU-00253,Item-00253,BR-A,26.62,2026-01-01
SKU-00253,Item-00253,BR-B,18.55,2026-01-01
SKU-00253,Item-00253,BR-C,19.55,2026-01-01
SKU-00253,Item-00253,BR-D,15.05,2026-01-01
SKU-00253,Item-00253,BR-E,25.84,2026-01-01
SKU-00254,Item-00254,BR-A,104.93,2026-01-01
SKU-00254,Item-00254,BR-B,184.59,2026-01-01
SKU-00254,Item-00254,BR-C,127.44,2026-01-01
SKU-00254,Item-00254,BR-D,119.77,2026-01-01
SKU-00254,Item-00254,BR-E,107.83,2026-01-01
SKU-00255,Item-00255,BR-A,192.71,2026-01-01
SKU-00255,Item-00255,BR-B,204.47,2026-01-01
SKU-00255,Item-00255,BR-C,150.44,2026-01-01
SKU-00255,Item-00255,BR-D,209.02,2026-01-01
SKU-00255,Item-00255,BR-E,161.39,2026-01-01
SKU-00256,Item-00256,BR-A,7.8,2026-01-01
SKU-00256,Item-00256,BR-B,9.38,2026-01-01
SKU-00256,Item-00256,BR-C,6.8,2026-01-01
SKU-00256,Item-00256,BR-D,7.25,2026-01-01
SKU-00256,Item-00256,BR-E,7.57,2026-01-01
SKU-00257,Item-00257,BR-A,238.69,2026-01-01
SKU-00257,Item-00257,BR-B,244.5,2026-01-01
SKU-00257,Item-00257,BR-C,267.38,2026-01-01
SKU-00257,Item-00257,BR-D,229.82,2026-01-01
SKU-00257,Item-00257,BR-E,246.81,2026-01-01
SKU-00258,Item-00258,BR-A,89.51,2026-01-01
SKU-00258,Item-00258,BR-B,112.48,2026-01-01
SKU-00258,Item-00258,BR-C,63.63,2026-01-01
SKU-00258,Item-00258,BR-D,68.42,2026-01-01
SKU-00258,Item-00258,BR-E,85.33,2026-01-01
SKU-00259,Item-00259,BR-A,123.8,2026-01-01
SKU-00259,Item-00259,BR-B,153.75,2026-01-01
SKU-00259,Item-00259,BR-C,174.43,2026-01-01
SKU-00259,Item-00259,BR-D,175.8,2026-01-01
SKU-00259,Item-00259,BR-E,98.71,2026-01-01
SKU-00260,Item-00260,BR-A,147.91,2026-01-01
SKU-00260,Item-00260,BR-B,53.51,2026-01-01
SKU-00260,Item-00260,BR-C,61.95,2026-01-01
SKU-00260,Item-00260,BR-D,67.29,2026-01-01
SKU-00260,Item-00260,BR-E,144.1,2026-01-01
SKU-00261,Item-00261,BR-A,31.27,2026-01-01
SKU-00261,Item-00261,BR-B,19.35,2026-01-01
SKU-00261,Item-00261,BR-C,24.41,2026-01-01
SKU-00261,Item-00261,BR-D,19.86,2026-01-01
SKU-00261,Item-00261,BR-E,18.5,2026-01-01
SKU-00262,Item-00262,BR-A,160.99,2026-01-01
SKU-00262,Item-00262,BR-B,265.69,2026-01-01
SKU-00262,Item-00262,BR-C,201.05,2026-01-01
SKU-00262,Item-00262,BR-D,184.83,2026-01-01
SKU-00262,Item-00262,BR-E,218.09,2026-01-01
SKU-00263,Item-00263,BR-A,173.37,2026-01-01
SKU-00263,Item-00263,BR-B,226.52,2026-01-01
SKU-00263,Item-00263,BR-C,207.36,2026-01-01
SKU-00263,Item-00263,BR-D,179.9,2026-01-01
SKU-00263,Item-00263,BR-E,149.18,2026-01-01
SKU-00264,Item-00264,BR-A,27.81,2026-01-01
SKU-00264,Item-00264,BR-B,44.91,2026-01-01
SKU-00264,Item-00264,BR-C,50.43,2026-01-01
SKU-00264,Item-00264,BR-D,30.98,2026-01-01
SKU-00264,Item-00264,BR-E,21.49,2026-01-01
SKU-00265,Item-00265,BR-A,105.48,2026-01-01
SKU-00265,Item-00265,BR-B,97.72,2026-01-01
SKU-00265,Item-00265,BR-C,71.38,2026-01-01
SKU-00265,Item-00265,BR-D,65.62,2026-01-01
SKU-00265,Item-00265,BR-E,53.25,2026-01-01
SKU-00266,Item-00266,BR-A,40.04,2026-01-01
SKU-00266,Item-00266,BR-B,27.73,2026-01-01
SKU-00266,Item-00266,BR-C,35.83,2026-01-01
SKU-00266,Item-00266,BR-D,79.04,2026-01-01
SKU-00266,Item-00266,BR-E,67.86,2026-01-01
SKU-00267,Item-00267,BR-A,81.25,2026-01-01
SKU-00267,Item-00267,BR-B,85.08,2026-01-01
SKU-00267,Item-00267,BR-C,102.48,2026-01-01
SKU-00267,Item-00267,BR-D,96.25,2026-01-01
SKU-00267,Item-00267,BR-E,116.23,2026-01-01
SKU-00268,Item-00268,BR-A,79.79,2026-01-01
SKU-00268,Item-00268,BR-B,82.62,2026-01-01
SKU-00268,Item-00268,BR-C,108.16,2026-01-01
SKU-00268,Item-00268,BR-D,179.83,2026-01-01
SKU-00268,Item-00268,BR-E,191.03,2026-01-01
SKU-00269,Item-00269,BR-A,104.3,2026-01-01
SKU-00269,Item-00269,BR-B,176.68,2026-01-01
SKU-00269,Item-00269,BR-C,95.88,2026-01-01
SKU-00269,Item-00269,BR-D,134.69,2026-01-01
SKU-00269,Item-00269,BR-E,86.24,2026-01-01
SKU-00270,Item-00270,BR-A,177.69,2026-01-01
SKU-00270,Item-00270,BR-B,134.75,2026-01-01
SKU-00270,Item-00270,BR-C,96.77,2026-01-01
SKU-00270,Item-00270,BR-D,114.45,2026-01-01
SKU-00270,Item-00270,BR-E,78.06,2026-01-01
SKU-00271,Item-00271,BR-A,52.17,2026-01-01
SKU-00271,Item-00271,BR-B,71.12,2026-01-01
SKU-00271,Item-00271,BR-C,126.87,2026-01-01
SKU-00271,Item-00271,BR-D,114.57,2026-01-01
SKU-00271,Item-00271,BR-E,127.7,2026-01-01
SKU-00272,Item-00272,BR-A,125.97,2026-01-01
SKU-00272,Item-00272,BR-B,120.36,2026-01-01
SKU-00272,Item-00272,BR-C,99.14,2026-01-01
SKU-00272,Item-00272,BR-D,109.77,2026-01-01
SKU-00272,Item-00272,BR-E,133.98,2026-01-01
SKU-00273,Item-00273,BR-A,160.83,2026-01-01
SKU-00273,Item-00273,BR-B,191.02,2026-01-01
SKU-00273,Item-00273,BR-C,189.19,2026-01-01
SKU-00273,Item-00273,BR-D,218.94,2026-01-01
SKU-00273,Item-00273,BR-E,145.6,2026-01-01
SKU-00274,Item-00274,BR-A,89.89,2026-01-01
SKU-00274,Item-00274,BR-B,101.23,2026-01-01
SKU-00274,Item-00274,BR-C,50.9,2026-01-01
SKU-00274,Item-00274,BR-D,58.9,2026-01-01
SKU-00274,Item-00274,BR-E,54.52,2026-01-01
SKU-00275,Item-00275,BR-A,192.76,2026-01-01
SKU-00275,Item-00275,BR-B,252.05,2026-01-01
SKU-00275,Item-00275,BR-C,199.87,2026-01-01
SKU-00275,Item-00275,BR-D,126.36,2026-01-01
SKU-00275,Item-00275,BR-E,140.47,2026-01-01
SKU-00276,Item-00276,BR-A,224.5,2026-01-01
SKU-00276,Item-00276,BR-B,158.54,2026-01-01
SKU-00276,Item-00276,BR-C,82.38,2026-01-01
SKU-00276,Item-00276,BR-D,205.98,2026-01-01
SKU-00276,Item-00276,BR-E,118.23,2026-01-01
SKU-00277,Item-00277,BR-A,60.91,2026-01-01
SKU-00277,Item-00277,BR-B,116.92,2026-01-01
SKU-00277,Item-00277,BR-C,131.14,2026-01-01
SKU-00277,Item-00277,BR-D,59.27,2026-01-01
SKU-00277,Item-00277,BR-E,141.78,2026-01-01
SKU-00278,Item-00278,BR-A,57.27,2026-01-01
SKU-00278,Item-00278,BR-B,50.33,2026-01-01
SKU-00278,Item-00278,BR-C,80.84,2026-01-01
SKU-00278,Item-00278,BR-D,45.56,2026-01-01
SKU-00278,Item-00278,BR-E,83.82,2026-01-01
SKU-00279,Item-00279,BR-A,171.35,2026-01-01
SKU-00279,Item-00279,BR-B,203.17,2026-01-01
SKU-00279,Item-00279,BR-C,145.52,2026-01-01
SKU-00279,Item-00279,BR-D,103.54,2026-01-01
SKU-00279,Item-00279,BR-E,178.69,2026-01-01
SKU-00280,Item-00280,BR-A,78.7,2026-01-01
SKU-00280,Item-00280,BR-B,41.56,2026-01-01
SKU-00280,Item-00280,BR-C,41.34,2026-01-01
SKU-00280,Item-00280,BR-D,43.96,2026-01-01
SKU-00280,Item-00280,BR-E,64.53,2026-01-01
SKU-00281,Item-00281,BR-A,121.25,2026-01-01
SKU-00281,Item-00281,BR-B,112.64,2026-01-01
SKU-00281,Item-00281,BR-C,254.67,2026-01-01
SKU-00281,Item-00281,BR-D,212.0,2026-01-01
SKU-00281,Item-00281,BR-E,209.84,2026-01-01
SKU-00282,Item-00282,BR-A,34.9,2026-01-01
SKU-00282,Item-00282,BR-B,39.46,2026-01-01
SKU-00282,Item-00282,BR-C,32.71,2026-01-01
SKU-00282,Item-00282,BR-D,17.59,2026-01-01
SKU-00282,Item-00282,BR-E,30.92,2026-01-01
SKU-00283,Item-00283,BR-A,89.36,2026-01-01
SKU-00283,Item-00283,BR-B,79.46,2026-01-01
SKU-00283,Item-00283,BR-C,117.47,2026-01-01
SKU-00283,Item-00283,BR-D,110.66,2026-01-01
SKU-00283,Item-00283,BR-E,108.48,2026-01-01
SKU-00284,Item-00284,BR-A,142.9,2026-01-01
SKU-00284,Item-00284,BR-B,211.43,2026-01-01
SKU-00284,Item-00284,BR-C,201.94,2026-01-01
SKU-00284,Item-00284,BR-D,113.67,2026-01-01
SKU-00284,Item-00284,BR-E,105.6,2026-01-01
SKU-00285,Item-00285,BR-A,92.78,2026-01-01
SKU-00285,Item-00285,BR-B,49.31,2026-01-01
SKU-00285,Item-00285,BR-C,111.3,2026-01-01
SKU-00285,Item-00285,BR-D,84.6,2026-01-01
SKU-00285,Item-00285,BR-E,89.79,2026-01-01
SKU-00286,Item-00286,BR-A,112.05,2026-01-01
SKU-00286,Item-00286,BR-B,100.34,2026-01-01
SKU-00286,Item-00286,BR-C,131.84,2026-01-01
SKU-00286,Item-00286,BR-D,76.78,2026-01-01
SKU-00286,Item-00286,BR-E,163.07,2026-01-01
SKU-00287,Item-00287,BR-A,19.61,2026-01-01
SKU-00287,Item-00287,BR-B,15.84,2026-01-01
SKU-00287,Item-00287,BR-C,19.47,2026-01-01
SKU-00287,Item-00287,BR-D,8.73,2026-01-01
SKU-00287,Item-00287,BR-E,11.88,2026-01-01
SKU-00288,Item-00288,BR-A,87.76,2026-01-01
SKU-00288,Item-00288,BR-B,67.72,2026-01-01
SKU-00288,Item-00288,BR-C,90.25,2026-01-01
SKU-00288,Item-00288,BR-D,62.57,2026-01-01
SKU-00288,Item-00288,BR-E,85.21,2026-01-01
SKU-00289,Item-00289,BR-A,129.97,2026-01-01
SKU-00289,Item-00289,BR-B,169.21,2026-01-01
SKU-00289,Item-00289,BR-C,192.96,2026-01-01
SKU-00289,Item-00289,BR-D,151.55,2026-01-01
SKU-00289,Item-00289,BR-E,173.81,2026-01-01
SKU-00290,Item-00290,BR-A,71.18,2026-01-01
SKU-00290,Item-00290,BR-B,117.76,2026-01-01
SKU-00290,Item-00290,BR-C,86.55,2026-01-01
SKU-00290,Item-00290,BR-D,132.36,2026-01-01
SKU-00290,Item-00290,BR-E,77.74,2026-01-01
SKU-00291,Item-00291,BR-A,43.8,2026-01-01
SKU-00291,Item-00291,BR-B,40.83,2026-01-01
SKU-00291,Item-00291,BR-C,67.94,2026-01-01
SKU-00291,Item-00291,BR-D,46.77,2026-01-01
SKU-00291,Item-00291,BR-E,38.92,2026-01-01
SKU-00292,Item-00292,BR-A,135.04,2026-01-01
SKU-00292,Item-00292,BR-B,129.34,2026-01-01
SKU-00292,Item-00292,BR-C,162.15,2026-01-01
SKU-00292,Item-00292,BR-D,153.58,2026-01-01
SKU-00292,Item-00292,BR-E,114.31,2026-01-01
SKU-00293,Item-00293,BR-A,159.84,2026-01-01
SKU-00293,Item-00293,BR-B,73.43,2026-01-01
SKU-00293,Item-00293,BR-C,143.46,2026-01-01
SKU-00293,Item-00293,BR-D,76.32,2026-01-01
SKU-00293,Item-00293,BR-E,110.79,2026-01-01
SKU-00294,Item-00294,BR-A,240.5,2026-01-01
SKU-00294,Item-00294,BR-B,217.59,2026-01-01
SKU-00294,Item-00294,BR-C,165.48,2026-01-01
SKU-00294,Item-00294,BR-D,197.39,2026-01-01
SKU-00294,Item-00294,BR-E,207.54,2026-01-01
SKU-00295,Item-00295,BR-A,81.54,2026-01-01
SKU-00295,Item-00295,BR-B,107.02,2026-01-01
SKU-00295,Item-00295,BR-C,107.58,2026-01-01
SKU-00295,Item-00295,BR-D,91.1,2026-01-01
SKU-00295,Item-00295,BR-E,119.51,2026-01-01
SKU-00296,Item-00296,BR-A,52.21,2026-01-01
SKU-00296,Item-00296,BR-B,117.96,2026-01-01
SKU-00296,Item-00296,BR-C,88.54,2026-01-01
SKU-00296,Item-00296,BR-D,101.91,2026-01-01
SKU-00296,Item-00296,BR-E,86.21,2026-01-01
SKU-00297,Item-00297,BR-A,68.33,2026-01-01
SKU-00297,Item-00297,BR-B,70.39,2026-01-01
SKU-00297,Item-00297,BR-C,85.99,2026-01-01
SKU-00297,Item-00297,BR-D,115.07,2026-01-01
SKU-00297,Item-00297,BR-E,62.31,2026-01-01
SKU-00298,Item-00298,BR-A,79.47,2026-01-01
SKU-00298,Item-00298,BR-B,93.91,2026-01-01
SKU-00298,Item-00298,BR-C,200.12,2026-01-01
SKU-00298,Item-00298,BR-D,213.75,2026-01-01
SKU-00298,Item-00298,BR-E,104.97,2026-01-01
SKU-00299,Item-00299,BR-A,200.21,2026-01-01
SKU-00299,Item-00299,BR-B,213.36,2026-01-01
SKU-00299,Item-00299,BR-C,128.1,2026-01-01
SKU-00299,Item-00299,BR-D,236.93,2026-01-01
SKU-00299,Item-00299,BR-E,160.54,2026-01-01
SKU-00300,Item-00300,BR-A,11.03,2026-01-01
SKU-00300,Item-00300,BR-B,9.34,2026-01-01
SKU-00300,Item-00300,BR-C,11.6,2026-01-01
SKU-00300,Item-00300,BR-D,13.0,2026-01-01
SKU-00300,Item-00300,BR-E,8.37,2026-01-01
SKU-00301,Item-00301,BR-A,96.52,2026-01-01
SKU-00301,Item-00301,BR-B,136.91,2026-01-01
SKU-00301,Item-00301,BR-C,79.95,2026-01-01
SKU-00301,Item-00301,BR-D,82.61,2026-01-01
SKU-00301,Item-00301,BR-E,157.5,2026-01-01
SKU-00302,Item-00302,BR-A,17.42,2026-01-01
SKU-00302,Item-00302,BR-B,23.27,2026-01-01
SKU-00302,Item-00302,BR-C,22.08,2026-01-01
SKU-00302,Item-00302,BR-D,27.59,2026-01-01
SKU-00302,Item-00302,BR-E,12.13,2026-01-01
SKU-00303,Item-00303,BR-A,20.85,2026-01-01
SKU-00303,Item-00303,BR-B,22.82,2026-01-01
SKU-00303,Item-00303,BR-C,25.46,2026-01-01
SKU-00303,Item-00303,BR-D,24.7,2026-01-01
SKU-00303,Item-00303,BR-E,23.99,2026-01-01
SKU-00304,Item-00304,BR-A,45.68,2026-01-01
SKU-00304,Item-00304,BR-B,31.26,2026-01-01
SKU-00304,Item-00304,BR-C,37.97,2026-01-01
SKU-00304,Item-00304,BR-D,54.1,2026-01-01
SKU-00304,Item-00304,BR-E,34.81,2026-01-01
SKU-00305,Item-00305,BR-A,85.88,2026-01-01
SKU-00305,Item-00305,BR-B,114.77,2026-01-01
SKU-00305,Item-00305,BR-C,72.68,2026-01-01
SKU-00305,Item-00305,BR-D,55.12,2026-01-01
SKU-00305,Item-00305,BR-E,42.85,2026-01-01
SKU-00306,Item-00306,BR-A,114.9,2026-01-01
SKU-00306,Item-00306,BR-B,108.93,2026-01-01
SKU-00306,Item-00306,BR-C,134.2,2026-01-01
SKU-00306,Item-00306,BR-D,112.44,2026-01-01
SKU-00306,Item-00306,BR-E,56.13,2026-01-01
SKU-00307,Item-00307,BR-A,105.36,2026-01-01
SKU-00307,Item-00307,BR-B,95.82,2026-01-01
SKU-00307,Item-00307,BR-C,89.96,2026-01-01
SKU-00307,Item-00307,BR-D,211.68,2026-01-01
SKU-00307,Item-00307,BR-E,162.35,2026-01-01
SKU-00308,Item-00308,BR-A,32.23,2026-01-01
SKU-00308,Item-00308,BR-B,53.39,2026-01-01
SKU-00308,Item-00308,BR-C,74.39,2026-01-01
SKU-00308,Item-00308,BR-D,35.48,2026-01-01
SKU-00308,Item-00308,BR-E,45.71,2026-01-01
SKU-00309,Item-00309,BR-A,36.16,2026-01-01
SKU-00309,Item-00309,BR-B,62.21,2026-01-01
SKU-00309,Item-00309,BR-C,74.23,2026-01-01
SKU-00309,Item-00309,BR-D,44.2,2026-01-01
SKU-00309,Item-00309,BR-E,40.97,2026-01-01
SKU-00310,Item-00310,BR-A,77.11,2026-01-01
SKU-00310,Item-00310,BR-B,109.19,2026-01-01
SKU-00310,Item-00310,BR-C,62.77,2026-01-01
SKU-00310,Item-00310,BR-D,129.06,2026-01-01
SKU-00310,Item-00310,BR-E,53.15,2026-01-01
SKU-00311,Item-00311,BR-A,16.72,2026-01-01
SKU-00311,Item-00311,BR-B,19.46,2026-01-01
SKU-00311,Item-00311,BR-C,12.01,2026-01-01
SKU-00311,Item-00311,BR-D,14.11,2026-01-01
SKU-00311,Item-00311,BR-E,21.05,2026-01-01
SKU-00312,Item-00312,BR-A,50.5,2026-01-01
SKU-00312,Item-00312,BR-B,37.95,2026-01-01
SKU-00312,Item-00312,BR-C,46.02,2026-01-01
SKU-00312,Item-00312,BR-D,70.57,2026-01-01
SKU-00312,Item-00312,BR-E,57.85,2026-01-01
SKU-00313,Item-00313,BR-A,109.57,2026-01-01
SKU-00313,Item-00313,BR-B,173.97,2026-01-01
SKU-00313,Item-00313,BR-C,179.1,2026-01-01
SKU-00313,Item-00313,BR-D,179.83,2026-01-01
SKU-00313,Item-00313,BR-E,168.83,2026-01-01
SKU-00314,Item-00314,BR-A,157.24,2026-01-01
SKU-00314,Item-00314,BR-B,174.42,2026-01-01
SKU-00314,Item-00314,BR-C,125.58,2026-01-01
SKU-00314,Item-00314,BR-D,131.14,2026-01-01
SKU-00314,Item-00314,BR-E,159.64,2026-01-01
SKU-00315,Item-00315,BR-A,56.4,2026-01-01
SKU-00315,Item-00315,BR-B,41.16,2026-01-01
SKU-00315,Item-00315,BR-C,37.97,2026-01-01
SKU-00315,Item-00315,BR-D,33.52,2026-01-01
SKU-00315,Item-00315,BR-E,35.36,2026-01-01
SKU-00316,Item-00316,BR-A,66.02,2026-01-01
SKU-00316,Item-00316,BR-B,165.97,2026-01-01
SKU-00316,Item-00316,BR-C,169.96,2026-01-01
SKU-00316,Item-00316,BR-D,108.17,2026-01-01
SKU-00316,Item-00316,BR-E,123.53,2026-01-01
SKU-00317,Item-00317,BR-A,15.35,2026-01-01
SKU-00317,Item-00317,BR-B,41.01,2026-01-01
SKU-00317,Item-00317,BR-C,41.71,2026-01-01
SKU-00317,Item-00317,BR-D,28.52,2026-01-01
SKU-00317,Item-00317,BR-E,15.38,2026-01-01
SKU-00318,Item-00318,BR-A,108.2,2026-01-01
SKU-00318,Item-00318,BR-B,92.84,2026-01-01
SKU-00318,Item-00318,BR-C,85.95,2026-01-01
SKU-00318,Item-00318,BR-D,60.94,2026-01-01
SKU-00318,Item-00318,BR-E,101.85,2026-01-01
SKU-00319,Item-00319,BR-A,88.2,2026-01-01
SKU-00319,Item-00319,BR-B,102.01,2026-01-01
SKU-00319,Item-00319,BR-C,86.62,2026-01-01
SKU-00319,Item-00319,BR-D,65.13,2026-01-01
SKU-00319,Item-00319,BR-E,118.4,2026-01-01
SKU-00320,Item-00320,BR-A,139.61,2026-01-01
SKU-00320,Item-00320,BR-B,137.9,2026-01-01
SKU-00320,Item-00320,BR-C,120.54,2026-01-01
SKU-00320,Item-00320,BR-D,144.5,2026-01-01
SKU-00320,Item-00320,BR-E,117.02,2026-01-01
SKU-00321,Item-00321,BR-A,156.01,2026-01-01
SKU-00321,Item-00321,BR-B,173.42,2026-01-01
SKU-00321,Item-00321,BR-C,161.16,2026-01-01
SKU-00321,Item-00321,BR-D,146.44,2026-01-01
SKU-00321,Item-00321,BR-E,98.55,2026-01-01
SKU-00322,Item-00322,BR-A,195.4,2026-01-01
SKU-00322,Item-00322,BR-B,205.45,2026-01-01
SKU-00322,Item-00322,BR-C,145.07,2026-01-01
SKU-00322,Item-00322,BR-D,212.26,2026-01-01
SKU-00322,Item-00322,BR-E,109.93,2026-01-01
SKU-00323,Item-00323,BR-A,155.87,2026-01-01
SKU-00323,Item-00323,BR-B,221.25,2026-01-01
SKU-00323,Item-00323,BR-C,217.64,2026-01-01
SKU-00323,Item-00323,BR-D,152.59,2026-01-01
SKU-00323,Item-00323,BR-E,218.59,2026-01-01
SKU-00324,Item-00324,BR-A,83.18,2026-01-01
SKU-00324,Item-00324,BR-B,63.89,2026-01-01
SKU-00324,Item-00324,BR-C,67.35,2026-01-01
SKU-00324,Item-00324,BR-D,122.94,2026-01-01
SKU-00324,Item-00324,BR-E,82.97,2026-01-01
SKU-00325,Item-00325,BR-A,72.97,2026-01-01
SKU-00325,Item-00325,BR-B,91.98,2026-01-01
SKU-00325,Item-00325,BR-C,142.77,2026-01-01
SKU-00325,Item-00325,BR-D,144.12,2026-01-01
SKU-00325,Item-00325,BR-E,87.83,2026-01-01
SKU-00326,Item-00326,BR-A,54.92,2026-01-01
SKU-00326,Item-00326,BR-B,82.24,2026-01-01
SKU-00326,Item-00326,BR-C,70.16,2026-01-01
SKU-00326,Item-00326,BR-D,67.74,2026-01-01
SKU-00326,Item-00326,BR-E,106.62,2026-01-01
SKU-00327,Item-00327,BR-A,28.36,2026-01-01
SKU-00327,Item-00327,BR-B,18.5,2026-01-01
SKU-00327,Item-00327,BR-C,24.55,2026-01-01
SKU-00327,Item-00327,BR-D,16.04,2026-01-01
SKU-00327,Item-00327,BR-E,25.51,2026-01-01
SKU-00328,Item-00328,BR-A,34.87,2026-01-01
SKU-00328,Item-00328,BR-B,13.91,2026-01-01
SKU-00328,Item-00328,BR-C,30.75,2026-01-01
SKU-00328,Item-00328,BR-D,14.27,2026-01-01
SKU-00328,Item-00328,BR-E,23.6,2026-01-01
SKU-00329,Item-00329,BR-A,121.58,2026-01-01
SKU-00329,Item-00329,BR-B,229.63,2026-01-01
SKU-00329,Item-00329,BR-C,225.59,2026-01-01
SKU-00329,Item-00329,BR-D,227.42,2026-01-01
SKU-00329,Item-00329,BR-E,109.89,2026-01-01
SKU-00330,Item-00330,BR-A,203.83,2026-01-01
SKU-00330,Item-00330,BR-B,122.84,2026-01-01
SKU-00330,Item-00330,BR-C,204.31,2026-01-01
SKU-00330,Item-00330,BR-D,153.1,2026-01-01
SKU-00330,Item-00330,BR-E,199.07,2026-01-01
SKU-00331,Item-00331,BR-A,40.15,2026-01-01
SKU-00331,Item-00331,BR-B,70.15,2026-01-01
SKU-00331,Item-00331,BR-C,91.92,2026-01-01
SKU-00331,Item-00331,BR-D,74.38,2026-01-01
SKU-00331,Item-00331,BR-E,106.74,2026-01-01
SKU-00332,Item-00332,BR-A,131.73,2026-01-01
SKU-00332,Item-00332,BR-B,158.9,2026-01-01
SKU-00332,Item-00332,BR-C,110.8,2026-01-01
SKU-00332,Item-00332,BR-D,112.22,2026-01-01
SKU-00332,Item-00332,BR-E,152.09,2026-01-01
SKU-00333,Item-00333,BR-A,58.42,2026-01-01
SKU-00333,Item-00333,BR-B,148.5,2026-01-01
SKU-00333,Item-00333,BR-C,106.6,2026-01-01
SKU-00333,Item-00333,BR-D,79.67,2026-01-01
SKU-00333,Item-00333,BR-E,118.43,2026-01-01
SKU-00334,Item-00334,BR-A,4.7,2026-01-01
SKU-00334,Item-00334,BR-B,9.08,2026-01-01
SKU-00334,Item-00334,BR-C,8.93,2026-01-01
SKU-00334,Item-00334,BR-D,4.82,2026-01-01
SKU-00334,Item-00334,BR-E,4.15,2026-01-01
SKU-00335,Item-00335,BR-A,188.67,2026-01-01
SKU-00335,Item-00335,BR-B,139.0,2026-01-01
SKU-00335,Item-00335,BR-C,113.69,2026-01-01
SKU-00335,Item-00335,BR-D,131.2,2026-01-01
SKU-00335,Item-00335,BR-E,106.0,2026-01-01
SKU-00336,Item-00336,BR-A,115.12,2026-01-01
SKU-00336,Item-00336,BR-B,47.46,2026-01-01
SKU-00336,Item-00336,BR-C,50.33,2026-01-01
SKU-00336,Item-00336,BR-D,114.63,2026-01-01
SKU-00336,Item-00336,BR-E,87.9,2026-01-01
SKU-00337,Item-00337,BR-A,142.2,2026-01-01
SKU-00337,Item-00337,BR-B,114.02,2026-01-01
SKU-00337,Item-00337,BR-C,78.69,2026-01-01
SKU-00337,Item-00337,BR-D,87.24,2026-01-01
SKU-00337,Item-00337,BR-E,78.93,2026-01-01
SKU-00338,Item-00338,BR-A,160.95,2026-01-01
SKU-00338,Item-00338,BR-B,204.38,2026-01-01
SKU-00338,Item-00338,BR-C,213.58,2026-01-01
SKU-00338,Item-00338,BR-D,161.86,2026-01-01
SKU-00338,Item-00338,BR-E,83.21,2026-01-01
SKU-00339,Item-00339,BR-A,44.45,2026-01-01
SKU-00339,Item-00339,BR-B,46.58,2026-01-01
SKU-00339,Item-00339,BR-C,49.97,2026-01-01
SKU-00339,Item-00339,BR-D,24.96,2026-01-01
SKU-00339,Item-00339,BR-E,28.97,2026-01-01
SKU-00340,Item-00340,BR-A,286.35,2026-01-01
SKU-00340,Item-00340,BR-B,249.97,2026-01-01
SKU-00340,Item-00340,BR-C,243.97,2026-01-01
SKU-00340,Item-00340,BR-D,253.17,2026-01-01
SKU-00340,Item-00340,BR-E,184.07,2026-01-01
SKU-00341,Item-00341,BR-A,88.9,2026-01-01
SKU-00341,Item-00341,BR-B,149.23,2026-01-01
SKU-00341,Item-00341,BR-C,108.99,2026-01-01
SKU-00341,Item-00341,BR-D,81.83,2026-01-01
SKU-00341,Item-00341,BR-E,174.68,2026-01-01
SKU-00342,Item-00342,BR-A,155.58,2026-01-01
SKU-00342,Item-00342,BR-B,148.32,2026-01-01
SKU-00342,Item-00342,BR-C,126.62,2026-01-01
SKU-00342,Item-00342,BR-D,187.76,2026-01-01
SKU-00342,Item-00342,BR-E,110.67,2026-01-01
SKU-00343,Item-00343,BR-A,63.16,2026-01-01
SKU-00343,Item-00343,BR-B,77.18,2026-01-01
SKU-00343,Item-00343,BR-C,110.69,2026-01-01
SKU-00343,Item-00343,BR-D,70.88,2026-01-01
SKU-00343,Item-00343,BR-E,119.31,2026-01-01
SKU-00344,Item-00344,BR-A,95.2,2026-01-01
SKU-00344,Item-00344,BR-B,71.61,2026-01-01
SKU-00344,Item-00344,BR-C,39.79,2026-01-01
SKU-00344,Item-00344,BR-D,45.44,2026-01-01
SKU-00344,Item-00344,BR-E,54.65,2026-01-01
SKU-00345,Item-00345,BR-A,130.4,2026-01-01
SKU-00345,Item-00345,BR-B,147.27,2026-01-01
SKU-00345,Item-00345,BR-C,87.69,2026-01-01
SKU-00345,Item-00345,BR-D,191.33,2026-01-01
SKU-00345,Item-00345,BR-E,149.21,2026-01-01
SKU-00346,Item-00346,BR-A,41.41,2026-01-01
SKU-00346,Item-00346,BR-B,31.87,2026-01-01
SKU-00346,Item-00346,BR-C,79.81,2026-01-01
SKU-00346,Item-00346,BR-D,75.19,2026-01-01
SKU-00346,Item-00346,BR-E,44.46,2026-01-01
SKU-00347,Item-00347,BR-A,63.53,2026-01-01
SKU-00347,Item-00347,BR-B,60.36,2026-01-01
SKU-00347,Item-00347,BR-C,54.34,2026-01-01
SKU-00347,Item-00347,BR-D,46.71,2026-01-01
SKU-00347,Item-00347,BR-E,53.59,2026-01-01
SKU-00348,Item-00348,BR-A,116.9,2026-01-01
SKU-00348,Item-00348,BR-B,122.99,2026-01-01
SKU-00348,Item-00348,BR-C,129.94,2026-01-01
SKU-00348,Item-00348,BR-D,97.16,2026-01-01
SKU-00348,Item-00348,BR-E,133.08,2026-01-01
SKU-00349,Item-00349,BR-A,44.29,2026-01-01
SKU-00349,Item-00349,BR-B,72.46,2026-01-01
SKU-00349,Item-00349,BR-C,41.3,2026-01-01
SKU-00349,Item-00349,BR-D,93.75,2026-01-01
SKU-00349,Item-00349,BR-E,45.61,2026-01-01
SKU-00350,Item-00350,BR-A,235.13,2026-01-01
SKU-00350,Item-00350,BR-B,123.32,2026-01-01
SKU-00350,Item-00350,BR-C,170.5,2026-01-01
SKU-00350,Item-00350,BR-D,106.12,2026-01-01
SKU-00350,Item-00350,BR-E,184.76,2026-01-01
SKU-00351,Item-00351,BR-A,133.5,2026-01-01
SKU-00351,Item-00351,BR-B,116.18,2026-01-01
SKU-00351,Item-00351,BR-C,103.35,2026-01-01
SKU-00351,Item-00351,BR-D,120.39,2026-01-01
SKU-00351,Item-00351,BR-E,77.14,2026-01-01
SKU-00352,Item-00352,BR-A,141.5,2026-01-01
SKU-00352,Item-00352,BR-B,178.98,2026-01-01
SKU-00352,Item-00352,BR-C,95.29,2026-01-01
SKU-00352,Item-00352,BR-D,229.69,2026-01-01
SKU-00352,Item-00352,BR-E,116.85,2026-01-01
SKU-00353,Item-00353,BR-A,59.04,2026-01-01
SKU-00353,Item-00353,BR-B,81.88,2026-01-01
SKU-00353,Item-00353,BR-C,35.45,2026-01-01
SKU-00353,Item-00353,BR-D,76.79,2026-01-01
SKU-00353,Item-00353,BR-E,34.35,2026-01-01
SKU-00354,Item-00354,BR-A,120.73,2026-01-01
SKU-00354,Item-00354,BR-B,162.6,2026-01-01
SKU-00354,Item-00354,BR-C,105.09,2026-01-01
SKU-00354,Item-00354,BR-D,99.93,2026-01-01
SKU-00354,Item-00354,BR-E,137.3,2026-01-01
SKU-00355,Item-00355,BR-A,252.15,2026-01-01
SKU-00355,Item-00355,BR-B,148.89,2026-01-01
SKU-00355,Item-00355,BR-C,107.21,2026-01-01
SKU-00355,Item-00355,BR-D,112.71,2026-01-01
SKU-00355,Item-00355,BR-E,155.94,2026-01-01
SKU-00356,Item-00356,BR-A,74.23,2026-01-01
SKU-00356,Item-00356,BR-B,75.03,2026-01-01
SKU-00356,Item-00356,BR-C,31.81,2026-01-01
SKU-00356,Item-00356,BR-D,63.24,2026-01-01
SKU-00356,Item-00356,BR-E,53.56,2026-01-01
SKU-00357,Item-00357,BR-A,70.78,2026-01-01
SKU-00357,Item-00357,BR-B,103.53,2026-01-01
SKU-00357,Item-00357,BR-C,76.55,2026-01-01
SKU-00357,Item-00357,BR-D,113.17,2026-01-01
SKU-00357,Item-00357,BR-E,69.76,2026-01-01
SKU-00358,Item-00358,BR-A,174.93,2026-01-01
SKU-00358,Item-00358,BR-B,129.55,2026-01-01
SKU-00358,Item-00358,BR-C,87.48,2026-01-01
SKU-00358,Item-00358,BR-D,159.91,2026-01-01
SKU-00358,Item-00358,BR-E,121.78,2026-01-01
SKU-00359,Item-00359,BR-A,89.32,2026-01-01
SKU-00359,Item-00359,BR-B,107.82,2026-01-01
SKU-00359,Item-00359,BR-C,127.3,2026-01-01
SKU-00359,Item-00359,BR-D,63.17,2026-01-01
SKU-00359,Item-00359,BR-E,64.39,2026-01-01
SKU-00360,Item-00360,BR-A,20.41,2026-01-01
SKU-00360,Item-00360,BR-B,19.02,2026-01-01
SKU-00360,Item-00360,BR-C,15.12,2026-01-01
SKU-00360,Item-00360,BR-D,33.37,2026-01-01
SKU-00360,Item-00360,BR-E,21.31,2026-01-01
SKU-00361,Item-00361,BR-A,72.26,2026-01-01
SKU-00361,Item-00361,BR-B,69.25,2026-01-01
SKU-00361,Item-00361,BR-C,124.11,2026-01-01
SKU-00361,Item-00361,BR-D,70.02,2026-01-01
SKU-00361,Item-00361,BR-E,73.83,2026-01-01
SKU-00362,Item-00362,BR-A,81.29,2026-01-01
SKU-00362,Item-00362,BR-B,60.47,2026-01-01
SKU-00362,Item-00362,BR-C,78.89,2026-01-01
SKU-00362,Item-00362,BR-D,71.56,2026-01-01
SKU-00362,Item-00362,BR-E,68.74,2026-01-01
SKU-00363,Item-00363,BR-A,71.01,2026-01-01
SKU-00363,Item-00363,BR-B,123.09,2026-01-01
SKU-00363,Item-00363,BR-C,138.23,2026-01-01
SKU-00363,Item-00363,BR-D,74.8,2026-01-01
SKU-00363,Item-00363,BR-E,141.58,2026-01-01
SKU-00364,Item-00364,BR-A,68.57,2026-01-01
SKU-00364,Item-00364,BR-B,65.07,2026-01-01
SKU-00364,Item-00364,BR-C,87.97,2026-01-01
SKU-00364,Item-00364,BR-D,105.81,2026-01-01
SKU-00364,Item-00364,BR-E,78.89,2026-01-01
SKU-00365,Item-00365,BR-A,70.84,2026-01-01
SKU-00365,Item-00365,BR-B,102.76,2026-01-01
SKU-00365,Item-00365,BR-C,56.37,2026-01-01
SKU-00365,Item-00365,BR-D,56.27,2026-01-01
SKU-00365,Item-00365,BR-E,51.0,2026-01-01
SKU-00366,Item-00366,BR-A,77.57,2026-01-01
SKU-00366,Item-00366,BR-B,31.17,2026-01-01
SKU-00366,Item-00366,BR-C,75.69,2026-01-01
SKU-00366,Item-00366,BR-D,68.34,2026-01-01
SKU-00366,Item-00366,BR-E,45.31,2026-01-01
SKU-00367,Item-00367,BR-A,52.39,2026-01-01
SKU-00367,Item-00367,BR-B,52.52,2026-01-01
SKU-00367,Item-00367,BR-C,70.25,2026-01-01
SKU-00367,Item-00367,BR-D,33.25,2026-01-01
SKU-00367,Item-00367,BR-E,27.64,2026-01-01
SKU-00368,Item-00368,BR-A,57.42,2026-01-01
SKU-00368,Item-00368,BR-B,43.47,2026-01-01
SKU-00368,Item-00368,BR-C,58.15,2026-01-01
SKU-00368,Item-00368,BR-D,71.97,2026-01-01
SKU-00368,Item-00368,BR-E,49.54,2026-01-01
SKU-00369,Item-00369,BR-A,250.53,2026-01-01
SKU-00369,Item-00369,BR-B,117.02,2026-01-01
SKU-00369,Item-00369,BR-C,174.18,2026-01-01
SKU-00369,Item-00369,BR-D,270.36,2026-01-01
SKU-00369,Item-00369,BR-E,236.27,2026-01-01
SKU-00370,Item-00370,BR-A,51.19,2026-01-01
SKU-00370,Item-00370,BR-B,54.0,2026-01-01
SKU-00370,Item-00370,BR-C,28.85,2026-01-01
SKU-00370,Item-00370,BR-D,55.33,2026-01-01
SKU-00370,Item-00370,BR-E,49.81,2026-01-01
SKU-00371,Item-00371,BR-A,63.18,2026-01-01
SKU-00371,Item-00371,BR-B,81.97,2026-01-01
SKU-00371,Item-00371,BR-C,64.26,2026-01-01
SKU-00371,Item-00371,BR-D,47.55,2026-01-01
SKU-00371,Item-00371,BR-E,71.94,2026-01-01
SKU-00372,Item-00372,BR-A,131.44,2026-01-01
SKU-00372,Item-00372,BR-B,72.74,2026-01-01
SKU-00372,Item-00372,BR-C,70.08,2026-01-01
SKU-00372,Item-00372,BR-D,154.39,2026-01-01
SKU-00372,Item-00372,BR-E,104.51,2026-01-01
SKU-00373,Item-00373,BR-A,220.99,2026-01-01
SKU-00373,Item-00373,BR-B,155.68,2026-01-01
SKU-00373,Item-00373,BR-C,229.25,2026-01-01
SKU-00373,Item-00373,BR-D,229.57,2026-01-01
SKU-00373,Item-00373,BR-E,124.74,2026-01-01
SKU-00374,Item-00374,BR-A,56.37,2026-01-01
SKU-00374,Item-00374,BR-B,53.98,2026-01-01
SKU-00374,Item-00374,BR-C,26.02,2026-01-01
SKU-00374,Item-00374,BR-D,62.27,2026-01-01
SKU-00374,Item-00374,BR-E,43.58,2026-01-01
SKU-00375,Item-00375,BR-A,51.96,2026-01-01
SKU-00375,Item-00375,BR-B,35.72,2026-01-01
SKU-00375,Item-00375,BR-C,66.45,2026-01-01
SKU-00375,Item-00375,BR-D,42.4,2026-01-01
SKU-00375,Item-00375,BR-E,64.14,2026-01-01
SKU-00376,Item-00376,BR-A,21.32,2026-01-01
SKU-00376,Item-00376,BR-B,16.54,2026-01-01
SKU-00376,Item-00376,BR-C,35.66,2026-01-01
SKU-00376,Item-00376,BR-D,26.15,2026-01-01
SKU-00376,Item-00376,BR-E,27.63,2026-01-01
SKU-00377,Item-00377,BR-A,215.45,2026-01-01
SKU-00377,Item-00377,BR-B,198.27,2026-01-01
SKU-00377,Item-00377,BR-C,144.55,2026-01-01
SKU-00377,Item-00377,BR-D,157.42,2026-01-01
SKU-00377,Item-00377,BR-E,177.28,2026-01-01
SKU-00378,Item-00378,BR-A,40.02,2026-01-01
SKU-00378,Item-00378,BR-B,37.06,2026-01-01
SKU-00378,Item-00378,BR-C,66.23,2026-01-01
SKU-00378,Item-00378,BR-D,35.07,2026-01-01
SKU-00378,Item-00378,BR-E,55.95,2026-01-01
SKU-00379,Item-00379,BR-A,78.47,2026-01-01
SKU-00379,Item-00379,BR-B,130.91,2026-01-01
SKU-00379,Item-00379,BR-C,165.14,2026-01-01
SKU-00379,Item-00379,BR-D,84.17,2026-01-01
SKU-00379,Item-00379,BR-E,84.73,2026-01-01
SKU-00380,Item-00380,BR-A,25.83,2026-01-01
SKU-00380,Item-00380,BR-B,24.15,2026-01-01
SKU-00380,Item-00380,BR-C,28.02,2026-01-01
SKU-00380,Item-00380,BR-D,17.28,2026-01-01
SKU-00380,Item-00380,BR-E,27.16,2026-01-01
SKU-00381,Item-00381,BR-A,144.77,2026-01-01
SKU-00381,Item-00381,BR-B,89.16,2026-01-01
SKU-00381,Item-00381,BR-C,69.32,2026-01-01
SKU-00381,Item-00381,BR-D,149.44,2026-01-01
SKU-00381,Item-00381,BR-E,97.93,2026-01-01
SKU-00382,Item-00382,BR-A,139.56,2026-01-01
SKU-00382,Item-00382,BR-B,59.93,2026-01-01
SKU-00382,Item-00382,BR-C,115.48,2026-01-01
SKU-00382,Item-00382,BR-D,91.79,2026-01-01
SKU-00382,Item-00382,BR-E,84.62,2026-01-01
SKU-00383,Item-00383,BR-A,33.62,2026-01-01
SKU-00383,Item-00383,BR-B,44.31,2026-01-01
SKU-00383,Item-00383,BR-C,22.02,2026-01-01
SKU-00383,Item-00383,BR-D,33.0,2026-01-01
SKU-00383,Item-00383,BR-E,59.72,2026-01-01
SKU-00384,Item-00384,BR-A,60.19,2026-01-01
SKU-00384,Item-00384,BR-B,79.69,2026-01-01
SKU-00384,Item-00384,BR-C,51.12,2026-01-01
SKU-00384,Item-00384,BR-D,35.67,2026-01-01
SKU-00384,Item-00384,BR-E,30.41,2026-01-01
SKU-00385,Item-00385,BR-A,34.92,2026-01-01
SKU-00385,Item-00385,BR-B,19.0,2026-01-01
SKU-00385,Item-00385,BR-C,23.48,2026-01-01
SKU-00385,Item-00385,BR-D,33.36,2026-01-01
SKU-00385,Item-00385,BR-E,35.81,2026-01-01
SKU-00386,Item-00386,BR-A,52.37,2026-01-01
SKU-00386,Item-00386,BR-B,47.72,2026-01-01
SKU-00386,Item-00386,BR-C,119.69,2026-01-01
SKU-00386,Item-00386,BR-D,117.9,2026-01-01
SKU-00386,Item-00386,BR-E,113.24,2026-01-01
SKU-00387,Item-00387,BR-A,155.07,2026-01-01
SKU-00387,Item-00387,BR-B,63.03,2026-01-01
SKU-00387,Item-00387,BR-C,140.65,2026-01-01
SKU-00387,Item-00387,BR-D,74.16,2026-01-01
SKU-00387,Item-00387,BR-E,112.83,2026-01-01
SKU-00388,Item-00388,BR-A,18.46,2026-01-01
SKU-00388,Item-00388,BR-B,24.58,2026-01-01
SKU-00388,Item-00388,BR-C,35.4,2026-01-01
SKU-00388,Item-00388,BR-D,24.41,2026-01-01
SKU-00388,Item-00388,BR-E,34.92,2026-01-01
SKU-00389,Item-00389,BR-A,16.06,2026-01-01
SKU-00389,Item-00389,BR-B,20.58,2026-01-01
SKU-00389,Item-00389,BR-C,25.56,2026-01-01
SKU-00389,Item-00389,BR-D,13.7,2026-01-01
SKU-00389,Item-00389,BR-E,24.93,2026-01-01
SKU-00390,Item-00390,BR-A,14.77,2026-01-01
SKU-00390,Item-00390,BR-B,29.74,2026-01-01
SKU-00390,Item-00390,BR-C,31.88,2026-01-01
SKU-00390,Item-00390,BR-D,15.43,2026-01-01
SKU-00390,Item-00390,BR-E,18.8,2026-01-01
SKU-00391,Item-00391,BR-A,98.47,2026-01-01
SKU-00391,Item-00391,BR-B,158.96,2026-01-01
SKU-00391,Item-00391,BR-C,138.46,2026-01-01
SKU-00391,Item-00391,BR-D,70.83,2026-01-01
SKU-00391,Item-00391,BR-E,142.86,2026-01-01
SKU-00392,Item-00392,BR-A,83.17,2026-01-01
SKU-00392,Item-00392,BR-B,141.01,2026-01-01
SKU-00392,Item-00392,BR-C,123.17,2026-01-01
SKU-00392,Item-00392,BR-D,211.5,2026-01-01
SKU-00392,Item-00392,BR-E,182.3,2026-01-01
SKU-00393,Item-00393,BR-A,126.19,2026-01-01
SKU-00393,Item-00393,BR-B,50.16,2026-01-01
SKU-00393,Item-00393,BR-C,126.47,2026-01-01
SKU-00393,Item-00393,BR-D,106.86,2026-01-01
SKU-00393,Item-00393,BR-E,69.24,2026-01-01
SKU-00394,Item-00394,BR-A,55.8,2026-01-01
SKU-00394,Item-00394,BR-B,91.98,2026-01-01
SKU-00394,Item-00394,BR-C,38.74,2026-01-01
SKU-00394,Item-00394,BR-D,51.84,2026-01-01
SKU-00394,Item-00394,BR-E,85.31,2026-01-01
SKU-00395,Item-00395,BR-A,66.63,2026-01-01
SKU-00395,Item-00395,BR-B,45.14,2026-01-01
SKU-00395,Item-00395,BR-C,64.71,2026-01-01
SKU-00395,Item-00395,BR-D,62.05,2026-01-01
SKU-00395,Item-00395,BR-E,91.21,2026-01-01
SKU-00396,Item-00396,BR-A,67.41,2026-01-01
SKU-00396,Item-00396,BR-B,94.6,2026-01-01
SKU-00396,Item-00396,BR-C,128.55,2026-01-01
SKU-00396,Item-00396,BR-D,104.98,2026-01-01
SKU-00396,Item-00396,BR-E,112.18,2026-01-01
SKU-00397,Item-00397,BR-A,128.65,2026-01-01
SKU-00397,Item-00397,BR-B,163.76,2026-01-01
SKU-00397,Item-00397,BR-C,164.71,2026-01-01
SKU-00397,Item-00397,BR-D,215.27,2026-01-01
SKU-00397,Item-00397,BR-E,143.31,2026-01-01
SKU-00398,Item-00398,BR-A,187.31,2026-01-01
SKU-00398,Item-00398,BR-B,128.4,2026-01-01
SKU-00398,Item-00398,BR-C,166.77,2026-01-01
SKU-00398,Item-00398,BR-D,143.79,2026-01-01
SKU-00398,Item-00398,BR-E,175.02,2026-01-01
SKU-00399,Item-00399,BR-A,185.94,2026-01-01
SKU-00399,Item-00399,BR-B,176.11,2026-01-01
SKU-00399,Item-00399,BR-C,73.9,2026-01-01
SKU-00399,Item-00399,BR-D,142.28,2026-01-01
SKU-00399,Item-00399,BR-E,106.53,2026-01-01
SKU-00400,Item-00400,BR-A,34.36,2026-01-01
SKU-00400,Item-00400,BR-B,71.48,2026-01-01
SKU-00400,Item-00400,BR-C,59.52,2026-01-01
SKU-00400,Item-00400,BR-D,31.18,2026-01-01
SKU-00400,Item-00400,BR-E,45.84,2026-01-01
SKU-00001,Cola 1.5L,BR-A,252.76,2026-01-02
SKU-00001,Cola 1.5L,BR-B,194.05,2026-01-02
SKU-00001,Cola 1.5L,BR-C,196.26,2026-01-02
SKU-00001,Cola 1.5L,BR-D,129.14,2026-01-02
SKU-00001,Cola 1.5L,BR-E,131.32,2026-01-02
SKU-00002,Orange Juice 1L,BR-A,8.9,2026-01-02
SKU-00002,Orange Juice 1L,BR-B,19.42,2026-01-02
SKU-00002,Orange Juice 1L,BR-C,18.64,2026-01-02
SKU-00002,Orange Juice 1L,BR-D,11.17,2026-01-02
SKU-00002,Orange Juice 1L,BR-E,13.91,2026-01-02
SKU-00003,Mineral Water 500ml,BR-A,56.77,2026-01-02
SKU-00003,Mineral Water 500ml,BR-B,51.58,2026-01-02
SKU-00003,Mineral Water 500ml,BR-C,82.26,2026-01-02
SKU-00003,Mineral Water 500ml,BR-D,101.97,2026-01-02
SKU-00003,Mineral Water 500ml,BR-E,106.73,2026-01-02
SKU-00004,Energy Drink 250ml,BR-A,53.43,2026-01-02
SKU-00004,Energy Drink 250ml,BR-B,78.41,2026-01-02
SKU-00004,Energy Drink 250ml,BR-C,66.98,2026-01-02
SKU-00004,Energy Drink 250ml,BR-D,42.48,2026-01-02
SKU-00004,Energy Drink 250ml,BR-E,96.73,2026-01-02
SKU-00005,Soda Can,BR-A,292.52,2026-01-02
SKU-00005,Soda Can,BR-B,132.06,2026-01-02
SKU-00005,Soda Can,BR-C,284.26,2026-01-02
SKU-00005,Soda Can,BR-D,281.19,2026-01-02
SKU-00005,Soda Can,BR-E,165.35,2026-01-02
SKU-00006,Apple Juice 1L,BR-A,195.16,2026-01-02
SKU-00006,Apple Juice 1L,BR-B,264.85,2026-01-02
SKU-00006,Apple Juice 1L,BR-C,116.98,2026-01-02
SKU-00006,Apple Juice 1L,BR-D,152.46,2026-01-02
SKU-00006,Apple Juice 1L,BR-E,252.56,2026-01-02
SKU-00007,Tea Bag 100s,BR-A,294.49,2026-01-02
SKU-00007,Tea Bag 100s,BR-B,303.42,2026-01-02
SKU-00007,Tea Bag 100s,BR-C,330.11,2026-01-02
SKU-00007,Tea Bag 100s,BR-D,221.65,2026-01-02
SKU-00007,Tea Bag 100s,BR-E,221.0,2026-01-02
SKU-00008,Coffee 200g,BR-A,28.07,2026-01-02
SKU-00008,Coffee 200g,BR-B,42.11,2026-01-02
SKU-00008,Coffee 200g,BR-C,40.97,2026-01-02
SKU-00008,Coffee 200g,BR-D,42.09,2026-01-02
SKU-00008,Coffee 200g,BR-E,23.23,2026-01-02
SKU-00009,Lemonade 1L,BR-A,149.53,2026-01-02
SKU-00009,Lemonade 1L,BR-B,73.23,2026-01-02
SKU-00009,Lemonade 1L,BR-C,82.08,2026-01-02
SKU-00009,Lemonade 1L,BR-D,147.64,2026-01-02
SKU-00009,Lemonade 1L,BR-E,130.56,2026-01-02
SKU-00010,Iced Tea 500ml,BR-A,11.31,2026-01-02
SKU-00010,Iced Tea 500ml,BR-B,15.52,2026-01-02
SKU-00010,Iced Tea 500ml,BR-C,10.8,2026-01-02
SKU-00010,Iced Tea 500ml,BR-D,10.82,2026-01-02
SKU-00010,Iced Tea 500ml,BR-E,17.21,2026-01-02
SKU-00011,Thermos Flask 500ml,BR-A,55.55,2026-01-02
SKU-00011,Thermos Flask 500ml,BR-B,75.9,2026-01-02
SKU-00011,Thermos Flask 500ml,BR-C,62.81,2026-01-02
SKU-00011,Thermos Flask 500ml,BR-D,64.4,2026-01-02
SKU-00011,Thermos Flask 500ml,BR-E,70.74,2026-01-02
SKU-00012,أكوا 1.5 لتر,BR-A,168.25,2026-01-02
SKU-00012,أكوا 1.5 لتر,BR-B,122.77,2026-01-02
SKU-00012,أكوا 1.5 لتر,BR-C,187.1,2026-01-02
SKU-00012,أكوا 1.5 لتر,BR-D,138.57,2026-01-02
SKU-00012,أكوا 1.5 لتر,BR-E,90.95,2026-01-02
SKU-00013,Sports Drink 600ml,BR-A,9.7,2026-01-02
SKU-00013,Sports Drink 600ml,BR-B,7.57,2026-01-02
SKU-00013,Sports Drink 600ml,BR-C,17.28,2026-01-02
SKU-00013,Sports Drink 600ml,BR-D,7.34,2026-01-02
SKU-00013,Sports Drink 600ml,BR-E,10.72,2026-01-02
SKU-00014,Milk 1L,BR-A,54.18,2026-01-02
SKU-00014,Milk 1L,BR-B,72.93,2026-01-02
SKU-00014,Milk 1L,BR-C,86.93,2026-01-02
SKU-00014,Milk 1L,BR-D,73.81,2026-01-02
SKU-00014,Milk 1L,BR-E,34.43,2026-01-02
SKU-00015,Butter 250g,BR-A,250.92,2026-01-02
SKU-00015,Butter 250g,BR-B,260.94,2026-01-02
SKU-00015,Butter 250g,BR-C,240.65,2026-01-02
SKU-00015,Butter 250g,BR-D,176.07,2026-01-02
SKU-00015,Butter 250g,BR-E,147.82,2026-01-02
SKU-00016,Cheese Slices,BR-A,144.11,2026-01-02
SKU-00016,Cheese Slices,BR-B,113.62,2026-01-02
SKU-00016,Cheese Slices,BR-C,136.49,2026-01-02
SKU-00016,Cheese Slices,BR-D,83.96,2026-01-02
SKU-00016,Cheese Slices,BR-E,184.31,2026-01-02
SKU-00017,Yogurt 500g,BR-A,57.34,2026-01-02
SKU-00017,Yogurt 500g,BR-B,53.12,2026-01-02
SKU-00017,Yogurt 500g,BR-C,71.76,2026-01-02
SKU-00017,Yogurt 500g,BR-D,79.93,2026-01-02
SKU-00017,Yogurt 500g,BR-E,70.65,2026-01-02
SKU-00018,Eggs 12pk,BR-A,165.8,2026-01-02
SKU-00018,Eggs 12pk,BR-B,220.44,2026-01-02
SKU-00018,Eggs 12pk,BR-C,206.59,2026-01-02
SKU-00018,Eggs 12pk,BR-D,165.08,2026-01-02
SKU-00018,Eggs 12pk,BR-E,154.32,2026-01-02
SKU-00019,Cream 200ml,BR-A,288.99,2026-01-02
SKU-00019,Cream 200ml,BR-B,122.94,2026-01-02
SKU-00019,Cream 200ml,BR-C,324.72,2026-01-02
SKU-00019,Cream 200ml,BR-D,223.74,2026-01-02
SKU-00019,Cream 200ml,BR-E,197.69,2026-01-02
SKU-00020,Cheese Block 200g,BR-A,10.43,2026-01-02
SKU-00020,Cheese Block 200g,BR-B,8.98,2026-01-02
SKU-00020,Cheese Block 200g,BR-C,8.64,2026-01-02
SKU-00020,Cheese Block 200g,BR-D,9.58,2026-01-02
SKU-00020,Cheese Block 200g,BR-E,4.81,2026-01-02
SKU-00021,Ghee 1L,BR-A,174.83,2026-01-02
SKU-00021,Ghee 1L,BR-B,197.35,2026-01-02
SKU-00021,Ghee 1L,BR-C,177.65,2026-01-02
SKU-00021,Ghee 1L,BR-D,287.87,2026-01-02
SKU-00021,Ghee 1L,BR-E,210.69,2026-01-02
SKU-00022,Milk Powder 400g,BR-A,176.26,2026-01-02
SKU-00022,Milk Powder 400g,BR-B,211.24,2026-01-02
SKU-00022,Milk Powder 400g,BR-C,108.78,2026-01-02
SKU-00022,Milk Powder 400g,BR-D,193.6,2026-01-02
SKU-00022,Milk Powder 400g,BR-E,124.86,2026-01-02
SKU-00023,الحليب الطازج,BR-A,126.83,2026-01-02
SKU-00023,الحليب الطازج,BR-B,91.78,2026-01-02
SKU-00023,الحليب الطازج,BR-C,116.89,2026-01-02
SKU-00023,الحليب الطازج,BR-D,60.4,2026-01-02
SKU-00023,الحليب الطازج,BR-E,122.09,2026-01-02
SKU-00024,Bread Loaf,BR-A,67.75,2026-01-02
SKU-00024,Bread Loaf,BR-B,56.65,2026-01-02
SKU-00024,Bread Loaf,BR-C,30.92,2026-01-02
SKU-00024,Bread Loaf,BR-D,43.69,2026-01-02
SKU-00024,Bread Loaf,BR-E,45.4,2026-01-02
SKU-00025,Croissant,BR-A,178.77,2026-01-02
SKU-00025,Croissant,BR-B,281.3,2026-01-02
SKU-00025,Croissant,BR-C,311.79,2026-01-02
SKU-00025,Croissant,BR-D,184.51,2026-01-02
SKU-00025,Croissant,BR-E,247.5,2026-01-02
SKU-00026,Pita Bread 6pk,BR-A,72.37,2026-01-02
SKU-00026,Pita Bread 6pk,BR-B,112.91,2026-01-02
SKU-00026,Pita Bread 6pk,BR-C,132.68,2026-01-02
SKU-00026,Pita Bread 6pk,BR-D,122.52,2026-01-02
SKU-00026,Pita Bread 6pk,BR-E,115.35,2026-01-02
SKU-00027,Muffin 4pk,BR-A,19.88,2026-01-02
SKU-00027,Muffin 4pk,BR-B,19.6,2026-01-02
SKU-00027,Muffin 4pk,BR-C,29.67,2026-01-02
SKU-00027,Muffin 4pk,BR-D,27.07,2026-01-02
SKU-00027,Muffin 4pk,BR-E,31.9,2026-01-02
SKU-00028,Baguette,BR-A,28.66,2026-01-02
SKU-00028,Baguette,BR-B,41.31,2026-01-02
SKU-00028,Baguette,BR-C,32.63,2026-01-02
SKU-00028,Baguette,BR-D,46.24,2026-01-02
SKU-00028,Baguette,BR-E,28.5,2026-01-02
SKU-00029,Donuts 6pk,BR-A,203.47,2026-01-02
SKU-00029,Donuts 6pk,BR-B,289.3,2026-01-02
SKU-00029,Donuts 6pk,BR-C,321.17,2026-01-02
SKU-00029,Donuts 6pk,BR-D,244.4,2026-01-02
SKU-00029,Donuts 6pk,BR-E,265.22,2026-01-02
SKU-00030,Cake Slice,BR-A,109.83,2026-01-02
SKU-00030,Cake Slice,BR-B,224.48,2026-01-02
SKU-00030,Cake Slice,BR-C,114.42,2026-01-02
SKU-00030,Cake Slice,BR-D,199.47,2026-01-02
SKU-00030,Cake Slice,BR-E,152.82,2026-01-02
SKU-00031,Cookies Pack,BR-A,179.03,2026-01-02
SKU-00031,Cookies Pack,BR-B,275.95,2026-01-02
SKU-00031,Cookies Pack,BR-C,207.89,2026-01-02
SKU-00031,Cookies Pack,BR-D,245.94,2026-01-02
SKU-00031,Cookies Pack,BR-E,138.5,2026-01-02
SKU-00032,كعكة شوكولاتة,BR-A,128.3,2026-01-02
SKU-00032,كعكة شوكولاتة,BR-B,141.95,2026-01-02
SKU-00032,كعكة شوكولاتة,BR-C,222.32,2026-01-02
SKU-00032,كعكة شوكولاتة,BR-D,151.58,2026-01-02
SKU-00032,كعكة شوكولاتة,BR-E,190.94,2026-01-02
SKU-00033,Apples 1kg,BR-A,198.6,2026-01-02
SKU-00033,Apples 1kg,BR-B,154.16,2026-01-02
SKU-00033,Apples 1kg,BR-C,77.54,2026-01-02
SKU-00033,Apples 1kg,BR-D,202.49,2026-01-02
SKU-00033,Apples 1kg,BR-E,110.61,2026-01-02
SKU-00034,Bananas 1kg,BR-A,285.48,2026-01-02
SKU-00034,Bananas 1kg,BR-B,256.83,2026-01-02
SKU-00034,Bananas 1kg,BR-C,240.23,2026-01-02
SKU-00034,Bananas 1kg,BR-D,156.47,2026-01-02
SKU-00034,Bananas 1kg,BR-E,288.33,2026-01-02
SKU-00035,Potatoes 2kg,BR-A,80.23,2026-01-02
SKU-00035,Potatoes 2kg,BR-B,111.23,2026-01-02
SKU-00035,Potatoes 2kg,BR-C,118.65,2026-01-02
SKU-00035,Potatoes 2kg,BR-D,112.28,2026-01-02
SKU-00035,Potatoes 2kg,BR-E,139.7,2026-01-02
SKU-00036,Onions 1kg,BR-A,85.98,2026-01-02
SKU-00036,Onions 1kg,BR-B,100.52,2026-01-02
SKU-00036,Onions 1kg,BR-C,174.45,2026-01-02
SKU-00036,Onions 1kg,BR-D,84.2,2026-01-02
SKU-00036,Onions 1kg,BR-E,203.8,2026-01-02
SKU-00037,Tomatoes 1kg,BR-A,261.23,2026-01-02
SKU-00037,Tomatoes 1kg,BR-B,298.3,2026-01-02
SKU-00037,Tomatoes 1kg,BR-C,181.37,2026-01-02
SKU-00037,Tomatoes 1kg,BR-D,316.15,2026-01-02
SKU-00037,Tomatoes 1kg,BR-E,127.32,2026-01-02
SKU-00038,Cucumbers 500g,BR-A,156.0,2026-01-02
SKU-00038,Cucumbers 500g,BR-B,117.02,2026-01-02
SKU-00038,Cucumbers 500g,BR-C,197.66,2026-01-02
SKU-00038,Cucumbers 500g,BR-D,187.7,2026-01-02
SKU-00038,Cucumbers 500g,BR-E,200.83,2026-01-02
SKU-00039,Lettuce Head,BR-A,254.91,2026-01-02
SKU-00039,Lettuce Head,BR-B,298.17,2026-01-02
SKU-00039,Lettuce Head,BR-C,161.0,2026-01-02
SKU-00039,Lettuce Head,BR-D,223.51,2026-01-02
SKU-00039,Lettuce Head,BR-E,251.31,2026-01-02
SKU-00040,Carrots 1kg,BR-A,224.72,2026-01-02
SKU-00040,Carrots 1kg,BR-B,96.56,2026-01-02
SKU-00040,Carrots 1kg,BR-C,128.08,2026-01-02
SKU-00040,Carrots 1kg,BR-D,138.67,2026-01-02
SKU-00040,Carrots 1kg,BR-E,140.25,2026-01-02
SKU-00041,Potato Chips 150g,BR-A,112.21,2026-01-02
SKU-00041,Potato Chips 150g,BR-B,178.79,2026-01-02
SKU-00041,Potato Chips 150g,BR-C,201.58,2026-01-02
SKU-00041,Potato Chips 150g,BR-D,153.89,2026-01-02
SKU-00041,Potato Chips 150g,BR-E,124.59,2026-01-02
SKU-00042,Ice Cream 500ml,BR-A,22.28,2026-01-02
SKU-00042,Ice Cream 500ml,BR-B,14.69,2026-01-02
SKU-00042,Ice Cream 500ml,BR-C,19.25,2026-01-02
SKU-00042,Ice Cream 500ml,BR-D,19.21,2026-01-02
SKU-00042,Ice Cream 500ml,BR-E,22.3,2026-01-02
SKU-00043,Frozen Peas 500g,BR-A,73.89,2026-01-02
SKU-00043,Frozen Peas 500g,BR-B,41.6,2026-01-02
SKU-00043,Frozen Peas 500g,BR-C,81.44,2026-01-02
SKU-00043,Frozen Peas 500g,BR-D,74.97,2026-01-02
SKU-00043,Frozen Peas 500g,BR-E,97.98,2026-01-02
SKU-00044,Frozen Pizza,BR-A,81.59,2026-01-02
SKU-00044,Frozen Pizza,BR-B,97.95,2026-01-02
SKU-00044,Frozen Pizza,BR-C,117.52,2026-01-02
SKU-00044,Frozen Pizza,BR-D,121.7,2026-01-02
SKU-00044,Frozen Pizza,BR-E,65.9,2026-01-02
SKU-00045,Chicken Fingers 500g,BR-A,30.72,2026-01-02
SKU-00045,Chicken Fingers 500g,BR-B,22.9,2026-01-02
SKU-00045,Chicken Fingers 500g,BR-C,28.49,2026-01-02
SKU-00045,Chicken Fingers 500g,BR-D,41.07,2026-01-02
SKU-00045,Chicken Fingers 500g,BR-E,23.9,2026-01-02
SKU-00046,Fish Fingers 500g,BR-A,43.78,2026-01-02
SKU-00046,Fish Fingers 500g,BR-B,72.14,2026-01-02
SKU-00046,Fish Fingers 500g,BR-C,69.33,2026-01-02
SKU-00046,Fish Fingers 500g,BR-D,76.68,2026-01-02
SKU-00046,Fish Fingers 500g,BR-E,67.55,2026-01-02
SKU-00047,Frozen Veg Mix 450g,BR-A,23.07,2026-01-02
SKU-00047,Frozen Veg Mix 450g,BR-B,36.86,2026-01-02
SKU-00047,Frozen Veg Mix 450g,BR-C,40.04,2026-01-02
SKU-00047,Frozen Veg Mix 450g,BR-D,48.73,2026-01-02
SKU-00047,Frozen Veg Mix 450g,BR-E,17.34,2026-01-02
SKU-00048,مجمدات متنوعة,BR-A,43.29,2026-01-02
SKU-00048,مجمدات متنوعة,BR-B,89.58,2026-01-02
SKU-00048,مجمدات متنوعة,BR-C,50.52,2026-01-02
SKU-00048,مجمدات متنوعة,BR-D,106.71,2026-01-02
SKU-00048,مجمدات متنوعة,BR-E,102.97,2026-01-02
SKU-00049,Detergent 1L,BR-A,257.83,2026-01-02
SKU-00049,Detergent 1L,BR-B,159.73,2026-01-02
SKU-00049,Detergent 1L,BR-C,146.28,2026-01-02
SKU-00049,Detergent 1L,BR-D,184.28,2026-01-02
SKU-00049,Detergent 1L,BR-E,197.21,2026-01-02
SKU-00050,Toilet Paper 6pk,BR-A,54.39,2026-01-02
SKU-00050,Toilet Paper 6pk,BR-B,73.17,2026-01-02
SKU-00050,Toilet Paper 6pk,BR-C,81.13,2026-01-02
SKU-00050,Toilet Paper 6pk,BR-D,131.44,2026-01-02
SKU-00050,Toilet Paper 6pk,BR-E,83.72,2026-01-02
SKU-00051,Hand Soap,BR-A,104.89,2026-01-02
SKU-00051,Hand Soap,BR-B,86.55,2026-01-02
SKU-00051,Hand Soap,BR-C,54.66,2026-01-02
SKU-00051,Hand Soap,BR-D,122.87,2026-01-02
SKU-00051,Hand Soap,BR-E,88.3,2026-01-02
SKU-00052,Shampoo 400ml,BR-A,75.35,2026-01-02
SKU-00052,Shampoo 400ml,BR-B,68.89,2026-01-02
SKU-00052,Shampoo 400ml,BR-C,33.87,2026-01-02
SKU-00052,Shampoo 400ml,BR-D,42.61,2026-01-02
SKU-00052,Shampoo 400ml,BR-E,51.85,2026-01-02
SKU-00053,Toothpaste 100ml,BR-A,65.06,2026-01-02
SKU-00053,Toothpaste 100ml,BR-B,89.89,2026-01-02
SKU-00053,Toothpaste 100ml,BR-C,107.98,2026-01-02
SKU-00053,Toothpaste 100ml,BR-D,99.15,2026-01-02
SKU-00053,Toothpaste 100ml,BR-E,87.9,2026-01-02
SKU-00054,Cleaning Spray,BR-A,248.75,2026-01-02
SKU-00054,Cleaning Spray,BR-B,284.28,2026-01-02
SKU-00054,Cleaning Spray,BR-C,348.88,2026-01-02
SKU-00054,Cleaning Spray,BR-D,262.28,2026-01-02
SKU-00054,Cleaning Spray,BR-E,213.05,2026-01-02
SKU-00055,Garbage Bags 30pk,BR-A,225.9,2026-01-02
SKU-00055,Garbage Bags 30pk,BR-B,162.69,2026-01-02
SKU-00055,Garbage Bags 30pk,BR-C,218.83,2026-01-02
SKU-00055,Garbage Bags 30pk,BR-D,234.63,2026-01-02
SKU-00055,Garbage Bags 30pk,BR-E,143.11,2026-01-02
SKU-00056,Chips 150g,BR-A,203.34,2026-01-02
SKU-00056,Chips 150g,BR-B,137.44,2026-01-02
SKU-00056,Chips 150g,BR-C,172.91,2026-01-02
SKU-00056,Chips 150g,BR-D,120.18,2026-01-02
SKU-00056,Chips 150g,BR-E,196.98,2026-01-02
SKU-00057,Chocolate Bar,BR-A,66.79,2026-01-02
SKU-00057,Chocolate Bar,BR-B,71.21,2026-01-02
SKU-00057,Chocolate Bar,BR-C,44.53,2026-01-02
SKU-00057,Chocolate Bar,BR-D,75.28,2026-01-02
SKU-00057,Chocolate Bar,BR-E,40.88,2026-01-02
SKU-00058,Biscuits Pack,BR-A,109.01,2026-01-02
SKU-00058,Biscuits Pack,BR-B,291.27,2026-01-02
SKU-00058,Biscuits Pack,BR-C,222.93,2026-01-02
SKU-00058,Biscuits Pack,BR-D,264.24,2026-01-02
SKU-00058,Biscuits Pack,BR-E,212.3,2026-01-02
SKU-00059,Gum Pack,BR-A,44.52,2026-01-02
SKU-00059,Gum Pack,BR-B,54.38,2026-01-02
SKU-00059,Gum Pack,BR-C,67.3,2026-01-02
SKU-00059,Gum Pack,BR-D,61.88,2026-01-02
SKU-00059,Gum Pack,BR-E,59.66,2026-01-02
SKU-00060,Nuts Mix 200g,BR-A,87.6,2026-01-02
SKU-00060,Nuts Mix 200g,BR-B,58.55,2026-01-02
SKU-00060,Nuts Mix 200g,BR-C,97.8,2026-01-02
SKU-00060,Nuts Mix 200g,BR-D,106.35,2026-01-02
SKU-00060,Nuts Mix 200g,BR-E,79.71,2026-01-02
SKU-00061,Popcorn 100g,BR-A,254.92,2026-01-02
SKU-00061,Popcorn 100g,BR-B,383.32,2026-01-02
SKU-00061,Popcorn 100g,BR-C,194.23,2026-01-02
SKU-00061,Popcorn 100g,BR-D,216.42,2026-01-02
SKU-00061,Popcorn 100g,BR-E,167.49,2026-01-02
SKU-00062,Pretzels 200g,BR-A,223.31,2026-01-02
SKU-00062,Pretzels 200g,BR-B,222.1,2026-01-02
SKU-00062,Pretzels 200g,BR-C,244.98,2026-01-02
SKU-00062,Pretzels 200g,BR-D,165.74,2026-01-02
SKU-00062,Pretzels 200g,BR-E,95.07,2026-01-02
SKU-00063,Candy Assorted,BR-A,150.8,2026-01-02
SKU-00063,Candy Assorted,BR-B,153.37,2026-01-02
SKU-00063,Candy Assorted,BR-C,107.61,2026-01-02
SKU-00063,Candy Assorted,BR-D,215.92,2026-01-02
SKU-00063,Candy Assorted,BR-E,187.69,2026-01-02
SKU-00064,Chicken Breast 1kg,BR-A,191.23,2026-01-02
SKU-00064,Chicken Breast 1kg,BR-B,236.58,2026-01-02
SKU-00064,Chicken Breast 1kg,BR-C,122.75,2026-01-02
SKU-00064,Chicken Breast 1kg,BR-D,253.92,2026-01-02
SKU-00064,Chicken Breast 1kg,BR-E,244.98,2026-01-02
SKU-00065,Beef Mince 500g,BR-A,325.15,2026-01-02
SKU-00065,Beef Mince 500g,BR-B,267.61,2026-01-02
SKU-00065,Beef Mince 500g,BR-C,147.81,2026-01-02
SKU-00065,Beef Mince 500g,BR-D,278.14,2026-01-02
SKU-00065,Beef Mince 500g,BR-E,219.74,2026-01-02
SKU-00066,Lamb Chops 500g,BR-A,254.42,2026-01-02
SKU-00066,Lamb Chops 500g,BR-B,215.55,2026-01-02
SKU-00066,Lamb Chops 500g,BR-C,110.25,2026-01-02
SKU-00066,Lamb Chops 500g,BR-D,298.85,2026-01-02
SKU-00066,Lamb Chops 500g,BR-E,249.01,2026-01-02
SKU-00067,Sausages 400g,BR-A,73.19,2026-01-02
SKU-00067,Sausages 400g,BR-B,40.42,2026-01-02
SKU-00067,Sausages 400g,BR-C,64.95,2026-01-02
SKU-00067,Sausages 400g,BR-D,37.77,2026-01-02
SKU-00067,Sausages 400g,BR-E,68.42,2026-01-02
SKU-00068,Bacon 200g,BR-A,17.59,2026-01-02
SKU-00068,Bacon 200g,BR-B,12.5,2026-01-02
SKU-00068,Bacon 200g,BR-C,16.39,2026-01-02
SKU-00068,Bacon 200g,BR-D,12.5,2026-01-02
SKU-00068,Bacon 200g,BR-E,21.02,2026-01-02
SKU-00069,Fish Fillet 500g,BR-A,74.29,2026-01-02
SKU-00069,Fish Fillet 500g,BR-B,63.2,2026-01-02
SKU-00069,Fish Fillet 500g,BR-C,70.47,2026-01-02
SKU-00069,Fish Fillet 500g,BR-D,74.14,2026-01-02
SKU-00069,Fish Fillet 500g,BR-E,84.68,2026-01-02
SKU-00070,دجاج كامل,BR-A,48.79,2026-01-02
SKU-00070,دجاج كامل,BR-B,51.14,2026-01-02
SKU-00070,دجاج كامل,BR-C,60.39,2026-01-02
SKU-00070,دجاج كامل,BR-D,41.17,2026-01-02
SKU-00070,دجاج كامل,BR-E,86.36,2026-01-02
SKU-00071,Rice 5kg,BR-A,63.08,2026-01-02
SKU-00071,Rice 5kg,BR-B,44.65,2026-01-02
SKU-00071,Rice 5kg,BR-C,53.26,2026-01-02
SKU-00071,Rice 5kg,BR-D,51.36,2026-01-02
SKU-00071,Rice 5kg,BR-E,40.75,2026-01-02
SKU-00072,Sugar 1kg,BR-A,305.2,2026-01-02
SKU-00072,Sugar 1kg,BR-B,201.79,2026-01-02
SKU-00072,Sugar 1kg,BR-C,192.35,2026-01-02
SKU-00072,Sugar 1kg,BR-D,149.73,2026-01-02
SKU-00072,Sugar 1kg,BR-E,282.83,2026-01-02
SKU-00073,Pasta 500g,BR-A,200.59,2026-01-02
SKU-00073,Pasta 500g,BR-B,224.58,2026-01-02
SKU-00073,Pasta 500g,BR-C,152.87,2026-01-02
SKU-00073,Pasta 500g,BR-D,230.77,2026-01-02
SKU-00073,Pasta 500g,BR-E,277.6,2026-01-02
SKU-00074,Flour 2kg,BR-A,55.62,2026-01-02
SKU-00074,Flour 2kg,BR-B,51.12,2026-01-02
SKU-00074,Flour 2kg,BR-C,83.29,2026-01-02
SKU-00074,Flour 2kg,BR-D,61.93,2026-01-02
SKU-00074,Flour 2kg,BR-E,97.94,2026-01-02
SKU-00075,Cooking Oil 1L,BR-A,195.29,2026-01-02
SKU-00075,Cooking Oil 1L,BR-B,237.32,2026-01-02
SKU-00075,Cooking Oil 1L,BR-C,213.7,2026-01-02
SKU-00075,Cooking Oil 1L,BR-D,199.36,2026-01-02
SKU-00075,Cooking Oil 1L,BR-E,146.9,2026-01-02
SKU-00076,Canned Beans 400g,BR-A,144.72,2026-01-02
SKU-00076,Canned Beans 400g,BR-B,133.56,2026-01-02
SKU-00076,Canned Beans 400g,BR-C,129.07,2026-01-02
SKU-00076,Canned Beans 400g,BR-D,114.41,2026-01-02
SKU-00076,Canned Beans 400g,BR-E,161.39,2026-01-02
SKU-00077,Canned Tuna 185g,BR-A,308.4,2026-01-02
SKU-00077,Canned Tuna 185g,BR-B,239.28,2026-01-02
SKU-00077,Canned Tuna 185g,BR-C,159.72,2026-01-02
SKU-00077,Canned Tuna 185g,BR-D,322.0,2026-01-02
SKU-00077,Canned Tuna 185g,BR-E,347.46,2026-01-02
SKU-00078,Salt 1kg,BR-A,123.68,2026-01-02
SKU-00078,Salt 1kg,BR-B,122.12,2026-01-02
SKU-00078,Salt 1kg,BR-C,150.24,2026-01-02
SKU-00078,Salt 1kg,BR-D,153.4,2026-01-02
SKU-00078,Salt 1kg,BR-E,123.32,2026-01-02
SKU-00079,Soy Sauce 250ml,BR-A,56.77,2026-01-02
SKU-00079,Soy Sauce 250ml,BR-B,56.19,2026-01-02
SKU-00079,Soy Sauce 250ml,BR-C,103.16,2026-01-02
SKU-00079,Soy Sauce 250ml,BR-D,85.16,2026-01-02
SKU-00079,Soy Sauce 250ml,BR-E,106.98,2026-01-02
SKU-00080,زيت زيتون 1 لتر,BR-A,64.24,2026-01-02
SKU-00080,زيت زيتون 1 لتر,BR-B,85.46,2026-01-02
SKU-00080,زيت زيتون 1 لتر,BR-C,83.09,2026-01-02
SKU-00080,زيت زيتون 1 لتر,BR-D,91.62,2026-01-02
SKU-00080,زيت زيتون 1 لتر,BR-E,98.08,2026-01-02
SKU-00081,Item-00081,BR-A,110.23,2026-01-02
SKU-00081,Item-00081,BR-B,63.21,2026-01-02
SKU-00081,Item-00081,BR-C,112.68,2026-01-02
SKU-00081,Item-00081,BR-D,98.91,2026-01-02
SKU-00081,Item-00081,BR-E,111.12,2026-01-02
SKU-00082,Item-00082,BR-A,104.01,2026-01-02
SKU-00082,Item-00082,BR-B,191.57,2026-01-02
SKU-00082,Item-00082,BR-C,167.6,2026-01-02
SKU-00082,Item-00082,BR-D,97.64,2026-01-02
SKU-00082,Item-00082,BR-E,94.05,2026-01-02
SKU-00083,Item-00083,BR-A,237.98,2026-01-02
SKU-00083,Item-00083,BR-B,234.33,2026-01-02
SKU-00083,Item-00083,BR-C,151.69,2026-01-02
SKU-00083,Item-00083,BR-D,208.48,2026-01-02
SKU-00083,Item-00083,BR-E,233.57,2026-01-02
SKU-00084,Item-00084,BR-A,78.26,2026-01-02
SKU-00084,Item-00084,BR-B,68.62,2026-01-02
SKU-00084,Item-00084,BR-C,69.55,2026-01-02
SKU-00084,Item-00084,BR-D,84.7,2026-01-02
SKU-00084,Item-00084,BR-E,79.37,2026-01-02
SKU-00085,Item-00085,BR-A,153.16,2026-01-02
SKU-00085,Item-00085,BR-B,93.4,2026-01-02
SKU-00085,Item-00085,BR-C,89.03,2026-01-02
SKU-00085,Item-00085,BR-D,136.96,2026-01-02
SKU-00085,Item-00085,BR-E,114.38,2026-01-02
SKU-00086,Item-00086,BR-A,196.21,2026-01-02
SKU-00086,Item-00086,BR-B,144.45,2026-01-02
SKU-00086,Item-00086,BR-C,196.65,2026-01-02
SKU-00086,Item-00086,BR-D,160.64,2026-01-02
SKU-00086,Item-00086,BR-E,114.9,2026-01-02
SKU-00087,Item-00087,BR-A,39.82,2026-01-02
SKU-00087,Item-00087,BR-B,20.43,2026-01-02
SKU-00087,Item-00087,BR-C,48.71,2026-01-02
SKU-00087,Item-00087,BR-D,36.88,2026-01-02
SKU-00087,Item-00087,BR-E,33.98,2026-01-02
SKU-00088,Item-00088,BR-A,175.5,2026-01-02
SKU-00088,Item-00088,BR-B,155.43,2026-01-02
SKU-00088,Item-00088,BR-C,169.74,2026-01-02
SKU-00088,Item-00088,BR-D,211.17,2026-01-02
SKU-00088,Item-00088,BR-E,110.93,2026-01-02
SKU-00089,Item-00089,BR-A,176.2,2026-01-02
SKU-00089,Item-00089,BR-B,71.7,2026-01-02
SKU-00089,Item-00089,BR-C,76.31,2026-01-02
SKU-00089,Item-00089,BR-D,159.48,2026-01-02
SKU-00089,Item-00089,BR-E,154.44,2026-01-02
SKU-00090,Item-00090,BR-A,70.48,2026-01-02
SKU-00090,Item-00090,BR-B,79.35,2026-01-02
SKU-00090,Item-00090,BR-C,92.09,2026-01-02
SKU-00090,Item-00090,BR-D,48.33,2026-01-02
SKU-00090,Item-00090,BR-E,104.14,2026-01-02
SKU-00091,Item-00091,BR-A,149.76,2026-01-02
SKU-00091,Item-00091,BR-B,151.44,2026-01-02
SKU-00091,Item-00091,BR-C,123.38,2026-01-02
SKU-00091,Item-00091,BR-D,56.58,2026-01-02
SKU-00091,Item-00091,BR-E,71.97,2026-01-02
SKU-00092,Item-00092,BR-A,115.77,2026-01-02
SKU-00092,Item-00092,BR-B,180.09,2026-01-02
SKU-00092,Item-00092,BR-C,156.3,2026-01-02
SKU-00092,Item-00092,BR-D,187.94,2026-01-02
SKU-00092,Item-00092,BR-E,123.59,2026-01-02
SKU-00093,Item-00093,BR-A,163.36,2026-01-02
SKU-00093,Item-00093,BR-B,114.49,2026-01-02
SKU-00093,Item-00093,BR-C,148.46,2026-01-02
SKU-00093,Item-00093,BR-D,194.38,2026-01-02
SKU-00093,Item-00093,BR-E,112.88,2026-01-02
SKU-00094,Item-00094,BR-A,198.8,2026-01-02
SKU-00094,Item-00094,BR-B,130.56,2026-01-02
SKU-00094,Item-00094,BR-C,204.06,2026-01-02
SKU-00094,Item-00094,BR-D,118.43,2026-01-02
SKU-00094,Item-00094,BR-E,84.22,2026-01-02
SKU-00095,Item-00095,BR-A,80.58,2026-01-02
SKU-00095,Item-00095,BR-B,224.8,2026-01-02
SKU-00095,Item-00095,BR-C,138.97,2026-01-02
SKU-00095,Item-00095,BR-D,98.18,2026-01-02
SKU-00095,Item-00095,BR-E,122.75,2026-01-02
SKU-00096,Item-00096,BR-A,22.89,2026-01-02
SKU-00096,Item-00096,BR-B,27.42,2026-01-02
SKU-00096,Item-00096,BR-C,14.92,2026-01-02
SKU-00096,Item-00096,BR-D,31.32,2026-01-02
SKU-00096,Item-00096,BR-E,34.28,2026-01-02
SKU-00097,Item-00097,BR-A,30.58,2026-01-02
SKU-00097,Item-00097,BR-B,47.67,2026-01-02
SKU-00097,Item-00097,BR-C,47.83,2026-01-02
SKU-00097,Item-00097,BR-D,26.35,2026-01-02
SKU-00097,Item-00097,BR-E,42.26,2026-01-02
SKU-00098,Item-00098,BR-A,173.64,2026-01-02
SKU-00098,Item-00098,BR-B,159.46,2026-01-02
SKU-00098,Item-00098,BR-C,171.5,2026-01-02
SKU-00098,Item-00098,BR-D,171.27,2026-01-02
SKU-00098,Item-00098,BR-E,201.72,2026-01-02
SKU-00099,Item-00099,BR-A,227.78,2026-01-02
SKU-00099,Item-00099,BR-B,192.2,2026-01-02
SKU-00099,Item-00099,BR-C,137.83,2026-01-02
SKU-00099,Item-00099,BR-D,175.08,2026-01-02
SKU-00099,Item-00099,BR-E,277.48,2026-01-02
SKU-00100,Item-00100,BR-A,139.06,2026-01-02
SKU-00100,Item-00100,BR-B,69.88,2026-01-02
SKU-00100,Item-00100,BR-C,154.94,2026-01-02
SKU-00100,Item-00100,BR-D,121.92,2026-01-02
SKU-00100,Item-00100,BR-E,67.87,2026-01-02
SKU-00101,Item-00101,BR-A,103.92,2026-01-02
SKU-00101,Item-00101,BR-B,94.38,2026-01-02
SKU-00101,Item-00101,BR-C,214.54,2026-01-02
SKU-00101,Item-00101,BR-D,174.59,2026-01-02
SKU-00101,Item-00101,BR-E,166.08,2026-01-02
SKU-00102,Item-00102,BR-A,251.79,2026-01-02
SKU-00102,Item-00102,BR-B,102.63,2026-01-02
SKU-00102,Item-00102,BR-C,194.47,2026-01-02
SKU-00102,Item-00102,BR-D,157.19,2026-01-02
SKU-00102,Item-00102,BR-E,163.8,2026-01-02
SKU-00103,Item-00103,BR-A,159.62,2026-01-02
SKU-00103,Item-00103,BR-B,137.43,2026-01-02
SKU-00103,Item-00103,BR-C,115.94,2026-01-02
SKU-00103,Item-00103,BR-D,86.37,2026-01-02
SKU-00103,Item-00103,BR-E,126.01,2026-01-02
SKU-00104,Item-00104,BR-A,82.22,2026-01-02
SKU-00104,Item-00104,BR-B,74.53,2026-01-02
SKU-00104,Item-00104,BR-C,67.39,2026-01-02
SKU-00104,Item-00104,BR-D,54.61,2026-01-02
SKU-00104,Item-00104,BR-E,86.18,2026-01-02
SKU-00105,Item-00105,BR-A,119.44,2026-01-02
SKU-00105,Item-00105,BR-B,148.21,2026-01-02
SKU-00105,Item-00105,BR-C,82.94,2026-01-02
SKU-00105,Item-00105,BR-D,111.29,2026-01-02
SKU-00105,Item-00105,BR-E,101.57,2026-01-02
SKU-00106,Item-00106,BR-A,194.58,2026-01-02
SKU-00106,Item-00106,BR-B,162.43,2026-01-02
SKU-00106,Item-00106,BR-C,272.1,2026-01-02
SKU-00106,Item-00106,BR-D,198.53,2026-01-02
SKU-00106,Item-00106,BR-E,223.06,2026-01-02
SKU-00107,Item-00107,BR-A,63.36,2026-01-02
SKU-00107,Item-00107,BR-B,99.18,2026-01-02
SKU-00107,Item-00107,BR-C,119.5,2026-01-02
SKU-00107,Item-00107,BR-D,66.18,2026-01-02
SKU-00107,Item-00107,BR-E,123.47,2026-01-02
SKU-00108,Item-00108,BR-A,276.22,2026-01-02
SKU-00108,Item-00108,BR-B,276.24,2026-01-02
SKU-00108,Item-00108,BR-C,239.07,2026-01-02
SKU-00108,Item-00108,BR-D,182.1,2026-01-02
SKU-00108,Item-00108,BR-E,111.92,2026-01-02
SKU-00109,Item-00109,BR-A,70.93,2026-01-02
SKU-00109,Item-00109,BR-B,31.13,2026-01-02
SKU-00109,Item-00109,BR-C,50.2,2026-01-02
SKU-00109,Item-00109,BR-D,63.57,2026-01-02
SKU-00109,Item-00109,BR-E,74.43,2026-01-02
SKU-00110,Item-00110,BR-A,105.88,2026-01-02
SKU-00110,Item-00110,BR-B,201.29,2026-01-02
SKU-00110,Item-00110,BR-C,229.53,2026-01-02
SKU-00110,Item-00110,BR-D,146.14,2026-01-02
SKU-00110,Item-00110,BR-E,101.53,2026-01-02
SKU-00111,Item-00111,BR-A,17.89,2026-01-02
SKU-00111,Item-00111,BR-B,26.71,2026-01-02
SKU-00111,Item-00111,BR-C,20.43,2026-01-02
SKU-00111,Item-00111,BR-D,21.32,2026-01-02
SKU-00111,Item-00111,BR-E,20.44,2026-01-02
SKU-00112,Item-00112,BR-A,203.44,2026-01-02
SKU-00112,Item-00112,BR-B,153.42,2026-01-02
SKU-00112,Item-00112,BR-C,239.7,2026-01-02
SKU-00112,Item-00112,BR-D,213.74,2026-01-02
SKU-00112,Item-00112,BR-E,132.34,2026-01-02
SKU-00113,Item-00113,BR-A,86.23,2026-01-02
SKU-00113,Item-00113,BR-B,219.61,2026-01-02
SKU-00113,Item-00113,BR-C,193.54,2026-01-02
SKU-00113,Item-00113,BR-D,190.17,2026-01-02
SKU-00113,Item-00113,BR-E,165.63,2026-01-02
SKU-00114,Item-00114,BR-A,77.98,2026-01-02
SKU-00114,Item-00114,BR-B,131.51,2026-01-02
SKU-00114,Item-00114,BR-C,91.98,2026-01-02
SKU-00114,Item-00114,BR-D,76.71,2026-01-02
SKU-00114,Item-00114,BR-E,198.75,2026-01-02
SKU-00115,Item-00115,BR-A,47.82,2026-01-02
SKU-00115,Item-00115,BR-B,41.27,2026-01-02
SKU-00115,Item-00115,BR-C,29.29,2026-01-02
SKU-00115,Item-00115,BR-D,22.04,2026-01-02
SKU-00115,Item-00115,BR-E,37.05,2026-01-02
SKU-00116,Item-00116,BR-A,237.06,2026-01-02
SKU-00116,Item-00116,BR-B,139.23,2026-01-02
SKU-00116,Item-00116,BR-C,114.45,2026-01-02
SKU-00116,Item-00116,BR-D,139.76,2026-01-02
SKU-00116,Item-00116,BR-E,238.16,2026-01-02
SKU-00117,Item-00117,BR-A,104.03,2026-01-02
SKU-00117,Item-00117,BR-B,122.36,2026-01-02
SKU-00117,Item-00117,BR-C,134.23,2026-01-02
SKU-00117,Item-00117,BR-D,212.75,2026-01-02
SKU-00117,Item-00117,BR-E,129.81,2026-01-02
SKU-00118,Item-00118,BR-A,145.99,2026-01-02
SKU-00118,Item-00118,BR-B,199.52,2026-01-02
SKU-00118,Item-00118,BR-C,118.52,2026-01-02
SKU-00118,Item-00118,BR-D,183.65,2026-01-02
SKU-00118,Item-00118,BR-E,151.66,2026-01-02
SKU-00119,Item-00119,BR-A,187.48,2026-01-02
SKU-00119,Item-00119,BR-B,196.26,2026-01-02
SKU-00119,Item-00119,BR-C,123.51,2026-01-02
SKU-00119,Item-00119,BR-D,87.29,2026-01-02
SKU-00119,Item-00119,BR-E,95.79,2026-01-02
SKU-00120,Item-00120,BR-A,285.78,2026-01-02
SKU-00120,Item-00120,BR-B,134.43,2026-01-02
SKU-00120,Item-00120,BR-C,200.77,2026-01-02
SKU-00120,Item-00120,BR-D,297.36,2026-01-02
SKU-00120,Item-00120,BR-E,254.03,2026-01-02
SKU-00121,Item-00121,BR-A,68.03,2026-01-02
SKU-00121,Item-00121,BR-B,85.75,2026-01-02
SKU-00121,Item-00121,BR-C,103.04,2026-01-02
SKU-00121,Item-00121,BR-D,65.66,2026-01-02
SKU-00121,Item-00121,BR-E,111.52,2026-01-02
SKU-00122,Item-00122,BR-A,79.71,2026-01-02
SKU-00122,Item-00122,BR-B,106.52,2026-01-02
SKU-00122,Item-00122,BR-C,116.74,2026-01-02
SKU-00122,Item-00122,BR-D,59.05,2026-01-02
SKU-00122,Item-00122,BR-E,63.7,2026-01-02
SKU-00123,Item-00123,BR-A,43.86,2026-01-02
SKU-00123,Item-00123,BR-B,39.3,2026-01-02
SKU-00123,Item-00123,BR-C,60.12,2026-01-02
SKU-00123,Item-00123,BR-D,60.41,2026-01-02
SKU-00123,Item-00123,BR-E,50.12,2026-01-02
SKU-00124,Item-00124,BR-A,7.28,2026-01-02
SKU-00124,Item-00124,BR-B,9.87,2026-01-02
SKU-00124,Item-00124,BR-C,8.03,2026-01-02
SKU-00124,Item-00124,BR-D,5.42,2026-01-02
SKU-00124,Item-00124,BR-E,11.17,2026-01-02
SKU-00125,Item-00125,BR-A,26.33,2026-01-02
SKU-00125,Item-00125,BR-B,70.12,2026-01-02
SKU-00125,Item-00125,BR-C,47.23,2026-01-02
SKU-00125,Item-00125,BR-D,58.22,2026-01-02
SKU-00125,Item-00125,BR-E,71.77,2026-01-02
SKU-00126,Item-00126,BR-A,6.51,2026-01-02
SKU-00126,Item-00126,BR-B,3.09,2026-01-02
SKU-00126,Item-00126,BR-C,7.76,2026-01-02
SKU-00126,Item-00126,BR-D,6.27,2026-01-02
SKU-00126,Item-00126,BR-E,7.97,2026-01-02
SKU-00127,Item-00127,BR-A,46.29,2026-01-02
SKU-00127,Item-00127,BR-B,69.49,2026-01-02
SKU-00127,Item-00127,BR-C,66.64,2026-01-02
SKU-00127,Item-00127,BR-D,41.67,2026-01-02
SKU-00127,Item-00127,BR-E,38.43,2026-01-02
SKU-00128,Item-00128,BR-A,107.11,2026-01-02
SKU-00128,Item-00128,BR-B,200.65,2026-01-02
SKU-00128,Item-00128,BR-C,156.38,2026-01-02
SKU-00128,Item-00128,BR-D,220.64,2026-01-02
SKU-00128,Item-00128,BR-E,216.59,2026-01-02
SKU-00129,Item-00129,BR-A,130.05,2026-01-02
SKU-00129,Item-00129,BR-B,115.18,2026-01-02
SKU-00129,Item-00129,BR-C,74.94,2026-01-02
SKU-00129,Item-00129,BR-D,89.5,2026-01-02
SKU-00129,Item-00129,BR-E,125.55,2026-01-02
SKU-00130,Item-00130,BR-A,94.6,2026-01-02
SKU-00130,Item-00130,BR-B,143.03,2026-01-02
SKU-00130,Item-00130,BR-C,159.51,2026-01-02
SKU-00130,Item-00130,BR-D,180.44,2026-01-02
SKU-00130,Item-00130,BR-E,72.49,2026-01-02
SKU-00131,Item-00131,BR-A,68.06,2026-01-02
SKU-00131,Item-00131,BR-B,68.73,2026-01-02
SKU-00131,Item-00131,BR-C,105.32,2026-01-02
SKU-00131,Item-00131,BR-D,81.09,2026-01-02
SKU-00131,Item-00131,BR-E,87.92,2026-01-02
SKU-00132,Item-00132,BR-A,36.8,2026-01-02
SKU-00132,Item-00132,BR-B,28.28,2026-01-02
SKU-00132,Item-00132,BR-C,31.72,2026-01-02
SKU-00132,Item-00132,BR-D,74.31,2026-01-02
SKU-00132,Item-00132,BR-E,60.12,2026-01-02
SKU-00133,Item-00133,BR-A,217.37,2026-01-02
SKU-00133,Item-00133,BR-B,235.57,2026-01-02
SKU-00133,Item-00133,BR-C,186.14,2026-01-02
SKU-00133,Item-00133,BR-D,197.21,2026-01-02
SKU-00133,Item-00133,BR-E,104.17,2026-01-02
SKU-00134,Item-00134,BR-A,30.65,2026-01-02
SKU-00134,Item-00134,BR-B,14.68,2026-01-02
SKU-00134,Item-00134,BR-C,26.25,2026-01-02
SKU-00134,Item-00134,BR-D,31.6,2026-01-02
SKU-00134,Item-00134,BR-E,24.27,2026-01-02
SKU-00135,Item-00135,BR-A,107.85,2026-01-02
SKU-00135,Item-00135,BR-B,102.75,2026-01-02
SKU-00135,Item-00135,BR-C,88.4,2026-01-02
SKU-00135,Item-00135,BR-D,56.72,2026-01-02
SKU-00135,Item-00135,BR-E,72.02,2026-01-02
SKU-00136,Item-00136,BR-A,137.45,2026-01-02
SKU-00136,Item-00136,BR-B,109.73,2026-01-02
SKU-00136,Item-00136,BR-C,136.19,2026-01-02
SKU-00136,Item-00136,BR-D,75.95,2026-01-02
SKU-00136,Item-00136,BR-E,89.99,2026-01-02
SKU-00137,Item-00137,BR-A,191.19,2026-01-02
SKU-00137,Item-00137,BR-B,173.49,2026-01-02
SKU-00137,Item-00137,BR-C,114.28,2026-01-02
SKU-00137,Item-00137,BR-D,92.88,2026-01-02
SKU-00137,Item-00137,BR-E,81.21,2026-01-02
SKU-00138,Item-00138,BR-A,20.35,2026-01-02
SKU-00138,Item-00138,BR-B,14.25,2026-01-02
SKU-00138,Item-00138,BR-C,13.48,2026-01-02
SKU-00138,Item-00138,BR-D,9.26,2026-01-02
SKU-00138,Item-00138,BR-E,23.11,2026-01-02
SKU-00139,Item-00139,BR-A,126.02,2026-01-02
SKU-00139,Item-00139,BR-B,153.62,2026-01-02
SKU-00139,Item-00139,BR-C,161.65,2026-01-02
SKU-00139,Item-00139,BR-D,230.19,2026-01-02
SKU-00139,Item-00139,BR-E,180.25,2026-01-02
SKU-00140,Item-00140,BR-A,36.91,2026-01-02
SKU-00140,Item-00140,BR-B,53.05,2026-01-02
SKU-00140,Item-00140,BR-C,35.13,2026-01-02
SKU-00140,Item-00140,BR-D,67.29,2026-01-02
SKU-00140,Item-00140,BR-E,38.96,2026-01-02
SKU-00141,Item-00141,BR-A,125.67,2026-01-02
SKU-00141,Item-00141,BR-B,154.31,2026-01-02
SKU-00141,Item-00141,BR-C,133.34,2026-01-02
SKU-00141,Item-00141,BR-D,68.24,2026-01-02
SKU-00141,Item-00141,BR-E,65.01,2026-01-02
SKU-00142,Item-00142,BR-A,93.78,2026-01-02
SKU-00142,Item-00142,BR-B,66.68,2026-01-02
SKU-00142,Item-00142,BR-C,83.18,2026-01-02
SKU-00142,Item-00142,BR-D,121.26,2026-01-02
SKU-00142,Item-00142,BR-E,58.08,2026-01-02
SKU-00143,Item-00143,BR-A,108.8,2026-01-02
SKU-00143,Item-00143,BR-B,135.81,2026-01-02
SKU-00143,Item-00143,BR-C,111.04,2026-01-02
SKU-00143,Item-00143,BR-D,74.29,2026-01-02
SKU-00143,Item-00143,BR-E,114.32,2026-01-02
SKU-00144,Item-00144,BR-A,127.76,2026-01-02
SKU-00144,Item-00144,BR-B,98.54,2026-01-02
SKU-00144,Item-00144,BR-C,93.3,2026-01-02
SKU-00144,Item-00144,BR-D,130.88,2026-01-02
SKU-00144,Item-00144,BR-E,91.11,2026-01-02
SKU-00145,Item-00145,BR-A,22.04,2026-01-02
SKU-00145,Item-00145,BR-B,31.27,2026-01-02
SKU-00145,Item-00145,BR-C,29.84,2026-01-02
SKU-00145,Item-00145,BR-D,29.95,2026-01-02
SKU-00145,Item-00145,BR-E,24.4,2026-01-02
SKU-00146,Item-00146,BR-A,88.67,2026-01-02
SKU-00146,Item-00146,BR-B,244.3,2026-01-02
SKU-00146,Item-00146,BR-C,222.01,2026-01-02
SKU-00146,Item-00146,BR-D,167.03,2026-01-02
SKU-00146,Item-00146,BR-E,180.97,2026-01-02
SKU-00147,Item-00147,BR-A,266.65,2026-01-02
SKU-00147,Item-00147,BR-B,162.39,2026-01-02
SKU-00147,Item-00147,BR-C,220.82,2026-01-02
SKU-00147,Item-00147,BR-D,169.94,2026-01-02
SKU-00147,Item-00147,BR-E,211.86,2026-01-02
SKU-00148,Item-00148,BR-A,53.33,2026-01-02
SKU-00148,Item-00148,BR-B,22.41,2026-01-02
SKU-00148,Item-00148,BR-C,38.22,2026-01-02
SKU-00148,Item-00148,BR-D,53.41,2026-01-02
SKU-00148,Item-00148,BR-E,22.05,2026-01-02
SKU-00149,Item-00149,BR-A,95.76,2026-01-02
SKU-00149,Item-00149,BR-B,125.2,2026-01-02
SKU-00149,Item-00149,BR-C,113.81,2026-01-02
SKU-00149,Item-00149,BR-D,68.6,2026-01-02
SKU-00149,Item-00149,BR-E,55.43,2026-01-02
SKU-00150,Item-00150,BR-A,162.76,2026-01-02
SKU-00150,Item-00150,BR-B,128.68,2026-01-02
SKU-00150,Item-00150,BR-C,217.75,2026-01-02
SKU-00150,Item-00150,BR-D,253.13,2026-01-02
SKU-00150,Item-00150,BR-E,206.24,2026-01-02
SKU-00151,Item-00151,BR-A,68.51,2026-01-02
SKU-00151,Item-00151,BR-B,47.57,2026-01-02
SKU-00151,Item-00151,BR-C,89.38,2026-01-02
SKU-00151,Item-00151,BR-D,97.2,2026-01-02
SKU-00151,Item-00151,BR-E,51.77,2026-01-02
SKU-00152,Item-00152,BR-A,39.94,2026-01-02
SKU-00152,Item-00152,BR-B,68.7,2026-01-02
SKU-00152,Item-00152,BR-C,61.77,2026-01-02
SKU-00152,Item-00152,BR-D,56.11,2026-01-02
SKU-00152,Item-00152,BR-E,32.84,2026-01-02
SKU-00153,Item-00153,BR-A,62.98,2026-01-02
SKU-00153,Item-00153,BR-B,49.39,2026-01-02
SKU-00153,Item-00153,BR-C,62.6,2026-01-02
SKU-00153,Item-00153,BR-D,80.13,2026-01-02
SKU-00153,Item-00153,BR-E,57.66,2026-01-02
SKU-00154,Item-00154,BR-A,200.06,2026-01-02
SKU-00154,Item-00154,BR-B,75.04,2026-01-02
SKU-00154,Item-00154,BR-C,77.52,2026-01-02
SKU-00154,Item-00154,BR-D,172.93,2026-01-02
SKU-00154,Item-00154,BR-E,75.79,2026-01-02
SKU-00155,Item-00155,BR-A,22.02,2026-01-02
SKU-00155,Item-00155,BR-B,45.13,2026-01-02
SKU-00155,Item-00155,BR-C,40.44,2026-01-02
SKU-00155,Item-00155,BR-D,33.43,2026-01-02
SKU-00155,Item-00155,BR-E,40.8,2026-01-02
SKU-00156,Item-00156,BR-A,64.28,2026-01-02
SKU-00156,Item-00156,BR-B,31.28,2026-01-02
SKU-00156,Item-00156,BR-C,50.86,2026-01-02
SKU-00156,Item-00156,BR-D,66.58,2026-01-02
SKU-00156,Item-00156,BR-E,26.18,2026-01-02
SKU-00157,Item-00157,BR-A,77.89,2026-01-02
SKU-00157,Item-00157,BR-B,136.55,2026-01-02
SKU-00157,Item-00157,BR-C,115.64,2026-01-02
SKU-00157,Item-00157,BR-D,166.81,2026-01-02
SKU-00157,Item-00157,BR-E,66.92,2026-01-02
SKU-00158,Item-00158,BR-A,19.34,2026-01-02
SKU-00158,Item-00158,BR-B,10.44,2026-01-02
SKU-00158,Item-00158,BR-C,11.09,2026-01-02
SKU-00158,Item-00158,BR-D,9.18,2026-01-02
SKU-00158,Item-00158,BR-E,13.19,2026-01-02
SKU-00159,Item-00159,BR-A,19.74,2026-01-02
SKU-00159,Item-00159,BR-B,14.74,2026-01-02
SKU-00159,Item-00159,BR-C,10.51,2026-01-02
SKU-00159,Item-00159,BR-D,16.74,2026-01-02
SKU-00159,Item-00159,BR-E,20.1,2026-01-02
SKU-00160,Item-00160,BR-A,64.46,2026-01-02
SKU-00160,Item-00160,BR-B,103.53,2026-01-02
SKU-00160,Item-00160,BR-C,133.72,2026-01-02
SKU-00160,Item-00160,BR-D,75.88,2026-01-02
SKU-00160,Item-00160,BR-E,134.25,2026-01-02
SKU-00161,Item-00161,BR-A,32.73,2026-01-02
SKU-00161,Item-00161,BR-B,45.8,2026-01-02
SKU-00161,Item-00161,BR-C,51.6,2026-01-02
SKU-00161,Item-00161,BR-D,41.29,2026-01-02
SKU-00161,Item-00161,BR-E,29.27,2026-01-02
SKU-00162,Item-00162,BR-A,29.14,2026-01-02
SKU-00162,Item-00162,BR-B,21.44,2026-01-02
SKU-00162,Item-00162,BR-C,13.0,2026-01-02
SKU-00162,Item-00162,BR-D,26.45,2026-01-02
SKU-00162,Item-00162,BR-E,25.62,2026-01-02
SKU-00163,Item-00163,BR-A,22.18,2026-01-02
SKU-00163,Item-00163,BR-B,19.27,2026-01-02
SKU-00163,Item-00163,BR-C,14.88,2026-01-02
SKU-00163,Item-00163,BR-D,11.23,2026-01-02
SKU-00163,Item-00163,BR-E,11.58,2026-01-02
SKU-00164,Item-00164,BR-A,126.82,2026-01-02
SKU-00164,Item-00164,BR-B,164.21,2026-01-02
SKU-00164,Item-00164,BR-C,145.21,2026-01-02
SKU-00164,Item-00164,BR-D,129.95,2026-01-02
SKU-00164,Item-00164,BR-E,194.72,2026-01-02
SKU-00165,Item-00165,BR-A,46.98,2026-01-02
SKU-00165,Item-00165,BR-B,51.79,2026-01-02
SKU-00165,Item-00165,BR-C,112.42,2026-01-02
SKU-00165,Item-00165,BR-D,93.36,2026-01-02
SKU-00165,Item-00165,BR-E,106.76,2026-01-02
SKU-00166,Item-00166,BR-A,63.46,2026-01-02
SKU-00166,Item-00166,BR-B,117.44,2026-01-02
SKU-00166,Item-00166,BR-C,62.4,2026-01-02
SKU-00166,Item-00166,BR-D,82.22,2026-01-02
SKU-00166,Item-00166,BR-E,71.88,2026-01-02
SKU-00167,Item-00167,BR-A,145.44,2026-01-02
SKU-00167,Item-00167,BR-B,174.18,2026-01-02
SKU-00167,Item-00167,BR-C,116.66,2026-01-02
SKU-00167,Item-00167,BR-D,164.47,2026-01-02
SKU-00167,Item-00167,BR-E,160.21,2026-01-02
SKU-00168,Item-00168,BR-A,159.37,2026-01-02
SKU-00168,Item-00168,BR-B,96.41,2026-01-02
SKU-00168,Item-00168,BR-C,152.56,2026-01-02
SKU-00168,Item-00168,BR-D,137.45,2026-01-02
SKU-00168,Item-00168,BR-E,123.07,2026-01-02
SKU-00169,Item-00169,BR-A,95.02,2026-01-02
SKU-00169,Item-00169,BR-B,73.94,2026-01-02
SKU-00169,Item-00169,BR-C,37.07,2026-01-02
SKU-00169,Item-00169,BR-D,46.23,2026-01-02
SKU-00169,Item-00169,BR-E,66.82,2026-01-02
SKU-00170,Item-00170,BR-A,63.87,2026-01-02
SKU-00170,Item-00170,BR-B,50.01,2026-01-02
SKU-00170,Item-00170,BR-C,56.67,2026-01-02
SKU-00170,Item-00170,BR-D,38.02,2026-01-02
SKU-00170,Item-00170,BR-E,23.3,2026-01-02
SKU-00171,Item-00171,BR-A,38.34,2026-01-02
SKU-00171,Item-00171,BR-B,32.49,2026-01-02
SKU-00171,Item-00171,BR-C,52.93,2026-01-02
SKU-00171,Item-00171,BR-D,31.41,2026-01-02
SKU-00171,Item-00171,BR-E,44.59,2026-01-02
SKU-00172,Item-00172,BR-A,37.51,2026-01-02
SKU-00172,Item-00172,BR-B,31.12,2026-01-02
SKU-00172,Item-00172,BR-C,21.87,2026-01-02
SKU-00172,Item-00172,BR-D,37.77,2026-01-02
SKU-00172,Item-00172,BR-E,34.57,2026-01-02
SKU-00173,Item-00173,BR-A,74.37,2026-01-02
SKU-00173,Item-00173,BR-B,66.82,2026-01-02
SKU-00173,Item-00173,BR-C,121.84,2026-01-02
SKU-00173,Item-00173,BR-D,111.68,2026-01-02
SKU-00173,Item-00173,BR-E,137.53,2026-01-02
SKU-00174,Item-00174,BR-A,5.79,2026-01-02
SKU-00174,Item-00174,BR-B,4.09,2026-01-02
SKU-00174,Item-00174,BR-C,6.91,2026-01-02
SKU-00174,Item-00174,BR-D,3.33,2026-01-02
SKU-00174,Item-00174,BR-E,6.77,2026-01-02
SKU-00175,Item-00175,BR-A,14.77,2026-01-02
SKU-00175,Item-00175,BR-B,17.46,2026-01-02
SKU-00175,Item-00175,BR-C,15.66,2026-01-02
SKU-00175,Item-00175,BR-D,24.1,2026-01-02
SKU-00175,Item-00175,BR-E,23.27,2026-01-02
SKU-00176,Item-00176,BR-A,58.54,2026-01-02
SKU-00176,Item-00176,BR-B,128.68,2026-01-02
SKU-00176,Item-00176,BR-C,147.24,2026-01-02
SKU-00176,Item-00176,BR-D,71.88,2026-01-02
SKU-00176,Item-00176,BR-E,133.22,2026-01-02
SKU-00177,Item-00177,BR-A,186.55,2026-01-02
SKU-00177,Item-00177,BR-B,119.29,2026-01-02
SKU-00177,Item-00177,BR-C,261.28,2026-01-02
SKU-00177,Item-00177,BR-D,229.62,2026-01-02
SKU-00177,Item-00177,BR-E,206.17,2026-01-02
SKU-00178,Item-00178,BR-A,148.67,2026-01-02
SKU-00178,Item-00178,BR-B,126.79,2026-01-02
SKU-00178,Item-00178,BR-C,209.02,2026-01-02
SKU-00178,Item-00178,BR-D,148.62,2026-01-02
SKU-00178,Item-00178,BR-E,226.59,2026-01-02
SKU-00179,Item-00179,BR-A,50.47,2026-01-02
SKU-00179,Item-00179,BR-B,37.15,2026-01-02
SKU-00179,Item-00179,BR-C,74.49,2026-01-02
SKU-00179,Item-00179,BR-D,82.21,2026-01-02
SKU-00179,Item-00179,BR-E,53.35,2026-01-02
SKU-00180,Item-00180,BR-A,123.95,2026-01-02
SKU-00180,Item-00180,BR-B,164.82,2026-01-02
SKU-00180,Item-00180,BR-C,167.01,2026-01-02
SKU-00180,Item-00180,BR-D,233.32,2026-01-02
SKU-00180,Item-00180,BR-E,111.59,2026-01-02
SKU-00181,Item-00181,BR-A,177.09,2026-01-02
SKU-00181,Item-00181,BR-B,119.98,2026-01-02
SKU-00181,Item-00181,BR-C,111.81,2026-01-02
SKU-00181,Item-00181,BR-D,81.5,2026-01-02
SKU-00181,Item-00181,BR-E,151.96,2026-01-02
SKU-00182,Item-00182,BR-A,6.24,2026-01-02
SKU-00182,Item-00182,BR-B,8.07,2026-01-02
SKU-00182,Item-00182,BR-C,3.95,2026-01-02
SKU-00182,Item-00182,BR-D,3.55,2026-01-02
SKU-00182,Item-00182,BR-E,6.56,2026-01-02
SKU-00183,Item-00183,BR-A,36.54,2026-01-02
SKU-00183,Item-00183,BR-B,41.24,2026-01-02
SKU-00183,Item-00183,BR-C,84.94,2026-01-02
SKU-00183,Item-00183,BR-D,60.92,2026-01-02
SKU-00183,Item-00183,BR-E,43.36,2026-01-02
SKU-00184,Item-00184,BR-A,161.68,2026-01-02
SKU-00184,Item-00184,BR-B,261.18,2026-01-02
SKU-00184,Item-00184,BR-C,209.35,2026-01-02
SKU-00184,Item-00184,BR-D,243.42,2026-01-02
SKU-00184,Item-00184,BR-E,215.65,2026-01-02
SKU-00185,Item-00185,BR-A,62.64,2026-01-02
SKU-00185,Item-00185,BR-B,38.59,2026-01-02
SKU-00185,Item-00185,BR-C,82.17,2026-01-02
SKU-00185,Item-00185,BR-D,75.9,2026-01-02
SKU-00185,Item-00185,BR-E,34.04,2026-01-02
SKU-00186,Item-00186,BR-A,203.36,2026-01-02
SKU-00186,Item-00186,BR-B,149.76,2026-01-02
SKU-00186,Item-00186,BR-C,223.57,2026-01-02
SKU-00186,Item-00186,BR-D,164.68,2026-01-02
SKU-00186,Item-00186,BR-E,200.44,2026-01-02
SKU-00187,Item-00187,BR-A,45.71,2026-01-02
SKU-00187,Item-00187,BR-B,70.91,2026-01-02
SKU-00187,Item-00187,BR-C,71.25,2026-01-02
SKU-00187,Item-00187,BR-D,43.89,2026-01-02
SKU-00187,Item-00187,BR-E,48.4,2026-01-02
SKU-00188,Item-00188,BR-A,157.68,2026-01-02
SKU-00188,Item-00188,BR-B,201.74,2026-01-02
SKU-00188,Item-00188,BR-C,159.42,2026-01-02
SKU-00188,Item-00188,BR-D,96.96,2026-01-02
SKU-00188,Item-00188,BR-E,156.87,2026-01-02
SKU-00189,Item-00189,BR-A,73.56,2026-01-02
SKU-00189,Item-00189,BR-B,205.52,2026-01-02
SKU-00189,Item-00189,BR-C,78.29,2026-01-02
SKU-00189,Item-00189,BR-D,136.56,2026-01-02
SKU-00189,Item-00189,BR-E,176.89,2026-01-02
SKU-00190,Item-00190,BR-A,57.49,2026-01-02
SKU-00190,Item-00190,BR-B,107.48,2026-01-02
SKU-00190,Item-00190,BR-C,102.27,2026-01-02
SKU-00190,Item-00190,BR-D,134.3,2026-01-02
SKU-00190,Item-00190,BR-E,136.64,2026-01-02
SKU-00191,Item-00191,BR-A,175.32,2026-01-02
SKU-00191,Item-00191,BR-B,137.82,2026-01-02
SKU-00191,Item-00191,BR-C,194.08,2026-01-02
SKU-00191,Item-00191,BR-D,97.47,2026-01-02
SKU-00191,Item-00191,BR-E,224.74,2026-01-02
SKU-00192,Item-00192,BR-A,32.12,2026-01-02
SKU-00192,Item-00192,BR-B,14.48,2026-01-02
SKU-00192,Item-00192,BR-C,18.0,2026-01-02
SKU-00192,Item-00192,BR-D,25.6,2026-01-02
SKU-00192,Item-00192,BR-E,13.58,2026-01-02
SKU-00193,Item-00193,BR-A,165.33,2026-01-02
SKU-00193,Item-00193,BR-B,136.93,2026-01-02
SKU-00193,Item-00193,BR-C,201.63,2026-01-02
SKU-00193,Item-00193,BR-D,226.73,2026-01-02
SKU-00193,Item-00193,BR-E,208.77,2026-01-02
SKU-00194,Item-00194,BR-A,2.56,2026-01-02
SKU-00194,Item-00194,BR-B,4.52,2026-01-02
SKU-00194,Item-00194,BR-C,5.96,2026-01-02
SKU-00194,Item-00194,BR-D,6.43,2026-01-02
SKU-00194,Item-00194,BR-E,4.29,2026-01-02
SKU-00195,Item-00195,BR-A,166.98,2026-01-02
SKU-00195,Item-00195,BR-B,114.26,2026-01-02
SKU-00195,Item-00195,BR-C,126.06,2026-01-02
SKU-00195,Item-00195,BR-D,147.32,2026-01-02
SKU-00195,Item-00195,BR-E,175.85,2026-01-02
SKU-00196,Item-00196,BR-A,21.22,2026-01-02
SKU-00196,Item-00196,BR-B,49.89,2026-01-02
SKU-00196,Item-00196,BR-C,30.36,2026-01-02
SKU-00196,Item-00196,BR-D,19.9,2026-01-02
SKU-00196,Item-00196,BR-E,33.6,2026-01-02
SKU-00197,Item-00197,BR-A,88.37,2026-01-02
SKU-00197,Item-00197,BR-B,162.31,2026-01-02
SKU-00197,Item-00197,BR-C,118.17,2026-01-02
SKU-00197,Item-00197,BR-D,145.73,2026-01-02
SKU-00197,Item-00197,BR-E,144.99,2026-01-02
SKU-00198,Item-00198,BR-A,68.85,2026-01-02
SKU-00198,Item-00198,BR-B,157.76,2026-01-02
SKU-00198,Item-00198,BR-C,141.63,2026-01-02
SKU-00198,Item-00198,BR-D,65.94,2026-01-02
SKU-00198,Item-00198,BR-E,164.92,2026-01-02
SKU-00199,Item-00199,BR-A,22.24,2026-01-02
SKU-00199,Item-00199,BR-B,26.15,2026-01-02
SKU-00199,Item-00199,BR-C,11.9,2026-01-02
SKU-00199,Item-00199,BR-D,16.57,2026-01-02
SKU-00199,Item-00199,BR-E,21.22,2026-01-02
SKU-00200,Item-00200,BR-A,97.78,2026-01-02
SKU-00200,Item-00200,BR-B,77.2,2026-01-02
SKU-00200,Item-00200,BR-C,118.68,2026-01-02
SKU-00200,Item-00200,BR-D,65.49,2026-01-02
SKU-00200,Item-00200,BR-E,134.96,2026-01-02
SKU-00201,Item-00201,BR-A,85.6,2026-01-02
SKU-00201,Item-00201,BR-B,175.04,2026-01-02
SKU-00201,Item-00201,BR-C,89.51,2026-01-02
SKU-00201,Item-00201,BR-D,75.1,2026-01-02
SKU-00201,Item-00201,BR-E,117.13,2026-01-02
SKU-00202,Item-00202,BR-A,127.16,2026-01-02
SKU-00202,Item-00202,BR-B,96.27,2026-01-02
SKU-00202,Item-00202,BR-C,128.88,2026-01-02
SKU-00202,Item-00202,BR-D,64.39,2026-01-02
SKU-00202,Item-00202,BR-E,110.46,2026-01-02
SKU-00203,Item-00203,BR-A,47.97,2026-01-02
SKU-00203,Item-00203,BR-B,55.96,2026-01-02
SKU-00203,Item-00203,BR-C,50.6,2026-01-02
SKU-00203,Item-00203,BR-D,76.52,2026-01-02
SKU-00203,Item-00203,BR-E,51.21,2026-01-02
SKU-00204,Item-00204,BR-A,105.7,2026-01-02
SKU-00204,Item-00204,BR-B,155.2,2026-01-02
SKU-00204,Item-00204,BR-C,179.97,2026-01-02
SKU-00204,Item-00204,BR-D,187.07,2026-01-02
SKU-00204,Item-00204,BR-E,116.12,2026-01-02
SKU-00205,Item-00205,BR-A,167.63,2026-01-02
SKU-00205,Item-00205,BR-B,163.4,2026-01-02
SKU-00205,Item-00205,BR-C,143.87,2026-01-02
SKU-00205,Item-00205,BR-D,111.56,2026-01-02
SKU-00205,Item-00205,BR-E,155.7,2026-01-02
SKU-00206,Item-00206,BR-A,95.69,2026-01-02
SKU-00206,Item-00206,BR-B,106.09,2026-01-02
SKU-00206,Item-00206,BR-C,96.33,2026-01-02
SKU-00206,Item-00206,BR-D,105.77,2026-01-02
SKU-00206,Item-00206,BR-E,43.19,2026-01-02
SKU-00207,Item-00207,BR-A,247.31,2026-01-02
SKU-00207,Item-00207,BR-B,172.27,2026-01-02
SKU-00207,Item-00207,BR-C,106.96,2026-01-02
SKU-00207,Item-00207,BR-D,248.35,2026-01-02
SKU-00207,Item-00207,BR-E,142.96,2026-01-02
SKU-00208,Item-00208,BR-A,284.16,2026-01-02
SKU-00208,Item-00208,BR-B,123.13,2026-01-02
SKU-00208,Item-00208,BR-C,154.79,2026-01-02
SKU-00208,Item-00208,BR-D,234.83,2026-01-02
SKU-00208,Item-00208,BR-E,196.67,2026-01-02
SKU-00209,Item-00209,BR-A,255.6,2026-01-02
SKU-00209,Item-00209,BR-B,191.53,2026-01-02
SKU-00209,Item-00209,BR-C,210.8,2026-01-02
SKU-00209,Item-00209,BR-D,150.38,2026-01-02
SKU-00209,Item-00209,BR-E,272.7,2026-01-02
SKU-00210,Item-00210,BR-A,182.64,2026-01-02
SKU-00210,Item-00210,BR-B,113.4,2026-01-02
SKU-00210,Item-00210,BR-C,149.71,2026-01-02
SKU-00210,Item-00210,BR-D,166.14,2026-01-02
SKU-00210,Item-00210,BR-E,200.11,2026-01-02
SKU-00211,Item-00211,BR-A,143.07,2026-01-02
SKU-00211,Item-00211,BR-B,103.67,2026-01-02
SKU-00211,Item-00211,BR-C,243.1,2026-01-02
SKU-00211,Item-00211,BR-D,132.87,2026-01-02
SKU-00211,Item-00211,BR-E,256.14,2026-01-02
SKU-00212,Item-00212,BR-A,45.22,2026-01-02
SKU-00212,Item-00212,BR-B,36.31,2026-01-02
SKU-00212,Item-00212,BR-C,33.68,2026-01-02
SKU-00212,Item-00212,BR-D,45.27,2026-01-02
SKU-00212,Item-00212,BR-E,33.05,2026-01-02
SKU-00213,Item-00213,BR-A,173.62,2026-01-02
SKU-00213,Item-00213,BR-B,189.5,2026-01-02
SKU-00213,Item-00213,BR-C,211.75,2026-01-02
SKU-00213,Item-00213,BR-D,150.9,2026-01-02
SKU-00213,Item-00213,BR-E,129.25,2026-01-02
SKU-00214,Item-00214,BR-A,105.37,2026-01-02
SKU-00214,Item-00214,BR-B,208.69,2026-01-02
SKU-00214,Item-00214,BR-C,111.62,2026-01-02
SKU-00214,Item-00214,BR-D,125.5,2026-01-02
SKU-00214,Item-00214,BR-E,160.74,2026-01-02
SKU-00215,Item-00215,BR-A,82.79,2026-01-02
SKU-00215,Item-00215,BR-B,71.77,2026-01-02
SKU-00215,Item-00215,BR-C,32.14,2026-01-02
SKU-00215,Item-00215,BR-D,48.91,2026-01-02
SKU-00215,Item-00215,BR-E,54.55,2026-01-02
SKU-00216,Item-00216,BR-A,54.24,2026-01-02
SKU-00216,Item-00216,BR-B,112.56,2026-01-02
SKU-00216,Item-00216,BR-C,96.22,2026-01-02
SKU-00216,Item-00216,BR-D,63.39,2026-01-02
SKU-00216,Item-00216,BR-E,116.34,2026-01-02
SKU-00217,Item-00217,BR-A,231.41,2026-01-02
SKU-00217,Item-00217,BR-B,206.81,2026-01-02
SKU-00217,Item-00217,BR-C,202.36,2026-01-02
SKU-00217,Item-00217,BR-D,116.22,2026-01-02
SKU-00217,Item-00217,BR-E,130.4,2026-01-02
SKU-00218,Item-00218,BR-A,24.34,2026-01-02
SKU-00218,Item-00218,BR-B,35.91,2026-01-02
SKU-00218,Item-00218,BR-C,27.92,2026-01-02
SKU-00218,Item-00218,BR-D,33.54,2026-01-02
SKU-00218,Item-00218,BR-E,30.36,2026-01-02
SKU-00219,Item-00219,BR-A,77.86,2026-01-02
SKU-00219,Item-00219,BR-B,40.53,2026-01-02
SKU-00219,Item-00219,BR-C,60.49,2026-01-02
SKU-00219,Item-00219,BR-D,62.4,2026-01-02
SKU-00219,Item-00219,BR-E,64.45,2026-01-02
SKU-00220,Item-00220,BR-A,50.19,2026-01-02
SKU-00220,Item-00220,BR-B,32.63,2026-01-02
SKU-00220,Item-00220,BR-C,39.09,2026-01-02
SKU-00220,Item-00220,BR-D,67.9,2026-01-02
SKU-00220,Item-00220,BR-E,43.89,2026-01-02
SKU-00221,Item-00221,BR-A,83.11,2026-01-02
SKU-00221,Item-00221,BR-B,54.76,2026-01-02
SKU-00221,Item-00221,BR-C,79.8,2026-01-02
SKU-00221,Item-00221,BR-D,68.76,2026-01-02
SKU-00221,Item-00221,BR-E,43.46,2026-01-02
SKU-00222,Item-00222,BR-A,215.97,2026-01-02
SKU-00222,Item-00222,BR-B,256.07,2026-01-02
SKU-00222,Item-00222,BR-C,147.1,2026-01-02
SKU-00222,Item-00222,BR-D,210.38,2026-01-02
SKU-00222,Item-00222,BR-E,171.22,2026-01-02
SKU-00223,Item-00223,BR-A,58.79,2026-01-02
SKU-00223,Item-00223,BR-B,105.23,2026-01-02
SKU-00223,Item-00223,BR-C,107.83,2026-01-02
SKU-00223,Item-00223,BR-D,78.94,2026-01-02
SKU-00223,Item-00223,BR-E,48.66,2026-01-02
SKU-00224,Item-00224,BR-A,88.67,2026-01-02
SKU-00224,Item-00224,BR-B,116.12,2026-01-02
SKU-00224,Item-00224,BR-C,78.78,2026-01-02
SKU-00224,Item-00224,BR-D,98.63,2026-01-02
SKU-00224,Item-00224,BR-E,102.04,2026-01-02
SKU-00225,Item-00225,BR-A,96.69,2026-01-02
SKU-00225,Item-00225,BR-B,45.56,2026-01-02
SKU-00225,Item-00225,BR-C,73.22,2026-01-02
SKU-00225,Item-00225,BR-D,56.9,2026-01-02
SKU-00225,Item-00225,BR-E,63.18,2026-01-02
SKU-00226,Item-00226,BR-A,35.86,2026-01-02
SKU-00226,Item-00226,BR-B,25.6,2026-01-02
SKU-00226,Item-00226,BR-C,16.4,2026-01-02
SKU-00226,Item-00226,BR-D,15.43,2026-01-02
SKU-00226,Item-00226,BR-E,30.67,2026-01-02
SKU-00227,Item-00227,BR-A,42.59,2026-01-02
SKU-00227,Item-00227,BR-B,28.87,2026-01-02
SKU-00227,Item-00227,BR-C,55.96,2026-01-02
SKU-00227,Item-00227,BR-D,30.99,2026-01-02
SKU-00227,Item-00227,BR-E,21.3,2026-01-02
SKU-00228,Item-00228,BR-A,12.04,2026-01-02
SKU-00228,Item-00228,BR-B,11.0,2026-01-02
SKU-00228,Item-00228,BR-C,13.53,2026-01-02
SKU-00228,Item-00228,BR-D,7.0,2026-01-02
SKU-00228,Item-00228,BR-E,11.74,2026-01-02
SKU-00229,Item-00229,BR-A,51.26,2026-01-02
SKU-00229,Item-00229,BR-B,59.88,2026-01-02
SKU-00229,Item-00229,BR-C,79.98,2026-01-02
SKU-00229,Item-00229,BR-D,103.64,2026-01-02
SKU-00229,Item-00229,BR-E,101.2,2026-01-02
SKU-00230,Item-00230,BR-A,78.47,2026-01-02
SKU-00230,Item-00230,BR-B,59.88,2026-01-02
SKU-00230,Item-00230,BR-C,121.45,2026-01-02
SKU-00230,Item-00230,BR-D,79.21,2026-01-02
SKU-00230,Item-00230,BR-E,79.49,2026-01-02
SKU-00231,Item-00231,BR-A,21.4,2026-01-02
SKU-00231,Item-00231,BR-B,23.14,2026-01-02
SKU-00231,Item-00231,BR-C,39.42,2026-01-02
SKU-00231,Item-00231,BR-D,36.73,2026-01-02
SKU-00231,Item-00231,BR-E,16.28,2026-01-02
SKU-00232,Item-00232,BR-A,66.51,2026-01-02
SKU-00232,Item-00232,BR-B,51.61,2026-01-02
SKU-00232,Item-00232,BR-C,80.41,2026-01-02
SKU-00232,Item-00232,BR-D,70.49,2026-01-02
SKU-00232,Item-00232,BR-E,43.44,2026-01-02
SKU-00233,Item-00233,BR-A,5.59,2026-01-02
SKU-00233,Item-00233,BR-B,6.28,2026-01-02
SKU-00233,Item-00233,BR-C,4.0,2026-01-02
SKU-00233,Item-00233,BR-D,5.97,2026-01-02
SKU-00233,Item-00233,BR-E,2.82,2026-01-02
SKU-00234,Item-00234,BR-A,152.19,2026-01-02
SKU-00234,Item-00234,BR-B,84.44,2026-01-02
SKU-00234,Item-00234,BR-C,100.89,2026-01-02
SKU-00234,Item-00234,BR-D,136.97,2026-01-02
SKU-00234,Item-00234,BR-E,190.09,2026-01-02
SKU-00235,Item-00235,BR-A,112.02,2026-01-02
SKU-00235,Item-00235,BR-B,44.41,2026-01-02
SKU-00235,Item-00235,BR-C,110.07,2026-01-02
SKU-00235,Item-00235,BR-D,95.09,2026-01-02
SKU-00235,Item-00235,BR-E,46.05,2026-01-02
SKU-00236,Item-00236,BR-A,175.6,2026-01-02
SKU-00236,Item-00236,BR-B,269.14,2026-01-02
SKU-00236,Item-00236,BR-C,176.54,2026-01-02
SKU-00236,Item-00236,BR-D,202.71,2026-01-02
SKU-00236,Item-00236,BR-E,231.32,2026-01-02
SKU-00237,Item-00237,BR-A,159.1,2026-01-02
SKU-00237,Item-00237,BR-B,83.06,2026-01-02
SKU-00237,Item-00237,BR-C,89.1,2026-01-02
SKU-00237,Item-00237,BR-D,113.17,2026-01-02
SKU-00237,Item-00237,BR-E,134.33,2026-01-02
SKU-00238,Item-00238,BR-A,82.13,2026-01-02
SKU-00238,Item-00238,BR-B,193.02,2026-01-02
SKU-00238,Item-00238,BR-C,194.2,2026-01-02
SKU-00238,Item-00238,BR-D,119.15,2026-01-02
SKU-00238,Item-00238,BR-E,155.26,2026-01-02
SKU-00239,Item-00239,BR-A,100.94,2026-01-02
SKU-00239,Item-00239,BR-B,56.95,2026-01-02
SKU-00239,Item-00239,BR-C,54.5,2026-01-02
SKU-00239,Item-00239,BR-D,80.71,2026-01-02
SKU-00239,Item-00239,BR-E,150.57,2026-01-02
SKU-00240,Item-00240,BR-A,90.83,2026-01-02
SKU-00240,Item-00240,BR-B,66.9,2026-01-02
SKU-00240,Item-00240,BR-C,78.89,2026-01-02
SKU-00240,Item-00240,BR-D,94.7,2026-01-02
SKU-00240,Item-00240,BR-E,63.23,2026-01-02
SKU-00241,Item-00241,BR-A,113.18,2026-01-02
SKU-00241,Item-00241,BR-B,134.71,2026-01-02
SKU-00241,Item-00241,BR-C,86.04,2026-01-02
SKU-00241,Item-00241,BR-D,72.26,2026-01-02
SKU-00241,Item-00241,BR-E,89.6,2026-01-02
SKU-00242,Item-00242,BR-A,129.12,2026-01-02
SKU-00242,Item-00242,BR-B,50.98,2026-01-02
SKU-00242,Item-00242,BR-C,108.17,2026-01-02
SKU-00242,Item-00242,BR-D,94.31,2026-01-02
SKU-00242,Item-00242,BR-E,93.0,2026-01-02
SKU-00243,Item-00243,BR-A,187.64,2026-01-02
SKU-00243,Item-00243,BR-B,155.58,2026-01-02
SKU-00243,Item-00243,BR-C,135.31,2026-01-02
SKU-00243,Item-00243,BR-D,164.42,2026-01-02
SKU-00243,Item-00243,BR-E,87.77,2026-01-02
SKU-00244,Item-00244,BR-A,127.75,2026-01-02
SKU-00244,Item-00244,BR-B,135.37,2026-01-02
SKU-00244,Item-00244,BR-C,168.19,2026-01-02
SKU-00244,Item-00244,BR-D,85.24,2026-01-02
SKU-00244,Item-00244,BR-E,72.56,2026-01-02
SKU-00245,Item-00245,BR-A,69.95,2026-01-02
SKU-00245,Item-00245,BR-B,115.48,2026-01-02
SKU-00245,Item-00245,BR-C,54.93,2026-01-02
SKU-00245,Item-00245,BR-D,57.2,2026-01-02
SKU-00245,Item-00245,BR-E,66.12,2026-01-02
SKU-00246,Item-00246,BR-A,59.4,2026-01-02
SKU-00246,Item-00246,BR-B,89.95,2026-01-02
SKU-00246,Item-00246,BR-C,55.46,2026-01-02
SKU-00246,Item-00246,BR-D,51.36,2026-01-02
SKU-00246,Item-00246,BR-E,66.23,2026-01-02
SKU-00247,Item-00247,BR-A,126.92,2026-01-02
SKU-00247,Item-00247,BR-B,90.56,2026-01-02
SKU-00247,Item-00247,BR-C,112.3,2026-01-02
SKU-00247,Item-00247,BR-D,62.11,2026-01-02
SKU-00247,Item-00247,BR-E,54.47,2026-01-02
SKU-00248,Item-00248,BR-A,119.84,2026-01-02
SKU-00248,Item-00248,BR-B,100.45,2026-01-02
SKU-00248,Item-00248,BR-C,130.96,2026-01-02
SKU-00248,Item-00248,BR-D,126.73,2026-01-02
SKU-00248,Item-00248,BR-E,113.56,2026-01-02
SKU-00249,Item-00249,BR-A,111.65,2026-01-02
SKU-00249,Item-00249,BR-B,162.77,2026-01-02
SKU-00249,Item-00249,BR-C,163.15,2026-01-02
SKU-00249,Item-00249,BR-D,84.35,2026-01-02
SKU-00249,Item-00249,BR-E,148.75,2026-01-02
SKU-00250,Item-00250,BR-A,128.52,2026-01-02
SKU-00250,Item-00250,BR-B,52.04,2026-01-02
SKU-00250,Item-00250,BR-C,99.72,2026-01-02
SKU-00250,Item-00250,BR-D,86.03,2026-01-02
SKU-00250,Item-00250,BR-E,96.58,2026-01-02
SKU-00251,Item-00251,BR-A,114.13,2026-01-02
SKU-00251,Item-00251,BR-B,188.21,2026-01-02
SKU-00251,Item-00251,BR-C,83.23,2026-01-02
SKU-00251,Item-00251,BR-D,90.0,2026-01-02
SKU-00251,Item-00251,BR-E,98.65,2026-01-02
SKU-00252,Item-00252,BR-A,74.46,2026-01-02
SKU-00252,Item-00252,BR-B,147.05,2026-01-02
SKU-00252,Item-00252,BR-C,118.0,2026-01-02
SKU-00252,Item-00252,BR-D,140.33,2026-01-02
SKU-00252,Item-00252,BR-E,109.01,2026-01-02
SKU-00253,Item-00253,BR-A,23.24,2026-01-02
SKU-00253,Item-00253,BR-B,23.65,2026-01-02
SKU-00253,Item-00253,BR-C,28.11,2026-01-02
SKU-00253,Item-00253,BR-D,14.16,2026-01-02
SKU-00253,Item-00253,BR-E,21.69,2026-01-02
SKU-00254,Item-00254,BR-A,81.45,2026-01-02
SKU-00254,Item-00254,BR-B,179.8,2026-01-02
SKU-00254,Item-00254,BR-C,193.65,2026-01-02
SKU-00254,Item-00254,BR-D,134.85,2026-01-02
SKU-00254,Item-00254,BR-E,112.6,2026-01-02
SKU-00255,Item-00255,BR-A,142.43,2026-01-02
SKU-00255,Item-00255,BR-B,214.28,2026-01-02
SKU-00255,Item-00255,BR-C,225.77,2026-01-02
SKU-00255,Item-00255,BR-D,179.6,2026-01-02
SKU-00255,Item-00255,BR-E,205.83,2026-01-02
SKU-00256,Item-00256,BR-A,7.55,2026-01-02
SKU-00256,Item-00256,BR-B,10.71,2026-01-02
SKU-00256,Item-00256,BR-C,4.87,2026-01-02
SKU-00256,Item-00256,BR-D,11.61,2026-01-02
SKU-00256,Item-00256,BR-E,6.53,2026-01-02
SKU-00257,Item-00257,BR-A,267.73,2026-01-02
SKU-00257,Item-00257,BR-B,130.64,2026-01-02
SKU-00257,Item-00257,BR-C,146.8,2026-01-02
SKU-00257,Item-00257,BR-D,127.37,2026-01-02
SKU-00257,Item-00257,BR-E,128.31,2026-01-02
SKU-00258,Item-00258,BR-A,56.07,2026-01-02
SKU-00258,Item-00258,BR-B,111.7,2026-01-02
SKU-00258,Item-00258,BR-C,120.17,2026-01-02
SKU-00258,Item-00258,BR-D,55.99,2026-01-02
SKU-00258,Item-00258,BR-E,119.33,2026-01-02
SKU-00259,Item-00259,BR-A,182.94,2026-01-02
SKU-00259,Item-00259,BR-B,82.02,2026-01-02
SKU-00259,Item-00259,BR-C,91.24,2026-01-02
SKU-00259,Item-00259,BR-D,187.98,2026-01-02
SKU-00259,Item-00259,BR-E,148.51,2026-01-02
SKU-00260,Item-00260,BR-A,58.82,2026-01-02
SKU-00260,Item-00260,BR-B,64.69,2026-01-02
SKU-00260,Item-00260,BR-C,77.89,2026-01-02
SKU-00260,Item-00260,BR-D,59.51,2026-01-02
SKU-00260,Item-00260,BR-E,118.69,2026-01-02
SKU-00261,Item-00261,BR-A,41.52,2026-01-02
SKU-00261,Item-00261,BR-B,42.41,2026-01-02
SKU-00261,Item-00261,BR-C,46.83,2026-01-02
SKU-00261,Item-00261,BR-D,23.89,2026-01-02
SKU-00261,Item-00261,BR-E,46.23,2026-01-02
SKU-00262,Item-00262,BR-A,126.18,2026-01-02
SKU-00262,Item-00262,BR-B,155.27,2026-01-02
SKU-00262,Item-00262,BR-C,109.78,2026-01-02
SKU-00262,Item-00262,BR-D,241.51,2026-01-02
SKU-00262,Item-00262,BR-E,258.25,2026-01-02
SKU-00263,Item-00263,BR-A,226.98,2026-01-02
SKU-00263,Item-00263,BR-B,135.27,2026-01-02
SKU-00263,Item-00263,BR-C,106.68,2026-01-02
SKU-00263,Item-00263,BR-D,158.59,2026-01-02
SKU-00263,Item-00263,BR-E,193.37,2026-01-02
SKU-00264,Item-00264,BR-A,29.32,2026-01-02
SKU-00264,Item-00264,BR-B,41.65,2026-01-02
SKU-00264,Item-00264,BR-C,23.95,2026-01-02
SKU-00264,Item-00264,BR-D,41.95,2026-01-02
SKU-00264,Item-00264,BR-E,20.76,2026-01-02
SKU-00265,Item-00265,BR-A,70.02,2026-01-02
SKU-00265,Item-00265,BR-B,67.66,2026-01-02
SKU-00265,Item-00265,BR-C,76.04,2026-01-02
SKU-00265,Item-00265,BR-D,133.48,2026-01-02
SKU-00265,Item-00265,BR-E,99.7,2026-01-02
SKU-00266,Item-00266,BR-A,77.84,2026-01-02
SKU-00266,Item-00266,BR-B,32.8,2026-01-02
SKU-00266,Item-00266,BR-C,38.74,2026-01-02
SKU-00266,Item-00266,BR-D,53.68,2026-01-02
SKU-00266,Item-00266,BR-E,64.16,2026-01-02
SKU-00267,Item-00267,BR-A,82.47,2026-01-02
SKU-00267,Item-00267,BR-B,102.78,2026-01-02
SKU-00267,Item-00267,BR-C,89.14,2026-01-02
SKU-00267,Item-00267,BR-D,136.35,2026-01-02
SKU-00267,Item-00267,BR-E,65.55,2026-01-02
SKU-00268,Item-00268,BR-A,117.4,2026-01-02
SKU-00268,Item-00268,BR-B,120.66,2026-01-02
SKU-00268,Item-00268,BR-C,98.93,2026-01-02
SKU-00268,Item-00268,BR-D,100.68,2026-01-02
SKU-00268,Item-00268,BR-E,85.6,2026-01-02
SKU-00269,Item-00269,BR-A,179.19,2026-01-02
SKU-00269,Item-00269,BR-B,77.89,2026-01-02
SKU-00269,Item-00269,BR-C,76.33,2026-01-02
SKU-00269,Item-00269,BR-D,79.34,2026-01-02
SKU-00269,Item-00269,BR-E,153.03,2026-01-02
SKU-00270,Item-00270,BR-A,150.46,2026-01-02
SKU-00270,Item-00270,BR-B,132.6,2026-01-02
SKU-00270,Item-00270,BR-C,70.08,2026-01-02
SKU-00270,Item-00270,BR-D,104.88,2026-01-02
SKU-00270,Item-00270,BR-E,79.18,2026-01-02
SKU-00271,Item-00271,BR-A,70.21,2026-01-02
SKU-00271,Item-00271,BR-B,97.27,2026-01-02
SKU-00271,Item-00271,BR-C,72.64,2026-01-02
SKU-00271,Item-00271,BR-D,129.37,2026-01-02
SKU-00271,Item-00271,BR-E,83.91,2026-01-02
SKU-00272,Item-00272,BR-A,97.28,2026-01-02
SKU-00272,Item-00272,BR-B,73.83,2026-01-02
SKU-00272,Item-00272,BR-C,124.12,2026-01-02
SKU-00272,Item-00272,BR-D,64.76,2026-01-02
SKU-00272,Item-00272,BR-E,54.15,2026-01-02
SKU-00273,Item-00273,BR-A,201.4,2026-01-02
SKU-00273,Item-00273,BR-B,148.05,2026-01-02
SKU-00273,Item-00273,BR-C,177.76,2026-01-02
SKU-00273,Item-00273,BR-D,104.79,2026-01-02
SKU-00273,Item-00273,BR-E,224.41,2026-01-02
SKU-00274,Item-00274,BR-A,92.67,2026-01-02
SKU-00274,Item-00274,BR-B,57.9,2026-01-02
SKU-00274,Item-00274,BR-C,87.85,2026-01-02
SKU-00274,Item-00274,BR-D,107.68,2026-01-02
SKU-00274,Item-00274,BR-E,56.09,2026-01-02
SKU-00275,Item-00275,BR-A,112.13,2026-01-02
SKU-00275,Item-00275,BR-B,154.43,2026-01-02
SKU-00275,Item-00275,BR-C,185.67,2026-01-02
SKU-00275,Item-00275,BR-D,105.28,2026-01-02
SKU-00275,Item-00275,BR-E,240.71,2026-01-02
SKU-00276,Item-00276,BR-A,227.87,2026-01-02
SKU-00276,Item-00276,BR-B,90.64,2026-01-02
SKU-00276,Item-00276,BR-C,227.47,2026-01-02
SKU-00276,Item-00276,BR-D,131.81,2026-01-02
SKU-00276,Item-00276,BR-E,170.33,2026-01-02
SKU-00277,Item-00277,BR-A,147.5,2026-01-02
SKU-00277,Item-00277,BR-B,63.78,2026-01-02
SKU-00277,Item-00277,BR-C,132.78,2026-01-02
SKU-00277,Item-00277,BR-D,121.89,2026-01-02
SKU-00277,Item-00277,BR-E,78.81,2026-01-02
SKU-00278,Item-00278,BR-A,70.64,2026-01-02
SKU-00278,Item-00278,BR-B,63.21,2026-01-02
SKU-00278,Item-00278,BR-C,45.78,2026-01-02
SKU-00278,Item-00278,BR-D,74.92,2026-01-02
SKU-00278,Item-00278,BR-E,66.7,2026-01-02
SKU-00279,Item-00279,BR-A,131.67,2026-01-02
SKU-00279,Item-00279,BR-B,142.27,2026-01-02
SKU-00279,Item-00279,BR-C,160.14,2026-01-02
SKU-00279,Item-00279,BR-D,132.26,2026-01-02
SKU-00279,Item-00279,BR-E,143.5,2026-01-02
SKU-00280,Item-00280,BR-A,45.58,2026-01-02
SKU-00280,Item-00280,BR-B,72.86,2026-01-02
SKU-00280,Item-00280,BR-C,36.06,2026-01-02
SKU-00280,Item-00280,BR-D,44.01,2026-01-02
SKU-00280,Item-00280,BR-E,57.76,2026-01-02
SKU-00281,Item-00281,BR-A,203.72,2026-01-02
SKU-00281,Item-00281,BR-B,117.51,2026-01-02
SKU-00281,Item-00281,BR-C,111.4,2026-01-02
SKU-00281,Item-00281,BR-D,103.24,2026-01-02
SKU-00281,Item-00281,BR-E,105.92,2026-01-02
SKU-00282,Item-00282,BR-A,36.85,2026-01-02
SKU-00282,Item-00282,BR-B,45.75,2026-01-02
SKU-00282,Item-00282,BR-C,27.9,2026-01-02
SKU-00282,Item-00282,BR-D,36.88,2026-01-02
SKU-00282,Item-00282,BR-E,20.94,2026-01-02
SKU-00283,Item-00283,BR-A,89.46,2026-01-02
SKU-00283,Item-00283,BR-B,48.94,2026-01-02
SKU-00283,Item-00283,BR-C,47.41,2026-01-02
SKU-00283,Item-00283,BR-D,99.45,2026-01-02
SKU-00283,Item-00283,BR-E,100.68,2026-01-02
SKU-00284,Item-00284,BR-A,184.82,2026-01-02
SKU-00284,Item-00284,BR-B,102.8,2026-01-02
SKU-00284,Item-00284,BR-C,166.69,2026-01-02
SKU-00284,Item-00284,BR-D,142.83,2026-01-02
SKU-00284,Item-00284,BR-E,111.09,2026-01-02
SKU-00285,Item-00285,BR-A,73.39,2026-01-02
SKU-00285,Item-00285,BR-B,116.32,2026-01-02
SKU-00285,Item-00285,BR-C,90.28,2026-01-02
SKU-00285,Item-00285,BR-D,124.05,2026-01-02
SKU-00285,Item-00285,BR-E,47.43,2026-01-02
SKU-00286,Item-00286,BR-A,104.29,2026-01-02
SKU-00286,Item-00286,BR-B,156.44,2026-01-02
SKU-00286,Item-00286,BR-C,99.25,2026-01-02
SKU-00286,Item-00286,BR-D,91.82,2026-01-02
SKU-00286,Item-00286,BR-E,98.47,2026-01-02
SKU-00287,Item-00287,BR-A,15.83,2026-01-02
SKU-00287,Item-00287,BR-B,9.06,2026-01-02
SKU-00287,Item-00287,BR-C,17.37,2026-01-02
SKU-00287,Item-00287,BR-D,22.19,2026-01-02
SKU-00287,Item-00287,BR-E,13.35,2026-01-02
SKU-00288,Item-00288,BR-A,97.56,2026-01-02
SKU-00288,Item-00288,BR-B,80.74,2026-01-02
SKU-00288,Item-00288,BR-C,52.75,2026-01-02
SKU-00288,Item-00288,BR-D,98.32,2026-01-02
SKU-00288,Item-00288,BR-E,80.42,2026-01-02
SKU-00289,Item-00289,BR-A,108.56,2026-01-02
SKU-00289,Item-00289,BR-B,203.34,2026-01-02
SKU-00289,Item-00289,BR-C,200.84,2026-01-02
SKU-00289,Item-00289,BR-D,205.08,2026-01-02
SKU-00289,Item-00289,BR-E,186.12,2026-01-02
SKU-00290,Item-00290,BR-A,96.4,2026-01-02
SKU-00290,Item-00290,BR-B,132.36,2026-01-02
SKU-00290,Item-00290,BR-C,99.32,2026-01-02
SKU-00290,Item-00290,BR-D,88.36,2026-01-02
SKU-00290,Item-00290,BR-E,98.18,2026-01-02
SKU-00291,Item-00291,BR-A,92.02,2026-01-02
SKU-00291,Item-00291,BR-B,70.44,2026-01-02
SKU-00291,Item-00291,BR-C,54.34,2026-01-02
SKU-00291,Item-00291,BR-D,92.45,2026-01-02
SKU-00291,Item-00291,BR-E,52.37,2026-01-02
SKU-00292,Item-00292,BR-A,94.65,2026-01-02
SKU-00292,Item-00292,BR-B,97.49,2026-01-02
SKU-00292,Item-00292,BR-C,229.76,2026-01-02
SKU-00292,Item-00292,BR-D,148.23,2026-01-02
SKU-00292,Item-00292,BR-E,213.91,2026-01-02
SKU-00293,Item-00293,BR-A,60.34,2026-01-02
SKU-00293,Item-00293,BR-B,152.6,2026-01-02
SKU-00293,Item-00293,BR-C,93.89,2026-01-02
SKU-00293,Item-00293,BR-D,67.86,2026-01-02
SKU-00293,Item-00293,BR-E,94.31,2026-01-02
SKU-00294,Item-00294,BR-A,140.45,2026-01-02
SKU-00294,Item-00294,BR-B,139.49,2026-01-02
SKU-00294,Item-00294,BR-C,188.09,2026-01-02
SKU-00294,Item-00294,BR-D,123.24,2026-01-02
SKU-00294,Item-00294,BR-E,186.03,2026-01-02
SKU-00295,Item-00295,BR-A,109.98,2026-01-02
SKU-00295,Item-00295,BR-B,140.89,2026-01-02
SKU-00295,Item-00295,BR-C,58.73,2026-01-02
SKU-00295,Item-00295,BR-D,82.01,2026-01-02
SKU-00295,Item-00295,BR-E,85.19,2026-01-02
SKU-00296,Item-00296,BR-A,48.69,2026-01-02
SKU-00296,Item-00296,BR-B,75.42,2026-01-02
SKU-00296,Item-00296,BR-C,87.18,2026-01-02
SKU-00296,Item-00296,BR-D,122.28,2026-01-02
SKU-00296,Item-00296,BR-E,96.52,2026-01-02
SKU-00297,Item-00297,BR-A,112.68,2026-01-02
SKU-00297,Item-00297,BR-B,63.01,2026-01-02
SKU-00297,Item-00297,BR-C,96.61,2026-01-02
SKU-00297,Item-00297,BR-D,88.16,2026-01-02
SKU-00297,Item-00297,BR-E,119.29,2026-01-02
SKU-00298,Item-00298,BR-A,130.42,2026-01-02
SKU-00298,Item-00298,BR-B,132.21,2026-01-02
SKU-00298,Item-00298,BR-C,158.15,2026-01-02
SKU-00298,Item-00298,BR-D,191.72,2026-01-02
SKU-00298,Item-00298,BR-E,90.89,2026-01-02
SKU-00299,Item-00299,BR-A,218.03,2026-01-02
SKU-00299,Item-00299,BR-B,157.1,2026-01-02
SKU-00299,Item-00299,BR-C,187.07,2026-01-02
SKU-00299,Item-00299,BR-D,234.16,2026-01-02
SKU-00299,Item-00299,BR-E,157.74,2026-01-02
SKU-00300,Item-00300,BR-A,10.49,2026-01-02
SKU-00300,Item-00300,BR-B,8.21,2026-01-02
SKU-00300,Item-00300,BR-C,8.87,2026-01-02
SKU-00300,Item-00300,BR-D,9.42,2026-01-02
SKU-00300,Item-00300,BR-E,12.61,2026-01-02
SKU-00301,Item-00301,BR-A,155.1,2026-01-02
SKU-00301,Item-00301,BR-B,161.32,2026-01-02
SKU-00301,Item-00301,BR-C,125.69,2026-01-02
SKU-00301,Item-00301,BR-D,96.62,2026-01-02
SKU-00301,Item-00301,BR-E,68.56,2026-01-02
SKU-00302,Item-00302,BR-A,30.52,2026-01-02
SKU-00302,Item-00302,BR-B,18.71,2026-01-02
SKU-00302,Item-00302,BR-C,15.2,2026-01-02
SKU-00302,Item-00302,BR-D,25.49,2026-01-02
SKU-00302,Item-00302,BR-E,12.54,2026-01-02
SKU-00303,Item-00303,BR-A,41.16,2026-01-02
SKU-00303,Item-00303,BR-B,18.85,2026-01-02
SKU-00303,Item-00303,BR-C,26.06,2026-01-02
SKU-00303,Item-00303,BR-D,18.03,2026-01-02
SKU-00303,Item-00303,BR-E,39.88,2026-01-02
SKU-00304,Item-00304,BR-A,39.14,2026-01-02
SKU-00304,Item-00304,BR-B,28.89,2026-01-02
SKU-00304,Item-00304,BR-C,51.51,2026-01-02
SKU-00304,Item-00304,BR-D,45.95,2026-01-02
SKU-00304,Item-00304,BR-E,32.44,2026-01-02
SKU-00305,Item-00305,BR-A,102.45,2026-01-02
SKU-00305,Item-00305,BR-B,74.13,2026-01-02
SKU-00305,Item-00305,BR-C,82.29,2026-01-02
SKU-00305,Item-00305,BR-D,56.36,2026-01-02
SKU-00305,Item-00305,BR-E,71.79,2026-01-02
SKU-00306,Item-00306,BR-A,105.57,2026-01-02
SKU-00306,Item-00306,BR-B,89.99,2026-01-02
SKU-00306,Item-00306,BR-C,118.13,2026-01-02
SKU-00306,Item-00306,BR-D,65.25,2026-01-02
SKU-00306,Item-00306,BR-E,50.55,2026-01-02
SKU-00307,Item-00307,BR-A,185.49,2026-01-02
SKU-00307,Item-00307,BR-B,209.29,2026-01-02
SKU-00307,Item-00307,BR-C,166.59,2026-01-02
SKU-00307,Item-00307,BR-D,112.24,2026-01-02
SKU-00307,Item-00307,BR-E,224.14,2026-01-02
SKU-00308,Item-00308,BR-A,73.09,2026-01-02
SKU-00308,Item-00308,BR-B,57.4,2026-01-02
SKU-00308,Item-00308,BR-C,84.21,2026-01-02
SKU-00308,Item-00308,BR-D,61.13,2026-01-02
SKU-00308,Item-00308,BR-E,65.8,2026-01-02
SKU-00309,Item-00309,BR-A,68.16,2026-01-02
SKU-00309,Item-00309,BR-B,50.68,2026-01-02
SKU-00309,Item-00309,BR-C,57.58,2026-01-02
SKU-00309,Item-00309,BR-D,60.74,2026-01-02
SKU-00309,Item-00309,BR-E,55.3,2026-01-02
SKU-00310,Item-00310,BR-A,84.61,2026-01-02
SKU-00310,Item-00310,BR-B,64.32,2026-01-02
SKU-00310,Item-00310,BR-C,64.57,2026-01-02
SKU-00310,Item-00310,BR-D,114.7,2026-01-02
SKU-00310,Item-00310,BR-E,78.61,2026-01-02
SKU-00311,Item-00311,BR-A,13.55,2026-01-02
SKU-00311,Item-00311,BR-B,11.92,2026-01-02
SKU-00311,Item-00311,BR-C,19.04,2026-01-02
SKU-00311,Item-00311,BR-D,8.39,2026-01-02
SKU-00311,Item-00311,BR-E,10.32,2026-01-02
SKU-00312,Item-00312,BR-A,44.5,2026-01-02
SKU-00312,Item-00312,BR-B,63.75,2026-01-02
SKU-00312,Item-00312,BR-C,55.43,2026-01-02
SKU-00312,Item-00312,BR-D,37.2,2026-01-02
SKU-00312,Item-00312,BR-E,53.34,2026-01-02
SKU-00313,Item-00313,BR-A,144.61,2026-01-02
SKU-00313,Item-00313,BR-B,99.85,2026-01-02
SKU-00313,Item-00313,BR-C,111.85,2026-01-02
SKU-00313,Item-00313,BR-D,120.07,2026-01-02
SKU-00313,Item-00313,BR-E,209.14,2026-01-02
SKU-00314,Item-00314,BR-A,148.46,2026-01-02
SKU-00314,Item-00314,BR-B,162.62,2026-01-02
SKU-00314,Item-00314,BR-C,144.31,2026-01-02
SKU-00314,Item-00314,BR-D,175.52,2026-01-02
SKU-00314,Item-00314,BR-E,85.21,2026-01-02
SKU-00315,Item-00315,BR-A,29.3,2026-01-02
SKU-00315,Item-00315,BR-B,28.34,2026-01-02
SKU-00315,Item-00315,BR-C,33.46,2026-01-02
SKU-00315,Item-00315,BR-D,56.35,2026-01-02
SKU-00315,Item-00315,BR-E,50.27,2026-01-02
SKU-00316,Item-00316,BR-A,87.58,2026-01-02
SKU-00316,Item-00316,BR-B,170.52,2026-01-02
SKU-00316,Item-00316,BR-C,184.16,2026-01-02
SKU-00316,Item-00316,BR-D,125.57,2026-01-02
SKU-00316,Item-00316,BR-E,68.45,2026-01-02
SKU-00317,Item-00317,BR-A,39.26,2026-01-02
SKU-00317,Item-00317,BR-B,17.48,2026-01-02
SKU-00317,Item-00317,BR-C,32.01,2026-01-02
SKU-00317,Item-00317,BR-D,39.47,2026-01-02
SKU-00317,Item-00317,BR-E,40.41,2026-01-02
SKU-00318,Item-00318,BR-A,105.58,2026-01-02
SKU-00318,Item-00318,BR-B,100.71,2026-01-02
SKU-00318,Item-00318,BR-C,133.55,2026-01-02
SKU-00318,Item-00318,BR-D,70.21,2026-01-02
SKU-00318,Item-00318,BR-E,165.45,2026-01-02
SKU-00319,Item-00319,BR-A,117.2,2026-01-02
SKU-00319,Item-00319,BR-B,63.03,2026-01-02
SKU-00319,Item-00319,BR-C,60.37,2026-01-02
SKU-00319,Item-00319,BR-D,118.15,2026-01-02
SKU-00319,Item-00319,BR-E,136.58,2026-01-02
SKU-00320,Item-00320,BR-A,159.5,2026-01-02
SKU-00320,Item-00320,BR-B,205.68,2026-01-02
SKU-00320,Item-00320,BR-C,223.83,2026-01-02
SKU-00320,Item-00320,BR-D,221.11,2026-01-02
SKU-00320,Item-00320,BR-E,118.86,2026-01-02
SKU-00321,Item-00321,BR-A,170.38,2026-01-02
SKU-00321,Item-00321,BR-B,92.97,2026-01-02
SKU-00321,Item-00321,BR-C,79.11,2026-01-02
SKU-00321,Item-00321,BR-D,161.05,2026-01-02
SKU-00321,Item-00321,BR-E,103.9,2026-01-02
SKU-00322,Item-00322,BR-A,171.21,2026-01-02
SKU-00322,Item-00322,BR-B,141.57,2026-01-02
SKU-00322,Item-00322,BR-C,196.23,2026-01-02
SKU-00322,Item-00322,BR-D,118.09,2026-01-02
SKU-00322,Item-00322,BR-E,146.59,2026-01-02
SKU-00323,Item-00323,BR-A,128.52,2026-01-02
SKU-00323,Item-00323,BR-B,134.33,2026-01-02
SKU-00323,Item-00323,BR-C,283.94,2026-01-02
SKU-00323,Item-00323,BR-D,184.09,2026-01-02
SKU-00323,Item-00323,BR-E,149.23,2026-01-02
SKU-00324,Item-00324,BR-A,129.18,2026-01-02
SKU-00324,Item-00324,BR-B,117.83,2026-01-02
SKU-00324,Item-00324,BR-C,104.58,2026-01-02
SKU-00324,Item-00324,BR-D,170.33,2026-01-02
SKU-00324,Item-00324,BR-E,97.92,2026-01-02
SKU-00325,Item-00325,BR-A,109.58,2026-01-02
SKU-00325,Item-00325,BR-B,139.07,2026-01-02
SKU-00325,Item-00325,BR-C,171.02,2026-01-02
SKU-00325,Item-00325,BR-D,161.47,2026-01-02
SKU-00325,Item-00325,BR-E,168.02,2026-01-02
SKU-00326,Item-00326,BR-A,71.84,2026-01-02
SKU-00326,Item-00326,BR-B,99.94,2026-01-02
SKU-00326,Item-00326,BR-C,108.36,2026-01-02
SKU-00326,Item-00326,BR-D,44.59,2026-01-02
SKU-00326,Item-00326,BR-E,119.95,2026-01-02
SKU-00327,Item-00327,BR-A,21.12,2026-01-02
SKU-00327,Item-00327,BR-B,25.47,2026-01-02
SKU-00327,Item-00327,BR-C,22.16,2026-01-02
SKU-00327,Item-00327,BR-D,27.31,2026-01-02
SKU-00327,Item-00327,BR-E,22.69,2026-01-02
SKU-00328,Item-00328,BR-A,31.06,2026-01-02
SKU-00328,Item-00328,BR-B,18.21,2026-01-02
SKU-00328,Item-00328,BR-C,25.53,2026-01-02
SKU-00328,Item-00328,BR-D,19.84,2026-01-02
SKU-00328,Item-00328,BR-E,35.03,2026-01-02
SKU-00329,Item-00329,BR-A,149.98,2026-01-02
SKU-00329,Item-00329,BR-B,224.76,2026-01-02
SKU-00329,Item-00329,BR-C,109.91,2026-01-02
SKU-00329,Item-00329,BR-D,233.86,2026-01-02
SKU-00329,Item-00329,BR-E,232.31,2026-01-02
SKU-00330,Item-00330,BR-A,144.6,2026-01-02
SKU-00330,Item-00330,BR-B,225.93,2026-01-02
SKU-00330,Item-00330,BR-C,145.3,2026-01-02
SKU-00330,Item-00330,BR-D,236.57,2026-01-02
SKU-00330,Item-00330,BR-E,123.86,2026-01-02
SKU-00331,Item-00331,BR-A,44.14,2026-01-02
SKU-00331,Item-00331,BR-B,95.55,2026-01-02
SKU-00331,Item-00331,BR-C,54.33,2026-01-02
SKU-00331,Item-00331,BR-D,52.57,2026-01-02
SKU-00331,Item-00331,BR-E,100.3,2026-01-02
SKU-00332,Item-00332,BR-A,189.44,2026-01-02
SKU-00332,Item-00332,BR-B,152.38,2026-01-02
SKU-00332,Item-00332,BR-C,184.7,2026-01-02
SKU-00332,Item-00332,BR-D,170.02,2026-01-02
SKU-00332,Item-00332,BR-E,123.06,2026-01-02
SKU-00333,Item-00333,BR-A,57.59,2026-01-02
SKU-00333,Item-00333,BR-B,141.36,2026-01-02
SKU-00333,Item-00333,BR-C,137.01,2026-01-02
SKU-00333,Item-00333,BR-D,148.81,2026-01-02
SKU-00333,Item-00333,BR-E,101.58,2026-01-02
SKU-00334,Item-00334,BR-A,6.06,2026-01-02
SKU-00334,Item-00334,BR-B,8.79,2026-01-02
SKU-00334,Item-00334,BR-C,8.0,2026-01-02
SKU-00334,Item-00334,BR-D,9.01,2026-01-02
SKU-00334,Item-00334,BR-E,8.65,2026-01-02
SKU-00335,Item-00335,BR-A,219.52,2026-01-02
SKU-00335,Item-00335,BR-B,199.23,2026-01-02
SKU-00335,Item-00335,BR-C,168.29,2026-01-02
SKU-00335,Item-00335,BR-D,143.4,2026-01-02
SKU-00335,Item-00335,BR-E,183.71,2026-01-02
SKU-00336,Item-00336,BR-A,117.22,2026-01-02
SKU-00336,Item-00336,BR-B,110.66,2026-01-02
SKU-00336,Item-00336,BR-C,85.99,2026-01-02
SKU-00336,Item-00336,BR-D,49.06,2026-01-02
SKU-00336,Item-00336,BR-E,51.21,2026-01-02
SKU-00337,Item-00337,BR-A,147.88,2026-01-02
SKU-00337,Item-00337,BR-B,146.45,2026-01-02
SKU-00337,Item-00337,BR-C,166.61,2026-01-02
SKU-00337,Item-00337,BR-D,84.54,2026-01-02
SKU-00337,Item-00337,BR-E,117.69,2026-01-02
SKU-00338,Item-00338,BR-A,162.3,2026-01-02
SKU-00338,Item-00338,BR-B,118.54,2026-01-02
SKU-00338,Item-00338,BR-C,86.34,2026-01-02
SKU-00338,Item-00338,BR-D,96.85,2026-01-02
SKU-00338,Item-00338,BR-E,146.73,2026-01-02
SKU-00339,Item-00339,BR-A,56.66,2026-01-02
SKU-00339,Item-00339,BR-B,51.44,2026-01-02
SKU-00339,Item-00339,BR-C,48.9,2026-01-02
SKU-00339,Item-00339,BR-D,52.05,2026-01-02
SKU-00339,Item-00339,BR-E,45.99,2026-01-02
SKU-00340,Item-00340,BR-A,250.74,2026-01-02
SKU-00340,Item-00340,BR-B,161.6,2026-01-02
SKU-00340,Item-00340,BR-C,191.54,2026-01-02
SKU-00340,Item-00340,BR-D,239.91,2026-01-02
SKU-00340,Item-00340,BR-E,150.53,2026-01-02
SKU-00341,Item-00341,BR-A,149.01,2026-01-02
SKU-00341,Item-00341,BR-B,165.94,2026-01-02
SKU-00341,Item-00341,BR-C,162.63,2026-01-02
SKU-00341,Item-00341,BR-D,89.6,2026-01-02
SKU-00341,Item-00341,BR-E,115.83,2026-01-02
SKU-00342,Item-00342,BR-A,109.47,2026-01-02
SKU-00342,Item-00342,BR-B,215.01,2026-01-02
SKU-00342,Item-00342,BR-C,225.4,2026-01-02
SKU-00342,Item-00342,BR-D,216.22,2026-01-02
SKU-00342,Item-00342,BR-E,115.95,2026-01-02
SKU-00343,Item-00343,BR-A,129.48,2026-01-02
SKU-00343,Item-00343,BR-B,127.3,2026-01-02
SKU-00343,Item-00343,BR-C,103.26,2026-01-02
SKU-00343,Item-00343,BR-D,101.48,2026-01-02
SKU-00343,Item-00343,BR-E,125.89,2026-01-02
SKU-00344,Item-00344,BR-A,99.1,2026-01-02
SKU-00344,Item-00344,BR-B,48.27,2026-01-02
SKU-00344,Item-00344,BR-C,81.23,2026-01-02
SKU-00344,Item-00344,BR-D,46.34,2026-01-02
SKU-00344,Item-00344,BR-E,61.56,2026-01-02
SKU-00345,Item-00345,BR-A,157.32,2026-01-02
SKU-00345,Item-00345,BR-B,129.88,2026-01-02
SKU-00345,Item-00345,BR-C,102.05,2026-01-02
SKU-00345,Item-00345,BR-D,147.4,2026-01-02
SKU-00345,Item-00345,BR-E,241.62,2026-01-02
SKU-00346,Item-00346,BR-A,37.51,2026-01-02
SKU-00346,Item-00346,BR-B,71.9,2026-01-02
SKU-00346,Item-00346,BR-C,55.69,2026-01-02
SKU-00346,Item-00346,BR-D,83.42,2026-01-02
SKU-00346,Item-00346,BR-E,56.75,2026-01-02
SKU-00347,Item-00347,BR-A,61.14,2026-01-02
SKU-00347,Item-00347,BR-B,33.14,2026-01-02
SKU-00347,Item-00347,BR-C,63.15,2026-01-02
SKU-00347,Item-00347,BR-D,36.77,2026-01-02
SKU-00347,Item-00347,BR-E,70.64,2026-01-02
SKU-00348,Item-00348,BR-A,149.01,2026-01-02
SKU-00348,Item-00348,BR-B,93.25,2026-01-02
SKU-00348,Item-00348,BR-C,116.52,2026-01-02
SKU-00348,Item-00348,BR-D,75.45,2026-01-02
SKU-00348,Item-00348,BR-E,157.39,2026-01-02
SKU-00349,Item-00349,BR-A,77.71,2026-01-02
SKU-00349,Item-00349,BR-B,104.67,2026-01-02
SKU-00349,Item-00349,BR-C,56.06,2026-01-02
SKU-00349,Item-00349,BR-D,82.97,2026-01-02
SKU-00349,Item-00349,BR-E,65.3,2026-01-02
SKU-00350,Item-00350,BR-A,157.7,2026-01-02
SKU-00350,Item-00350,BR-B,113.97,2026-01-02
SKU-00350,Item-00350,BR-C,138.0,2026-01-02
SKU-00350,Item-00350,BR-D,133.27,2026-01-02
SKU-00350,Item-00350,BR-E,192.53,2026-01-02
SKU-00351,Item-00351,BR-A,140.4,2026-01-02
SKU-00351,Item-00351,BR-B,88.19,2026-01-02
SKU-00351,Item-00351,BR-C,118.74,2026-01-02
SKU-00351,Item-00351,BR-D,96.78,2026-01-02
SKU-00351,Item-00351,BR-E,53.29,2026-01-02
SKU-00352,Item-00352,BR-A,105.04,2026-01-02
SKU-00352,Item-00352,BR-B,134.76,2026-01-02
SKU-00352,Item-00352,BR-C,192.59,2026-01-02
SKU-00352,Item-00352,BR-D,191.63,2026-01-02
SKU-00352,Item-00352,BR-E,195.77,2026-01-02
SKU-00353,Item-00353,BR-A,71.49,2026-01-02
SKU-00353,Item-00353,BR-B,73.07,2026-01-02
SKU-00353,Item-00353,BR-C,45.56,2026-01-02
SKU-00353,Item-00353,BR-D,36.33,2026-01-02
SKU-00353,Item-00353,BR-E,34.24,2026-01-02
SKU-00354,Item-00354,BR-A,95.94,2026-01-02
SKU-00354,Item-00354,BR-B,85.15,2026-01-02
SKU-00354,Item-00354,BR-C,159.29,2026-01-02
SKU-00354,Item-00354,BR-D,169.04,2026-01-02
SKU-00354,Item-00354,BR-E,162.72,2026-01-02
SKU-00355,Item-00355,BR-A,278.73,2026-01-02
SKU-00355,Item-00355,BR-B,210.42,2026-01-02
SKU-00355,Item-00355,BR-C,238.19,2026-01-02
SKU-00355,Item-00355,BR-D,108.11,2026-01-02
SKU-00355,Item-00355,BR-E,146.64,2026-01-02
SKU-00356,Item-00356,BR-A,57.96,2026-01-02
SKU-00356,Item-00356,BR-B,42.09,2026-01-02
SKU-00356,Item-00356,BR-C,46.7,2026-01-02
SKU-00356,Item-00356,BR-D,45.51,2026-01-02
SKU-00356,Item-00356,BR-E,75.4,2026-01-02
SKU-00357,Item-00357,BR-A,106.77,2026-01-02
SKU-00357,Item-00357,BR-B,108.81,2026-01-02
SKU-00357,Item-00357,BR-C,77.67,2026-01-02
SKU-00357,Item-00357,BR-D,101.34,2026-01-02
SKU-00357,Item-00357,BR-E,142.82,2026-01-02
SKU-00358,Item-00358,BR-A,192.41,2026-01-02
SKU-00358,Item-00358,BR-B,91.07,2026-01-02
SKU-00358,Item-00358,BR-C,116.26,2026-01-02
SKU-00358,Item-00358,BR-D,145.21,2026-01-02
SKU-00358,Item-00358,BR-E,92.41,2026-01-02
SKU-00359,Item-00359,BR-A,58.7,2026-01-02
SKU-00359,Item-00359,BR-B,52.19,2026-01-02
SKU-00359,Item-00359,BR-C,59.68,2026-01-02
SKU-00359,Item-00359,BR-D,126.31,2026-01-02
SKU-00359,Item-00359,BR-E,123.0,2026-01-02
SKU-00360,Item-00360,BR-A,27.93,2026-01-02
SKU-00360,Item-00360,BR-B,31.8,2026-01-02
SKU-00360,Item-00360,BR-C,17.83,2026-01-02
SKU-00360,Item-00360,BR-D,30.73,2026-01-02
SKU-00360,Item-00360,BR-E,25.0,2026-01-02
SKU-00361,Item-00361,BR-A,105.46,2026-01-02
SKU-00361,Item-00361,BR-B,65.08,2026-01-02
SKU-00361,Item-00361,BR-C,69.07,2026-01-02
SKU-00361,Item-00361,BR-D,116.09,2026-01-02
SKU-00361,Item-00361,BR-E,69.28,2026-01-02
SKU-00362,Item-00362,BR-A,95.66,2026-01-02
SKU-00362,Item-00362,BR-B,81.25,2026-01-02
SKU-00362,Item-00362,BR-C,43.04,2026-01-02
SKU-00362,Item-00362,BR-D,86.83,2026-01-02
SKU-00362,Item-00362,BR-E,74.62,2026-01-02
SKU-00363,Item-00363,BR-A,126.16,2026-01-02
SKU-00363,Item-00363,BR-B,55.84,2026-01-02
SKU-00363,Item-00363,BR-C,64.85,2026-01-02
SKU-00363,Item-00363,BR-D,72.51,2026-01-02
SKU-00363,Item-00363,BR-E,54.2,2026-01-02
SKU-00364,Item-00364,BR-A,55.55,2026-01-02
SKU-00364,Item-00364,BR-B,86.55,2026-01-02
SKU-00364,Item-00364,BR-C,67.8,2026-01-02
SKU-00364,Item-00364,BR-D,106.67,2026-01-02
SKU-00364,Item-00364,BR-E,101.94,2026-01-02
SKU-00365,Item-00365,BR-A,38.86,2026-01-02
SKU-00365,Item-00365,BR-B,60.04,2026-01-02
SKU-00365,Item-00365,BR-C,83.68,2026-01-02
SKU-00365,Item-00365,BR-D,68.67,2026-01-02
SKU-00365,Item-00365,BR-E,69.19,2026-01-02
SKU-00366,Item-00366,BR-A,77.02,2026-01-02
SKU-00366,Item-00366,BR-B,78.19,2026-01-02
SKU-00366,Item-00366,BR-C,36.84,2026-01-02
SKU-00366,Item-00366,BR-D,35.17,2026-01-02
SKU-00366,Item-00366,BR-E,78.27,2026-01-02
SKU-00367,Item-00367,BR-A,34.5,2026-01-02
SKU-00367,Item-00367,BR-B,33.9,2026-01-02
SKU-00367,Item-00367,BR-C,50.23,2026-01-02
SKU-00367,Item-00367,BR-D,38.92,2026-01-02
SKU-00367,Item-00367,BR-E,68.57,2026-01-02
SKU-00368,Item-00368,BR-A,72.19,2026-01-02
SKU-00368,Item-00368,BR-B,72.06,2026-01-02
SKU-00368,Item-00368,BR-C,96.98,2026-01-02
SKU-00368,Item-00368,BR-D,68.36,2026-01-02
SKU-00368,Item-00368,BR-E,71.24,2026-01-02
SKU-00369,Item-00369,BR-A,177.26,2026-01-02
SKU-00369,Item-00369,BR-B,114.22,2026-01-02
SKU-00369,Item-00369,BR-C,242.58,2026-01-02
SKU-00369,Item-00369,BR-D,225.62,2026-01-02
SKU-00369,Item-00369,BR-E,264.69,2026-01-02
SKU-00370,Item-00370,BR-A,22.89,2026-01-02
SKU-00370,Item-00370,BR-B,49.47,2026-01-02
SKU-00370,Item-00370,BR-C,49.45,2026-01-02
SKU-00370,Item-00370,BR-D,37.83,2026-01-02
SKU-00370,Item-00370,BR-E,45.78,2026-01-02
SKU-00371,Item-00371,BR-A,84.44,2026-01-02
SKU-00371,Item-00371,BR-B,77.96,2026-01-02
SKU-00371,Item-00371,BR-C,39.24,2026-01-02
SKU-00371,Item-00371,BR-D,35.11,2026-01-02
SKU-00371,Item-00371,BR-E,77.6,2026-01-02
SKU-00372,Item-00372,BR-A,141.26,2026-01-02
SKU-00372,Item-00372,BR-B,117.03,2026-01-02
SKU-00372,Item-00372,BR-C,176.12,2026-01-02
SKU-00372,Item-00372,BR-D,133.55,2026-01-02
SKU-00372,Item-00372,BR-E,64.17,2026-01-02
SKU-00373,Item-00373,BR-A,245.87,2026-01-02
SKU-00373,Item-00373,BR-B,194.75,2026-01-02
SKU-00373,Item-00373,BR-C,242.8,2026-01-02
SKU-00373,Item-00373,BR-D,140.75,2026-01-02
SKU-00373,Item-00373,BR-E,207.04,2026-01-02
SKU-00374,Item-00374,BR-A,60.23,2026-01-02
SKU-00374,Item-00374,BR-B,70.78,2026-01-02
SKU-00374,Item-00374,BR-C,52.41,2026-01-02
SKU-00374,Item-00374,BR-D,35.48,2026-01-02
SKU-00374,Item-00374,BR-E,27.78,2026-01-02
SKU-00375,Item-00375,BR-A,72.84,2026-01-02
SKU-00375,Item-00375,BR-B,53.09,2026-01-02
SKU-00375,Item-00375,BR-C,36.6,2026-01-02
SKU-00375,Item-00375,BR-D,37.54,2026-01-02
SKU-00375,Item-00375,BR-E,91.84,2026-01-02
SKU-00376,Item-00376,BR-A,25.83,2026-01-02
SKU-00376,Item-00376,BR-B,26.32,2026-01-02
SKU-00376,Item-00376,BR-C,20.12,2026-01-02
SKU-00376,Item-00376,BR-D,42.22,2026-01-02
SKU-00376,Item-00376,BR-E,39.42,2026-01-02
SKU-00377,Item-00377,BR-A,119.29,2026-01-02
SKU-00377,Item-00377,BR-B,264.34,2026-01-02
SKU-00377,Item-00377,BR-C,133.31,2026-01-02
SKU-00377,Item-00377,BR-D,250.49,2026-01-02
SKU-00377,Item-00377,BR-E,156.49,2026-01-02
SKU-00378,Item-00378,BR-A,77.04,2026-01-02
SKU-00378,Item-00378,BR-B,71.16,2026-01-02
SKU-00378,Item-00378,BR-C,39.33,2026-01-02
SKU-00378,Item-00378,BR-D,61.42,2026-01-02
SKU-00378,Item-00378,BR-E,57.93,2026-01-02
SKU-00379,Item-00379,BR-A,169.23,2026-01-02
SKU-00379,Item-00379,BR-B,106.78,2026-01-02
SKU-00379,Item-00379,BR-C,153.96,2026-01-02
SKU-00379,Item-00379,BR-D,84.28,2026-01-02
SKU-00379,Item-00379,BR-E,151.51,2026-01-02
SKU-00380,Item-00380,BR-A,32.25,2026-01-02
SKU-00380,Item-00380,BR-B,24.73,2026-01-02
SKU-00380,Item-00380,BR-C,24.19,2026-01-02
SKU-00380,Item-00380,BR-D,33.5,2026-01-02
SKU-00380,Item-00380,BR-E,23.88,2026-01-02
SKU-00381,Item-00381,BR-A,125.15,2026-01-02
SKU-00381,Item-00381,BR-B,109.25,2026-01-02
SKU-00381,Item-00381,BR-C,147.13,2026-01-02
SKU-00381,Item-00381,BR-D,153.33,2026-01-02
SKU-00381,Item-00381,BR-E,130.93,2026-01-02
SKU-00382,Item-00382,BR-A,92.8,2026-01-02
SKU-00382,Item-00382,BR-B,92.03,2026-01-02
SKU-00382,Item-00382,BR-C,55.24,2026-01-02
SKU-00382,Item-00382,BR-D,83.99,2026-01-02
SKU-00382,Item-00382,BR-E,95.61,2026-01-02
SKU-00383,Item-00383,BR-A,29.84,2026-01-02
SKU-00383,Item-00383,BR-B,47.92,2026-01-02
SKU-00383,Item-00383,BR-C,27.14,2026-01-02
SKU-00383,Item-00383,BR-D,40.45,2026-01-02
SKU-00383,Item-00383,BR-E,45.7,2026-01-02
SKU-00384,Item-00384,BR-A,55.42,2026-01-02
SKU-00384,Item-00384,BR-B,43.22,2026-01-02
SKU-00384,Item-00384,BR-C,50.87,2026-01-02
SKU-00384,Item-00384,BR-D,75.36,2026-01-02
SKU-00384,Item-00384,BR-E,52.97,2026-01-02
SKU-00385,Item-00385,BR-A,17.69,2026-01-02
SKU-00385,Item-00385,BR-B,17.15,2026-01-02
SKU-00385,Item-00385,BR-C,37.1,2026-01-02
SKU-00385,Item-00385,BR-D,35.52,2026-01-02
SKU-00385,Item-00385,BR-E,27.32,2026-01-02
SKU-00386,Item-00386,BR-A,67.11,2026-01-02
SKU-00386,Item-00386,BR-B,47.17,2026-01-02
SKU-00386,Item-00386,BR-C,49.49,2026-01-02
SKU-00386,Item-00386,BR-D,46.96,2026-01-02
SKU-00386,Item-00386,BR-E,51.99,2026-01-02
SKU-00387,Item-00387,BR-A,109.96,2026-01-02
SKU-00387,Item-00387,BR-B,72.24,2026-01-02
SKU-00387,Item-00387,BR-C,136.89,2026-01-02
SKU-00387,Item-00387,BR-D,126.35,2026-01-02
SKU-00387,Item-00387,BR-E,90.38,2026-01-02
SKU-00388,Item-00388,BR-A,26.09,2026-01-02
SKU-00388,Item-00388,BR-B,20.4,2026-01-02
SKU-00388,Item-00388,BR-C,34.27,2026-01-02
SKU-00388,Item-00388,BR-D,21.46,2026-01-02
SKU-00388,Item-00388,BR-E,39.47,2026-01-02
SKU-00389,Item-00389,BR-A,14.47,2026-01-02
SKU-00389,Item-00389,BR-B,14.52,2026-01-02
SKU-00389,Item-00389,BR-C,18.77,2026-01-02
SKU-00389,Item-00389,BR-D,12.53,2026-01-02
SKU-00389,Item-00389,BR-E,28.52,2026-01-02
SKU-00390,Item-00390,BR-A,22.17,2026-01-02
SKU-00390,Item-00390,BR-B,29.85,2026-01-02
SKU-00390,Item-00390,BR-C,26.35,2026-01-02
SKU-00390,Item-00390,BR-D,32.06,2026-01-02
SKU-00390,Item-00390,BR-E,30.82,2026-01-02
SKU-00391,Item-00391,BR-A,96.21,2026-01-02
SKU-00391,Item-00391,BR-B,180.22,2026-01-02
SKU-00391,Item-00391,BR-C,168.8,2026-01-02
SKU-00391,Item-00391,BR-D,86.88,2026-01-02
SKU-00391,Item-00391,BR-E,86.63,2026-01-02
SKU-00392,Item-00392,BR-A,195.52,2026-01-02
SKU-00392,Item-00392,BR-B,173.78,2026-01-02
SKU-00392,Item-00392,BR-C,214.47,2026-01-02
SKU-00392,Item-00392,BR-D,98.07,2026-01-02
SKU-00392,Item-00392,BR-E,163.18,2026-01-02
SKU-00393,Item-00393,BR-A,48.97,2026-01-02
SKU-00393,Item-00393,BR-B,58.94,2026-01-02
SKU-00393,Item-00393,BR-C,63.89,2026-01-02
SKU-00393,Item-00393,BR-D,91.36,2026-01-02
SKU-00393,Item-00393,BR-E,110.67,2026-01-02
SKU-00394,Item-00394,BR-A,85.43,2026-01-02
SKU-00394,Item-00394,BR-B,91.32,2026-01-02
SKU-00394,Item-00394,BR-C,69.23,2026-01-02
SKU-00394,Item-00394,BR-D,62.24,2026-01-02
SKU-00394,Item-00394,BR-E,70.24,2026-01-02
SKU-00395,Item-00395,BR-A,94.18,2026-01-02
SKU-00395,Item-00395,BR-B,55.99,2026-01-02
SKU-00395,Item-00395,BR-C,75.49,2026-01-02
SKU-00395,Item-00395,BR-D,76.51,2026-01-02
SKU-00395,Item-00395,BR-E,58.13,2026-01-02
SKU-00396,Item-00396,BR-A,101.25,2026-01-02
SKU-00396,Item-00396,BR-B,79.88,2026-01-02
SKU-00396,Item-00396,BR-C,66.49,2026-01-02
SKU-00396,Item-00396,BR-D,78.29,2026-01-02
SKU-00396,Item-00396,BR-E,66.73,2026-01-02
SKU-00397,Item-00397,BR-A,279.15,2026-01-02
SKU-00397,Item-00397,BR-B,258.52,2026-01-02
SKU-00397,Item-00397,BR-C,138.32,2026-01-02
SKU-00397,Item-00397,BR-D,219.6,2026-01-02
SKU-00397,Item-00397,BR-E,219.81,2026-01-02
SKU-00398,Item-00398,BR-A,120.32,2026-01-02
SKU-00398,Item-00398,BR-B,143.82,2026-01-02
SKU-00398,Item-00398,BR-C,164.07,2026-01-02
SKU-00398,Item-00398,BR-D,90.08,2026-01-02
SKU-00398,Item-00398,BR-E,103.66,2026-01-02
SKU-00399,Item-00399,BR-A,130.38,2026-01-02
SKU-00399,Item-00399,BR-B,131.75,2026-01-02
SKU-00399,Item-00399,BR-C,72.91,2026-01-02
SKU-00399,Item-00399,BR-D,91.69,2026-01-02
SKU-00399,Item-00399,BR-E,89.9,2026-01-02
SKU-00400,Item-00400,BR-A,61.79,2026-01-02
SKU-00400,Item-00400,BR-B,74.8,2026-01-02
SKU-00400,Item-00400,BR-C,50.29,2026-01-02
SKU-00400,Item-00400,BR-D,69.62,2026-01-02
SKU-00400,Item-00400,BR-E,55.95,2026-01-02
SKU-00001,Cola 1.5L,BR-A,124.74,2026-01-03
SKU-00001,Cola 1.5L,BR-B,186.8,2026-01-03
SKU-00001,Cola 1.5L,BR-C,231.38,2026-01-03
SKU-00001,Cola 1.5L,BR-D,99.38,2026-01-03
SKU-00001,Cola 1.5L,BR-E,92.12,2026-01-03
SKU-00002,Orange Juice 1L,BR-A,15.04,2026-01-03
SKU-00002,Orange Juice 1L,BR-B,16.11,2026-01-03
SKU-00002,Orange Juice 1L,BR-C,19.54,2026-01-03
SKU-00002,Orange Juice 1L,BR-D,17.85,2026-01-03
SKU-00002,Orange Juice 1L,BR-E,16.42,2026-01-03
SKU-00003,Mineral Water 500ml,BR-A,86.41,2026-01-03
SKU-00003,Mineral Water 500ml,BR-B,83.25,2026-01-03
SKU-00003,Mineral Water 500ml,BR-C,63.17,2026-01-03
SKU-00003,Mineral Water 500ml,BR-D,78.16,2026-01-03
SKU-00003,Mineral Water 500ml,BR-E,78.05,2026-01-03
SKU-00004,Energy Drink 250ml,BR-A,71.22,2026-01-03
SKU-00004,Energy Drink 250ml,BR-B,72.5,2026-01-03
SKU-00004,Energy Drink 250ml,BR-C,76.74,2026-01-03
SKU-00004,Energy Drink 250ml,BR-D,85.44,2026-01-03
SKU-00004,Energy Drink 250ml,BR-E,64.71,2026-01-03
SKU-00005,Soda Can,BR-A,242.01,2026-01-03
SKU-00005,Soda Can,BR-B,206.08,2026-01-03
SKU-00005,Soda Can,BR-C,185.54,2026-01-03
SKU-00005,Soda Can,BR-D,165.04,2026-01-03
SKU-00005,Soda Can,BR-E,116.29,2026-01-03
SKU-00006,Apple Juice 1L,BR-A,254.92,2026-01-03
SKU-00006,Apple Juice 1L,BR-B,170.19,2026-01-03
SKU-00006,Apple Juice 1L,BR-C,180.2,2026-01-03
SKU-00006,Apple Juice 1L,BR-D,184.02,2026-01-03
SKU-00006,Apple Juice 1L,BR-E,263.13,2026-01-03
SKU-00007,Tea Bag 100s,BR-A,205.99,2026-01-03
SKU-00007,Tea Bag 100s,BR-B,287.61,2026-01-03
SKU-00007,Tea Bag 100s,BR-C,130.14,2026-01-03
SKU-00007,Tea Bag 100s,BR-D,192.32,2026-01-03
SKU-00007,Tea Bag 100s,BR-E,170.03,2026-01-03
SKU-00008,Coffee 200g,BR-A,25.23,2026-01-03
SKU-00008,Coffee 200g,BR-B,22.04,2026-01-03
SKU-00008,Coffee 200g,BR-C,21.68,2026-01-03
SKU-00008,Coffee 200g,BR-D,41.4,2026-01-03
SKU-00008,Coffee 200g,BR-E,25.1,2026-01-03
SKU-00009,Lemonade 1L,BR-A,129.44,2026-01-03
SKU-00009,Lemonade 1L,BR-B,156.72,2026-01-03
SKU-00009,Lemonade 1L,BR-C,135.67,2026-01-03
SKU-00009,Lemonade 1L,BR-D,76.0,2026-01-03
SKU-00009,Lemonade 1L,BR-E,94.41,2026-01-03
SKU-00010,Iced Tea 500ml,BR-A,17.55,2026-01-03
SKU-00010,Iced Tea 500ml,BR-B,21.04,2026-01-03
SKU-00010,Iced Tea 500ml,BR-C,19.26,2026-01-03
SKU-00010,Iced Tea 500ml,BR-D,17.01,2026-01-03
SKU-00010,Iced Tea 500ml,BR-E,17.87,2026-01-03
SKU-00011,Thermos Flask 500ml,BR-A,82.57,2026-01-03
SKU-00011,Thermos Flask 500ml,BR-B,82.81,2026-01-03
SKU-00011,Thermos Flask 500ml,BR-C,85.58,2026-01-03
SKU-00011,Thermos Flask 500ml,BR-D,71.8,2026-01-03
SKU-00011,Thermos Flask 500ml,BR-E,50.8,2026-01-03
SKU-00012,أكوا 1.5 لتر,BR-A,173.26,2026-01-03
SKU-00012,أكوا 1.5 لتر,BR-B,162.2,2026-01-03
SKU-00012,أكوا 1.5 لتر,BR-C,89.82,2026-01-03
SKU-00012,أكوا 1.5 لتر,BR-D,99.29,2026-01-03
SKU-00012,أكوا 1.5 لتر,BR-E,153.95,2026-01-03
SKU-00013,Sports Drink 600ml,BR-A,8.48,2026-01-03
SKU-00013,Sports Drink 600ml,BR-B,12.66,2026-01-03
SKU-00013,Sports Drink 600ml,BR-C,20.32,2026-01-03
SKU-00013,Sports Drink 600ml,BR-D,11.17,2026-01-03
SKU-00013,Sports Drink 600ml,BR-E,9.92,2026-01-03
SKU-00014,Milk 1L,BR-A,33.34,2026-01-03
SKU-00014,Milk 1L,BR-B,31.69,2026-01-03
SKU-00014,Milk 1L,BR-C,80.82,2026-01-03
SKU-00014,Milk 1L,BR-D,50.99,2026-01-03
SKU-00014,Milk 1L,BR-E,39.69,2026-01-03
SKU-00015,Butter 250g,BR-A,233.94,2026-01-03
SKU-00015,Butter 250g,BR-B,245.33,2026-01-03
SKU-00015,Butter 250g,BR-C,97.66,2026-01-03
SKU-00015,Butter 250g,BR-D,103.09,2026-01-03
SKU-00015,Butter 250g,BR-E,165.92,2026-01-03
SKU-00016,Cheese Slices,BR-A,167.27,2026-01-03
SKU-00016,Cheese Slices,BR-B,95.37,2026-01-03
SKU-00016,Cheese Slices,BR-C,110.33,2026-01-03
SKU-00016,Cheese Slices,BR-D,115.21,2026-01-03
SKU-00016,Cheese Slices,BR-E,127.15,2026-01-03
SKU-00017,Yogurt 500g,BR-A,55.77,2026-01-03
SKU-00017,Yogurt 500g,BR-B,36.51,2026-01-03
SKU-00017,Yogurt 500g,BR-C,88.37,2026-01-03
SKU-00017,Yogurt 500g,BR-D,50.29,2026-01-03
SKU-00017,Yogurt 500g,BR-E,43.03,2026-01-03
SKU-00018,Eggs 12pk,BR-A,191.5,2026-01-03
SKU-00018,Eggs 12pk,BR-B,164.26,2026-01-03
SKU-00018,Eggs 12pk,BR-C,188.28,2026-01-03
SKU-00018,Eggs 12pk,BR-D,194.04,2026-01-03
SKU-00018,Eggs 12pk,BR-E,228.36,2026-01-03
SKU-00019,Cream 200ml,BR-A,206.62,2026-01-03
SKU-00019,Cream 200ml,BR-B,210.71,2026-01-03
SKU-00019,Cream 200ml,BR-C,292.08,2026-01-03
SKU-00019,Cream 200ml,BR-D,137.44,2026-01-03
SKU-00019,Cream 200ml,BR-E,136.37,2026-01-03
SKU-00020,Cheese Block 200g,BR-A,9.41,2026-01-03
SKU-00020,Cheese Block 200g,BR-B,10.82,2026-01-03
SKU-00020,Cheese Block 200g,BR-C,12.17,2026-01-03
SKU-00020,Cheese Block 200g,BR-D,11.16,2026-01-03
SKU-00020,Cheese Block 200g,BR-E,4.75,2026-01-03
SKU-00021,Ghee 1L,BR-A,135.68,2026-01-03
SKU-00021,Ghee 1L,BR-B,246.21,2026-01-03
SKU-00021,Ghee 1L,BR-C,296.99,2026-01-03
SKU-00021,Ghee 1L,BR-D,305.44,2026-01-03
SKU-00021,Ghee 1L,BR-E,146.56,2026-01-03
SKU-00022,Milk Powder 400g,BR-A,152.35,2026-01-03
SKU-00022,Milk Powder 400g,BR-B,179.76,2026-01-03
SKU-00022,Milk Powder 400g,BR-C,191.57,2026-01-03
SKU-00022,Milk Powder 400g,BR-D,233.14,2026-01-03
SKU-00022,Milk Powder 400g,BR-E,116.98,2026-01-03
SKU-00023,الحليب الطازج,BR-A,109.89,2026-01-03
SKU-00023,الحليب الطازج,BR-B,80.92,2026-01-03
SKU-00023,الحليب الطازج,BR-C,62.68,2026-01-03
SKU-00023,الحليب الطازج,BR-D,128.57,2026-01-03
SKU-00023,الحليب الطازج,BR-E,90.61,2026-01-03
SKU-00024,Bread Loaf,BR-A,43.79,2026-01-03
SKU-00024,Bread Loaf,BR-B,60.0,2026-01-03
SKU-00024,Bread Loaf,BR-C,35.97,2026-01-03
SKU-00024,Bread Loaf,BR-D,61.84,2026-01-03
SKU-00024,Bread Loaf,BR-E,40.37,2026-01-03
SKU-00025,Croissant,BR-A,260.05,2026-01-03
SKU-00025,Croissant,BR-B,155.43,2026-01-03
SKU-00025,Croissant,BR-C,227.0,2026-01-03
SKU-00025,Croissant,BR-D,322.3,2026-01-03
SKU-00025,Croissant,BR-E,224.07,2026-01-03
SKU-00026,Pita Bread 6pk,BR-A,110.45,2026-01-03
SKU-00026,Pita Bread 6pk,BR-B,63.33,2026-01-03
SKU-00026,Pita Bread 6pk,BR-C,118.58,2026-01-03
SKU-00026,Pita Bread 6pk,BR-D,88.13,2026-01-03
SKU-00026,Pita Bread 6pk,BR-E,70.36,2026-01-03
SKU-00027,Muffin 4pk,BR-A,40.25,2026-01-03
SKU-00027,Muffin 4pk,BR-B,28.58,2026-01-03
SKU-00027,Muffin 4pk,BR-C,28.46,2026-01-03
SKU-00027,Muffin 4pk,BR-D,29.95,2026-01-03
SKU-00027,Muffin 4pk,BR-E,41.77,2026-01-03
SKU-00028,Baguette,BR-A,41.42,2026-01-03
SKU-00028,Baguette,BR-B,27.97,2026-01-03
SKU-00028,Baguette,BR-C,17.65,2026-01-03
SKU-00028,Baguette,BR-D,21.25,2026-01-03
SKU-00028,Baguette,BR-E,17.04,2026-01-03
SKU-00029,Donuts 6pk,BR-A,297.7,2026-01-03
SKU-00029,Donuts 6pk,BR-B,328.12,2026-01-03
SKU-00029,Donuts 6pk,BR-C,137.98,2026-01-03
SKU-00029,Donuts 6pk,BR-D,188.9,2026-01-03
SKU-00029,Donuts 6pk,BR-E,336.6,2026-01-03
SKU-00030,Cake Slice,BR-A,112.1,2026-01-03
SKU-00030,Cake Slice,BR-B,95.69,2026-01-03
SKU-00030,Cake Slice,BR-C,206.99,2026-01-03
SKU-00030,Cake Slice,BR-D,191.19,2026-01-03
SKU-00030,Cake Slice,BR-E,188.21,2026-01-03
SKU-00031,Cookies Pack,BR-A,304.22,2026-01-03
SKU-00031,Cookies Pack,BR-B,125.88,2026-01-03
SKU-00031,Cookies Pack,BR-C,247.02,2026-01-03
SKU-00031,Cookies Pack,BR-D,264.29,2026-01-03
SKU-00031,Cookies Pack,BR-E,253.1,2026-01-03
SKU-00032,كعكة شوكولاتة,BR-A,202.64,2026-01-03
SKU-00032,كعكة شوكولاتة,BR-B,159.74,2026-01-03
SKU-00032,كعكة شوكولاتة,BR-C,180.09,2026-01-03
SKU-00032,كعكة شوكولاتة,BR-D,233.49,2026-01-03
SKU-00032,كعكة شوكولاتة,BR-E,209.12,2026-01-03
SKU-00033,Apples 1kg,BR-A,120.08,2026-01-03
SKU-00033,Apples 1kg,BR-B,182.54,2026-01-03
SKU-00033,Apples 1kg,BR-C,206.27,2026-01-03
SKU-00033,Apples 1kg,BR-D,77.85,2026-01-03
SKU-00033,Apples 1kg,BR-E,116.58,2026-01-03
SKU-00034,Bananas 1kg,BR-A,270.02,2026-01-03
SKU-00034,Bananas 1kg,BR-B,369.45,2026-01-03
SKU-00034,Bananas 1kg,BR-C,313.7,2026-01-03
SKU-00034,Bananas 1kg,BR-D,249.35,2026-01-03
SKU-00034,Bananas 1kg,BR-E,188.31,2026-01-03
SKU-00035,Potatoes 2kg,BR-A,110.93,2026-01-03
SKU-00035,Potatoes 2kg,BR-B,135.92,2026-01-03
SKU-00035,Potatoes 2kg,BR-C,121.95,2026-01-03
SKU-00035,Potatoes 2kg,BR-D,126.61,2026-01-03
SKU-00035,Potatoes 2kg,BR-E,146.09,2026-01-03
SKU-00036,Onions 1kg,BR-A,193.23,2026-01-03
SKU-00036,Onions 1kg,BR-B,138.03,2026-01-03
SKU-00036,Onions 1kg,BR-C,107.7,2026-01-03
SKU-00036,Onions 1kg,BR-D,122.96,2026-01-03
SKU-00036,Onions 1kg,BR-E,84.23,2026-01-03
SKU-00037,Tomatoes 1kg,BR-A,189.18,2026-01-03
SKU-00037,Tomatoes 1kg,BR-B,273.83,2026-01-03
SKU-00037,Tomatoes 1kg,BR-C,277.07,2026-01-03
SKU-00037,Tomatoes 1kg,BR-D,144.0,2026-01-03
SKU-00037,Tomatoes 1kg,BR-E,331.65,2026-01-03
SKU-00038,Cucumbers 500g,BR-A,134.28,2026-01-03
SKU-00038,Cucumbers 500g,BR-B,103.08,2026-01-03
SKU-00038,Cucumbers 500g,BR-C,178.02,2026-01-03
SKU-00038,Cucumbers 500g,BR-D,173.04,2026-01-03
SKU-00038,Cucumbers 500g,BR-E,211.53,2026-01-03
SKU-00039,Lettuce Head,BR-A,157.09,2026-01-03
SKU-00039,Lettuce Head,BR-B,127.37,2026-01-03
SKU-00039,Lettuce Head,BR-C,300.26,2026-01-03
SKU-00039,Lettuce Head,BR-D,254.35,2026-01-03
SKU-00039,Lettuce Head,BR-E,175.38,2026-01-03
SKU-00040,Carrots 1kg,BR-A,200.67,2026-01-03
SKU-00040,Carrots 1kg,BR-B,193.39,2026-01-03
SKU-00040,Carrots 1kg,BR-C,233.21,2026-01-03
SKU-00040,Carrots 1kg,BR-D,99.2,2026-01-03
SKU-00040,Carrots 1kg,BR-E,91.48,2026-01-03
SKU-00041,Potato Chips 150g,BR-A,168.73,2026-01-03
SKU-00041,Potato Chips 150g,BR-B,215.75,2026-01-03
SKU-00041,Potato Chips 150g,BR-C,165.3,2026-01-03
SKU-00041,Potato Chips 150g,BR-D,108.52,2026-01-03
SKU-00041,Potato Chips 150g,BR-E,220.19,2026-01-03
SKU-00042,Ice Cream 500ml,BR-A,11.98,2026-01-03
SKU-00042,Ice Cream 500ml,BR-B,15.11,2026-01-03
SKU-00042,Ice Cream 500ml,BR-C,23.05,2026-01-03
SKU-00042,Ice Cream 500ml,BR-D,17.92,2026-01-03
SKU-00042,Ice Cream 500ml,BR-E,27.49,2026-01-03
SKU-00043,Frozen Peas 500g,BR-A,86.3,2026-01-03
SKU-00043,Frozen Peas 500g,BR-B,98.09,2026-01-03
SKU-00043,Frozen Peas 500g,BR-C,70.9,2026-01-03
SKU-00043,Frozen Peas 500g,BR-D,92.01,2026-01-03
SKU-00043,Frozen Peas 500g,BR-E,74.89,2026-01-03
SKU-00044,Frozen Pizza,BR-A,85.55,2026-01-03
SKU-00044,Frozen Pizza,BR-B,90.52,2026-01-03
SKU-00044,Frozen Pizza,BR-C,70.94,2026-01-03
SKU-00044,Frozen Pizza,BR-D,65.69,2026-01-03
SKU-00044,Frozen Pizza,BR-E,105.62,2026-01-03
SKU-00045,Chicken Fingers 500g,BR-A,33.56,2026-01-03
SKU-00045,Chicken Fingers 500g,BR-B,32.43,2026-01-03
SKU-00045,Chicken Fingers 500g,BR-C,33.55,2026-01-03
SKU-00045,Chicken Fingers 500g,BR-D,28.34,2026-01-03
SKU-00045,Chicken Fingers 500g,BR-E,21.05,2026-01-03
SKU-00046,Fish Fingers 500g,BR-A,56.76,2026-01-03
SKU-00046,Fish Fingers 500g,BR-B,73.44,2026-01-03
SKU-00046,Fish Fingers 500g,BR-C,89.19,2026-01-03
SKU-00046,Fish Fingers 500g,BR-D,58.95,2026-01-03
SKU-00046,Fish Fingers 500g,BR-E,41.7,2026-01-03
SKU-00047,Frozen Veg Mix 450g,BR-A,40.14,2026-01-03
SKU-00047,Frozen Veg Mix 450g,BR-B,43.89,2026-01-03
SKU-00047,Frozen Veg Mix 450g,BR-C,19.92,2026-01-03
SKU-00047,Frozen Veg Mix 450g,BR-D,19.29,2026-01-03
SKU-00047,Frozen Veg Mix 450g,BR-E,45.82,2026-01-03
SKU-00048,مجمدات متنوعة,BR-A,78.09,2026-01-03
SKU-00048,مجمدات متنوعة,BR-B,75.78,2026-01-03
SKU-00048,مجمدات متنوعة,BR-C,69.86,2026-01-03
SKU-00048,مجمدات متنوعة,BR-D,81.94,2026-01-03
SKU-00048,مجمدات متنوعة,BR-E,86.71,2026-01-03
SKU-00049,Detergent 1L,BR-A,177.33,2026-01-03
SKU-00049,Detergent 1L,BR-B,156.51,2026-01-03
SKU-00049,Detergent 1L,BR-C,134.52,2026-01-03
SKU-00049,Detergent 1L,BR-D,173.95,2026-01-03
SKU-00049,Detergent 1L,BR-E,161.31,2026-01-03
SKU-00050,Toilet Paper 6pk,BR-A,96.81,2026-01-03
SKU-00050,Toilet Paper 6pk,BR-B,145.38,2026-01-03
SKU-00050,Toilet Paper 6pk,BR-C,101.7,2026-01-03
SKU-00050,Toilet Paper 6pk,BR-D,149.56,2026-01-03
SKU-00050,Toilet Paper 6pk,BR-E,134.77,2026-01-03
SKU-00051,Hand Soap,BR-A,68.53,2026-01-03
SKU-00051,Hand Soap,BR-B,66.8,2026-01-03
SKU-00051,Hand Soap,BR-C,125.41,2026-01-03
SKU-00051,Hand Soap,BR-D,67.03,2026-01-03
SKU-00051,Hand Soap,BR-E,124.75,2026-01-03
SKU-00052,Shampoo 400ml,BR-A,83.64,2026-01-03
SKU-00052,Shampoo 400ml,BR-B,39.17,2026-01-03
SKU-00052,Shampoo 400ml,BR-C,44.82,2026-01-03
SKU-00052,Shampoo 400ml,BR-D,60.38,2026-01-03
SKU-00052,Shampoo 400ml,BR-E,76.67,2026-01-03
SKU-00053,Toothpaste 100ml,BR-A,110.05,2026-01-03
SKU-00053,Toothpaste 100ml,BR-B,67.39,2026-01-03
SKU-00053,Toothpaste 100ml,BR-C,110.62,2026-01-03
SKU-00053,Toothpaste 100ml,BR-D,84.63,2026-01-03
SKU-00053,Toothpaste 100ml,BR-E,70.3,2026-01-03
SKU-00054,Cleaning Spray,BR-A,160.8,2026-01-03
SKU-00054,Cleaning Spray,BR-B,270.76,2026-01-03
SKU-00054,Cleaning Spray,BR-C,141.14,2026-01-03
SKU-00054,Cleaning Spray,BR-D,168.71,2026-01-03
SKU-00054,Cleaning Spray,BR-E,221.91,2026-01-03
SKU-00055,Garbage Bags 30pk,BR-A,261.27,2026-01-03
SKU-00055,Garbage Bags 30pk,BR-B,143.78,2026-01-03
SKU-00055,Garbage Bags 30pk,BR-C,174.99,2026-01-03
SKU-00055,Garbage Bags 30pk,BR-D,227.13,2026-01-03
SKU-00055,Garbage Bags 30pk,BR-E,116.26,2026-01-03
SKU-00056,Chips 150g,BR-A,181.55,2026-01-03
SKU-00056,Chips 150g,BR-B,94.49,2026-01-03
SKU-00056,Chips 150g,BR-C,230.58,2026-01-03
SKU-00056,Chips 150g,BR-D,229.74,2026-01-03
SKU-00056,Chips 150g,BR-E,121.36,2026-01-03
SKU-00057,Chocolate Bar,BR-A,67.77,2026-01-03
SKU-00057,Chocolate Bar,BR-B,51.28,2026-01-03
SKU-00057,Chocolate Bar,BR-C,32.99,2026-01-03
SKU-00057,Chocolate Bar,BR-D,44.28,2026-01-03
SKU-00057,Chocolate Bar,BR-E,70.33,2026-01-03
SKU-00058,Biscuits Pack,BR-A,182.95,2026-01-03
SKU-00058,Biscuits Pack,BR-B,212.7,2026-01-03
SKU-00058,Biscuits Pack,BR-C,211.3,2026-01-03
SKU-00058,Biscuits Pack,BR-D,275.32,2026-01-03
SKU-00058,Biscuits Pack,BR-E,252.56,2026-01-03
SKU-00059,Gum Pack,BR-A,48.63,2026-01-03
SKU-00059,Gum Pack,BR-B,60.37,2026-01-03
SKU-00059,Gum Pack,BR-C,54.89,2026-01-03
SKU-00059,Gum Pack,BR-D,62.38,2026-01-03
SKU-00059,Gum Pack,BR-E,50.04,2026-01-03
SKU-00060,Nuts Mix 200g,BR-A,102.64,2026-01-03
SKU-00060,Nuts Mix 200g,BR-B,101.51,2026-01-03
SKU-00060,Nuts Mix 200g,BR-C,101.42,2026-01-03
SKU-00060,Nuts Mix 200g,BR-D,144.27,2026-01-03
SKU-00060,Nuts Mix 200g,BR-E,88.7,2026-01-03
SKU-00061,Popcorn 100g,BR-A,344.47,2026-01-03
SKU-00061,Popcorn 100g,BR-B,309.64,2026-01-03
SKU-00061,Popcorn 100g,BR-C,244.04,2026-01-03
SKU-00061,Popcorn 100g,BR-D,198.53,2026-01-03
SKU-00061,Popcorn 100g,BR-E,240.38,2026-01-03
SKU-00062,Pretzels 200g,BR-A,182.15,2026-01-03
SKU-00062,Pretzels 200g,BR-B,252.53,2026-01-03
SKU-00062,Pretzels 200g,BR-C,241.05,2026-01-03
SKU-00062,Pretzels 200g,BR-D,215.04,2026-01-03
SKU-00062,Pretzels 200g,BR-E,199.85,2026-01-03
SKU-00063,Candy Assorted,BR-A,207.4,2026-01-03
SKU-00063,Candy Assorted,BR-B,183.96,2026-01-03
SKU-00063,Candy Assorted,BR-C,163.99,2026-01-03
SKU-00063,Candy Assorted,BR-D,197.1,2026-01-03
SKU-00063,Candy Assorted,BR-E,183.99,2026-01-03
SKU-00064,Chicken Breast 1kg,BR-A,197.97,2026-01-03
SKU-00064,Chicken Breast 1kg,BR-B,119.24,2026-01-03
SKU-00064,Chicken Breast 1kg,BR-C,197.66,2026-01-03
SKU-00064,Chicken Breast 1kg,BR-D,131.6,2026-01-03
SKU-00064,Chicken Breast 1kg,BR-E,208.35,2026-01-03
SKU-00065,Beef Mince 500g,BR-A,245.62,2026-01-03
SKU-00065,Beef Mince 500g,BR-B,130.22,2026-01-03
SKU-00065,Beef Mince 500g,BR-C,244.16,2026-01-03
SKU-00065,Beef Mince 500g,BR-D,160.29,2026-01-03
SKU-00065,Beef Mince 500g,BR-E,223.37,2026-01-03
SKU-00066,Lamb Chops 500g,BR-A,291.64,2026-01-03
SKU-00066,Lamb Chops 500g,BR-B,133.85,2026-01-03
SKU-00066,Lamb Chops 500g,BR-C,299.63,2026-01-03
SKU-00066,Lamb Chops 500g,BR-D,145.93,2026-01-03
SKU-00066,Lamb Chops 500g,BR-E,113.27,2026-01-03
SKU-00067,Sausages 400g,BR-A,85.62,2026-01-03
SKU-00067,Sausages 400g,BR-B,50.64,2026-01-03
SKU-00067,Sausages 400g,BR-C,80.38,2026-01-03
SKU-00067,Sausages 400g,BR-D,92.14,2026-01-03
SKU-00067,Sausages 400g,BR-E,63.49,2026-01-03
SKU-00068,Bacon 200g,BR-A,19.76,2026-01-03
SKU-00068,Bacon 200g,BR-B,16.82,2026-01-03
SKU-00068,Bacon 200g,BR-C,13.81,2026-01-03
SKU-00068,Bacon 200g,BR-D,8.57,2026-01-03
SKU-00068,Bacon 200g,BR-E,20.57,2026-01-03
SKU-00069,Fish Fillet 500g,BR-A,48.56,2026-01-03
SKU-00069,Fish Fillet 500g,BR-B,84.33,2026-01-03
SKU-00069,Fish Fillet 500g,BR-C,82.42,2026-01-03
SKU-00069,Fish Fillet 500g,BR-D,120.87,2026-01-03
SKU-00069,Fish Fillet 500g,BR-E,73.99,2026-01-03
SKU-00070,دجاج كامل,BR-A,59.16,2026-01-03
SKU-00070,دجاج كامل,BR-B,48.56,2026-01-03
SKU-00070,دجاج كامل,BR-C,47.43,2026-01-03
SKU-00070,دجاج كامل,BR-D,52.54,2026-01-03
SKU-00070,دجاج كامل,BR-E,50.75,2026-01-03
SKU-00071,Rice 5kg,BR-A,47.59,2026-01-03
SKU-00071,Rice 5kg,BR-B,37.64,2026-01-03
SKU-00071,Rice 5kg,BR-C,50.66,2026-01-03
SKU-00071,Rice 5kg,BR-D,56.68,2026-01-03
SKU-00071,Rice 5kg,BR-E,42.41,2026-01-03
SKU-00072,Sugar 1kg,BR-A,283.13,2026-01-03
SKU-00072,Sugar 1kg,BR-B,212.11,2026-01-03
SKU-00072,Sugar 1kg,BR-C,138.9,2026-01-03
SKU-00072,Sugar 1kg,BR-D,146.6,2026-01-03
SKU-00072,Sugar 1kg,BR-E,227.99,2026-01-03
SKU-00073,Pasta 500g,BR-A,196.31,2026-01-03
SKU-00073,Pasta 500g,BR-B,217.53,2026-01-03
SKU-00073,Pasta 500g,BR-C,197.27,2026-01-03
SKU-00073,Pasta 500g,BR-D,209.0,2026-01-03
SKU-00073,Pasta 500g,BR-E,312.41,2026-01-03
SKU-00074,Flour 2kg,BR-A,56.92,2026-01-03
SKU-00074,Flour 2kg,BR-B,63.96,2026-01-03
SKU-00074,Flour 2kg,BR-C,111.4,2026-01-03
SKU-00074,Flour 2kg,BR-D,97.07,2026-01-03
SKU-00074,Flour 2kg,BR-E,89.03,2026-01-03
SKU-00075,Cooking Oil 1L,BR-A,222.85,2026-01-03
SKU-00075,Cooking Oil 1L,BR-B,159.43,2026-01-03
SKU-00075,Cooking Oil 1L,BR-C,112.83,2026-01-03
SKU-00075,Cooking Oil 1L,BR-D,103.43,2026-01-03
SKU-00075,Cooking Oil 1L,BR-E,173.21,2026-01-03
SKU-00076,Canned Beans 400g,BR-A,100.92,2026-01-03
SKU-00076,Canned Beans 400g,BR-B,109.15,2026-01-03
SKU-00076,Canned Beans 400g,BR-C,100.96,2026-01-03
SKU-00076,Canned Beans 400g,BR-D,82.42,2026-01-03
SKU-00076,Canned Beans 400g,BR-E,152.05,2026-01-03
SKU-00077,Canned Tuna 185g,BR-A,192.45,2026-01-03
SKU-00077,Canned Tuna 185g,BR-B,357.9,2026-01-03
SKU-00077,Canned Tuna 185g,BR-C,289.18,2026-01-03
SKU-00077,Canned Tuna 185g,BR-D,187.0,2026-01-03
SKU-00077,Canned Tuna 185g,BR-E,260.49,2026-01-03
SKU-00078,Salt 1kg,BR-A,162.61,2026-01-03
SKU-00078,Salt 1kg,BR-B,103.57,2026-01-03
SKU-00078,Salt 1kg,BR-C,116.12,2026-01-03
SKU-00078,Salt 1kg,BR-D,76.46,2026-01-03
SKU-00078,Salt 1kg,BR-E,144.26,2026-01-03
SKU-00079,Soy Sauce 250ml,BR-A,54.69,2026-01-03
SKU-00079,Soy Sauce 250ml,BR-B,111.03,2026-01-03
SKU-00079,Soy Sauce 250ml,BR-C,67.21,2026-01-03
SKU-00079,Soy Sauce 250ml,BR-D,112.32,2026-01-03
SKU-00079,Soy Sauce 250ml,BR-E,97.33,2026-01-03
SKU-00080,زيت زيتون 1 لتر,BR-A,74.28,2026-01-03
SKU-00080,زيت زيتون 1 لتر,BR-B,66.42,2026-01-03
SKU-00080,زيت زيتون 1 لتر,BR-C,100.09,2026-01-03
SKU-00080,زيت زيتون 1 لتر,BR-D,68.35,2026-01-03
SKU-00080,زيت زيتون 1 لتر,BR-E,37.24,2026-01-03
SKU-00081,Item-00081,BR-A,111.5,2026-01-03
SKU-00081,Item-00081,BR-B,152.03,2026-01-03
SKU-00081,Item-00081,BR-C,92.0,2026-01-03
SKU-00081,Item-00081,BR-D,167.9,2026-01-03
SKU-00081,Item-00081,BR-E,59.91,2026-01-03
SKU-00082,Item-00082,BR-A,215.85,2026-01-03
SKU-00082,Item-00082,BR-B,149.67,2026-01-03
SKU-00082,Item-00082,BR-C,166.63,2026-01-03
SKU-00082,Item-00082,BR-D,202.06,2026-01-03
SKU-00082,Item-00082,BR-E,134.71,2026-01-03
SKU-00083,Item-00083,BR-A,156.17,2026-01-03
SKU-00083,Item-00083,BR-B,205.45,2026-01-03
SKU-00083,Item-00083,BR-C,197.2,2026-01-03
SKU-00083,Item-00083,BR-D,184.06,2026-01-03
SKU-00083,Item-00083,BR-E,102.48,2026-01-03
SKU-00084,Item-00084,BR-A,93.34,2026-01-03
SKU-00084,Item-00084,BR-B,80.48,2026-01-03
SKU-00084,Item-00084,BR-C,61.3,2026-01-03
SKU-00084,Item-00084,BR-D,68.22,2026-01-03
SKU-00084,Item-00084,BR-E,48.32,2026-01-03
SKU-00085,Item-00085,BR-A,68.67,2026-01-03
SKU-00085,Item-00085,BR-B,110.88,2026-01-03
SKU-00085,Item-00085,BR-C,82.83,2026-01-03
SKU-00085,Item-00085,BR-D,98.27,2026-01-03
SKU-00085,Item-00085,BR-E,116.35,2026-01-03
SKU-00086,Item-00086,BR-A,221.88,2026-01-03
SKU-00086,Item-00086,BR-B,127.08,2026-01-03
SKU-00086,Item-00086,BR-C,181.05,2026-01-03
SKU-00086,Item-00086,BR-D,130.69,2026-01-03
SKU-00086,Item-00086,BR-E,118.64,2026-01-03
SKU-00087,Item-00087,BR-A,42.8,2026-01-03
SKU-00087,Item-00087,BR-B,32.86,2026-01-03
SKU-00087,Item-00087,BR-C,26.0,2026-01-03
SKU-00087,Item-00087,BR-D,50.44,2026-01-03
SKU-00087,Item-00087,BR-E,29.18,2026-01-03
SKU-00088,Item-00088,BR-A,154.95,2026-01-03
SKU-00088,Item-00088,BR-B,176.64,2026-01-03
SKU-00088,Item-00088,BR-C,86.04,2026-01-03
SKU-00088,Item-00088,BR-D,190.97,2026-01-03
SKU-00088,Item-00088,BR-E,183.92,2026-01-03
SKU-00089,Item-00089,BR-A,63.73,2026-01-03
SKU-00089,Item-00089,BR-B,119.68,2026-01-03
SKU-00089,Item-00089,BR-C,169.78,2026-01-03
SKU-00089,Item-00089,BR-D,142.81,2026-01-03
SKU-00089,Item-00089,BR-E,112.21,2026-01-03
SKU-00090,Item-00090,BR-A,110.15,2026-01-03
SKU-00090,Item-00090,BR-B,95.4,2026-01-03
SKU-00090,Item-00090,BR-C,99.95,2026-01-03
SKU-00090,Item-00090,BR-D,82.71,2026-01-03
SKU-00090,Item-00090,BR-E,101.86,2026-01-03
SKU-00091,Item-00091,BR-A,124.74,2026-01-03
SKU-00091,Item-00091,BR-B,64.7,2026-01-03
SKU-00091,Item-00091,BR-C,59.81,2026-01-03
SKU-00091,Item-00091,BR-D,143.96,2026-01-03
SKU-00091,Item-00091,BR-E,127.11,2026-01-03
SKU-00092,Item-00092,BR-A,203.82,2026-01-03
SKU-00092,Item-00092,BR-B,150.08,2026-01-03
SKU-00092,Item-00092,BR-C,227.48,2026-01-03
SKU-00092,Item-00092,BR-D,229.95,2026-01-03
SKU-00092,Item-00092,BR-E,150.91,2026-01-03
SKU-00093,Item-00093,BR-A,95.83,2026-01-03
SKU-00093,Item-00093,BR-B,174.93,2026-01-03
SKU-00093,Item-00093,BR-C,165.43,2026-01-03
SKU-00093,Item-00093,BR-D,73.23,2026-01-03
SKU-00093,Item-00093,BR-E,134.05,2026-01-03
SKU-00094,Item-00094,BR-A,197.85,2026-01-03
SKU-00094,Item-00094,BR-B,131.88,2026-01-03
SKU-00094,Item-00094,BR-C,101.96,2026-01-03
SKU-00094,Item-00094,BR-D,74.89,2026-01-03
SKU-00094,Item-00094,BR-E,109.96,2026-01-03
SKU-00095,Item-00095,BR-A,215.21,2026-01-03
SKU-00095,Item-00095,BR-B,132.13,2026-01-03
SKU-00095,Item-00095,BR-C,92.64,2026-01-03
SKU-00095,Item-00095,BR-D,169.81,2026-01-03
SKU-00095,Item-00095,BR-E,124.07,2026-01-03
SKU-00096,Item-00096,BR-A,31.68,2026-01-03
SKU-00096,Item-00096,BR-B,19.49,2026-01-03
SKU-00096,Item-00096,BR-C,26.03,2026-01-03
SKU-00096,Item-00096,BR-D,22.73,2026-01-03
SKU-00096,Item-00096,BR-E,20.66,2026-01-03
SKU-00097,Item-00097,BR-A,49.15,2026-01-03
SKU-00097,Item-00097,BR-B,42.42,2026-01-03
SKU-00097,Item-00097,BR-C,25.46,2026-01-03
SKU-00097,Item-00097,BR-D,25.02,2026-01-03
SKU-00097,Item-00097,BR-E,46.31,2026-01-03
SKU-00098,Item-00098,BR-A,173.98,2026-01-03
SKU-00098,Item-00098,BR-B,262.18,2026-01-03
SKU-00098,Item-00098,BR-C,206.18,2026-01-03
SKU-00098,Item-00098,BR-D,192.21,2026-01-03
SKU-00098,Item-00098,BR-E,202.96,2026-01-03
SKU-00099,Item-00099,BR-A,227.28,2026-01-03
SKU-00099,Item-00099,BR-B,209.43,2026-01-03
SKU-00099,Item-00099,BR-C,231.56,2026-01-03
SKU-00099,Item-00099,BR-D,209.32,2026-01-03
SKU-00099,Item-00099,BR-E,114.53,2026-01-03
SKU-00100,Item-00100,BR-A,67.26,2026-01-03
SKU-00100,Item-00100,BR-B,60.88,2026-01-03
SKU-00100,Item-00100,BR-C,80.51,2026-01-03
SKU-00100,Item-00100,BR-D,111.81,2026-01-03
SKU-00100,Item-00100,BR-E,77.32,2026-01-03
SKU-00101,Item-00101,BR-A,180.78,2026-01-03
SKU-00101,Item-00101,BR-B,224.92,2026-01-03
SKU-00101,Item-00101,BR-C,124.37,2026-01-03
SKU-00101,Item-00101,BR-D,207.16,2026-01-03
SKU-00101,Item-00101,BR-E,260.63,2026-01-03
SKU-00102,Item-00102,BR-A,202.83,2026-01-03
SKU-00102,Item-00102,BR-B,176.47,2026-01-03
SKU-00102,Item-00102,BR-C,130.35,2026-01-03
SKU-00102,Item-00102,BR-D,180.95,2026-01-03
SKU-00102,Item-00102,BR-E,163.46,2026-01-03
SKU-00103,Item-00103,BR-A,177.53,2026-01-03
SKU-00103,Item-00103,BR-B,141.83,2026-01-03
SKU-00103,Item-00103,BR-C,178.15,2026-01-03
SKU-00103,Item-00103,BR-D,70.99,2026-01-03
SKU-00103,Item-00103,BR-E,177.64,2026-01-03
SKU-00104,Item-00104,BR-A,73.21,2026-01-03
SKU-00104,Item-00104,BR-B,115.63,2026-01-03
SKU-00104,Item-00104,BR-C,61.26,2026-01-03
SKU-00104,Item-00104,BR-D,91.89,2026-01-03
SKU-00104,Item-00104,BR-E,75.78,2026-01-03
SKU-00105,Item-00105,BR-A,96.28,2026-01-03
SKU-00105,Item-00105,BR-B,138.82,2026-01-03
SKU-00105,Item-00105,BR-C,152.17,2026-01-03
SKU-00105,Item-00105,BR-D,81.63,2026-01-03
SKU-00105,Item-00105,BR-E,87.35,2026-01-03
SKU-00106,Item-00106,BR-A,171.96,2026-01-03
SKU-00106,Item-00106,BR-B,177.13,2026-01-03
SKU-00106,Item-00106,BR-C,97.53,2026-01-03
SKU-00106,Item-00106,BR-D,131.51,2026-01-03
SKU-00106,Item-00106,BR-E,111.28,2026-01-03
SKU-00107,Item-00107,BR-A,107.96,2026-01-03
SKU-00107,Item-00107,BR-B,54.83,2026-01-03
SKU-00107,Item-00107,BR-C,124.07,2026-01-03
SKU-00107,Item-00107,BR-D,147.47,2026-01-03
SKU-00107,Item-00107,BR-E,93.57,2026-01-03
SKU-00108,Item-00108,BR-A,111.23,2026-01-03
SKU-00108,Item-00108,BR-B,143.09,2026-01-03
SKU-00108,Item-00108,BR-C,127.57,2026-01-03
SKU-00108,Item-00108,BR-D,154.13,2026-01-03
SKU-00108,Item-00108,BR-E,211.33,2026-01-03
SKU-00109,Item-00109,BR-A,31.54,2026-01-03
SKU-00109,Item-00109,BR-B,50.58,2026-01-03
SKU-00109,Item-00109,BR-C,66.87,2026-01-03
SKU-00109,Item-00109,BR-D,56.17,2026-01-03
SKU-00109,Item-00109,BR-E,57.84,2026-01-03
SKU-00110,Item-00110,BR-A,149.88,2026-01-03
SKU-00110,Item-00110,BR-B,135.47,2026-01-03
SKU-00110,Item-00110,BR-C,110.99,2026-01-03
SKU-00110,Item-00110,BR-D,133.4,2026-01-03
SKU-00110,Item-00110,BR-E,151.0,2026-01-03
SKU-00111,Item-00111,BR-A,12.02,2026-01-03
SKU-00111,Item-00111,BR-B,17.69,2026-01-03
SKU-00111,Item-00111,BR-C,27.02,2026-01-03
SKU-00111,Item-00111,BR-D,30.06,2026-01-03
SKU-00111,Item-00111,BR-E,26.65,2026-01-03
SKU-00112,Item-00112,BR-A,185.17,2026-01-03
SKU-00112,Item-00112,BR-B,208.28,2026-01-03
SKU-00112,Item-00112,BR-C,186.09,2026-01-03
SKU-00112,Item-00112,BR-D,178.67,2026-01-03
SKU-00112,Item-00112,BR-E,99.78,2026-01-03
SKU-00113,Item-00113,BR-A,90.04,2026-01-03
SKU-00113,Item-00113,BR-B,85.93,2026-01-03
SKU-00113,Item-00113,BR-C,128.0,2026-01-03
SKU-00113,Item-00113,BR-D,208.31,2026-01-03
SKU-00113,Item-00113,BR-E,90.69,2026-01-03
SKU-00114,Item-00114,BR-A,86.58,2026-01-03
SKU-00114,Item-00114,BR-B,189.49,2026-01-03
SKU-00114,Item-00114,BR-C,127.45,2026-01-03
SKU-00114,Item-00114,BR-D,109.19,2026-01-03
SKU-00114,Item-00114,BR-E,151.4,2026-01-03
SKU-00115,Item-00115,BR-A,21.44,2026-01-03
SKU-00115,Item-00115,BR-B,43.16,2026-01-03
SKU-00115,Item-00115,BR-C,38.96,2026-01-03
SKU-00115,Item-00115,BR-D,29.58,2026-01-03
SKU-00115,Item-00115,BR-E,32.65,2026-01-03
SKU-00116,Item-00116,BR-A,108.18,2026-01-03
SKU-00116,Item-00116,BR-B,220.09,2026-01-03
SKU-00116,Item-00116,BR-C,131.6,2026-01-03
SKU-00116,Item-00116,BR-D,194.1,2026-01-03
SKU-00116,Item-00116,BR-E,204.36,2026-01-03
SKU-00117,Item-00117,BR-A,103.36,2026-01-03
SKU-00117,Item-00117,BR-B,173.63,2026-01-03
SKU-00117,Item-00117,BR-C,251.04,2026-01-03
SKU-00117,Item-00117,BR-D,267.0,2026-01-03
SKU-00117,Item-00117,BR-E,217.92,2026-01-03
SKU-00118,Item-00118,BR-A,130.13,2026-01-03
SKU-00118,Item-00118,BR-B,218.75,2026-01-03
SKU-00118,Item-00118,BR-C,195.83,2026-01-03
SKU-00118,Item-00118,BR-D,147.09,2026-01-03
SKU-00118,Item-00118,BR-E,128.44,2026-01-03
SKU-00119,Item-00119,BR-A,102.43,2026-01-03
SKU-00119,Item-00119,BR-B,89.85,2026-01-03
SKU-00119,Item-00119,BR-C,158.87,2026-01-03
SKU-00119,Item-00119,BR-D,84.93,2026-01-03
SKU-00119,Item-00119,BR-E,186.09,2026-01-03
SKU-00120,Item-00120,BR-A,142.09,2026-01-03
SKU-00120,Item-00120,BR-B,215.76,2026-01-03
SKU-00120,Item-00120,BR-C,228.22,2026-01-03
SKU-00120,Item-00120,BR-D,154.25,2026-01-03
SKU-00120,Item-00120,BR-E,186.22,2026-01-03
SKU-00121,Item-00121,BR-A,110.67,2026-01-03
SKU-00121,Item-00121,BR-B,86.14,2026-01-03
SKU-00121,Item-00121,BR-C,68.49,2026-01-03
SKU-00121,Item-00121,BR-D,117.02,2026-01-03
SKU-00121,Item-00121,BR-E,52.48,2026-01-03
SKU-00122,Item-00122,BR-A,76.7,2026-01-03
SKU-00122,Item-00122,BR-B,87.9,2026-01-03
SKU-00122,Item-00122,BR-C,135.17,2026-01-03
SKU-00122,Item-00122,BR-D,116.64,2026-01-03
SKU-00122,Item-00122,BR-E,76.66,2026-01-03
SKU-00123,Item-00123,BR-A,66.63,2026-01-03
SKU-00123,Item-00123,BR-B,61.49,2026-01-03
SKU-00123,Item-00123,BR-C,32.1,2026-01-03
SKU-00123,Item-00123,BR-D,39.65,2026-01-03
SKU-00123,Item-00123,BR-E,41.25,2026-01-03
SKU-00124,Item-00124,BR-A,7.19,2026-01-03
SKU-00124,Item-00124,BR-B,4.33,2026-01-03
SKU-00124,Item-00124,BR-C,8.92,2026-01-03
SKU-00124,Item-00124,BR-D,9.65,2026-01-03
SKU-00124,Item-00124,BR-E,4.72,2026-01-03
SKU-00125,Item-00125,BR-A,50.02,2026-01-03
SKU-00125,Item-00125,BR-B,65.71,2026-01-03
SKU-00125,Item-00125,BR-C,66.84,2026-01-03
SKU-00125,Item-00125,BR-D,45.95,2026-01-03
SKU-00125,Item-00125,BR-E,35.11,2026-01-03
SKU-00126,Item-00126,BR-A,3.94,2026-01-03
SKU-00126,Item-00126,BR-B,7.71,2026-01-03
SKU-00126,Item-00126,BR-C,7.06,2026-01-03
SKU-00126,Item-00126,BR-D,4.69,2026-01-03
SKU-00126,Item-00126,BR-E,6.43,2026-01-03
SKU-00127,Item-00127,BR-A,58.84,2026-01-03
SKU-00127,Item-00127,BR-B,72.54,2026-01-03
SKU-00127,Item-00127,BR-C,54.3,2026-01-03
SKU-00127,Item-00127,BR-D,41.49,2026-01-03
SKU-00127,Item-00127,BR-E,53.29,2026-01-03
SKU-00128,Item-00128,BR-A,252.59,2026-01-03
SKU-00128,Item-00128,BR-B,194.22,2026-01-03
SKU-00128,Item-00128,BR-C,161.01,2026-01-03
SKU-00128,Item-00128,BR-D,117.88,2026-01-03
SKU-00128,Item-00128,BR-E,167.0,2026-01-03
SKU-00129,Item-00129,BR-A,135.66,2026-01-03
SKU-00129,Item-00129,BR-B,59.33,2026-01-03
SKU-00129,Item-00129,BR-C,77.44,2026-01-03
SKU-00129,Item-00129,BR-D,55.4,2026-01-03
SKU-00129,Item-00129,BR-E,77.81,2026-01-03
SKU-00130,Item-00130,BR-A,101.23,2026-01-03
SKU-00130,Item-00130,BR-B,153.07,2026-01-03
SKU-00130,Item-00130,BR-C,102.39,2026-01-03
SKU-00130,Item-00130,BR-D,167.65,2026-01-03
SKU-00130,Item-00130,BR-E,196.36,2026-01-03
SKU-00131,Item-00131,BR-A,93.08,2026-01-03
SKU-00131,Item-00131,BR-B,136.79,2026-01-03
SKU-00131,Item-00131,BR-C,79.58,2026-01-03
SKU-00131,Item-00131,BR-D,77.32,2026-01-03
SKU-00131,Item-00131,BR-E,163.52,2026-01-03
SKU-00132,Item-00132,BR-A,45.34,2026-01-03
SKU-00132,Item-00132,BR-B,30.8,2026-01-03
SKU-00132,Item-00132,BR-C,28.6,2026-01-03
SKU-00132,Item-00132,BR-D,32.89,2026-01-03
SKU-00132,Item-00132,BR-E,41.71,2026-01-03
SKU-00133,Item-00133,BR-A,115.95,2026-01-03
SKU-00133,Item-00133,BR-B,177.85,2026-01-03
SKU-00133,Item-00133,BR-C,206.3,2026-01-03
SKU-00133,Item-00133,BR-D,92.14,2026-01-03
SKU-00133,Item-00133,BR-E,89.89,2026-01-03
SKU-00134,Item-00134,BR-A,16.18,2026-01-03
SKU-00134,Item-00134,BR-B,15.66,2026-01-03
SKU-00134,Item-00134,BR-C,31.28,2026-01-03
SKU-00134,Item-00134,BR-D,27.62,2026-01-03
SKU-00134,Item-00134,BR-E,19.3,2026-01-03
SKU-00135,Item-00135,BR-A,78.29,2026-01-03
SKU-00135,Item-00135,BR-B,51.36,2026-01-03
SKU-00135,Item-00135,BR-C,40.11,2026-01-03
SKU-00135,Item-00135,BR-D,98.95,2026-01-03
SKU-00135,Item-00135,BR-E,103.8,2026-01-03
SKU-00136,Item-00136,BR-A,52.15,2026-01-03
SKU-00136,Item-00136,BR-B,113.34,2026-01-03
SKU-00136,Item-00136,BR-C,85.51,2026-01-03
SKU-00136,Item-00136,BR-D,123.58,2026-01-03
SKU-00136,Item-00136,BR-E,60.53,2026-01-03
SKU-00137,Item-00137,BR-A,195.53,2026-01-03
SKU-00137,Item-00137,BR-B,111.85,2026-01-03
SKU-00137,Item-00137,BR-C,103.24,2026-01-03
SKU-00137,Item-00137,BR-D,178.74,2026-01-03
SKU-00137,Item-00137,BR-E,159.04,2026-01-03
SKU-00138,Item-00138,BR-A,22.89,2026-01-03
SKU-00138,Item-00138,BR-B,23.45,2026-01-03
SKU-00138,Item-00138,BR-C,23.76,2026-01-03
SKU-00138,Item-00138,BR-D,21.97,2026-01-03
SKU-00138,Item-00138,BR-E,21.92,2026-01-03
SKU-00139,Item-00139,BR-A,94.75,2026-01-03
SKU-00139,Item-00139,BR-B,107.15,2026-01-03
SKU-00139,Item-00139,BR-C,229.5,2026-01-03
SKU-00139,Item-00139,BR-D,209.22,2026-01-03
SKU-00139,Item-00139,BR-E,114.57,2026-01-03
SKU-00140,Item-00140,BR-A,47.19,2026-01-03
SKU-00140,Item-00140,BR-B,46.99,2026-01-03
SKU-00140,Item-00140,BR-C,58.58,2026-01-03
SKU-00140,Item-00140,BR-D,78.02,2026-01-03
SKU-00140,Item-00140,BR-E,40.31,2026-01-03
SKU-00141,Item-00141,BR-A,62.17,2026-01-03
SKU-00141,Item-00141,BR-B,122.77,2026-01-03
SKU-00141,Item-00141,BR-C,77.37,2026-01-03
SKU-00141,Item-00141,BR-D,114.2,2026-01-03
SKU-00141,Item-00141,BR-E,141.22,2026-01-03
SKU-00142,Item-00142,BR-A,73.19,2026-01-03
SKU-00142,Item-00142,BR-B,50.0,2026-01-03
SKU-00142,Item-00142,BR-C,112.73,2026-01-03
SKU-00142,Item-00142,BR-D,119.26,2026-01-03
SKU-00142,Item-00142,BR-E,117.45,2026-01-03
SKU-00143,Item-00143,BR-A,139.08,2026-01-03
SKU-00143,Item-00143,BR-B,131.46,2026-01-03
SKU-00143,Item-00143,BR-C,69.01,2026-01-03
SKU-00143,Item-00143,BR-D,57.21,2026-01-03
SKU-00143,Item-00143,BR-E,93.14,2026-01-03
SKU-00144,Item-00144,BR-A,106.41,2026-01-03
SKU-00144,Item-00144,BR-B,53.41,2026-01-03
SKU-00144,Item-00144,BR-C,92.7,2026-01-03
SKU-00144,Item-00144,BR-D,114.18,2026-01-03
SKU-00144,Item-00144,BR-E,104.78,2026-01-03
SKU-00145,Item-00145,BR-A,23.7,2026-01-03
SKU-00145,Item-00145,BR-B,23.46,2026-01-03
SKU-00145,Item-00145,BR-C,22.68,2026-01-03
SKU-00145,Item-00145,BR-D,19.46,2026-01-03
SKU-00145,Item-00145,BR-E,20.64,2026-01-03
SKU-00146,Item-00146,BR-A,201.8,2026-01-03
SKU-00146,Item-00146,BR-B,205.26,2026-01-03
SKU-00146,Item-00146,BR-C,169.11,2026-01-03
SKU-00146,Item-00146,BR-D,132.05,2026-01-03
SKU-00146,Item-00146,BR-E,153.75,2026-01-03
SKU-00147,Item-00147,BR-A,264.14,2026-01-03
SKU-00147,Item-00147,BR-B,203.12,2026-01-03
SKU-00147,Item-00147,BR-C,104.06,2026-01-03
SKU-00147,Item-00147,BR-D,137.17,2026-01-03
SKU-00147,Item-00147,BR-E,134.17,2026-01-03
SKU-00148,Item-00148,BR-A,49.93,2026-01-03
SKU-00148,Item-00148,BR-B,33.28,2026-01-03
SKU-00148,Item-00148,BR-C,30.08,2026-01-03
SKU-00148,Item-00148,BR-D,50.84,2026-01-03
SKU-00148,Item-00148,BR-E,39.53,2026-01-03
SKU-00149,Item-00149,BR-A,141.41,2026-01-03
SKU-00149,Item-00149,BR-B,87.55,2026-01-03
SKU-00149,Item-00149,BR-C,104.48,2026-01-03
SKU-00149,Item-00149,BR-D,64.55,2026-01-03
SKU-00149,Item-00149,BR-E,59.72,2026-01-03
SKU-00150,Item-00150,BR-A,173.41,2026-01-03
SKU-00150,Item-00150,BR-B,157.01,2026-01-03
SKU-00150,Item-00150,BR-C,198.01,2026-01-03
SKU-00150,Item-00150,BR-D,177.07,2026-01-03
SKU-00150,Item-00150,BR-E,204.56,2026-01-03
SKU-00151,Item-00151,BR-A,73.61,2026-01-03
SKU-00151,Item-00151,BR-B,76.77,2026-01-03
SKU-00151,Item-00151,BR-C,72.3,2026-01-03
SKU-00151,Item-00151,BR-D,102.48,2026-01-03
SKU-00151,Item-00151,BR-E,65.28,2026-01-03
SKU-00152,Item-00152,BR-A,50.28,2026-01-03
SKU-00152,Item-00152,BR-B,39.2,2026-01-03
SKU-00152,Item-00152,BR-C,42.16,2026-01-03
SKU-00152,Item-00152,BR-D,64.64,2026-01-03
SKU-00152,Item-00152,BR-E,49.01,2026-01-03
SKU-00153,Item-00153,BR-A,36.24,2026-01-03
SKU-00153,Item-00153,BR-B,80.61,2026-01-03
SKU-00153,Item-00153,BR-C,61.36,2026-01-03
SKU-00153,Item-00153,BR-D,69.0,2026-01-03
SKU-00153,Item-00153,BR-E,77.3,2026-01-03
SKU-00154,Item-00154,BR-A,191.03,2026-01-03
SKU-00154,Item-00154,BR-B,83.04,2026-01-03
SKU-00154,Item-00154,BR-C,79.51,2026-01-03
SKU-00154,Item-00154,BR-D,75.2,2026-01-03
SKU-00154,Item-00154,BR-E,96.33,2026-01-03
SKU-00155,Item-00155,BR-A,24.66,2026-01-03
SKU-00155,Item-00155,BR-B,29.1,2026-01-03
SKU-00155,Item-00155,BR-C,28.21,2026-01-03
SKU-00155,Item-00155,BR-D,45.41,2026-01-03
SKU-00155,Item-00155,BR-E,40.99,2026-01-03
SKU-00156,Item-00156,BR-A,36.99,2026-01-03
SKU-00156,Item-00156,BR-B,56.61,2026-01-03
SKU-00156,Item-00156,BR-C,69.91,2026-01-03
SKU-00156,Item-00156,BR-D,69.93,2026-01-03
SKU-00156,Item-00156,BR-E,58.73,2026-01-03
SKU-00157,Item-00157,BR-A,146.4,2026-01-03
SKU-00157,Item-00157,BR-B,166.17,2026-01-03
SKU-00157,Item-00157,BR-C,62.65,2026-01-03
SKU-00157,Item-00157,BR-D,95.97,2026-01-03
SKU-00157,Item-00157,BR-E,155.85,2026-01-03
SKU-00158,Item-00158,BR-A,20.62,2026-01-03
SKU-00158,Item-00158,BR-B,14.7,2026-01-03
SKU-00158,Item-00158,BR-C,14.73,2026-01-03
SKU-00158,Item-00158,BR-D,17.45,2026-01-03
SKU-00158,Item-00158,BR-E,18.62,2026-01-03
SKU-00159,Item-00159,BR-A,14.98,2026-01-03
SKU-00159,Item-00159,BR-B,15.58,2026-01-03
SKU-00159,Item-00159,BR-C,19.26,2026-01-03
SKU-00159,Item-00159,BR-D,10.19,2026-01-03
SKU-00159,Item-00159,BR-E,13.87,2026-01-03
SKU-00160,Item-00160,BR-A,76.52,2026-01-03
SKU-00160,Item-00160,BR-B,128.72,2026-01-03
SKU-00160,Item-00160,BR-C,101.26,2026-01-03
SKU-00160,Item-00160,BR-D,105.4,2026-01-03
SKU-00160,Item-00160,BR-E,132.4,2026-01-03
SKU-00161,Item-00161,BR-A,43.98,2026-01-03
SKU-00161,Item-00161,BR-B,42.78,2026-01-03
SKU-00161,Item-00161,BR-C,33.93,2026-01-03
SKU-00161,Item-00161,BR-D,45.14,2026-01-03
SKU-00161,Item-00161,BR-E,28.89,2026-01-03
SKU-00162,Item-00162,BR-A,13.97,2026-01-03
SKU-00162,Item-00162,BR-B,25.18,2026-01-03
SKU-00162,Item-00162,BR-C,23.79,2026-01-03
SKU-00162,Item-00162,BR-D,14.39,2026-01-03
SKU-00162,Item-00162,BR-E,19.02,2026-01-03
SKU-00163,Item-00163,BR-A,18.68,2026-01-03
SKU-00163,Item-00163,BR-B,15.55,2026-01-03
SKU-00163,Item-00163,BR-C,19.0,2026-01-03
SKU-00163,Item-00163,BR-D,11.36,2026-01-03
SKU-00163,Item-00163,BR-E,25.24,2026-01-03
SKU-00164,Item-00164,BR-A,72.9,2026-01-03
SKU-00164,Item-00164,BR-B,179.39,2026-01-03
SKU-00164,Item-00164,BR-C,182.56,2026-01-03
SKU-00164,Item-00164,BR-D,116.8,2026-01-03
SKU-00164,Item-00164,BR-E,127.35,2026-01-03
SKU-00165,Item-00165,BR-A,99.31,2026-01-03
SKU-00165,Item-00165,BR-B,76.4,2026-01-03
SKU-00165,Item-00165,BR-C,106.84,2026-01-03
SKU-00165,Item-00165,BR-D,87.29,2026-01-03
SKU-00165,Item-00165,BR-E,70.13,2026-01-03
SKU-00166,Item-00166,BR-A,64.33,2026-01-03
SKU-00166,Item-00166,BR-B,151.62,2026-01-03
SKU-00166,Item-00166,BR-C,167.28,2026-01-03
SKU-00166,Item-00166,BR-D,79.27,2026-01-03
SKU-00166,Item-00166,BR-E,170.78,2026-01-03
SKU-00167,Item-00167,BR-A,106.16,2026-01-03
SKU-00167,Item-00167,BR-B,142.77,2026-01-03
SKU-00167,Item-00167,BR-C,139.49,2026-01-03
SKU-00167,Item-00167,BR-D,140.08,2026-01-03
SKU-00167,Item-00167,BR-E,171.74,2026-01-03
SKU-00168,Item-00168,BR-A,196.63,2026-01-03
SKU-00168,Item-00168,BR-B,96.16,2026-01-03
SKU-00168,Item-00168,BR-C,120.3,2026-01-03
SKU-00168,Item-00168,BR-D,138.93,2026-01-03
SKU-00168,Item-00168,BR-E,94.11,2026-01-03
SKU-00169,Item-00169,BR-A,41.64,2026-01-03
SKU-00169,Item-00169,BR-B,71.3,2026-01-03
SKU-00169,Item-00169,BR-C,63.71,2026-01-03
SKU-00169,Item-00169,BR-D,92.23,2026-01-03
SKU-00169,Item-00169,BR-E,40.65,2026-01-03
SKU-00170,Item-00170,BR-A,27.58,2026-01-03
SKU-00170,Item-00170,BR-B,46.82,2026-01-03
SKU-00170,Item-00170,BR-C,24.48,2026-01-03
SKU-00170,Item-00170,BR-D,52.66,2026-01-03
SKU-00170,Item-00170,BR-E,44.06,2026-01-03
SKU-00171,Item-00171,BR-A,35.92,2026-01-03
SKU-00171,Item-00171,BR-B,30.11,2026-01-03
SKU-00171,Item-00171,BR-C,74.37,2026-01-03
SKU-00171,Item-00171,BR-D,40.73,2026-01-03
SKU-00171,Item-00171,BR-E,38.21,2026-01-03
SKU-00172,Item-00172,BR-A,34.58,2026-01-03
SKU-00172,Item-00172,BR-B,17.56,2026-01-03
SKU-00172,Item-00172,BR-C,17.2,2026-01-03
SKU-00172,Item-00172,BR-D,30.5,2026-01-03
SKU-00172,Item-00172,BR-E,20.5,2026-01-03
SKU-00173,Item-00173,BR-A,127.6,2026-01-03
SKU-00173,Item-00173,BR-B,86.64,2026-01-03
SKU-00173,Item-00173,BR-C,63.47,2026-01-03
SKU-00173,Item-00173,BR-D,59.25,2026-01-03
SKU-00173,Item-00173,BR-E,98.1,2026-01-03
SKU-00174,Item-00174,BR-A,5.82,2026-01-03
SKU-00174,Item-00174,BR-B,3.47,2026-01-03
SKU-00174,Item-00174,BR-C,8.54,2026-01-03
SKU-00174,Item-00174,BR-D,8.03,2026-01-03
SKU-00174,Item-00174,BR-E,3.82,2026-01-03
SKU-00175,Item-00175,BR-A,13.35,2026-01-03
SKU-00175,Item-00175,BR-B,17.41,2026-01-03
SKU-00175,Item-00175,BR-C,22.39,2026-01-03
SKU-00175,Item-00175,BR-D,18.18,2026-01-03
SKU-00175,Item-00175,BR-E,20.49,2026-01-03
SKU-00176,Item-00176,BR-A,148.68,2026-01-03
SKU-00176,Item-00176,BR-B,113.29,2026-01-03
SKU-00176,Item-00176,BR-C,104.74,2026-01-03
SKU-00176,Item-00176,BR-D,123.09,2026-01-03
SKU-00176,Item-00176,BR-E,81.89,2026-01-03
SKU-00177,Item-00177,BR-A,99.5,2026-01-03
SKU-00177,Item-00177,BR-B,124.15,2026-01-03
SKU-00177,Item-00177,BR-C,109.8,2026-01-03
SKU-00177,Item-00177,BR-D,170.9,2026-01-03
SKU-00177,Item-00177,BR-E,245.33,2026-01-03
SKU-00178,Item-00178,BR-A,183.05,2026-01-03
SKU-00178,Item-00178,BR-B,249.17,2026-01-03
SKU-00178,Item-00178,BR-C,243.83,2026-01-03
SKU-00178,Item-00178,BR-D,171.76,2026-01-03
SKU-00178,Item-00178,BR-E,191.7,2026-01-03
SKU-00179,Item-00179,BR-A,74.47,2026-01-03
SKU-00179,Item-00179,BR-B,48.24,2026-01-03
SKU-00179,Item-00179,BR-C,82.85,2026-01-03
SKU-00179,Item-00179,BR-D,58.06,2026-01-03
SKU-00179,Item-00179,BR-E,72.31,2026-01-03
SKU-00180,Item-00180,BR-A,204.12,2026-01-03
SKU-00180,Item-00180,BR-B,136.49,2026-01-03
SKU-00180,Item-00180,BR-C,188.02,2026-01-03
SKU-00180,Item-00180,BR-D,220.17,2026-01-03
SKU-00180,Item-00180,BR-E,116.51,2026-01-03
SKU-00181,Item-00181,BR-A,95.12,2026-01-03
SKU-00181,Item-00181,BR-B,173.72,2026-01-03
SKU-00181,Item-00181,BR-C,153.58,2026-01-03
SKU-00181,Item-00181,BR-D,120.32,2026-01-03
SKU-00181,Item-00181,BR-E,175.03,2026-01-03
SKU-00182,Item-00182,BR-A,3.85,2026-01-03
SKU-00182,Item-00182,BR-B,5.9,2026-01-03
SKU-00182,Item-00182,BR-C,4.97,2026-01-03
SKU-00182,Item-00182,BR-D,7.91,2026-01-03
SKU-00182,Item-00182,BR-E,4.15,2026-01-03
SKU-00183,Item-00183,BR-A,86.09,2026-01-03
SKU-00183,Item-00183,BR-B,49.63,2026-01-03
SKU-00183,Item-00183,BR-C,71.28,2026-01-03
SKU-00183,Item-00183,BR-D,50.73,2026-01-03
SKU-00183,Item-00183,BR-E,88.89,2026-01-03
SKU-00184,Item-00184,BR-A,226.65,2026-01-03
SKU-00184,Item-00184,BR-B,231.12,2026-01-03
SKU-00184,Item-00184,BR-C,138.52,2026-01-03
SKU-00184,Item-00184,BR-D,189.16,2026-01-03
SKU-00184,Item-00184,BR-E,280.61,2026-01-03
SKU-00185,Item-00185,BR-A,59.44,2026-01-03
SKU-00185,Item-00185,BR-B,83.54,2026-01-03
SKU-00185,Item-00185,BR-C,33.5,2026-01-03
SKU-00185,Item-00185,BR-D,35.06,2026-01-03
SKU-00185,Item-00185,BR-E,71.08,2026-01-03
SKU-00186,Item-00186,BR-A,125.98,2026-01-03
SKU-00186,Item-00186,BR-B,144.18,2026-01-03
SKU-00186,Item-00186,BR-C,115.31,2026-01-03
SKU-00186,Item-00186,BR-D,152.22,2026-01-03
SKU-00186,Item-00186,BR-E,145.82,2026-01-03
SKU-00187,Item-00187,BR-A,34.19,2026-01-03
SKU-00187,Item-00187,BR-B,68.92,2026-01-03
SKU-00187,Item-00187,BR-C,72.01,2026-01-03
SKU-00187,Item-00187,BR-D,51.41,2026-01-03
SKU-00187,Item-00187,BR-E,71.8,2026-01-03
SKU-00188,Item-00188,BR-A,196.66,2026-01-03
SKU-00188,Item-00188,BR-B,131.9,2026-01-03
SKU-00188,Item-00188,BR-C,77.46,2026-01-03
SKU-00188,Item-00188,BR-D,92.13,2026-01-03
SKU-00188,Item-00188,BR-E,205.31,2026-01-03
SKU-00189,Item-00189,BR-A,117.14,2026-01-03
SKU-00189,Item-00189,BR-B,174.19,2026-01-03
SKU-00189,Item-00189,BR-C,138.47,2026-01-03
SKU-00189,Item-00189,BR-D,82.1,2026-01-03
SKU-00189,Item-00189,BR-E,147.09,2026-01-03
SKU-00190,Item-00190,BR-A,78.46,2026-01-03
SKU-00190,Item-00190,BR-B,149.58,2026-01-03
SKU-00190,Item-00190,BR-C,68.2,2026-01-03
SKU-00190,Item-00190,BR-D,136.55,2026-01-03
SKU-00190,Item-00190,BR-E,138.68,2026-01-03
SKU-00191,Item-00191,BR-A,125.45,2026-01-03
SKU-00191,Item-00191,BR-B,98.47,2026-01-03
SKU-00191,Item-00191,BR-C,113.05,2026-01-03
SKU-00191,Item-00191,BR-D,147.31,2026-01-03
SKU-00191,Item-00191,BR-E,189.87,2026-01-03
SKU-00192,Item-00192,BR-A,20.05,2026-01-03
SKU-00192,Item-00192,BR-B,13.29,2026-01-03
SKU-00192,Item-00192,BR-C,28.1,2026-01-03
SKU-00192,Item-00192,BR-D,26.24,2026-01-03
SKU-00192,Item-00192,BR-E,14.93,2026-01-03
SKU-00193,Item-00193,BR-A,145.57,2026-01-03
SKU-00193,Item-00193,BR-B,122.61,2026-01-03
SKU-00193,Item-00193,BR-C,93.02,2026-01-03
SKU-00193,Item-00193,BR-D,197.04,2026-01-03
SKU-00193,Item-00193,BR-E,122.53,2026-01-03
SKU-00194,Item-00194,BR-A,5.62,2026-01-03
SKU-00194,Item-00194,BR-B,6.26,2026-01-03
SKU-00194,Item-00194,BR-C,6.14,2026-01-03
SKU-00194,Item-00194,BR-D,5.37,2026-01-03
SKU-00194,Item-00194,BR-E,5.71,2026-01-03
SKU-00195,Item-00195,BR-A,180.45,2026-01-03
SKU-00195,Item-00195,BR-B,116.79,2026-01-03
SKU-00195,Item-00195,BR-C,106.45,2026-01-03
SKU-00195,Item-00195,BR-D,74.28,2026-01-03
SKU-00195,Item-00195,BR-E,68.28,2026-01-03
SKU-00196,Item-00196,BR-A,45.67,2026-01-03
SKU-00196,Item-00196,BR-B,45.49,2026-01-03
SKU-00196,Item-00196,BR-C,51.12,2026-01-03
SKU-00196,Item-00196,BR-D,31.81,2026-01-03
SKU-00196,Item-00196,BR-E,27.07,2026-01-03
SKU-00197,Item-00197,BR-A,68.86,2026-01-03
SKU-00197,Item-00197,BR-B,104.97,2026-01-03
SKU-00197,Item-00197,BR-C,167.03,2026-01-03
SKU-00197,Item-00197,BR-D,95.73,2026-01-03
SKU-00197,Item-00197,BR-E,79.88,2026-01-03
SKU-00198,Item-00198,BR-A,134.2,2026-01-03
SKU-00198,Item-00198,BR-B,84.37,2026-01-03
SKU-00198,Item-00198,BR-C,157.92,2026-01-03
SKU-00198,Item-00198,BR-D,148.43,2026-01-03
SKU-00198,Item-00198,BR-E,152.15,2026-01-03
SKU-00199,Item-00199,BR-A,12.95,2026-01-03
SKU-00199,Item-00199,BR-B,12.93,2026-01-03
SKU-00199,Item-00199,BR-C,17.49,2026-01-03
SKU-00199,Item-00199,BR-D,11.84,2026-01-03
SKU-00199,Item-00199,BR-E,15.87,2026-01-03
SKU-00200,Item-00200,BR-A,119.03,2026-01-03
SKU-00200,Item-00200,BR-B,78.74,2026-01-03
SKU-00200,Item-00200,BR-C,80.64,2026-01-03
SKU-00200,Item-00200,BR-D,116.83,2026-01-03
SKU-00200,Item-00200,BR-E,159.79,2026-01-03
SKU-00201,Item-00201,BR-A,75.93,2026-01-03
SKU-00201,Item-00201,BR-B,86.64,2026-01-03
SKU-00201,Item-00201,BR-C,103.09,2026-01-03
SKU-00201,Item-00201,BR-D,82.02,2026-01-03
SKU-00201,Item-00201,BR-E,108.34,2026-01-03
SKU-00202,Item-00202,BR-A,73.56,2026-01-03
SKU-00202,Item-00202,BR-B,79.83,2026-01-03
SKU-00202,Item-00202,BR-C,85.82,2026-01-03
SKU-00202,Item-00202,BR-D,52.02,2026-01-03
SKU-00202,Item-00202,BR-E,116.49,2026-01-03
SKU-00203,Item-00203,BR-A,74.62,2026-01-03
SKU-00203,Item-00203,BR-B,56.98,2026-01-03
SKU-00203,Item-00203,BR-C,38.04,2026-01-03
SKU-00203,Item-00203,BR-D,47.53,2026-01-03
SKU-00203,Item-00203,BR-E,52.74,2026-01-03
SKU-00204,Item-00204,BR-A,199.75,2026-01-03
SKU-00204,Item-00204,BR-B,267.23,2026-01-03
SKU-00204,Item-00204,BR-C,112.45,2026-01-03
SKU-00204,Item-00204,BR-D,188.74,2026-01-03
SKU-00204,Item-00204,BR-E,268.54,2026-01-03
SKU-00205,Item-00205,BR-A,186.52,2026-01-03
SKU-00205,Item-00205,BR-B,95.34,2026-01-03
SKU-00205,Item-00205,BR-C,201.1,2026-01-03
SKU-00205,Item-00205,BR-D,152.87,2026-01-03
SKU-00205,Item-00205,BR-E,204.1,2026-01-03
SKU-00206,Item-00206,BR-A,88.29,2026-01-03
SKU-00206,Item-00206,BR-B,86.97,2026-01-03
SKU-00206,Item-00206,BR-C,108.02,2026-01-03
SKU-00206,Item-00206,BR-D,88.1,2026-01-03
SKU-00206,Item-00206,BR-E,62.24,2026-01-03
SKU-00207,Item-00207,BR-A,202.95,2026-01-03
SKU-00207,Item-00207,BR-B,245.94,2026-01-03
SKU-00207,Item-00207,BR-C,148.08,2026-01-03
SKU-00207,Item-00207,BR-D,240.33,2026-01-03
SKU-00207,Item-00207,BR-E,176.46,2026-01-03
SKU-00208,Item-00208,BR-A,166.03,2026-01-03
SKU-00208,Item-00208,BR-B,218.0,2026-01-03
SKU-00208,Item-00208,BR-C,213.53,2026-01-03
SKU-00208,Item-00208,BR-D,175.01,2026-01-03
SKU-00208,Item-00208,BR-E,224.09,2026-01-03
SKU-00209,Item-00209,BR-A,139.4,2026-01-03
SKU-00209,Item-00209,BR-B,203.6,2026-01-03
SKU-00209,Item-00209,BR-C,276.1,2026-01-03
SKU-00209,Item-00209,BR-D,139.43,2026-01-03
SKU-00209,Item-00209,BR-E,208.82,2026-01-03
SKU-00210,Item-00210,BR-A,242.74,2026-01-03
SKU-00210,Item-00210,BR-B,143.31,2026-01-03
SKU-00210,Item-00210,BR-C,215.87,2026-01-03
SKU-00210,Item-00210,BR-D,219.14,2026-01-03
SKU-00210,Item-00210,BR-E,195.89,2026-01-03
SKU-00211,Item-00211,BR-A,103.15,2026-01-03
SKU-00211,Item-00211,BR-B,157.38,2026-01-03
SKU-00211,Item-00211,BR-C,143.95,2026-01-03
SKU-00211,Item-00211,BR-D,118.96,2026-01-03
SKU-00211,Item-00211,BR-E,128.05,2026-01-03
SKU-00212,Item-00212,BR-A,22.03,2026-01-03
SKU-00212,Item-00212,BR-B,55.87,2026-01-03
SKU-00212,Item-00212,BR-C,43.44,2026-01-03
SKU-00212,Item-00212,BR-D,56.73,2026-01-03
SKU-00212,Item-00212,BR-E,48.83,2026-01-03
SKU-00213,Item-00213,BR-A,133.02,2026-01-03
SKU-00213,Item-00213,BR-B,125.26,2026-01-03
SKU-00213,Item-00213,BR-C,181.33,2026-01-03
SKU-00213,Item-00213,BR-D,199.26,2026-01-03
SKU-00213,Item-00213,BR-E,162.5,2026-01-03
SKU-00214,Item-00214,BR-A,238.27,2026-01-03
SKU-00214,Item-00214,BR-B,186.48,2026-01-03
SKU-00214,Item-00214,BR-C,129.97,2026-01-03
SKU-00214,Item-00214,BR-D,88.35,2026-01-03
SKU-00214,Item-00214,BR-E,217.74,2026-01-03
SKU-00215,Item-00215,BR-A,47.71,2026-01-03
SKU-00215,Item-00215,BR-B,42.83,2026-01-03
SKU-00215,Item-00215,BR-C,59.13,2026-01-03
SKU-00215,Item-00215,BR-D,79.28,2026-01-03
SKU-00215,Item-00215,BR-E,66.02,2026-01-03
SKU-00216,Item-00216,BR-A,60.55,2026-01-03
SKU-00216,Item-00216,BR-B,94.34,2026-01-03
SKU-00216,Item-00216,BR-C,96.81,2026-01-03
SKU-00216,Item-00216,BR-D,88.24,2026-01-03
SKU-00216,Item-00216,BR-E,70.8,2026-01-03
SKU-00217,Item-00217,BR-A,144.46,2026-01-03
SKU-00217,Item-00217,BR-B,164.74,2026-01-03
SKU-00217,Item-00217,BR-C,91.45,2026-01-03
SKU-00217,Item-00217,BR-D,236.54,2026-01-03
SKU-00217,Item-00217,BR-E,102.19,2026-01-03
SKU-00218,Item-00218,BR-A,30.69,2026-01-03
SKU-00218,Item-00218,BR-B,49.25,2026-01-03
SKU-00218,Item-00218,BR-C,28.55,2026-01-03
SKU-00218,Item-00218,BR-D,31.19,2026-01-03
SKU-00218,Item-00218,BR-E,26.46,2026-01-03
SKU-00219,Item-00219,BR-A,79.99,2026-01-03
SKU-00219,Item-00219,BR-B,96.86,2026-01-03
SKU-00219,Item-00219,BR-C,103.98,2026-01-03
SKU-00219,Item-00219,BR-D,54.79,2026-01-03
SKU-00219,Item-00219,BR-E,43.61,2026-01-03
SKU-00220,Item-00220,BR-A,58.8,2026-01-03
SKU-00220,Item-00220,BR-B,39.56,2026-01-03
SKU-00220,Item-00220,BR-C,58.65,2026-01-03
SKU-00220,Item-00220,BR-D,36.46,2026-01-03
SKU-00220,Item-00220,BR-E,33.27,2026-01-03
SKU-00221,Item-00221,BR-A,63.06,2026-01-03
SKU-00221,Item-00221,BR-B,65.97,2026-01-03
SKU-00221,Item-00221,BR-C,79.02,2026-01-03
SKU-00221,Item-00221,BR-D,94.02,2026-01-03
SKU-00221,Item-00221,BR-E,64.89,2026-01-03
SKU-00222,Item-00222,BR-A,223.21,2026-01-03
SKU-00222,Item-00222,BR-B,104.6,2026-01-03
SKU-00222,Item-00222,BR-C,255.56,2026-01-03
SKU-00222,Item-00222,BR-D,158.43,2026-01-03
SKU-00222,Item-00222,BR-E,119.44,2026-01-03
SKU-00223,Item-00223,BR-A,69.55,2026-01-03
SKU-00223,Item-00223,BR-B,74.09,2026-01-03
SKU-00223,Item-00223,BR-C,90.39,2026-01-03
SKU-00223,Item-00223,BR-D,92.19,2026-01-03
SKU-00223,Item-00223,BR-E,96.4,2026-01-03
SKU-00224,Item-00224,BR-A,107.01,2026-01-03
SKU-00224,Item-00224,BR-B,44.85,2026-01-03
SKU-00224,Item-00224,BR-C,73.9,2026-01-03
SKU-00224,Item-00224,BR-D,111.87,2026-01-03
SKU-00224,Item-00224,BR-E,104.23,2026-01-03
SKU-00225,Item-00225,BR-A,98.13,2026-01-03
SKU-00225,Item-00225,BR-B,76.19,2026-01-03
SKU-00225,Item-00225,BR-C,46.46,2026-01-03
SKU-00225,Item-00225,BR-D,85.03,2026-01-03
SKU-00225,Item-00225,BR-E,53.48,2026-01-03
SKU-00226,Item-00226,BR-A,26.05,2026-01-03
SKU-00226,Item-00226,BR-B,25.79,2026-01-03
SKU-00226,Item-00226,BR-C,23.75,2026-01-03
SKU-00226,Item-00226,BR-D,29.76,2026-01-03
SKU-00226,Item-00226,BR-E,15.87,2026-01-03
SKU-00227,Item-00227,BR-A,25.63,2026-01-03
SKU-00227,Item-00227,BR-B,38.25,2026-01-03
SKU-00227,Item-00227,BR-C,26.31,2026-01-03
SKU-00227,Item-00227,BR-D,27.64,2026-01-03
SKU-00227,Item-00227,BR-E,20.93,2026-01-03
SKU-00228,Item-00228,BR-A,11.62,2026-01-03
SKU-00228,Item-00228,BR-B,14.13,2026-01-03
SKU-00228,Item-00228,BR-C,11.51,2026-01-03
SKU-00228,Item-00228,BR-D,16.37,2026-01-03
SKU-00228,Item-00228,BR-E,16.53,2026-01-03
SKU-00229,Item-00229,BR-A,105.54,2026-01-03
SKU-00229,Item-00229,BR-B,63.76,2026-01-03
SKU-00229,Item-00229,BR-C,71.9,2026-01-03
SKU-00229,Item-00229,BR-D,82.49,2026-01-03
SKU-00229,Item-00229,BR-E,78.81,2026-01-03
SKU-00230,Item-00230,BR-A,82.63,2026-01-03
SKU-00230,Item-00230,BR-B,50.36,2026-01-03
SKU-00230,Item-00230,BR-C,127.36,2026-01-03
SKU-00230,Item-00230,BR-D,80.54,2026-01-03
SKU-00230,Item-00230,BR-E,96.31,2026-01-03
SKU-00231,Item-00231,BR-A,19.05,2026-01-03
SKU-00231,Item-00231,BR-B,25.34,2026-01-03
SKU-00231,Item-00231,BR-C,20.64,2026-01-03
SKU-00231,Item-00231,BR-D,37.74,2026-01-03
SKU-00231,Item-00231,BR-E,32.78,2026-01-03
SKU-00232,Item-00232,BR-A,55.04,2026-01-03
SKU-00232,Item-00232,BR-B,53.94,2026-01-03
SKU-00232,Item-00232,BR-C,64.44,2026-01-03
SKU-00232,Item-00232,BR-D,64.86,2026-01-03
SKU-00232,Item-00232,BR-E,62.47,2026-01-03
SKU-00233,Item-00233,BR-A,6.09,2026-01-03
SKU-00233,Item-00233,BR-B,5.3,2026-01-03
SKU-00233,Item-00233,BR-C,3.25,2026-01-03
SKU-00233,Item-00233,BR-D,2.38,2026-01-03
SKU-00233,Item-00233,BR-E,5.62,2026-01-03
SKU-00234,Item-00234,BR-A,158.1,2026-01-03
SKU-00234,Item-00234,BR-B,164.25,2026-01-03
SKU-00234,Item-00234,BR-C,167.1,2026-01-03
SKU-00234,Item-00234,BR-D,160.05,2026-01-03
SKU-00234,Item-00234,BR-E,108.13,2026-01-03
SKU-00235,Item-00235,BR-A,73.0,2026-01-03
SKU-00235,Item-00235,BR-B,89.57,2026-01-03
SKU-00235,Item-00235,BR-C,58.23,2026-01-03
SKU-00235,Item-00235,BR-D,83.78,2026-01-03
SKU-00235,Item-00235,BR-E,109.46,2026-01-03
SKU-00236,Item-00236,BR-A,255.64,2026-01-03
SKU-00236,Item-00236,BR-B,102.04,2026-01-03
SKU-00236,Item-00236,BR-C,242.57,2026-01-03
SKU-00236,Item-00236,BR-D,219.12,2026-01-03
SKU-00236,Item-00236,BR-E,269.6,2026-01-03
SKU-00237,Item-00237,BR-A,115.13,2026-01-03
SKU-00237,Item-00237,BR-B,138.31,2026-01-03
SKU-00237,Item-00237,BR-C,177.02,2026-01-03
SKU-00237,Item-00237,BR-D,129.99,2026-01-03
SKU-00237,Item-00237,BR-E,89.44,2026-01-03
SKU-00238,Item-00238,BR-A,135.98,2026-01-03
SKU-00238,Item-00238,BR-B,193.52,2026-01-03
SKU-00238,Item-00238,BR-C,111.93,2026-01-03
SKU-00238,Item-00238,BR-D,118.91,2026-01-03
SKU-00238,Item-00238,BR-E,213.03,2026-01-03
SKU-00239,Item-00239,BR-A,120.59,2026-01-03
SKU-00239,Item-00239,BR-B,92.82,2026-01-03
SKU-00239,Item-00239,BR-C,85.28,2026-01-03
SKU-00239,Item-00239,BR-D,95.72,2026-01-03
SKU-00239,Item-00239,BR-E,142.55,2026-01-03
SKU-00240,Item-00240,BR-A,83.78,2026-01-03
SKU-00240,Item-00240,BR-B,41.51,2026-01-03
SKU-00240,Item-00240,BR-C,77.73,2026-01-03
SKU-00240,Item-00240,BR-D,87.02,2026-01-03
SKU-00240,Item-00240,BR-E,58.42,2026-01-03
SKU-00241,Item-00241,BR-A,74.83,2026-01-03
SKU-00241,Item-00241,BR-B,141.4,2026-01-03
SKU-00241,Item-00241,BR-C,161.31,2026-01-03
SKU-00241,Item-00241,BR-D,102.87,2026-01-03
SKU-00241,Item-00241,BR-E,92.99,2026-01-03
SKU-00242,Item-00242,BR-A,128.51,2026-01-03
SKU-00242,Item-00242,BR-B,114.13,2026-01-03
SKU-00242,Item-00242,BR-C,45.49,2026-01-03
SKU-00242,Item-00242,BR-D,51.24,2026-01-03
SKU-00242,Item-00242,BR-E,104.02,2026-01-03
SKU-00243,Item-00243,BR-A,141.84,2026-01-03
SKU-00243,Item-00243,BR-B,159.12,2026-01-03
SKU-00243,Item-00243,BR-C,169.59,2026-01-03
SKU-00243,Item-00243,BR-D,94.58,2026-01-03
SKU-00243,Item-00243,BR-E,121.79,2026-01-03
SKU-00244,Item-00244,BR-A,151.03,2026-01-03
SKU-00244,Item-00244,BR-B,89.52,2026-01-03
SKU-00244,Item-00244,BR-C,87.57,2026-01-03
SKU-00244,Item-00244,BR-D,180.74,2026-01-03
SKU-00244,Item-00244,BR-E,120.23,2026-01-03
SKU-00245,Item-00245,BR-A,110.27,2026-01-03
SKU-00245,Item-00245,BR-B,59.02,2026-01-03
SKU-00245,Item-00245,BR-C,48.7,2026-01-03
SKU-00245,Item-00245,BR-D,58.78,2026-01-03
SKU-00245,Item-00245,BR-E,105.77,2026-01-03
SKU-00246,Item-00246,BR-A,49.47,2026-01-03
SKU-00246,Item-00246,BR-B,89.34,2026-01-03
SKU-00246,Item-00246,BR-C,58.74,2026-01-03
SKU-00246,Item-00246,BR-D,72.26,2026-01-03
SKU-00246,Item-00246,BR-E,72.11,2026-01-03
SKU-00247,Item-00247,BR-A,121.07,2026-01-03
SKU-00247,Item-00247,BR-B,60.64,2026-01-03
SKU-00247,Item-00247,BR-C,71.57,2026-01-03
SKU-00247,Item-00247,BR-D,78.85,2026-01-03
SKU-00247,Item-00247,BR-E,70.16,2026-01-03
SKU-00248,Item-00248,BR-A,81.74,2026-01-03
SKU-00248,Item-00248,BR-B,104.34,2026-01-03
SKU-00248,Item-00248,BR-C,94.34,2026-01-03
SKU-00248,Item-00248,BR-D,112.43,2026-01-03
SKU-00248,Item-00248,BR-E,59.34,2026-01-03
SKU-00249,Item-00249,BR-A,79.73,2026-01-03
SKU-00249,Item-00249,BR-B,171.59,2026-01-03
SKU-00249,Item-00249,BR-C,72.57,2026-01-03
SKU-00249,Item-00249,BR-D,149.07,2026-01-03
SKU-00249,Item-00249,BR-E,202.95,2026-01-03
SKU-00250,Item-00250,BR-A,59.96,2026-01-03
SKU-00250,Item-00250,BR-B,100.12,2026-01-03
SKU-00250,Item-00250,BR-C,51.51,2026-01-03
SKU-00250,Item-00250,BR-D,107.73,2026-01-03
SKU-00250,Item-00250,BR-E,143.96,2026-01-03
SKU-00251,Item-00251,BR-A,168.81,2026-01-03
SKU-00251,Item-00251,BR-B,190.99,2026-01-03
SKU-00251,Item-00251,BR-C,131.39,2026-01-03
SKU-00251,Item-00251,BR-D,113.7,2026-01-03
SKU-00251,Item-00251,BR-E,125.7,2026-01-03
SKU-00252,Item-00252,BR-A,93.14,2026-01-03
SKU-00252,Item-00252,BR-B,146.35,2026-01-03
SKU-00252,Item-00252,BR-C,157.54,2026-01-03
SKU-00252,Item-00252,BR-D,138.84,2026-01-03
SKU-00252,Item-00252,BR-E,151.56,2026-01-03
SKU-00253,Item-00253,BR-A,26.13,2026-01-03
SKU-00253,Item-00253,BR-B,19.91,2026-01-03
SKU-00253,Item-00253,BR-C,12.93,2026-01-03
SKU-00253,Item-00253,BR-D,19.42,2026-01-03
SKU-00253,Item-00253,BR-E,18.86,2026-01-03
SKU-00254,Item-00254,BR-A,84.6,2026-01-03
SKU-00254,Item-00254,BR-B,131.86,2026-01-03
SKU-00254,Item-00254,BR-C,163.83,2026-01-03
SKU-00254,Item-00254,BR-D,167.4,2026-01-03
SKU-00254,Item-00254,BR-E,188.96,2026-01-03
SKU-00255,Item-00255,BR-A,107.07,2026-01-03
SKU-00255,Item-00255,BR-B,180.27,2026-01-03
SKU-00255,Item-00255,BR-C,222.49,2026-01-03
SKU-00255,Item-00255,BR-D,129.3,2026-01-03
SKU-00255,Item-00255,BR-E,195.66,2026-01-03
SKU-00256,Item-00256,BR-A,11.61,2026-01-03
SKU-00256,Item-00256,BR-B,7.78,2026-01-03
SKU-00256,Item-00256,BR-C,9.93,2026-01-03
SKU-00256,Item-00256,BR-D,10.27,2026-01-03
SKU-00256,Item-00256,BR-E,8.7,2026-01-03
SKU-00257,Item-00257,BR-A,182.59,2026-01-03
SKU-00257,Item-00257,BR-B,139.38,2026-01-03
SKU-00257,Item-00257,BR-C,292.55,2026-01-03
SKU-00257,Item-00257,BR-D,287.05,2026-01-03
SKU-00257,Item-00257,BR-E,259.25,2026-01-03
SKU-00258,Item-00258,BR-A,50.44,2026-01-03
SKU-00258,Item-00258,BR-B,81.66,2026-01-03
SKU-00258,Item-00258,BR-C,53.09,2026-01-03
SKU-00258,Item-00258,BR-D,122.31,2026-01-03
SKU-00258,Item-00258,BR-E,78.51,2026-01-03
SKU-00259,Item-00259,BR-A,138.75,2026-01-03
SKU-00259,Item-00259,BR-B,161.68,2026-01-03
SKU-00259,Item-00259,BR-C,132.52,2026-01-03
SKU-00259,Item-00259,BR-D,162.51,2026-01-03
SKU-00259,Item-00259,BR-E,87.51,2026-01-03
SKU-00260,Item-00260,BR-A,95.1,2026-01-03
SKU-00260,Item-00260,BR-B,144.66,2026-01-03
SKU-00260,Item-00260,BR-C,144.59,2026-01-03
SKU-00260,Item-00260,BR-D,150.11,2026-01-03
SKU-00260,Item-00260,BR-E,137.34,2026-01-03
SKU-00261,Item-00261,BR-A,46.36,2026-01-03
SKU-00261,Item-00261,BR-B,40.87,2026-01-03
SKU-00261,Item-00261,BR-C,26.73,2026-01-03
SKU-00261,Item-00261,BR-D,23.55,2026-01-03
SKU-00261,Item-00261,BR-E,21.89,2026-01-03
SKU-00262,Item-00262,BR-A,184.67,2026-01-03
SKU-00262,Item-00262,BR-B,193.71,2026-01-03
SKU-00262,Item-00262,BR-C,243.42,2026-01-03
SKU-00262,Item-00262,BR-D,181.98,2026-01-03
SKU-00262,Item-00262,BR-E,116.25,2026-01-03
SKU-00263,Item-00263,BR-A,203.79,2026-01-03
SKU-00263,Item-00263,BR-B,128.17,2026-01-03
SKU-00263,Item-00263,BR-C,184.9,2026-01-03
SKU-00263,Item-00263,BR-D,165.93,2026-01-03
SKU-00263,Item-00263,BR-E,215.69,2026-01-03
SKU-00264,Item-00264,BR-A,26.54,2026-01-03
SKU-00264,Item-00264,BR-B,37.0,2026-01-03
SKU-00264,Item-00264,BR-C,24.58,2026-01-03
SKU-00264,Item-00264,BR-D,45.13,2026-01-03
SKU-00264,Item-00264,BR-E,29.28,2026-01-03
SKU-00265,Item-00265,BR-A,69.53,2026-01-03
SKU-00265,Item-00265,BR-B,119.73,2026-01-03
SKU-00265,Item-00265,BR-C,111.06,2026-01-03
SKU-00265,Item-00265,BR-D,58.2,2026-01-03
SKU-00265,Item-00265,BR-E,90.22,2026-01-03
SKU-00266,Item-00266,BR-A,64.57,2026-01-03
SKU-00266,Item-00266,BR-B,35.97,2026-01-03
SKU-00266,Item-00266,BR-C,75.54,2026-01-03
SKU-00266,Item-00266,BR-D,74.19,2026-01-03
SKU-00266,Item-00266,BR-E,67.17,2026-01-03
SKU-00267,Item-00267,BR-A,69.15,2026-01-03
SKU-00267,Item-00267,BR-B,72.55,2026-01-03
SKU-00267,Item-00267,BR-C,92.48,2026-01-03
SKU-00267,Item-00267,BR-D,130.86,2026-01-03
SKU-00267,Item-00267,BR-E,60.29,2026-01-03
SKU-00268,Item-00268,BR-A,88.61,2026-01-03
SKU-00268,Item-00268,BR-B,141.03,2026-01-03
SKU-00268,Item-00268,BR-C,166.11,2026-01-03
SKU-00268,Item-00268,BR-D,82.66,2026-01-03
SKU-00268,Item-00268,BR-E,161.69,2026-01-03
SKU-00269,Item-00269,BR-A,165.93,2026-01-03
SKU-00269,Item-00269,BR-B,172.97,2026-01-03
SKU-00269,Item-00269,BR-C,153.51,2026-01-03
SKU-00269,Item-00269,BR-D,134.02,2026-01-03
SKU-00269,Item-00269,BR-E,139.12,2026-01-03
SKU-00270,Item-00270,BR-A,110.8,2026-01-03
SKU-00270,Item-00270,BR-B,152.0,2026-01-03
SKU-00270,Item-00270,BR-C,154.25,2026-01-03
SKU-00270,Item-00270,BR-D,111.36,2026-01-03
SKU-00270,Item-00270,BR-E,142.88,2026-01-03
SKU-00271,Item-00271,BR-A,93.98,2026-01-03
SKU-00271,Item-00271,BR-B,119.11,2026-01-03
SKU-00271,Item-00271,BR-C,115.04,2026-01-03
SKU-00271,Item-00271,BR-D,65.08,2026-01-03
SKU-00271,Item-00271,BR-E,55.87,2026-01-03
SKU-00272,Item-00272,BR-A,55.76,2026-01-03
SKU-00272,Item-00272,BR-B,55.89,2026-01-03
SKU-00272,Item-00272,BR-C,113.9,2026-01-03
SKU-00272,Item-00272,BR-D,131.41,2026-01-03
SKU-00272,Item-00272,BR-E,114.26,2026-01-03
SKU-00273,Item-00273,BR-A,95.56,2026-01-03
SKU-00273,Item-00273,BR-B,132.3,2026-01-03
SKU-00273,Item-00273,BR-C,203.19,2026-01-03
SKU-00273,Item-00273,BR-D,217.89,2026-01-03
SKU-00273,Item-00273,BR-E,162.83,2026-01-03
SKU-00274,Item-00274,BR-A,48.59,2026-01-03
SKU-00274,Item-00274,BR-B,54.01,2026-01-03
SKU-00274,Item-00274,BR-C,96.62,2026-01-03
SKU-00274,Item-00274,BR-D,124.65,2026-01-03
SKU-00274,Item-00274,BR-E,136.59,2026-01-03
SKU-00275,Item-00275,BR-A,141.12,2026-01-03
SKU-00275,Item-00275,BR-B,148.58,2026-01-03
SKU-00275,Item-00275,BR-C,200.26,2026-01-03
SKU-00275,Item-00275,BR-D,219.55,2026-01-03
SKU-00275,Item-00275,BR-E,174.02,2026-01-03
SKU-00276,Item-00276,BR-A,171.33,2026-01-03
SKU-00276,Item-00276,BR-B,114.3,2026-01-03
SKU-00276,Item-00276,BR-C,140.33,2026-01-03
SKU-00276,Item-00276,BR-D,161.81,2026-01-03
SKU-00276,Item-00276,BR-E,150.14,2026-01-03
SKU-00277,Item-00277,BR-A,65.9,2026-01-03
SKU-00277,Item-00277,BR-B,142.89,2026-01-03
SKU-00277,Item-00277,BR-C,132.7,2026-01-03
SKU-00277,Item-00277,BR-D,100.15,2026-01-03
SKU-00277,Item-00277,BR-E,95.9,2026-01-03
SKU-00278,Item-00278,BR-A,64.31,2026-01-03
SKU-00278,Item-00278,BR-B,38.61,2026-01-03
SKU-00278,Item-00278,BR-C,67.92,2026-01-03
SKU-00278,Item-00278,BR-D,75.59,2026-01-03
SKU-00278,Item-00278,BR-E,70.04,2026-01-03
SKU-00279,Item-00279,BR-A,159.53,2026-01-03
SKU-00279,Item-00279,BR-B,118.86,2026-01-03
SKU-00279,Item-00279,BR-C,214.44,2026-01-03
SKU-00279,Item-00279,BR-D,92.85,2026-01-03
SKU-00279,Item-00279,BR-E,215.36,2026-01-03
SKU-00280,Item-00280,BR-A,69.43,2026-01-03
SKU-00280,Item-00280,BR-B,56.7,2026-01-03
SKU-00280,Item-00280,BR-C,76.25,2026-01-03
SKU-00280,Item-00280,BR-D,57.64,2026-01-03
SKU-00280,Item-00280,BR-E,69.3,2026-01-03
SKU-00281,Item-00281,BR-A,159.78,2026-01-03
SKU-00281,Item-00281,BR-B,265.31,2026-01-03
SKU-00281,Item-00281,BR-C,152.17,2026-01-03
SKU-00281,Item-00281,BR-D,238.55,2026-01-03
SKU-00281,Item-00281,BR-E,130.78,2026-01-03
SKU-00282,Item-00282,BR-A,38.5,2026-01-03
SKU-00282,Item-00282,BR-B,40.86,2026-01-03
SKU-00282,Item-00282,BR-C,37.53,2026-01-03
SKU-00282,Item-00282,BR-D,17.9,2026-01-03
SKU-00282,Item-00282,BR-E,42.52,2026-01-03
SKU-00283,Item-00283,BR-A,55.31,2026-01-03
SKU-00283,Item-00283,BR-B,79.09,2026-01-03
SKU-00283,Item-00283,BR-C,71.71,2026-01-03
SKU-00283,Item-00283,BR-D,117.4,2026-01-03
SKU-00283,Item-00283,BR-E,92.33,2026-01-03
SKU-00284,Item-00284,BR-A,192.57,2026-01-03
SKU-00284,Item-00284,BR-B,212.36,2026-01-03
SKU-00284,Item-00284,BR-C,150.84,2026-01-03
SKU-00284,Item-00284,BR-D,121.61,2026-01-03
SKU-00284,Item-00284,BR-E,168.88,2026-01-03
SKU-00285,Item-00285,BR-A,127.19,2026-01-03
SKU-00285,Item-00285,BR-B,107.84,2026-01-03
SKU-00285,Item-00285,BR-C,77.34,2026-01-03
SKU-00285,Item-00285,BR-D,88.72,2026-01-03
SKU-00285,Item-00285,BR-E,68.35,2026-01-03
SKU-00286,Item-00286,BR-A,132.92,2026-01-03
SKU-00286,Item-00286,BR-B,78.96,2026-01-03
SKU-00286,Item-00286,BR-C,150.13,2026-01-03
SKU-00286,Item-00286,BR-D,100.35,2026-01-03
SKU-00286,Item-00286,BR-E,72.05,2026-01-03
SKU-00287,Item-00287,BR-A,20.47,2026-01-03
SKU-00287,Item-00287,BR-B,17.74,2026-01-03
SKU-00287,Item-00287,BR-C,21.31,2026-01-03
SKU-00287,Item-00287,BR-D,22.02,2026-01-03
SKU-00287,Item-00287,BR-E,19.79,2026-01-03
SKU-00288,Item-00288,BR-A,78.08,2026-01-03
SKU-00288,Item-00288,BR-B,55.04,2026-01-03
SKU-00288,Item-00288,BR-C,52.99,2026-01-03
SKU-00288,Item-00288,BR-D,96.77,2026-01-03
SKU-00288,Item-00288,BR-E,65.03,2026-01-03
SKU-00289,Item-00289,BR-A,114.5,2026-01-03
SKU-00289,Item-00289,BR-B,126.78,2026-01-03
SKU-00289,Item-00289,BR-C,215.64,2026-01-03
SKU-00289,Item-00289,BR-D,213.45,2026-01-03
SKU-00289,Item-00289,BR-E,91.76,2026-01-03
SKU-00290,Item-00290,BR-A,120.16,2026-01-03
SKU-00290,Item-00290,BR-B,105.88,2026-01-03
SKU-00290,Item-00290,BR-C,115.63,2026-01-03
SKU-00290,Item-00290,BR-D,145.11,2026-01-03
SKU-00290,Item-00290,BR-E,65.2,2026-01-03
SKU-00291,Item-00291,BR-A,90.78,2026-01-03
SKU-00291,Item-00291,BR-B,58.87,2026-01-03
SKU-00291,Item-00291,BR-C,84.15,2026-01-03
SKU-00291,Item-00291,BR-D,89.29,2026-01-03
SKU-00291,Item-00291,BR-E,38.69,2026-01-03
SKU-00292,Item-00292,BR-A,252.68,2026-01-03
SKU-00292,Item-00292,BR-B,119.96,2026-01-03
SKU-00292,Item-00292,BR-C,98.72,2026-01-03
SKU-00292,Item-00292,BR-D,253.71,2026-01-03
SKU-00292,Item-00292,BR-E,198.55,2026-01-03
SKU-00293,Item-00293,BR-A,120.8,2026-01-03
SKU-00293,Item-00293,BR-B,160.97,2026-01-03
SKU-00293,Item-00293,BR-C,124.39,2026-01-03
SKU-00293,Item-00293,BR-D,100.59,2026-01-03
SKU-00293,Item-00293,BR-E,61.1,2026-01-03
SKU-00294,Item-00294,BR-A,122.18,2026-01-03
SKU-00294,Item-00294,BR-B,161.03,2026-01-03
SKU-00294,Item-00294,BR-C,192.28,2026-01-03
SKU-00294,Item-00294,BR-D,234.08,2026-01-03
SKU-00294,Item-00294,BR-E,186.77,2026-01-03
SKU-00295,Item-00295,BR-A,88.86,2026-01-03
SKU-00295,Item-00295,BR-B,119.63,2026-01-03
SKU-00295,Item-00295,BR-C,129.7,2026-01-03
SKU-00295,Item-00295,BR-D,116.39,2026-01-03
SKU-00295,Item-00295,BR-E,127.99,2026-01-03
SKU-00296,Item-00296,BR-A,122.41,2026-01-03
SKU-00296,Item-00296,BR-B,103.7,2026-01-03
SKU-00296,Item-00296,BR-C,70.98,2026-01-03
SKU-00296,Item-00296,BR-D,103.95,2026-01-03
SKU-00296,Item-00296,BR-E,79.01,2026-01-03
SKU-00297,Item-00297,BR-A,51.53,2026-01-03
SKU-00297,Item-00297,BR-B,48.61,2026-01-03
SKU-00297,Item-00297,BR-C,80.43,2026-01-03
SKU-00297,Item-00297,BR-D,94.48,2026-01-03
SKU-00297,Item-00297,BR-E,82.03,2026-01-03
SKU-00298,Item-00298,BR-A,79.93,2026-01-03
SKU-00298,Item-00298,BR-B,158.21,2026-01-03
SKU-00298,Item-00298,BR-C,158.16,2026-01-03
SKU-00298,Item-00298,BR-D,115.61,2026-01-03
SKU-00298,Item-00298,BR-E,182.75,2026-01-03
SKU-00299,Item-00299,BR-A,239.45,2026-01-03
SKU-00299,Item-00299,BR-B,129.28,2026-01-03
SKU-00299,Item-00299,BR-C,183.73,2026-01-03
SKU-00299,Item-00299,BR-D,212.55,2026-01-03
SKU-00299,Item-00299,BR-E,174.65,2026-01-03
SKU-00300,Item-00300,BR-A,10.1,2026-01-03
SKU-00300,Item-00300,BR-B,5.8,2026-01-03
SKU-00300,Item-00300,BR-C,5.48,2026-01-03
SKU-00300,Item-00300,BR-D,13.17,2026-01-03
SKU-00300,Item-00300,BR-E,12.14,2026-01-03
SKU-00301,Item-00301,BR-A,84.63,2026-01-03
SKU-00301,Item-00301,BR-B,158.11,2026-01-03
SKU-00301,Item-00301,BR-C,65.31,2026-01-03
SKU-00301,Item-00301,BR-D,128.06,2026-01-03
SKU-00301,Item-00301,BR-E,125.76,2026-01-03
SKU-00302,Item-00302,BR-A,26.86,2026-01-03
SKU-00302,Item-00302,BR-B,20.43,2026-01-03
SKU-00302,Item-00302,BR-C,21.03,2026-01-03
SKU-00302,Item-00302,BR-D,22.34,2026-01-03
SKU-00302,Item-00302,BR-E,24.91,2026-01-03
SKU-00303,Item-00303,BR-A,39.55,2026-01-03
SKU-00303,Item-00303,BR-B,19.72,2026-01-03
SKU-00303,Item-00303,BR-C,38.45,2026-01-03
SKU-00303,Item-00303,BR-D,44.78,2026-01-03
SKU-00303,Item-00303,BR-E,42.75,2026-01-03
SKU-00304,Item-00304,BR-A,27.77,2026-01-03
SKU-00304,Item-00304,BR-B,43.92,2026-01-03
SKU-00304,Item-00304,BR-C,27.74,2026-01-03
SKU-00304,Item-00304,BR-D,42.21,2026-01-03
SKU-00304,Item-00304,BR-E,51.7,2026-01-03
SKU-00305,Item-00305,BR-A,50.48,2026-01-03
SKU-00305,Item-00305,BR-B,50.92,2026-01-03
SKU-00305,Item-00305,BR-C,56.83,2026-01-03
SKU-00305,Item-00305,BR-D,53.39,2026-01-03
SKU-00305,Item-00305,BR-E,84.01,2026-01-03
SKU-00306,Item-00306,BR-A,126.12,2026-01-03
SKU-00306,Item-00306,BR-B,52.04,2026-01-03
SKU-00306,Item-00306,BR-C,137.78,2026-01-03
SKU-00306,Item-00306,BR-D,94.79,2026-01-03
SKU-00306,Item-00306,BR-E,81.85,2026-01-03
SKU-00307,Item-00307,BR-A,161.75,2026-01-03
SKU-00307,Item-00307,BR-B,143.62,2026-01-03
SKU-00307,Item-00307,BR-C,221.62,2026-01-03
SKU-00307,Item-00307,BR-D,80.44,2026-01-03
SKU-00307,Item-00307,BR-E,125.33,2026-01-03
SKU-00308,Item-00308,BR-A,84.73,2026-01-03
SKU-00308,Item-00308,BR-B,60.37,2026-01-03
SKU-00308,Item-00308,BR-C,75.4,2026-01-03
SKU-00308,Item-00308,BR-D,68.35,2026-01-03
SKU-00308,Item-00308,BR-E,56.12,2026-01-03
SKU-00309,Item-00309,BR-A,58.15,2026-01-03
SKU-00309,Item-00309,BR-B,64.31,2026-01-03
SKU-00309,Item-00309,BR-C,55.32,2026-01-03
SKU-00309,Item-00309,BR-D,79.47,2026-01-03
SKU-00309,Item-00309,BR-E,46.43,2026-01-03
SKU-00310,Item-00310,BR-A,100.92,2026-01-03
SKU-00310,Item-00310,BR-B,70.14,2026-01-03
SKU-00310,Item-00310,BR-C,59.75,2026-01-03
SKU-00310,Item-00310,BR-D,127.31,2026-01-03
SKU-00310,Item-00310,BR-E,72.69,2026-01-03
SKU-00311,Item-00311,BR-A,10.11,2026-01-03
SKU-00311,Item-00311,BR-B,11.66,2026-01-03
SKU-00311,Item-00311,BR-C,19.07,2026-01-03
SKU-00311,Item-00311,BR-D,20.81,2026-01-03
SKU-00311,Item-00311,BR-E,15.87,2026-01-03
SKU-00312,Item-00312,BR-A,35.31,2026-01-03
SKU-00312,Item-00312,BR-B,42.0,2026-01-03
SKU-00312,Item-00312,BR-C,31.21,2026-01-03
SKU-00312,Item-00312,BR-D,54.32,2026-01-03
SKU-00312,Item-00312,BR-E,28.68,2026-01-03
SKU-00313,Item-00313,BR-A,121.51,2026-01-03
SKU-00313,Item-00313,BR-B,140.93,2026-01-03
SKU-00313,Item-00313,BR-C,220.85,2026-01-03
SKU-00313,Item-00313,BR-D,143.73,2026-01-03
SKU-00313,Item-00313,BR-E,95.21,2026-01-03
SKU-00314,Item-00314,BR-A,117.37,2026-01-03
SKU-00314,Item-00314,BR-B,142.71,2026-01-03
SKU-00314,Item-00314,BR-C,182.57,2026-01-03
SKU-00314,Item-00314,BR-D,159.08,2026-01-03
SKU-00314,Item-00314,BR-E,90.18,2026-01-03
SKU-00315,Item-00315,BR-A,53.38,2026-01-03
SKU-00315,Item-00315,BR-B,64.41,2026-01-03
SKU-00315,Item-00315,BR-C,51.87,2026-01-03
SKU-00315,Item-00315,BR-D,30.7,2026-01-03
SKU-00315,Item-00315,BR-E,38.24,2026-01-03
SKU-00316,Item-00316,BR-A,146.59,2026-01-03
SKU-00316,Item-00316,BR-B,166.6,2026-01-03
SKU-00316,Item-00316,BR-C,140.17,2026-01-03
SKU-00316,Item-00316,BR-D,117.46,2026-01-03
SKU-00316,Item-00316,BR-E,84.83,2026-01-03
SKU-00317,Item-00317,BR-A,42.99,2026-01-03
SKU-00317,Item-00317,BR-B,27.3,2026-01-03
SKU-00317,Item-00317,BR-C,15.85,2026-01-03
SKU-00317,Item-00317,BR-D,32.07,2026-01-03
SKU-00317,Item-00317,BR-E,17.3,2026-01-03
SKU-00318,Item-00318,BR-A,74.05,2026-01-03
SKU-00318,Item-00318,BR-B,72.41,2026-01-03
SKU-00318,Item-00318,BR-C,121.37,2026-01-03
SKU-00318,Item-00318,BR-D,67.5,2026-01-03
SKU-00318,Item-00318,BR-E,131.62,2026-01-03
SKU-00319,Item-00319,BR-A,83.66,2026-01-03
SKU-00319,Item-00319,BR-B,80.94,2026-01-03
SKU-00319,Item-00319,BR-C,75.34,2026-01-03
SKU-00319,Item-00319,BR-D,130.63,2026-01-03
SKU-00319,Item-00319,BR-E,70.94,2026-01-03
SKU-00320,Item-00320,BR-A,82.47,2026-01-03
SKU-00320,Item-00320,BR-B,137.72,2026-01-03
SKU-00320,Item-00320,BR-C,226.7,2026-01-03
SKU-00320,Item-00320,BR-D,137.94,2026-01-03
SKU-00320,Item-00320,BR-E,96.78,2026-01-03
SKU-00321,Item-00321,BR-A,175.3,2026-01-03
SKU-00321,Item-00321,BR-B,85.51,2026-01-03
SKU-00321,Item-00321,BR-C,151.67,2026-01-03
SKU-00321,Item-00321,BR-D,101.17,2026-01-03
SKU-00321,Item-00321,BR-E,162.81,2026-01-03
SKU-00322,Item-00322,BR-A,156.77,2026-01-03
SKU-00322,Item-00322,BR-B,162.77,2026-01-03
SKU-00322,Item-00322,BR-C,188.92,2026-01-03
SKU-00322,Item-00322,BR-D,214.07,2026-01-03
SKU-00322,Item-00322,BR-E,166.21,2026-01-03
SKU-00323,Item-00323,BR-A,215.71,2026-01-03
SKU-00323,Item-00323,BR-B,270.13,2026-01-03
SKU-00323,Item-00323,BR-C,133.5,2026-01-03
SKU-00323,Item-00323,BR-D,279.53,2026-01-03
SKU-00323,Item-00323,BR-E,174.69,2026-01-03
SKU-00324,Item-00324,BR-A,101.2,2026-01-03
SKU-00324,Item-00324,BR-B,146.57,2026-01-03
SKU-00324,Item-00324,BR-C,172.54,2026-01-03
SKU-00324,Item-00324,BR-D,122.56,2026-01-03
SKU-00324,Item-00324,BR-E,129.77,2026-01-03
SKU-00325,Item-00325,BR-A,158.08,2026-01-03
SKU-00325,Item-00325,BR-B,115.63,2026-01-03
SKU-00325,Item-00325,BR-C,75.85,2026-01-03
SKU-00325,Item-00325,BR-D,62.4,2026-01-03
SKU-00325,Item-00325,BR-E,119.8,2026-01-03
SKU-00326,Item-00326,BR-A,55.3,2026-01-03
SKU-00326,Item-00326,BR-B,52.98,2026-01-03
SKU-00326,Item-00326,BR-C,73.1,2026-01-03
SKU-00326,Item-00326,BR-D,101.52,2026-01-03
SKU-00326,Item-00326,BR-E,47.12,2026-01-03
SKU-00327,Item-00327,BR-A,23.33,2026-01-03
SKU-00327,Item-00327,BR-B,27.93,2026-01-03
SKU-00327,Item-00327,BR-C,23.0,2026-01-03
SKU-00327,Item-00327,BR-D,14.54,2026-01-03
SKU-00327,Item-00327,BR-E,21.18,2026-01-03
SKU-00328,Item-00328,BR-A,29.14,2026-01-03
SKU-00328,Item-00328,BR-B,16.88,2026-01-03
SKU-00328,Item-00328,BR-C,35.68,2026-01-03
SKU-00328,Item-00328,BR-D,31.28,2026-01-03
SKU-00328,Item-00328,BR-E,24.35,2026-01-03
SKU-00329,Item-00329,BR-A,135.5,2026-01-03
SKU-00329,Item-00329,BR-B,160.78,2026-01-03
SKU-00329,Item-00329,BR-C,246.3,2026-01-03
SKU-00329,Item-00329,BR-D,236.26,2026-01-03
SKU-00329,Item-00329,BR-E,225.05,2026-01-03
SKU-00330,Item-00330,BR-A,131.61,2026-01-03
SKU-00330,Item-00330,BR-B,217.84,2026-01-03
SKU-00330,Item-00330,BR-C,231.8,2026-01-03
SKU-00330,Item-00330,BR-D,147.42,2026-01-03
SKU-00330,Item-00330,BR-E,132.79,2026-01-03
SKU-00331,Item-00331,BR-A,44.13,2026-01-03
SKU-00331,Item-00331,BR-B,43.38,2026-01-03
SKU-00331,Item-00331,BR-C,89.04,2026-01-03
SKU-00331,Item-00331,BR-D,104.13,2026-01-03
SKU-00331,Item-00331,BR-E,49.39,2026-01-03
SKU-00332,Item-00332,BR-A,77.62,2026-01-03
SKU-00332,Item-00332,BR-B,166.98,2026-01-03
SKU-00332,Item-00332,BR-C,142.32,2026-01-03
SKU-00332,Item-00332,BR-D,134.34,2026-01-03
SKU-00332,Item-00332,BR-E,184.03,2026-01-03
SKU-00333,Item-00333,BR-A,150.99,2026-01-03
SKU-00333,Item-00333,BR-B,96.84,2026-01-03
SKU-00333,Item-00333,BR-C,105.36,2026-01-03
SKU-00333,Item-00333,BR-D,127.71,2026-01-03
SKU-00333,Item-00333,BR-E,102.44,2026-01-03
SKU-00334,Item-00334,BR-A,6.71,2026-01-03
SKU-00334,Item-00334,BR-B,9.79,2026-01-03
SKU-00334,Item-00334,BR-C,9.09,2026-01-03
SKU-00334,Item-00334,BR-D,7.88,2026-01-03
SKU-00334,Item-00334,BR-E,6.01,2026-01-03
SKU-00335,Item-00335,BR-A,186.0,2026-01-03
SKU-00335,Item-00335,BR-B,233.45,2026-01-03
SKU-00335,Item-00335,BR-C,206.87,2026-01-03
SKU-00335,Item-00335,BR-D,201.76,2026-01-03
SKU-00335,Item-00335,BR-E,199.9,2026-01-03
SKU-00336,Item-00336,BR-A,111.69,2026-01-03
SKU-00336,Item-00336,BR-B,67.87,2026-01-03
SKU-00336,Item-00336,BR-C,110.77,2026-01-03
SKU-00336,Item-00336,BR-D,129.14,2026-01-03
SKU-00336,Item-00336,BR-E,118.08,2026-01-03
SKU-00337,Item-00337,BR-A,177.8,2026-01-03
SKU-00337,Item-00337,BR-B,133.66,2026-01-03
SKU-00337,Item-00337,BR-C,143.82,2026-01-03
SKU-00337,Item-00337,BR-D,143.6,2026-01-03
SKU-00337,Item-00337,BR-E,188.37,2026-01-03
SKU-00338,Item-00338,BR-A,168.73,2026-01-03
SKU-00338,Item-00338,BR-B,197.58,2026-01-03
SKU-00338,Item-00338,BR-C,147.72,2026-01-03
SKU-00338,Item-00338,BR-D,106.21,2026-01-03
SKU-00338,Item-00338,BR-E,85.35,2026-01-03
SKU-00339,Item-00339,BR-A,51.77,2026-01-03
SKU-00339,Item-00339,BR-B,39.53,2026-01-03
SKU-00339,Item-00339,BR-C,56.01,2026-01-03
SKU-00339,Item-00339,BR-D,36.11,2026-01-03
SKU-00339,Item-00339,BR-E,34.47,2026-01-03
SKU-00340,Item-00340,BR-A,171.75,2026-01-03
SKU-00340,Item-00340,BR-B,122.76,2026-01-03
SKU-00340,Item-00340,BR-C,273.61,2026-01-03
SKU-00340,Item-00340,BR-D,148.48,2026-01-03
SKU-00340,Item-00340,BR-E,202.98,2026-01-03
SKU-00341,Item-00341,BR-A,158.61,2026-01-03
SKU-00341,Item-00341,BR-B,79.78,2026-01-03
SKU-00341,Item-00341,BR-C,101.82,2026-01-03
SKU-00341,Item-00341,BR-D,101.13,2026-01-03
SKU-00341,Item-00341,BR-E,91.35,2026-01-03
SKU-00342,Item-00342,BR-A,193.99,2026-01-03
SKU-00342,Item-00342,BR-B,168.28,2026-01-03
SKU-00342,Item-00342,BR-C,114.88,2026-01-03
SKU-00342,Item-00342,BR-D,128.15,2026-01-03
SKU-00342,Item-00342,BR-E,223.63,2026-01-03
SKU-00343,Item-00343,BR-A,102.9,2026-01-03
SKU-00343,Item-00343,BR-B,118.82,2026-01-03
SKU-00343,Item-00343,BR-C,49.99,2026-01-03
SKU-00343,Item-00343,BR-D,87.23,2026-01-03
SKU-00343,Item-00343,BR-E,100.71,2026-01-03
SKU-00344,Item-00344,BR-A,67.27,2026-01-03
SKU-00344,Item-00344,BR-B,58.59,2026-01-03
SKU-00344,Item-00344,BR-C,75.61,2026-01-03
SKU-00344,Item-00344,BR-D,56.81,2026-01-03
SKU-00344,Item-00344,BR-E,58.47,2026-01-03
SKU-00345,Item-00345,BR-A,88.41,2026-01-03
SKU-00345,Item-00345,BR-B,232.34,2026-01-03
SKU-00345,Item-00345,BR-C,117.84,2026-01-03
SKU-00345,Item-00345,BR-D,145.23,2026-01-03
SKU-00345,Item-00345,BR-E,104.05,2026-01-03
SKU-00346,Item-00346,BR-A,58.95,2026-01-03
SKU-00346,Item-00346,BR-B,35.65,2026-01-03
SKU-00346,Item-00346,BR-C,60.22,2026-01-03
SKU-00346,Item-00346,BR-D,39.59,2026-01-03
SKU-00346,Item-00346,BR-E,37.88,2026-01-03
SKU-00347,Item-00347,BR-A,51.75,2026-01-03
SKU-00347,Item-00347,BR-B,35.01,2026-01-03
SKU-00347,Item-00347,BR-C,60.28,2026-01-03
SKU-00347,Item-00347,BR-D,38.56,2026-01-03
SKU-00347,Item-00347,BR-E,47.1,2026-01-03
SKU-00348,Item-00348,BR-A,94.53,2026-01-03
SKU-00348,Item-00348,BR-B,109.09,2026-01-03
SKU-00348,Item-00348,BR-C,81.32,2026-01-03
SKU-00348,Item-00348,BR-D,152.33,2026-01-03
SKU-00348,Item-00348,BR-E,73.03,2026-01-03
SKU-00349,Item-00349,BR-A,66.68,2026-01-03
SKU-00349,Item-00349,BR-B,94.04,2026-01-03
SKU-00349,Item-00349,BR-C,47.8,2026-01-03
SKU-00349,Item-00349,BR-D,60.89,2026-01-03
SKU-00349,Item-00349,BR-E,66.37,2026-01-03
SKU-00350,Item-00350,BR-A,149.49,2026-01-03
SKU-00350,Item-00350,BR-B,234.64,2026-01-03
SKU-00350,Item-00350,BR-C,122.72,2026-01-03
SKU-00350,Item-00350,BR-D,121.24,2026-01-03
SKU-00350,Item-00350,BR-E,96.37,2026-01-03
SKU-00351,Item-00351,BR-A,90.6,2026-01-03
SKU-00351,Item-00351,BR-B,124.53,2026-01-03
SKU-00351,Item-00351,BR-C,139.79,2026-01-03
SKU-00351,Item-00351,BR-D,67.86,2026-01-03
SKU-00351,Item-00351,BR-E,71.61,2026-01-03
SKU-00352,Item-00352,BR-A,159.17,2026-01-03
SKU-00352,Item-00352,BR-B,188.25,2026-01-03
SKU-00352,Item-00352,BR-C,125.78,2026-01-03
SKU-00352,Item-00352,BR-D,150.07,2026-01-03
SKU-00352,Item-00352,BR-E,170.24,2026-01-03
SKU-00353,Item-00353,BR-A,76.72,2026-01-03
SKU-00353,Item-00353,BR-B,71.82,2026-01-03
SKU-00353,Item-00353,BR-C,49.5,2026-01-03
SKU-00353,Item-00353,BR-D,74.69,2026-01-03
SKU-00353,Item-00353,BR-E,81.42,2026-01-03
SKU-00354,Item-00354,BR-A,114.55,2026-01-03
SKU-00354,Item-00354,BR-B,160.98,2026-01-03
SKU-00354,Item-00354,BR-C,152.12,2026-01-03
SKU-00354,Item-00354,BR-D,102.11,2026-01-03
SKU-00354,Item-00354,BR-E,71.37,2026-01-03
SKU-00355,Item-00355,BR-A,119.65,2026-01-03
SKU-00355,Item-00355,BR-B,103.6,2026-01-03
SKU-00355,Item-00355,BR-C,128.47,2026-01-03
SKU-00355,Item-00355,BR-D,192.24,2026-01-03
SKU-00355,Item-00355,BR-E,241.74,2026-01-03
SKU-00356,Item-00356,BR-A,38.79,2026-01-03
SKU-00356,Item-00356,BR-B,60.9,2026-01-03
SKU-00356,Item-00356,BR-C,44.07,2026-01-03
SKU-00356,Item-00356,BR-D,75.82,2026-01-03
SKU-00356,Item-00356,BR-E,63.86,2026-01-03
SKU-00357,Item-00357,BR-A,94.59,2026-01-03
SKU-00357,Item-00357,BR-B,80.51,2026-01-03
SKU-00357,Item-00357,BR-C,99.61,2026-01-03
SKU-00357,Item-00357,BR-D,126.35,2026-01-03
SKU-00357,Item-00357,BR-E,76.45,2026-01-03
SKU-00358,Item-00358,BR-A,93.87,2026-01-03
SKU-00358,Item-00358,BR-B,142.6,2026-01-03
SKU-00358,Item-00358,BR-C,107.04,2026-01-03
SKU-00358,Item-00358,BR-D,177.31,2026-01-03
SKU-00358,Item-00358,BR-E,190.55,2026-01-03
SKU-00359,Item-00359,BR-A,137.29,2026-01-03
SKU-00359,Item-00359,BR-B,70.39,2026-01-03
SKU-00359,Item-00359,BR-C,121.73,2026-01-03
SKU-00359,Item-00359,BR-D,66.0,2026-01-03
SKU-00359,Item-00359,BR-E,111.51,2026-01-03
SKU-00360,Item-00360,BR-A,29.27,2026-01-03
SKU-00360,Item-00360,BR-B,26.91,2026-01-03
SKU-00360,Item-00360,BR-C,22.6,2026-01-03
SKU-00360,Item-00360,BR-D,15.62,2026-01-03
SKU-00360,Item-00360,BR-E,33.24,2026-01-03
SKU-00361,Item-00361,BR-A,91.64,2026-01-03
SKU-00361,Item-00361,BR-B,95.15,2026-01-03
SKU-00361,Item-00361,BR-C,62.29,2026-01-03
SKU-00361,Item-00361,BR-D,54.41,2026-01-03
SKU-00361,Item-00361,BR-E,46.79,2026-01-03
SKU-00362,Item-00362,BR-A,95.4,2026-01-03
SKU-00362,Item-00362,BR-B,91.58,2026-01-03
SKU-00362,Item-00362,BR-C,60.2,2026-01-03
SKU-00362,Item-00362,BR-D,72.07,2026-01-03
SKU-00362,Item-00362,BR-E,39.27,2026-01-03
SKU-00363,Item-00363,BR-A,55.63,2026-01-03
SKU-00363,Item-00363,BR-B,89.26,2026-01-03
SKU-00363,Item-00363,BR-C,79.74,2026-01-03
SKU-00363,Item-00363,BR-D,110.59,2026-01-03
SKU-00363,Item-00363,BR-E,72.66,2026-01-03
SKU-00364,Item-00364,BR-A,60.83,2026-01-03
SKU-00364,Item-00364,BR-B,70.78,2026-01-03
SKU-00364,Item-00364,BR-C,72.91,2026-01-03
SKU-00364,Item-00364,BR-D,82.23,2026-01-03
SKU-00364,Item-00364,BR-E,58.61,2026-01-03
SKU-00365,Item-00365,BR-A,54.18,2026-01-03
SKU-00365,Item-00365,BR-B,54.94,2026-01-03
SKU-00365,Item-00365,BR-C,59.67,2026-01-03
SKU-00365,Item-00365,BR-D,64.16,2026-01-03
SKU-00365,Item-00365,BR-E,57.57,2026-01-03
SKU-00366,Item-00366,BR-A,32.61,2026-01-03
SKU-00366,Item-00366,BR-B,32.24,2026-01-03
SKU-00366,Item-00366,BR-C,32.86,2026-01-03
SKU-00366,Item-00366,BR-D,71.4,2026-01-03
SKU-00366,Item-00366,BR-E,41.75,2026-01-03
SKU-00367,Item-00367,BR-A,48.47,2026-01-03
SKU-00367,Item-00367,BR-B,69.41,2026-01-03
SKU-00367,Item-00367,BR-C,30.66,2026-01-03
SKU-00367,Item-00367,BR-D,34.7,2026-01-03
SKU-00367,Item-00367,BR-E,71.32,2026-01-03
SKU-00368,Item-00368,BR-A,57.93,2026-01-03
SKU-00368,Item-00368,BR-B,54.13,2026-01-03
SKU-00368,Item-00368,BR-C,40.8,2026-01-03
SKU-00368,Item-00368,BR-D,35.46,2026-01-03
SKU-00368,Item-00368,BR-E,70.01,2026-01-03
SKU-00369,Item-00369,BR-A,259.98,2026-01-03
SKU-00369,Item-00369,BR-B,161.45,2026-01-03
SKU-00369,Item-00369,BR-C,237.57,2026-01-03
SKU-00369,Item-00369,BR-D,167.05,2026-01-03
SKU-00369,Item-00369,BR-E,244.54,2026-01-03
SKU-00370,Item-00370,BR-A,43.29,2026-01-03
SKU-00370,Item-00370,BR-B,36.91,2026-01-03
SKU-00370,Item-00370,BR-C,48.21,2026-01-03
SKU-00370,Item-00370,BR-D,30.36,2026-01-03
SKU-00370,Item-00370,BR-E,37.42,2026-01-03
SKU-00371,Item-00371,BR-A,80.81,2026-01-03
SKU-00371,Item-00371,BR-B,37.92,2026-01-03
SKU-00371,Item-00371,BR-C,72.61,2026-01-03
SKU-00371,Item-00371,BR-D,37.34,2026-01-03
SKU-00371,Item-00371,BR-E,63.77,2026-01-03
SKU-00372,Item-00372,BR-A,171.04,2026-01-03
SKU-00372,Item-00372,BR-B,140.65,2026-01-03
SKU-00372,Item-00372,BR-C,85.94,2026-01-03
SKU-00372,Item-00372,BR-D,146.58,2026-01-03
SKU-00372,Item-00372,BR-E,172.62,2026-01-03
SKU-00373,Item-00373,BR-A,99.99,2026-01-03
SKU-00373,Item-00373,BR-B,176.88,2026-01-03
SKU-00373,Item-00373,BR-C,143.68,2026-01-03
SKU-00373,Item-00373,BR-D,206.03,2026-01-03
SKU-00373,Item-00373,BR-E,249.11,2026-01-03
SKU-00374,Item-00374,BR-A,35.04,2026-01-03
SKU-00374,Item-00374,BR-B,59.59,2026-01-03
SKU-00374,Item-00374,BR-C,27.55,2026-01-03
SKU-00374,Item-00374,BR-D,34.55,2026-01-03
SKU-00374,Item-00374,BR-E,51.53,2026-01-03
SKU-00375,Item-00375,BR-A,48.74,2026-01-03
SKU-00375,Item-00375,BR-B,87.23,2026-01-03
SKU-00375,Item-00375,BR-C,85.77,2026-01-03
SKU-00375,Item-00375,BR-D,89.06,2026-01-03
SKU-00375,Item-00375,BR-E,93.27,2026-01-03
SKU-00376,Item-00376,BR-A,40.25,2026-01-03
SKU-00376,Item-00376,BR-B,27.71,2026-01-03
SKU-00376,Item-00376,BR-C,35.26,2026-01-03
SKU-00376,Item-00376,BR-D,40.7,2026-01-03
SKU-00376,Item-00376,BR-E,17.02,2026-01-03
SKU-00377,Item-00377,BR-A,181.98,2026-01-03
SKU-00377,Item-00377,BR-B,279.35,2026-01-03
SKU-00377,Item-00377,BR-C,198.11,2026-01-03
SKU-00377,Item-00377,BR-D,106.5,2026-01-03
SKU-00377,Item-00377,BR-E,216.22,2026-01-03
SKU-00378,Item-00378,BR-A,73.7,2026-01-03
SKU-00378,Item-00378,BR-B,39.82,2026-01-03
SKU-00378,Item-00378,BR-C,34.84,2026-01-03
SKU-00378,Item-00378,BR-D,65.91,2026-01-03
SKU-00378,Item-00378,BR-E,79.53,2026-01-03
SKU-00379,Item-00379,BR-A,155.07,2026-01-03
SKU-00379,Item-00379,BR-B,160.97,2026-01-03
SKU-00379,Item-00379,BR-C,117.78,2026-01-03
SKU-00379,Item-00379,BR-D,153.92,2026-01-03
SKU-00379,Item-00379,BR-E,177.27,2026-01-03
SKU-00380,Item-00380,BR-A,35.53,2026-01-03
SKU-00380,Item-00380,BR-B,16.56,2026-01-03
SKU-00380,Item-00380,BR-C,30.33,2026-01-03
SKU-00380,Item-00380,BR-D,21.71,2026-01-03
SKU-00380,Item-00380,BR-E,31.01,2026-01-03
SKU-00381,Item-00381,BR-A,106.72,2026-01-03
SKU-00381,Item-00381,BR-B,92.03,2026-01-03
SKU-00381,Item-00381,BR-C,82.09,2026-01-03
SKU-00381,Item-00381,BR-D,79.36,2026-01-03
SKU-00381,Item-00381,BR-E,85.93,2026-01-03
SKU-00382,Item-00382,BR-A,117.86,2026-01-03
SKU-00382,Item-00382,BR-B,135.27,2026-01-03
SKU-00382,Item-00382,BR-C,126.82,2026-01-03
SKU-00382,Item-00382,BR-D,94.84,2026-01-03
SKU-00382,Item-00382,BR-E,118.91,2026-01-03
SKU-00383,Item-00383,BR-A,41.62,2026-01-03
SKU-00383,Item-00383,BR-B,32.94,2026-01-03
SKU-00383,Item-00383,BR-C,29.69,2026-01-03
SKU-00383,Item-00383,BR-D,48.78,2026-01-03
SKU-00383,Item-00383,BR-E,42.68,2026-01-03
SKU-00384,Item-00384,BR-A,36.99,2026-01-03
SKU-00384,Item-00384,BR-B,30.45,2026-01-03
SKU-00384,Item-00384,BR-C,40.49,2026-01-03
SKU-00384,Item-00384,BR-D,30.11,2026-01-03
SKU-00384,Item-00384,BR-E,35.79,2026-01-03
SKU-00385,Item-00385,BR-A,36.6,2026-01-03
SKU-00385,Item-00385,BR-B,37.73,2026-01-03
SKU-00385,Item-00385,BR-C,20.82,2026-01-03
SKU-00385,Item-00385,BR-D,34.21,2026-01-03
SKU-00385,Item-00385,BR-E,30.4,2026-01-03
SKU-00386,Item-00386,BR-A,63.37,2026-01-03
SKU-00386,Item-00386,BR-B,109.59,2026-01-03
SKU-00386,Item-00386,BR-C,86.35,2026-01-03
SKU-00386,Item-00386,BR-D,43.44,2026-01-03
SKU-00386,Item-00386,BR-E,71.29,2026-01-03
SKU-00387,Item-00387,BR-A,130.53,2026-01-03
SKU-00387,Item-00387,BR-B,103.59,2026-01-03
SKU-00387,Item-00387,BR-C,70.96,2026-01-03
SKU-00387,Item-00387,BR-D,141.98,2026-01-03
SKU-00387,Item-00387,BR-E,124.15,2026-01-03
SKU-00388,Item-00388,BR-A,41.46,2026-01-03
SKU-00388,Item-00388,BR-B,31.14,2026-01-03
SKU-00388,Item-00388,BR-C,37.82,2026-01-03
SKU-00388,Item-00388,BR-D,28.39,2026-01-03
SKU-00388,Item-00388,BR-E,19.59,2026-01-03
SKU-00389,Item-00389,BR-A,27.29,2026-01-03
SKU-00389,Item-00389,BR-B,27.45,2026-01-03
SKU-00389,Item-00389,BR-C,15.27,2026-01-03
SKU-00389,Item-00389,BR-D,30.3,2026-01-03
SKU-00389,Item-00389,BR-E,14.41,2026-01-03
SKU-00390,Item-00390,BR-A,40.05,2026-01-03
SKU-00390,Item-00390,BR-B,28.53,2026-01-03
SKU-00390,Item-00390,BR-C,40.24,2026-01-03
SKU-00390,Item-00390,BR-D,34.92,2026-01-03
SKU-00390,Item-00390,BR-E,34.98,2026-01-03
SKU-00391,Item-00391,BR-A,77.21,2026-01-03
SKU-00391,Item-00391,BR-B,153.76,2026-01-03
SKU-00391,Item-00391,BR-C,110.2,2026-01-03
SKU-00391,Item-00391,BR-D,142.75,2026-01-03
SKU-00391,Item-00391,BR-E,168.64,2026-01-03
SKU-00392,Item-00392,BR-A,178.38,2026-01-03
SKU-00392,Item-00392,BR-B,165.69,2026-01-03
SKU-00392,Item-00392,BR-C,206.14,2026-01-03
SKU-00392,Item-00392,BR-D,115.46,2026-01-03
SKU-00392,Item-00392,BR-E,122.78,2026-01-03
SKU-00393,Item-00393,BR-A,100.77,2026-01-03
SKU-00393,Item-00393,BR-B,121.1,2026-01-03
SKU-00393,Item-00393,BR-C,116.17,2026-01-03
SKU-00393,Item-00393,BR-D,62.44,2026-01-03
SKU-00393,Item-00393,BR-E,69.29,2026-01-03
SKU-00394,Item-00394,BR-A,76.78,2026-01-03
SKU-00394,Item-00394,BR-B,55.07,2026-01-03
SKU-00394,Item-00394,BR-C,87.46,2026-01-03
SKU-00394,Item-00394,BR-D,38.38,2026-01-03
SKU-00394,Item-00394,BR-E,43.71,2026-01-03
SKU-00395,Item-00395,BR-A,45.05,2026-01-03
SKU-00395,Item-00395,BR-B,87.23,2026-01-03
SKU-00395,Item-00395,BR-C,45.29,2026-01-03
SKU-00395,Item-00395,BR-D,64.07,2026-01-03
SKU-00395,Item-00395,BR-E,78.95,2026-01-03
SKU-00396,Item-00396,BR-A,142.77,2026-01-03
SKU-00396,Item-00396,BR-B,67.35,2026-01-03
SKU-00396,Item-00396,BR-C,84.43,2026-01-03
SKU-00396,Item-00396,BR-D,86.22,2026-01-03
SKU-00396,Item-00396,BR-E,112.27,2026-01-03
SKU-00397,Item-00397,BR-A,212.05,2026-01-03
SKU-00397,Item-00397,BR-B,112.46,2026-01-03
SKU-00397,Item-00397,BR-C,112.94,2026-01-03
SKU-00397,Item-00397,BR-D,144.98,2026-01-03
SKU-00397,Item-00397,BR-E,267.79,2026-01-03
SKU-00398,Item-00398,BR-A,186.34,2026-01-03
SKU-00398,Item-00398,BR-B,78.88,2026-01-03
SKU-00398,Item-00398,BR-C,131.56,2026-01-03
SKU-00398,Item-00398,BR-D,156.26,2026-01-03
SKU-00398,Item-00398,BR-E,166.29,2026-01-03
SKU-00399,Item-00399,BR-A,148.58,2026-01-03
SKU-00399,Item-00399,BR-B,119.24,2026-01-03
SKU-00399,Item-00399,BR-C,72.77,2026-01-03
SKU-00399,Item-00399,BR-D,177.63,2026-01-03
SKU-00399,Item-00399,BR-E,169.42,2026-01-03
SKU-00400,Item-00400,BR-A,58.9,2026-01-03
SKU-00400,Item-00400,BR-B,28.99,2026-01-03
SKU-00400,Item-00400,BR-C,39.17,2026-01-03
SKU-00400,Item-00400,BR-D,30.97,2026-01-03
SKU-00400,Item-00400,BR-E,33.91,2026-01-03
SKU-00001,Cola 1.5L,BR-A,196.57,2026-01-04
SKU-00001,Cola 1.5L,BR-B,93.07,2026-01-04
SKU-00001,Cola 1.5L,BR-C,253.73,2026-01-04
SKU-00001,Cola 1.5L,BR-D,252.25,2026-01-04
SKU-00001,Cola 1.5L,BR-E,108.72,2026-01-04
SKU-00002,Orange Juice 1L,BR-A,16.4,2026-01-04
SKU-00002,Orange Juice 1L,BR-B,11.29,2026-01-04
SKU-00002,Orange Juice 1L,BR-C,16.03,2026-01-04
SKU-00002,Orange Juice 1L,BR-D,9.53,2026-01-04
SKU-00002,Orange Juice 1L,BR-E,13.11,2026-01-04
SKU-00003,Mineral Water 500ml,BR-A,83.9,2026-01-04
SKU-00003,Mineral Water 500ml,BR-B,74.87,2026-01-04
SKU-00003,Mineral Water 500ml,BR-C,53.45,2026-01-04
SKU-00003,Mineral Water 500ml,BR-D,66.29,2026-01-04
SKU-00003,Mineral Water 500ml,BR-E,52.79,2026-01-04
SKU-00004,Energy Drink 250ml,BR-A,37.47,2026-01-04
SKU-00004,Energy Drink 250ml,BR-B,77.58,2026-01-04
SKU-00004,Energy Drink 250ml,BR-C,73.51,2026-01-04
SKU-00004,Energy Drink 250ml,BR-D,41.71,2026-01-04
SKU-00004,Energy Drink 250ml,BR-E,85.96,2026-01-04
SKU-00005,Soda Can,BR-A,123.88,2026-01-04
SKU-00005,Soda Can,BR-B,161.34,2026-01-04
SKU-00005,Soda Can,BR-C,202.84,2026-01-04
SKU-00005,Soda Can,BR-D,265.61,2026-01-04
SKU-00005,Soda Can,BR-E,131.42,2026-01-04
SKU-00006,Apple Juice 1L,BR-A,258.36,2026-01-04
SKU-00006,Apple Juice 1L,BR-B,100.17,2026-01-04
SKU-00006,Apple Juice 1L,BR-C,171.97,2026-01-04
SKU-00006,Apple Juice 1L,BR-D,122.15,2026-01-04
SKU-00006,Apple Juice 1L,BR-E,212.62,2026-01-04
SKU-00007,Tea Bag 100s,BR-A,177.86,2026-01-04
SKU-00007,Tea Bag 100s,BR-B,329.84,2026-01-04
SKU-00007,Tea Bag 100s,BR-C,214.83,2026-01-04
SKU-00007,Tea Bag 100s,BR-D,331.06,2026-01-04
SKU-00007,Tea Bag 100s,BR-E,316.76,2026-01-04
SKU-00008,Coffee 200g,BR-A,18.61,2026-01-04
SKU-00008,Coffee 200g,BR-B,20.25,2026-01-04
SKU-00008,Coffee 200g,BR-C,18.55,2026-01-04
SKU-00008,Coffee 200g,BR-D,18.31,2026-01-04
SKU-00008,Coffee 200g,BR-E,42.74,2026-01-04
SKU-00009,Lemonade 1L,BR-A,101.66,2026-01-04
SKU-00009,Lemonade 1L,BR-B,130.99,2026-01-04
SKU-00009,Lemonade 1L,BR-C,74.54,2026-01-04
SKU-00009,Lemonade 1L,BR-D,165.9,2026-01-04
SKU-00009,Lemonade 1L,BR-E,165.51,2026-01-04
SKU-00010,Iced Tea 500ml,BR-A,20.13,2026-01-04
SKU-00010,Iced Tea 500ml,BR-B,16.05,2026-01-04
SKU-00010,Iced Tea 500ml,BR-C,10.06,2026-01-04
SKU-00010,Iced Tea 500ml,BR-D,15.01,2026-01-04
SKU-00010,Iced Tea 500ml,BR-E,15.98,2026-01-04
SKU-00011,Thermos Flask 500ml,BR-A,75.36,2026-01-04
SKU-00011,Thermos Flask 500ml,BR-B,42.62,2026-01-04
SKU-00011,Thermos Flask 500ml,BR-C,74.61,2026-01-04
SKU-00011,Thermos Flask 500ml,BR-D,51.98,2026-01-04
SKU-00011,Thermos Flask 500ml,BR-E,83.91,2026-01-04
SKU-00012,أكوا 1.5 لتر,BR-A,119.33,2026-01-04
SKU-00012,أكوا 1.5 لتر,BR-B,86.43,2026-01-04
SKU-00012,أكوا 1.5 لتر,BR-C,195.73,2026-01-04
SKU-00012,أكوا 1.5 لتر,BR-D,161.49,2026-01-04
SKU-00012,أكوا 1.5 لتر,BR-E,197.97,2026-01-04
SKU-00013,Sports Drink 600ml,BR-A,17.89,2026-01-04
SKU-00013,Sports Drink 600ml,BR-B,16.57,2026-01-04
SKU-00013,Sports Drink 600ml,BR-C,8.15,2026-01-04
SKU-00013,Sports Drink 600ml,BR-D,7.17,2026-01-04
SKU-00013,Sports Drink 600ml,BR-E,19.51,2026-01-04
SKU-00014,Milk 1L,BR-A,39.12,2026-01-04
SKU-00014,Milk 1L,BR-B,68.0,2026-01-04
SKU-00014,Milk 1L,BR-C,48.9,2026-01-04
SKU-00014,Milk 1L,BR-D,52.9,2026-01-04
SKU-00014,Milk 1L,BR-E,71.73,2026-01-04
SKU-00015,Butter 250g,BR-A,226.68,2026-01-04
SKU-00015,Butter 250g,BR-B,174.1,2026-01-04
SKU-00015,Butter 250g,BR-C,103.71,2026-01-04
SKU-00015,Butter 250g,BR-D,191.12,2026-01-04
SKU-00015,Butter 250g,BR-E,256.48,2026-01-04
SKU-00016,Cheese Slices,BR-A,118.2,2026-01-04
SKU-00016,Cheese Slices,BR-B,91.0,2026-01-04
SKU-00016,Cheese Slices,BR-C,221.84,2026-01-04
SKU-00016,Cheese Slices,BR-D,104.23,2026-01-04
SKU-00016,Cheese Slices,BR-E,133.62,2026-01-04
SKU-00017,Yogurt 500g,BR-A,53.53,2026-01-04
SKU-00017,Yogurt 500g,BR-B,60.05,2026-01-04
SKU-00017,Yogurt 500g,BR-C,76.87,2026-01-04
SKU-00017,Yogurt 500g,BR-D,59.43,2026-01-04
SKU-00017,Yogurt 500g,BR-E,83.11,2026-01-04
SKU-00018,Eggs 12pk,BR-A,135.91,2026-01-04
SKU-00018,Eggs 12pk,BR-B,208.96,2026-01-04
SKU-00018,Eggs 12pk,BR-C,185.86,2026-01-04
SKU-00018,Eggs 12pk,BR-D,122.26,2026-01-04
SKU-00018,Eggs 12pk,BR-E,149.19,2026-01-04
SKU-00019,Cream 200ml,BR-A,219.17,2026-01-04
SKU-00019,Cream 200ml,BR-B,226.93,2026-01-04
SKU-00019,Cream 200ml,BR-C,226.65,2026-01-04
SKU-00019,Cream 200ml,BR-D,287.8,2026-01-04
SKU-00019,Cream 200ml,BR-E,195.36,2026-01-04
SKU-00020,Cheese Block 200g,BR-A,9.17,2026-01-04
SKU-00020,Cheese Block 200g,BR-B,7.86,2026-01-04
SKU-00020,Cheese Block 200g,BR-C,9.14,2026-01-04
SKU-00020,Cheese Block 200g,BR-D,10.09,2026-01-04
SKU-00020,Cheese Block 200g,BR-E,10.54,2026-01-04
SKU-00021,Ghee 1L,BR-A,261.63,2026-01-04
SKU-00021,Ghee 1L,BR-B,163.03,2026-01-04
SKU-00021,Ghee 1L,BR-C,114.07,2026-01-04
SKU-00021,Ghee 1L,BR-D,322.92,2026-01-04
SKU-00021,Ghee 1L,BR-E,117.08,2026-01-04
SKU-00022,Milk Powder 400g,BR-A,201.19,2026-01-04
SKU-00022,Milk Powder 400g,BR-B,274.43,2026-01-04
SKU-00022,Milk Powder 400g,BR-C,267.69,2026-01-04
SKU-00022,Milk Powder 400g,BR-D,109.7,2026-01-04
SKU-00022,Milk Powder 400g,BR-E,162.85,2026-01-04
SKU-00023,الحليب الطازج,BR-A,128.58,2026-01-04
SKU-00023,الحليب الطازج,BR-B,130.25,2026-01-04
SKU-00023,الحليب الطازج,BR-C,125.82,2026-01-04
SKU-00023,الحليب الطازج,BR-D,77.23,2026-01-04
SKU-00023,الحليب الطازج,BR-E,63.27,2026-01-04
SKU-00024,Bread Loaf,BR-A,63.87,2026-01-04
SKU-00024,Bread Loaf,BR-B,69.31,2026-01-04
SKU-00024,Bread Loaf,BR-C,66.61,2026-01-04
SKU-00024,Bread Loaf,BR-D,35.84,2026-01-04
SKU-00024,Bread Loaf,BR-E,62.7,2026-01-04
SKU-00025,Croissant,BR-A,148.11,2026-01-04
SKU-00025,Croissant,BR-B,168.53,2026-01-04
SKU-00025,Croissant,BR-C,373.94,2026-01-04
SKU-00025,Croissant,BR-D,309.62,2026-01-04
SKU-00025,Croissant,BR-E,228.26,2026-01-04
SKU-00026,Pita Bread 6pk,BR-A,51.84,2026-01-04
SKU-00026,Pita Bread 6pk,BR-B,137.98,2026-01-04
SKU-00026,Pita Bread 6pk,BR-C,83.53,2026-01-04
SKU-00026,Pita Bread 6pk,BR-D,113.79,2026-01-04
SKU-00026,Pita Bread 6pk,BR-E,110.25,2026-01-04
SKU-00027,Muffin 4pk,BR-A,18.39,2026-01-04
SKU-00027,Muffin 4pk,BR-B,41.32,2026-01-04
SKU-00027,Muffin 4pk,BR-C,42.31,2026-01-04
SKU-00027,Muffin 4pk,BR-D,17.08,2026-01-04
SKU-00027,Muffin 4pk,BR-E,27.14,2026-01-04
SKU-00028,Baguette,BR-A,19.18,2026-01-04
SKU-00028,Baguette,BR-B,19.12,2026-01-04
SKU-00028,Baguette,BR-C,34.41,2026-01-04
SKU-00028,Baguette,BR-D,42.01,2026-01-04
SKU-00028,Baguette,BR-E,21.38,2026-01-04
SKU-00029,Donuts 6pk,BR-A,159.6,2026-01-04
SKU-00029,Donuts 6pk,BR-B,283.83,2026-01-04
SKU-00029,Donuts 6pk,BR-C,284.83,2026-01-04
SKU-00029,Donuts 6pk,BR-D,273.87,2026-01-04
SKU-00029,Donuts 6pk,BR-E,185.52,2026-01-04
SKU-00030,Cake Slice,BR-A,151.53,2026-01-04
SKU-00030,Cake Slice,BR-B,139.7,2026-01-04
SKU-00030,Cake Slice,BR-C,210.53,2026-01-04
SKU-00030,Cake Slice,BR-D,196.79,2026-01-04
SKU-00030,Cake Slice,BR-E,131.63,2026-01-04
SKU-00031,Cookies Pack,BR-A,146.59,2026-01-04
SKU-00031,Cookies Pack,BR-B,299.71,2026-01-04
SKU-00031,Cookies Pack,BR-C,120.46,2026-01-04
SKU-00031,Cookies Pack,BR-D,272.26,2026-01-04
SKU-00031,Cookies Pack,BR-E,219.94,2026-01-04
SKU-00032,كعكة شوكولاتة,BR-A,105.19,2026-01-04
SKU-00032,كعكة شوكولاتة,BR-B,262.56,2026-01-04
SKU-00032,كعكة شوكولاتة,BR-C,233.3,2026-01-04
SKU-00032,كعكة شوكولاتة,BR-D,270.85,2026-01-04
SKU-00032,كعكة شوكولاتة,BR-E,209.23,2026-01-04
SKU-00033,Apples 1kg,BR-A,194.91,2026-01-04
SKU-00033,Apples 1kg,BR-B,207.68,2026-01-04
SKU-00033,Apples 1kg,BR-C,148.23,2026-01-04
SKU-00033,Apples 1kg,BR-D,177.79,2026-01-04
SKU-00033,Apples 1kg,BR-E,137.08,2026-01-04
SKU-00034,Bananas 1kg,BR-A,176.07,2026-01-04
SKU-00034,Bananas 1kg,BR-B,382.79,2026-01-04
SKU-00034,Bananas 1kg,BR-C,268.42,2026-01-04
SKU-00034,Bananas 1kg,BR-D,384.01,2026-01-04
SKU-00034,Bananas 1kg,BR-E,168.05,2026-01-04
SKU-00035,Potatoes 2kg,BR-A,76.86,2026-01-04
SKU-00035,Potatoes 2kg,BR-B,118.57,2026-01-04
SKU-00035,Potatoes 2kg,BR-C,77.58,2026-01-04
SKU-00035,Potatoes 2kg,BR-D,73.98,2026-01-04
SKU-00035,Potatoes 2kg,BR-E,131.58,2026-01-04
SKU-00036,Onions 1kg,BR-A,160.69,2026-01-04
SKU-00036,Onions 1kg,BR-B,202.03,2026-01-04
SKU-00036,Onions 1kg,BR-C,198.35,2026-01-04
SKU-00036,Onions 1kg,BR-D,147.39,2026-01-04
SKU-00036,Onions 1kg,BR-E,124.66,2026-01-04
SKU-00037,Tomatoes 1kg,BR-A,255.79,2026-01-04
SKU-00037,Tomatoes 1kg,BR-B,295.96,2026-01-04
SKU-00037,Tomatoes 1kg,BR-C,152.41,2026-01-04
SKU-00037,Tomatoes 1kg,BR-D,290.78,2026-01-04
SKU-00037,Tomatoes 1kg,BR-E,256.82,2026-01-04
SKU-00038,Cucumbers 500g,BR-A,119.72,2026-01-04
SKU-00038,Cucumbers 500g,BR-B,105.62,2026-01-04
SKU-00038,Cucumbers 500g,BR-C,100.62,2026-01-04
SKU-00038,Cucumbers 500g,BR-D,186.41,2026-01-04
SKU-00038,Cucumbers 500g,BR-E,226.15,2026-01-04
SKU-00039,Lettuce Head,BR-A,127.41,2026-01-04
SKU-00039,Lettuce Head,BR-B,184.57,2026-01-04
SKU-00039,Lettuce Head,BR-C,242.9,2026-01-04
SKU-00039,Lettuce Head,BR-D,135.79,2026-01-04
SKU-00039,Lettuce Head,BR-E,255.39,2026-01-04
SKU-00040,Carrots 1kg,BR-A,197.98,2026-01-04
SKU-00040,Carrots 1kg,BR-B,129.58,2026-01-04
SKU-00040,Carrots 1kg,BR-C,166.66,2026-01-04
SKU-00040,Carrots 1kg,BR-D,179.92,2026-01-04
SKU-00040,Carrots 1kg,BR-E,87.27,2026-01-04
SKU-00041,Potato Chips 150g,BR-A,149.51,2026-01-04
SKU-00041,Potato Chips 150g,BR-B,280.48,2026-01-04
SKU-00041,Potato Chips 150g,BR-C,204.24,2026-01-04
SKU-00041,Potato Chips 150g,BR-D,204.04,2026-01-04
SKU-00041,Potato Chips 150g,BR-E,245.97,2026-01-04
SKU-00042,Ice Cream 500ml,BR-A,10.56,2026-01-04
SKU-00042,Ice Cream 500ml,BR-B,15.41,2026-01-04
SKU-00042,Ice Cream 500ml,BR-C,26.78,2026-01-04
SKU-00042,Ice Cream 500ml,BR-D,9.88,2026-01-04
SKU-00042,Ice Cream 500ml,BR-E,16.17,2026-01-04
SKU-00043,Frozen Peas 500g,BR-A,52.72,2026-01-04
SKU-00043,Frozen Peas 500g,BR-B,60.15,2026-01-04
SKU-00043,Frozen Peas 500g,BR-C,47.1,2026-01-04
SKU-00043,Frozen Peas 500g,BR-D,82.86,2026-01-04
SKU-00043,Frozen Peas 500g,BR-E,81.18,2026-01-04
SKU-00044,Frozen Pizza,BR-A,120.71,2026-01-04
SKU-00044,Frozen Pizza,BR-B,99.07,2026-01-04
SKU-00044,Frozen Pizza,BR-C,50.75,2026-01-04
SKU-00044,Frozen Pizza,BR-D,75.49,2026-01-04
SKU-00044,Frozen Pizza,BR-E,102.16,2026-01-04
SKU-00045,Chicken Fingers 500g,BR-A,17.12,2026-01-04
SKU-00045,Chicken Fingers 500g,BR-B,36.04,2026-01-04
SKU-00045,Chicken Fingers 500g,BR-C,18.44,2026-01-04
SKU-00045,Chicken Fingers 500g,BR-D,30.14,2026-01-04
SKU-00045,Chicken Fingers 500g,BR-E,24.65,2026-01-04
SKU-00046,Fish Fingers 500g,BR-A,73.7,2026-01-04
SKU-00046,Fish Fingers 500g,BR-B,91.1,2026-01-04
SKU-00046,Fish Fingers 500g,BR-C,54.29,2026-01-04
SKU-00046,Fish Fingers 500g,BR-D,45.21,2026-01-04
SKU-00046,Fish Fingers 500g,BR-E,65.62,2026-01-04
SKU-00047,Frozen Veg Mix 450g,BR-A,45.71,2026-01-04
SKU-00047,Frozen Veg Mix 450g,BR-B,20.29,2026-01-04
SKU-00047,Frozen Veg Mix 450g,BR-C,40.36,2026-01-04
SKU-00047,Frozen Veg Mix 450g,BR-D,45.69,2026-01-04
SKU-00047,Frozen Veg Mix 450g,BR-E,43.22,2026-01-04
SKU-00048,مجمدات متنوعة,BR-A,91.79,2026-01-04
SKU-00048,مجمدات متنوعة,BR-B,100.61,2026-01-04
SKU-00048,مجمدات متنوعة,BR-C,53.83,2026-01-04
SKU-00048,مجمدات متنوعة,BR-D,115.6,2026-01-04
SKU-00048,مجمدات متنوعة,BR-E,81.17,2026-01-04
SKU-00049,Detergent 1L,BR-A,212.51,2026-01-04
SKU-00049,Detergent 1L,BR-B,199.54,2026-01-04
SKU-00049,Detergent 1L,BR-C,246.3,2026-01-04
SKU-00049,Detergent 1L,BR-D,147.56,2026-01-04
SKU-00049,Detergent 1L,BR-E,222.0,2026-01-04
SKU-00050,Toilet Paper 6pk,BR-A,86.81,2026-01-04
SKU-00050,Toilet Paper 6pk,BR-B,88.92,2026-01-04
SKU-00050,Toilet Paper 6pk,BR-C,137.95,2026-01-04
SKU-00050,Toilet Paper 6pk,BR-D,95.9,2026-01-04
SKU-00050,Toilet Paper 6pk,BR-E,141.38,2026-01-04
SKU-00051,Hand Soap,BR-A,131.74,2026-01-04
SKU-00051,Hand Soap,BR-B,92.94,2026-01-04
SKU-00051,Hand Soap,BR-C,75.0,2026-01-04
SKU-00051,Hand Soap,BR-D,115.3,2026-01-04
SKU-00051,Hand Soap,BR-E,61.57,2026-01-04
SKU-00052,Shampoo 400ml,BR-A,41.22,2026-01-04
SKU-00052,Shampoo 400ml,BR-B,69.59,2026-01-04
SKU-00052,Shampoo 400ml,BR-C,61.82,2026-01-04
SKU-00052,Shampoo 400ml,BR-D,80.15,2026-01-04
SKU-00052,Shampoo 400ml,BR-E,40.64,2026-01-04
SKU-00053,Toothpaste 100ml,BR-A,104.58,2026-01-04
SKU-00053,Toothpaste 100ml,BR-B,80.58,2026-01-04
SKU-00053,Toothpaste 100ml,BR-C,111.89,2026-01-04
SKU-00053,Toothpaste 100ml,BR-D,97.98,2026-01-04
SKU-00053,Toothpaste 100ml,BR-E,46.44,2026-01-04
SKU-00054,Cleaning Spray,BR-A,154.27,2026-01-04
SKU-00054,Cleaning Spray,BR-B,207.83,2026-01-04
SKU-00054,Cleaning Spray,BR-C,359.12,2026-01-04
SKU-00054,Cleaning Spray,BR-D,170.7,2026-01-04
SKU-00054,Cleaning Spray,BR-E,199.64,2026-01-04
SKU-00055,Garbage Bags 30pk,BR-A,154.04,2026-01-04
SKU-00055,Garbage Bags 30pk,BR-B,107.22,2026-01-04
SKU-00055,Garbage Bags 30pk,BR-C,122.59,2026-01-04
SKU-00055,Garbage Bags 30pk,BR-D,223.84,2026-01-04
SKU-00055,Garbage Bags 30pk,BR-E,136.04,2026-01-04
SKU-00056,Chips 150g,BR-A,162.83,2026-01-04
SKU-00056,Chips 150g,BR-B,127.86,2026-01-04
SKU-00056,Chips 150g,BR-C,227.75,2026-01-04
SKU-00056,Chips 150g,BR-D,191.32,2026-01-04
SKU-00056,Chips 150g,BR-E,109.26,2026-01-04
SKU-00057,Chocolate Bar,BR-A,33.07,2026-01-04
SKU-00057,Chocolate Bar,BR-B,55.27,2026-01-04
SKU-00057,Chocolate Bar,BR-C,28.86,2026-01-04
SKU-00057,Chocolate Bar,BR-D,69.76,2026-01-04
SKU-00057,Chocolate Bar,BR-E,46.89,2026-01-04
SKU-00058,Biscuits Pack,BR-A,267.04,2026-01-04
SKU-00058,Biscuits Pack,BR-B,278.54,2026-01-04
SKU-00058,Biscuits Pack,BR-C,127.72,2026-01-04
SKU-00058,Biscuits Pack,BR-D,173.22,2026-01-04
SKU-00058,Biscuits Pack,BR-E,264.71,2026-01-04
SKU-00059,Gum Pack,BR-A,71.5,2026-01-04
SKU-00059,Gum Pack,BR-B,43.76,2026-01-04
SKU-00059,Gum Pack,BR-C,58.56,2026-01-04
SKU-00059,Gum Pack,BR-D,50.1,2026-01-04
SKU-00059,Gum Pack,BR-E,38.44,2026-01-04
SKU-00060,Nuts Mix 200g,BR-A,145.22,2026-01-04
SKU-00060,Nuts Mix 200g,BR-B,125.4,2026-01-04
SKU-00060,Nuts Mix 200g,BR-C,119.04,2026-01-04
SKU-00060,Nuts Mix 200g,BR-D,121.43,2026-01-04
SKU-00060,Nuts Mix 200g,BR-E,131.41,2026-01-04
SKU-00061,Popcorn 100g,BR-A,201.62,2026-01-04
SKU-00061,Popcorn 100g,BR-B,349.99,2026-01-04
SKU-00061,Popcorn 100g,BR-C,140.64,2026-01-04
SKU-00061,Popcorn 100g,BR-D,358.18,2026-01-04
SKU-00061,Popcorn 100g,BR-E,213.42,2026-01-04
SKU-00062,Pretzels 200g,BR-A,117.56,2026-01-04
SKU-00062,Pretzels 200g,BR-B,158.23,2026-01-04
SKU-00062,Pretzels 200g,BR-C,103.17,2026-01-04
SKU-00062,Pretzels 200g,BR-D,156.37,2026-01-04
SKU-00062,Pretzels 200g,BR-E,168.86,2026-01-04
SKU-00063,Candy Assorted,BR-A,93.33,2026-01-04
SKU-00063,Candy Assorted,BR-B,148.32,2026-01-04
SKU-00063,Candy Assorted,BR-C,174.4,2026-01-04
SKU-00063,Candy Assorted,BR-D,212.45,2026-01-04
SKU-00063,Candy Assorted,BR-E,148.17,2026-01-04
SKU-00064,Chicken Breast 1kg,BR-A,112.4,2026-01-04
SKU-00064,Chicken Breast 1kg,BR-B,228.71,2026-01-04
SKU-00064,Chicken Breast 1kg,BR-C,262.14,2026-01-04
SKU-00064,Chicken Breast 1kg,BR-D,263.04,2026-01-04
SKU-00064,Chicken Breast 1kg,BR-E,235.27,2026-01-04
SKU-00065,Beef Mince 500g,BR-A,162.51,2026-01-04
SKU-00065,Beef Mince 500g,BR-B,190.97,2026-01-04
SKU-00065,Beef Mince 500g,BR-C,188.45,2026-01-04
SKU-00065,Beef Mince 500g,BR-D,338.02,2026-01-04
SKU-00065,Beef Mince 500g,BR-E,225.67,2026-01-04
SKU-00066,Lamb Chops 500g,BR-A,252.11,2026-01-04
SKU-00066,Lamb Chops 500g,BR-B,206.17,2026-01-04
SKU-00066,Lamb Chops 500g,BR-C,165.97,2026-01-04
SKU-00066,Lamb Chops 500g,BR-D,117.19,2026-01-04
SKU-00066,Lamb Chops 500g,BR-E,141.06,2026-01-04
SKU-00067,Sausages 400g,BR-A,65.15,2026-01-04
SKU-00067,Sausages 400g,BR-B,76.15,2026-01-04
SKU-00067,Sausages 400g,BR-C,55.48,2026-01-04
SKU-00067,Sausages 400g,BR-D,36.81,2026-01-04
SKU-00067,Sausages 400g,BR-E,73.63,2026-01-04
SKU-00068,Bacon 200g,BR-A,13.5,2026-01-04
SKU-00068,Bacon 200g,BR-B,21.67,2026-01-04
SKU-00068,Bacon 200g,BR-C,13.22,2026-01-04
SKU-00068,Bacon 200g,BR-D,14.23,2026-01-04
SKU-00068,Bacon 200g,BR-E,14.86,2026-01-04
SKU-00069,Fish Fillet 500g,BR-A,51.23,2026-01-04
SKU-00069,Fish Fillet 500g,BR-B,121.59,2026-01-04
SKU-00069,Fish Fillet 500g,BR-C,128.91,2026-01-04
SKU-00069,Fish Fillet 500g,BR-D,105.65,2026-01-04
SKU-00069,Fish Fillet 500g,BR-E,69.88,2026-01-04
SKU-00070,دجاج كامل,BR-A,87.31,2026-01-04
SKU-00070,دجاج كامل,BR-B,46.26,2026-01-04
SKU-00070,دجاج كامل,BR-C,45.19,2026-01-04
SKU-00070,دجاج كامل,BR-D,70.16,2026-01-04
SKU-00070,دجاج كامل,BR-E,62.22,2026-01-04
SKU-00071,Rice 5kg,BR-A,74.95,2026-01-04
SKU-00071,Rice 5kg,BR-B,84.49,2026-01-04
SKU-00071,Rice 5kg,BR-C,63.72,2026-01-04
SKU-00071,Rice 5kg,BR-D,72.4,2026-01-04
SKU-00071,Rice 5kg,BR-E,47.82,2026-01-04
SKU-00072,Sugar 1kg,BR-A,336.19,2026-01-04
SKU-00072,Sugar 1kg,BR-B,154.93,2026-01-04
SKU-00072,Sugar 1kg,BR-C,353.65,2026-01-04
SKU-00072,Sugar 1kg,BR-D,216.22,2026-01-04
SKU-00072,Sugar 1kg,BR-E,317.19,2026-01-04
SKU-00073,Pasta 500g,BR-A,160.75,2026-01-04
SKU-00073,Pasta 500g,BR-B,203.0,2026-01-04
SKU-00073,Pasta 500g,BR-C,218.97,2026-01-04
SKU-00073,Pasta 500g,BR-D,231.86,2026-01-04
SKU-00073,Pasta 500g,BR-E,280.64,2026-01-04
SKU-00074,Flour 2kg,BR-A,60.35,2026-01-04
SKU-00074,Flour 2kg,BR-B,106.62,2026-01-04
SKU-00074,Flour 2kg,BR-C,77.1,2026-01-04
SKU-00074,Flour 2kg,BR-D,106.29,2026-01-04
SKU-00074,Flour 2kg,BR-E,80.07,2026-01-04
SKU-00075,Cooking Oil 1L,BR-A,94.67,2026-01-04
SKU-00075,Cooking Oil 1L,BR-B,228.15,2026-01-04
SKU-00075,Cooking Oil 1L,BR-C,196.05,2026-01-04
SKU-00075,Cooking Oil 1L,BR-D,106.39,2026-01-04
SKU-00075,Cooking Oil 1L,BR-E,208.28,2026-01-04
SKU-00076,Canned Beans 400g,BR-A,123.27,2026-01-04
SKU-00076,Canned Beans 400g,BR-B,92.02,2026-01-04
SKU-00076,Canned Beans 400g,BR-C,162.75,2026-01-04
SKU-00076,Canned Beans 400g,BR-D,157.69,2026-01-04
SKU-00076,Canned Beans 400g,BR-E,136.75,2026-01-04
SKU-00077,Canned Tuna 185g,BR-A,303.86,2026-01-04
SKU-00077,Canned Tuna 185g,BR-B,203.73,2026-01-04
SKU-00077,Canned Tuna 185g,BR-C,164.17,2026-01-04
SKU-00077,Canned Tuna 185g,BR-D,237.6,2026-01-04
SKU-00077,Canned Tuna 185g,BR-E,163.45,2026-01-04
SKU-00078,Salt 1kg,BR-A,172.33,2026-01-04
SKU-00078,Salt 1kg,BR-B,80.11,2026-01-04
SKU-00078,Salt 1kg,BR-C,185.31,2026-01-04
SKU-00078,Salt 1kg,BR-D,116.07,2026-01-04
SKU-00078,Salt 1kg,BR-E,130.12,2026-01-04
SKU-00079,Soy Sauce 250ml,BR-A,39.96,2026-01-04
SKU-00079,Soy Sauce 250ml,BR-B,72.9,2026-01-04
SKU-00079,Soy Sauce 250ml,BR-C,101.05,2026-01-04
SKU-00079,Soy Sauce 250ml,BR-D,48.96,2026-01-04
SKU-00079,Soy Sauce 250ml,BR-E,72.81,2026-01-04
SKU-00080,زيت زيتون 1 لتر,BR-A,104.09,2026-01-04
SKU-00080,زيت زيتون 1 لتر,BR-B,43.9,2026-01-04
SKU-00080,زيت زيتون 1 لتر,BR-C,52.26,2026-01-04
SKU-00080,زيت زيتون 1 لتر,BR-D,104.75,2026-01-04
SKU-00080,زيت زيتون 1 لتر,BR-E,66.17,2026-01-04
SKU-00081,Item-00081,BR-A,120.55,2026-01-04
SKU-00081,Item-00081,BR-B,78.31,2026-01-04
SKU-00081,Item-00081,BR-C,101.82,2026-01-04
SKU-00081,Item-00081,BR-D,98.54,2026-01-04
SKU-00081,Item-00081,BR-E,165.71,2026-01-04
SKU-00082,Item-00082,BR-A,221.46,2026-01-04
SKU-00082,Item-00082,BR-B,163.55,2026-01-04
SKU-00082,Item-00082,BR-C,81.07,2026-01-04
SKU-00082,Item-00082,BR-D,198.29,2026-01-04
SKU-00082,Item-00082,BR-E,81.33,2026-01-04
SKU-00083,Item-00083,BR-A,251.86,2026-01-04
SKU-00083,Item-00083,BR-B,182.62,2026-01-04
SKU-00083,Item-00083,BR-C,246.79,2026-01-04
SKU-00083,Item-00083,BR-D,217.23,2026-01-04
SKU-00083,Item-00083,BR-E,208.38,2026-01-04
SKU-00084,Item-00084,BR-A,72.66,2026-01-04
SKU-00084,Item-00084,BR-B,69.32,2026-01-04
SKU-00084,Item-00084,BR-C,65.07,2026-01-04
SKU-00084,Item-00084,BR-D,78.97,2026-01-04
SKU-00084,Item-00084,BR-E,77.56,2026-01-04
SKU-00085,Item-00085,BR-A,132.01,2026-01-04
SKU-00085,Item-00085,BR-B,66.01,2026-01-04
SKU-00085,Item-00085,BR-C,72.33,2026-01-04
SKU-00085,Item-00085,BR-D,97.91,2026-01-04
SKU-00085,Item-00085,BR-E,72.44,2026-01-04
SKU-00086,Item-00086,BR-A,168.11,2026-01-04
SKU-00086,Item-00086,BR-B,160.38,2026-01-04
SKU-00086,Item-00086,BR-C,136.47,2026-01-04
SKU-00086,Item-00086,BR-D,205.22,2026-01-04
SKU-00086,Item-00086,BR-E,182.0,2026-01-04
SKU-00087,Item-00087,BR-A,32.35,2026-01-04
SKU-00087,Item-00087,BR-B,27.24,2026-01-04
SKU-00087,Item-00087,BR-C,38.42,2026-01-04
SKU-00087,Item-00087,BR-D,48.52,2026-01-04
SKU-00087,Item-00087,BR-E,46.26,2026-01-04
SKU-00088,Item-00088,BR-A,238.08,2026-01-04
SKU-00088,Item-00088,BR-B,208.68,2026-01-04
SKU-00088,Item-00088,BR-C,99.69,2026-01-04
SKU-00088,Item-00088,BR-D,184.41,2026-01-04
SKU-00088,Item-00088,BR-E,179.24,2026-01-04
SKU-00089,Item-00089,BR-A,111.98,2026-01-04
SKU-00089,Item-00089,BR-B,122.02,2026-01-04
SKU-00089,Item-00089,BR-C,152.13,2026-01-04
SKU-00089,Item-00089,BR-D,172.82,2026-01-04
SKU-00089,Item-00089,BR-E,75.25,2026-01-04
SKU-00090,Item-00090,BR-A,75.49,2026-01-04
SKU-00090,Item-00090,BR-B,86.03,2026-01-04
SKU-00090,Item-00090,BR-C,43.88,2026-01-04
SKU-00090,Item-00090,BR-D,63.64,2026-01-04
SKU-00090,Item-00090,BR-E,73.69,2026-01-04
SKU-00091,Item-00091,BR-A,79.97,2026-01-04
SKU-00091,Item-00091,BR-B,104.31,2026-01-04
SKU-00091,Item-00091,BR-C,96.59,2026-01-04
SKU-00091,Item-00091,BR-D,77.1,2026-01-04
SKU-00091,Item-00091,BR-E,105.88,2026-01-04
SKU-00092,Item-00092,BR-A,111.6,2026-01-04
SKU-00092,Item-00092,BR-B,253.55,2026-01-04
SKU-00092,Item-00092,BR-C,244.53,2026-01-04
SKU-00092,Item-00092,BR-D,160.17,2026-01-04
SKU-00092,Item-00092,BR-E,228.77,2026-01-04
SKU-00093,Item-00093,BR-A,166.34,2026-01-04
SKU-00093,Item-00093,BR-B,171.34,2026-01-04
SKU-00093,Item-00093,BR-C,73.12,2026-01-04
SKU-00093,Item-00093,BR-D,122.26,2026-01-04
SKU-00093,Item-00093,BR-E,102.09,2026-01-04
SKU-00094,Item-00094,BR-A,110.29,2026-01-04
SKU-00094,Item-00094,BR-B,190.25,2026-01-04
SKU-00094,Item-00094,BR-C,107.73,2026-01-04
SKU-00094,Item-00094,BR-D,184.73,2026-01-04
SKU-00094,Item-00094,BR-E,178.92,2026-01-04
SKU-00095,Item-00095,BR-A,140.52,2026-01-04
SKU-00095,Item-00095,BR-B,114.99,2026-01-04
SKU-00095,Item-00095,BR-C,212.09,2026-01-04
SKU-00095,Item-00095,BR-D,140.49,2026-01-04
SKU-00095,Item-00095,BR-E,81.67,2026-01-04
SKU-00096,Item-00096,BR-A,17.45,2026-01-04
SKU-00096,Item-00096,BR-B,23.02,2026-01-04
SKU-00096,Item-00096,BR-C,34.18,2026-01-04
SKU-00096,Item-00096,BR-D,34.26,2026-01-04
SKU-00096,Item-00096,BR-E,28.71,2026-01-04
SKU-00097,Item-00097,BR-A,29.75,2026-01-04
SKU-00097,Item-00097,BR-B,51.01,2026-01-04
SKU-00097,Item-00097,BR-C,52.16,2026-01-04
SKU-00097,Item-00097,BR-D,26.58,2026-01-04
SKU-00097,Item-00097,BR-E,51.5,2026-01-04
SKU-00098,Item-00098,BR-A,136.11,2026-01-04
SKU-00098,Item-00098,BR-B,220.21,2026-01-04
SKU-00098,Item-00098,BR-C,254.48,2026-01-04
SKU-00098,Item-00098,BR-D,249.42,2026-01-04
SKU-00098,Item-00098,BR-E,207.81,2026-01-04
SKU-00099,Item-00099,BR-A,126.57,2026-01-04
SKU-00099,Item-00099,BR-B,222.81,2026-01-04
SKU-00099,Item-00099,BR-C,287.51,2026-01-04
SKU-00099,Item-00099,BR-D,135.08,2026-01-04
SKU-00099,Item-00099,BR-E,273.62,2026-01-04
SKU-00100,Item-00100,BR-A,106.5,2026-01-04
SKU-00100,Item-00100,BR-B,98.45,2026-01-04
SKU-00100,Item-00100,BR-C,64.37,2026-01-04
SKU-00100,Item-00100,BR-D,135.14,2026-01-04
SKU-00100,Item-00100,BR-E,105.19,2026-01-04
SKU-00101,Item-00101,BR-A,199.23,2026-01-04
SKU-00101,Item-00101,BR-B,225.26,2026-01-04
SKU-00101,Item-00101,BR-C,235.27,2026-01-04
SKU-00101,Item-00101,BR-D,198.53,2026-01-04
SKU-00101,Item-00101,BR-E,136.02,2026-01-04
SKU-00102,Item-00102,BR-A,179.76,2026-01-04
SKU-00102,Item-00102,BR-B,244.95,2026-01-04
SKU-00102,Item-00102,BR-C,122.25,2026-01-04
SKU-00102,Item-00102,BR-D,104.05,2026-01-04
SKU-00102,Item-00102,BR-E,160.74,2026-01-04
SKU-00103,Item-00103,BR-A,140.37,2026-01-04
SKU-00103,Item-00103,BR-B,136.09,2026-01-04
SKU-00103,Item-00103,BR-C,68.1,2026-01-04
SKU-00103,Item-00103,BR-D,149.84,2026-01-04
SKU-00103,Item-00103,BR-E,175.45,2026-01-04
SKU-00104,Item-00104,BR-A,46.54,2026-01-04
SKU-00104,Item-00104,BR-B,69.43,2026-01-04
SKU-00104,Item-00104,BR-C,96.57,2026-01-04
SKU-00104,Item-00104,BR-D,50.44,2026-01-04
SKU-00104,Item-00104,BR-E,74.81,2026-01-04
SKU-00105,Item-00105,BR-A,125.17,2026-01-04
SKU-00105,Item-00105,BR-B,95.93,2026-01-04
SKU-00105,Item-00105,BR-C,83.26,2026-01-04
SKU-00105,Item-00105,BR-D,153.68,2026-01-04
SKU-00105,Item-00105,BR-E,89.38,2026-01-04
SKU-00106,Item-00106,BR-A,192.65,2026-01-04
SKU-00106,Item-00106,BR-B,140.6,2026-01-04
SKU-00106,Item-00106,BR-C,236.54,2026-01-04
SKU-00106,Item-00106,BR-D,237.62,2026-01-04
SKU-00106,Item-00106,BR-E,234.81,2026-01-04
SKU-00107,Item-00107,BR-A,116.47,2026-01-04
SKU-00107,Item-00107,BR-B,79.1,2026-01-04
SKU-00107,Item-00107,BR-C,143.28,2026-01-04
SKU-00107,Item-00107,BR-D,113.37,2026-01-04
SKU-00107,Item-00107,BR-E,114.44,2026-01-04
SKU-00108,Item-00108,BR-A,202.86,2026-01-04
SKU-00108,Item-00108,BR-B,116.49,2026-01-04
SKU-00108,Item-00108,BR-C,181.04,2026-01-04
SKU-00108,Item-00108,BR-D,205.86,2026-01-04
SKU-00108,Item-00108,BR-E,117.15,2026-01-04
SKU-00109,Item-00109,BR-A,40.77,2026-01-04
SKU-00109,Item-00109,BR-B,71.17,2026-01-04
SKU-00109,Item-00109,BR-C,31.35,2026-01-04
SKU-00109,Item-00109,BR-D,51.28,2026-01-04
SKU-00109,Item-00109,BR-E,44.69,2026-01-04
SKU-00110,Item-00110,BR-A,236.43,2026-01-04
SKU-00110,Item-00110,BR-B,159.58,2026-01-04
SKU-00110,Item-00110,BR-C,176.8,2026-01-04
SKU-00110,Item-00110,BR-D,96.24,2026-01-04
SKU-00110,Item-00110,BR-E,105.11,2026-01-04
SKU-00111,Item-00111,BR-A,30.37,2026-01-04
SKU-00111,Item-00111,BR-B,12.47,2026-01-04
SKU-00111,Item-00111,BR-C,24.86,2026-01-04
SKU-00111,Item-00111,BR-D,18.53,2026-01-04
SKU-00111,Item-00111,BR-E,17.28,2026-01-04
SKU-00112,Item-00112,BR-A,231.34,2026-01-04
SKU-00112,Item-00112,BR-B,215.39,2026-01-04
SKU-00112,Item-00112,BR-C,114.85,2026-01-04
SKU-00112,Item-00112,BR-D,87.72,2026-01-04
SKU-00112,Item-00112,BR-E,114.67,2026-01-04
SKU-00113,Item-00113,BR-A,166.17,2026-01-04
SKU-00113,Item-00113,BR-B,172.09,2026-01-04
SKU-00113,Item-00113,BR-C,85.65,2026-01-04
SKU-00113,Item-00113,BR-D,227.58,2026-01-04
SKU-00113,Item-00113,BR-E,230.26,2026-01-04
SKU-00114,Item-00114,BR-A,132.91,2026-01-04
SKU-00114,Item-00114,BR-B,149.82,2026-01-04
SKU-00114,Item-00114,BR-C,141.04,2026-01-04
SKU-00114,Item-00114,BR-D,90.59,2026-01-04
SKU-00114,Item-00114,BR-E,166.42,2026-01-04
SKU-00115,Item-00115,BR-A,51.99,2026-01-04
SKU-00115,Item-00115,BR-B,25.95,2026-01-04
SKU-00115,Item-00115,BR-C,20.16,2026-01-04
SKU-00115,Item-00115,BR-D,19.93,2026-01-04
SKU-00115,Item-00115,BR-E,37.27,2026-01-04
SKU-00116,Item-00116,BR-A,117.82,2026-01-04
SKU-00116,Item-00116,BR-B,239.69,2026-01-04
SKU-00116,Item-00116,BR-C,111.42,2026-01-04
SKU-00116,Item-00116,BR-D,128.84,2026-01-04
SKU-00116,Item-00116,BR-E,147.71,2026-01-04
SKU-00117,Item-00117,BR-A,142.73,2026-01-04
SKU-00117,Item-00117,BR-B,238.35,2026-01-04
SKU-00117,Item-00117,BR-C,278.28,2026-01-04
SKU-00117,Item-00117,BR-D,151.73,2026-01-04
SKU-00117,Item-00117,BR-E,192.01,2026-01-04
SKU-00118,Item-00118,BR-A,221.07,2026-01-04
SKU-00118,Item-00118,BR-B,131.46,2026-01-04
SKU-00118,Item-00118,BR-C,161.53,2026-01-04
SKU-00118,Item-00118,BR-D,123.42,2026-01-04
SKU-00118,Item-00118,BR-E,190.24,2026-01-04
SKU-00119,Item-00119,BR-A,144.94,2026-01-04
SKU-00119,Item-00119,BR-B,147.3,2026-01-04
SKU-00119,Item-00119,BR-C,131.51,2026-01-04
SKU-00119,Item-00119,BR-D,102.51,2026-01-04
SKU-00119,Item-00119,BR-E,99.7,2026-01-04
SKU-00120,Item-00120,BR-A,237.86,2026-01-04
SKU-00120,Item-00120,BR-B,276.73,2026-01-04
SKU-00120,Item-00120,BR-C,159.07,2026-01-04
SKU-00120,Item-00120,BR-D,180.75,2026-01-04
SKU-00120,Item-00120,BR-E,217.79,2026-01-04
SKU-00121,Item-00121,BR-A,114.34,2026-01-04
SKU-00121,Item-00121,BR-B,74.48,2026-01-04
SKU-00121,Item-00121,BR-C,116.76,2026-01-04
SKU-00121,Item-00121,BR-D,130.75,2026-01-04
SKU-00121,Item-00121,BR-E,89.92,2026-01-04
SKU-00122,Item-00122,BR-A,128.23,2026-01-04
SKU-00122,Item-00122,BR-B,86.81,2026-01-04
SKU-00122,Item-00122,BR-C,115.98,2026-01-04
SKU-00122,Item-00122,BR-D,122.19,2026-01-04
SKU-00122,Item-00122,BR-E,104.78,2026-01-04
SKU-00123,Item-00123,BR-A,53.62,2026-01-04
SKU-00123,Item-00123,BR-B,45.29,2026-01-04
SKU-00123,Item-00123,BR-C,51.74,2026-01-04
SKU-00123,Item-00123,BR-D,42.7,2026-01-04
SKU-00123,Item-00123,BR-E,54.81,2026-01-04
SKU-00124,Item-00124,BR-A,4.78,2026-01-04
SKU-00124,Item-00124,BR-B,5.6,2026-01-04
SKU-00124,Item-00124,BR-C,4.54,2026-01-04
SKU-00124,Item-00124,BR-D,8.33,2026-01-04
SKU-00124,Item-00124,BR-E,8.92,2026-01-04
SKU-00125,Item-00125,BR-A,39.8,2026-01-04
SKU-00125,Item-00125,BR-B,65.31,2026-01-04
SKU-00125,Item-00125,BR-C,56.62,2026-01-04
SKU-00125,Item-00125,BR-D,71.93,2026-01-04
SKU-00125,Item-00125,BR-E,42.61,2026-01-04
SKU-00126,Item-00126,BR-A,3.03,2026-01-04
SKU-00126,Item-00126,BR-B,3.83,2026-01-04
SKU-00126,Item-00126,BR-C,4.59,2026-01-04
SKU-00126,Item-00126,BR-D,7.09,2026-01-04
SKU-00126,Item-00126,BR-E,4.78,2026-01-04
SKU-00127,Item-00127,BR-A,29.16,2026-01-04
SKU-00127,Item-00127,BR-B,57.03,2026-01-04
SKU-00127,Item-00127,BR-C,43.44,2026-01-04
SKU-00127,Item-00127,BR-D,62.88,2026-01-04
SKU-00127,Item-00127,BR-E,31.53,2026-01-04
SKU-00128,Item-00128,BR-A,144.17,2026-01-04
SKU-00128,Item-00128,BR-B,92.41,2026-01-04
SKU-00128,Item-00128,BR-C,145.9,2026-01-04
SKU-00128,Item-00128,BR-D,168.87,2026-01-04
SKU-00128,Item-00128,BR-E,224.36,2026-01-04
SKU-00129,Item-00129,BR-A,146.85,2026-01-04
SKU-00129,Item-00129,BR-B,112.41,2026-01-04
SKU-00129,Item-00129,BR-C,94.42,2026-01-04
SKU-00129,Item-00129,BR-D,116.51,2026-01-04
SKU-00129,Item-00129,BR-E,108.9,2026-01-04
SKU-00130,Item-00130,BR-A,84.46,2026-01-04
SKU-00130,Item-00130,BR-B,107.53,2026-01-04
SKU-00130,Item-00130,BR-C,150.96,2026-01-04
SKU-00130,Item-00130,BR-D,187.24,2026-01-04
SKU-00130,Item-00130,BR-E,184.15,2026-01-04
SKU-00131,Item-00131,BR-A,65.62,2026-01-04
SKU-00131,Item-00131,BR-B,153.12,2026-01-04
SKU-00131,Item-00131,BR-C,102.73,2026-01-04
SKU-00131,Item-00131,BR-D,138.52,2026-01-04
SKU-00131,Item-00131,BR-E,91.61,2026-01-04
SKU-00132,Item-00132,BR-A,43.2,2026-01-04
SKU-00132,Item-00132,BR-B,37.01,2026-01-04
SKU-00132,Item-00132,BR-C,67.48,2026-01-04
SKU-00132,Item-00132,BR-D,52.18,2026-01-04
SKU-00132,Item-00132,BR-E,76.91,2026-01-04
SKU-00133,Item-00133,BR-A,151.83,2026-01-04
SKU-00133,Item-00133,BR-B,104.82,2026-01-04
SKU-00133,Item-00133,BR-C,112.27,2026-01-04
SKU-00133,Item-00133,BR-D,136.9,2026-01-04
SKU-00133,Item-00133,BR-E,145.76,2026-01-04
SKU-00134,Item-00134,BR-A,24.49,2026-01-04
SKU-00134,Item-00134,BR-B,18.09,2026-01-04
SKU-00134,Item-00134,BR-C,25.97,2026-01-04
SKU-00134,Item-00134,BR-D,30.64,2026-01-04
SKU-00134,Item-00134,BR-E,33.54,2026-01-04
SKU-00135,Item-00135,BR-A,103.87,2026-01-04
SKU-00135,Item-00135,BR-B,58.94,2026-01-04
SKU-00135,Item-00135,BR-C,98.86,2026-01-04
SKU-00135,Item-00135,BR-D,67.42,2026-01-04
SKU-00135,Item-00135,BR-E,102.74,2026-01-04
SKU-00136,Item-00136,BR-A,135.76,2026-01-04
SKU-00136,Item-00136,BR-B,53.84,2026-01-04
SKU-00136,Item-00136,BR-C,110.29,2026-01-04
SKU-00136,Item-00136,BR-D,56.66,2026-01-04
SKU-00136,Item-00136,BR-E,59.06,2026-01-04
SKU-00137,Item-00137,BR-A,177.81,2026-01-04
SKU-00137,Item-00137,BR-B,167.3,2026-01-04
SKU-00137,Item-00137,BR-C,107.82,2026-01-04
SKU-00137,Item-00137,BR-D,171.34,2026-01-04
SKU-00137,Item-00137,BR-E,124.49,2026-01-04
SKU-00138,Item-00138,BR-A,16.94,2026-01-04
SKU-00138,Item-00138,BR-B,13.17,2026-01-04
SKU-00138,Item-00138,BR-C,17.8,2026-01-04
SKU-00138,Item-00138,BR-D,14.41,2026-01-04
SKU-00138,Item-00138,BR-E,19.1,2026-01-04
SKU-00139,Item-00139,BR-A,155.82,2026-01-04
SKU-00139,Item-00139,BR-B,217.66,2026-01-04
SKU-00139,Item-00139,BR-C,236.25,2026-01-04
SKU-00139,Item-00139,BR-D,103.54,2026-01-04
SKU-00139,Item-00139,BR-E,143.16,2026-01-04
SKU-00140,Item-00140,BR-A,59.53,2026-01-04
SKU-00140,Item-00140,BR-B,29.23,2026-01-04
SKU-00140,Item-00140,BR-C,30.18,2026-01-04
SKU-00140,Item-00140,BR-D,28.26,2026-01-04
SKU-00140,Item-00140,BR-E,33.13,2026-01-04
SKU-00141,Item-00141,BR-A,91.59,2026-01-04
SKU-00141,Item-00141,BR-B,130.38,2026-01-04
SKU-00141,Item-00141,BR-C,103.59,2026-01-04
SKU-00141,Item-00141,BR-D,75.36,2026-01-04
SKU-00141,Item-00141,BR-E,77.59,2026-01-04
SKU-00142,Item-00142,BR-A,121.74,2026-01-04
SKU-00142,Item-00142,BR-B,76.67,2026-01-04
SKU-00142,Item-00142,BR-C,121.79,2026-01-04
SKU-00142,Item-00142,BR-D,129.12,2026-01-04
SKU-00142,Item-00142,BR-E,124.43,2026-01-04
SKU-00143,Item-00143,BR-A,129.82,2026-01-04
SKU-00143,Item-00143,BR-B,73.67,2026-01-04
SKU-00143,Item-00143,BR-C,122.15,2026-01-04
SKU-00143,Item-00143,BR-D,59.93,2026-01-04
SKU-00143,Item-00143,BR-E,137.12,2026-01-04
SKU-00144,Item-00144,BR-A,54.31,2026-01-04
SKU-00144,Item-00144,BR-B,76.83,2026-01-04
SKU-00144,Item-00144,BR-C,101.92,2026-01-04
SKU-00144,Item-00144,BR-D,119.6,2026-01-04
SKU-00144,Item-00144,BR-E,71.57,2026-01-04
SKU-00145,Item-00145,BR-A,16.03,2026-01-04
SKU-00145,Item-00145,BR-B,15.3,2026-01-04
SKU-00145,Item-00145,BR-C,22.6,2026-01-04
SKU-00145,Item-00145,BR-D,15.04,2026-01-04
SKU-00145,Item-00145,BR-E,31.68,2026-01-04
SKU-00146,Item-00146,BR-A,211.38,2026-01-04
SKU-00146,Item-00146,BR-B,233.44,2026-01-04
SKU-00146,Item-00146,BR-C,246.21,2026-01-04
SKU-00146,Item-00146,BR-D,155.77,2026-01-04
SKU-00146,Item-00146,BR-E,161.25,2026-01-04
SKU-00147,Item-00147,BR-A,119.58,2026-01-04
SKU-00147,Item-00147,BR-B,192.91,2026-01-04
SKU-00147,Item-00147,BR-C,202.01,2026-01-04
SKU-00147,Item-00147,BR-D,217.1,2026-01-04
SKU-00147,Item-00147,BR-E,274.12,2026-01-04
SKU-00148,Item-00148,BR-A,30.65,2026-01-04
SKU-00148,Item-00148,BR-B,45.21,2026-01-04
SKU-00148,Item-00148,BR-C,27.22,2026-01-04
SKU-00148,Item-00148,BR-D,28.58,2026-01-04
SKU-00148,Item-00148,BR-E,29.73,2026-01-04
SKU-00149,Item-00149,BR-A,59.6,2026-01-04
SKU-00149,Item-00149,BR-B,105.24,2026-01-04
SKU-00149,Item-00149,BR-C,135.4,2026-01-04
SKU-00149,Item-00149,BR-D,114.93,2026-01-04
SKU-00149,Item-00149,BR-E,122.2,2026-01-04
SKU-00150,Item-00150,BR-A,131.31,2026-01-04
SKU-00150,Item-00150,BR-B,108.75,2026-01-04
SKU-00150,Item-00150,BR-C,266.42,2026-01-04
SKU-00150,Item-00150,BR-D,105.62,2026-01-04
SKU-00150,Item-00150,BR-E,97.31,2026-01-04
SKU-00151,Item-00151,BR-A,57.58,2026-01-04
SKU-00151,Item-00151,BR-B,103.55,2026-01-04
SKU-00151,Item-00151,BR-C,55.43,2026-01-04
SKU-00151,Item-00151,BR-D,49.07,2026-01-04
SKU-00151,Item-00151,BR-E,57.01,2026-01-04
SKU-00152,Item-00152,BR-A,61.64,2026-01-04
SKU-00152,Item-00152,BR-B,58.21,2026-01-04
SKU-00152,Item-00152,BR-C,76.27,2026-01-04
SKU-00152,Item-00152,BR-D,70.92,2026-01-04
SKU-00152,Item-00152,BR-E,46.43,2026-01-04
SKU-00153,Item-00153,BR-A,57.93,2026-01-04
SKU-00153,Item-00153,BR-B,40.42,2026-01-04
SKU-00153,Item-00153,BR-C,60.88,2026-01-04
SKU-00153,Item-00153,BR-D,84.79,2026-01-04
SKU-00153,Item-00153,BR-E,44.2,2026-01-04
SKU-00154,Item-00154,BR-A,117.63,2026-01-04
SKU-00154,Item-00154,BR-B,197.35,2026-01-04
SKU-00154,Item-00154,BR-C,183.37,2026-01-04
SKU-00154,Item-00154,BR-D,137.16,2026-01-04
SKU-00154,Item-00154,BR-E,171.92,2026-01-04
SKU-00155,Item-00155,BR-A,24.36,2026-01-04
SKU-00155,Item-00155,BR-B,27.38,2026-01-04
SKU-00155,Item-00155,BR-C,23.57,2026-01-04
SKU-00155,Item-00155,BR-D,28.36,2026-01-04
SKU-00155,Item-00155,BR-E,47.23,2026-01-04
SKU-00156,Item-00156,BR-A,54.0,2026-01-04
SKU-00156,Item-00156,BR-B,31.2,2026-01-04
SKU-00156,Item-00156,BR-C,64.37,2026-01-04
SKU-00156,Item-00156,BR-D,58.4,2026-01-04
SKU-00156,Item-00156,BR-E,35.45,2026-01-04
SKU-00157,Item-00157,BR-A,164.07,2026-01-04
SKU-00157,Item-00157,BR-B,83.09,2026-01-04
SKU-00157,Item-00157,BR-C,64.94,2026-01-04
SKU-00157,Item-00157,BR-D,137.48,2026-01-04
SKU-00157,Item-00157,BR-E,113.51,2026-01-04
SKU-00158,Item-00158,BR-A,12.54,2026-01-04
SKU-00158,Item-00158,BR-B,22.86,2026-01-04
SKU-00158,Item-00158,BR-C,9.71,2026-01-04
SKU-00158,Item-00158,BR-D,15.13,2026-01-04
SKU-00158,Item-00158,BR-E,10.75,2026-01-04
SKU-00159,Item-00159,BR-A,15.42,2026-01-04
SKU-00159,Item-00159,BR-B,15.51,2026-01-04
SKU-00159,Item-00159,BR-C,8.77,2026-01-04
SKU-00159,Item-00159,BR-D,12.02,2026-01-04
SKU-00159,Item-00159,BR-E,9.43,2026-01-04
SKU-00160,Item-00160,BR-A,118.67,2026-01-04
SKU-00160,Item-00160,BR-B,127.01,2026-01-04
SKU-00160,Item-00160,BR-C,96.08,2026-01-04
SKU-00160,Item-00160,BR-D,83.22,2026-01-04
SKU-00160,Item-00160,BR-E,94.09,2026-01-04
SKU-00161,Item-00161,BR-A,38.43,2026-01-04
SKU-00161,Item-00161,BR-B,36.24,2026-01-04
SKU-00161,Item-00161,BR-C,35.02,2026-01-04
SKU-00161,Item-00161,BR-D,32.98,2026-01-04
SKU-00161,Item-00161,BR-E,41.38,2026-01-04
SKU-00162,Item-00162,BR-A,22.8,2026-01-04
SKU-00162,Item-00162,BR-B,28.81,2026-01-04
SKU-00162,Item-00162,BR-C,14.58,2026-01-04
SKU-00162,Item-00162,BR-D,11.38,2026-01-04
SKU-00162,Item-00162,BR-E,11.05,2026-01-04
SKU-00163,Item-00163,BR-A,13.7,2026-01-04
SKU-00163,Item-00163,BR-B,10.29,2026-01-04
SKU-00163,Item-00163,BR-C,10.89,2026-01-04
SKU-00163,Item-00163,BR-D,13.03,2026-01-04
SKU-00163,Item-00163,BR-E,19.73,2026-01-04
SKU-00164,Item-00164,BR-A,166.81,2026-01-04
SKU-00164,Item-00164,BR-B,123.73,2026-01-04
SKU-00164,Item-00164,BR-C,85.08,2026-01-04
SKU-00164,Item-00164,BR-D,169.21,2026-01-04
SKU-00164,Item-00164,BR-E,188.58,2026-01-04
SKU-00165,Item-00165,BR-A,65.44,2026-01-04
SKU-00165,Item-00165,BR-B,60.37,2026-01-04
SKU-00165,Item-00165,BR-C,107.42,2026-01-04
SKU-00165,Item-00165,BR-D,71.88,2026-01-04
SKU-00165,Item-00165,BR-E,67.04,2026-01-04
SKU-00166,Item-00166,BR-A,129.97,2026-01-04
SKU-00166,Item-00166,BR-B,145.72,2026-01-04
SKU-00166,Item-00166,BR-C,72.46,2026-01-04
SKU-00166,Item-00166,BR-D,119.31,2026-01-04
SKU-00166,Item-00166,BR-E,141.89,2026-01-04
SKU-00167,Item-00167,BR-A,124.06,2026-01-04
SKU-00167,Item-00167,BR-B,103.11,2026-01-04
SKU-00167,Item-00167,BR-C,176.59,2026-01-04
SKU-00167,Item-00167,BR-D,94.96,2026-01-04
SKU-00167,Item-00167,BR-E,104.31,2026-01-04
SKU-00168,Item-00168,BR-A,78.71,2026-01-04
SKU-00168,Item-00168,BR-B,93.98,2026-01-04
SKU-00168,Item-00168,BR-C,186.24,2026-01-04
SKU-00168,Item-00168,BR-D,88.08,2026-01-04
SKU-00168,Item-00168,BR-E,71.37,2026-01-04
SKU-00169,Item-00169,BR-A,65.19,2026-01-04
SKU-00169,Item-00169,BR-B,56.15,2026-01-04
SKU-00169,Item-00169,BR-C,46.07,2026-01-04
SKU-00169,Item-00169,BR-D,51.63,2026-01-04
SKU-00169,Item-00169,BR-E,39.6,2026-01-04
SKU-00170,Item-00170,BR-A,52.24,2026-01-04
SKU-00170,Item-00170,BR-B,59.7,2026-01-04
SKU-00170,Item-00170,BR-C,48.58,2026-01-04
SKU-00170,Item-00170,BR-D,64.69,2026-01-04
SKU-00170,Item-00170,BR-E,48.12,2026-01-04
SKU-00171,Item-00171,BR-A,50.86,2026-01-04
SKU-00171,Item-00171,BR-B,38.93,2026-01-04
SKU-00171,Item-00171,BR-C,32.09,2026-01-04
SKU-00171,Item-00171,BR-D,67.23,2026-01-04
SKU-00171,Item-00171,BR-E,54.77,2026-01-04
SKU-00172,Item-00172,BR-A,44.12,2026-01-04
SKU-00172,Item-00172,BR-B,39.65,2026-01-04
SKU-00172,Item-00172,BR-C,30.7,2026-01-04
SKU-00172,Item-00172,BR-D,20.37,2026-01-04
SKU-00172,Item-00172,BR-E,19.77,2026-01-04
SKU-00173,Item-00173,BR-A,57.71,2026-01-04
SKU-00173,Item-00173,BR-B,76.94,2026-01-04
SKU-00173,Item-00173,BR-C,116.32,2026-01-04
SKU-00173,Item-00173,BR-D,90.45,2026-01-04
SKU-00173,Item-00173,BR-E,116.2,2026-01-04
SKU-00174,Item-00174,BR-A,8.74,2026-01-04
SKU-00174,Item-00174,BR-B,4.55,2026-01-04
SKU-00174,Item-00174,BR-C,5.86,2026-01-04
SKU-00174,Item-00174,BR-D,5.16,2026-01-04
SKU-00174,Item-00174,BR-E,3.16,2026-01-04
SKU-00175,Item-00175,BR-A,15.99,2026-01-04
SKU-00175,Item-00175,BR-B,22.4,2026-01-04
SKU-00175,Item-00175,BR-C,25.65,2026-01-04
SKU-00175,Item-00175,BR-D,23.56,2026-01-04
SKU-00175,Item-00175,BR-E,25.03,2026-01-04
SKU-00176,Item-00176,BR-A,144.96,2026-01-04
SKU-00176,Item-00176,BR-B,114.12,2026-01-04
SKU-00176,Item-00176,BR-C,65.53,2026-01-04
SKU-00176,Item-00176,BR-D,123.18,2026-01-04
SKU-00176,Item-00176,BR-E,127.45,2026-01-04
SKU-00177,Item-00177,BR-A,101.92,2026-01-04
SKU-00177,Item-00177,BR-B,276.51,2026-01-04
SKU-00177,Item-00177,BR-C,254.2,2026-01-04
SKU-00177,Item-00177,BR-D,218.32,2026-01-04
SKU-00177,Item-00177,BR-E,123.95,2026-01-04
SKU-00178,Item-00178,BR-A,178.23,2026-01-04
SKU-00178,Item-00178,BR-B,134.64,2026-01-04
SKU-00178,Item-00178,BR-C,220.06,2026-01-04
SKU-00178,Item-00178,BR-D,260.01,2026-01-04
SKU-00178,Item-00178,BR-E,154.43,2026-01-04
SKU-00179,Item-00179,BR-A,74.88,2026-01-04
SKU-00179,Item-00179,BR-B,42.74,2026-01-04
SKU-00179,Item-00179,BR-C,87.16,2026-01-04
SKU-00179,Item-00179,BR-D,68.71,2026-01-04
SKU-00179,Item-00179,BR-E,87.78,2026-01-04
SKU-00180,Item-00180,BR-A,231.14,2026-01-04
SKU-00180,Item-00180,BR-B,198.75,2026-01-04
SKU-00180,Item-00180,BR-C,234.74,2026-01-04
SKU-00180,Item-00180,BR-D,161.28,2026-01-04
SKU-00180,Item-00180,BR-E,244.39,2026-01-04
SKU-00181,Item-00181,BR-A,128.66,2026-01-04
SKU-00181,Item-00181,BR-B,97.07,2026-01-04
SKU-00181,Item-00181,BR-C,147.04,2026-01-04
SKU-00181,Item-00181,BR-D,172.27,2026-01-04
SKU-00181,Item-00181,BR-E,112.25,2026-01-04
SKU-00182,Item-00182,BR-A,5.09,2026-01-04
SKU-00182,Item-00182,BR-B,8.17,2026-01-04
SKU-00182,Item-00182,BR-C,4.52,2026-01-04
SKU-00182,Item-00182,BR-D,3.09,2026-01-04
SKU-00182,Item-00182,BR-E,5.64,2026-01-04
SKU-00183,Item-00183,BR-A,53.87,2026-01-04
SKU-00183,Item-00183,BR-B,70.32,2026-01-04
SKU-00183,Item-00183,BR-C,59.38,2026-01-04
SKU-00183,Item-00183,BR-D,60.7,2026-01-04
SKU-00183,Item-00183,BR-E,92.05,2026-01-04
SKU-00184,Item-00184,BR-A,243.94,2026-01-04
SKU-00184,Item-00184,BR-B,151.57,2026-01-04
SKU-00184,Item-00184,BR-C,276.4,2026-01-04
SKU-00184,Item-00184,BR-D,190.15,2026-01-04
SKU-00184,Item-00184,BR-E,224.36,2026-01-04
SKU-00185,Item-00185,BR-A,54.73,2026-01-04
SKU-00185,Item-00185,BR-B,37.51,2026-01-04
SKU-00185,Item-00185,BR-C,81.98,2026-01-04
SKU-00185,Item-00185,BR-D,63.31,2026-01-04
SKU-00185,Item-00185,BR-E,65.52,2026-01-04
SKU-00186,Item-00186,BR-A,122.72,2026-01-04
SKU-00186,Item-00186,BR-B,120.48,2026-01-04
SKU-00186,Item-00186,BR-C,195.02,2026-01-04
SKU-00186,Item-00186,BR-D,80.74,2026-01-04
SKU-00186,Item-00186,BR-E,84.44,2026-01-04
SKU-00187,Item-00187,BR-A,45.92,2026-01-04
SKU-00187,Item-00187,BR-B,63.25,2026-01-04
SKU-00187,Item-00187,BR-C,33.07,2026-01-04
SKU-00187,Item-00187,BR-D,47.2,2026-01-04
SKU-00187,Item-00187,BR-E,54.16,2026-01-04
SKU-00188,Item-00188,BR-A,169.08,2026-01-04
SKU-00188,Item-00188,BR-B,76.04,2026-01-04
SKU-00188,Item-00188,BR-C,111.41,2026-01-04
SKU-00188,Item-00188,BR-D,125.35,2026-01-04
SKU-00188,Item-00188,BR-E,115.9,2026-01-04
SKU-00189,Item-00189,BR-A,189.12,2026-01-04
SKU-00189,Item-00189,BR-B,162.91,2026-01-04
SKU-00189,Item-00189,BR-C,176.92,2026-01-04
SKU-00189,Item-00189,BR-D,93.85,2026-01-04
SKU-00189,Item-00189,BR-E,84.51,2026-01-04
SKU-00190,Item-00190,BR-A,81.31,2026-01-04
SKU-00190,Item-00190,BR-B,154.19,2026-01-04
SKU-00190,Item-00190,BR-C,73.88,2026-01-04
SKU-00190,Item-00190,BR-D,112.92,2026-01-04
SKU-00190,Item-00190,BR-E,62.22,2026-01-04
SKU-00191,Item-00191,BR-A,133.99,2026-01-04
SKU-00191,Item-00191,BR-B,178.99,2026-01-04
SKU-00191,Item-00191,BR-C,158.02,2026-01-04
SKU-00191,Item-00191,BR-D,238.89,2026-01-04
SKU-00191,Item-00191,BR-E,207.98,2026-01-04
SKU-00192,Item-00192,BR-A,20.74,2026-01-04
SKU-00192,Item-00192,BR-B,32.49,2026-01-04
SKU-00192,Item-00192,BR-C,13.74,2026-01-04
SKU-00192,Item-00192,BR-D,17.26,2026-01-04
SKU-00192,Item-00192,BR-E,18.14,2026-01-04
SKU-00193,Item-00193,BR-A,137.88,2026-01-04
SKU-00193,Item-00193,BR-B,178.99,2026-01-04
SKU-00193,Item-00193,BR-C,197.67,2026-01-04
SKU-00193,Item-00193,BR-D,139.79,2026-01-04
SKU-00193,Item-00193,BR-E,181.31,2026-01-04
SKU-00194,Item-00194,BR-A,5.56,2026-01-04
SKU-00194,Item-00194,BR-B,3.36,2026-01-04
SKU-00194,Item-00194,BR-C,3.07,2026-01-04
SKU-00194,Item-00194,BR-D,4.97,2026-01-04
SKU-00194,Item-00194,BR-E,3.82,2026-01-04
SKU-00195,Item-00195,BR-A,78.45,2026-01-04
SKU-00195,Item-00195,BR-B,138.93,2026-01-04
SKU-00195,Item-00195,BR-C,146.68,2026-01-04
SKU-00195,Item-00195,BR-D,136.31,2026-01-04
SKU-00195,Item-00195,BR-E,114.95,2026-01-04
SKU-00196,Item-00196,BR-A,49.28,2026-01-04
SKU-00196,Item-00196,BR-B,33.98,2026-01-04
SKU-00196,Item-00196,BR-C,23.59,2026-01-04
SKU-00196,Item-00196,BR-D,34.16,2026-01-04
SKU-00196,Item-00196,BR-E,29.67,2026-01-04
SKU-00197,Item-00197,BR-A,161.08,2026-01-04
SKU-00197,Item-00197,BR-B,136.78,2026-01-04
SKU-00197,Item-00197,BR-C,110.08,2026-01-04
SKU-00197,Item-00197,BR-D,105.63,2026-01-04
SKU-00197,Item-00197,BR-E,104.84,2026-01-04
SKU-00198,Item-00198,BR-A,105.45,2026-01-04
SKU-00198,Item-00198,BR-B,62.93,2026-01-04
SKU-00198,Item-00198,BR-C,121.97,2026-01-04
SKU-00198,Item-00198,BR-D,166.28,2026-01-04
SKU-00198,Item-00198,BR-E,106.64,2026-01-04
SKU-00199,Item-00199,BR-A,23.72,2026-01-04
SKU-00199,Item-00199,BR-B,21.15,2026-01-04
SKU-00199,Item-00199,BR-C,15.41,2026-01-04
SKU-00199,Item-00199,BR-D,14.32,2026-01-04
SKU-00199,Item-00199,BR-E,19.26,2026-01-04
SKU-00200,Item-00200,BR-A,72.01,2026-01-04
SKU-00200,Item-00200,BR-B,117.0,2026-01-04
SKU-00200,Item-00200,BR-C,119.41,2026-01-04
SKU-00200,Item-00200,BR-D,89.97,2026-01-04
SKU-00200,Item-00200,BR-E,139.94,2026-01-04
SKU-00201,Item-00201,BR-A,107.25,2026-01-04
SKU-00201,Item-00201,BR-B,108.43,2026-01-04
SKU-00201,Item-00201,BR-C,62.71,2026-01-04
SKU-00201,Item-00201,BR-D,155.03,2026-01-04
SKU-00201,Item-00201,BR-E,162.79,2026-01-04
SKU-00202,Item-00202,BR-A,85.95,2026-01-04
SKU-00202,Item-00202,BR-B,51.02,2026-01-04
SKU-00202,Item-00202,BR-C,51.05,2026-01-04
SKU-00202,Item-00202,BR-D,117.76,2026-01-04
SKU-00202,Item-00202,BR-E,102.27,2026-01-04
SKU-00203,Item-00203,BR-A,54.75,2026-01-04
SKU-00203,Item-00203,BR-B,39.93,2026-01-04
SKU-00203,Item-00203,BR-C,52.06,2026-01-04
SKU-00203,Item-00203,BR-D,64.04,2026-01-04
SKU-00203,Item-00203,BR-E,54.61,2026-01-04
SKU-00204,Item-00204,BR-A,105.26,2026-01-04
SKU-00204,Item-00204,BR-B,224.62,2026-01-04
SKU-00204,Item-00204,BR-C,213.02,2026-01-04
SKU-00204,Item-00204,BR-D,224.42,2026-01-04
SKU-00204,Item-00204,BR-E,103.88,2026-01-04
SKU-00205,Item-00205,BR-A,99.85,2026-01-04
SKU-00205,Item-00205,BR-B,91.67,2026-01-04
SKU-00205,Item-00205,BR-C,171.74,2026-01-04
SKU-00205,Item-00205,BR-D,138.82,2026-01-04
SKU-00205,Item-00205,BR-E,102.33,2026-01-04
SKU-00206,Item-00206,BR-A,86.81,2026-01-04
SKU-00206,Item-00206,BR-B,99.44,2026-01-04
SKU-00206,Item-00206,BR-C,60.01,2026-01-04
SKU-00206,Item-00206,BR-D,60.73,2026-01-04
SKU-00206,Item-00206,BR-E,109.22,2026-01-04
SKU-00207,Item-00207,BR-A,94.22,2026-01-04
SKU-00207,Item-00207,BR-B,176.95,2026-01-04
SKU-00207,Item-00207,BR-C,212.02,2026-01-04
SKU-00207,Item-00207,BR-D,112.93,2026-01-04
SKU-00207,Item-00207,BR-E,93.11,2026-01-04
SKU-00208,Item-00208,BR-A,217.1,2026-01-04
SKU-00208,Item-00208,BR-B,125.34,2026-01-04
SKU-00208,Item-00208,BR-C,120.75,2026-01-04
SKU-00208,Item-00208,BR-D,141.17,2026-01-04
SKU-00208,Item-00208,BR-E,192.38,2026-01-04
SKU-00209,Item-00209,BR-A,247.95,2026-01-04
SKU-00209,Item-00209,BR-B,177.63,2026-01-04
SKU-00209,Item-00209,BR-C,107.43,2026-01-04
SKU-00209,Item-00209,BR-D,119.4,2026-01-04
SKU-00209,Item-00209,BR-E,170.53,2026-01-04
SKU-00210,Item-00210,BR-A,257.27,2026-01-04
SKU-00210,Item-00210,BR-B,229.8,2026-01-04
SKU-00210,Item-00210,BR-C,233.43,2026-01-04
SKU-00210,Item-00210,BR-D,183.54,2026-01-04
SKU-00210,Item-00210,BR-E,230.04,2026-01-04
SKU-00211,Item-00211,BR-A,210.27,2026-01-04
SKU-00211,Item-00211,BR-B,240.95,2026-01-04
SKU-00211,Item-00211,BR-C,199.21,2026-01-04
SKU-00211,Item-00211,BR-D,167.35,2026-01-04
SKU-00211,Item-00211,BR-E,202.49,2026-01-04
SKU-00212,Item-00212,BR-A,27.64,2026-01-04
SKU-00212,Item-00212,BR-B,51.86,2026-01-04
SKU-00212,Item-00212,BR-C,45.71,2026-01-04
SKU-00212,Item-00212,BR-D,27.11,2026-01-04
SKU-00212,Item-00212,BR-E,48.93,2026-01-04
SKU-00213,Item-00213,BR-A,166.46,2026-01-04
SKU-00213,Item-00213,BR-B,155.64,2026-01-04
SKU-00213,Item-00213,BR-C,127.09,2026-01-04
SKU-00213,Item-00213,BR-D,185.0,2026-01-04
SKU-00213,Item-00213,BR-E,229.72,2026-01-04
SKU-00214,Item-00214,BR-A,162.11,2026-01-04
SKU-00214,Item-00214,BR-B,189.57,2026-01-04
SKU-00214,Item-00214,BR-C,146.11,2026-01-04
SKU-00214,Item-00214,BR-D,194.28,2026-01-04
SKU-00214,Item-00214,BR-E,101.5,2026-01-04
SKU-00215,Item-00215,BR-A,52.41,2026-01-04
SKU-00215,Item-00215,BR-B,52.85,2026-01-04
SKU-00215,Item-00215,BR-C,31.07,2026-01-04
SKU-00215,Item-00215,BR-D,54.62,2026-01-04
SKU-00215,Item-00215,BR-E,60.49,2026-01-04
SKU-00216,Item-00216,BR-A,42.29,2026-01-04
SKU-00216,Item-00216,BR-B,64.74,2026-01-04
SKU-00216,Item-00216,BR-C,91.09,2026-01-04
SKU-00216,Item-00216,BR-D,110.18,2026-01-04
SKU-00216,Item-00216,BR-E,89.15,2026-01-04
SKU-00217,Item-00217,BR-A,97.6,2026-01-04
SKU-00217,Item-00217,BR-B,242.79,2026-01-04
SKU-00217,Item-00217,BR-C,252.15,2026-01-04
SKU-00217,Item-00217,BR-D,169.03,2026-01-04
SKU-00217,Item-00217,BR-E,211.89,2026-01-04
SKU-00218,Item-00218,BR-A,34.24,2026-01-04
SKU-00218,Item-00218,BR-B,63.83,2026-01-04
SKU-00218,Item-00218,BR-C,37.63,2026-01-04
SKU-00218,Item-00218,BR-D,58.55,2026-01-04
SKU-00218,Item-00218,BR-E,43.74,2026-01-04
SKU-00219,Item-00219,BR-A,62.75,2026-01-04
SKU-00219,Item-00219,BR-B,88.02,2026-01-04
SKU-00219,Item-00219,BR-C,65.7,2026-01-04
SKU-00219,Item-00219,BR-D,42.52,2026-01-04
SKU-00219,Item-00219,BR-E,84.47,2026-01-04
SKU-00220,Item-00220,BR-A,41.44,2026-01-04
SKU-00220,Item-00220,BR-B,58.53,2026-01-04
SKU-00220,Item-00220,BR-C,40.85,2026-01-04
SKU-00220,Item-00220,BR-D,58.34,2026-01-04
SKU-00220,Item-00220,BR-E,61.67,2026-01-04
SKU-00221,Item-00221,BR-A,65.41,2026-01-04
SKU-00221,Item-00221,BR-B,104.19,2026-01-04
SKU-00221,Item-00221,BR-C,67.38,2026-01-04
SKU-00221,Item-00221,BR-D,74.67,2026-01-04
SKU-00221,Item-00221,BR-E,116.49,2026-01-04
SKU-00222,Item-00222,BR-A,200.18,2026-01-04
SKU-00222,Item-00222,BR-B,154.75,2026-01-04
SKU-00222,Item-00222,BR-C,170.86,2026-01-04
SKU-00222,Item-00222,BR-D,202.52,2026-01-04
SKU-00222,Item-00222,BR-E,188.5,2026-01-04
SKU-00223,Item-00223,BR-A,104.05,2026-01-04
SKU-00223,Item-00223,BR-B,93.26,2026-01-04
SKU-00223,Item-00223,BR-C,75.52,2026-01-04
SKU-00223,Item-00223,BR-D,47.41,2026-01-04
SKU-00223,Item-00223,BR-E,61.22,2026-01-04
SKU-00224,Item-00224,BR-A,120.0,2026-01-04
SKU-00224,Item-00224,BR-B,71.23,2026-01-04
SKU-00224,Item-00224,BR-C,92.87,2026-01-04
SKU-00224,Item-00224,BR-D,75.7,2026-01-04
SKU-00224,Item-00224,BR-E,46.87,2026-01-04
SKU-00225,Item-00225,BR-A,93.46,2026-01-04
SKU-00225,Item-00225,BR-B,46.89,2026-01-04
SKU-00225,Item-00225,BR-C,42.68,2026-01-04
SKU-00225,Item-00225,BR-D,43.33,2026-01-04
SKU-00225,Item-00225,BR-E,98.98,2026-01-04
SKU-00226,Item-00226,BR-A,26.39,2026-01-04
SKU-00226,Item-00226,BR-B,33.76,2026-01-04
SKU-00226,Item-00226,BR-C,39.51,2026-01-04
SKU-00226,Item-00226,BR-D,35.02,2026-01-04
SKU-00226,Item-00226,BR-E,33.05,2026-01-04
SKU-00227,Item-00227,BR-A,29.42,2026-01-04
SKU-00227,Item-00227,BR-B,54.6,2026-01-04
SKU-00227,Item-00227,BR-C,27.04,2026-01-04
SKU-00227,Item-00227,BR-D,54.32,2026-01-04
SKU-00227,Item-00227,BR-E,49.13,2026-01-04
SKU-00228,Item-00228,BR-A,10.72,2026-01-04
SKU-00228,Item-00228,BR-B,6.74,2026-01-04
SKU-00228,Item-00228,BR-C,12.86,2026-01-04
SKU-00228,Item-00228,BR-D,7.3,2026-01-04
SKU-00228,Item-00228,BR-E,15.49,2026-01-04
SKU-00229,Item-00229,BR-A,42.76,2026-01-04
SKU-00229,Item-00229,BR-B,91.05,2026-01-04
SKU-00229,Item-00229,BR-C,80.08,2026-01-04
SKU-00229,Item-00229,BR-D,96.46,2026-01-04
SKU-00229,Item-00229,BR-E,102.25,2026-01-04
SKU-00230,Item-00230,BR-A,74.98,2026-01-04
SKU-00230,Item-00230,BR-B,107.92,2026-01-04
SKU-00230,Item-00230,BR-C,79.91,2026-01-04
SKU-00230,Item-00230,BR-D,133.23,2026-01-04
SKU-00230,Item-00230,BR-E,97.02,2026-01-04
SKU-00231,Item-00231,BR-A,19.19,2026-01-04
SKU-00231,Item-00231,BR-B,20.56,2026-01-04
SKU-00231,Item-00231,BR-C,25.38,2026-01-04
SKU-00231,Item-00231,BR-D,21.44,2026-01-04
SKU-00231,Item-00231,BR-E,19.23,2026-01-04
SKU-00232,Item-00232,BR-A,36.79,2026-01-04
SKU-00232,Item-00232,BR-B,71.02,2026-01-04
SKU-00232,Item-00232,BR-C,70.75,2026-01-04
SKU-00232,Item-00232,BR-D,38.38,2026-01-04
SKU-00232,Item-00232,BR-E,58.85,2026-01-04
SKU-00233,Item-00233,BR-A,4.86,2026-01-04
SKU-00233,Item-00233,BR-B,5.02,2026-01-04
SKU-00233,Item-00233,BR-C,3.09,2026-01-04
SKU-00233,Item-00233,BR-D,5.61,2026-01-04
SKU-00233,Item-00233,BR-E,5.96,2026-01-04
SKU-00234,Item-00234,BR-A,121.41,2026-01-04
SKU-00234,Item-00234,BR-B,127.97,2026-01-04
SKU-00234,Item-00234,BR-C,146.7,2026-01-04
SKU-00234,Item-00234,BR-D,82.53,2026-01-04
SKU-00234,Item-00234,BR-E,97.85,2026-01-04
SKU-00235,Item-00235,BR-A,93.17,2026-01-04
SKU-00235,Item-00235,BR-B,106.46,2026-01-04
SKU-00235,Item-00235,BR-C,86.72,2026-01-04
SKU-00235,Item-00235,BR-D,75.99,2026-01-04
SKU-00235,Item-00235,BR-E,100.69,2026-01-04
SKU-00236,Item-00236,BR-A,205.41,2026-01-04
SKU-00236,Item-00236,BR-B,187.51,2026-01-04
SKU-00236,Item-00236,BR-C,164.98,2026-01-04
SKU-00236,Item-00236,BR-D,214.32,2026-01-04
SKU-00236,Item-00236,BR-E,203.25,2026-01-04
SKU-00237,Item-00237,BR-A,83.18,2026-01-04
SKU-00237,Item-00237,BR-B,74.48,2026-01-04
SKU-00237,Item-00237,BR-C,118.8,2026-01-04
SKU-00237,Item-00237,BR-D,112.48,2026-01-04
SKU-00237,Item-00237,BR-E,74.94,2026-01-04
SKU-00238,Item-00238,BR-A,87.21,2026-01-04
SKU-00238,Item-00238,BR-B,186.82,2026-01-04
SKU-00238,Item-00238,BR-C,118.34,2026-01-04
SKU-00238,Item-00238,BR-D,92.84,2026-01-04
SKU-00238,Item-00238,BR-E,108.77,2026-01-04
SKU-00239,Item-00239,BR-A,114.85,2026-01-04
SKU-00239,Item-00239,BR-B,87.59,2026-01-04
SKU-00239,Item-00239,BR-C,76.82,2026-01-04
SKU-00239,Item-00239,BR-D,149.02,2026-01-04
SKU-00239,Item-00239,BR-E,147.17,2026-01-04
SKU-00240,Item-00240,BR-A,52.26,2026-01-04
SKU-00240,Item-00240,BR-B,82.17,2026-01-04
SKU-00240,Item-00240,BR-C,40.13,2026-01-04
SKU-00240,Item-00240,BR-D,93.3,2026-01-04
SKU-00240,Item-00240,BR-E,99.69,2026-01-04
SKU-00241,Item-00241,BR-A,67.36,2026-01-04
SKU-00241,Item-00241,BR-B,122.35,2026-01-04
SKU-00241,Item-00241,BR-C,152.87,2026-01-04
SKU-00241,Item-00241,BR-D,161.51,2026-01-04
SKU-00241,Item-00241,BR-E,114.08,2026-01-04
SKU-00242,Item-00242,BR-A,78.99,2026-01-04
SKU-00242,Item-00242,BR-B,50.13,2026-01-04
SKU-00242,Item-00242,BR-C,104.12,2026-01-04
SKU-00242,Item-00242,BR-D,54.7,2026-01-04
SKU-00242,Item-00242,BR-E,85.04,2026-01-04
SKU-00243,Item-00243,BR-A,194.18,2026-01-04
SKU-00243,Item-00243,BR-B,106.91,2026-01-04
SKU-00243,Item-00243,BR-C,75.82,2026-01-04
SKU-00243,Item-00243,BR-D,116.91,2026-01-04
SKU-00243,Item-00243,BR-E,106.62,2026-01-04
SKU-00244,Item-00244,BR-A,106.11,2026-01-04
SKU-00244,Item-00244,BR-B,158.4,2026-01-04
SKU-00244,Item-00244,BR-C,82.38,2026-01-04
SKU-00244,Item-00244,BR-D,131.95,2026-01-04
SKU-00244,Item-00244,BR-E,154.65,2026-01-04
SKU-00245,Item-00245,BR-A,119.22,2026-01-04
SKU-00245,Item-00245,BR-B,97.96,2026-01-04
SKU-00245,Item-00245,BR-C,115.48,2026-01-04
SKU-00245,Item-00245,BR-D,63.1,2026-01-04
SKU-00245,Item-00245,BR-E,49.83,2026-01-04
SKU-00246,Item-00246,BR-A,92.18,2026-01-04
SKU-00246,Item-00246,BR-B,89.47,2026-01-04
SKU-00246,Item-00246,BR-C,76.99,2026-01-04
SKU-00246,Item-00246,BR-D,80.86,2026-01-04
SKU-00246,Item-00246,BR-E,35.58,2026-01-04
SKU-00247,Item-00247,BR-A,130.77,2026-01-04
SKU-00247,Item-00247,BR-B,128.09,2026-01-04
SKU-00247,Item-00247,BR-C,97.82,2026-01-04
SKU-00247,Item-00247,BR-D,99.05,2026-01-04
SKU-00247,Item-00247,BR-E,53.28,2026-01-04
SKU-00248,Item-00248,BR-A,101.16,2026-01-04
SKU-00248,Item-00248,BR-B,137.84,2026-01-04
SKU-00248,Item-00248,BR-C,75.09,2026-01-04
SKU-00248,Item-00248,BR-D,53.85,2026-01-04
SKU-00248,Item-00248,BR-E,53.28,2026-01-04
SKU-00249,Item-00249,BR-A,139.12,2026-01-04
SKU-00249,Item-00249,BR-B,158.1,2026-01-04
SKU-00249,Item-00249,BR-C,129.0,2026-01-04
SKU-00249,Item-00249,BR-D,111.96,2026-01-04
SKU-00249,Item-00249,BR-E,184.63,2026-01-04
SKU-00250,Item-00250,BR-A,142.51,2026-01-04
SKU-00250,Item-00250,BR-B,52.84,2026-01-04
SKU-00250,Item-00250,BR-C,56.04,2026-01-04
SKU-00250,Item-00250,BR-D,123.83,2026-01-04
SKU-00250,Item-00250,BR-E,127.4,2026-01-04
SKU-00251,Item-00251,BR-A,139.3,2026-01-04
SKU-00251,Item-00251,BR-B,181.66,2026-01-04
SKU-00251,Item-00251,BR-C,158.49,2026-01-04
SKU-00251,Item-00251,BR-D,165.76,2026-01-04
SKU-00251,Item-00251,BR-E,141.68,2026-01-04
SKU-00252,Item-00252,BR-A,60.5,2026-01-04
SKU-00252,Item-00252,BR-B,133.6,2026-01-04
SKU-00252,Item-00252,BR-C,126.4,2026-01-04
SKU-00252,Item-00252,BR-D,99.18,2026-01-04
SKU-00252,Item-00252,BR-E,98.88,2026-01-04
SKU-00253,Item-00253,BR-A,14.68,2026-01-04
SKU-00253,Item-00253,BR-B,21.2,2026-01-04
SKU-00253,Item-00253,BR-C,31.17,2026-01-04
SKU-00253,Item-00253,BR-D,33.02,2026-01-04
SKU-00253,Item-00253,BR-E,19.67,2026-01-04
SKU-00254,Item-00254,BR-A,96.98,2026-01-04
SKU-00254,Item-00254,BR-B,129.16,2026-01-04
SKU-00254,Item-00254,BR-C,79.0,2026-01-04
SKU-00254,Item-00254,BR-D,102.07,2026-01-04
SKU-00254,Item-00254,BR-E,149.3,2026-01-04
SKU-00255,Item-00255,BR-A,121.02,2026-01-04
SKU-00255,Item-00255,BR-B,203.28,2026-01-04
SKU-00255,Item-00255,BR-C,225.55,2026-01-04
SKU-00255,Item-00255,BR-D,210.51,2026-01-04
SKU-00255,Item-00255,BR-E,174.92,2026-01-04
SKU-00256,Item-00256,BR-A,13.12,2026-01-04
SKU-00256,Item-00256,BR-B,4.75,2026-01-04
SKU-00256,Item-00256,BR-C,10.8,2026-01-04
SKU-00256,Item-00256,BR-D,11.59,2026-01-04
SKU-00256,Item-00256,BR-E,5.28,2026-01-04
SKU-00257,Item-00257,BR-A,127.63,2026-01-04
SKU-00257,Item-00257,BR-B,137.97,2026-01-04
SKU-00257,Item-00257,BR-C,111.71,2026-01-04
SKU-00257,Item-00257,BR-D,170.41,2026-01-04
SKU-00257,Item-00257,BR-E,229.04,2026-01-04
SKU-00258,Item-00258,BR-A,71.12,2026-01-04
SKU-00258,Item-00258,BR-B,75.5,2026-01-04
SKU-00258,Item-00258,BR-C,104.01,2026-01-04
SKU-00258,Item-00258,BR-D,92.43,2026-01-04
SKU-00258,Item-00258,BR-E,60.05,2026-01-04
SKU-00259,Item-00259,BR-A,86.86,2026-01-04
SKU-00259,Item-00259,BR-B,111.34,2026-01-04
SKU-00259,Item-00259,BR-C,152.77,2026-01-04
SKU-00259,Item-00259,BR-D,145.89,2026-01-04
SKU-00259,Item-00259,BR-E,179.82,2026-01-04
SKU-00260,Item-00260,BR-A,88.12,2026-01-04
SKU-00260,Item-00260,BR-B,143.05,2026-01-04
SKU-00260,Item-00260,BR-C,74.67,2026-01-04
SKU-00260,Item-00260,BR-D,123.17,2026-01-04
SKU-00260,Item-00260,BR-E,145.64,2026-01-04
SKU-00261,Item-00261,BR-A,42.34,2026-01-04
SKU-00261,Item-00261,BR-B,26.69,2026-01-04
SKU-00261,Item-00261,BR-C,38.28,2026-01-04
SKU-00261,Item-00261,BR-D,34.21,2026-01-04
SKU-00261,Item-00261,BR-E,25.88,2026-01-04
SKU-00262,Item-00262,BR-A,215.67,2026-01-04
SKU-00262,Item-00262,BR-B,181.77,2026-01-04
SKU-00262,Item-00262,BR-C,103.36,2026-01-04
SKU-00262,Item-00262,BR-D,251.03,2026-01-04
SKU-00262,Item-00262,BR-E,217.02,2026-01-04
SKU-00263,Item-00263,BR-A,177.09,2026-01-04
SKU-00263,Item-00263,BR-B,124.88,2026-01-04
SKU-00263,Item-00263,BR-C,113.25,2026-01-04
SKU-00263,Item-00263,BR-D,103.11,2026-01-04
SKU-00263,Item-00263,BR-E,231.13,2026-01-04
SKU-00264,Item-00264,BR-A,28.89,2026-01-04
SKU-00264,Item-00264,BR-B,48.1,2026-01-04
SKU-00264,Item-00264,BR-C,28.15,2026-01-04
SKU-00264,Item-00264,BR-D,34.22,2026-01-04
SKU-00264,Item-00264,BR-E,50.9,2026-01-04
SKU-00265,Item-00265,BR-A,63.07,2026-01-04
SKU-00265,Item-00265,BR-B,140.55,2026-01-04
SKU-00265,Item-00265,BR-C,114.64,2026-01-04
SKU-00265,Item-00265,BR-D,110.15,2026-01-04
SKU-00265,Item-00265,BR-E,91.97,2026-01-04
SKU-00266,Item-00266,BR-A,33.6,2026-01-04
SKU-00266,Item-00266,BR-B,53.4,2026-01-04
SKU-00266,Item-00266,BR-C,29.46,2026-01-04
SKU-00266,Item-00266,BR-D,42.03,2026-01-04
SKU-00266,Item-00266,BR-E,47.5,2026-01-04
SKU-00267,Item-00267,BR-A,124.45,2026-01-04
SKU-00267,Item-00267,BR-B,56.77,2026-01-04
SKU-00267,Item-00267,BR-C,74.5,2026-01-04
SKU-00267,Item-00267,BR-D,104.64,2026-01-04
SKU-00267,Item-00267,BR-E,94.21,2026-01-04
SKU-00268,Item-00268,BR-A,184.16,2026-01-04
SKU-00268,Item-00268,BR-B,121.33,2026-01-04
SKU-00268,Item-00268,BR-C,76.61,2026-01-04
SKU-00268,Item-00268,BR-D,97.81,2026-01-04
SKU-00268,Item-00268,BR-E,95.01,2026-01-04
SKU-00269,Item-00269,BR-A,114.07,2026-01-04
SKU-00269,Item-00269,BR-B,69.5,2026-01-04
SKU-00269,Item-00269,BR-C,99.25,2026-01-04
SKU-00269,Item-00269,BR-D,127.06,2026-01-04
SKU-00269,Item-00269,BR-E,104.27,2026-01-04
SKU-00270,Item-00270,BR-A,68.32,2026-01-04
SKU-00270,Item-00270,BR-B,138.85,2026-01-04
SKU-00270,Item-00270,BR-C,173.27,2026-01-04
SKU-00270,Item-00270,BR-D,176.84,2026-01-04
SKU-00270,Item-00270,BR-E,175.0,2026-01-04
SKU-00271,Item-00271,BR-A,115.19,2026-01-04
SKU-00271,Item-00271,BR-B,96.46,2026-01-04
SKU-00271,Item-00271,BR-C,110.67,2026-01-04
SKU-00271,Item-00271,BR-D,75.11,2026-01-04
SKU-00271,Item-00271,BR-E,116.82,2026-01-04
SKU-00272,Item-00272,BR-A,86.6,2026-01-04
SKU-00272,Item-00272,BR-B,86.02,2026-01-04
SKU-00272,Item-00272,BR-C,112.89,2026-01-04
SKU-00272,Item-00272,BR-D,113.44,2026-01-04
SKU-00272,Item-00272,BR-E,53.04,2026-01-04
SKU-00273,Item-00273,BR-A,94.55,2026-01-04
SKU-00273,Item-00273,BR-B,135.27,2026-01-04
SKU-00273,Item-00273,BR-C,183.91,2026-01-04
SKU-00273,Item-00273,BR-D,177.59,2026-01-04
SKU-00273,Item-00273,BR-E,203.94,2026-01-04
SKU-00274,Item-00274,BR-A,132.82,2026-01-04
SKU-00274,Item-00274,BR-B,90.14,2026-01-04
SKU-00274,Item-00274,BR-C,99.95,2026-01-04
SKU-00274,Item-00274,BR-D,99.56,2026-01-04
SKU-00274,Item-00274,BR-E,95.12,2026-01-04
SKU-00275,Item-00275,BR-A,115.28,2026-01-04
SKU-00275,Item-00275,BR-B,151.25,2026-01-04
SKU-00275,Item-00275,BR-C,211.17,2026-01-04
SKU-00275,Item-00275,BR-D,240.61,2026-01-04
SKU-00275,Item-00275,BR-E,110.24,2026-01-04
SKU-00276,Item-00276,BR-A,83.2,2026-01-04
SKU-00276,Item-00276,BR-B,201.08,2026-01-04
SKU-00276,Item-00276,BR-C,223.83,2026-01-04
SKU-00276,Item-00276,BR-D,93.77,2026-01-04
SKU-00276,Item-00276,BR-E,118.48,2026-01-04
SKU-00277,Item-00277,BR-A,104.3,2026-01-04
SKU-00277,Item-00277,BR-B,84.5,2026-01-04
SKU-00277,Item-00277,BR-C,90.0,2026-01-04
SKU-00277,Item-00277,BR-D,111.32,2026-01-04
SKU-00277,Item-00277,BR-E,86.83,2026-01-04
SKU-00278,Item-00278,BR-A,67.57,2026-01-04
SKU-00278,Item-00278,BR-B,74.52,2026-01-04
SKU-00278,Item-00278,BR-C,76.09,2026-01-04
SKU-00278,Item-00278,BR-D,64.68,2026-01-04
SKU-00278,Item-00278,BR-E,37.39,2026-01-04
SKU-00279,Item-00279,BR-A,155.27,2026-01-04
SKU-00279,Item-00279,BR-B,120.56,2026-01-04
SKU-00279,Item-00279,BR-C,112.63,2026-01-04
SKU-00279,Item-00279,BR-D,100.61,2026-01-04
SKU-00279,Item-00279,BR-E,140.44,2026-01-04
SKU-00280,Item-00280,BR-A,54.56,2026-01-04
SKU-00280,Item-00280,BR-B,56.04,2026-01-04
SKU-00280,Item-00280,BR-C,83.9,2026-01-04
SKU-00280,Item-00280,BR-D,56.81,2026-01-04
SKU-00280,Item-00280,BR-E,77.12,2026-01-04
SKU-00281,Item-00281,BR-A,132.04,2026-01-04
SKU-00281,Item-00281,BR-B,104.24,2026-01-04
SKU-00281,Item-00281,BR-C,257.92,2026-01-04
SKU-00281,Item-00281,BR-D,142.27,2026-01-04
SKU-00281,Item-00281,BR-E,200.57,2026-01-04
SKU-00282,Item-00282,BR-A,25.82,2026-01-04
SKU-00282,Item-00282,BR-B,18.25,2026-01-04
SKU-00282,Item-00282,BR-C,21.76,2026-01-04
SKU-00282,Item-00282,BR-D,39.51,2026-01-04
SKU-00282,Item-00282,BR-E,24.67,2026-01-04
SKU-00283,Item-00283,BR-A,108.51,2026-01-04
SKU-00283,Item-00283,BR-B,51.32,2026-01-04
SKU-00283,Item-00283,BR-C,90.1,2026-01-04
SKU-00283,Item-00283,BR-D,52.83,2026-01-04
SKU-00283,Item-00283,BR-E,89.15,2026-01-04
SKU-00284,Item-00284,BR-A,81.64,2026-01-04
SKU-00284,Item-00284,BR-B,90.65,2026-01-04
SKU-00284,Item-00284,BR-C,80.11,2026-01-04
SKU-00284,Item-00284,BR-D,169.79,2026-01-04
SKU-00284,Item-00284,BR-E,194.24,2026-01-04
SKU-00285,Item-00285,BR-A,93.05,2026-01-04
SKU-00285,Item-00285,BR-B,48.29,2026-01-04
SKU-00285,Item-00285,BR-C,104.48,2026-01-04
SKU-00285,Item-00285,BR-D,49.86,2026-01-04
SKU-00285,Item-00285,BR-E,104.25,2026-01-04
SKU-00286,Item-00286,BR-A,85.84,2026-01-04
SKU-00286,Item-00286,BR-B,85.67,2026-01-04
SKU-00286,Item-00286,BR-C,130.98,2026-01-04
SKU-00286,Item-00286,BR-D,150.26,2026-01-04
SKU-00286,Item-00286,BR-E,95.99,2026-01-04
SKU-00287,Item-00287,BR-A,19.93,2026-01-04
SKU-00287,Item-00287,BR-B,18.07,2026-01-04
SKU-00287,Item-00287,BR-C,14.09,2026-01-04
SKU-00287,Item-00287,BR-D,9.77,2026-01-04
SKU-00287,Item-00287,BR-E,15.58,2026-01-04
SKU-00288,Item-00288,BR-A,82.27,2026-01-04
SKU-00288,Item-00288,BR-B,60.79,2026-01-04
SKU-00288,Item-00288,BR-C,67.75,2026-01-04
SKU-00288,Item-00288,BR-D,71.32,2026-01-04
SKU-00288,Item-00288,BR-E,106.7,2026-01-04
SKU-00289,Item-00289,BR-A,159.93,2026-01-04
SKU-00289,Item-00289,BR-B,197.79,2026-01-04
SKU-00289,Item-00289,BR-C,237.0,2026-01-04
SKU-00289,Item-00289,BR-D,114.21,2026-01-04
SKU-00289,Item-00289,BR-E,144.95,2026-01-04
SKU-00290,Item-00290,BR-A,126.07,2026-01-04
SKU-00290,Item-00290,BR-B,83.0,2026-01-04
SKU-00290,Item-00290,BR-C,89.96,2026-01-04
SKU-00290,Item-00290,BR-D,113.13,2026-01-04
SKU-00290,Item-00290,BR-E,95.9,2026-01-04
SKU-00291,Item-00291,BR-A,92.18,2026-01-04
SKU-00291,Item-00291,BR-B,70.75,2026-01-04
SKU-00291,Item-00291,BR-C,42.6,2026-01-04
SKU-00291,Item-00291,BR-D,35.55,2026-01-04
SKU-00291,Item-00291,BR-E,89.55,2026-01-04
SKU-00292,Item-00292,BR-A,242.28,2026-01-04
SKU-00292,Item-00292,BR-B,94.22,2026-01-04
SKU-00292,Item-00292,BR-C,191.69,2026-01-04
SKU-00292,Item-00292,BR-D,224.93,2026-01-04
SKU-00292,Item-00292,BR-E,175.28,2026-01-04
SKU-00293,Item-00293,BR-A,140.81,2026-01-04
SKU-00293,Item-00293,BR-B,111.71,2026-01-04
SKU-00293,Item-00293,BR-C,119.53,2026-01-04
SKU-00293,Item-00293,BR-D,94.19,2026-01-04
SKU-00293,Item-00293,BR-E,80.4,2026-01-04
SKU-00294,Item-00294,BR-A,214.66,2026-01-04
SKU-00294,Item-00294,BR-B,89.53,2026-01-04
SKU-00294,Item-00294,BR-C,198.28,2026-01-04
SKU-00294,Item-00294,BR-D,144.17,2026-01-04
SKU-00294,Item-00294,BR-E,240.86,2026-01-04
SKU-00295,Item-00295,BR-A,59.99,2026-01-04
SKU-00295,Item-00295,BR-B,59.88,2026-01-04
SKU-00295,Item-00295,BR-C,143.33,2026-01-04
SKU-00295,Item-00295,BR-D,74.2,2026-01-04
SKU-00295,Item-00295,BR-E,101.32,2026-01-04
SKU-00296,Item-00296,BR-A,97.08,2026-01-04
SKU-00296,Item-00296,BR-B,94.79,2026-01-04
SKU-00296,Item-00296,BR-C,83.44,2026-01-04
SKU-00296,Item-00296,BR-D,110.91,2026-01-04
SKU-00296,Item-00296,BR-E,120.91,2026-01-04
SKU-00297,Item-00297,BR-A,83.44,2026-01-04
SKU-00297,Item-00297,BR-B,46.17,2026-01-04
SKU-00297,Item-00297,BR-C,79.1,2026-01-04
SKU-00297,Item-00297,BR-D,83.18,2026-01-04
SKU-00297,Item-00297,BR-E,76.65,2026-01-04
SKU-00298,Item-00298,BR-A,114.97,2026-01-04
SKU-00298,Item-00298,BR-B,195.66,2026-01-04
SKU-00298,Item-00298,BR-C,118.37,2026-01-04
SKU-00298,Item-00298,BR-D,111.39,2026-01-04
SKU-00298,Item-00298,BR-E,111.25,2026-01-04
SKU-00299,Item-00299,BR-A,234.65,2026-01-04
SKU-00299,Item-00299,BR-B,161.77,2026-01-04
SKU-00299,Item-00299,BR-C,178.63,2026-01-04
SKU-00299,Item-00299,BR-D,231.16,2026-01-04
SKU-00299,Item-00299,BR-E,117.48,2026-01-04
SKU-00300,Item-00300,BR-A,7.09,2026-01-04
SKU-00300,Item-00300,BR-B,11.57,2026-01-04
SKU-00300,Item-00300,BR-C,12.91,2026-01-04
SKU-00300,Item-00300,BR-D,8.19,2026-01-04
SKU-00300,Item-00300,BR-E,8.1,2026-01-04
SKU-00301,Item-00301,BR-A,122.16,2026-01-04
SKU-00301,Item-00301,BR-B,170.01,2026-01-04
SKU-00301,Item-00301,BR-C,139.44,2026-01-04
SKU-00301,Item-00301,BR-D,133.81,2026-01-04
SKU-00301,Item-00301,BR-E,115.53,2026-01-04
SKU-00302,Item-00302,BR-A,19.04,2026-01-04
SKU-00302,Item-00302,BR-B,22.03,2026-01-04
SKU-00302,Item-00302,BR-C,27.15,2026-01-04
SKU-00302,Item-00302,BR-D,13.2,2026-01-04
SKU-00302,Item-00302,BR-E,21.4,2026-01-04
SKU-00303,Item-00303,BR-A,39.14,2026-01-04
SKU-00303,Item-00303,BR-B,28.16,2026-01-04
SKU-00303,Item-00303,BR-C,33.44,2026-01-04
SKU-00303,Item-00303,BR-D,20.14,2026-01-04
SKU-00303,Item-00303,BR-E,23.78,2026-01-04
SKU-00304,Item-00304,BR-A,31.87,2026-01-04
SKU-00304,Item-00304,BR-B,32.91,2026-01-04
SKU-00304,Item-00304,BR-C,23.94,2026-01-04
SKU-00304,Item-00304,BR-D,37.05,2026-01-04
SKU-00304,Item-00304,BR-E,58.75,2026-01-04
SKU-00305,Item-00305,BR-A,85.05,2026-01-04
SKU-00305,Item-00305,BR-B,89.37,2026-01-04
SKU-00305,Item-00305,BR-C,100.05,2026-01-04
SKU-00305,Item-00305,BR-D,109.76,2026-01-04
SKU-00305,Item-00305,BR-E,107.97,2026-01-04
SKU-00306,Item-00306,BR-A,50.27,2026-01-04
SKU-00306,Item-00306,BR-B,59.82,2026-01-04
SKU-00306,Item-00306,BR-C,72.76,2026-01-04
SKU-00306,Item-00306,BR-D,99.18,2026-01-04
SKU-00306,Item-00306,BR-E,133.26,2026-01-04
SKU-00307,Item-00307,BR-A,191.39,2026-01-04
SKU-00307,Item-00307,BR-B,99.31,2026-01-04
SKU-00307,Item-00307,BR-C,85.52,2026-01-04
SKU-00307,Item-00307,BR-D,144.87,2026-01-04
SKU-00307,Item-00307,BR-E,183.5,2026-01-04
SKU-00308,Item-00308,BR-A,87.23,2026-01-04
SKU-00308,Item-00308,BR-B,38.28,2026-01-04
SKU-00308,Item-00308,BR-C,80.2,2026-01-04
SKU-00308,Item-00308,BR-D,83.16,2026-01-04
SKU-00308,Item-00308,BR-E,82.34,2026-01-04
SKU-00309,Item-00309,BR-A,46.54,2026-01-04
SKU-00309,Item-00309,BR-B,49.04,2026-01-04
SKU-00309,Item-00309,BR-C,57.1,2026-01-04
SKU-00309,Item-00309,BR-D,65.19,2026-01-04
SKU-00309,Item-00309,BR-E,34.28,2026-01-04
SKU-00310,Item-00310,BR-A,134.59,2026-01-04
SKU-00310,Item-00310,BR-B,134.67,2026-01-04
SKU-00310,Item-00310,BR-C,105.91,2026-01-04
SKU-00310,Item-00310,BR-D,108.27,2026-01-04
SKU-00310,Item-00310,BR-E,143.65,2026-01-04
SKU-00311,Item-00311,BR-A,8.12,2026-01-04
SKU-00311,Item-00311,BR-B,17.77,2026-01-04
SKU-00311,Item-00311,BR-C,12.43,2026-01-04
SKU-00311,Item-00311,BR-D,13.73,2026-01-04
SKU-00311,Item-00311,BR-E,13.18,2026-01-04
SKU-00312,Item-00312,BR-A,46.25,2026-01-04
SKU-00312,Item-00312,BR-B,64.27,2026-01-04
SKU-00312,Item-00312,BR-C,38.74,2026-01-04
SKU-00312,Item-00312,BR-D,47.53,2026-01-04
SKU-00312,Item-00312,BR-E,31.5,2026-01-04
SKU-00313,Item-00313,BR-A,110.55,2026-01-04
SKU-00313,Item-00313,BR-B,199.76,2026-01-04
SKU-00313,Item-00313,BR-C,222.79,2026-01-04
SKU-00313,Item-00313,BR-D,225.89,2026-01-04
SKU-00313,Item-00313,BR-E,95.29,2026-01-04
SKU-00314,Item-00314,BR-A,212.34,2026-01-04
SKU-00314,Item-00314,BR-B,167.62,2026-01-04
SKU-00314,Item-00314,BR-C,134.5,2026-01-04
SKU-00314,Item-00314,BR-D,175.89,2026-01-04
SKU-00314,Item-00314,BR-E,135.9,2026-01-04
SKU-00315,Item-00315,BR-A,41.03,2026-01-04
SKU-00315,Item-00315,BR-B,43.97,2026-01-04
SKU-00315,Item-00315,BR-C,47.3,2026-01-04
SKU-00315,Item-00315,BR-D,62.28,2026-01-04
SKU-00315,Item-00315,BR-E,26.68,2026-01-04
SKU-00316,Item-00316,BR-A,102.46,2026-01-04
SKU-00316,Item-00316,BR-B,107.83,2026-01-04
SKU-00316,Item-00316,BR-C,135.17,2026-01-04
SKU-00316,Item-00316,BR-D,176.01,2026-01-04
SKU-00316,Item-00316,BR-E,137.09,2026-01-04
SKU-00317,Item-00317,BR-A,38.82,2026-01-04
SKU-00317,Item-00317,BR-B,27.1,2026-01-04
SKU-00317,Item-00317,BR-C,24.18,2026-01-04
SKU-00317,Item-00317,BR-D,24.07,2026-01-04
SKU-00317,Item-00317,BR-E,20.13,2026-01-04
SKU-00318,Item-00318,BR-A,76.12,2026-01-04
SKU-00318,Item-00318,BR-B,151.03,2026-01-04
SKU-00318,Item-00318,BR-C,142.17,2026-01-04
SKU-00318,Item-00318,BR-D,170.59,2026-01-04
SKU-00318,Item-00318,BR-E,83.66,2026-01-04
SKU-00319,Item-00319,BR-A,98.17,2026-01-04
SKU-00319,Item-00319,BR-B,103.36,2026-01-04
SKU-00319,Item-00319,BR-C,107.11,2026-01-04
SKU-00319,Item-00319,BR-D,59.21,2026-01-04
SKU-00319,Item-00319,BR-E,76.41,2026-01-04
SKU-00320,Item-00320,BR-A,98.82,2026-01-04
SKU-00320,Item-00320,BR-B,122.18,2026-01-04
SKU-00320,Item-00320,BR-C,147.01,2026-01-04
SKU-00320,Item-00320,BR-D,214.16,2026-01-04
SKU-00320,Item-00320,BR-E,124.38,2026-01-04
SKU-00321,Item-00321,BR-A,174.35,2026-01-04
SKU-00321,Item-00321,BR-B,182.86,2026-01-04
SKU-00321,Item-00321,BR-C,154.68,2026-01-04
SKU-00321,Item-00321,BR-D,175.16,2026-01-04
SKU-00321,Item-00321,BR-E,144.26,2026-01-04
SKU-00322,Item-00322,BR-A,103.61,2026-01-04
SKU-00322,Item-00322,BR-B,113.65,2026-01-04
SKU-00322,Item-00322,BR-C,210.02,2026-01-04
SKU-00322,Item-00322,BR-D,197.22,2026-01-04
SKU-00322,Item-00322,BR-E,86.28,2026-01-04
SKU-00323,Item-00323,BR-A,271.25,2026-01-04
SKU-00323,Item-00323,BR-B,282.04,2026-01-04
SKU-00323,Item-00323,BR-C,202.98,2026-01-04
SKU-00323,Item-00323,BR-D,251.76,2026-01-04
SKU-00323,Item-00323,BR-E,102.61,2026-01-04
SKU-00324,Item-00324,BR-A,157.02,2026-01-04
SKU-00324,Item-00324,BR-B,64.62,2026-01-04
SKU-00324,Item-00324,BR-C,84.94,2026-01-04
SKU-00324,Item-00324,BR-D,169.54,2026-01-04
SKU-00324,Item-00324,BR-E,127.09,2026-01-04
SKU-00325,Item-00325,BR-A,144.69,2026-01-04
SKU-00325,Item-00325,BR-B,120.64,2026-01-04
SKU-00325,Item-00325,BR-C,155.96,2026-01-04
SKU-00325,Item-00325,BR-D,94.91,2026-01-04
SKU-00325,Item-00325,BR-E,73.8,2026-01-04
SKU-00326,Item-00326,BR-A,99.2,2026-01-04
SKU-00326,Item-00326,BR-B,110.23,2026-01-04
SKU-00326,Item-00326,BR-C,78.32,2026-01-04
SKU-00326,Item-00326,BR-D,77.36,2026-01-04
SKU-00326,Item-00326,BR-E,63.87,2026-01-04
SKU-00327,Item-00327,BR-A,25.9,2026-01-04
SKU-00327,Item-00327,BR-B,28.27,2026-01-04
SKU-00327,Item-00327,BR-C,23.45,2026-01-04
SKU-00327,Item-00327,BR-D,12.09,2026-01-04
SKU-00327,Item-00327,BR-E,16.47,2026-01-04
SKU-00328,Item-00328,BR-A,14.45,2026-01-04
SKU-00328,Item-00328,BR-B,31.16,2026-01-04
SKU-00328,Item-00328,BR-C,29.62,2026-01-04
SKU-00328,Item-00328,BR-D,20.25,2026-01-04
SKU-00328,Item-00328,BR-E,24.47,2026-01-04
SKU-00329,Item-00329,BR-A,135.54,2026-01-04
SKU-00329,Item-00329,BR-B,194.54,2026-01-04
SKU-00329,Item-00329,BR-C,174.94,2026-01-04
SKU-00329,Item-00329,BR-D,218.9,2026-01-04
SKU-00329,Item-00329,BR-E,207.21,2026-01-04
SKU-00330,Item-00330,BR-A,133.11,2026-01-04
SKU-00330,Item-00330,BR-B,228.26,2026-01-04
SKU-00330,Item-00330,BR-C,151.61,2026-01-04
SKU-00330,Item-00330,BR-D,229.45,2026-01-04
SKU-00330,Item-00330,BR-E,207.89,2026-01-04
SKU-00331,Item-00331,BR-A,60.09,2026-01-04
SKU-00331,Item-00331,BR-B,96.87,2026-01-04
SKU-00331,Item-00331,BR-C,84.21,2026-01-04
SKU-00331,Item-00331,BR-D,99.41,2026-01-04
SKU-00331,Item-00331,BR-E,40.3,2026-01-04
SKU-00332,Item-00332,BR-A,152.79,2026-01-04
SKU-00332,Item-00332,BR-B,71.18,2026-01-04
SKU-00332,Item-00332,BR-C,87.97,2026-01-04
SKU-00332,Item-00332,BR-D,119.14,2026-01-04
SKU-00332,Item-00332,BR-E,193.0,2026-01-04
SKU-00333,Item-00333,BR-A,121.93,2026-01-04
SKU-00333,Item-00333,BR-B,80.87,2026-01-04
SKU-00333,Item-00333,BR-C,69.42,2026-01-04
SKU-00333,Item-00333,BR-D,136.07,2026-01-04
SKU-00333,Item-00333,BR-E,127.99,2026-01-04
SKU-00334,Item-00334,BR-A,5.23,2026-01-04
SKU-00334,Item-00334,BR-B,4.69,2026-01-04
SKU-00334,Item-00334,BR-C,9.01,2026-01-04
SKU-00334,Item-00334,BR-D,9.49,2026-01-04
SKU-00334,Item-00334,BR-E,8.89,2026-01-04
SKU-00335,Item-00335,BR-A,207.44,2026-01-04
SKU-00335,Item-00335,BR-B,87.25,2026-01-04
SKU-00335,Item-00335,BR-C,97.56,2026-01-04
SKU-00335,Item-00335,BR-D,176.56,2026-01-04
SKU-00335,Item-00335,BR-E,120.32,2026-01-04
SKU-00336,Item-00336,BR-A,62.13,2026-01-04
SKU-00336,Item-00336,BR-B,82.95,2026-01-04
SKU-00336,Item-00336,BR-C,69.5,2026-01-04
SKU-00336,Item-00336,BR-D,79.66,2026-01-04
SKU-00336,Item-00336,BR-E,97.32,2026-01-04
SKU-00337,Item-00337,BR-A,147.4,2026-01-04
SKU-00337,Item-00337,BR-B,128.16,2026-01-04
SKU-00337,Item-00337,BR-C,149.81,2026-01-04
SKU-00337,Item-00337,BR-D,90.05,2026-01-04
SKU-00337,Item-00337,BR-E,105.09,2026-01-04
SKU-00338,Item-00338,BR-A,107.16,2026-01-04
SKU-00338,Item-00338,BR-B,115.53,2026-01-04
SKU-00338,Item-00338,BR-C,142.37,2026-01-04
SKU-00338,Item-00338,BR-D,185.73,2026-01-04
SKU-00338,Item-00338,BR-E,129.46,2026-01-04
SKU-00339,Item-00339,BR-A,33.65,2026-01-04
SKU-00339,Item-00339,BR-B,38.3,2026-01-04
SKU-00339,Item-00339,BR-C,23.86,2026-01-04
SKU-00339,Item-00339,BR-D,24.45,2026-01-04
SKU-00339,Item-00339,BR-E,53.33,2026-01-04
SKU-00340,Item-00340,BR-A,243.64,2026-01-04
SKU-00340,Item-00340,BR-B,155.54,2026-01-04
SKU-00340,Item-00340,BR-C,284.03,2026-01-04
SKU-00340,Item-00340,BR-D,162.73,2026-01-04
SKU-00340,Item-00340,BR-E,226.21,2026-01-04
SKU-00341,Item-00341,BR-A,79.53,2026-01-04
SKU-00341,Item-00341,BR-B,121.94,2026-01-04
SKU-00341,Item-00341,BR-C,104.21,2026-01-04
SKU-00341,Item-00341,BR-D,79.25,2026-01-04
SKU-00341,Item-00341,BR-E,150.17,2026-01-04
SKU-00342,Item-00342,BR-A,188.94,2026-01-04
SKU-00342,Item-00342,BR-B,199.41,2026-01-04
SKU-00342,Item-00342,BR-C,155.34,2026-01-04
SKU-00342,Item-00342,BR-D,204.12,2026-01-04
SKU-00342,Item-00342,BR-E,156.17,2026-01-04
SKU-00343,Item-00343,BR-A,82.79,2026-01-04
SKU-00343,Item-00343,BR-B,67.36,2026-01-04
SKU-00343,Item-00343,BR-C,72.24,2026-01-04
SKU-00343,Item-00343,BR-D,91.1,2026-01-04
SKU-00343,Item-00343,BR-E,124.4,2026-01-04
SKU-00344,Item-00344,BR-A,86.57,2026-01-04
SKU-00344,Item-00344,BR-B,39.26,2026-01-04
SKU-00344,Item-00344,BR-C,85.85,2026-01-04
SKU-00344,Item-00344,BR-D,52.42,2026-01-04
SKU-00344,Item-00344,BR-E,56.09,2026-01-04
SKU-00345,Item-00345,BR-A,151.22,2026-01-04
SKU-00345,Item-00345,BR-B,159.44,2026-01-04
SKU-00345,Item-00345,BR-C,152.41,2026-01-04
SKU-00345,Item-00345,BR-D,235.95,2026-01-04
SKU-00345,Item-00345,BR-E,131.21,2026-01-04
SKU-00346,Item-00346,BR-A,72.45,2026-01-04
SKU-00346,Item-00346,BR-B,50.24,2026-01-04
SKU-00346,Item-00346,BR-C,77.62,2026-01-04
SKU-00346,Item-00346,BR-D,48.45,2026-01-04
SKU-00346,Item-00346,BR-E,54.24,2026-01-04
SKU-00347,Item-00347,BR-A,56.04,2026-01-04
SKU-00347,Item-00347,BR-B,35.56,2026-01-04
SKU-00347,Item-00347,BR-C,37.56,2026-01-04
SKU-00347,Item-00347,BR-D,58.7,2026-01-04
SKU-00347,Item-00347,BR-E,74.97,2026-01-04
SKU-00348,Item-00348,BR-A,129.97,2026-01-04
SKU-00348,Item-00348,BR-B,97.96,2026-01-04
SKU-00348,Item-00348,BR-C,129.02,2026-01-04
SKU-00348,Item-00348,BR-D,63.01,2026-01-04
SKU-00348,Item-00348,BR-E,142.26,2026-01-04
SKU-00349,Item-00349,BR-A,91.51,2026-01-04
SKU-00349,Item-00349,BR-B,42.91,2026-01-04
SKU-00349,Item-00349,BR-C,84.85,2026-01-04
SKU-00349,Item-00349,BR-D,99.01,2026-01-04
SKU-00349,Item-00349,BR-E,89.09,2026-01-04
SKU-00350,Item-00350,BR-A,181.74,2026-01-04
SKU-00350,Item-00350,BR-B,198.74,2026-01-04
SKU-00350,Item-00350,BR-C,176.04,2026-01-04
SKU-00350,Item-00350,BR-D,149.97,2026-01-04
SKU-00350,Item-00350,BR-E,122.72,2026-01-04
SKU-00351,Item-00351,BR-A,67.54,2026-01-04
SKU-00351,Item-00351,BR-B,104.31,2026-01-04
SKU-00351,Item-00351,BR-C,135.78,2026-01-04
SKU-00351,Item-00351,BR-D,74.56,2026-01-04
SKU-00351,Item-00351,BR-E,130.1,2026-01-04
SKU-00352,Item-00352,BR-A,226.63,2026-01-04
SKU-00352,Item-00352,BR-B,136.05,2026-01-04
SKU-00352,Item-00352,BR-C,117.93,2026-01-04
SKU-00352,Item-00352,BR-D,198.9,2026-01-04
SKU-00352,Item-00352,BR-E,231.22,2026-01-04
SKU-00353,Item-00353,BR-A,32.94,2026-01-04
SKU-00353,Item-00353,BR-B,32.02,2026-01-04
SKU-00353,Item-00353,BR-C,84.78,2026-01-04
SKU-00353,Item-00353,BR-D,36.75,2026-01-04
SKU-00353,Item-00353,BR-E,53.68,2026-01-04
SKU-00354,Item-00354,BR-A,112.68,2026-01-04
SKU-00354,Item-00354,BR-B,76.57,2026-01-04
SKU-00354,Item-00354,BR-C,92.48,2026-01-04
SKU-00354,Item-00354,BR-D,84.62,2026-01-04
SKU-00354,Item-00354,BR-E,144.34,2026-01-04
SKU-00355,Item-00355,BR-A,145.46,2026-01-04
SKU-00355,Item-00355,BR-B,150.12,2026-01-04
SKU-00355,Item-00355,BR-C,122.57,2026-01-04
SKU-00355,Item-00355,BR-D,244.82,2026-01-04
SKU-00355,Item-00355,BR-E,220.98,2026-01-04
SKU-00356,Item-00356,BR-A,33.52,2026-01-04
SKU-00356,Item-00356,BR-B,64.01,2026-01-04
SKU-00356,Item-00356,BR-C,40.46,2026-01-04
SKU-00356,Item-00356,BR-D,31.2,2026-01-04
SKU-00356,Item-00356,BR-E,30.65,2026-01-04
SKU-00357,Item-00357,BR-A,122.58,2026-01-04
SKU-00357,Item-00357,BR-B,126.49,2026-01-04
SKU-00357,Item-00357,BR-C,92.75,2026-01-04
SKU-00357,Item-00357,BR-D,53.79,2026-01-04
SKU-00357,Item-00357,BR-E,133.09,2026-01-04
SKU-00358,Item-00358,BR-A,155.32,2026-01-04
SKU-00358,Item-00358,BR-B,93.78,2026-01-04
SKU-00358,Item-00358,BR-C,173.12,2026-01-04
SKU-00358,Item-00358,BR-D,180.83,2026-01-04
SKU-00358,Item-00358,BR-E,99.54,2026-01-04
SKU-00359,Item-00359,BR-A,102.48,2026-01-04
SKU-00359,Item-00359,BR-B,76.19,2026-01-04
SKU-00359,Item-00359,BR-C,77.23,2026-01-04
SKU-00359,Item-00359,BR-D,94.12,2026-01-04
SKU-00359,Item-00359,BR-E,50.33,2026-01-04
SKU-00360,Item-00360,BR-A,17.64,2026-01-04
SKU-00360,Item-00360,BR-B,16.09,2026-01-04
SKU-00360,Item-00360,BR-C,17.43,2026-01-04
SKU-00360,Item-00360,BR-D,25.93,2026-01-04
SKU-00360,Item-00360,BR-E,21.92,2026-01-04
SKU-00361,Item-00361,BR-A,67.31,2026-01-04
SKU-00361,Item-00361,BR-B,51.23,2026-01-04
SKU-00361,Item-00361,BR-C,122.11,2026-01-04
SKU-00361,Item-00361,BR-D,89.19,2026-01-04
SKU-00361,Item-00361,BR-E,82.89,2026-01-04
SKU-00362,Item-00362,BR-A,90.24,2026-01-04
SKU-00362,Item-00362,BR-B,66.87,2026-01-04
SKU-00362,Item-00362,BR-C,48.86,2026-01-04
SKU-00362,Item-00362,BR-D,34.67,2026-01-04
SKU-00362,Item-00362,BR-E,64.61,2026-01-04
SKU-00363,Item-00363,BR-A,87.97,2026-01-04
SKU-00363,Item-00363,BR-B,86.0,2026-01-04
SKU-00363,Item-00363,BR-C,102.41,2026-01-04
SKU-00363,Item-00363,BR-D,61.04,2026-01-04
SKU-00363,Item-00363,BR-E,71.97,2026-01-04
SKU-00364,Item-00364,BR-A,105.27,2026-01-04
SKU-00364,Item-00364,BR-B,65.09,2026-01-04
SKU-00364,Item-00364,BR-C,53.59,2026-01-04
SKU-00364,Item-00364,BR-D,63.17,2026-01-04
SKU-00364,Item-00364,BR-E,76.62,2026-01-04
SKU-00365,Item-00365,BR-A,79.24,2026-01-04
SKU-00365,Item-00365,BR-B,58.42,2026-01-04
SKU-00365,Item-00365,BR-C,90.43,2026-01-04
SKU-00365,Item-00365,BR-D,101.58,2026-01-04
SKU-00365,Item-00365,BR-E,42.52,2026-01-04
SKU-00366,Item-00366,BR-A,39.38,2026-01-04
SKU-00366,Item-00366,BR-B,78.08,2026-01-04
SKU-00366,Item-00366,BR-C,57.21,2026-01-04
SKU-00366,Item-00366,BR-D,43.87,2026-01-04
SKU-00366,Item-00366,BR-E,37.82,2026-01-04
SKU-00367,Item-00367,BR-A,55.4,2026-01-04
SKU-00367,Item-00367,BR-B,48.54,2026-01-04
SKU-00367,Item-00367,BR-C,60.51,2026-01-04
SKU-00367,Item-00367,BR-D,53.01,2026-01-04
SKU-00367,Item-00367,BR-E,36.98,2026-01-04
SKU-00368,Item-00368,BR-A,83.86,2026-01-04
SKU-00368,Item-00368,BR-B,50.76,2026-01-04
SKU-00368,Item-00368,BR-C,54.58,2026-01-04
SKU-00368,Item-00368,BR-D,56.28,2026-01-04
SKU-00368,Item-00368,BR-E,44.25,2026-01-04
SKU-00369,Item-00369,BR-A,159.63,2026-01-04
SKU-00369,Item-00369,BR-B,204.9,2026-01-04
SKU-00369,Item-00369,BR-C,175.43,2026-01-04
SKU-00369,Item-00369,BR-D,100.99,2026-01-04
SKU-00369,Item-00369,BR-E,228.13,2026-01-04
SKU-00370,Item-00370,BR-A,52.46,2026-01-04
SKU-00370,Item-00370,BR-B,54.07,2026-01-04
SKU-00370,Item-00370,BR-C,43.97,2026-01-04
SKU-00370,Item-00370,BR-D,34.54,2026-01-04
SKU-00370,Item-00370,BR-E,48.29,2026-01-04
SKU-00371,Item-00371,BR-A,48.76,2026-01-04
SKU-00371,Item-00371,BR-B,70.7,2026-01-04
SKU-00371,Item-00371,BR-C,59.68,2026-01-04
SKU-00371,Item-00371,BR-D,79.19,2026-01-04
SKU-00371,Item-00371,BR-E,86.79,2026-01-04
SKU-00372,Item-00372,BR-A,73.09,2026-01-04
SKU-00372,Item-00372,BR-B,75.88,2026-01-04
SKU-00372,Item-00372,BR-C,145.94,2026-01-04
SKU-00372,Item-00372,BR-D,107.79,2026-01-04
SKU-00372,Item-00372,BR-E,152.73,2026-01-04
SKU-00373,Item-00373,BR-A,114.2,2026-01-04
SKU-00373,Item-00373,BR-B,209.74,2026-01-04
SKU-00373,Item-00373,BR-C,114.87,2026-01-04
SKU-00373,Item-00373,BR-D,159.12,2026-01-04
SKU-00373,Item-00373,BR-E,246.22,2026-01-04
SKU-00374,Item-00374,BR-A,27.33,2026-01-04
SKU-00374,Item-00374,BR-B,45.55,2026-01-04
SKU-00374,Item-00374,BR-C,33.56,2026-01-04
SKU-00374,Item-00374,BR-D,63.49,2026-01-04
SKU-00374,Item-00374,BR-E,48.53,2026-01-04
SKU-00375,Item-00375,BR-A,79.33,2026-01-04
SKU-00375,Item-00375,BR-B,66.89,2026-01-04
SKU-00375,Item-00375,BR-C,57.79,2026-01-04
SKU-00375,Item-00375,BR-D,51.47,2026-01-04
SKU-00375,Item-00375,BR-E,60.01,2026-01-04
SKU-00376,Item-00376,BR-A,23.38,2026-01-04
SKU-00376,Item-00376,BR-B,41.01,2026-01-04
SKU-00376,Item-00376,BR-C,34.12,2026-01-04
SKU-00376,Item-00376,BR-D,29.79,2026-01-04
SKU-00376,Item-00376,BR-E,32.39,2026-01-04
SKU-00377,Item-00377,BR-A,172.97,2026-01-04
SKU-00377,Item-00377,BR-B,225.92,2026-01-04
SKU-00377,Item-00377,BR-C,129.24,2026-01-04
SKU-00377,Item-00377,BR-D,201.79,2026-01-04
SKU-00377,Item-00377,BR-E,141.2,2026-01-04
SKU-00378,Item-00378,BR-A,68.77,2026-01-04
SKU-00378,Item-00378,BR-B,74.76,2026-01-04
SKU-00378,Item-00378,BR-C,63.12,2026-01-04
SKU-00378,Item-00378,BR-D,47.12,2026-01-04
SKU-00378,Item-00378,BR-E,59.75,2026-01-04
SKU-00379,Item-00379,BR-A,185.57,2026-01-04
SKU-00379,Item-00379,BR-B,184.42,2026-01-04
SKU-00379,Item-00379,BR-C,158.38,2026-01-04
SKU-00379,Item-00379,BR-D,175.03,2026-01-04
SKU-00379,Item-00379,BR-E,84.79,2026-01-04
SKU-00380,Item-00380,BR-A,25.01,2026-01-04
SKU-00380,Item-00380,BR-B,32.19,2026-01-04
SKU-00380,Item-00380,BR-C,12.9,2026-01-04
SKU-00380,Item-00380,BR-D,22.47,2026-01-04
SKU-00380,Item-00380,BR-E,16.21,2026-01-04
SKU-00381,Item-00381,BR-A,68.8,2026-01-04
SKU-00381,Item-00381,BR-B,172.18,2026-01-04
SKU-00381,Item-00381,BR-C,96.61,2026-01-04
SKU-00381,Item-00381,BR-D,82.5,2026-01-04
SKU-00381,Item-00381,BR-E,140.04,2026-01-04
SKU-00382,Item-00382,BR-A,102.69,2026-01-04
SKU-00382,Item-00382,BR-B,82.97,2026-01-04
SKU-00382,Item-00382,BR-C,57.21,2026-01-04
SKU-00382,Item-00382,BR-D,96.1,2026-01-04
SKU-00382,Item-00382,BR-E,66.31,2026-01-04
SKU-00383,Item-00383,BR-A,34.78,2026-01-04
SKU-00383,Item-00383,BR-B,42.95,2026-01-04
SKU-00383,Item-00383,BR-C,29.91,2026-01-04
SKU-00383,Item-00383,BR-D,45.68,2026-01-04
SKU-00383,Item-00383,BR-E,57.38,2026-01-04
SKU-00384,Item-00384,BR-A,42.38,2026-01-04
SKU-00384,Item-00384,BR-B,70.86,2026-01-04
SKU-00384,Item-00384,BR-C,73.32,2026-01-04
SKU-00384,Item-00384,BR-D,58.54,2026-01-04
SKU-00384,Item-00384,BR-E,44.01,2026-01-04
SKU-00385,Item-00385,BR-A,29.93,2026-01-04
SKU-00385,Item-00385,BR-B,24.24,2026-01-04
SKU-00385,Item-00385,BR-C,20.42,2026-01-04
SKU-00385,Item-00385,BR-D,27.79,2026-01-04
SKU-00385,Item-00385,BR-E,30.83,2026-01-04
SKU-00386,Item-00386,BR-A,49.56,2026-01-04
SKU-00386,Item-00386,BR-B,55.6,2026-01-04
SKU-00386,Item-00386,BR-C,102.13,2026-01-04
SKU-00386,Item-00386,BR-D,65.86,2026-01-04
SKU-00386,Item-00386,BR-E,64.49,2026-01-04
SKU-00387,Item-00387,BR-A,73.14,2026-01-04
SKU-00387,Item-00387,BR-B,152.42,2026-01-04
SKU-00387,Item-00387,BR-C,128.5,2026-01-04
SKU-00387,Item-00387,BR-D,148.9,2026-01-04
SKU-00387,Item-00387,BR-E,99.14,2026-01-04
SKU-00388,Item-00388,BR-A,43.1,2026-01-04
SKU-00388,Item-00388,BR-B,37.19,2026-01-04
SKU-00388,Item-00388,BR-C,26.83,2026-01-04
SKU-00388,Item-00388,BR-D,44.26,2026-01-04
SKU-00388,Item-00388,BR-E,46.37,2026-01-04
SKU-00389,Item-00389,BR-A,24.32,2026-01-04
SKU-00389,Item-00389,BR-B,20.39,2026-01-04
SKU-00389,Item-00389,BR-C,14.24,2026-01-04
SKU-00389,Item-00389,BR-D,26.63,2026-01-04
SKU-00389,Item-00389,BR-E,30.78,2026-01-04
SKU-00390,Item-00390,BR-A,16.7,2026-01-04
SKU-00390,Item-00390,BR-B,35.58,2026-01-04
SKU-00390,Item-00390,BR-C,18.16,2026-01-04
SKU-00390,Item-00390,BR-D,18.65,2026-01-04
SKU-00390,Item-00390,BR-E,37.47,2026-01-04
SKU-00391,Item-00391,BR-A,103.18,2026-01-04
SKU-00391,Item-00391,BR-B,171.74,2026-01-04
SKU-00391,Item-00391,BR-C,70.72,2026-01-04
SKU-00391,Item-00391,BR-D,125.74,2026-01-04
SKU-00391,Item-00391,BR-E,117.11,2026-01-04
SKU-00392,Item-00392,BR-A,183.02,2026-01-04
SKU-00392,Item-00392,BR-B,131.65,2026-01-04
SKU-00392,Item-00392,BR-C,158.01,2026-01-04
SKU-00392,Item-00392,BR-D,99.74,2026-01-04
SKU-00392,Item-00392,BR-E,167.1,2026-01-04
SKU-00393,Item-00393,BR-A,82.38,2026-01-04
SKU-00393,Item-00393,BR-B,83.12,2026-01-04
SKU-00393,Item-00393,BR-C,91.12,2026-01-04
SKU-00393,Item-00393,BR-D,76.49,2026-01-04
SKU-00393,Item-00393,BR-E,95.4,2026-01-04
SKU-00394,Item-00394,BR-A,64.91,2026-01-04
SKU-00394,Item-00394,BR-B,86.31,2026-01-04
SKU-00394,Item-00394,BR-C,83.82,2026-01-04
SKU-00394,Item-00394,BR-D,90.69,2026-01-04
SKU-00394,Item-00394,BR-E,90.09,2026-01-04
SKU-00395,Item-00395,BR-A,85.44,2026-01-04
SKU-00395,Item-00395,BR-B,77.83,2026-01-04
SKU-00395,Item-00395,BR-C,85.83,2026-01-04
SKU-00395,Item-00395,BR-D,68.43,2026-01-04
SKU-00395,Item-00395,BR-E,64.05,2026-01-04
SKU-00396,Item-00396,BR-A,159.8,2026-01-04
SKU-00396,Item-00396,BR-B,147.32,2026-01-04
SKU-00396,Item-00396,BR-C,131.98,2026-01-04
SKU-00396,Item-00396,BR-D,117.24,2026-01-04
SKU-00396,Item-00396,BR-E,106.73,2026-01-04
SKU-00397,Item-00397,BR-A,104.29,2026-01-04
SKU-00397,Item-00397,BR-B,167.26,2026-01-04
SKU-00397,Item-00397,BR-C,185.83,2026-01-04
SKU-00397,Item-00397,BR-D,223.56,2026-01-04
SKU-00397,Item-00397,BR-E,234.37,2026-01-04
SKU-00398,Item-00398,BR-A,92.9,2026-01-04
SKU-00398,Item-00398,BR-B,135.63,2026-01-04
SKU-00398,Item-00398,BR-C,189.74,2026-01-04
SKU-00398,Item-00398,BR-D,182.52,2026-01-04
SKU-00398,Item-00398,BR-E,113.73,2026-01-04
SKU-00399,Item-00399,BR-A,93.36,2026-01-04
SKU-00399,Item-00399,BR-B,167.36,2026-01-04
SKU-00399,Item-00399,BR-C,71.46,2026-01-04
SKU-00399,Item-00399,BR-D,127.6,2026-01-04
SKU-00399,Item-00399,BR-E,138.52,2026-01-04
SKU-00400,Item-00400,BR-A,27.09,2026-01-04
SKU-00400,Item-00400,BR-B,42.26,2026-01-04
SKU-00400,Item-00400,BR-C,31.5,2026-01-04
SKU-00400,Item-00400,BR-D,45.18,2026-01-04
SKU-00400,Item-00400,BR-E,39.44,2026-01-04
SKU-00001,Cola 1.5L,BR-A,246.17,2026-01-05
SKU-00001,Cola 1.5L,BR-B,193.1,2026-01-05
SKU-00001,Cola 1.5L,BR-C,96.44,2026-01-05
SKU-00001,Cola 1.5L,BR-D,137.15,2026-01-05
SKU-00001,Cola 1.5L,BR-E,171.51,2026-01-05
SKU-00002,Orange Juice 1L,BR-A,7.5,2026-01-05
SKU-00002,Orange Juice 1L,BR-B,15.88,2026-01-05
SKU-00002,Orange Juice 1L,BR-C,10.19,2026-01-05
SKU-00002,Orange Juice 1L,BR-D,14.98,2026-01-05
SKU-00002,Orange Juice 1L,BR-E,19.43,2026-01-05
SKU-00003,Mineral Water 500ml,BR-A,103.74,2026-01-05
SKU-00003,Mineral Water 500ml,BR-B,106.78,2026-01-05
SKU-00003,Mineral Water 500ml,BR-C,111.68,2026-01-05
SKU-00003,Mineral Water 500ml,BR-D,116.99,2026-01-05
SKU-00003,Mineral Water 500ml,BR-E,89.18,2026-01-05
SKU-00004,Energy Drink 250ml,BR-A,64.86,2026-01-05
SKU-00004,Energy Drink 250ml,BR-B,63.8,2026-01-05
SKU-00004,Energy Drink 250ml,BR-C,89.11,2026-01-05
SKU-00004,Energy Drink 250ml,BR-D,81.27,2026-01-05
SKU-00004,Energy Drink 250ml,BR-E,84.86,2026-01-05
SKU-00005,Soda Can,BR-A,111.4,2026-01-05
SKU-00005,Soda Can,BR-B,109.59,2026-01-05
SKU-00005,Soda Can,BR-C,276.77,2026-01-05
SKU-00005,Soda Can,BR-D,133.61,2026-01-05
SKU-00005,Soda Can,BR-E,246.24,2026-01-05
SKU-00006,Apple Juice 1L,BR-A,251.01,2026-01-05
SKU-00006,Apple Juice 1L,BR-B,119.35,2026-01-05
SKU-00006,Apple Juice 1L,BR-C,170.63,2026-01-05
SKU-00006,Apple Juice 1L,BR-D,246.54,2026-01-05
SKU-00006,Apple Juice 1L,BR-E,105.88,2026-01-05
SKU-00007,Tea Bag 100s,BR-A,273.64,2026-01-05
SKU-00007,Tea Bag 100s,BR-B,139.8,2026-01-05
SKU-00007,Tea Bag 100s,BR-C,147.98,2026-01-05
SKU-00007,Tea Bag 100s,BR-D,251.91,2026-01-05
SKU-00007,Tea Bag 100s,BR-E,354.14,2026-01-05
SKU-00008,Coffee 200g,BR-A,20.95,2026-01-05
SKU-00008,Coffee 200g,BR-B,32.96,2026-01-05
SKU-00008,Coffee 200g,BR-C,15.88,2026-01-05
SKU-00008,Coffee 200g,BR-D,39.35,2026-01-05
SKU-00008,Coffee 200g,BR-E,39.66,2026-01-05
SKU-00009,Lemonade 1L,BR-A,97.03,2026-01-05
SKU-00009,Lemonade 1L,BR-B,141.61,2026-01-05
SKU-00009,Lemonade 1L,BR-C,163.9,2026-01-05
SKU-00009,Lemonade 1L,BR-D,127.71,2026-01-05
SKU-00009,Lemonade 1L,BR-E,168.28,2026-01-05
SKU-00010,Iced Tea 500ml,BR-A,14.81,2026-01-05
SKU-00010,Iced Tea 500ml,BR-B,20.77,2026-01-05
SKU-00010,Iced Tea 500ml,BR-C,13.22,2026-01-05
SKU-00010,Iced Tea 500ml,BR-D,19.32,2026-01-05
SKU-00010,Iced Tea 500ml,BR-E,16.96,2026-01-05
SKU-00011,Thermos Flask 500ml,BR-A,37.34,2026-01-05
SKU-00011,Thermos Flask 500ml,BR-B,84.37,2026-01-05
SKU-00011,Thermos Flask 500ml,BR-C,64.35,2026-01-05
SKU-00011,Thermos Flask 500ml,BR-D,78.43,2026-01-05
SKU-00011,Thermos Flask 500ml,BR-E,38.52,2026-01-05
SKU-00012,أكوا 1.5 لتر,BR-A,132.11,2026-01-05
SKU-00012,أكوا 1.5 لتر,BR-B,109.52,2026-01-05
SKU-00012,أكوا 1.5 لتر,BR-C,99.18,2026-01-05
SKU-00012,أكوا 1.5 لتر,BR-D,140.46,2026-01-05
SKU-00012,أكوا 1.5 لتر,BR-E,95.72,2026-01-05
SKU-00013,Sports Drink 600ml,BR-A,17.04,2026-01-05
SKU-00013,Sports Drink 600ml,BR-B,18.25,2026-01-05
SKU-00013,Sports Drink 600ml,BR-C,7.18,2026-01-05
SKU-00013,Sports Drink 600ml,BR-D,10.77,2026-01-05
SKU-00013,Sports Drink 600ml,BR-E,11.79,2026-01-05
SKU-00014,Milk 1L,BR-A,50.1,2026-01-05
SKU-00014,Milk 1L,BR-B,63.01,2026-01-05
SKU-00014,Milk 1L,BR-C,70.31,2026-01-05
SKU-00014,Milk 1L,BR-D,62.9,2026-01-05
SKU-00014,Milk 1L,BR-E,57.02,2026-01-05
SKU-00015,Butter 250g,BR-A,112.1,2026-01-05
SKU-00015,Butter 250g,BR-B,107.7,2026-01-05
SKU-00015,Butter 250g,BR-C,217.1,2026-01-05
SKU-00015,Butter 250g,BR-D,123.98,2026-01-05
SKU-00015,Butter 250g,BR-E,193.4,2026-01-05
SKU-00016,Cheese Slices,BR-A,217.65,2026-01-05
SKU-00016,Cheese Slices,BR-B,188.85,2026-01-05
SKU-00016,Cheese Slices,BR-C,192.03,2026-01-05
SKU-00016,Cheese Slices,BR-D,109.38,2026-01-05
SKU-00016,Cheese Slices,BR-E,132.1,2026-01-05
SKU-00017,Yogurt 500g,BR-A,38.67,2026-01-05
SKU-00017,Yogurt 500g,BR-B,78.79,2026-01-05
SKU-00017,Yogurt 500g,BR-C,49.0,2026-01-05
SKU-00017,Yogurt 500g,BR-D,85.85,2026-01-05
SKU-00017,Yogurt 500g,BR-E,73.68,2026-01-05
SKU-00018,Eggs 12pk,BR-A,224.44,2026-01-05
SKU-00018,Eggs 12pk,BR-B,113.71,2026-01-05
SKU-00018,Eggs 12pk,BR-C,201.74,2026-01-05
SKU-00018,Eggs 12pk,BR-D,104.62,2026-01-05
SKU-00018,Eggs 12pk,BR-E,92.24,2026-01-05
SKU-00019,Cream 200ml,BR-A,263.36,2026-01-05
SKU-00019,Cream 200ml,BR-B,151.63,2026-01-05
SKU-00019,Cream 200ml,BR-C,143.68,2026-01-05
SKU-00019,Cream 200ml,BR-D,180.74,2026-01-05
SKU-00019,Cream 200ml,BR-E,161.78,2026-01-05
SKU-00020,Cheese Block 200g,BR-A,5.95,2026-01-05
SKU-00020,Cheese Block 200g,BR-B,11.65,2026-01-05
SKU-00020,Cheese Block 200g,BR-C,5.86,2026-01-05
SKU-00020,Cheese Block 200g,BR-D,6.83,2026-01-05
SKU-00020,Cheese Block 200g,BR-E,10.12,2026-01-05
SKU-00021,Ghee 1L,BR-A,169.22,2026-01-05
SKU-00021,Ghee 1L,BR-B,216.7,2026-01-05
SKU-00021,Ghee 1L,BR-C,235.42,2026-01-05
SKU-00021,Ghee 1L,BR-D,186.99,2026-01-05
SKU-00021,Ghee 1L,BR-E,248.72,2026-01-05
SKU-00022,Milk Powder 400g,BR-A,181.25,2026-01-05
SKU-00022,Milk Powder 400g,BR-B,214.52,2026-01-05
SKU-00022,Milk Powder 400g,BR-C,251.33,2026-01-05
SKU-00022,Milk Powder 400g,BR-D,105.51,2026-01-05
SKU-00022,Milk Powder 400g,BR-E,251.88,2026-01-05
SKU-00023,الحليب الطازج,BR-A,85.66,2026-01-05
SKU-00023,الحليب الطازج,BR-B,99.77,2026-01-05
SKU-00023,الحليب الطازج,BR-C,69.44,2026-01-05
SKU-00023,الحليب الطازج,BR-D,115.0,2026-01-05
SKU-00023,الحليب الطازج,BR-E,82.07,2026-01-05
SKU-00024,Bread Loaf,BR-A,61.92,2026-01-05
SKU-00024,Bread Loaf,BR-B,61.25,2026-01-05
SKU-00024,Bread Loaf,BR-C,34.23,2026-01-05
SKU-00024,Bread Loaf,BR-D,56.82,2026-01-05
SKU-00024,Bread Loaf,BR-E,47.83,2026-01-05
SKU-00025,Croissant,BR-A,341.0,2026-01-05
SKU-00025,Croissant,BR-B,332.14,2026-01-05
SKU-00025,Croissant,BR-C,156.81,2026-01-05
SKU-00025,Croissant,BR-D,326.93,2026-01-05
SKU-00025,Croissant,BR-E,198.54,2026-01-05
SKU-00026,Pita Bread 6pk,BR-A,92.34,2026-01-05
SKU-00026,Pita Bread 6pk,BR-B,52.31,2026-01-05
SKU-00026,Pita Bread 6pk,BR-C,60.0,2026-01-05
SKU-00026,Pita Bread 6pk,BR-D,109.84,2026-01-05
SKU-00026,Pita Bread 6pk,BR-E,66.53,2026-01-05
SKU-00027,Muffin 4pk,BR-A,20.37,2026-01-05
SKU-00027,Muffin 4pk,BR-B,33.79,2026-01-05
SKU-00027,Muffin 4pk,BR-C,27.35,2026-01-05
SKU-00027,Muffin 4pk,BR-D,27.52,2026-01-05
SKU-00027,Muffin 4pk,BR-E,33.84,2026-01-05
SKU-00028,Baguette,BR-A,17.78,2026-01-05
SKU-00028,Baguette,BR-B,38.52,2026-01-05
SKU-00028,Baguette,BR-C,36.29,2026-01-05
SKU-00028,Baguette,BR-D,43.74,2026-01-05
SKU-00028,Baguette,BR-E,16.98,2026-01-05
SKU-00029,Donuts 6pk,BR-A,212.51,2026-01-05
SKU-00029,Donuts 6pk,BR-B,193.31,2026-01-05
SKU-00029,Donuts 6pk,BR-C,262.64,2026-01-05
SKU-00029,Donuts 6pk,BR-D,141.39,2026-01-05
SKU-00029,Donuts 6pk,BR-E,321.37,2026-01-05
SKU-00030,Cake Slice,BR-A,134.74,2026-01-05
SKU-00030,Cake Slice,BR-B,160.36,2026-01-05
SKU-00030,Cake Slice,BR-C,115.58,2026-01-05
SKU-00030,Cake Slice,BR-D,89.36,2026-01-05
SKU-00030,Cake Slice,BR-E,214.97,2026-01-05
SKU-00031,Cookies Pack,BR-A,210.04,2026-01-05
SKU-00031,Cookies Pack,BR-B,235.28,2026-01-05
SKU-00031,Cookies Pack,BR-C,205.51,2026-01-05
SKU-00031,Cookies Pack,BR-D,197.99,2026-01-05
SKU-00031,Cookies Pack,BR-E,289.77,2026-01-05
SKU-00032,كعكة شوكولاتة,BR-A,151.48,2026-01-05
SKU-00032,كعكة شوكولاتة,BR-B,174.58,2026-01-05
SKU-00032,كعكة شوكولاتة,BR-C,167.81,2026-01-05
SKU-00032,كعكة شوكولاتة,BR-D,233.05,2026-01-05
SKU-00032,كعكة شوكولاتة,BR-E,160.59,2026-01-05
SKU-00033,Apples 1kg,BR-A,215.03,2026-01-05
SKU-00033,Apples 1kg,BR-B,201.74,2026-01-05
SKU-00033,Apples 1kg,BR-C,185.46,2026-01-05
SKU-00033,Apples 1kg,BR-D,205.08,2026-01-05
SKU-00033,Apples 1kg,BR-E,148.95,2026-01-05
SKU-00034,Bananas 1kg,BR-A,242.97,2026-01-05
SKU-00034,Bananas 1kg,BR-B,332.39,2026-01-05
SKU-00034,Bananas 1kg,BR-C,377.95,2026-01-05
SKU-00034,Bananas 1kg,BR-D,237.85,2026-01-05
SKU-00034,Bananas 1kg,BR-E,143.59,2026-01-05
SKU-00035,Potatoes 2kg,BR-A,107.63,2026-01-05
SKU-00035,Potatoes 2kg,BR-B,149.65,2026-01-05
SKU-00035,Potatoes 2kg,BR-C,145.98,2026-01-05
SKU-00035,Potatoes 2kg,BR-D,154.04,2026-01-05
SKU-00035,Potatoes 2kg,BR-E,151.75,2026-01-05
SKU-00036,Onions 1kg,BR-A,107.87,2026-01-05
SKU-00036,Onions 1kg,BR-B,221.16,2026-01-05
SKU-00036,Onions 1kg,BR-C,188.88,2026-01-05
SKU-00036,Onions 1kg,BR-D,97.83,2026-01-05
SKU-00036,Onions 1kg,BR-E,127.59,2026-01-05
SKU-00037,Tomatoes 1kg,BR-A,324.71,2026-01-05
SKU-00037,Tomatoes 1kg,BR-B,326.97,2026-01-05
SKU-00037,Tomatoes 1kg,BR-C,183.71,2026-01-05
SKU-00037,Tomatoes 1kg,BR-D,282.65,2026-01-05
SKU-00037,Tomatoes 1kg,BR-E,290.38,2026-01-05
SKU-00038,Cucumbers 500g,BR-A,162.82,2026-01-05
SKU-00038,Cucumbers 500g,BR-B,114.92,2026-01-05
SKU-00038,Cucumbers 500g,BR-C,88.06,2026-01-05
SKU-00038,Cucumbers 500g,BR-D,112.0,2026-01-05
SKU-00038,Cucumbers 500g,BR-E,232.09,2026-01-05
SKU-00039,Lettuce Head,BR-A,188.86,2026-01-05
SKU-00039,Lettuce Head,BR-B,139.18,2026-01-05
SKU-00039,Lettuce Head,BR-C,174.22,2026-01-05
SKU-00039,Lettuce Head,BR-D,166.83,2026-01-05
SKU-00039,Lettuce Head,BR-E,141.38,2026-01-05
SKU-00040,Carrots 1kg,BR-A,119.73,2026-01-05
SKU-00040,Carrots 1kg,BR-B,187.0,2026-01-05
SKU-00040,Carrots 1kg,BR-C,211.61,2026-01-05
SKU-00040,Carrots 1kg,BR-D,139.54,2026-01-05
SKU-00040,Carrots 1kg,BR-E,155.3,2026-01-05
SKU-00041,Potato Chips 150g,BR-A,163.49,2026-01-05
SKU-00041,Potato Chips 150g,BR-B,186.83,2026-01-05
SKU-00041,Potato Chips 150g,BR-C,226.82,2026-01-05
SKU-00041,Potato Chips 150g,BR-D,229.04,2026-01-05
SKU-00041,Potato Chips 150g,BR-E,268.66,2026-01-05
SKU-00042,Ice Cream 500ml,BR-A,21.81,2026-01-05
SKU-00042,Ice Cream 500ml,BR-B,24.75,2026-01-05
SKU-00042,Ice Cream 500ml,BR-C,22.49,2026-01-05
SKU-00042,Ice Cream 500ml,BR-D,23.52,2026-01-05
SKU-00042,Ice Cream 500ml,BR-E,11.46,2026-01-05
SKU-00043,Frozen Peas 500g,BR-A,42.83,2026-01-05
SKU-00043,Frozen Peas 500g,BR-B,83.58,2026-01-05
SKU-00043,Frozen Peas 500g,BR-C,43.16,2026-01-05
SKU-00043,Frozen Peas 500g,BR-D,84.24,2026-01-05
SKU-00043,Frozen Peas 500g,BR-E,92.25,2026-01-05
SKU-00044,Frozen Pizza,BR-A,108.42,2026-01-05
SKU-00044,Frozen Pizza,BR-B,101.28,2026-01-05
SKU-00044,Frozen Pizza,BR-C,76.87,2026-01-05
SKU-00044,Frozen Pizza,BR-D,74.42,2026-01-05
SKU-00044,Frozen Pizza,BR-E,48.7,2026-01-05
SKU-00045,Chicken Fingers 500g,BR-A,27.5,2026-01-05
SKU-00045,Chicken Fingers 500g,BR-B,34.25,2026-01-05
SKU-00045,Chicken Fingers 500g,BR-C,30.12,2026-01-05
SKU-00045,Chicken Fingers 500g,BR-D,20.36,2026-01-05
SKU-00045,Chicken Fingers 500g,BR-E,30.72,2026-01-05
SKU-00046,Fish Fingers 500g,BR-A,85.59,2026-01-05
SKU-00046,Fish Fingers 500g,BR-B,59.47,2026-01-05
SKU-00046,Fish Fingers 500g,BR-C,57.55,2026-01-05
SKU-00046,Fish Fingers 500g,BR-D,89.22,2026-01-05
SKU-00046,Fish Fingers 500g,BR-E,75.28,2026-01-05
SKU-00047,Frozen Veg Mix 450g,BR-A,41.43,2026-01-05
SKU-00047,Frozen Veg Mix 450g,BR-B,46.66,2026-01-05
SKU-00047,Frozen Veg Mix 450g,BR-C,38.02,2026-01-05
SKU-00047,Frozen Veg Mix 450g,BR-D,21.72,2026-01-05
SKU-00047,Frozen Veg Mix 450g,BR-E,23.33,2026-01-05
SKU-00048,مجمدات متنوعة,BR-A,57.7,2026-01-05
SKU-00048,مجمدات متنوعة,BR-B,74.95,2026-01-05
SKU-00048,مجمدات متنوعة,BR-C,67.57,2026-01-05
SKU-00048,مجمدات متنوعة,BR-D,91.78,2026-01-05
SKU-00048,مجمدات متنوعة,BR-E,74.2,2026-01-05
SKU-00049,Detergent 1L,BR-A,138.09,2026-01-05
SKU-00049,Detergent 1L,BR-B,155.17,2026-01-05
SKU-00049,Detergent 1L,BR-C,228.03,2026-01-05
SKU-00049,Detergent 1L,BR-D,96.14,2026-01-05
SKU-00049,Detergent 1L,BR-E,251.04,2026-01-05
SKU-00050,Toilet Paper 6pk,BR-A,94.99,2026-01-05
SKU-00050,Toilet Paper 6pk,BR-B,69.45,2026-01-05
SKU-00050,Toilet Paper 6pk,BR-C,120.77,2026-01-05
SKU-00050,Toilet Paper 6pk,BR-D,135.8,2026-01-05
SKU-00050,Toilet Paper 6pk,BR-E,99.26,2026-01-05
SKU-00051,Hand Soap,BR-A,62.33,2026-01-05
SKU-00051,Hand Soap,BR-B,122.89,2026-01-05
SKU-00051,Hand Soap,BR-C,64.22,2026-01-05
SKU-00051,Hand Soap,BR-D,140.6,2026-01-05
SKU-00051,Hand Soap,BR-E,134.68,2026-01-05
SKU-00052,Shampoo 400ml,BR-A,32.86,2026-01-05
SKU-00052,Shampoo 400ml,BR-B,51.17,2026-01-05
SKU-00052,Shampoo 400ml,BR-C,66.42,2026-01-05
SKU-00052,Shampoo 400ml,BR-D,55.04,2026-01-05
SKU-00052,Shampoo 400ml,BR-E,59.26,2026-01-05
SKU-00053,Toothpaste 100ml,BR-A,76.06,2026-01-05
SKU-00053,Toothpaste 100ml,BR-B,111.22,2026-01-05
SKU-00053,Toothpaste 100ml,BR-C,69.79,2026-01-05
SKU-00053,Toothpaste 100ml,BR-D,97.23,2026-01-05
SKU-00053,Toothpaste 100ml,BR-E,62.46,2026-01-05
SKU-00054,Cleaning Spray,BR-A,194.4,2026-01-05
SKU-00054,Cleaning Spray,BR-B,285.97,2026-01-05
SKU-00054,Cleaning Spray,BR-C,278.53,2026-01-05
SKU-00054,Cleaning Spray,BR-D,327.01,2026-01-05
SKU-00054,Cleaning Spray,BR-E,241.13,2026-01-05
SKU-00055,Garbage Bags 30pk,BR-A,155.67,2026-01-05
SKU-00055,Garbage Bags 30pk,BR-B,172.87,2026-01-05
SKU-00055,Garbage Bags 30pk,BR-C,149.22,2026-01-05
SKU-00055,Garbage Bags 30pk,BR-D,183.37,2026-01-05
SKU-00055,Garbage Bags 30pk,BR-E,154.31,2026-01-05
SKU-00056,Chips 150g,BR-A,213.08,2026-01-05
SKU-00056,Chips 150g,BR-B,244.5,2026-01-05
SKU-00056,Chips 150g,BR-C,172.23,2026-01-05
SKU-00056,Chips 150g,BR-D,148.38,2026-01-05
SKU-00056,Chips 150g,BR-E,195.25,2026-01-05
SKU-00057,Chocolate Bar,BR-A,34.39,2026-01-05
SKU-00057,Chocolate Bar,BR-B,43.71,2026-01-05
SKU-00057,Chocolate Bar,BR-C,73.51,2026-01-05
SKU-00057,Chocolate Bar,BR-D,56.34,2026-01-05
SKU-00057,Chocolate Bar,BR-E,36.74,2026-01-05
SKU-00058,Biscuits Pack,BR-A,258.58,2026-01-05
SKU-00058,Biscuits Pack,BR-B,242.28,2026-01-05
SKU-00058,Biscuits Pack,BR-C,190.11,2026-01-05
SKU-00058,Biscuits Pack,BR-D,112.33,2026-01-05
SKU-00058,Biscuits Pack,BR-E,156.95,2026-01-05
SKU-00059,Gum Pack,BR-A,31.66,2026-01-05
SKU-00059,Gum Pack,BR-B,49.32,2026-01-05
SKU-00059,Gum Pack,BR-C,43.44,2026-01-05
SKU-00059,Gum Pack,BR-D,68.48,2026-01-05
SKU-00059,Gum Pack,BR-E,58.76,2026-01-05
SKU-00060,Nuts Mix 200g,BR-A,81.21,2026-01-05
SKU-00060,Nuts Mix 200g,BR-B,89.96,2026-01-05
SKU-00060,Nuts Mix 200g,BR-C,85.71,2026-01-05
SKU-00060,Nuts Mix 200g,BR-D,139.43,2026-01-05
SKU-00060,Nuts Mix 200g,BR-E,111.04,2026-01-05
SKU-00061,Popcorn 100g,BR-A,184.6,2026-01-05
SKU-00061,Popcorn 100g,BR-B,230.46,2026-01-05
SKU-00061,Popcorn 100g,BR-C,143.11,2026-01-05
SKU-00061,Popcorn 100g,BR-D,222.16,2026-01-05
SKU-00061,Popcorn 100g,BR-E,302.3,2026-01-05
SKU-00062,Pretzels 200g,BR-A,191.39,2026-01-05
SKU-00062,Pretzels 200g,BR-B,151.14,2026-01-05
SKU-00062,Pretzels 200g,BR-C,97.04,2026-01-05
SKU-00062,Pretzels 200g,BR-D,215.5,2026-01-05
SKU-00062,Pretzels 200g,BR-E,132.81,2026-01-05
SKU-00063,Candy Assorted,BR-A,91.93,2026-01-05
SKU-00063,Candy Assorted,BR-B,93.49,2026-01-05
SKU-00063,Candy Assorted,BR-C,186.85,2026-01-05
SKU-00063,Candy Assorted,BR-D,172.99,2026-01-05
SKU-00063,Candy Assorted,BR-E,143.18,2026-01-05
SKU-00064,Chicken Breast 1kg,BR-A,146.41,2026-01-05
SKU-00064,Chicken Breast 1kg,BR-B,271.93,2026-01-05
SKU-00064,Chicken Breast 1kg,BR-C,221.0,2026-01-05
SKU-00064,Chicken Breast 1kg,BR-D,140.9,2026-01-05
SKU-00064,Chicken Breast 1kg,BR-E,245.59,2026-01-05
SKU-00065,Beef Mince 500g,BR-A,302.45,2026-01-05
SKU-00065,Beef Mince 500g,BR-B,279.93,2026-01-05
SKU-00065,Beef Mince 500g,BR-C,233.88,2026-01-05
SKU-00065,Beef Mince 500g,BR-D,219.53,2026-01-05
SKU-00065,Beef Mince 500g,BR-E,135.43,2026-01-05
SKU-00066,Lamb Chops 500g,BR-A,185.16,2026-01-05
SKU-00066,Lamb Chops 500g,BR-B,139.23,2026-01-05
SKU-00066,Lamb Chops 500g,BR-C,307.89,2026-01-05
SKU-00066,Lamb Chops 500g,BR-D,239.01,2026-01-05
SKU-00066,Lamb Chops 500g,BR-E,288.63,2026-01-05
SKU-00067,Sausages 400g,BR-A,59.47,2026-01-05
SKU-00067,Sausages 400g,BR-B,98.13,2026-01-05
SKU-00067,Sausages 400g,BR-C,39.88,2026-01-05
SKU-00067,Sausages 400g,BR-D,94.71,2026-01-05
SKU-00067,Sausages 400g,BR-E,83.2,2026-01-05
SKU-00068,Bacon 200g,BR-A,14.12,2026-01-05
SKU-00068,Bacon 200g,BR-B,8.24,2026-01-05
SKU-00068,Bacon 200g,BR-C,21.87,2026-01-05
SKU-00068,Bacon 200g,BR-D,11.68,2026-01-05
SKU-00068,Bacon 200g,BR-E,17.5,2026-01-05
SKU-00069,Fish Fillet 500g,BR-A,122.88,2026-01-05
SKU-00069,Fish Fillet 500g,BR-B,118.9,2026-01-05
SKU-00069,Fish Fillet 500g,BR-C,84.02,2026-01-05
SKU-00069,Fish Fillet 500g,BR-D,56.61,2026-01-05
SKU-00069,Fish Fillet 500g,BR-E,63.12,2026-01-05
SKU-00070,دجاج كامل,BR-A,59.45,2026-01-05
SKU-00070,دجاج كامل,BR-B,62.59,2026-01-05
SKU-00070,دجاج كامل,BR-C,78.26,2026-01-05
SKU-00070,دجاج كامل,BR-D,103.56,2026-01-05
SKU-00070,دجاج كامل,BR-E,58.17,2026-01-05
SKU-00071,Rice 5kg,BR-A,80.15,2026-01-05
SKU-00071,Rice 5kg,BR-B,54.7,2026-01-05
SKU-00071,Rice 5kg,BR-C,60.61,2026-01-05
SKU-00071,Rice 5kg,BR-D,77.86,2026-01-05
SKU-00071,Rice 5kg,BR-E,58.46,2026-01-05
SKU-00072,Sugar 1kg,BR-A,315.64,2026-01-05
SKU-00072,Sugar 1kg,BR-B,323.36,2026-01-05
SKU-00072,Sugar 1kg,BR-C,200.22,2026-01-05
SKU-00072,Sugar 1kg,BR-D,297.12,2026-01-05
SKU-00072,Sugar 1kg,BR-E,280.71,2026-01-05
SKU-00073,Pasta 500g,BR-A,331.16,2026-01-05
SKU-00073,Pasta 500g,BR-B,278.22,2026-01-05
SKU-00073,Pasta 500g,BR-C,185.48,2026-01-05
SKU-00073,Pasta 500g,BR-D,216.24,2026-01-05
SKU-00073,Pasta 500g,BR-E,127.41,2026-01-05
SKU-00074,Flour 2kg,BR-A,82.24,2026-01-05
SKU-00074,Flour 2kg,BR-B,57.68,2026-01-05
SKU-00074,Flour 2kg,BR-C,69.53,2026-01-05
SKU-00074,Flour 2kg,BR-D,98.19,2026-01-05
SKU-00074,Flour 2kg,BR-E,130.72,2026-01-05
SKU-00075,Cooking Oil 1L,BR-A,147.89,2026-01-05
SKU-00075,Cooking Oil 1L,BR-B,131.17,2026-01-05
SKU-00075,Cooking Oil 1L,BR-C,96.08,2026-01-05
SKU-00075,Cooking Oil 1L,BR-D,149.0,2026-01-05
SKU-00075,Cooking Oil 1L,BR-E,103.96,2026-01-05
SKU-00076,Canned Beans 400g,BR-A,88.19,2026-01-05
SKU-00076,Canned Beans 400g,BR-B,133.47,2026-01-05
SKU-00076,Canned Beans 400g,BR-C,145.73,2026-01-05
SKU-00076,Canned Beans 400g,BR-D,120.22,2026-01-05
SKU-00076,Canned Beans 400g,BR-E,125.22,2026-01-05
SKU-00077,Canned Tuna 185g,BR-A,206.65,2026-01-05
SKU-00077,Canned Tuna 185g,BR-B,221.01,2026-01-05
SKU-00077,Canned Tuna 185g,BR-C,349.89,2026-01-05
SKU-00077,Canned Tuna 185g,BR-D,131.3,2026-01-05
SKU-00077,Canned Tuna 185g,BR-E,209.47,2026-01-05
SKU-00078,Salt 1kg,BR-A,108.7,2026-01-05
SKU-00078,Salt 1kg,BR-B,120.74,2026-01-05
SKU-00078,Salt 1kg,BR-C,122.9,2026-01-05
SKU-00078,Salt 1kg,BR-D,157.37,2026-01-05
SKU-00078,Salt 1kg,BR-E,92.03,2026-01-05
SKU-00079,Soy Sauce 250ml,BR-A,91.12,2026-01-05
SKU-00079,Soy Sauce 250ml,BR-B,89.3,2026-01-05
SKU-00079,Soy Sauce 250ml,BR-C,58.54,2026-01-05
SKU-00079,Soy Sauce 250ml,BR-D,42.07,2026-01-05
SKU-00079,Soy Sauce 250ml,BR-E,102.51,2026-01-05
SKU-00080,زيت زيتون 1 لتر,BR-A,103.97,2026-01-05
SKU-00080,زيت زيتون 1 لتر,BR-B,80.75,2026-01-05
SKU-00080,زيت زيتون 1 لتر,BR-C,75.92,2026-01-05
SKU-00080,زيت زيتون 1 لتر,BR-D,61.01,2026-01-05
SKU-00080,زيت زيتون 1 لتر,BR-E,51.5,2026-01-05
SKU-00081,Item-00081,BR-A,169.32,2026-01-05
SKU-00081,Item-00081,BR-B,100.89,2026-01-05
SKU-00081,Item-00081,BR-C,92.29,2026-01-05
SKU-00081,Item-00081,BR-D,94.9,2026-01-05
SKU-00081,Item-00081,BR-E,134.82,2026-01-05
SKU-00082,Item-00082,BR-A,83.3,2026-01-05
SKU-00082,Item-00082,BR-B,170.59,2026-01-05
SKU-00082,Item-00082,BR-C,103.41,2026-01-05
SKU-00082,Item-00082,BR-D,130.52,2026-01-05
SKU-00082,Item-00082,BR-E,142.24,2026-01-05
SKU-00083,Item-00083,BR-A,269.27,2026-01-05
SKU-00083,Item-00083,BR-B,98.61,2026-01-05
SKU-00083,Item-00083,BR-C,265.32,2026-01-05
SKU-00083,Item-00083,BR-D,192.16,2026-01-05
SKU-00083,Item-00083,BR-E,180.63,2026-01-05
SKU-00084,Item-00084,BR-A,56.49,2026-01-05
SKU-00084,Item-00084,BR-B,106.64,2026-01-05
SKU-00084,Item-00084,BR-C,48.96,2026-01-05
SKU-00084,Item-00084,BR-D,83.7,2026-01-05
SKU-00084,Item-00084,BR-E,101.42,2026-01-05
SKU-00085,Item-00085,BR-A,64.35,2026-01-05
SKU-00085,Item-00085,BR-B,76.64,2026-01-05
SKU-00085,Item-00085,BR-C,155.0,2026-01-05
SKU-00085,Item-00085,BR-D,112.33,2026-01-05
SKU-00085,Item-00085,BR-E,72.62,2026-01-05
SKU-00086,Item-00086,BR-A,103.47,2026-01-05
SKU-00086,Item-00086,BR-B,195.2,2026-01-05
SKU-00086,Item-00086,BR-C,188.81,2026-01-05
SKU-00086,Item-00086,BR-D,139.37,2026-01-05
SKU-00086,Item-00086,BR-E,140.47,2026-01-05
SKU-00087,Item-00087,BR-A,42.75,2026-01-05
SKU-00087,Item-00087,BR-B,31.71,2026-01-05
SKU-00087,Item-00087,BR-C,37.72,2026-01-05
SKU-00087,Item-00087,BR-D,28.44,2026-01-05
SKU-00087,Item-00087,BR-E,29.89,2026-01-05
SKU-00088,Item-00088,BR-A,99.98,2026-01-05
SKU-00088,Item-00088,BR-B,220.91,2026-01-05
SKU-00088,Item-00088,BR-C,232.63,2026-01-05
SKU-00088,Item-00088,BR-D,201.82,2026-01-05
SKU-00088,Item-00088,BR-E,132.91,2026-01-05
SKU-00089,Item-00089,BR-A,126.65,2026-01-05
SKU-00089,Item-00089,BR-B,109.73,2026-01-05
SKU-00089,Item-00089,BR-C,164.78,2026-01-05
SKU-00089,Item-00089,BR-D,121.84,2026-01-05
SKU-00089,Item-00089,BR-E,118.19,2026-01-05
SKU-00090,Item-00090,BR-A,104.84,2026-01-05
SKU-00090,Item-00090,BR-B,75.9,2026-01-05
SKU-00090,Item-00090,BR-C,112.35,2026-01-05
SKU-00090,Item-00090,BR-D,55.02,2026-01-05
SKU-00090,Item-00090,BR-E,63.53,2026-01-05
SKU-00091,Item-00091,BR-A,112.51,2026-01-05
SKU-00091,Item-00091,BR-B,91.65,2026-01-05
SKU-00091,Item-00091,BR-C,105.3,2026-01-05
SKU-00091,Item-00091,BR-D,74.66,2026-01-05
SKU-00091,Item-00091,BR-E,151.86,2026-01-05
SKU-00092,Item-00092,BR-A,155.19,2026-01-05
SKU-00092,Item-00092,BR-B,200.6,2026-01-05
SKU-00092,Item-00092,BR-C,254.66,2026-01-05
SKU-00092,Item-00092,BR-D,159.72,2026-01-05
SKU-00092,Item-00092,BR-E,197.79,2026-01-05
SKU-00093,Item-00093,BR-A,154.97,2026-01-05
SKU-00093,Item-00093,BR-B,90.65,2026-01-05
SKU-00093,Item-00093,BR-C,155.11,2026-01-05
SKU-00093,Item-00093,BR-D,205.85,2026-01-05
SKU-00093,Item-00093,BR-E,152.38,2026-01-05
SKU-00094,Item-00094,BR-A,170.46,2026-01-05
SKU-00094,Item-00094,BR-B,199.09,2026-01-05
SKU-00094,Item-00094,BR-C,115.84,2026-01-05
SKU-00094,Item-00094,BR-D,105.77,2026-01-05
SKU-00094,Item-00094,BR-E,148.62,2026-01-05
SKU-00095,Item-00095,BR-A,148.95,2026-01-05
SKU-00095,Item-00095,BR-B,92.79,2026-01-05
SKU-00095,Item-00095,BR-C,133.97,2026-01-05
SKU-00095,Item-00095,BR-D,188.91,2026-01-05
SKU-00095,Item-00095,BR-E,209.63,2026-01-05
SKU-00096,Item-00096,BR-A,30.08,2026-01-05
SKU-00096,Item-00096,BR-B,27.5,2026-01-05
SKU-00096,Item-00096,BR-C,35.36,2026-01-05
SKU-00096,Item-00096,BR-D,35.02,2026-01-05
SKU-00096,Item-00096,BR-E,17.65,2026-01-05
SKU-00097,Item-00097,BR-A,30.91,2026-01-05
SKU-00097,Item-00097,BR-B,48.13,2026-01-05
SKU-00097,Item-00097,BR-C,24.31,2026-01-05
SKU-00097,Item-00097,BR-D,50.26,2026-01-05
SKU-00097,Item-00097,BR-E,49.72,2026-01-05
SKU-00098,Item-00098,BR-A,160.32,2026-01-05
SKU-00098,Item-00098,BR-B,154.78,2026-01-05
SKU-00098,Item-00098,BR-C,266.75,2026-01-05
SKU-00098,Item-00098,BR-D,138.78,2026-01-05
SKU-00098,Item-00098,BR-E,186.09,2026-01-05
SKU-00099,Item-00099,BR-A,148.61,2026-01-05
SKU-00099,Item-00099,BR-B,216.55,2026-01-05
SKU-00099,Item-00099,BR-C,289.85,2026-01-05
SKU-00099,Item-00099,BR-D,253.25,2026-01-05
SKU-00099,Item-00099,BR-E,286.64,2026-01-05
SKU-00100,Item-00100,BR-A,104.78,2026-01-05
SKU-00100,Item-00100,BR-B,65.53,2026-01-05
SKU-00100,Item-00100,BR-C,115.25,2026-01-05
SKU-00100,Item-00100,BR-D,87.74,2026-01-05
SKU-00100,Item-00100,BR-E,147.15,2026-01-05
SKU-00101,Item-00101,BR-A,118.82,2026-01-05
SKU-00101,Item-00101,BR-B,170.41,2026-01-05
SKU-00101,Item-00101,BR-C,255.61,2026-01-05
SKU-00101,Item-00101,BR-D,92.87,2026-01-05
SKU-00101,Item-00101,BR-E,97.2,2026-01-05
SKU-00102,Item-00102,BR-A,200.18,2026-01-05
SKU-00102,Item-00102,BR-B,231.5,2026-01-05
SKU-00102,Item-00102,BR-C,252.66,2026-01-05
SKU-00102,Item-00102,BR-D,230.7,2026-01-05
SKU-00102,Item-00102,BR-E,100.28,2026-01-05
SKU-00103,Item-00103,BR-A,114.91,2026-01-05
SKU-00103,Item-00103,BR-B,96.02,2026-01-05
SKU-00103,Item-00103,BR-C,150.85,2026-01-05
SKU-00103,Item-00103,BR-D,79.3,2026-01-05
SKU-00103,Item-00103,BR-E,158.14,2026-01-05
SKU-00104,Item-00104,BR-A,89.39,2026-01-05
SKU-00104,Item-00104,BR-B,80.88,2026-01-05
SKU-00104,Item-00104,BR-C,42.39,2026-01-05
SKU-00104,Item-00104,BR-D,76.85,2026-01-05
SKU-00104,Item-00104,BR-E,95.34,2026-01-05
SKU-00105,Item-00105,BR-A,88.95,2026-01-05
SKU-00105,Item-00105,BR-B,100.23,2026-01-05
SKU-00105,Item-00105,BR-C,145.59,2026-01-05
SKU-00105,Item-00105,BR-D,139.86,2026-01-05
SKU-00105,Item-00105,BR-E,96.49,2026-01-05
SKU-00106,Item-00106,BR-A,225.16,2026-01-05
SKU-00106,Item-00106,BR-B,188.37,2026-01-05
SKU-00106,Item-00106,BR-C,213.14,2026-01-05
SKU-00106,Item-00106,BR-D,173.49,2026-01-05
SKU-00106,Item-00106,BR-E,118.86,2026-01-05
SKU-00107,Item-00107,BR-A,66.56,2026-01-05
SKU-00107,Item-00107,BR-B,77.89,2026-01-05
SKU-00107,Item-00107,BR-C,132.61,2026-01-05
SKU-00107,Item-00107,BR-D,125.64,2026-01-05
SKU-00107,Item-00107,BR-E,63.23,2026-01-05
SKU-00108,Item-00108,BR-A,128.38,2026-01-05
SKU-00108,Item-00108,BR-B,172.65,2026-01-05
SKU-00108,Item-00108,BR-C,159.39,2026-01-05
SKU-00108,Item-00108,BR-D,263.41,2026-01-05
SKU-00108,Item-00108,BR-E,242.1,2026-01-05
SKU-00109,Item-00109,BR-A,37.17,2026-01-05
SKU-00109,Item-00109,BR-B,31.56,2026-01-05
SKU-00109,Item-00109,BR-C,58.62,2026-01-05
SKU-00109,Item-00109,BR-D,30.42,2026-01-05
SKU-00109,Item-00109,BR-E,71.39,2026-01-05
SKU-00110,Item-00110,BR-A,176.89,2026-01-05
SKU-00110,Item-00110,BR-B,134.5,2026-01-05
SKU-00110,Item-00110,BR-C,137.12,2026-01-05
SKU-00110,Item-00110,BR-D,143.18,2026-01-05
SKU-00110,Item-00110,BR-E,168.83,2026-01-05
SKU-00111,Item-00111,BR-A,26.89,2026-01-05
SKU-00111,Item-00111,BR-B,25.11,2026-01-05
SKU-00111,Item-00111,BR-C,22.44,2026-01-05
SKU-00111,Item-00111,BR-D,22.98,2026-01-05
SKU-00111,Item-00111,BR-E,26.36,2026-01-05
SKU-00112,Item-00112,BR-A,109.77,2026-01-05
SKU-00112,Item-00112,BR-B,132.22,2026-01-05
SKU-00112,Item-00112,BR-C,121.44,2026-01-05
SKU-00112,Item-00112,BR-D,145.4,2026-01-05
SKU-00112,Item-00112,BR-E,144.1,2026-01-05
SKU-00113,Item-00113,BR-A,124.68,2026-01-05
SKU-00113,Item-00113,BR-B,222.9,2026-01-05
SKU-00113,Item-00113,BR-C,104.71,2026-01-05
SKU-00113,Item-00113,BR-D,176.18,2026-01-05
SKU-00113,Item-00113,BR-E,152.35,2026-01-05
SKU-00114,Item-00114,BR-A,127.18,2026-01-05
SKU-00114,Item-00114,BR-B,108.33,2026-01-05
SKU-00114,Item-00114,BR-C,166.69,2026-01-05
SKU-00114,Item-00114,BR-D,160.36,2026-01-05
SKU-00114,Item-00114,BR-E,89.05,2026-01-05
SKU-00115,Item-00115,BR-A,29.48,2026-01-05
SKU-00115,Item-00115,BR-B,32.75,2026-01-05
SKU-00115,Item-00115,BR-C,41.71,2026-01-05
SKU-00115,Item-00115,BR-D,20.1,2026-01-05
SKU-00115,Item-00115,BR-E,26.62,2026-01-05
SKU-00116,Item-00116,BR-A,143.51,2026-01-05
SKU-00116,Item-00116,BR-B,191.49,2026-01-05
SKU-00116,Item-00116,BR-C,136.09,2026-01-05
SKU-00116,Item-00116,BR-D,214.84,2026-01-05
SKU-00116,Item-00116,BR-E,218.99,2026-01-05
SKU-00117,Item-00117,BR-A,288.87,2026-01-05
SKU-00117,Item-00117,BR-B,177.76,2026-01-05
SKU-00117,Item-00117,BR-C,217.78,2026-01-05
SKU-00117,Item-00117,BR-D,133.44,2026-01-05
SKU-00117,Item-00117,BR-E,166.15,2026-01-05
SKU-00118,Item-00118,BR-A,102.9,2026-01-05
SKU-00118,Item-00118,BR-B,206.16,2026-01-05
SKU-00118,Item-00118,BR-C,126.38,2026-01-05
SKU-00118,Item-00118,BR-D,135.28,2026-01-05
SKU-00118,Item-00118,BR-E,208.05,2026-01-05
SKU-00119,Item-00119,BR-A,143.46,2026-01-05
SKU-00119,Item-00119,BR-B,99.16,2026-01-05
SKU-00119,Item-00119,BR-C,149.07,2026-01-05
SKU-00119,Item-00119,BR-D,100.04,2026-01-05
SKU-00119,Item-00119,BR-E,201.18,2026-01-05
SKU-00120,Item-00120,BR-A,107.27,2026-01-05
SKU-00120,Item-00120,BR-B,288.3,2026-01-05
SKU-00120,Item-00120,BR-C,170.96,2026-01-05
SKU-00120,Item-00120,BR-D,164.54,2026-01-05
SKU-00120,Item-00120,BR-E,148.05,2026-01-05
SKU-00121,Item-00121,BR-A,71.57,2026-01-05
SKU-00121,Item-00121,BR-B,115.35,2026-01-05
SKU-00121,Item-00121,BR-C,116.34,2026-01-05
SKU-00121,Item-00121,BR-D,104.13,2026-01-05
SKU-00121,Item-00121,BR-E,78.42,2026-01-05
SKU-00122,Item-00122,BR-A,90.02,2026-01-05
SKU-00122,Item-00122,BR-B,130.92,2026-01-05
SKU-00122,Item-00122,BR-C,130.35,2026-01-05
SKU-00122,Item-00122,BR-D,124.36,2026-01-05
SKU-00122,Item-00122,BR-E,124.88,2026-01-05
SKU-00123,Item-00123,BR-A,61.85,2026-01-05
SKU-00123,Item-00123,BR-B,49.73,2026-01-05
SKU-00123,Item-00123,BR-C,35.89,2026-01-05
SKU-00123,Item-00123,BR-D,34.68,2026-01-05
SKU-00123,Item-00123,BR-E,56.29,2026-01-05
SKU-00124,Item-00124,BR-A,7.43,2026-01-05
SKU-00124,Item-00124,BR-B,5.05,2026-01-05
SKU-00124,Item-00124,BR-C,6.88,2026-01-05
SKU-00124,Item-00124,BR-D,4.8,2026-01-05
SKU-00124,Item-00124,BR-E,8.66,2026-01-05
SKU-00125,Item-00125,BR-A,51.34,2026-01-05
SKU-00125,Item-00125,BR-B,61.22,2026-01-05
SKU-00125,Item-00125,BR-C,67.51,2026-01-05
SKU-00125,Item-00125,BR-D,72.19,2026-01-05
SKU-00125,Item-00125,BR-E,28.44,2026-01-05
SKU-00126,Item-00126,BR-A,5.89,2026-01-05
SKU-00126,Item-00126,BR-B,4.19,2026-01-05
SKU-00126,Item-00126,BR-C,4.23,2026-01-05
SKU-00126,Item-00126,BR-D,6.81,2026-01-05
SKU-00126,Item-00126,BR-E,6.55,2026-01-05
SKU-00127,Item-00127,BR-A,56.74,2026-01-05
SKU-00127,Item-00127,BR-B,37.38,2026-01-05
SKU-00127,Item-00127,BR-C,58.59,2026-01-05
SKU-00127,Item-00127,BR-D,47.45,2026-01-05
SKU-00127,Item-00127,BR-E,27.61,2026-01-05
SKU-00128,Item-00128,BR-A,193.05,2026-01-05
SKU-00128,Item-00128,BR-B,183.43,2026-01-05
SKU-00128,Item-00128,BR-C,105.95,2026-01-05
SKU-00128,Item-00128,BR-D,122.54,2026-01-05
SKU-00128,Item-00128,BR-E,230.32,2026-01-05
SKU-00129,Item-00129,BR-A,61.53,2026-01-05
SKU-00129,Item-00129,BR-B,147.3,2026-01-05
SKU-00129,Item-00129,BR-C,108.41,2026-01-05
SKU-00129,Item-00129,BR-D,61.24,2026-01-05
SKU-00129,Item-00129,BR-E,78.27,2026-01-05
SKU-00130,Item-00130,BR-A,148.04,2026-01-05
SKU-00130,Item-00130,BR-B,147.46,2026-01-05
SKU-00130,Item-00130,BR-C,132.05,2026-01-05
SKU-00130,Item-00130,BR-D,141.62,2026-01-05
SKU-00130,Item-00130,BR-E,173.81,2026-01-05
SKU-00131,Item-00131,BR-A,91.72,2026-01-05
SKU-00131,Item-00131,BR-B,125.43,2026-01-05
SKU-00131,Item-00131,BR-C,78.63,2026-01-05
SKU-00131,Item-00131,BR-D,70.06,2026-01-05
SKU-00131,Item-00131,BR-E,66.53,2026-01-05
SKU-00132,Item-00132,BR-A,37.02,2026-01-05
SKU-00132,Item-00132,BR-B,54.38,2026-01-05
SKU-00132,Item-00132,BR-C,37.91,2026-01-05
SKU-00132,Item-00132,BR-D,51.6,2026-01-05
SKU-00132,Item-00132,BR-E,55.73,2026-01-05
SKU-00133,Item-00133,BR-A,177.22,2026-01-05
SKU-00133,Item-00133,BR-B,221.43,2026-01-05
SKU-00133,Item-00133,BR-C,102.83,2026-01-05
SKU-00133,Item-00133,BR-D,225.45,2026-01-05
SKU-00133,Item-00133,BR-E,208.18,2026-01-05
SKU-00134,Item-00134,BR-A,16.11,2026-01-05
SKU-00134,Item-00134,BR-B,29.53,2026-01-05
SKU-00134,Item-00134,BR-C,25.33,2026-01-05
SKU-00134,Item-00134,BR-D,21.85,2026-01-05
SKU-00134,Item-00134,BR-E,11.84,2026-01-05
SKU-00135,Item-00135,BR-A,92.62,2026-01-05
SKU-00135,Item-00135,BR-B,81.64,2026-01-05
SKU-00135,Item-00135,BR-C,73.86,2026-01-05
SKU-00135,Item-00135,BR-D,51.21,2026-01-05
SKU-00135,Item-00135,BR-E,74.91,2026-01-05
SKU-00136,Item-00136,BR-A,98.12,2026-01-05
SKU-00136,Item-00136,BR-B,138.87,2026-01-05
SKU-00136,Item-00136,BR-C,78.12,2026-01-05
SKU-00136,Item-00136,BR-D,131.03,2026-01-05
SKU-00136,Item-00136,BR-E,73.4,2026-01-05
SKU-00137,Item-00137,BR-A,107.9,2026-01-05
SKU-00137,Item-00137,BR-B,145.82,2026-01-05
SKU-00137,Item-00137,BR-C,112.35,2026-01-05
SKU-00137,Item-00137,BR-D,129.75,2026-01-05
SKU-00137,Item-00137,BR-E,200.98,2026-01-05
SKU-00138,Item-00138,BR-A,22.96,2026-01-05
SKU-00138,Item-00138,BR-B,15.87,2026-01-05
SKU-00138,Item-00138,BR-C,13.27,2026-01-05
SKU-00138,Item-00138,BR-D,23.4,2026-01-05
SKU-00138,Item-00138,BR-E,15.61,2026-01-05
SKU-00139,Item-00139,BR-A,110.09,2026-01-05
SKU-00139,Item-00139,BR-B,94.78,2026-01-05
SKU-00139,Item-00139,BR-C,152.28,2026-01-05
SKU-00139,Item-00139,BR-D,132.29,2026-01-05
SKU-00139,Item-00139,BR-E,229.68,2026-01-05
SKU-00140,Item-00140,BR-A,50.54,2026-01-05
SKU-00140,Item-00140,BR-B,60.56,2026-01-05
SKU-00140,Item-00140,BR-C,55.45,2026-01-05
SKU-00140,Item-00140,BR-D,37.12,2026-01-05
SKU-00140,Item-00140,BR-E,67.81,2026-01-05
SKU-00141,Item-00141,BR-A,138.38,2026-01-05
SKU-00141,Item-00141,BR-B,79.93,2026-01-05
SKU-00141,Item-00141,BR-C,110.62,2026-01-05
SKU-00141,Item-00141,BR-D,91.29,2026-01-05
SKU-00141,Item-00141,BR-E,113.66,2026-01-05
SKU-00142,Item-00142,BR-A,54.2,2026-01-05
SKU-00142,Item-00142,BR-B,70.86,2026-01-05
SKU-00142,Item-00142,BR-C,97.01,2026-01-05
SKU-00142,Item-00142,BR-D,93.75,2026-01-05
SKU-00142,Item-00142,BR-E,58.56,2026-01-05
SKU-00143,Item-00143,BR-A,64.13,2026-01-05
SKU-00143,Item-00143,BR-B,120.44,2026-01-05
SKU-00143,Item-00143,BR-C,122.23,2026-01-05
SKU-00143,Item-00143,BR-D,128.37,2026-01-05
SKU-00143,Item-00143,BR-E,106.01,2026-01-05
SKU-00144,Item-00144,BR-A,61.58,2026-01-05
SKU-00144,Item-00144,BR-B,132.37,2026-01-05
SKU-00144,Item-00144,BR-C,134.53,2026-01-05
SKU-00144,Item-00144,BR-D,105.52,2026-01-05
SKU-00144,Item-00144,BR-E,117.5,2026-01-05
SKU-00145,Item-00145,BR-A,29.82,2026-01-05
SKU-00145,Item-00145,BR-B,18.27,2026-01-05
SKU-00145,Item-00145,BR-C,33.28,2026-01-05
SKU-00145,Item-00145,BR-D,22.86,2026-01-05
SKU-00145,Item-00145,BR-E,31.55,2026-01-05
SKU-00146,Item-00146,BR-A,137.82,2026-01-05
SKU-00146,Item-00146,BR-B,111.86,2026-01-05
SKU-00146,Item-00146,BR-C,142.75,2026-01-05
SKU-00146,Item-00146,BR-D,146.06,2026-01-05
SKU-00146,Item-00146,BR-E,210.1,2026-01-05
SKU-00147,Item-00147,BR-A,178.82,2026-01-05
SKU-00147,Item-00147,BR-B,174.4,2026-01-05
SKU-00147,Item-00147,BR-C,168.66,2026-01-05
SKU-00147,Item-00147,BR-D,172.92,2026-01-05
SKU-00147,Item-00147,BR-E,235.37,2026-01-05
SKU-00148,Item-00148,BR-A,33.57,2026-01-05
SKU-00148,Item-00148,BR-B,53.68,2026-01-05
SKU-00148,Item-00148,BR-C,31.78,2026-01-05
SKU-00148,Item-00148,BR-D,47.87,2026-01-05
SKU-00148,Item-00148,BR-E,53.91,2026-01-05
SKU-00149,Item-00149,BR-A,125.25,2026-01-05
SKU-00149,Item-00149,BR-B,53.53,2026-01-05
SKU-00149,Item-00149,BR-C,119.23,2026-01-05
SKU-00149,Item-00149,BR-D,71.67,2026-01-05
SKU-00149,Item-00149,BR-E,120.42,2026-01-05
SKU-00150,Item-00150,BR-A,147.0,2026-01-05
SKU-00150,Item-00150,BR-B,160.87,2026-01-05
SKU-00150,Item-00150,BR-C,151.77,2026-01-05
SKU-00150,Item-00150,BR-D,234.52,2026-01-05
SKU-00150,Item-00150,BR-E,152.44,2026-01-05
SKU-00151,Item-00151,BR-A,83.82,2026-01-05
SKU-00151,Item-00151,BR-B,56.31,2026-01-05
SKU-00151,Item-00151,BR-C,57.5,2026-01-05
SKU-00151,Item-00151,BR-D,79.47,2026-01-05
SKU-00151,Item-00151,BR-E,106.44,2026-01-05
SKU-00152,Item-00152,BR-A,35.23,2026-01-05
SKU-00152,Item-00152,BR-B,42.68,2026-01-05
SKU-00152,Item-00152,BR-C,47.17,2026-01-05
SKU-00152,Item-00152,BR-D,55.59,2026-01-05
SKU-00152,Item-00152,BR-E,68.78,2026-01-05
SKU-00153,Item-00153,BR-A,58.86,2026-01-05
SKU-00153,Item-00153,BR-B,88.12,2026-01-05
SKU-00153,Item-00153,BR-C,34.12,2026-01-05
SKU-00153,Item-00153,BR-D,69.92,2026-01-05
SKU-00153,Item-00153,BR-E,71.58,2026-01-05
SKU-00154,Item-00154,BR-A,188.72,2026-01-05
SKU-00154,Item-00154,BR-B,133.72,2026-01-05
SKU-00154,Item-00154,BR-C,106.74,2026-01-05
SKU-00154,Item-00154,BR-D,149.32,2026-01-05
SKU-00154,Item-00154,BR-E,119.11,2026-01-05
SKU-00155,Item-00155,BR-A,21.46,2026-01-05
SKU-00155,Item-00155,BR-B,39.51,2026-01-05
SKU-00155,Item-00155,BR-C,27.32,2026-01-05
SKU-00155,Item-00155,BR-D,30.45,2026-01-05
SKU-00155,Item-00155,BR-E,49.04,2026-01-05
SKU-00156,Item-00156,BR-A,29.55,2026-01-05
SKU-00156,Item-00156,BR-B,30.61,2026-01-05
SKU-00156,Item-00156,BR-C,58.62,2026-01-05
SKU-00156,Item-00156,BR-D,39.27,2026-01-05
SKU-00156,Item-00156,BR-E,59.77,2026-01-05
SKU-00157,Item-00157,BR-A,109.06,2026-01-05
SKU-00157,Item-00157,BR-B,79.05,2026-01-05
SKU-00157,Item-00157,BR-C,78.9,2026-01-05
SKU-00157,Item-00157,BR-D,95.9,2026-01-05
SKU-00157,Item-00157,BR-E,84.58,2026-01-05
SKU-00158,Item-00158,BR-A,9.77,2026-01-05
SKU-00158,Item-00158,BR-B,12.23,2026-01-05
SKU-00158,Item-00158,BR-C,17.33,2026-01-05
SKU-00158,Item-00158,BR-D,20.3,2026-01-05
SKU-00158,Item-00158,BR-E,12.47,2026-01-05
SKU-00159,Item-00159,BR-A,15.85,2026-01-05
SKU-00159,Item-00159,BR-B,12.3,2026-01-05
SKU-00159,Item-00159,BR-C,8.3,2026-01-05
SKU-00159,Item-00159,BR-D,19.42,2026-01-05
SKU-00159,Item-00159,BR-E,8.99,2026-01-05
SKU-00160,Item-00160,BR-A,132.4,2026-01-05
SKU-00160,Item-00160,BR-B,124.95,2026-01-05
SKU-00160,Item-00160,BR-C,85.22,2026-01-05
SKU-00160,Item-00160,BR-D,139.15,2026-01-05
SKU-00160,Item-00160,BR-E,144.31,2026-01-05
SKU-00161,Item-00161,BR-A,33.4,2026-01-05
SKU-00161,Item-00161,BR-B,48.28,2026-01-05
SKU-00161,Item-00161,BR-C,24.52,2026-01-05
SKU-00161,Item-00161,BR-D,34.16,2026-01-05
SKU-00161,Item-00161,BR-E,33.91,2026-01-05
SKU-00162,Item-00162,BR-A,16.77,2026-01-05
SKU-00162,Item-00162,BR-B,23.4,2026-01-05
SKU-00162,Item-00162,BR-C,23.91,2026-01-05
SKU-00162,Item-00162,BR-D,15.27,2026-01-05
SKU-00162,Item-00162,BR-E,24.74,2026-01-05
SKU-00163,Item-00163,BR-A,9.56,2026-01-05
SKU-00163,Item-00163,BR-B,11.2,2026-01-05
SKU-00163,Item-00163,BR-C,16.17,2026-01-05
SKU-00163,Item-00163,BR-D,15.92,2026-01-05
SKU-00163,Item-00163,BR-E,17.45,2026-01-05
SKU-00164,Item-00164,BR-A,78.0,2026-01-05
SKU-00164,Item-00164,BR-B,141.88,2026-01-05
SKU-00164,Item-00164,BR-C,193.03,2026-01-05
SKU-00164,Item-00164,BR-D,139.74,2026-01-05
SKU-00164,Item-00164,BR-E,73.76,2026-01-05
SKU-00165,Item-00165,BR-A,79.15,2026-01-05
SKU-00165,Item-00165,BR-B,46.28,2026-01-05
SKU-00165,Item-00165,BR-C,84.58,2026-01-05
SKU-00165,Item-00165,BR-D,108.44,2026-01-05
SKU-00165,Item-00165,BR-E,107.78,2026-01-05
SKU-00166,Item-00166,BR-A,118.02,2026-01-05
SKU-00166,Item-00166,BR-B,127.5,2026-01-05
SKU-00166,Item-00166,BR-C,134.32,2026-01-05
SKU-00166,Item-00166,BR-D,145.78,2026-01-05
SKU-00166,Item-00166,BR-E,126.41,2026-01-05
SKU-00167,Item-00167,BR-A,184.85,2026-01-05
SKU-00167,Item-00167,BR-B,161.19,2026-01-05
SKU-00167,Item-00167,BR-C,130.78,2026-01-05
SKU-00167,Item-00167,BR-D,163.39,2026-01-05
SKU-00167,Item-00167,BR-E,169.22,2026-01-05
SKU-00168,Item-00168,BR-A,81.08,2026-01-05
SKU-00168,Item-00168,BR-B,189.16,2026-01-05
SKU-00168,Item-00168,BR-C,148.71,2026-01-05
SKU-00168,Item-00168,BR-D,198.29,2026-01-05
SKU-00168,Item-00168,BR-E,167.08,2026-01-05
SKU-00169,Item-00169,BR-A,84.01,2026-01-05
SKU-00169,Item-00169,BR-B,62.38,2026-01-05
SKU-00169,Item-00169,BR-C,52.47,2026-01-05
SKU-00169,Item-00169,BR-D,63.69,2026-01-05
SKU-00169,Item-00169,BR-E,91.31,2026-01-05
SKU-00170,Item-00170,BR-A,54.8,2026-01-05
SKU-00170,Item-00170,BR-B,51.0,2026-01-05
SKU-00170,Item-00170,BR-C,26.23,2026-01-05
SKU-00170,Item-00170,BR-D,50.89,2026-01-05
SKU-00170,Item-00170,BR-E,37.68,2026-01-05
SKU-00171,Item-00171,BR-A,52.81,2026-01-05
SKU-00171,Item-00171,BR-B,60.97,2026-01-05
SKU-00171,Item-00171,BR-C,67.29,2026-01-05
SKU-00171,Item-00171,BR-D,48.09,2026-01-05
SKU-00171,Item-00171,BR-E,27.73,2026-01-05
SKU-00172,Item-00172,BR-A,32.13,2026-01-05
SKU-00172,Item-00172,BR-B,15.72,2026-01-05
SKU-00172,Item-00172,BR-C,39.44,2026-01-05
SKU-00172,Item-00172,BR-D,16.08,2026-01-05
SKU-00172,Item-00172,BR-E,22.04,2026-01-05
SKU-00173,Item-00173,BR-A,88.12,2026-01-05
SKU-00173,Item-00173,BR-B,72.76,2026-01-05
SKU-00173,Item-00173,BR-C,69.48,2026-01-05
SKU-00173,Item-00173,BR-D,110.7,2026-01-05
SKU-00173,Item-00173,BR-E,78.95,2026-01-05
SKU-00174,Item-00174,BR-A,5.7,2026-01-05
SKU-00174,Item-00174,BR-B,6.89,2026-01-05
SKU-00174,Item-00174,BR-C,7.48,2026-01-05
SKU-00174,Item-00174,BR-D,6.37,2026-01-05
SKU-00174,Item-00174,BR-E,5.11,2026-01-05
SKU-00175,Item-00175,BR-A,25.45,2026-01-05
SKU-00175,Item-00175,BR-B,25.22,2026-01-05
SKU-00175,Item-00175,BR-C,12.4,2026-01-05
SKU-00175,Item-00175,BR-D,23.53,2026-01-05
SKU-00175,Item-00175,BR-E,13.36,2026-01-05
SKU-00176,Item-00176,BR-A,72.45,2026-01-05
SKU-00176,Item-00176,BR-B,56.82,2026-01-05
SKU-00176,Item-00176,BR-C,114.75,2026-01-05
SKU-00176,Item-00176,BR-D,139.17,2026-01-05
SKU-00176,Item-00176,BR-E,132.61,2026-01-05
SKU-00177,Item-00177,BR-A,196.57,2026-01-05
SKU-00177,Item-00177,BR-B,272.14,2026-01-05
SKU-00177,Item-00177,BR-C,157.82,2026-01-05
SKU-00177,Item-00177,BR-D,155.61,2026-01-05
SKU-00177,Item-00177,BR-E,140.08,2026-01-05
SKU-00178,Item-00178,BR-A,128.52,2026-01-05
SKU-00178,Item-00178,BR-B,144.71,2026-01-05
SKU-00178,Item-00178,BR-C,165.58,2026-01-05
SKU-00178,Item-00178,BR-D,139.23,2026-01-05
SKU-00178,Item-00178,BR-E,253.64,2026-01-05
SKU-00179,Item-00179,BR-A,44.11,2026-01-05
SKU-00179,Item-00179,BR-B,52.17,2026-01-05
SKU-00179,Item-00179,BR-C,39.44,2026-01-05
SKU-00179,Item-00179,BR-D,83.9,2026-01-05
SKU-00179,Item-00179,BR-E,57.09,2026-01-05
SKU-00180,Item-00180,BR-A,224.12,2026-01-05
SKU-00180,Item-00180,BR-B,149.17,2026-01-05
SKU-00180,Item-00180,BR-C,160.41,2026-01-05
SKU-00180,Item-00180,BR-D,209.39,2026-01-05
SKU-00180,Item-00180,BR-E,208.73,2026-01-05
SKU-00181,Item-00181,BR-A,110.97,2026-01-05
SKU-00181,Item-00181,BR-B,118.99,2026-01-05
SKU-00181,Item-00181,BR-C,113.24,2026-01-05
SKU-00181,Item-00181,BR-D,89.86,2026-01-05
SKU-00181,Item-00181,BR-E,110.98,2026-01-05
SKU-00182,Item-00182,BR-A,7.21,2026-01-05
SKU-00182,Item-00182,BR-B,3.36,2026-01-05
SKU-00182,Item-00182,BR-C,3.8,2026-01-05
SKU-00182,Item-00182,BR-D,7.74,2026-01-05
SKU-00182,Item-00182,BR-E,6.73,2026-01-05
SKU-00183,Item-00183,BR-A,40.34,2026-01-05
SKU-00183,Item-00183,BR-B,79.13,2026-01-05
SKU-00183,Item-00183,BR-C,40.25,2026-01-05
SKU-00183,Item-00183,BR-D,62.78,2026-01-05
SKU-00183,Item-00183,BR-E,69.86,2026-01-05
SKU-00184,Item-00184,BR-A,236.12,2026-01-05
SKU-00184,Item-00184,BR-B,156.78,2026-01-05
SKU-00184,Item-00184,BR-C,133.71,2026-01-05
SKU-00184,Item-00184,BR-D,279.28,2026-01-05
SKU-00184,Item-00184,BR-E,245.3,2026-01-05
SKU-00185,Item-00185,BR-A,48.93,2026-01-05
SKU-00185,Item-00185,BR-B,43.24,2026-01-05
SKU-00185,Item-00185,BR-C,35.43,2026-01-05
SKU-00185,Item-00185,BR-D,54.22,2026-01-05
SKU-00185,Item-00185,BR-E,29.73,2026-01-05
SKU-00186,Item-00186,BR-A,195.55,2026-01-05
SKU-00186,Item-00186,BR-B,136.81,2026-01-05
SKU-00186,Item-00186,BR-C,203.43,2026-01-05
SKU-00186,Item-00186,BR-D,130.16,2026-01-05
SKU-00186,Item-00186,BR-E,216.29,2026-01-05
SKU-00187,Item-00187,BR-A,76.86,2026-01-05
SKU-00187,Item-00187,BR-B,54.37,2026-01-05
SKU-00187,Item-00187,BR-C,77.49,2026-01-05
SKU-00187,Item-00187,BR-D,46.91,2026-01-05
SKU-00187,Item-00187,BR-E,85.98,2026-01-05
SKU-00188,Item-00188,BR-A,87.86,2026-01-05
SKU-00188,Item-00188,BR-B,166.73,2026-01-05
SKU-00188,Item-00188,BR-C,130.92,2026-01-05
SKU-00188,Item-00188,BR-D,142.44,2026-01-05
SKU-00188,Item-00188,BR-E,210.13,2026-01-05
SKU-00189,Item-00189,BR-A,110.05,2026-01-05
SKU-00189,Item-00189,BR-B,160.48,2026-01-05
SKU-00189,Item-00189,BR-C,116.62,2026-01-05
SKU-00189,Item-00189,BR-D,91.92,2026-01-05
SKU-00189,Item-00189,BR-E,106.57,2026-01-05
SKU-00190,Item-00190,BR-A,110.84,2026-01-05
SKU-00190,Item-00190,BR-B,66.97,2026-01-05
SKU-00190,Item-00190,BR-C,69.76,2026-01-05
SKU-00190,Item-00190,BR-D,123.96,2026-01-05
SKU-00190,Item-00190,BR-E,130.71,2026-01-05
SKU-00191,Item-00191,BR-A,106.09,2026-01-05
SKU-00191,Item-00191,BR-B,237.24,2026-01-05
SKU-00191,Item-00191,BR-C,248.55,2026-01-05
SKU-00191,Item-00191,BR-D,212.21,2026-01-05
SKU-00191,Item-00191,BR-E,161.04,2026-01-05
SKU-00192,Item-00192,BR-A,20.57,2026-01-05
SKU-00192,Item-00192,BR-B,15.02,2026-01-05
SKU-00192,Item-00192,BR-C,15.34,2026-01-05
SKU-00192,Item-00192,BR-D,31.83,2026-01-05
SKU-00192,Item-00192,BR-E,32.45,2026-01-05
SKU-00193,Item-00193,BR-A,207.9,2026-01-05
SKU-00193,Item-00193,BR-B,219.0,2026-01-05
SKU-00193,Item-00193,BR-C,116.92,2026-01-05
SKU-00193,Item-00193,BR-D,230.17,2026-01-05
SKU-00193,Item-00193,BR-E,105.19,2026-01-05
SKU-00194,Item-00194,BR-A,3.19,2026-01-05
SKU-00194,Item-00194,BR-B,4.71,2026-01-05
SKU-00194,Item-00194,BR-C,3.84,2026-01-05
SKU-00194,Item-00194,BR-D,5.3,2026-01-05
SKU-00194,Item-00194,BR-E,6.59,2026-01-05
SKU-00195,Item-00195,BR-A,101.03,2026-01-05
SKU-00195,Item-00195,BR-B,108.05,2026-01-05
SKU-00195,Item-00195,BR-C,166.15,2026-01-05
SKU-00195,Item-00195,BR-D,109.37,2026-01-05
SKU-00195,Item-00195,BR-E,179.42,2026-01-05
SKU-00196,Item-00196,BR-A,19.95,2026-01-05
SKU-00196,Item-00196,BR-B,49.14,2026-01-05
SKU-00196,Item-00196,BR-C,50.59,2026-01-05
SKU-00196,Item-00196,BR-D,20.38,2026-01-05
SKU-00196,Item-00196,BR-E,31.9,2026-01-05
SKU-00197,Item-00197,BR-A,124.3,2026-01-05
SKU-00197,Item-00197,BR-B,116.29,2026-01-05
SKU-00197,Item-00197,BR-C,76.16,2026-01-05
SKU-00197,Item-00197,BR-D,60.5,2026-01-05
SKU-00197,Item-00197,BR-E,156.96,2026-01-05
SKU-00198,Item-00198,BR-A,70.09,2026-01-05
SKU-00198,Item-00198,BR-B,169.69,2026-01-05
SKU-00198,Item-00198,BR-C,72.34,2026-01-05
SKU-00198,Item-00198,BR-D,112.72,2026-01-05
SKU-00198,Item-00198,BR-E,169.15,2026-01-05
SKU-00199,Item-00199,BR-A,25.56,2026-01-05
SKU-00199,Item-00199,BR-B,19.71,2026-01-05
SKU-00199,Item-00199,BR-C,12.33,2026-01-05
SKU-00199,Item-00199,BR-D,20.93,2026-01-05
SKU-00199,Item-00199,BR-E,21.54,2026-01-05
SKU-00200,Item-00200,BR-A,91.92,2026-01-05
SKU-00200,Item-00200,BR-B,109.02,2026-01-05
SKU-00200,Item-00200,BR-C,155.9,2026-01-05
SKU-00200,Item-00200,BR-D,72.11,2026-01-05
SKU-00200,Item-00200,BR-E,129.23,2026-01-05
SKU-00201,Item-00201,BR-A,104.13,2026-01-05
SKU-00201,Item-00201,BR-B,132.7,2026-01-05
SKU-00201,Item-00201,BR-C,144.53,2026-01-05
SKU-00201,Item-00201,BR-D,117.05,2026-01-05
SKU-00201,Item-00201,BR-E,148.26,2026-01-05
SKU-00202,Item-00202,BR-A,119.66,2026-01-05
SKU-00202,Item-00202,BR-B,63.23,2026-01-05
SKU-00202,Item-00202,BR-C,65.21,2026-01-05
SKU-00202,Item-00202,BR-D,57.51,2026-01-05
SKU-00202,Item-00202,BR-E,127.43,2026-01-05
SKU-00203,Item-00203,BR-A,47.97,2026-01-05
SKU-00203,Item-00203,BR-B,38.97,2026-01-05
SKU-00203,Item-00203,BR-C,39.76,2026-01-05
SKU-00203,Item-00203,BR-D,59.17,2026-01-05
SKU-00203,Item-00203,BR-E,89.5,2026-01-05
SKU-00204,Item-00204,BR-A,113.05,2026-01-05
SKU-00204,Item-00204,BR-B,134.3,2026-01-05
SKU-00204,Item-00204,BR-C,127.0,2026-01-05
SKU-00204,Item-00204,BR-D,210.38,2026-01-05
SKU-00204,Item-00204,BR-E,152.29,2026-01-05
SKU-00205,Item-00205,BR-A,203.1,2026-01-05
SKU-00205,Item-00205,BR-B,162.06,2026-01-05
SKU-00205,Item-00205,BR-C,142.13,2026-01-05
SKU-00205,Item-00205,BR-D,149.82,2026-01-05
SKU-00205,Item-00205,BR-E,190.97,2026-01-05
SKU-00206,Item-00206,BR-A,92.83,2026-01-05
SKU-00206,Item-00206,BR-B,47.92,2026-01-05
SKU-00206,Item-00206,BR-C,68.67,2026-01-05
SKU-00206,Item-00206,BR-D,85.78,2026-01-05
SKU-00206,Item-00206,BR-E,79.92,2026-01-05
SKU-00207,Item-00207,BR-A,254.7,2026-01-05
SKU-00207,Item-00207,BR-B,99.02,2026-01-05
SKU-00207,Item-00207,BR-C,249.75,2026-01-05
SKU-00207,Item-00207,BR-D,159.67,2026-01-05
SKU-00207,Item-00207,BR-E,101.4,2026-01-05
SKU-00208,Item-00208,BR-A,139.95,2026-01-05
SKU-00208,Item-00208,BR-B,136.96,2026-01-05
SKU-00208,Item-00208,BR-C,129.51,2026-01-05
SKU-00208,Item-00208,BR-D,108.82,2026-01-05
SKU-00208,Item-00208,BR-E,253.39,2026-01-05
SKU-00209,Item-00209,BR-A,126.64,2026-01-05
SKU-00209,Item-00209,BR-B,155.69,2026-01-05
SKU-00209,Item-00209,BR-C,200.82,2026-01-05
SKU-00209,Item-00209,BR-D,184.86,2026-01-05
SKU-00209,Item-00209,BR-E,159.56,2026-01-05
SKU-00210,Item-00210,BR-A,197.4,2026-01-05
SKU-00210,Item-00210,BR-B,229.25,2026-01-05
SKU-00210,Item-00210,BR-C,188.69,2026-01-05
SKU-00210,Item-00210,BR-D,167.53,2026-01-05
SKU-00210,Item-00210,BR-E,127.41,2026-01-05
SKU-00211,Item-00211,BR-A,199.92,2026-01-05
SKU-00211,Item-00211,BR-B,186.92,2026-01-05
SKU-00211,Item-00211,BR-C,113.13,2026-01-05
SKU-00211,Item-00211,BR-D,140.97,2026-01-05
SKU-00211,Item-00211,BR-E,225.3,2026-01-05
SKU-00212,Item-00212,BR-A,55.89,2026-01-05
SKU-00212,Item-00212,BR-B,33.47,2026-01-05
SKU-00212,Item-00212,BR-C,54.69,2026-01-05
SKU-00212,Item-00212,BR-D,30.34,2026-01-05
SKU-00212,Item-00212,BR-E,51.42,2026-01-05
SKU-00213,Item-00213,BR-A,157.36,2026-01-05
SKU-00213,Item-00213,BR-B,166.8,2026-01-05
SKU-00213,Item-00213,BR-C,184.34,2026-01-05
SKU-00213,Item-00213,BR-D,185.07,2026-01-05
SKU-00213,Item-00213,BR-E,135.12,2026-01-05
SKU-00214,Item-00214,BR-A,166.21,2026-01-05
SKU-00214,Item-00214,BR-B,94.55,2026-01-05
SKU-00214,Item-00214,BR-C,142.06,2026-01-05
SKU-00214,Item-00214,BR-D,185.58,2026-01-05
SKU-00214,Item-00214,BR-E,236.26,2026-01-05
SKU-00215,Item-00215,BR-A,36.46,2026-01-05
SKU-00215,Item-00215,BR-B,42.0,2026-01-05
SKU-00215,Item-00215,BR-C,54.63,2026-01-05
SKU-00215,Item-00215,BR-D,35.64,2026-01-05
SKU-00215,Item-00215,BR-E,59.74,2026-01-05
SKU-00216,Item-00216,BR-A,64.2,2026-01-05
SKU-00216,Item-00216,BR-B,108.65,2026-01-05
SKU-00216,Item-00216,BR-C,65.07,2026-01-05
SKU-00216,Item-00216,BR-D,75.01,2026-01-05
SKU-00216,Item-00216,BR-E,117.19,2026-01-05
SKU-00217,Item-00217,BR-A,104.38,2026-01-05
SKU-00217,Item-00217,BR-B,236.06,2026-01-05
SKU-00217,Item-00217,BR-C,175.21,2026-01-05
SKU-00217,Item-00217,BR-D,157.21,2026-01-05
SKU-00217,Item-00217,BR-E,248.53,2026-01-05
SKU-00218,Item-00218,BR-A,64.54,2026-01-05
SKU-00218,Item-00218,BR-B,30.79,2026-01-05
SKU-00218,Item-00218,BR-C,57.88,2026-01-05
SKU-00218,Item-00218,BR-D,31.93,2026-01-05
SKU-00218,Item-00218,BR-E,23.31,2026-01-05
SKU-00219,Item-00219,BR-A,89.95,2026-01-05
SKU-00219,Item-00219,BR-B,63.11,2026-01-05
SKU-00219,Item-00219,BR-C,80.58,2026-01-05
SKU-00219,Item-00219,BR-D,48.81,2026-01-05
SKU-00219,Item-00219,BR-E,98.89,2026-01-05
SKU-00220,Item-00220,BR-A,49.5,2026-01-05
SKU-00220,Item-00220,BR-B,62.3,2026-01-05
SKU-00220,Item-00220,BR-C,41.94,2026-01-05
SKU-00220,Item-00220,BR-D,35.78,2026-01-05
SKU-00220,Item-00220,BR-E,69.14,2026-01-05
SKU-00221,Item-00221,BR-A,85.63,2026-01-05
SKU-00221,Item-00221,BR-B,73.11,2026-01-05
SKU-00221,Item-00221,BR-C,51.14,2026-01-05
SKU-00221,Item-00221,BR-D,56.38,2026-01-05
SKU-00221,Item-00221,BR-E,93.92,2026-01-05
SKU-00222,Item-00222,BR-A,195.62,2026-01-05
SKU-00222,Item-00222,BR-B,233.69,2026-01-05
SKU-00222,Item-00222,BR-C,218.1,2026-01-05
SKU-00222,Item-00222,BR-D,116.79,2026-01-05
SKU-00222,Item-00222,BR-E,250.42,2026-01-05
SKU-00223,Item-00223,BR-A,81.49,2026-01-05
SKU-00223,Item-00223,BR-B,99.14,2026-01-05
SKU-00223,Item-00223,BR-C,57.98,2026-01-05
SKU-00223,Item-00223,BR-D,106.29,2026-01-05
SKU-00223,Item-00223,BR-E,105.57,2026-01-05
SKU-00224,Item-00224,BR-A,67.08,2026-01-05
SKU-00224,Item-00224,BR-B,115.64,2026-01-05
SKU-00224,Item-00224,BR-C,121.35,2026-01-05
SKU-00224,Item-00224,BR-D,115.06,2026-01-05
SKU-00224,Item-00224,BR-E,80.86,2026-01-05
SKU-00225,Item-00225,BR-A,45.34,2026-01-05
SKU-00225,Item-00225,BR-B,99.24,2026-01-05
SKU-00225,Item-00225,BR-C,36.21,2026-01-05
SKU-00225,Item-00225,BR-D,53.08,2026-01-05
SKU-00225,Item-00225,BR-E,73.54,2026-01-05
SKU-00226,Item-00226,BR-A,22.1,2026-01-05
SKU-00226,Item-00226,BR-B,38.0,2026-01-05
SKU-00226,Item-00226,BR-C,29.94,2026-01-05
SKU-00226,Item-00226,BR-D,38.94,2026-01-05
SKU-00226,Item-00226,BR-E,15.54,2026-01-05
SKU-00227,Item-00227,BR-A,36.02,2026-01-05
SKU-00227,Item-00227,BR-B,25.9,2026-01-05
SKU-00227,Item-00227,BR-C,51.66,2026-01-05
SKU-00227,Item-00227,BR-D,49.46,2026-01-05
SKU-00227,Item-00227,BR-E,51.07,2026-01-05
SKU-00228,Item-00228,BR-A,16.65,2026-01-05
SKU-00228,Item-00228,BR-B,8.73,2026-01-05
SKU-00228,Item-00228,BR-C,14.81,2026-01-05
SKU-00228,Item-00228,BR-D,13.24,2026-01-05
SKU-00228,Item-00228,BR-E,10.39,2026-01-05
SKU-00229,Item-00229,BR-A,51.18,2026-01-05
SKU-00229,Item-00229,BR-B,96.01,2026-01-05
SKU-00229,Item-00229,BR-C,42.59,2026-01-05
SKU-00229,Item-00229,BR-D,105.04,2026-01-05
SKU-00229,Item-00229,BR-E,56.98,2026-01-05
SKU-00230,Item-00230,BR-A,124.83,2026-01-05
SKU-00230,Item-00230,BR-B,57.74,2026-01-05
SKU-00230,Item-00230,BR-C,111.49,2026-01-05
SKU-00230,Item-00230,BR-D,129.34,2026-01-05
SKU-00230,Item-00230,BR-E,60.22,2026-01-05
SKU-00231,Item-00231,BR-A,25.53,2026-01-05
SKU-00231,Item-00231,BR-B,31.48,2026-01-05
SKU-00231,Item-00231,BR-C,33.78,2026-01-05
SKU-00231,Item-00231,BR-D,14.28,2026-01-05
SKU-00231,Item-00231,BR-E,17.05,2026-01-05
SKU-00232,Item-00232,BR-A,44.62,2026-01-05
SKU-00232,Item-00232,BR-B,33.67,2026-01-05
SKU-00232,Item-00232,BR-C,61.29,2026-01-05
SKU-00232,Item-00232,BR-D,53.02,2026-01-05
SKU-00232,Item-00232,BR-E,62.97,2026-01-05
SKU-00233,Item-00233,BR-A,3.48,2026-01-05
SKU-00233,Item-00233,BR-B,2.76,2026-01-05
SKU-00233,Item-00233,BR-C,5.33,2026-01-05
SKU-00233,Item-00233,BR-D,4.13,2026-01-05
SKU-00233,Item-00233,BR-E,2.53,2026-01-05
SKU-00234,Item-00234,BR-A,205.16,2026-01-05
SKU-00234,Item-00234,BR-B,195.9,2026-01-05
SKU-00234,Item-00234,BR-C,118.95,2026-01-05
SKU-00234,Item-00234,BR-D,109.59,2026-01-05
SKU-00234,Item-00234,BR-E,206.37,2026-01-05
SKU-00235,Item-00235,BR-A,67.57,2026-01-05
SKU-00235,Item-00235,BR-B,105.0,2026-01-05
SKU-00235,Item-00235,BR-C,47.84,2026-01-05
SKU-00235,Item-00235,BR-D,73.82,2026-01-05
SKU-00235,Item-00235,BR-E,82.52,2026-01-05
SKU-00236,Item-00236,BR-A,262.07,2026-01-05
SKU-00236,Item-00236,BR-B,227.84,2026-01-05
SKU-00236,Item-00236,BR-C,246.92,2026-01-05
SKU-00236,Item-00236,BR-D,240.25,2026-01-05
SKU-00236,Item-00236,BR-E,141.36,2026-01-05
SKU-00237,Item-00237,BR-A,78.89,2026-01-05
SKU-00237,Item-00237,BR-B,188.91,2026-01-05
SKU-00237,Item-00237,BR-C,140.42,2026-01-05
SKU-00237,Item-00237,BR-D,139.89,2026-01-05
SKU-00237,Item-00237,BR-E,110.81,2026-01-05
SKU-00238,Item-00238,BR-A,199.12,2026-01-05
SKU-00238,Item-00238,BR-B,170.2,2026-01-05
SKU-00238,Item-00238,BR-C,194.5,2026-01-05
SKU-00238,Item-00238,BR-D,212.4,2026-01-05
SKU-00238,Item-00238,BR-E,135.8,2026-01-05
SKU-00239,Item-00239,BR-A,118.53,2026-01-05
SKU-00239,Item-00239,BR-B,141.42,2026-01-05
SKU-00239,Item-00239,BR-C,82.48,2026-01-05
SKU-00239,Item-00239,BR-D,127.2,2026-01-05
SKU-00239,Item-00239,BR-E,82.04,2026-01-05
SKU-00240,Item-00240,BR-A,52.28,2026-01-05
SKU-00240,Item-00240,BR-B,69.23,2026-01-05
SKU-00240,Item-00240,BR-C,63.4,2026-01-05
SKU-00240,Item-00240,BR-D,90.97,2026-01-05
SKU-00240,Item-00240,BR-E,100.68,2026-01-05
SKU-00241,Item-00241,BR-A,68.28,2026-01-05
SKU-00241,Item-00241,BR-B,70.26,2026-01-05
SKU-00241,Item-00241,BR-C,147.69,2026-01-05
SKU-00241,Item-00241,BR-D,85.82,2026-01-05
SKU-00241,Item-00241,BR-E,113.52,2026-01-05
SKU-00242,Item-00242,BR-A,95.15,2026-01-05
SKU-00242,Item-00242,BR-B,101.43,2026-01-05
SKU-00242,Item-00242,BR-C,54.12,2026-01-05
SKU-00242,Item-00242,BR-D,111.14,2026-01-05
SKU-00242,Item-00242,BR-E,105.05,2026-01-05
SKU-00243,Item-00243,BR-A,146.6,2026-01-05
SKU-00243,Item-00243,BR-B,183.51,2026-01-05
SKU-00243,Item-00243,BR-C,121.95,2026-01-05
SKU-00243,Item-00243,BR-D,141.04,2026-01-05
SKU-00243,Item-00243,BR-E,195.23,2026-01-05
SKU-00244,Item-00244,BR-A,111.95,2026-01-05
SKU-00244,Item-00244,BR-B,138.58,2026-01-05
SKU-00244,Item-00244,BR-C,137.21,2026-01-05
SKU-00244,Item-00244,BR-D,161.91,2026-01-05
SKU-00244,Item-00244,BR-E,181.42,2026-01-05
SKU-00245,Item-00245,BR-A,90.81,2026-01-05
SKU-00245,Item-00245,BR-B,53.47,2026-01-05
SKU-00245,Item-00245,BR-C,106.17,2026-01-05
SKU-00245,Item-00245,BR-D,73.29,2026-01-05
SKU-00245,Item-00245,BR-E,98.71,2026-01-05
SKU-00246,Item-00246,BR-A,89.43,2026-01-05
SKU-00246,Item-00246,BR-B,59.55,2026-01-05
SKU-00246,Item-00246,BR-C,57.81,2026-01-05
SKU-00246,Item-00246,BR-D,79.54,2026-01-05
SKU-00246,Item-00246,BR-E,54.93,2026-01-05
SKU-00247,Item-00247,BR-A,114.17,2026-01-05
SKU-00247,Item-00247,BR-B,119.68,2026-01-05
SKU-00247,Item-00247,BR-C,95.68,2026-01-05
SKU-00247,Item-00247,BR-D,91.33,2026-01-05
SKU-00247,Item-00247,BR-E,127.25,2026-01-05
SKU-00248,Item-00248,BR-A,125.46,2026-01-05
SKU-00248,Item-00248,BR-B,108.28,2026-01-05
SKU-00248,Item-00248,BR-C,122.16,2026-01-05
SKU-00248,Item-00248,BR-D,112.08,2026-01-05
SKU-00248,Item-00248,BR-E,52.36,2026-01-05
SKU-00249,Item-00249,BR-A,147.01,2026-01-05
SKU-00249,Item-00249,BR-B,74.82,2026-01-05
SKU-00249,Item-00249,BR-C,197.41,2026-01-05
SKU-00249,Item-00249,BR-D,84.75,2026-01-05
SKU-00249,Item-00249,BR-E,194.05,2026-01-05
SKU-00250,Item-00250,BR-A,126.5,2026-01-05
SKU-00250,Item-00250,BR-B,119.63,2026-01-05
SKU-00250,Item-00250,BR-C,130.99,2026-01-05
SKU-00250,Item-00250,BR-D,74.75,2026-01-05
SKU-00250,Item-00250,BR-E,128.06,2026-01-05
SKU-00251,Item-00251,BR-A,114.61,2026-01-05
SKU-00251,Item-00251,BR-B,196.37,2026-01-05
SKU-00251,Item-00251,BR-C,102.23,2026-01-05
SKU-00251,Item-00251,BR-D,127.85,2026-01-05
SKU-00251,Item-00251,BR-E,76.14,2026-01-05
SKU-00252,Item-00252,BR-A,102.1,2026-01-05
SKU-00252,Item-00252,BR-B,156.68,2026-01-05
SKU-00252,Item-00252,BR-C,82.12,2026-01-05
SKU-00252,Item-00252,BR-D,136.46,2026-01-05
SKU-00252,Item-00252,BR-E,76.61,2026-01-05
SKU-00253,Item-00253,BR-A,28.42,2026-01-05
SKU-00253,Item-00253,BR-B,23.57,2026-01-05
SKU-00253,Item-00253,BR-C,18.68,2026-01-05
SKU-00253,Item-00253,BR-D,20.4,2026-01-05
SKU-00253,Item-00253,BR-E,19.26,2026-01-05
SKU-00254,Item-00254,BR-A,179.36,2026-01-05
SKU-00254,Item-00254,BR-B,183.23,2026-01-05
SKU-00254,Item-00254,BR-C,184.81,2026-01-05
SKU-00254,Item-00254,BR-D,115.54,2026-01-05
SKU-00254,Item-00254,BR-E,152.98,2026-01-05
SKU-00255,Item-00255,BR-A,202.08,2026-01-05
SKU-00255,Item-00255,BR-B,217.31,2026-01-05
SKU-00255,Item-00255,BR-C,121.09,2026-01-05
SKU-00255,Item-00255,BR-D,216.12,2026-01-05
SKU-00255,Item-00255,BR-E,101.13,2026-01-05
SKU-00256,Item-00256,BR-A,10.81,2026-01-05
SKU-00256,Item-00256,BR-B,10.11,2026-01-05
SKU-00256,Item-00256,BR-C,7.3,2026-01-05
SKU-00256,Item-00256,BR-D,8.89,2026-01-05
SKU-00256,Item-00256,BR-E,6.22,2026-01-05
SKU-00257,Item-00257,BR-A,176.75,2026-01-05
SKU-00257,Item-00257,BR-B,154.11,2026-01-05
SKU-00257,Item-00257,BR-C,239.06,2026-01-05
SKU-00257,Item-00257,BR-D,170.59,2026-01-05
SKU-00257,Item-00257,BR-E,257.96,2026-01-05
SKU-00258,Item-00258,BR-A,130.33,2026-01-05
SKU-00258,Item-00258,BR-B,117.52,2026-01-05
SKU-00258,Item-00258,BR-C,136.1,2026-01-05
SKU-00258,Item-00258,BR-D,78.26,2026-01-05
SKU-00258,Item-00258,BR-E,59.06,2026-01-05
SKU-00259,Item-00259,BR-A,158.17,2026-01-05
SKU-00259,Item-00259,BR-B,204.33,2026-01-05
SKU-00259,Item-00259,BR-C,174.88,2026-01-05
SKU-00259,Item-00259,BR-D,155.15,2026-01-05
SKU-00259,Item-00259,BR-E,182.86,2026-01-05
SKU-00260,Item-00260,BR-A,105.96,2026-01-05
SKU-00260,Item-00260,BR-B,92.15,2026-01-05
SKU-00260,Item-00260,BR-C,121.45,2026-01-05
SKU-00260,Item-00260,BR-D,72.54,2026-01-05
SKU-00260,Item-00260,BR-E,61.9,2026-01-05
SKU-00261,Item-00261,BR-A,36.49,2026-01-05
SKU-00261,Item-00261,BR-B,45.45,2026-01-05
SKU-00261,Item-00261,BR-C,30.28,2026-01-05
SKU-00261,Item-00261,BR-D,25.75,2026-01-05
SKU-00261,Item-00261,BR-E,40.28,2026-01-05
SKU-00262,Item-00262,BR-A,186.9,2026-01-05
SKU-00262,Item-00262,BR-B,163.16,2026-01-05
SKU-00262,Item-00262,BR-C,254.66,2026-01-05
SKU-00262,Item-00262,BR-D,112.02,2026-01-05
SKU-00262,Item-00262,BR-E,260.74,2026-01-05
SKU-00263,Item-00263,BR-A,206.5,2026-01-05
SKU-00263,Item-00263,BR-B,217.62,2026-01-05
SKU-00263,Item-00263,BR-C,127.04,2026-01-05
SKU-00263,Item-00263,BR-D,169.19,2026-01-05
SKU-00263,Item-00263,BR-E,94.73,2026-01-05
SKU-00264,Item-00264,BR-A,57.78,2026-01-05
SKU-00264,Item-00264,BR-B,36.86,2026-01-05
SKU-00264,Item-00264,BR-C,21.76,2026-01-05
SKU-00264,Item-00264,BR-D,40.82,2026-01-05
SKU-00264,Item-00264,BR-E,45.31,2026-01-05
SKU-00265,Item-00265,BR-A,75.29,2026-01-05
SKU-00265,Item-00265,BR-B,95.74,2026-01-05
SKU-00265,Item-00265,BR-C,127.14,2026-01-05
SKU-00265,Item-00265,BR-D,141.05,2026-01-05
SKU-00265,Item-00265,BR-E,72.65,2026-01-05
SKU-00266,Item-00266,BR-A,39.35,2026-01-05
SKU-00266,Item-00266,BR-B,61.07,2026-01-05
SKU-00266,Item-00266,BR-C,38.84,2026-01-05
SKU-00266,Item-00266,BR-D,28.36,2026-01-05
SKU-00266,Item-00266,BR-E,40.26,2026-01-05
SKU-00267,Item-00267,BR-A,50.96,2026-01-05
SKU-00267,Item-00267,BR-B,104.86,2026-01-05
SKU-00267,Item-00267,BR-C,125.43,2026-01-05
SKU-00267,Item-00267,BR-D,86.85,2026-01-05
SKU-00267,Item-00267,BR-E,99.3,2026-01-05
SKU-00268,Item-00268,BR-A,145.43,2026-01-05
SKU-00268,Item-00268,BR-B,124.96,2026-01-05
SKU-00268,Item-00268,BR-C,182.21,2026-01-05
SKU-00268,Item-00268,BR-D,147.12,2026-01-05
SKU-00268,Item-00268,BR-E,153.21,2026-01-05
SKU-00269,Item-00269,BR-A,167.89,2026-01-05
SKU-00269,Item-00269,BR-B,178.54,2026-01-05
SKU-00269,Item-00269,BR-C,151.21,2026-01-05
SKU-00269,Item-00269,BR-D,146.5,2026-01-05
SKU-00269,Item-00269,BR-E,178.87,2026-01-05
SKU-00270,Item-00270,BR-A,162.41,2026-01-05
SKU-00270,Item-00270,BR-B,97.07,2026-01-05
SKU-00270,Item-00270,BR-C,109.98,2026-01-05
SKU-00270,Item-00270,BR-D,174.1,2026-01-05
SKU-00270,Item-00270,BR-E,178.57,2026-01-05
SKU-00271,Item-00271,BR-A,73.33,2026-01-05
SKU-00271,Item-00271,BR-B,76.49,2026-01-05
SKU-00271,Item-00271,BR-C,127.82,2026-01-05
SKU-00271,Item-00271,BR-D,57.48,2026-01-05
SKU-00271,Item-00271,BR-E,119.44,2026-01-05
SKU-00272,Item-00272,BR-A,135.78,2026-01-05
SKU-00272,Item-00272,BR-B,69.94,2026-01-05
SKU-00272,Item-00272,BR-C,95.88,2026-01-05
SKU-00272,Item-00272,BR-D,59.42,2026-01-05
SKU-00272,Item-00272,BR-E,135.31,2026-01-05
SKU-00273,Item-00273,BR-A,193.1,2026-01-05
SKU-00273,Item-00273,BR-B,152.69,2026-01-05
SKU-00273,Item-00273,BR-C,148.06,2026-01-05
SKU-00273,Item-00273,BR-D,124.38,2026-01-05
SKU-00273,Item-00273,BR-E,196.46,2026-01-05
SKU-00274,Item-00274,BR-A,102.78,2026-01-05
SKU-00274,Item-00274,BR-B,113.22,2026-01-05
SKU-00274,Item-00274,BR-C,112.99,2026-01-05
SKU-00274,Item-00274,BR-D,106.46,2026-01-05
SKU-00274,Item-00274,BR-E,98.28,2026-01-05
SKU-00275,Item-00275,BR-A,250.55,2026-01-05
SKU-00275,Item-00275,BR-B,165.07,2026-01-05
SKU-00275,Item-00275,BR-C,182.99,2026-01-05
SKU-00275,Item-00275,BR-D,97.3,2026-01-05
SKU-00275,Item-00275,BR-E,190.31,2026-01-05
SKU-00276,Item-00276,BR-A,155.63,2026-01-05
SKU-00276,Item-00276,BR-B,146.47,2026-01-05
SKU-00276,Item-00276,BR-C,224.16,2026-01-05
SKU-00276,Item-00276,BR-D,106.67,2026-01-05
SKU-00276,Item-00276,BR-E,165.07,2026-01-05
SKU-00277,Item-00277,BR-A,105.86,2026-01-05
SKU-00277,Item-00277,BR-B,57.49,2026-01-05
SKU-00277,Item-00277,BR-C,85.47,2026-01-05
SKU-00277,Item-00277,BR-D,135.63,2026-01-05
SKU-00277,Item-00277,BR-E,66.2,2026-01-05
SKU-00278,Item-00278,BR-A,68.86,2026-01-05
SKU-00278,Item-00278,BR-B,34.07,2026-01-05
SKU-00278,Item-00278,BR-C,70.94,2026-01-05
SKU-00278,Item-00278,BR-D,62.53,2026-01-05
SKU-00278,Item-00278,BR-E,83.83,2026-01-05
SKU-00279,Item-00279,BR-A,177.61,2026-01-05
SKU-00279,Item-00279,BR-B,175.63,2026-01-05
SKU-00279,Item-00279,BR-C,144.38,2026-01-05
SKU-00279,Item-00279,BR-D,174.31,2026-01-05
SKU-00279,Item-00279,BR-E,207.77,2026-01-05
SKU-00280,Item-00280,BR-A,85.03,2026-01-05
SKU-00280,Item-00280,BR-B,42.03,2026-01-05
SKU-00280,Item-00280,BR-C,55.24,2026-01-05
SKU-00280,Item-00280,BR-D,60.06,2026-01-05
SKU-00280,Item-00280,BR-E,67.66,2026-01-05
SKU-00281,Item-00281,BR-A,151.72,2026-01-05
SKU-00281,Item-00281,BR-B,193.5,2026-01-05
SKU-00281,Item-00281,BR-C,246.95,2026-01-05
SKU-00281,Item-00281,BR-D,259.22,2026-01-05
SKU-00281,Item-00281,BR-E,119.19,2026-01-05
SKU-00282,Item-00282,BR-A,32.65,2026-01-05
SKU-00282,Item-00282,BR-B,36.95,2026-01-05
SKU-00282,Item-00282,BR-C,25.83,2026-01-05
SKU-00282,Item-00282,BR-D,16.52,2026-01-05
SKU-00282,Item-00282,BR-E,34.77,2026-01-05
SKU-00283,Item-00283,BR-A,96.41,2026-01-05
SKU-00283,Item-00283,BR-B,69.14,2026-01-05
SKU-00283,Item-00283,BR-C,50.74,2026-01-05
SKU-00283,Item-00283,BR-D,116.85,2026-01-05
SKU-00283,Item-00283,BR-E,88.83,2026-01-05
SKU-00284,Item-00284,BR-A,148.31,2026-01-05
SKU-00284,Item-00284,BR-B,176.17,2026-01-05
SKU-00284,Item-00284,BR-C,176.47,2026-01-05
SKU-00284,Item-00284,BR-D,109.3,2026-01-05
SKU-00284,Item-00284,BR-E,158.28,2026-01-05
SKU-00285,Item-00285,BR-A,107.93,2026-01-05
SKU-00285,Item-00285,BR-B,59.72,2026-01-05
SKU-00285,Item-00285,BR-C,59.88,2026-01-05
SKU-00285,Item-00285,BR-D,98.83,2026-01-05
SKU-00285,Item-00285,BR-E,85.98,2026-01-05
SKU-00286,Item-00286,BR-A,70.82,2026-01-05
SKU-00286,Item-00286,BR-B,67.55,2026-01-05
SKU-00286,Item-00286,BR-C,159.8,2026-01-05
SKU-00286,Item-00286,BR-D,119.75,2026-01-05
SKU-00286,Item-00286,BR-E,160.11,2026-01-05
SKU-00287,Item-00287,BR-A,14.68,2026-01-05
SKU-00287,Item-00287,BR-B,15.0,2026-01-05
SKU-00287,Item-00287,BR-C,19.59,2026-01-05
SKU-00287,Item-00287,BR-D,10.74,2026-01-05
SKU-00287,Item-00287,BR-E,13.98,2026-01-05
SKU-00288,Item-00288,BR-A,49.72,2026-01-05
SKU-00288,Item-00288,BR-B,70.05,2026-01-05
SKU-00288,Item-00288,BR-C,97.65,2026-01-05
SKU-00288,Item-00288,BR-D,111.12,2026-01-05
SKU-00288,Item-00288,BR-E,81.38,2026-01-05
SKU-00289,Item-00289,BR-A,121.16,2026-01-05
SKU-00289,Item-00289,BR-B,157.5,2026-01-05
SKU-00289,Item-00289,BR-C,128.21,2026-01-05
SKU-00289,Item-00289,BR-D,255.39,2026-01-05
SKU-00289,Item-00289,BR-E,196.3,2026-01-05
SKU-00290,Item-00290,BR-A,83.45,2026-01-05
SKU-00290,Item-00290,BR-B,122.62,2026-01-05
SKU-00290,Item-00290,BR-C,100.95,2026-01-05
SKU-00290,Item-00290,BR-D,53.11,2026-01-05
SKU-00290,Item-00290,BR-E,108.77,2026-01-05
SKU-00291,Item-00291,BR-A,92.7,2026-01-05
SKU-00291,Item-00291,BR-B,36.44,2026-01-05
SKU-00291,Item-00291,BR-C,55.58,2026-01-05
SKU-00291,Item-00291,BR-D,43.1,2026-01-05
SKU-00291,Item-00291,BR-E,91.58,2026-01-05
SKU-00292,Item-00292,BR-A,178.34,2026-01-05
SKU-00292,Item-00292,BR-B,90.73,2026-01-05
SKU-00292,Item-00292,BR-C,154.22,2026-01-05
SKU-00292,Item-00292,BR-D,94.57,2026-01-05
SKU-00292,Item-00292,BR-E,241.15,2026-01-05
SKU-00293,Item-00293,BR-A,117.6,2026-01-05
SKU-00293,Item-00293,BR-B,149.19,2026-01-05
SKU-00293,Item-00293,BR-C,159.47,2026-01-05
SKU-00293,Item-00293,BR-D,77.59,2026-01-05
SKU-00293,Item-00293,BR-E,123.74,2026-01-05
SKU-00294,Item-00294,BR-A,112.92,2026-01-05
SKU-00294,Item-00294,BR-B,118.66,2026-01-05
SKU-00294,Item-00294,BR-C,138.55,2026-01-05
SKU-00294,Item-00294,BR-D,221.15,2026-01-05
SKU-00294,Item-00294,BR-E,227.5,2026-01-05
SKU-00295,Item-00295,BR-A,110.68,2026-01-05
SKU-00295,Item-00295,BR-B,108.17,2026-01-05
SKU-00295,Item-00295,BR-C,139.04,2026-01-05
SKU-00295,Item-00295,BR-D,121.05,2026-01-05
SKU-00295,Item-00295,BR-E,137.9,2026-01-05
SKU-00296,Item-00296,BR-A,62.45,2026-01-05
SKU-00296,Item-00296,BR-B,59.95,2026-01-05
SKU-00296,Item-00296,BR-C,118.41,2026-01-05
SKU-00296,Item-00296,BR-D,49.62,2026-01-05
SKU-00296,Item-00296,BR-E,50.35,2026-01-05
SKU-00297,Item-00297,BR-A,84.21,2026-01-05
SKU-00297,Item-00297,BR-B,117.12,2026-01-05
SKU-00297,Item-00297,BR-C,115.76,2026-01-05
SKU-00297,Item-00297,BR-D,105.31,2026-01-05
SKU-00297,Item-00297,BR-E,66.53,2026-01-05
SKU-00298,Item-00298,BR-A,118.14,2026-01-05
SKU-00298,Item-00298,BR-B,126.34,2026-01-05
SKU-00298,Item-00298,BR-C,102.33,2026-01-05
SKU-00298,Item-00298,BR-D,150.46,2026-01-05
SKU-00298,Item-00298,BR-E,204.8,2026-01-05
SKU-00299,Item-00299,BR-A,186.15,2026-01-05
SKU-00299,Item-00299,BR-B,205.17,2026-01-05
SKU-00299,Item-00299,BR-C,275.92,2026-01-05
SKU-00299,Item-00299,BR-D,262.03,2026-01-05
SKU-00299,Item-00299,BR-E,265.23,2026-01-05
SKU-00300,Item-00300,BR-A,13.35,2026-01-05
SKU-00300,Item-00300,BR-B,9.89,2026-01-05
SKU-00300,Item-00300,BR-C,8.44,2026-01-05
SKU-00300,Item-00300,BR-D,8.98,2026-01-05
SKU-00300,Item-00300,BR-E,5.96,2026-01-05
SKU-00301,Item-00301,BR-A,127.87,2026-01-05
SKU-00301,Item-00301,BR-B,102.59,2026-01-05
SKU-00301,Item-00301,BR-C,105.79,2026-01-05
SKU-00301,Item-00301,BR-D,91.02,2026-01-05
SKU-00301,Item-00301,BR-E,158.66,2026-01-05
SKU-00302,Item-00302,BR-A,14.46,2026-01-05
SKU-00302,Item-00302,BR-B,18.75,2026-01-05
SKU-00302,Item-00302,BR-C,17.84,2026-01-05
SKU-00302,Item-00302,BR-D,28.94,2026-01-05
SKU-00302,Item-00302,BR-E,29.03,2026-01-05
SKU-00303,Item-00303,BR-A,40.17,2026-01-05
SKU-00303,Item-00303,BR-B,43.11,2026-01-05
SKU-00303,Item-00303,BR-C,37.1,2026-01-05
SKU-00303,Item-00303,BR-D,41.01,2026-01-05
SKU-00303,Item-00303,BR-E,18.97,2026-01-05
SKU-00304,Item-00304,BR-A,40.86,2026-01-05
SKU-00304,Item-00304,BR-B,46.41,2026-01-05
SKU-00304,Item-00304,BR-C,33.17,2026-01-05
SKU-00304,Item-00304,BR-D,41.15,2026-01-05
SKU-00304,Item-00304,BR-E,42.99,2026-01-05
SKU-00305,Item-00305,BR-A,81.68,2026-01-05
SKU-00305,Item-00305,BR-B,71.17,2026-01-05
SKU-00305,Item-00305,BR-C,82.78,2026-01-05
SKU-00305,Item-00305,BR-D,56.42,2026-01-05
SKU-00305,Item-00305,BR-E,65.53,2026-01-05
SKU-00306,Item-00306,BR-A,89.5,2026-01-05
SKU-00306,Item-00306,BR-B,66.83,2026-01-05
SKU-00306,Item-00306,BR-C,134.54,2026-01-05
SKU-00306,Item-00306,BR-D,87.54,2026-01-05
SKU-00306,Item-00306,BR-E,88.34,2026-01-05
SKU-00307,Item-00307,BR-A,92.74,2026-01-05
SKU-00307,Item-00307,BR-B,83.99,2026-01-05
SKU-00307,Item-00307,BR-C,96.01,2026-01-05
SKU-00307,Item-00307,BR-D,164.26,2026-01-05
SKU-00307,Item-00307,BR-E,171.5,2026-01-05
SKU-00308,Item-00308,BR-A,48.19,2026-01-05
SKU-00308,Item-00308,BR-B,87.36,2026-01-05
SKU-00308,Item-00308,BR-C,74.72,2026-01-05
SKU-00308,Item-00308,BR-D,74.72,2026-01-05
SKU-00308,Item-00308,BR-E,70.62,2026-01-05
SKU-00309,Item-00309,BR-A,55.57,2026-01-05
SKU-00309,Item-00309,BR-B,30.24,2026-01-05
SKU-00309,Item-00309,BR-C,77.43,2026-01-05
SKU-00309,Item-00309,BR-D,44.08,2026-01-05
SKU-00309,Item-00309,BR-E,58.69,2026-01-05
SKU-00310,Item-00310,BR-A,134.85,2026-01-05
SKU-00310,Item-00310,BR-B,101.35,2026-01-05
SKU-00310,Item-00310,BR-C,110.54,2026-01-05
SKU-00310,Item-00310,BR-D,119.76,2026-01-05
SKU-00310,Item-00310,BR-E,100.55,2026-01-05
SKU-00311,Item-00311,BR-A,8.15,2026-01-05
SKU-00311,Item-00311,BR-B,11.7,2026-01-05
SKU-00311,Item-00311,BR-C,10.11,2026-01-05
SKU-00311,Item-00311,BR-D,20.9,2026-01-05
SKU-00311,Item-00311,BR-E,8.22,2026-01-05
SKU-00312,Item-00312,BR-A,63.83,2026-01-05
SKU-00312,Item-00312,BR-B,66.09,2026-01-05
SKU-00312,Item-00312,BR-C,59.76,2026-01-05
SKU-00312,Item-00312,BR-D,49.72,2026-01-05
SKU-00312,Item-00312,BR-E,33.54,2026-01-05
SKU-00313,Item-00313,BR-A,139.25,2026-01-05
SKU-00313,Item-00313,BR-B,189.53,2026-01-05
SKU-00313,Item-00313,BR-C,221.92,2026-01-05
SKU-00313,Item-00313,BR-D,97.57,2026-01-05
SKU-00313,Item-00313,BR-E,227.94,2026-01-05
SKU-00314,Item-00314,BR-A,211.86,2026-01-05
SKU-00314,Item-00314,BR-B,185.22,2026-01-05
SKU-00314,Item-00314,BR-C,90.53,2026-01-05
SKU-00314,Item-00314,BR-D,109.88,2026-01-05
SKU-00314,Item-00314,BR-E,110.34,2026-01-05
SKU-00315,Item-00315,BR-A,49.5,2026-01-05
SKU-00315,Item-00315,BR-B,23.26,2026-01-05
SKU-00315,Item-00315,BR-C,61.33,2026-01-05
SKU-00315,Item-00315,BR-D,31.26,2026-01-05
SKU-00315,Item-00315,BR-E,51.56,2026-01-05
SKU-00316,Item-00316,BR-A,179.32,2026-01-05
SKU-00316,Item-00316,BR-B,66.59,2026-01-05
SKU-00316,Item-00316,BR-C,95.48,2026-01-05
SKU-00316,Item-00316,BR-D,165.75,2026-01-05
SKU-00316,Item-00316,BR-E,167.92,2026-01-05
SKU-00317,Item-00317,BR-A,42.76,2026-01-05
SKU-00317,Item-00317,BR-B,42.84,2026-01-05
SKU-00317,Item-00317,BR-C,38.33,2026-01-05
SKU-00317,Item-00317,BR-D,25.56,2026-01-05
SKU-00317,Item-00317,BR-E,38.65,2026-01-05
SKU-00318,Item-00318,BR-A,65.13,2026-01-05
SKU-00318,Item-00318,BR-B,75.95,2026-01-05
SKU-00318,Item-00318,BR-C,87.62,2026-01-05
SKU-00318,Item-00318,BR-D,134.79,2026-01-05
SKU-00318,Item-00318,BR-E,158.62,2026-01-05
SKU-00319,Item-00319,BR-A,89.23,2026-01-05
SKU-00319,Item-00319,BR-B,102.94,2026-01-05
SKU-00319,Item-00319,BR-C,130.15,2026-01-05
SKU-00319,Item-00319,BR-D,108.1,2026-01-05
SKU-00319,Item-00319,BR-E,69.0,2026-01-05
SKU-00320,Item-00320,BR-A,213.15,2026-01-05
SKU-00320,Item-00320,BR-B,191.79,2026-01-05
SKU-00320,Item-00320,BR-C,121.99,2026-01-05
SKU-00320,Item-00320,BR-D,184.82,2026-01-05
SKU-00320,Item-00320,BR-E,143.54,2026-01-05
SKU-00321,Item-00321,BR-A,114.0,2026-01-05
SKU-00321,Item-00321,BR-B,97.77,2026-01-05
SKU-00321,Item-00321,BR-C,172.36,2026-01-05
SKU-00321,Item-00321,BR-D,162.26,2026-01-05
SKU-00321,Item-00321,BR-E,122.92,2026-01-05
SKU-00322,Item-00322,BR-A,173.62,2026-01-05
SKU-00322,Item-00322,BR-B,177.65,2026-01-05
SKU-00322,Item-00322,BR-C,142.41,2026-01-05
SKU-00322,Item-00322,BR-D,188.24,2026-01-05
SKU-00322,Item-00322,BR-E,150.6,2026-01-05
SKU-00323,Item-00323,BR-A,226.16,2026-01-05
SKU-00323,Item-00323,BR-B,143.33,2026-01-05
SKU-00323,Item-00323,BR-C,221.38,2026-01-05
SKU-00323,Item-00323,BR-D,123.06,2026-01-05
SKU-00323,Item-00323,BR-E,271.19,2026-01-05
SKU-00324,Item-00324,BR-A,117.62,2026-01-05
SKU-00324,Item-00324,BR-B,82.67,2026-01-05
SKU-00324,Item-00324,BR-C,99.16,2026-01-05
SKU-00324,Item-00324,BR-D,169.73,2026-01-05
SKU-00324,Item-00324,BR-E,91.05,2026-01-05
SKU-00325,Item-00325,BR-A,138.86,2026-01-05
SKU-00325,Item-00325,BR-B,167.3,2026-01-05
SKU-00325,Item-00325,BR-C,106.67,2026-01-05
SKU-00325,Item-00325,BR-D,122.39,2026-01-05
SKU-00325,Item-00325,BR-E,93.74,2026-01-05
SKU-00326,Item-00326,BR-A,88.34,2026-01-05
SKU-00326,Item-00326,BR-B,51.56,2026-01-05
SKU-00326,Item-00326,BR-C,52.43,2026-01-05
SKU-00326,Item-00326,BR-D,108.49,2026-01-05
SKU-00326,Item-00326,BR-E,113.36,2026-01-05
SKU-00327,Item-00327,BR-A,27.48,2026-01-05
SKU-00327,Item-00327,BR-B,20.18,2026-01-05
SKU-00327,Item-00327,BR-C,19.13,2026-01-05
SKU-00327,Item-00327,BR-D,12.29,2026-01-05
SKU-00327,Item-00327,BR-E,28.32,2026-01-05
SKU-00328,Item-00328,BR-A,23.57,2026-01-05
SKU-00328,Item-00328,BR-B,15.16,2026-01-05
SKU-00328,Item-00328,BR-C,17.95,2026-01-05
SKU-00328,Item-00328,BR-D,32.09,2026-01-05
SKU-00328,Item-00328,BR-E,16.92,2026-01-05
SKU-00329,Item-00329,BR-A,216.49,2026-01-05
SKU-00329,Item-00329,BR-B,223.79,2026-01-05
SKU-00329,Item-00329,BR-C,129.83,2026-01-05
SKU-00329,Item-00329,BR-D,191.99,2026-01-05
SKU-00329,Item-00329,BR-E,162.5,2026-01-05
SKU-00330,Item-00330,BR-A,106.27,2026-01-05
SKU-00330,Item-00330,BR-B,177.13,2026-01-05
SKU-00330,Item-00330,BR-C,90.4,2026-01-05
SKU-00330,Item-00330,BR-D,229.64,2026-01-05
SKU-00330,Item-00330,BR-E,203.62,2026-01-05
SKU-00331,Item-00331,BR-A,51.07,2026-01-05
SKU-00331,Item-00331,BR-B,52.57,2026-01-05
SKU-00331,Item-00331,BR-C,60.12,2026-01-05
SKU-00331,Item-00331,BR-D,77.73,2026-01-05
SKU-00331,Item-00331,BR-E,104.39,2026-01-05
SKU-00332,Item-00332,BR-A,114.6,2026-01-05
SKU-00332,Item-00332,BR-B,193.94,2026-01-05
SKU-00332,Item-00332,BR-C,190.22,2026-01-05
SKU-00332,Item-00332,BR-D,115.75,2026-01-05
SKU-00332,Item-00332,BR-E,96.28,2026-01-05
SKU-00333,Item-00333,BR-A,118.99,2026-01-05
SKU-00333,Item-00333,BR-B,93.55,2026-01-05
SKU-00333,Item-00333,BR-C,69.58,2026-01-05
SKU-00333,Item-00333,BR-D,83.54,2026-01-05
SKU-00333,Item-00333,BR-E,60.58,2026-01-05
SKU-00334,Item-00334,BR-A,4.6,2026-01-05
SKU-00334,Item-00334,BR-B,4.67,2026-01-05
SKU-00334,Item-00334,BR-C,7.62,2026-01-05
SKU-00334,Item-00334,BR-D,6.23,2026-01-05
SKU-00334,Item-00334,BR-E,8.98,2026-01-05
SKU-00335,Item-00335,BR-A,97.91,2026-01-05
SKU-00335,Item-00335,BR-B,126.32,2026-01-05
SKU-00335,Item-00335,BR-C,171.86,2026-01-05
SKU-00335,Item-00335,BR-D,176.42,2026-01-05
SKU-00335,Item-00335,BR-E,109.82,2026-01-05
SKU-00336,Item-00336,BR-A,130.29,2026-01-05
SKU-00336,Item-00336,BR-B,51.61,2026-01-05
SKU-00336,Item-00336,BR-C,106.07,2026-01-05
SKU-00336,Item-00336,BR-D,82.23,2026-01-05
SKU-00336,Item-00336,BR-E,93.02,2026-01-05
SKU-00337,Item-00337,BR-A,145.0,2026-01-05
SKU-00337,Item-00337,BR-B,88.77,2026-01-05
SKU-00337,Item-00337,BR-C,184.38,2026-01-05
SKU-00337,Item-00337,BR-D,113.9,2026-01-05
SKU-00337,Item-00337,BR-E,85.46,2026-01-05
SKU-00338,Item-00338,BR-A,89.34,2026-01-05
SKU-00338,Item-00338,BR-B,107.4,2026-01-05
SKU-00338,Item-00338,BR-C,127.93,2026-01-05
SKU-00338,Item-00338,BR-D,153.17,2026-01-05
SKU-00338,Item-00338,BR-E,188.09,2026-01-05
SKU-00339,Item-00339,BR-A,49.11,2026-01-05
SKU-00339,Item-00339,BR-B,24.72,2026-01-05
SKU-00339,Item-00339,BR-C,28.67,2026-01-05
SKU-00339,Item-00339,BR-D,43.83,2026-01-05
SKU-00339,Item-00339,BR-E,41.41,2026-01-05
SKU-00340,Item-00340,BR-A,115.36,2026-01-05
SKU-00340,Item-00340,BR-B,223.66,2026-01-05
SKU-00340,Item-00340,BR-C,273.0,2026-01-05
SKU-00340,Item-00340,BR-D,277.97,2026-01-05
SKU-00340,Item-00340,BR-E,222.89,2026-01-05
SKU-00341,Item-00341,BR-A,99.78,2026-01-05
SKU-00341,Item-00341,BR-B,140.33,2026-01-05
SKU-00341,Item-00341,BR-C,120.11,2026-01-05
SKU-00341,Item-00341,BR-D,156.38,2026-01-05
SKU-00341,Item-00341,BR-E,148.45,2026-01-05
SKU-00342,Item-00342,BR-A,174.93,2026-01-05
SKU-00342,Item-00342,BR-B,134.28,2026-01-05
SKU-00342,Item-00342,BR-C,231.97,2026-01-05
SKU-00342,Item-00342,BR-D,150.97,2026-01-05
SKU-00342,Item-00342,BR-E,221.56,2026-01-05
SKU-00343,Item-00343,BR-A,60.24,2026-01-05
SKU-00343,Item-00343,BR-B,93.63,2026-01-05
SKU-00343,Item-00343,BR-C,78.27,2026-01-05
SKU-00343,Item-00343,BR-D,59.48,2026-01-05
SKU-00343,Item-00343,BR-E,102.39,2026-01-05
SKU-00344,Item-00344,BR-A,46.7,2026-01-05
SKU-00344,Item-00344,BR-B,98.66,2026-01-05
SKU-00344,Item-00344,BR-C,100.74,2026-01-05
SKU-00344,Item-00344,BR-D,93.06,2026-01-05
SKU-00344,Item-00344,BR-E,59.4,2026-01-05
SKU-00345,Item-00345,BR-A,90.98,2026-01-05
SKU-00345,Item-00345,BR-B,218.56,2026-01-05
SKU-00345,Item-00345,BR-C,110.99,2026-01-05
SKU-00345,Item-00345,BR-D,162.37,2026-01-05
SKU-00345,Item-00345,BR-E,203.15,2026-01-05
SKU-00346,Item-00346,BR-A,61.77,2026-01-05
SKU-00346,Item-00346,BR-B,43.78,2026-01-05
SKU-00346,Item-00346,BR-C,53.81,2026-01-05
SKU-00346,Item-00346,BR-D,78.86,2026-01-05
SKU-00346,Item-00346,BR-E,50.99,2026-01-05
SKU-00347,Item-00347,BR-A,74.67,2026-01-05
SKU-00347,Item-00347,BR-B,48.4,2026-01-05
SKU-00347,Item-00347,BR-C,48.23,2026-01-05
SKU-00347,Item-00347,BR-D,64.16,2026-01-05
SKU-00347,Item-00347,BR-E,49.55,2026-01-05
SKU-00348,Item-00348,BR-A,104.59,2026-01-05
SKU-00348,Item-00348,BR-B,101.78,2026-01-05
SKU-00348,Item-00348,BR-C,97.55,2026-01-05
SKU-00348,Item-00348,BR-D,105.77,2026-01-05
SKU-00348,Item-00348,BR-E,142.38,2026-01-05
SKU-00349,Item-00349,BR-A,50.8,2026-01-05
SKU-00349,Item-00349,BR-B,51.56,2026-01-05
SKU-00349,Item-00349,BR-C,49.78,2026-01-05
SKU-00349,Item-00349,BR-D,50.03,2026-01-05
SKU-00349,Item-00349,BR-E,96.37,2026-01-05
SKU-00350,Item-00350,BR-A,199.47,2026-01-05
SKU-00350,Item-00350,BR-B,192.73,2026-01-05
SKU-00350,Item-00350,BR-C,239.61,2026-01-05
SKU-00350,Item-00350,BR-D,180.96,2026-01-05
SKU-00350,Item-00350,BR-E,216.9,2026-01-05
SKU-00351,Item-00351,BR-A,91.93,2026-01-05
SKU-00351,Item-00351,BR-B,114.83,2026-01-05
SKU-00351,Item-00351,BR-C,73.02,2026-01-05
SKU-00351,Item-00351,BR-D,66.01,2026-01-05
SKU-00351,Item-00351,BR-E,62.84,2026-01-05
SKU-00352,Item-00352,BR-A,186.21,2026-01-05
SKU-00352,Item-00352,BR-B,131.18,2026-01-05
SKU-00352,Item-00352,BR-C,214.47,2026-01-05
SKU-00352,Item-00352,BR-D,205.35,2026-01-05
SKU-00352,Item-00352,BR-E,181.73,2026-01-05
SKU-00353,Item-00353,BR-A,33.79,2026-01-05
SKU-00353,Item-00353,BR-B,43.32,2026-01-05
SKU-00353,Item-00353,BR-C,62.5,2026-01-05
SKU-00353,Item-00353,BR-D,39.85,2026-01-05
SKU-00353,Item-00353,BR-E,52.9,2026-01-05
SKU-00354,Item-00354,BR-A,116.27,2026-01-05
SKU-00354,Item-00354,BR-B,79.14,2026-01-05
SKU-00354,Item-00354,BR-C,108.07,2026-01-05
SKU-00354,Item-00354,BR-D,135.7,2026-01-05
SKU-00354,Item-00354,BR-E,101.79,2026-01-05
SKU-00355,Item-00355,BR-A,223.15,2026-01-05
SKU-00355,Item-00355,BR-B,150.28,2026-01-05
SKU-00355,Item-00355,BR-C,237.77,2026-01-05
SKU-00355,Item-00355,BR-D,203.97,2026-01-05
SKU-00355,Item-00355,BR-E,128.53,2026-01-05
SKU-00356,Item-00356,BR-A,47.06,2026-01-05
SKU-00356,Item-00356,BR-B,66.08,2026-01-05
SKU-00356,Item-00356,BR-C,36.85,2026-01-05
SKU-00356,Item-00356,BR-D,47.54,2026-01-05
SKU-00356,Item-00356,BR-E,50.4,2026-01-05
SKU-00357,Item-00357,BR-A,136.77,2026-01-05
SKU-00357,Item-00357,BR-B,65.06,2026-01-05
SKU-00357,Item-00357,BR-C,142.91,2026-01-05
SKU-00357,Item-00357,BR-D,83.11,2026-01-05
SKU-00357,Item-00357,BR-E,143.09,2026-01-05
SKU-00358,Item-00358,BR-A,156.33,2026-01-05
SKU-00358,Item-00358,BR-B,173.04,2026-01-05
SKU-00358,Item-00358,BR-C,192.14,2026-01-05
SKU-00358,Item-00358,BR-D,165.01,2026-01-05
SKU-00358,Item-00358,BR-E,180.06,2026-01-05
SKU-00359,Item-00359,BR-A,55.91,2026-01-05
SKU-00359,Item-00359,BR-B,49.01,2026-01-05
SKU-00359,Item-00359,BR-C,125.46,2026-01-05
SKU-00359,Item-00359,BR-D,52.96,2026-01-05
SKU-00359,Item-00359,BR-E,124.6,2026-01-05
SKU-00360,Item-00360,BR-A,18.49,2026-01-05
SKU-00360,Item-00360,BR-B,31.27,2026-01-05
SKU-00360,Item-00360,BR-C,16.1,2026-01-05
SKU-00360,Item-00360,BR-D,14.96,2026-01-05
SKU-00360,Item-00360,BR-E,16.31,2026-01-05
SKU-00361,Item-00361,BR-A,111.88,2026-01-05
SKU-00361,Item-00361,BR-B,73.12,2026-01-05
SKU-00361,Item-00361,BR-C,117.44,2026-01-05
SKU-00361,Item-00361,BR-D,91.01,2026-01-05
SKU-00361,Item-00361,BR-E,110.87,2026-01-05
SKU-00362,Item-00362,BR-A,63.25,2026-01-05
SKU-00362,Item-00362,BR-B,77.5,2026-01-05
SKU-00362,Item-00362,BR-C,51.68,2026-01-05
SKU-00362,Item-00362,BR-D,39.93,2026-01-05
SKU-00362,Item-00362,BR-E,68.66,2026-01-05
SKU-00363,Item-00363,BR-A,135.84,2026-01-05
SKU-00363,Item-00363,BR-B,65.17,2026-01-05
SKU-00363,Item-00363,BR-C,90.01,2026-01-05
SKU-00363,Item-00363,BR-D,101.06,2026-01-05
SKU-00363,Item-00363,BR-E,109.17,2026-01-05
SKU-00364,Item-00364,BR-A,48.46,2026-01-05
SKU-00364,Item-00364,BR-B,75.86,2026-01-05
SKU-00364,Item-00364,BR-C,70.11,2026-01-05
SKU-00364,Item-00364,BR-D,105.84,2026-01-05
SKU-00364,Item-00364,BR-E,85.44,2026-01-05
SKU-00365,Item-00365,BR-A,96.74,2026-01-05
SKU-00365,Item-00365,BR-B,101.6,2026-01-05
SKU-00365,Item-00365,BR-C,80.65,2026-01-05
SKU-00365,Item-00365,BR-D,45.96,2026-01-05
SKU-00365,Item-00365,BR-E,65.96,2026-01-05
SKU-00366,Item-00366,BR-A,72.01,2026-01-05
SKU-00366,Item-00366,BR-B,37.5,2026-01-05
SKU-00366,Item-00366,BR-C,51.16,2026-01-05
SKU-00366,Item-00366,BR-D,51.07,2026-01-05
SKU-00366,Item-00366,BR-E,39.44,2026-01-05
SKU-00367,Item-00367,BR-A,26.79,2026-01-05
SKU-00367,Item-00367,BR-B,58.84,2026-01-05
SKU-00367,Item-00367,BR-C,65.07,2026-01-05
SKU-00367,Item-00367,BR-D,70.49,2026-01-05
SKU-00367,Item-00367,BR-E,53.89,2026-01-05
SKU-00368,Item-00368,BR-A,46.26,2026-01-05
SKU-00368,Item-00368,BR-B,91.99,2026-01-05
SKU-00368,Item-00368,BR-C,96.89,2026-01-05
SKU-00368,Item-00368,BR-D,95.37,2026-01-05
SKU-00368,Item-00368,BR-E,70.98,2026-01-05
SKU-00369,Item-00369,BR-A,264.36,2026-01-05
SKU-00369,Item-00369,BR-B,283.34,2026-01-05
SKU-00369,Item-00369,BR-C,264.53,2026-01-05
SKU-00369,Item-00369,BR-D,112.75,2026-01-05
SKU-00369,Item-00369,BR-E,125.01,2026-01-05
SKU-00370,Item-00370,BR-A,34.01,2026-01-05
SKU-00370,Item-00370,BR-B,37.81,2026-01-05
SKU-00370,Item-00370,BR-C,27.9,2026-01-05
SKU-00370,Item-00370,BR-D,62.11,2026-01-05
SKU-00370,Item-00370,BR-E,53.92,2026-01-05
SKU-00371,Item-00371,BR-A,68.43,2026-01-05
SKU-00371,Item-00371,BR-B,85.02,2026-01-05
SKU-00371,Item-00371,BR-C,48.7,2026-01-05
SKU-00371,Item-00371,BR-D,70.84,2026-01-05
SKU-00371,Item-00371,BR-E,84.3,2026-01-05
SKU-00372,Item-00372,BR-A,73.29,2026-01-05
SKU-00372,Item-00372,BR-B,134.57,2026-01-05
SKU-00372,Item-00372,BR-C,157.74,2026-01-05
SKU-00372,Item-00372,BR-D,65.37,2026-01-05
SKU-00372,Item-00372,BR-E,168.55,2026-01-05
SKU-00373,Item-00373,BR-A,155.88,2026-01-05
SKU-00373,Item-00373,BR-B,115.34,2026-01-05
SKU-00373,Item-00373,BR-C,226.55,2026-01-05
SKU-00373,Item-00373,BR-D,119.08,2026-01-05
SKU-00373,Item-00373,BR-E,133.47,2026-01-05
SKU-00374,Item-00374,BR-A,50.11,2026-01-05
SKU-00374,Item-00374,BR-B,68.82,2026-01-05
SKU-00374,Item-00374,BR-C,48.65,2026-01-05
SKU-00374,Item-00374,BR-D,68.34,2026-01-05
SKU-00374,Item-00374,BR-E,27.94,2026-01-05
SKU-00375,Item-00375,BR-A,47.9,2026-01-05
SKU-00375,Item-00375,BR-B,52.07,2026-01-05
SKU-00375,Item-00375,BR-C,60.84,2026-01-05
SKU-00375,Item-00375,BR-D,59.86,2026-01-05
SKU-00375,Item-00375,BR-E,35.67,2026-01-05
SKU-00376,Item-00376,BR-A,36.18,2026-01-05
SKU-00376,Item-00376,BR-B,36.45,2026-01-05
SKU-00376,Item-00376,BR-C,27.98,2026-01-05
SKU-00376,Item-00376,BR-D,17.37,2026-01-05
SKU-00376,Item-00376,BR-E,30.6,2026-01-05
SKU-00377,Item-00377,BR-A,127.17,2026-01-05
SKU-00377,Item-00377,BR-B,288.27,2026-01-05
SKU-00377,Item-00377,BR-C,220.97,2026-01-05
SKU-00377,Item-00377,BR-D,241.97,2026-01-05
SKU-00377,Item-00377,BR-E,105.99,2026-01-05
SKU-00378,Item-00378,BR-A,54.84,2026-01-05
SKU-00378,Item-00378,BR-B,86.1,2026-01-05
SKU-00378,Item-00378,BR-C,54.81,2026-01-05
SKU-00378,Item-00378,BR-D,34.28,2026-01-05
SKU-00378,Item-00378,BR-E,72.22,2026-01-05
SKU-00379,Item-00379,BR-A,155.45,2026-01-05
SKU-00379,Item-00379,BR-B,110.0,2026-01-05
SKU-00379,Item-00379,BR-C,168.83,2026-01-05
SKU-00379,Item-00379,BR-D,175.18,2026-01-05
SKU-00379,Item-00379,BR-E,166.43,2026-01-05
SKU-00380,Item-00380,BR-A,22.25,2026-01-05
SKU-00380,Item-00380,BR-B,20.72,2026-01-05
SKU-00380,Item-00380,BR-C,34.86,2026-01-05
SKU-00380,Item-00380,BR-D,29.59,2026-01-05
SKU-00380,Item-00380,BR-E,25.67,2026-01-05
SKU-00381,Item-00381,BR-A,116.72,2026-01-05
SKU-00381,Item-00381,BR-B,91.48,2026-01-05
SKU-00381,Item-00381,BR-C,164.96,2026-01-05
SKU-00381,Item-00381,BR-D,165.57,2026-01-05
SKU-00381,Item-00381,BR-E,70.81,2026-01-05
SKU-00382,Item-00382,BR-A,114.95,2026-01-05
SKU-00382,Item-00382,BR-B,81.78,2026-01-05
SKU-00382,Item-00382,BR-C,99.93,2026-01-05
SKU-00382,Item-00382,BR-D,62.21,2026-01-05
SKU-00382,Item-00382,BR-E,128.74,2026-01-05
SKU-00383,Item-00383,BR-A,52.62,2026-01-05
SKU-00383,Item-00383,BR-B,25.26,2026-01-05
SKU-00383,Item-00383,BR-C,23.98,2026-01-05
SKU-00383,Item-00383,BR-D,35.68,2026-01-05
SKU-00383,Item-00383,BR-E,27.1,2026-01-05
SKU-00384,Item-00384,BR-A,69.85,2026-01-05
SKU-00384,Item-00384,BR-B,68.67,2026-01-05
SKU-00384,Item-00384,BR-C,73.09,2026-01-05
SKU-00384,Item-00384,BR-D,28.57,2026-01-05
SKU-00384,Item-00384,BR-E,28.77,2026-01-05
SKU-00385,Item-00385,BR-A,34.63,2026-01-05
SKU-00385,Item-00385,BR-B,36.26,2026-01-05
SKU-00385,Item-00385,BR-C,29.75,2026-01-05
SKU-00385,Item-00385,BR-D,17.88,2026-01-05
SKU-00385,Item-00385,BR-E,29.98,2026-01-05
SKU-00386,Item-00386,BR-A,113.45,2026-01-05
SKU-00386,Item-00386,BR-B,80.41,2026-01-05
SKU-00386,Item-00386,BR-C,113.61,2026-01-05
SKU-00386,Item-00386,BR-D,106.59,2026-01-05
SKU-00386,Item-00386,BR-E,51.85,2026-01-05
SKU-00387,Item-00387,BR-A,75.38,2026-01-05
SKU-00387,Item-00387,BR-B,141.83,2026-01-05
SKU-00387,Item-00387,BR-C,84.23,2026-01-05
SKU-00387,Item-00387,BR-D,146.62,2026-01-05
SKU-00387,Item-00387,BR-E,70.72,2026-01-05
SKU-00388,Item-00388,BR-A,20.73,2026-01-05
SKU-00388,Item-00388,BR-B,49.0,2026-01-05
SKU-00388,Item-00388,BR-C,17.84,2026-01-05
SKU-00388,Item-00388,BR-D,43.75,2026-01-05
SKU-00388,Item-00388,BR-E,25.38,2026-01-05
SKU-00389,Item-00389,BR-A,11.86,2026-01-05
SKU-00389,Item-00389,BR-B,12.45,2026-01-05
SKU-00389,Item-00389,BR-C,17.31,2026-01-05
SKU-00389,Item-00389,BR-D,21.52,2026-01-05
SKU-00389,Item-00389,BR-E,20.44,2026-01-05
SKU-00390,Item-00390,BR-A,19.51,2026-01-05
SKU-00390,Item-00390,BR-B,40.48,2026-01-05
SKU-00390,Item-00390,BR-C,30.34,2026-01-05
SKU-00390,Item-00390,BR-D,19.21,2026-01-05
SKU-00390,Item-00390,BR-E,21.92,2026-01-05
SKU-00391,Item-00391,BR-A,145.43,2026-01-05
SKU-00391,Item-00391,BR-B,168.04,2026-01-05
SKU-00391,Item-00391,BR-C,71.81,2026-01-05
SKU-00391,Item-00391,BR-D,86.61,2026-01-05
SKU-00391,Item-00391,BR-E,65.23,2026-01-05
SKU-00392,Item-00392,BR-A,108.65,2026-01-05
SKU-00392,Item-00392,BR-B,111.97,2026-01-05
SKU-00392,Item-00392,BR-C,103.79,2026-01-05
SKU-00392,Item-00392,BR-D,164.34,2026-01-05
SKU-00392,Item-00392,BR-E,229.85,2026-01-05
SKU-00393,Item-00393,BR-A,111.41,2026-01-05
SKU-00393,Item-00393,BR-B,111.67,2026-01-05
SKU-00393,Item-00393,BR-C,55.26,2026-01-05
SKU-00393,Item-00393,BR-D,65.27,2026-01-05
SKU-00393,Item-00393,BR-E,77.35,2026-01-05
SKU-00394,Item-00394,BR-A,92.91,2026-01-05
SKU-00394,Item-00394,BR-B,42.55,2026-01-05
SKU-00394,Item-00394,BR-C,71.26,2026-01-05
SKU-00394,Item-00394,BR-D,68.65,2026-01-05
SKU-00394,Item-00394,BR-E,69.21,2026-01-05
SKU-00395,Item-00395,BR-A,65.08,2026-01-05
SKU-00395,Item-00395,BR-B,51.3,2026-01-05
SKU-00395,Item-00395,BR-C,60.09,2026-01-05
SKU-00395,Item-00395,BR-D,84.87,2026-01-05
SKU-00395,Item-00395,BR-E,79.33,2026-01-05
SKU-00396,Item-00396,BR-A,128.69,2026-01-05
SKU-00396,Item-00396,BR-B,143.65,2026-01-05
SKU-00396,Item-00396,BR-C,181.36,2026-01-05
SKU-00396,Item-00396,BR-D,95.12,2026-01-05
SKU-00396,Item-00396,BR-E,155.62,2026-01-05
SKU-00397,Item-00397,BR-A,111.57,2026-01-05
SKU-00397,Item-00397,BR-B,111.22,2026-01-05
SKU-00397,Item-00397,BR-C,163.29,2026-01-05
SKU-00397,Item-00397,BR-D,235.19,2026-01-05
SKU-00397,Item-00397,BR-E,214.28,2026-01-05
SKU-00398,Item-00398,BR-A,167.49,2026-01-05
SKU-00398,Item-00398,BR-B,76.37,2026-01-05
SKU-00398,Item-00398,BR-C,160.91,2026-01-05
SKU-00398,Item-00398,BR-D,154.94,2026-01-05
SKU-00398,Item-00398,BR-E,67.98,2026-01-05
SKU-00399,Item-00399,BR-A,166.92,2026-01-05
SKU-00399,Item-00399,BR-B,81.55,2026-01-05
SKU-00399,Item-00399,BR-C,146.6,2026-01-05
SKU-00399,Item-00399,BR-D,189.31,2026-01-05
SKU-00399,Item-00399,BR-E,117.11,2026-01-05
SKU-00400,Item-00400,BR-A,60.72,2026-01-05
SKU-00400,Item-00400,BR-B,60.58,2026-01-05
SKU-00400,Item-00400,BR-C,30.09,2026-01-05
SKU-00400,Item-00400,BR-D,39.88,2026-01-05
SKU-00400,Item-00400,BR-E,68.62,2026-01-05
SKU-00001,Cola 1.5L,BR-A,166.8,2026-01-06
SKU-00001,Cola 1.5L,BR-B,215.93,2026-01-06
SKU-00001,Cola 1.5L,BR-C,171.8,2026-01-06
SKU-00001,Cola 1.5L,BR-D,175.04,2026-01-06
SKU-00001,Cola 1.5L,BR-E,219.51,2026-01-06
SKU-00002,Orange Juice 1L,BR-A,10.96,2026-01-06
SKU-00002,Orange Juice 1L,BR-B,19.79,2026-01-06
SKU-00002,Orange Juice 1L,BR-C,9.38,2026-01-06
SKU-00002,Orange Juice 1L,BR-D,14.49,2026-01-06
SKU-00002,Orange Juice 1L,BR-E,7.48,2026-01-06
SKU-00003,Mineral Water 500ml,BR-A,67.9,2026-01-06
SKU-00003,Mineral Water 500ml,BR-B,76.44,2026-01-06
SKU-00003,Mineral Water 500ml,BR-C,76.19,2026-01-06
SKU-00003,Mineral Water 500ml,BR-D,111.37,2026-01-06
SKU-00003,Mineral Water 500ml,BR-E,105.5,2026-01-06
SKU-00004,Energy Drink 250ml,BR-A,95.25,2026-01-06
SKU-00004,Energy Drink 250ml,BR-B,63.18,2026-01-06
SKU-00004,Energy Drink 250ml,BR-C,90.64,2026-01-06
SKU-00004,Energy Drink 250ml,BR-D,62.46,2026-01-06
SKU-00004,Energy Drink 250ml,BR-E,42.91,2026-01-06
SKU-00005,Soda Can,BR-A,249.01,2026-01-06
SKU-00005,Soda Can,BR-B,185.08,2026-01-06
SKU-00005,Soda Can,BR-C,108.75,2026-01-06
SKU-00005,Soda Can,BR-D,130.96,2026-01-06
SKU-00005,Soda Can,BR-E,165.2,2026-01-06
SKU-00006,Apple Juice 1L,BR-A,272.18,2026-01-06
SKU-00006,Apple Juice 1L,BR-B,208.49,2026-01-06
SKU-00006,Apple Juice 1L,BR-C,167.04,2026-01-06
SKU-00006,Apple Juice 1L,BR-D,98.38,2026-01-06
SKU-00006,Apple Juice 1L,BR-E,236.84,2026-01-06
SKU-00007,Tea Bag 100s,BR-A,279.29,2026-01-06
SKU-00007,Tea Bag 100s,BR-B,165.51,2026-01-06
SKU-00007,Tea Bag 100s,BR-C,263.28,2026-01-06
SKU-00007,Tea Bag 100s,BR-D,168.1,2026-01-06
SKU-00007,Tea Bag 100s,BR-E,147.37,2026-01-06
SKU-00008,Coffee 200g,BR-A,26.59,2026-01-06
SKU-00008,Coffee 200g,BR-B,19.69,2026-01-06
SKU-00008,Coffee 200g,BR-C,25.05,2026-01-06
SKU-00008,Coffee 200g,BR-D,16.02,2026-01-06
SKU-00008,Coffee 200g,BR-E,26.62,2026-01-06
SKU-00009,Lemonade 1L,BR-A,95.56,2026-01-06
SKU-00009,Lemonade 1L,BR-B,169.52,2026-01-06
SKU-00009,Lemonade 1L,BR-C,123.45,2026-01-06
SKU-00009,Lemonade 1L,BR-D,86.96,2026-01-06
SKU-00009,Lemonade 1L,BR-E,116.33,2026-01-06
SKU-00010,Iced Tea 500ml,BR-A,17.72,2026-01-06
SKU-00010,Iced Tea 500ml,BR-B,13.64,2026-01-06
SKU-00010,Iced Tea 500ml,BR-C,20.86,2026-01-06
SKU-00010,Iced Tea 500ml,BR-D,9.8,2026-01-06
SKU-00010,Iced Tea 500ml,BR-E,21.17,2026-01-06
SKU-00011,Thermos Flask 500ml,BR-A,37.02,2026-01-06
SKU-00011,Thermos Flask 500ml,BR-B,92.81,2026-01-06
SKU-00011,Thermos Flask 500ml,BR-C,37.46,2026-01-06
SKU-00011,Thermos Flask 500ml,BR-D,53.32,2026-01-06
SKU-00011,Thermos Flask 500ml,BR-E,62.82,2026-01-06
SKU-00012,أكوا 1.5 لتر,BR-A,111.38,2026-01-06
SKU-00012,أكوا 1.5 لتر,BR-B,104.09,2026-01-06
SKU-00012,أكوا 1.5 لتر,BR-C,199.38,2026-01-06
SKU-00012,أكوا 1.5 لتر,BR-D,180.58,2026-01-06
SKU-00012,أكوا 1.5 لتر,BR-E,128.47,2026-01-06
SKU-00013,Sports Drink 600ml,BR-A,7.31,2026-01-06
SKU-00013,Sports Drink 600ml,BR-B,11.22,2026-01-06
SKU-00013,Sports Drink 600ml,BR-C,9.24,2026-01-06
SKU-00013,Sports Drink 600ml,BR-D,15.5,2026-01-06
SKU-00013,Sports Drink 600ml,BR-E,16.21,2026-01-06
SKU-00014,Milk 1L,BR-A,55.09,2026-01-06
SKU-00014,Milk 1L,BR-B,37.6,2026-01-06
SKU-00014,Milk 1L,BR-C,38.03,2026-01-06
SKU-00014,Milk 1L,BR-D,46.71,2026-01-06
SKU-00014,Milk 1L,BR-E,71.93,2026-01-06
SKU-00015,Butter 250g,BR-A,230.38,2026-01-06
SKU-00015,Butter 250g,BR-B,240.13,2026-01-06
SKU-00015,Butter 250g,BR-C,155.46,2026-01-06
SKU-00015,Butter 250g,BR-D,258.34,2026-01-06
SKU-00015,Butter 250g,BR-E,103.0,2026-01-06
SKU-00016,Cheese Slices,BR-A,142.6,2026-01-06
SKU-00016,Cheese Slices,BR-B,138.25,2026-01-06
SKU-00016,Cheese Slices,BR-C,108.22,2026-01-06
SKU-00016,Cheese Slices,BR-D,125.11,2026-01-06
SKU-00016,Cheese Slices,BR-E,111.69,2026-01-06
SKU-00017,Yogurt 500g,BR-A,88.0,2026-01-06
SKU-00017,Yogurt 500g,BR-B,53.1,2026-01-06
SKU-00017,Yogurt 500g,BR-C,90.74,2026-01-06
SKU-00017,Yogurt 500g,BR-D,94.29,2026-01-06
SKU-00017,Yogurt 500g,BR-E,82.7,2026-01-06
SKU-00018,Eggs 12pk,BR-A,170.44,2026-01-06
SKU-00018,Eggs 12pk,BR-B,173.9,2026-01-06
SKU-00018,Eggs 12pk,BR-C,135.53,2026-01-06
SKU-00018,Eggs 12pk,BR-D,114.23,2026-01-06
SKU-00018,Eggs 12pk,BR-E,103.75,2026-01-06
SKU-00019,Cream 200ml,BR-A,182.07,2026-01-06
SKU-00019,Cream 200ml,BR-B,247.86,2026-01-06
SKU-00019,Cream 200ml,BR-C,319.49,2026-01-06
SKU-00019,Cream 200ml,BR-D,162.41,2026-01-06
SKU-00019,Cream 200ml,BR-E,239.43,2026-01-06
SKU-00020,Cheese Block 200g,BR-A,6.35,2026-01-06
SKU-00020,Cheese Block 200g,BR-B,11.12,2026-01-06
SKU-00020,Cheese Block 200g,BR-C,8.41,2026-01-06
SKU-00020,Cheese Block 200g,BR-D,8.26,2026-01-06
SKU-00020,Cheese Block 200g,BR-E,4.57,2026-01-06
SKU-00021,Ghee 1L,BR-A,221.14,2026-01-06
SKU-00021,Ghee 1L,BR-B,133.61,2026-01-06
SKU-00021,Ghee 1L,BR-C,271.56,2026-01-06
SKU-00021,Ghee 1L,BR-D,244.88,2026-01-06
SKU-00021,Ghee 1L,BR-E,130.6,2026-01-06
SKU-00022,Milk Powder 400g,BR-A,188.82,2026-01-06
SKU-00022,Milk Powder 400g,BR-B,209.3,2026-01-06
SKU-00022,Milk Powder 400g,BR-C,262.19,2026-01-06
SKU-00022,Milk Powder 400g,BR-D,274.55,2026-01-06
SKU-00022,Milk Powder 400g,BR-E,147.56,2026-01-06
SKU-00023,الحليب الطازج,BR-A,91.57,2026-01-06
SKU-00023,الحليب الطازج,BR-B,121.97,2026-01-06
SKU-00023,الحليب الطازج,BR-C,123.25,2026-01-06
SKU-00023,الحليب الطازج,BR-D,75.51,2026-01-06
SKU-00023,الحليب الطازج,BR-E,63.17,2026-01-06
SKU-00024,Bread Loaf,BR-A,63.61,2026-01-06
SKU-00024,Bread Loaf,BR-B,27.42,2026-01-06
SKU-00024,Bread Loaf,BR-C,36.03,2026-01-06
SKU-00024,Bread Loaf,BR-D,53.76,2026-01-06
SKU-00024,Bread Loaf,BR-E,39.73,2026-01-06
SKU-00025,Croissant,BR-A,339.75,2026-01-06
SKU-00025,Croissant,BR-B,254.45,2026-01-06
SKU-00025,Croissant,BR-C,170.6,2026-01-06
SKU-00025,Croissant,BR-D,202.16,2026-01-06
SKU-00025,Croissant,BR-E,213.95,2026-01-06
SKU-00026,Pita Bread 6pk,BR-A,139.85,2026-01-06
SKU-00026,Pita Bread 6pk,BR-B,104.93,2026-01-06
SKU-00026,Pita Bread 6pk,BR-C,98.64,2026-01-06
SKU-00026,Pita Bread 6pk,BR-D,125.06,2026-01-06
SKU-00026,Pita Bread 6pk,BR-E,108.7,2026-01-06
SKU-00027,Muffin 4pk,BR-A,44.93,2026-01-06
SKU-00027,Muffin 4pk,BR-B,34.12,2026-01-06
SKU-00027,Muffin 4pk,BR-C,19.78,2026-01-06
SKU-00027,Muffin 4pk,BR-D,38.19,2026-01-06
SKU-00027,Muffin 4pk,BR-E,38.26,2026-01-06
SKU-00028,Baguette,BR-A,22.79,2026-01-06
SKU-00028,Baguette,BR-B,41.55,2026-01-06
SKU-00028,Baguette,BR-C,25.51,2026-01-06
SKU-00028,Baguette,BR-D,41.3,2026-01-06
SKU-00028,Baguette,BR-E,29.87,2026-01-06
SKU-00029,Donuts 6pk,BR-A,300.44,2026-01-06
SKU-00029,Donuts 6pk,BR-B,121.63,2026-01-06
SKU-00029,Donuts 6pk,BR-C,176.99,2026-01-06
SKU-00029,Donuts 6pk,BR-D,151.1,2026-01-06
SKU-00029,Donuts 6pk,BR-E,124.81,2026-01-06
SKU-00030,Cake Slice,BR-A,189.83,2026-01-06
SKU-00030,Cake Slice,BR-B,207.5,2026-01-06
SKU-00030,Cake Slice,BR-C,98.44,2026-01-06
SKU-00030,Cake Slice,BR-D,160.05,2026-01-06
SKU-00030,Cake Slice,BR-E,231.01,2026-01-06
SKU-00031,Cookies Pack,BR-A,144.84,2026-01-06
SKU-00031,Cookies Pack,BR-B,245.82,2026-01-06
SKU-00031,Cookies Pack,BR-C,230.91,2026-01-06
SKU-00031,Cookies Pack,BR-D,239.05,2026-01-06
SKU-00031,Cookies Pack,BR-E,273.81,2026-01-06
SKU-00032,كعكة شوكولاتة,BR-A,123.74,2026-01-06
SKU-00032,كعكة شوكولاتة,BR-B,155.49,2026-01-06
SKU-00032,كعكة شوكولاتة,BR-C,155.95,2026-01-06
SKU-00032,كعكة شوكولاتة,BR-D,238.36,2026-01-06
SKU-00032,كعكة شوكولاتة,BR-E,189.92,2026-01-06
SKU-00033,Apples 1kg,BR-A,99.93,2026-01-06
SKU-00033,Apples 1kg,BR-B,95.03,2026-01-06
SKU-00033,Apples 1kg,BR-C,212.95,2026-01-06
SKU-00033,Apples 1kg,BR-D,94.38,2026-01-06
SKU-00033,Apples 1kg,BR-E,200.36,2026-01-06
SKU-00034,Bananas 1kg,BR-A,276.29,2026-01-06
SKU-00034,Bananas 1kg,BR-B,229.76,2026-01-06
SKU-00034,Bananas 1kg,BR-C,216.2,2026-01-06
SKU-00034,Bananas 1kg,BR-D,318.82,2026-01-06
SKU-00034,Bananas 1kg,BR-E,275.67,2026-01-06
SKU-00035,Potatoes 2kg,BR-A,119.58,2026-01-06
SKU-00035,Potatoes 2kg,BR-B,121.37,2026-01-06
SKU-00035,Potatoes 2kg,BR-C,95.68,2026-01-06
SKU-00035,Potatoes 2kg,BR-D,88.62,2026-01-06
SKU-00035,Potatoes 2kg,BR-E,140.81,2026-01-06
SKU-00036,Onions 1kg,BR-A,83.88,2026-01-06
SKU-00036,Onions 1kg,BR-B,120.23,2026-01-06
SKU-00036,Onions 1kg,BR-C,161.62,2026-01-06
SKU-00036,Onions 1kg,BR-D,162.04,2026-01-06
SKU-00036,Onions 1kg,BR-E,208.11,2026-01-06
SKU-00037,Tomatoes 1kg,BR-A,128.8,2026-01-06
SKU-00037,Tomatoes 1kg,BR-B,272.13,2026-01-06
SKU-00037,Tomatoes 1kg,BR-C,145.27,2026-01-06
SKU-00037,Tomatoes 1kg,BR-D,130.53,2026-01-06
SKU-00037,Tomatoes 1kg,BR-E,131.4,2026-01-06
SKU-00038,Cucumbers 500g,BR-A,112.67,2026-01-06
SKU-00038,Cucumbers 500g,BR-B,173.28,2026-01-06
SKU-00038,Cucumbers 500g,BR-C,241.42,2026-01-06
SKU-00038,Cucumbers 500g,BR-D,126.29,2026-01-06
SKU-00038,Cucumbers 500g,BR-E,211.14,2026-01-06
SKU-00039,Lettuce Head,BR-A,339.77,2026-01-06
SKU-00039,Lettuce Head,BR-B,197.15,2026-01-06
SKU-00039,Lettuce Head,BR-C,213.9,2026-01-06
SKU-00039,Lettuce Head,BR-D,289.97,2026-01-06
SKU-00039,Lettuce Head,BR-E,231.85,2026-01-06
SKU-00040,Carrots 1kg,BR-A,165.66,2026-01-06
SKU-00040,Carrots 1kg,BR-B,162.53,2026-01-06
SKU-00040,Carrots 1kg,BR-C,180.44,2026-01-06
SKU-00040,Carrots 1kg,BR-D,142.86,2026-01-06
SKU-00040,Carrots 1kg,BR-E,106.01,2026-01-06
SKU-00041,Potato Chips 150g,BR-A,252.01,2026-01-06
SKU-00041,Potato Chips 150g,BR-B,250.44,2026-01-06
SKU-00041,Potato Chips 150g,BR-C,182.71,2026-01-06
SKU-00041,Potato Chips 150g,BR-D,121.01,2026-01-06
SKU-00041,Potato Chips 150g,BR-E,268.4,2026-01-06
SKU-00042,Ice Cream 500ml,BR-A,14.44,2026-01-06
SKU-00042,Ice Cream 500ml,BR-B,14.05,2026-01-06
SKU-00042,Ice Cream 500ml,BR-C,21.38,2026-01-06
SKU-00042,Ice Cream 500ml,BR-D,19.81,2026-01-06
SKU-00042,Ice Cream 500ml,BR-E,10.68,2026-01-06
SKU-00043,Frozen Peas 500g,BR-A,88.71,2026-01-06
SKU-00043,Frozen Peas 500g,BR-B,49.06,2026-01-06
SKU-00043,Frozen Peas 500g,BR-C,37.3,2026-01-06
SKU-00043,Frozen Peas 500g,BR-D,48.64,2026-01-06
SKU-00043,Frozen Peas 500g,BR-E,49.52,2026-01-06
SKU-00044,Frozen Pizza,BR-A,55.16,2026-01-06
SKU-00044,Frozen Pizza,BR-B,112.46,2026-01-06
SKU-00044,Frozen Pizza,BR-C,82.94,2026-01-06
SKU-00044,Frozen Pizza,BR-D,68.76,2026-01-06
SKU-00044,Frozen Pizza,BR-E,103.32,2026-01-06
SKU-00045,Chicken Fingers 500g,BR-A,32.37,2026-01-06
SKU-00045,Chicken Fingers 500g,BR-B,14.94,2026-01-06
SKU-00045,Chicken Fingers 500g,BR-C,34.92,2026-01-06
SKU-00045,Chicken Fingers 500g,BR-D,27.6,2026-01-06
SKU-00045,Chicken Fingers 500g,BR-E,32.35,2026-01-06
SKU-00046,Fish Fingers 500g,BR-A,80.96,2026-01-06
SKU-00046,Fish Fingers 500g,BR-B,71.32,2026-01-06
SKU-00046,Fish Fingers 500g,BR-C,37.91,2026-01-06
SKU-00046,Fish Fingers 500g,BR-D,73.92,2026-01-06
SKU-00046,Fish Fingers 500g,BR-E,48.96,2026-01-06
SKU-00047,Frozen Veg Mix 450g,BR-A,36.0,2026-01-06
SKU-00047,Frozen Veg Mix 450g,BR-B,17.52,2026-01-06
SKU-00047,Frozen Veg Mix 450g,BR-C,39.83,2026-01-06
SKU-00047,Frozen Veg Mix 450g,BR-D,35.96,2026-01-06
SKU-00047,Frozen Veg Mix 450g,BR-E,29.11,2026-01-06
SKU-00048,مجمدات متنوعة,BR-A,110.59,2026-01-06
SKU-00048,مجمدات متنوعة,BR-B,54.08,2026-01-06
SKU-00048,مجمدات متنوعة,BR-C,57.82,2026-01-06
SKU-00048,مجمدات متنوعة,BR-D,82.71,2026-01-06
SKU-00048,مجمدات متنوعة,BR-E,111.87,2026-01-06
SKU-00049,Detergent 1L,BR-A,215.11,2026-01-06
SKU-00049,Detergent 1L,BR-B,137.49,2026-01-06
SKU-00049,Detergent 1L,BR-C,183.59,2026-01-06
SKU-00049,Detergent 1L,BR-D,175.97,2026-01-06
SKU-00049,Detergent 1L,BR-E,117.11,2026-01-06
SKU-00050,Toilet Paper 6pk,BR-A,73.21,2026-01-06
SKU-00050,Toilet Paper 6pk,BR-B,113.38,2026-01-06
SKU-00050,Toilet Paper 6pk,BR-C,86.36,2026-01-06
SKU-00050,Toilet Paper 6pk,BR-D,85.63,2026-01-06
SKU-00050,Toilet Paper 6pk,BR-E,79.03,2026-01-06
SKU-00051,Hand Soap,BR-A,66.0,2026-01-06
SKU-00051,Hand Soap,BR-B,82.68,2026-01-06
SKU-00051,Hand Soap,BR-C,56.93,2026-01-06
SKU-00051,Hand Soap,BR-D,114.59,2026-01-06
SKU-00051,Hand Soap,BR-E,119.42,2026-01-06
SKU-00052,Shampoo 400ml,BR-A,62.67,2026-01-06
SKU-00052,Shampoo 400ml,BR-B,56.34,2026-01-06
SKU-00052,Shampoo 400ml,BR-C,43.16,2026-01-06
SKU-00052,Shampoo 400ml,BR-D,34.62,2026-01-06
SKU-00052,Shampoo 400ml,BR-E,80.14,2026-01-06
SKU-00053,Toothpaste 100ml,BR-A,95.11,2026-01-06
SKU-00053,Toothpaste 100ml,BR-B,104.86,2026-01-06
SKU-00053,Toothpaste 100ml,BR-C,54.83,2026-01-06
SKU-00053,Toothpaste 100ml,BR-D,82.3,2026-01-06
SKU-00053,Toothpaste 100ml,BR-E,95.44,2026-01-06
SKU-00054,Cleaning Spray,BR-A,334.45,2026-01-06
SKU-00054,Cleaning Spray,BR-B,295.75,2026-01-06
SKU-00054,Cleaning Spray,BR-C,347.56,2026-01-06
SKU-00054,Cleaning Spray,BR-D,330.78,2026-01-06
SKU-00054,Cleaning Spray,BR-E,219.35,2026-01-06
SKU-00055,Garbage Bags 30pk,BR-A,101.27,2026-01-06
SKU-00055,Garbage Bags 30pk,BR-B,198.93,2026-01-06
SKU-00055,Garbage Bags 30pk,BR-C,188.81,2026-01-06
SKU-00055,Garbage Bags 30pk,BR-D,243.05,2026-01-06
SKU-00055,Garbage Bags 30pk,BR-E,135.08,2026-01-06
SKU-00056,Chips 150g,BR-A,168.92,2026-01-06
SKU-00056,Chips 150g,BR-B,136.54,2026-01-06
SKU-00056,Chips 150g,BR-C,121.49,2026-01-06
SKU-00056,Chips 150g,BR-D,115.78,2026-01-06
SKU-00056,Chips 150g,BR-E,140.4,2026-01-06
SKU-00057,Chocolate Bar,BR-A,51.82,2026-01-06
SKU-00057,Chocolate Bar,BR-B,62.82,2026-01-06
SKU-00057,Chocolate Bar,BR-C,62.82,2026-01-06
SKU-00057,Chocolate Bar,BR-D,49.74,2026-01-06
SKU-00057,Chocolate Bar,BR-E,46.39,2026-01-06
SKU-00058,Biscuits Pack,BR-A,247.3,2026-01-06
SKU-00058,Biscuits Pack,BR-B,279.25,2026-01-06
SKU-00058,Biscuits Pack,BR-C,194.93,2026-01-06
SKU-00058,Biscuits Pack,BR-D,217.23,2026-01-06
SKU-00058,Biscuits Pack,BR-E,255.17,2026-01-06
SKU-00059,Gum Pack,BR-A,57.83,2026-01-06
SKU-00059,Gum Pack,BR-B,70.82,2026-01-06
SKU-00059,Gum Pack,BR-C,29.56,2026-01-06
SKU-00059,Gum Pack,BR-D,30.98,2026-01-06
SKU-00059,Gum Pack,BR-E,25.84,2026-01-06
SKU-00060,Nuts Mix 200g,BR-A,58.5,2026-01-06
SKU-00060,Nuts Mix 200g,BR-B,60.44,2026-01-06
SKU-00060,Nuts Mix 200g,BR-C,56.45,2026-01-06
SKU-00060,Nuts Mix 200g,BR-D,83.46,2026-01-06
SKU-00060,Nuts Mix 200g,BR-E,55.3,2026-01-06
SKU-00061,Popcorn 100g,BR-A,253.16,2026-01-06
SKU-00061,Popcorn 100g,BR-B,326.18,2026-01-06
SKU-00061,Popcorn 100g,BR-C,386.02,2026-01-06
SKU-00061,Popcorn 100g,BR-D,163.63,2026-01-06
SKU-00061,Popcorn 100g,BR-E,233.34,2026-01-06
SKU-00062,Pretzels 200g,BR-A,199.83,2026-01-06
SKU-00062,Pretzels 200g,BR-B,254.7,2026-01-06
SKU-00062,Pretzels 200g,BR-C,216.04,2026-01-06
SKU-00062,Pretzels 200g,BR-D,153.77,2026-01-06
SKU-00062,Pretzels 200g,BR-E,138.1,2026-01-06
SKU-00063,Candy Assorted,BR-A,176.05,2026-01-06
SKU-00063,Candy Assorted,BR-B,123.45,2026-01-06
SKU-00063,Candy Assorted,BR-C,84.69,2026-01-06
SKU-00063,Candy Assorted,BR-D,97.25,2026-01-06
SKU-00063,Candy Assorted,BR-E,100.47,2026-01-06
SKU-00064,Chicken Breast 1kg,BR-A,179.22,2026-01-06
SKU-00064,Chicken Breast 1kg,BR-B,264.8,2026-01-06
SKU-00064,Chicken Breast 1kg,BR-C,273.99,2026-01-06
SKU-00064,Chicken Breast 1kg,BR-D,261.62,2026-01-06
SKU-00064,Chicken Breast 1kg,BR-E,118.61,2026-01-06
SKU-00065,Beef Mince 500g,BR-A,258.8,2026-01-06
SKU-00065,Beef Mince 500g,BR-B,328.32,2026-01-06
SKU-00065,Beef Mince 500g,BR-C,293.16,2026-01-06
SKU-00065,Beef Mince 500g,BR-D,312.44,2026-01-06
SKU-00065,Beef Mince 500g,BR-E,323.83,2026-01-06
SKU-00066,Lamb Chops 500g,BR-A,144.88,2026-01-06
SKU-00066,Lamb Chops 500g,BR-B,132.29,2026-01-06
SKU-00066,Lamb Chops 500g,BR-C,256.68,2026-01-06
SKU-00066,Lamb Chops 500g,BR-D,201.91,2026-01-06
SKU-00066,Lamb Chops 500g,BR-E,289.53,2026-01-06
SKU-00067,Sausages 400g,BR-A,79.69,2026-01-06
SKU-00067,Sausages 400g,BR-B,52.44,2026-01-06
SKU-00067,Sausages 400g,BR-C,36.25,2026-01-06
SKU-00067,Sausages 400g,BR-D,71.18,2026-01-06
SKU-00067,Sausages 400g,BR-E,38.88,2026-01-06
SKU-00068,Bacon 200g,BR-A,18.07,2026-01-06
SKU-00068,Bacon 200g,BR-B,11.08,2026-01-06
SKU-00068,Bacon 200g,BR-C,13.75,2026-01-06
SKU-00068,Bacon 200g,BR-D,13.45,2026-01-06
SKU-00068,Bacon 200g,BR-E,8.46,2026-01-06
SKU-00069,Fish Fillet 500g,BR-A,83.94,2026-01-06
SKU-00069,Fish Fillet 500g,BR-B,86.81,2026-01-06
SKU-00069,Fish Fillet 500g,BR-C,61.68,2026-01-06
SKU-00069,Fish Fillet 500g,BR-D,47.7,2026-01-06
SKU-00069,Fish Fillet 500g,BR-E,124.13,2026-01-06
SKU-00070,دجاج كامل,BR-A,88.87,2026-01-06
SKU-00070,دجاج كامل,BR-B,111.38,2026-01-06
SKU-00070,دجاج كامل,BR-C,105.21,2026-01-06
SKU-00070,دجاج كامل,BR-D,92.83,2026-01-06
SKU-00070,دجاج كامل,BR-E,93.5,2026-01-06
SKU-00071,Rice 5kg,BR-A,44.42,2026-01-06
SKU-00071,Rice 5kg,BR-B,48.29,2026-01-06
SKU-00071,Rice 5kg,BR-C,72.5,2026-01-06
SKU-00071,Rice 5kg,BR-D,89.99,2026-01-06
SKU-00071,Rice 5kg,BR-E,43.54,2026-01-06
SKU-00072,Sugar 1kg,BR-A,301.59,2026-01-06
SKU-00072,Sugar 1kg,BR-B,331.23,2026-01-06
SKU-00072,Sugar 1kg,BR-C,376.78,2026-01-06
SKU-00072,Sugar 1kg,BR-D,143.07,2026-01-06
SKU-00072,Sugar 1kg,BR-E,270.54,2026-01-06
SKU-00073,Pasta 500g,BR-A,319.1,2026-01-06
SKU-00073,Pasta 500g,BR-B,250.94,2026-01-06
SKU-00073,Pasta 500g,BR-C,283.87,2026-01-06
SKU-00073,Pasta 500g,BR-D,304.23,2026-01-06
SKU-00073,Pasta 500g,BR-E,286.76,2026-01-06
SKU-00074,Flour 2kg,BR-A,110.57,2026-01-06
SKU-00074,Flour 2kg,BR-B,71.21,2026-01-06
SKU-00074,Flour 2kg,BR-C,54.11,2026-01-06
SKU-00074,Flour 2kg,BR-D,78.19,2026-01-06
SKU-00074,Flour 2kg,BR-E,117.32,2026-01-06
SKU-00075,Cooking Oil 1L,BR-A,186.98,2026-01-06
SKU-00075,Cooking Oil 1L,BR-B,157.4,2026-01-06
SKU-00075,Cooking Oil 1L,BR-C,248.65,2026-01-06
SKU-00075,Cooking Oil 1L,BR-D,218.33,2026-01-06
SKU-00075,Cooking Oil 1L,BR-E,186.32,2026-01-06
SKU-00076,Canned Beans 400g,BR-A,91.7,2026-01-06
SKU-00076,Canned Beans 400g,BR-B,125.7,2026-01-06
SKU-00076,Canned Beans 400g,BR-C,100.91,2026-01-06
SKU-00076,Canned Beans 400g,BR-D,119.4,2026-01-06
SKU-00076,Canned Beans 400g,BR-E,97.19,2026-01-06
SKU-00077,Canned Tuna 185g,BR-A,362.67,2026-01-06
SKU-00077,Canned Tuna 185g,BR-B,311.15,2026-01-06
SKU-00077,Canned Tuna 185g,BR-C,163.49,2026-01-06
SKU-00077,Canned Tuna 185g,BR-D,288.6,2026-01-06
SKU-00077,Canned Tuna 185g,BR-E,340.25,2026-01-06
SKU-00078,Salt 1kg,BR-A,149.16,2026-01-06
SKU-00078,Salt 1kg,BR-B,116.25,2026-01-06
SKU-00078,Salt 1kg,BR-C,184.26,2026-01-06
SKU-00078,Salt 1kg,BR-D,76.77,2026-01-06
SKU-00078,Salt 1kg,BR-E,97.26,2026-01-06
SKU-00079,Soy Sauce 250ml,BR-A,49.84,2026-01-06
SKU-00079,Soy Sauce 250ml,BR-B,107.85,2026-01-06
SKU-00079,Soy Sauce 250ml,BR-C,87.27,2026-01-06
SKU-00079,Soy Sauce 250ml,BR-D,72.92,2026-01-06
SKU-00079,Soy Sauce 250ml,BR-E,79.44,2026-01-06
SKU-00080,زيت زيتون 1 لتر,BR-A,84.13,2026-01-06
SKU-00080,زيت زيتون 1 لتر,BR-B,98.59,2026-01-06
SKU-00080,زيت زيتون 1 لتر,BR-C,60.88,2026-01-06
SKU-00080,زيت زيتون 1 لتر,BR-D,100.56,2026-01-06
SKU-00080,زيت زيتون 1 لتر,BR-E,105.01,2026-01-06
SKU-00081,Item-00081,BR-A,75.97,2026-01-06
SKU-00081,Item-00081,BR-B,97.82,2026-01-06
SKU-00081,Item-00081,BR-C,130.17,2026-01-06
SKU-00081,Item-00081,BR-D,142.63,2026-01-06
SKU-00081,Item-00081,BR-E,154.45,2026-01-06
SKU-00082,Item-00082,BR-A,163.09,2026-01-06
SKU-00082,Item-00082,BR-B,222.26,2026-01-06
SKU-00082,Item-00082,BR-C,195.14,2026-01-06
SKU-00082,Item-00082,BR-D,199.89,2026-01-06
SKU-00082,Item-00082,BR-E,137.08,2026-01-06
SKU-00083,Item-00083,BR-A,239.01,2026-01-06
SKU-00083,Item-00083,BR-B,249.07,2026-01-06
SKU-00083,Item-00083,BR-C,268.33,2026-01-06
SKU-00083,Item-00083,BR-D,189.97,2026-01-06
SKU-00083,Item-00083,BR-E,185.68,2026-01-06
SKU-00084,Item-00084,BR-A,81.38,2026-01-06
SKU-00084,Item-00084,BR-B,57.95,2026-01-06
SKU-00084,Item-00084,BR-C,79.56,2026-01-06
SKU-00084,Item-00084,BR-D,108.18,2026-01-06
SKU-00084,Item-00084,BR-E,93.38,2026-01-06
SKU-00085,Item-00085,BR-A,123.8,2026-01-06
SKU-00085,Item-00085,BR-B,134.3,2026-01-06
SKU-00085,Item-00085,BR-C,104.07,2026-01-06
SKU-00085,Item-00085,BR-D,87.49,2026-01-06
SKU-00085,Item-00085,BR-E,139.24,2026-01-06
SKU-00086,Item-00086,BR-A,135.24,2026-01-06
SKU-00086,Item-00086,BR-B,218.84,2026-01-06
SKU-00086,Item-00086,BR-C,157.46,2026-01-06
SKU-00086,Item-00086,BR-D,201.41,2026-01-06
SKU-00086,Item-00086,BR-E,112.36,2026-01-06
SKU-00087,Item-00087,BR-A,29.49,2026-01-06
SKU-00087,Item-00087,BR-B,31.38,2026-01-06
SKU-00087,Item-00087,BR-C,42.76,2026-01-06
SKU-00087,Item-00087,BR-D,21.38,2026-01-06
SKU-00087,Item-00087,BR-E,39.08,2026-01-06
SKU-00088,Item-00088,BR-A,154.0,2026-01-06
SKU-00088,Item-00088,BR-B,213.09,2026-01-06
SKU-00088,Item-00088,BR-C,222.54,2026-01-06
SKU-00088,Item-00088,BR-D,112.81,2026-01-06
SKU-00088,Item-00088,BR-E,83.67,2026-01-06
SKU-00089,Item-00089,BR-A,157.06,2026-01-06
SKU-00089,Item-00089,BR-B,122.98,2026-01-06
SKU-00089,Item-00089,BR-C,76.2,2026-01-06
SKU-00089,Item-00089,BR-D,80.51,2026-01-06
SKU-00089,Item-00089,BR-E,72.0,2026-01-06
SKU-00090,Item-00090,BR-A,114.37,2026-01-06
SKU-00090,Item-00090,BR-B,59.95,2026-01-06
SKU-00090,Item-00090,BR-C,72.57,2026-01-06
SKU-00090,Item-00090,BR-D,104.77,2026-01-06
SKU-00090,Item-00090,BR-E,83.01,2026-01-06
SKU-00091,Item-00091,BR-A,66.71,2026-01-06
SKU-00091,Item-00091,BR-B,142.11,2026-01-06
SKU-00091,Item-00091,BR-C,59.03,2026-01-06
SKU-00091,Item-00091,BR-D,59.83,2026-01-06
SKU-00091,Item-00091,BR-E,69.28,2026-01-06
SKU-00092,Item-00092,BR-A,121.91,2026-01-06
SKU-00092,Item-00092,BR-B,221.3,2026-01-06
SKU-00092,Item-00092,BR-C,102.66,2026-01-06
SKU-00092,Item-00092,BR-D,133.32,2026-01-06
SKU-00092,Item-00092,BR-E,250.75,2026-01-06
SKU-00093,Item-00093,BR-A,128.59,2026-01-06
SKU-00093,Item-00093,BR-B,119.97,2026-01-06
SKU-00093,Item-00093,BR-C,126.06,2026-01-06
SKU-00093,Item-00093,BR-D,165.54,2026-01-06
SKU-00093,Item-00093,BR-E,112.3,2026-01-06
SKU-00094,Item-00094,BR-A,124.26,2026-01-06
SKU-00094,Item-00094,BR-B,100.21,2026-01-06
SKU-00094,Item-00094,BR-C,129.73,2026-01-06
SKU-00094,Item-00094,BR-D,151.35,2026-01-06
SKU-00094,Item-00094,BR-E,136.43,2026-01-06
SKU-00095,Item-00095,BR-A,170.01,2026-01-06
SKU-00095,Item-00095,BR-B,85.55,2026-01-06
SKU-00095,Item-00095,BR-C,151.81,2026-01-06
SKU-00095,Item-00095,BR-D,84.03,2026-01-06
SKU-00095,Item-00095,BR-E,126.5,2026-01-06
SKU-00096,Item-00096,BR-A,14.36,2026-01-06
SKU-00096,Item-00096,BR-B,31.25,2026-01-06
SKU-00096,Item-00096,BR-C,35.3,2026-01-06
SKU-00096,Item-00096,BR-D,23.26,2026-01-06
SKU-00096,Item-00096,BR-E,27.17,2026-01-06
SKU-00097,Item-00097,BR-A,21.68,2026-01-06
SKU-00097,Item-00097,BR-B,41.79,2026-01-06
SKU-00097,Item-00097,BR-C,39.47,2026-01-06
SKU-00097,Item-00097,BR-D,30.3,2026-01-06
SKU-00097,Item-00097,BR-E,51.42,2026-01-06
SKU-00098,Item-00098,BR-A,191.52,2026-01-06
SKU-00098,Item-00098,BR-B,105.33,2026-01-06
SKU-00098,Item-00098,BR-C,107.44,2026-01-06
SKU-00098,Item-00098,BR-D,190.98,2026-01-06
SKU-00098,Item-00098,BR-E,268.88,2026-01-06
SKU-00099,Item-00099,BR-A,192.2,2026-01-06
SKU-00099,Item-00099,BR-B,205.26,2026-01-06
SKU-00099,Item-00099,BR-C,117.87,2026-01-06
SKU-00099,Item-00099,BR-D,239.5,2026-01-06
SKU-00099,Item-00099,BR-E,237.86,2026-01-06
SKU-00100,Item-00100,BR-A,147.36,2026-01-06
SKU-00100,Item-00100,BR-B,100.19,2026-01-06
SKU-00100,Item-00100,BR-C,129.88,2026-01-06
SKU-00100,Item-00100,BR-D,78.67,2026-01-06
SKU-00100,Item-00100,BR-E,153.59,2026-01-06
SKU-00101,Item-00101,BR-A,97.55,2026-01-06
SKU-00101,Item-00101,BR-B,144.46,2026-01-06
SKU-00101,Item-00101,BR-C,224.05,2026-01-06
SKU-00101,Item-00101,BR-D,237.25,2026-01-06
SKU-00101,Item-00101,BR-E,128.58,2026-01-06
SKU-00102,Item-00102,BR-A,156.32,2026-01-06
SKU-00102,Item-00102,BR-B,90.39,2026-01-06
SKU-00102,Item-00102,BR-C,109.84,2026-01-06
SKU-00102,Item-00102,BR-D,230.79,2026-01-06
SKU-00102,Item-00102,BR-E,217.3,2026-01-06
SKU-00103,Item-00103,BR-A,177.25,2026-01-06
SKU-00103,Item-00103,BR-B,118.19,2026-01-06
SKU-00103,Item-00103,BR-C,125.12,2026-01-06
SKU-00103,Item-00103,BR-D,120.45,2026-01-06
SKU-00103,Item-00103,BR-E,148.58,2026-01-06
SKU-00104,Item-00104,BR-A,69.87,2026-01-06
SKU-00104,Item-00104,BR-B,110.34,2026-01-06
SKU-00104,Item-00104,BR-C,89.89,2026-01-06
SKU-00104,Item-00104,BR-D,44.27,2026-01-06
SKU-00104,Item-00104,BR-E,84.76,2026-01-06
SKU-00105,Item-00105,BR-A,132.31,2026-01-06
SKU-00105,Item-00105,BR-B,110.15,2026-01-06
SKU-00105,Item-00105,BR-C,154.14,2026-01-06
SKU-00105,Item-00105,BR-D,89.0,2026-01-06
SKU-00105,Item-00105,BR-E,75.02,2026-01-06
SKU-00106,Item-00106,BR-A,148.68,2026-01-06
SKU-00106,Item-00106,BR-B,156.06,2026-01-06
SKU-00106,Item-00106,BR-C,116.28,2026-01-06
SKU-00106,Item-00106,BR-D,124.37,2026-01-06
SKU-00106,Item-00106,BR-E,246.82,2026-01-06
SKU-00107,Item-00107,BR-A,71.72,2026-01-06
SKU-00107,Item-00107,BR-B,99.64,2026-01-06
SKU-00107,Item-00107,BR-C,52.91,2026-01-06
SKU-00107,Item-00107,BR-D,127.79,2026-01-06
SKU-00107,Item-00107,BR-E,130.81,2026-01-06
SKU-00108,Item-00108,BR-A,262.03,2026-01-06
SKU-00108,Item-00108,BR-B,237.91,2026-01-06
SKU-00108,Item-00108,BR-C,105.68,2026-01-06
SKU-00108,Item-00108,BR-D,130.87,2026-01-06
SKU-00108,Item-00108,BR-E,159.44,2026-01-06
SKU-00109,Item-00109,BR-A,60.66,2026-01-06
SKU-00109,Item-00109,BR-B,68.73,2026-01-06
SKU-00109,Item-00109,BR-C,38.1,2026-01-06
SKU-00109,Item-00109,BR-D,48.82,2026-01-06
SKU-00109,Item-00109,BR-E,61.54,2026-01-06
SKU-00110,Item-00110,BR-A,249.03,2026-01-06
SKU-00110,Item-00110,BR-B,109.91,2026-01-06
SKU-00110,Item-00110,BR-C,116.38,2026-01-06
SKU-00110,Item-00110,BR-D,219.61,2026-01-06
SKU-00110,Item-00110,BR-E,255.04,2026-01-06
SKU-00111,Item-00111,BR-A,22.33,2026-01-06
SKU-00111,Item-00111,BR-B,19.8,2026-01-06
SKU-00111,Item-00111,BR-C,18.36,2026-01-06
SKU-00111,Item-00111,BR-D,25.09,2026-01-06
SKU-00111,Item-00111,BR-E,11.34,2026-01-06
SKU-00112,Item-00112,BR-A,170.08,2026-01-06
SKU-00112,Item-00112,BR-B,197.04,2026-01-06
SKU-00112,Item-00112,BR-C,187.61,2026-01-06
SKU-00112,Item-00112,BR-D,103.1,2026-01-06
SKU-00112,Item-00112,BR-E,161.84,2026-01-06
SKU-00113,Item-00113,BR-A,122.83,2026-01-06
SKU-00113,Item-00113,BR-B,164.67,2026-01-06
SKU-00113,Item-00113,BR-C,144.38,2026-01-06
SKU-00113,Item-00113,BR-D,90.71,2026-01-06
SKU-00113,Item-00113,BR-E,120.41,2026-01-06
SKU-00114,Item-00114,BR-A,193.33,2026-01-06
SKU-00114,Item-00114,BR-B,116.49,2026-01-06
SKU-00114,Item-00114,BR-C,122.17,2026-01-06
SKU-00114,Item-00114,BR-D,189.51,2026-01-06
SKU-00114,Item-00114,BR-E,187.86,2026-01-06
SKU-00115,Item-00115,BR-A,50.18,2026-01-06
SKU-00115,Item-00115,BR-B,23.4,2026-01-06
SKU-00115,Item-00115,BR-C,24.86,2026-01-06
SKU-00115,Item-00115,BR-D,39.35,2026-01-06
SKU-00115,Item-00115,BR-E,42.7,2026-01-06
SKU-00116,Item-00116,BR-A,167.93,2026-01-06
SKU-00116,Item-00116,BR-B,261.81,2026-01-06
SKU-00116,Item-00116,BR-C,155.51,2026-01-06
SKU-00116,Item-00116,BR-D,136.7,2026-01-06
SKU-00116,Item-00116,BR-E,103.24,2026-01-06
SKU-00117,Item-00117,BR-A,250.07,2026-01-06
SKU-00117,Item-00117,BR-B,136.28,2026-01-06
SKU-00117,Item-00117,BR-C,179.15,2026-01-06
SKU-00117,Item-00117,BR-D,206.71,2026-01-06
SKU-00117,Item-00117,BR-E,145.08,2026-01-06
SKU-00118,Item-00118,BR-A,101.64,2026-01-06
SKU-00118,Item-00118,BR-B,99.54,2026-01-06
SKU-00118,Item-00118,BR-C,183.76,2026-01-06
SKU-00118,Item-00118,BR-D,81.46,2026-01-06
SKU-00118,Item-00118,BR-E,88.69,2026-01-06
SKU-00119,Item-00119,BR-A,185.9,2026-01-06
SKU-00119,Item-00119,BR-B,91.26,2026-01-06
SKU-00119,Item-00119,BR-C,168.78,2026-01-06
SKU-00119,Item-00119,BR-D,157.52,2026-01-06
SKU-00119,Item-00119,BR-E,76.7,2026-01-06
SKU-00120,Item-00120,BR-A,275.38,2026-01-06
SKU-00120,Item-00120,BR-B,131.11,2026-01-06
SKU-00120,Item-00120,BR-C,283.21,2026-01-06
SKU-00120,Item-00120,BR-D,271.54,2026-01-06
SKU-00120,Item-00120,BR-E,260.02,2026-01-06
SKU-00121,Item-00121,BR-A,63.71,2026-01-06
SKU-00121,Item-00121,BR-B,88.78,2026-01-06
SKU-00121,Item-00121,BR-C,89.13,2026-01-06
SKU-00121,Item-00121,BR-D,55.86,2026-01-06
SKU-00121,Item-00121,BR-E,81.16,2026-01-06
SKU-00122,Item-00122,BR-A,105.73,2026-01-06
SKU-00122,Item-00122,BR-B,97.43,2026-01-06
SKU-00122,Item-00122,BR-C,121.11,2026-01-06
SKU-00122,Item-00122,BR-D,61.76,2026-01-06
SKU-00122,Item-00122,BR-E,60.03,2026-01-06
SKU-00123,Item-00123,BR-A,49.06,2026-01-06
SKU-00123,Item-00123,BR-B,65.5,2026-01-06
SKU-00123,Item-00123,BR-C,28.38,2026-01-06
SKU-00123,Item-00123,BR-D,49.23,2026-01-06
SKU-00123,Item-00123,BR-E,71.41,2026-01-06
SKU-00124,Item-00124,BR-A,8.76,2026-01-06
SKU-00124,Item-00124,BR-B,6.23,2026-01-06
SKU-00124,Item-00124,BR-C,10.24,2026-01-06
SKU-00124,Item-00124,BR-D,10.93,2026-01-06
SKU-00124,Item-00124,BR-E,7.14,2026-01-06
SKU-00125,Item-00125,BR-A,36.54,2026-01-06
SKU-00125,Item-00125,BR-B,38.32,2026-01-06
SKU-00125,Item-00125,BR-C,28.61,2026-01-06
SKU-00125,Item-00125,BR-D,46.42,2026-01-06
SKU-00125,Item-00125,BR-E,67.41,2026-01-06
SKU-00126,Item-00126,BR-A,7.03,2026-01-06
SKU-00126,Item-00126,BR-B,3.02,2026-01-06
SKU-00126,Item-00126,BR-C,6.45,2026-01-06
SKU-00126,Item-00126,BR-D,7.83,2026-01-06
SKU-00126,Item-00126,BR-E,4.95,2026-01-06
SKU-00127,Item-00127,BR-A,54.62,2026-01-06
SKU-00127,Item-00127,BR-B,67.05,2026-01-06
SKU-00127,Item-00127,BR-C,61.41,2026-01-06
SKU-00127,Item-00127,BR-D,31.76,2026-01-06
SKU-00127,Item-00127,BR-E,55.03,2026-01-06
SKU-00128,Item-00128,BR-A,223.55,2026-01-06
SKU-00128,Item-00128,BR-B,240.08,2026-01-06
SKU-00128,Item-00128,BR-C,199.26,2026-01-06
SKU-00128,Item-00128,BR-D,217.66,2026-01-06
SKU-00128,Item-00128,BR-E,117.04,2026-01-06
SKU-00129,Item-00129,BR-A,116.22,2026-01-06
SKU-00129,Item-00129,BR-B,84.41,2026-01-06
SKU-00129,Item-00129,BR-C,134.02,2026-01-06
SKU-00129,Item-00129,BR-D,99.24,2026-01-06
SKU-00129,Item-00129,BR-E,58.18,2026-01-06
SKU-00130,Item-00130,BR-A,79.65,2026-01-06
SKU-00130,Item-00130,BR-B,82.08,2026-01-06
SKU-00130,Item-00130,BR-C,188.33,2026-01-06
SKU-00130,Item-00130,BR-D,90.08,2026-01-06
SKU-00130,Item-00130,BR-E,155.38,2026-01-06
SKU-00131,Item-00131,BR-A,97.15,2026-01-06
SKU-00131,Item-00131,BR-B,99.69,2026-01-06
SKU-00131,Item-00131,BR-C,107.31,2026-01-06
SKU-00131,Item-00131,BR-D,143.93,2026-01-06
SKU-00131,Item-00131,BR-E,155.73,2026-01-06
SKU-00132,Item-00132,BR-A,42.36,2026-01-06
SKU-00132,Item-00132,BR-B,54.02,2026-01-06
SKU-00132,Item-00132,BR-C,43.55,2026-01-06
SKU-00132,Item-00132,BR-D,42.59,2026-01-06
SKU-00132,Item-00132,BR-E,74.81,2026-01-06
SKU-00133,Item-00133,BR-A,166.1,2026-01-06
SKU-00133,Item-00133,BR-B,146.27,2026-01-06
SKU-00133,Item-00133,BR-C,223.02,2026-01-06
SKU-00133,Item-00133,BR-D,194.11,2026-01-06
SKU-00133,Item-00133,BR-E,195.19,2026-01-06
SKU-00134,Item-00134,BR-A,32.12,2026-01-06
SKU-00134,Item-00134,BR-B,25.13,2026-01-06
SKU-00134,Item-00134,BR-C,26.35,2026-01-06
SKU-00134,Item-00134,BR-D,24.44,2026-01-06
SKU-00134,Item-00134,BR-E,22.14,2026-01-06
SKU-00135,Item-00135,BR-A,45.09,2026-01-06
SKU-00135,Item-00135,BR-B,73.65,2026-01-06
SKU-00135,Item-00135,BR-C,63.1,2026-01-06
SKU-00135,Item-00135,BR-D,75.6,2026-01-06
SKU-00135,Item-00135,BR-E,83.79,2026-01-06
SKU-00136,Item-00136,BR-A,73.64,2026-01-06
SKU-00136,Item-00136,BR-B,75.19,2026-01-06
SKU-00136,Item-00136,BR-C,75.47,2026-01-06
SKU-00136,Item-00136,BR-D,77.12,2026-01-06
SKU-00136,Item-00136,BR-E,98.06,2026-01-06
SKU-00137,Item-00137,BR-A,112.91,2026-01-06
SKU-00137,Item-00137,BR-B,191.51,2026-01-06
SKU-00137,Item-00137,BR-C,191.7,2026-01-06
SKU-00137,Item-00137,BR-D,146.45,2026-01-06
SKU-00137,Item-00137,BR-E,117.61,2026-01-06
SKU-00138,Item-00138,BR-A,13.07,2026-01-06
SKU-00138,Item-00138,BR-B,21.1,2026-01-06
SKU-00138,Item-00138,BR-C,16.34,2026-01-06
SKU-00138,Item-00138,BR-D,14.7,2026-01-06
SKU-00138,Item-00138,BR-E,12.41,2026-01-06
SKU-00139,Item-00139,BR-A,151.0,2026-01-06
SKU-00139,Item-00139,BR-B,187.91,2026-01-06
SKU-00139,Item-00139,BR-C,205.05,2026-01-06
SKU-00139,Item-00139,BR-D,224.23,2026-01-06
SKU-00139,Item-00139,BR-E,106.34,2026-01-06
SKU-00140,Item-00140,BR-A,67.35,2026-01-06
SKU-00140,Item-00140,BR-B,42.91,2026-01-06
SKU-00140,Item-00140,BR-C,63.09,2026-01-06
SKU-00140,Item-00140,BR-D,46.33,2026-01-06
SKU-00140,Item-00140,BR-E,55.66,2026-01-06
SKU-00141,Item-00141,BR-A,91.41,2026-01-06
SKU-00141,Item-00141,BR-B,142.12,2026-01-06
SKU-00141,Item-00141,BR-C,119.12,2026-01-06
SKU-00141,Item-00141,BR-D,75.7,2026-01-06
SKU-00141,Item-00141,BR-E,134.31,2026-01-06
SKU-00142,Item-00142,BR-A,119.53,2026-01-06
SKU-00142,Item-00142,BR-B,99.46,2026-01-06
SKU-00142,Item-00142,BR-C,62.88,2026-01-06
SKU-00142,Item-00142,BR-D,112.25,2026-01-06
SKU-00142,Item-00142,BR-E,115.67,2026-01-06
SKU-00143,Item-00143,BR-A,66.6,2026-01-06
SKU-00143,Item-00143,BR-B,109.46,2026-01-06
SKU-00143,Item-00143,BR-C,95.57,2026-01-06
SKU-00143,Item-00143,BR-D,72.37,2026-01-06
SKU-00143,Item-00143,BR-E,94.4,2026-01-06
SKU-00144,Item-00144,BR-A,71.64,2026-01-06
SKU-00144,Item-00144,BR-B,97.97,2026-01-06
SKU-00144,Item-00144,BR-C,95.25,2026-01-06
SKU-00144,Item-00144,BR-D,60.63,2026-01-06
SKU-00144,Item-00144,BR-E,101.32,2026-01-06
SKU-00145,Item-00145,BR-A,17.89,2026-01-06
SKU-00145,Item-00145,BR-B,34.04,2026-01-06
SKU-00145,Item-00145,BR-C,30.57,2026-01-06
SKU-00145,Item-00145,BR-D,34.44,2026-01-06
SKU-00145,Item-00145,BR-E,12.25,2026-01-06
SKU-00146,Item-00146,BR-A,119.05,2026-01-06
SKU-00146,Item-00146,BR-B,241.02,2026-01-06
SKU-00146,Item-00146,BR-C,239.98,2026-01-06
SKU-00146,Item-00146,BR-D,162.56,2026-01-06
SKU-00146,Item-00146,BR-E,250.3,2026-01-06
SKU-00147,Item-00147,BR-A,203.05,2026-01-06
SKU-00147,Item-00147,BR-B,147.58,2026-01-06
SKU-00147,Item-00147,BR-C,200.13,2026-01-06
SKU-00147,Item-00147,BR-D,133.49,2026-01-06
SKU-00147,Item-00147,BR-E,106.67,2026-01-06
SKU-00148,Item-00148,BR-A,34.41,2026-01-06
SKU-00148,Item-00148,BR-B,54.15,2026-01-06
SKU-00148,Item-00148,BR-C,40.38,2026-01-06
SKU-00148,Item-00148,BR-D,36.15,2026-01-06
SKU-00148,Item-00148,BR-E,32.96,2026-01-06
SKU-00149,Item-00149,BR-A,63.12,2026-01-06
SKU-00149,Item-00149,BR-B,69.04,2026-01-06
SKU-00149,Item-00149,BR-C,86.33,2026-01-06
SKU-00149,Item-00149,BR-D,128.54,2026-01-06
SKU-00149,Item-00149,BR-E,56.89,2026-01-06
SKU-00150,Item-00150,BR-A,244.44,2026-01-06
SKU-00150,Item-00150,BR-B,143.92,2026-01-06
SKU-00150,Item-00150,BR-C,191.75,2026-01-06
SKU-00150,Item-00150,BR-D,142.34,2026-01-06
SKU-00150,Item-00150,BR-E,233.27,2026-01-06
SKU-00151,Item-00151,BR-A,111.73,2026-01-06
SKU-00151,Item-00151,BR-B,93.49,2026-01-06
SKU-00151,Item-00151,BR-C,56.73,2026-01-06
SKU-00151,Item-00151,BR-D,109.11,2026-01-06
SKU-00151,Item-00151,BR-E,84.32,2026-01-06
SKU-00152,Item-00152,BR-A,29.94,2026-01-06
SKU-00152,Item-00152,BR-B,47.83,2026-01-06
SKU-00152,Item-00152,BR-C,63.49,2026-01-06
SKU-00152,Item-00152,BR-D,44.53,2026-01-06
SKU-00152,Item-00152,BR-E,52.87,2026-01-06
SKU-00153,Item-00153,BR-A,44.88,2026-01-06
SKU-00153,Item-00153,BR-B,67.52,2026-01-06
SKU-00153,Item-00153,BR-C,64.74,2026-01-06
SKU-00153,Item-00153,BR-D,47.0,2026-01-06
SKU-00153,Item-00153,BR-E,63.69,2026-01-06
SKU-00154,Item-00154,BR-A,179.84,2026-01-06
SKU-00154,Item-00154,BR-B,89.99,2026-01-06
SKU-00154,Item-00154,BR-C,142.41,2026-01-06
SKU-00154,Item-00154,BR-D,111.51,2026-01-06
SKU-00154,Item-00154,BR-E,98.88,2026-01-06
SKU-00155,Item-00155,BR-A,45.08,2026-01-06
SKU-00155,Item-00155,BR-B,45.73,2026-01-06
SKU-00155,Item-00155,BR-C,24.87,2026-01-06
SKU-00155,Item-00155,BR-D,38.73,2026-01-06
SKU-00155,Item-00155,BR-E,50.07,2026-01-06
SKU-00156,Item-00156,BR-A,28.65,2026-01-06
SKU-00156,Item-00156,BR-B,58.19,2026-01-06
SKU-00156,Item-00156,BR-C,69.03,2026-01-06
SKU-00156,Item-00156,BR-D,36.77,2026-01-06
SKU-00156,Item-00156,BR-E,46.62,2026-01-06
SKU-00157,Item-00157,BR-A,72.63,2026-01-06
SKU-00157,Item-00157,BR-B,158.49,2026-01-06
SKU-00157,Item-00157,BR-C,86.98,2026-01-06
SKU-00157,Item-00157,BR-D,114.3,2026-01-06
SKU-00157,Item-00157,BR-E,80.64,2026-01-06
SKU-00158,Item-00158,BR-A,11.11,2026-01-06
SKU-00158,Item-00158,BR-B,11.84,2026-01-06
SKU-00158,Item-00158,BR-C,10.08,2026-01-06
SKU-00158,Item-00158,BR-D,12.12,2026-01-06
SKU-00158,Item-00158,BR-E,13.21,2026-01-06
SKU-00159,Item-00159,BR-A,16.57,2026-01-06
SKU-00159,Item-00159,BR-B,16.87,2026-01-06
SKU-00159,Item-00159,BR-C,13.71,2026-01-06
SKU-00159,Item-00159,BR-D,11.14,2026-01-06
SKU-00159,Item-00159,BR-E,9.47,2026-01-06
SKU-00160,Item-00160,BR-A,62.03,2026-01-06
SKU-00160,Item-00160,BR-B,125.05,2026-01-06
SKU-00160,Item-00160,BR-C,98.07,2026-01-06
SKU-00160,Item-00160,BR-D,127.72,2026-01-06
SKU-00160,Item-00160,BR-E,92.27,2026-01-06
SKU-00161,Item-00161,BR-A,39.14,2026-01-06
SKU-00161,Item-00161,BR-B,31.17,2026-01-06
SKU-00161,Item-00161,BR-C,36.64,2026-01-06
SKU-00161,Item-00161,BR-D,27.49,2026-01-06
SKU-00161,Item-00161,BR-E,48.19,2026-01-06
SKU-00162,Item-00162,BR-A,19.82,2026-01-06
SKU-00162,Item-00162,BR-B,25.55,2026-01-06
SKU-00162,Item-00162,BR-C,20.44,2026-01-06
SKU-00162,Item-00162,BR-D,16.56,2026-01-06
SKU-00162,Item-00162,BR-E,19.96,2026-01-06
SKU-00163,Item-00163,BR-A,19.65,2026-01-06
SKU-00163,Item-00163,BR-B,23.44,2026-01-06
SKU-00163,Item-00163,BR-C,19.5,2026-01-06
SKU-00163,Item-00163,BR-D,15.52,2026-01-06
SKU-00163,Item-00163,BR-E,21.15,2026-01-06
SKU-00164,Item-00164,BR-A,151.53,2026-01-06
SKU-00164,Item-00164,BR-B,164.56,2026-01-06
SKU-00164,Item-00164,BR-C,121.84,2026-01-06
SKU-00164,Item-00164,BR-D,176.42,2026-01-06
SKU-00164,Item-00164,BR-E,99.16,2026-01-06
SKU-00165,Item-00165,BR-A,69.17,2026-01-06
SKU-00165,Item-00165,BR-B,76.54,2026-01-06
SKU-00165,Item-00165,BR-C,63.86,2026-01-06
SKU-00165,Item-00165,BR-D,67.26,2026-01-06
SKU-00165,Item-00165,BR-E,62.41,2026-01-06
SKU-00166,Item-00166,BR-A,130.44,2026-01-06
SKU-00166,Item-00166,BR-B,115.47,2026-01-06
SKU-00166,Item-00166,BR-C,64.45,2026-01-06
SKU-00166,Item-00166,BR-D,168.79,2026-01-06
SKU-00166,Item-00166,BR-E,89.62,2026-01-06
SKU-00167,Item-00167,BR-A,151.04,2026-01-06
SKU-00167,Item-00167,BR-B,121.06,2026-01-06
SKU-00167,Item-00167,BR-C,163.57,2026-01-06
SKU-00167,Item-00167,BR-D,113.32,2026-01-06
SKU-00167,Item-00167,BR-E,107.98,2026-01-06
SKU-00168,Item-00168,BR-A,119.05,2026-01-06
SKU-00168,Item-00168,BR-B,133.29,2026-01-06
SKU-00168,Item-00168,BR-C,163.49,2026-01-06
SKU-00168,Item-00168,BR-D,187.44,2026-01-06
SKU-00168,Item-00168,BR-E,81.3,2026-01-06
SKU-00169,Item-00169,BR-A,51.05,2026-01-06
SKU-00169,Item-00169,BR-B,49.36,2026-01-06
SKU-00169,Item-00169,BR-C,58.24,2026-01-06
SKU-00169,Item-00169,BR-D,98.81,2026-01-06
SKU-00169,Item-00169,BR-E,65.44,2026-01-06
SKU-00170,Item-00170,BR-A,30.33,2026-01-06
SKU-00170,Item-00170,BR-B,59.72,2026-01-06
SKU-00170,Item-00170,BR-C,50.77,2026-01-06
SKU-00170,Item-00170,BR-D,48.8,2026-01-06
SKU-00170,Item-00170,BR-E,57.86,2026-01-06
SKU-00171,Item-00171,BR-A,68.57,2026-01-06
SKU-00171,Item-00171,BR-B,75.17,2026-01-06
SKU-00171,Item-00171,BR-C,44.73,2026-01-06
SKU-00171,Item-00171,BR-D,64.35,2026-01-06
SKU-00171,Item-00171,BR-E,31.13,2026-01-06
SKU-00172,Item-00172,BR-A,41.97,2026-01-06
SKU-00172,Item-00172,BR-B,18.21,2026-01-06
SKU-00172,Item-00172,BR-C,35.61,2026-01-06
SKU-00172,Item-00172,BR-D,16.98,2026-01-06
SKU-00172,Item-00172,BR-E,17.83,2026-01-06
SKU-00173,Item-00173,BR-A,134.2,2026-01-06
SKU-00173,Item-00173,BR-B,90.49,2026-01-06
SKU-00173,Item-00173,BR-C,75.89,2026-01-06
SKU-00173,Item-00173,BR-D,127.49,2026-01-06
SKU-00173,Item-00173,BR-E,74.56,2026-01-06
SKU-00174,Item-00174,BR-A,8.32,2026-01-06
SKU-00174,Item-00174,BR-B,4.39,2026-01-06
SKU-00174,Item-00174,BR-C,4.86,2026-01-06
SKU-00174,Item-00174,BR-D,6.06,2026-01-06
SKU-00174,Item-00174,BR-E,4.41,2026-01-06
SKU-00175,Item-00175,BR-A,11.32,2026-01-06
SKU-00175,Item-00175,BR-B,10.6,2026-01-06
SKU-00175,Item-00175,BR-C,21.4,2026-01-06
SKU-00175,Item-00175,BR-D,23.73,2026-01-06
SKU-00175,Item-00175,BR-E,26.77,2026-01-06
SKU-00176,Item-00176,BR-A,148.91,2026-01-06
SKU-00176,Item-00176,BR-B,71.88,2026-01-06
SKU-00176,Item-00176,BR-C,109.31,2026-01-06
SKU-00176,Item-00176,BR-D,148.97,2026-01-06
SKU-00176,Item-00176,BR-E,144.23,2026-01-06
SKU-00177,Item-00177,BR-A,141.2,2026-01-06
SKU-00177,Item-00177,BR-B,245.36,2026-01-06
SKU-00177,Item-00177,BR-C,133.75,2026-01-06
SKU-00177,Item-00177,BR-D,228.01,2026-01-06
SKU-00177,Item-00177,BR-E,110.42,2026-01-06
SKU-00178,Item-00178,BR-A,110.07,2026-01-06
SKU-00178,Item-00178,BR-B,233.18,2026-01-06
SKU-00178,Item-00178,BR-C,123.35,2026-01-06
SKU-00178,Item-00178,BR-D,113.96,2026-01-06
SKU-00178,Item-00178,BR-E,172.16,2026-01-06
SKU-00179,Item-00179,BR-A,75.84,2026-01-06
SKU-00179,Item-00179,BR-B,73.64,2026-01-06
SKU-00179,Item-00179,BR-C,40.34,2026-01-06
SKU-00179,Item-00179,BR-D,85.84,2026-01-06
SKU-00179,Item-00179,BR-E,45.77,2026-01-06
SKU-00180,Item-00180,BR-A,89.35,2026-01-06
SKU-00180,Item-00180,BR-B,227.59,2026-01-06
SKU-00180,Item-00180,BR-C,213.05,2026-01-06
SKU-00180,Item-00180,BR-D,171.72,2026-01-06
SKU-00180,Item-00180,BR-E,91.3,2026-01-06
SKU-00181,Item-00181,BR-A,125.96,2026-01-06
SKU-00181,Item-00181,BR-B,71.9,2026-01-06
SKU-00181,Item-00181,BR-C,81.33,2026-01-06
SKU-00181,Item-00181,BR-D,70.87,2026-01-06
SKU-00181,Item-00181,BR-E,83.86,2026-01-06
SKU-00182,Item-00182,BR-A,3.58,2026-01-06
SKU-00182,Item-00182,BR-B,7.46,2026-01-06
SKU-00182,Item-00182,BR-C,7.32,2026-01-06
SKU-00182,Item-00182,BR-D,5.93,2026-01-06
SKU-00182,Item-00182,BR-E,4.36,2026-01-06
SKU-00183,Item-00183,BR-A,47.92,2026-01-06
SKU-00183,Item-00183,BR-B,43.6,2026-01-06
SKU-00183,Item-00183,BR-C,39.61,2026-01-06
SKU-00183,Item-00183,BR-D,48.07,2026-01-06
SKU-00183,Item-00183,BR-E,72.01,2026-01-06
SKU-00184,Item-00184,BR-A,237.0,2026-01-06
SKU-00184,Item-00184,BR-B,110.99,2026-01-06
SKU-00184,Item-00184,BR-C,167.88,2026-01-06
SKU-00184,Item-00184,BR-D,98.81,2026-01-06
SKU-00184,Item-00184,BR-E,183.16,2026-01-06
SKU-00185,Item-00185,BR-A,72.84,2026-01-06
SKU-00185,Item-00185,BR-B,66.23,2026-01-06
SKU-00185,Item-00185,BR-C,50.85,2026-01-06
SKU-00185,Item-00185,BR-D,58.82,2026-01-06
SKU-00185,Item-00185,BR-E,51.33,2026-01-06
SKU-00186,Item-00186,BR-A,154.99,2026-01-06
SKU-00186,Item-00186,BR-B,218.68,2026-01-06
SKU-00186,Item-00186,BR-C,215.93,2026-01-06
SKU-00186,Item-00186,BR-D,130.05,2026-01-06
SKU-00186,Item-00186,BR-E,166.71,2026-01-06
SKU-00187,Item-00187,BR-A,70.26,2026-01-06
SKU-00187,Item-00187,BR-B,71.99,2026-01-06
SKU-00187,Item-00187,BR-C,72.12,2026-01-06
SKU-00187,Item-00187,BR-D,59.36,2026-01-06
SKU-00187,Item-00187,BR-E,52.89,2026-01-06
SKU-00188,Item-00188,BR-A,146.92,2026-01-06
SKU-00188,Item-00188,BR-B,146.44,2026-01-06
SKU-00188,Item-00188,BR-C,189.47,2026-01-06
SKU-00188,Item-00188,BR-D,105.13,2026-01-06
SKU-00188,Item-00188,BR-E,160.55,2026-01-06
SKU-00189,Item-00189,BR-A,122.6,2026-01-06
SKU-00189,Item-00189,BR-B,113.26,2026-01-06
SKU-00189,Item-00189,BR-C,154.66,2026-01-06
SKU-00189,Item-00189,BR-D,128.68,2026-01-06
SKU-00189,Item-00189,BR-E,123.75,2026-01-06
SKU-00190,Item-00190,BR-A,91.66,2026-01-06
SKU-00190,Item-00190,BR-B,85.72,2026-01-06
SKU-00190,Item-00190,BR-C,74.08,2026-01-06
SKU-00190,Item-00190,BR-D,55.72,2026-01-06
SKU-00190,Item-00190,BR-E,97.88,2026-01-06
SKU-00191,Item-00191,BR-A,208.23,2026-01-06
SKU-00191,Item-00191,BR-B,121.31,2026-01-06
SKU-00191,Item-00191,BR-C,248.35,2026-01-06
SKU-00191,Item-00191,BR-D,235.14,2026-01-06
SKU-00191,Item-00191,BR-E,227.83,2026-01-06
SKU-00192,Item-00192,BR-A,25.63,2026-01-06
SKU-00192,Item-00192,BR-B,18.14,2026-01-06
SKU-00192,Item-00192,BR-C,16.9,2026-01-06
SKU-00192,Item-00192,BR-D,11.97,2026-01-06
SKU-00192,Item-00192,BR-E,16.52,2026-01-06
SKU-00193,Item-00193,BR-A,158.71,2026-01-06
SKU-00193,Item-00193,BR-B,166.47,2026-01-06
SKU-00193,Item-00193,BR-C,163.15,2026-01-06
SKU-00193,Item-00193,BR-D,162.97,2026-01-06
SKU-00193,Item-00193,BR-E,230.7,2026-01-06
SKU-00194,Item-00194,BR-A,4.56,2026-01-06
SKU-00194,Item-00194,BR-B,4.34,2026-01-06
SKU-00194,Item-00194,BR-C,2.68,2026-01-06
SKU-00194,Item-00194,BR-D,6.76,2026-01-06
SKU-00194,Item-00194,BR-E,6.53,2026-01-06
SKU-00195,Item-00195,BR-A,183.69,2026-01-06
SKU-00195,Item-00195,BR-B,104.83,2026-01-06
SKU-00195,Item-00195,BR-C,74.37,2026-01-06
SKU-00195,Item-00195,BR-D,126.16,2026-01-06
SKU-00195,Item-00195,BR-E,116.28,2026-01-06
SKU-00196,Item-00196,BR-A,41.53,2026-01-06
SKU-00196,Item-00196,BR-B,33.86,2026-01-06
SKU-00196,Item-00196,BR-C,39.6,2026-01-06
SKU-00196,Item-00196,BR-D,31.12,2026-01-06
SKU-00196,Item-00196,BR-E,36.62,2026-01-06
SKU-00197,Item-00197,BR-A,111.03,2026-01-06
SKU-00197,Item-00197,BR-B,160.98,2026-01-06
SKU-00197,Item-00197,BR-C,153.84,2026-01-06
SKU-00197,Item-00197,BR-D,111.29,2026-01-06
SKU-00197,Item-00197,BR-E,97.41,2026-01-06
SKU-00198,Item-00198,BR-A,81.36,2026-01-06
SKU-00198,Item-00198,BR-B,162.33,2026-01-06
SKU-00198,Item-00198,BR-C,78.29,2026-01-06
SKU-00198,Item-00198,BR-D,170.12,2026-01-06
SKU-00198,Item-00198,BR-E,76.07,2026-01-06
SKU-00199,Item-00199,BR-A,22.9,2026-01-06
SKU-00199,Item-00199,BR-B,14.81,2026-01-06
SKU-00199,Item-00199,BR-C,10.32,2026-01-06
SKU-00199,Item-00199,BR-D,13.88,2026-01-06
SKU-00199,Item-00199,BR-E,19.42,2026-01-06
SKU-00200,Item-00200,BR-A,60.85,2026-01-06
SKU-00200,Item-00200,BR-B,101.87,2026-01-06
SKU-00200,Item-00200,BR-C,144.61,2026-01-06
SKU-00200,Item-00200,BR-D,108.03,2026-01-06
SKU-00200,Item-00200,BR-E,125.49,2026-01-06
SKU-00201,Item-00201,BR-A,94.84,2026-01-06
SKU-00201,Item-00201,BR-B,67.88,2026-01-06
SKU-00201,Item-00201,BR-C,121.57,2026-01-06
SKU-00201,Item-00201,BR-D,76.22,2026-01-06
SKU-00201,Item-00201,BR-E,112.51,2026-01-06
SKU-00202,Item-00202,BR-A,88.3,2026-01-06
SKU-00202,Item-00202,BR-B,112.06,2026-01-06
SKU-00202,Item-00202,BR-C,49.45,2026-01-06
SKU-00202,Item-00202,BR-D,113.41,2026-01-06
SKU-00202,Item-00202,BR-E,109.05,2026-01-06
SKU-00203,Item-00203,BR-A,69.37,2026-01-06
SKU-00203,Item-00203,BR-B,38.04,2026-01-06
SKU-00203,Item-00203,BR-C,94.6,2026-01-06
SKU-00203,Item-00203,BR-D,92.39,2026-01-06
SKU-00203,Item-00203,BR-E,57.54,2026-01-06
SKU-00204,Item-00204,BR-A,210.59,2026-01-06
SKU-00204,Item-00204,BR-B,171.82,2026-01-06
SKU-00204,Item-00204,BR-C,221.47,2026-01-06
SKU-00204,Item-00204,BR-D,141.48,2026-01-06
SKU-00204,Item-00204,BR-E,119.55,2026-01-06
SKU-00205,Item-00205,BR-A,195.18,2026-01-06
SKU-00205,Item-00205,BR-B,84.82,2026-01-06
SKU-00205,Item-00205,BR-C,123.86,2026-01-06
SKU-00205,Item-00205,BR-D,125.27,2026-01-06
SKU-00205,Item-00205,BR-E,77.94,2026-01-06
SKU-00206,Item-00206,BR-A,60.16,2026-01-06
SKU-00206,Item-00206,BR-B,106.68,2026-01-06
SKU-00206,Item-00206,BR-C,52.41,2026-01-06
SKU-00206,Item-00206,BR-D,79.2,2026-01-06
SKU-00206,Item-00206,BR-E,68.36,2026-01-06
SKU-00207,Item-00207,BR-A,235.9,2026-01-06
SKU-00207,Item-00207,BR-B,119.32,2026-01-06
SKU-00207,Item-00207,BR-C,187.69,2026-01-06
SKU-00207,Item-00207,BR-D,137.22,2026-01-06
SKU-00207,Item-00207,BR-E,251.49,2026-01-06
SKU-00208,Item-00208,BR-A,102.45,2026-01-06
SKU-00208,Item-00208,BR-B,114.93,2026-01-06
SKU-00208,Item-00208,BR-C,265.57,2026-01-06
SKU-00208,Item-00208,BR-D,152.8,2026-01-06
SKU-00208,Item-00208,BR-E,194.08,2026-01-06
SKU-00209,Item-00209,BR-A,109.32,2026-01-06
SKU-00209,Item-00209,BR-B,182.05,2026-01-06
SKU-00209,Item-00209,BR-C,274.8,2026-01-06
SKU-00209,Item-00209,BR-D,264.61,2026-01-06
SKU-00209,Item-00209,BR-E,186.61,2026-01-06
SKU-00210,Item-00210,BR-A,104.6,2026-01-06
SKU-00210,Item-00210,BR-B,168.8,2026-01-06
SKU-00210,Item-00210,BR-C,243.19,2026-01-06
SKU-00210,Item-00210,BR-D,195.39,2026-01-06
SKU-00210,Item-00210,BR-E,256.73,2026-01-06
SKU-00211,Item-00211,BR-A,239.45,2026-01-06
SKU-00211,Item-00211,BR-B,257.56,2026-01-06
SKU-00211,Item-00211,BR-C,137.31,2026-01-06
SKU-00211,Item-00211,BR-D,189.11,2026-01-06
SKU-00211,Item-00211,BR-E,246.1,2026-01-06
SKU-00212,Item-00212,BR-A,51.71,2026-01-06
SKU-00212,Item-00212,BR-B,33.22,2026-01-06
SKU-00212,Item-00212,BR-C,45.99,2026-01-06
SKU-00212,Item-00212,BR-D,40.71,2026-01-06
SKU-00212,Item-00212,BR-E,46.1,2026-01-06
SKU-00213,Item-00213,BR-A,210.74,2026-01-06
SKU-00213,Item-00213,BR-B,173.07,2026-01-06
SKU-00213,Item-00213,BR-C,187.31,2026-01-06
SKU-00213,Item-00213,BR-D,206.27,2026-01-06
SKU-00213,Item-00213,BR-E,201.99,2026-01-06
SKU-00214,Item-00214,BR-A,123.18,2026-01-06
SKU-00214,Item-00214,BR-B,212.71,2026-01-06
SKU-00214,Item-00214,BR-C,152.82,2026-01-06
SKU-00214,Item-00214,BR-D,127.41,2026-01-06
SKU-00214,Item-00214,BR-E,232.36,2026-01-06
SKU-00215,Item-00215,BR-A,46.03,2026-01-06
SKU-00215,Item-00215,BR-B,82.91,2026-01-06
SKU-00215,Item-00215,BR-C,83.92,2026-01-06
SKU-00215,Item-00215,BR-D,32.35,2026-01-06
SKU-00215,Item-00215,BR-E,62.0,2026-01-06
SKU-00216,Item-00216,BR-A,103.14,2026-01-06
SKU-00216,Item-00216,BR-B,61.27,2026-01-06
SKU-00216,Item-00216,BR-C,104.86,2026-01-06
SKU-00216,Item-00216,BR-D,84.15,2026-01-06
SKU-00216,Item-00216,BR-E,106.43,2026-01-06
SKU-00217,Item-00217,BR-A,127.22,2026-01-06
SKU-00217,Item-00217,BR-B,251.04,2026-01-06
SKU-00217,Item-00217,BR-C,168.43,2026-01-06
SKU-00217,Item-00217,BR-D,116.18,2026-01-06
SKU-00217,Item-00217,BR-E,107.0,2026-01-06
SKU-00218,Item-00218,BR-A,45.38,2026-01-06
SKU-00218,Item-00218,BR-B,37.85,2026-01-06
SKU-00218,Item-00218,BR-C,53.79,2026-01-06
SKU-00218,Item-00218,BR-D,40.22,2026-01-06
SKU-00218,Item-00218,BR-E,36.52,2026-01-06
SKU-00219,Item-00219,BR-A,43.82,2026-01-06
SKU-00219,Item-00219,BR-B,49.57,2026-01-06
SKU-00219,Item-00219,BR-C,72.11,2026-01-06
SKU-00219,Item-00219,BR-D,103.74,2026-01-06
SKU-00219,Item-00219,BR-E,42.77,2026-01-06
SKU-00220,Item-00220,BR-A,39.67,2026-01-06
SKU-00220,Item-00220,BR-B,66.45,2026-01-06
SKU-00220,Item-00220,BR-C,45.33,2026-01-06
SKU-00220,Item-00220,BR-D,62.99,2026-01-06
SKU-00220,Item-00220,BR-E,32.23,2026-01-06
SKU-00221,Item-00221,BR-A,81.01,2026-01-06
SKU-00221,Item-00221,BR-B,45.57,2026-01-06
SKU-00221,Item-00221,BR-C,118.2,2026-01-06
SKU-00221,Item-00221,BR-D,52.59,2026-01-06
SKU-00221,Item-00221,BR-E,61.99,2026-01-06
SKU-00222,Item-00222,BR-A,239.75,2026-01-06
SKU-00222,Item-00222,BR-B,174.26,2026-01-06
SKU-00222,Item-00222,BR-C,253.14,2026-01-06
SKU-00222,Item-00222,BR-D,190.59,2026-01-06
SKU-00222,Item-00222,BR-E,159.62,2026-01-06
SKU-00223,Item-00223,BR-A,98.51,2026-01-06
SKU-00223,Item-00223,BR-B,58.55,2026-01-06
SKU-00223,Item-00223,BR-C,81.56,2026-01-06
SKU-00223,Item-00223,BR-D,49.92,2026-01-06
SKU-00223,Item-00223,BR-E,49.52,2026-01-06
SKU-00224,Item-00224,BR-A,69.54,2026-01-06
SKU-00224,Item-00224,BR-B,73.54,2026-01-06
SKU-00224,Item-00224,BR-C,49.92,2026-01-06
SKU-00224,Item-00224,BR-D,49.86,2026-01-06
SKU-00224,Item-00224,BR-E,107.23,2026-01-06
SKU-00225,Item-00225,BR-A,36.76,2026-01-06
SKU-00225,Item-00225,BR-B,72.51,2026-01-06
SKU-00225,Item-00225,BR-C,69.3,2026-01-06
SKU-00225,Item-00225,BR-D,42.39,2026-01-06
SKU-00225,Item-00225,BR-E,101.39,2026-01-06
SKU-00226,Item-00226,BR-A,35.01,2026-01-06
SKU-00226,Item-00226,BR-B,30.85,2026-01-06
SKU-00226,Item-00226,BR-C,39.79,2026-01-06
SKU-00226,Item-00226,BR-D,14.05,2026-01-06
SKU-00226,Item-00226,BR-E,18.62,2026-01-06
SKU-00227,Item-00227,BR-A,25.51,2026-01-06
SKU-00227,Item-00227,BR-B,57.78,2026-01-06
SKU-00227,Item-00227,BR-C,34.36,2026-01-06
SKU-00227,Item-00227,BR-D,46.47,2026-01-06
SKU-00227,Item-00227,BR-E,51.82,2026-01-06
SKU-00228,Item-00228,BR-A,10.01,2026-01-06
SKU-00228,Item-00228,BR-B,12.41,2026-01-06
SKU-00228,Item-00228,BR-C,6.47,2026-01-06
SKU-00228,Item-00228,BR-D,16.0,2026-01-06
SKU-00228,Item-00228,BR-E,9.71,2026-01-06
SKU-00229,Item-00229,BR-A,40.38,2026-01-06
SKU-00229,Item-00229,BR-B,78.43,2026-01-06
SKU-00229,Item-00229,BR-C,106.77,2026-01-06
SKU-00229,Item-00229,BR-D,80.63,2026-01-06
SKU-00229,Item-00229,BR-E,95.11,2026-01-06
SKU-00230,Item-00230,BR-A,63.74,2026-01-06
SKU-00230,Item-00230,BR-B,61.79,2026-01-06
SKU-00230,Item-00230,BR-C,81.07,2026-01-06
SKU-00230,Item-00230,BR-D,133.63,2026-01-06
SKU-00230,Item-00230,BR-E,56.35,2026-01-06
SKU-00231,Item-00231,BR-A,29.43,2026-01-06
SKU-00231,Item-00231,BR-B,30.0,2026-01-06
SKU-00231,Item-00231,BR-C,27.68,2026-01-06
SKU-00231,Item-00231,BR-D,35.63,2026-01-06
SKU-00231,Item-00231,BR-E,21.4,2026-01-06
SKU-00232,Item-00232,BR-A,31.69,2026-01-06
SKU-00232,Item-00232,BR-B,60.12,2026-01-06
SKU-00232,Item-00232,BR-C,41.93,2026-01-06
SKU-00232,Item-00232,BR-D,62.07,2026-01-06
SKU-00232,Item-00232,BR-E,65.04,2026-01-06
SKU-00233,Item-00233,BR-A,2.64,2026-01-06
SKU-00233,Item-00233,BR-B,4.76,2026-01-06
SKU-00233,Item-00233,BR-C,5.11,2026-01-06
SKU-00233,Item-00233,BR-D,2.37,2026-01-06
SKU-00233,Item-00233,BR-E,5.78,2026-01-06
SKU-00234,Item-00234,BR-A,162.71,2026-01-06
SKU-00234,Item-00234,BR-B,166.75,2026-01-06
SKU-00234,Item-00234,BR-C,182.35,2026-01-06
SKU-00234,Item-00234,BR-D,121.3,2026-01-06
SKU-00234,Item-00234,BR-E,141.6,2026-01-06
SKU-00235,Item-00235,BR-A,61.12,2026-01-06
SKU-00235,Item-00235,BR-B,91.38,2026-01-06
SKU-00235,Item-00235,BR-C,69.01,2026-01-06
SKU-00235,Item-00235,BR-D,98.82,2026-01-06
SKU-00235,Item-00235,BR-E,56.82,2026-01-06
SKU-00236,Item-00236,BR-A,282.15,2026-01-06
SKU-00236,Item-00236,BR-B,157.05,2026-01-06
SKU-00236,Item-00236,BR-C,160.25,2026-01-06
SKU-00236,Item-00236,BR-D,144.34,2026-01-06
SKU-00236,Item-00236,BR-E,127.3,2026-01-06
SKU-00237,Item-00237,BR-A,85.31,2026-01-06
SKU-00237,Item-00237,BR-B,75.99,2026-01-06
SKU-00237,Item-00237,BR-C,138.49,2026-01-06
SKU-00237,Item-00237,BR-D,80.7,2026-01-06
SKU-00237,Item-00237,BR-E,79.46,2026-01-06
SKU-00238,Item-00238,BR-A,139.66,2026-01-06
SKU-00238,Item-00238,BR-B,97.28,2026-01-06
SKU-00238,Item-00238,BR-C,86.55,2026-01-06
SKU-00238,Item-00238,BR-D,185.12,2026-01-06
SKU-00238,Item-00238,BR-E,173.43,2026-01-06
SKU-00239,Item-00239,BR-A,112.61,2026-01-06
SKU-00239,Item-00239,BR-B,126.65,2026-01-06
SKU-00239,Item-00239,BR-C,98.11,2026-01-06
SKU-00239,Item-00239,BR-D,66.6,2026-01-06
SKU-00239,Item-00239,BR-E,119.16,2026-01-06
SKU-00240,Item-00240,BR-A,98.0,2026-01-06
SKU-00240,Item-00240,BR-B,72.16,2026-01-06
SKU-00240,Item-00240,BR-C,74.52,2026-01-06
SKU-00240,Item-00240,BR-D,97.66,2026-01-06
SKU-00240,Item-00240,BR-E,49.51,2026-01-06
SKU-00241,Item-00241,BR-A,111.13,2026-01-06
SKU-00241,Item-00241,BR-B,62.87,2026-01-06
SKU-00241,Item-00241,BR-C,76.34,2026-01-06
SKU-00241,Item-00241,BR-D,80.19,2026-01-06
SKU-00241,Item-00241,BR-E,66.41,2026-01-06
SKU-00242,Item-00242,BR-A,48.0,2026-01-06
SKU-00242,Item-00242,BR-B,117.22,2026-01-06
SKU-00242,Item-00242,BR-C,66.6,2026-01-06
SKU-00242,Item-00242,BR-D,61.08,2026-01-06
SKU-00242,Item-00242,BR-E,87.28,2026-01-06
SKU-00243,Item-00243,BR-A,159.63,2026-01-06
SKU-00243,Item-00243,BR-B,124.84,2026-01-06
SKU-00243,Item-00243,BR-C,166.41,2026-01-06
SKU-00243,Item-00243,BR-D,114.98,2026-01-06
SKU-00243,Item-00243,BR-E,89.55,2026-01-06
SKU-00244,Item-00244,BR-A,105.19,2026-01-06
SKU-00244,Item-00244,BR-B,182.95,2026-01-06
SKU-00244,Item-00244,BR-C,116.79,2026-01-06
SKU-00244,Item-00244,BR-D,103.71,2026-01-06
SKU-00244,Item-00244,BR-E,176.73,2026-01-06
SKU-00245,Item-00245,BR-A,90.07,2026-01-06
SKU-00245,Item-00245,BR-B,100.94,2026-01-06
SKU-00245,Item-00245,BR-C,44.5,2026-01-06
SKU-00245,Item-00245,BR-D,107.73,2026-01-06
SKU-00245,Item-00245,BR-E,121.67,2026-01-06
SKU-00246,Item-00246,BR-A,59.17,2026-01-06
SKU-00246,Item-00246,BR-B,63.58,2026-01-06
SKU-00246,Item-00246,BR-C,94.68,2026-01-06
SKU-00246,Item-00246,BR-D,42.58,2026-01-06
SKU-00246,Item-00246,BR-E,88.22,2026-01-06
SKU-00247,Item-00247,BR-A,67.0,2026-01-06
SKU-00247,Item-00247,BR-B,98.31,2026-01-06
SKU-00247,Item-00247,BR-C,128.7,2026-01-06
SKU-00247,Item-00247,BR-D,124.42,2026-01-06
SKU-00247,Item-00247,BR-E,108.37,2026-01-06
SKU-00248,Item-00248,BR-A,88.77,2026-01-06
SKU-00248,Item-00248,BR-B,121.53,2026-01-06
SKU-00248,Item-00248,BR-C,108.6,2026-01-06
SKU-00248,Item-00248,BR-D,116.01,2026-01-06
SKU-00248,Item-00248,BR-E,124.26,2026-01-06
SKU-00249,Item-00249,BR-A,121.22,2026-01-06
SKU-00249,Item-00249,BR-B,71.97,2026-01-06
SKU-00249,Item-00249,BR-C,135.82,2026-01-06
SKU-00249,Item-00249,BR-D,181.24,2026-01-06
SKU-00249,Item-00249,BR-E,138.25,2026-01-06
SKU-00250,Item-00250,BR-A,70.74,2026-01-06
SKU-00250,Item-00250,BR-B,82.2,2026-01-06
SKU-00250,Item-00250,BR-C,112.98,2026-01-06
SKU-00250,Item-00250,BR-D,120.34,2026-01-06
SKU-00250,Item-00250,BR-E,98.48,2026-01-06
SKU-00251,Item-00251,BR-A,138.87,2026-01-06
SKU-00251,Item-00251,BR-B,185.46,2026-01-06
SKU-00251,Item-00251,BR-C,198.97,2026-01-06
SKU-00251,Item-00251,BR-D,149.47,2026-01-06
SKU-00251,Item-00251,BR-E,149.44,2026-01-06
SKU-00252,Item-00252,BR-A,99.72,2026-01-06
SKU-00252,Item-00252,BR-B,152.46,2026-01-06
SKU-00252,Item-00252,BR-C,137.14,2026-01-06
SKU-00252,Item-00252,BR-D,101.77,2026-01-06
SKU-00252,Item-00252,BR-E,128.83,2026-01-06
SKU-00253,Item-00253,BR-A,23.57,2026-01-06
SKU-00253,Item-00253,BR-B,23.39,2026-01-06
SKU-00253,Item-00253,BR-C,28.1,2026-01-06
SKU-00253,Item-00253,BR-D,12.66,2026-01-06
SKU-00253,Item-00253,BR-E,18.91,2026-01-06
SKU-00254,Item-00254,BR-A,125.29,2026-01-06
SKU-00254,Item-00254,BR-B,154.39,2026-01-06
SKU-00254,Item-00254,BR-C,176.22,2026-01-06
SKU-00254,Item-00254,BR-D,134.19,2026-01-06
SKU-00254,Item-00254,BR-E,187.67,2026-01-06
SKU-00255,Item-00255,BR-A,231.98,2026-01-06
SKU-00255,Item-00255,BR-B,229.62,2026-01-06
SKU-00255,Item-00255,BR-C,181.35,2026-01-06
SKU-00255,Item-00255,BR-D,121.63,2026-01-06
SKU-00255,Item-00255,BR-E,134.94,2026-01-06
SKU-00256,Item-00256,BR-A,9.69,2026-01-06
SKU-00256,Item-00256,BR-B,8.47,2026-01-06
SKU-00256,Item-00256,BR-C,7.2,2026-01-06
SKU-00256,Item-00256,BR-D,10.21,2026-01-06
SKU-00256,Item-00256,BR-E,4.95,2026-01-06
SKU-00257,Item-00257,BR-A,147.35,2026-01-06
SKU-00257,Item-00257,BR-B,276.85,2026-01-06
SKU-00257,Item-00257,BR-C,152.08,2026-01-06
SKU-00257,Item-00257,BR-D,154.24,2026-01-06
SKU-00257,Item-00257,BR-E,205.16,2026-01-06
SKU-00258,Item-00258,BR-A,52.61,2026-01-06
SKU-00258,Item-00258,BR-B,135.44,2026-01-06
SKU-00258,Item-00258,BR-C,89.75,2026-01-06
SKU-00258,Item-00258,BR-D,85.0,2026-01-06
SKU-00258,Item-00258,BR-E,88.01,2026-01-06
SKU-00259,Item-00259,BR-A,211.36,2026-01-06
SKU-00259,Item-00259,BR-B,189.3,2026-01-06
SKU-00259,Item-00259,BR-C,114.65,2026-01-06
SKU-00259,Item-00259,BR-D,191.0,2026-01-06
SKU-00259,Item-00259,BR-E,153.18,2026-01-06
SKU-00260,Item-00260,BR-A,94.0,2026-01-06
SKU-00260,Item-00260,BR-B,102.37,2026-01-06
SKU-00260,Item-00260,BR-C,146.74,2026-01-06
SKU-00260,Item-00260,BR-D,131.19,2026-01-06
SKU-00260,Item-00260,BR-E,115.97,2026-01-06
SKU-00261,Item-00261,BR-A,27.12,2026-01-06
SKU-00261,Item-00261,BR-B,36.56,2026-01-06
SKU-00261,Item-00261,BR-C,18.93,2026-01-06
SKU-00261,Item-00261,BR-D,49.04,2026-01-06
SKU-00261,Item-00261,BR-E,24.14,2026-01-06
SKU-00262,Item-00262,BR-A,209.31,2026-01-06
SKU-00262,Item-00262,BR-B,144.11,2026-01-06
SKU-00262,Item-00262,BR-C,114.15,2026-01-06
SKU-00262,Item-00262,BR-D,134.91,2026-01-06
SKU-00262,Item-00262,BR-E,266.53,2026-01-06
SKU-00263,Item-00263,BR-A,167.76,2026-01-06
SKU-00263,Item-00263,BR-B,132.33,2026-01-06
SKU-00263,Item-00263,BR-C,165.37,2026-01-06
SKU-00263,Item-00263,BR-D,112.74,2026-01-06
SKU-00263,Item-00263,BR-E,186.74,2026-01-06
SKU-00264,Item-00264,BR-A,23.22,2026-01-06
SKU-00264,Item-00264,BR-B,44.53,2026-01-06
SKU-00264,Item-00264,BR-C,55.79,2026-01-06
SKU-00264,Item-00264,BR-D,21.01,2026-01-06
SKU-00264,Item-00264,BR-E,25.11,2026-01-06
SKU-00265,Item-00265,BR-A,119.37,2026-01-06
SKU-00265,Item-00265,BR-B,73.84,2026-01-06
SKU-00265,Item-00265,BR-C,110.85,2026-01-06
SKU-00265,Item-00265,BR-D,112.18,2026-01-06
SKU-00265,Item-00265,BR-E,88.43,2026-01-06
SKU-00266,Item-00266,BR-A,74.36,2026-01-06
SKU-00266,Item-00266,BR-B,38.23,2026-01-06
SKU-00266,Item-00266,BR-C,36.16,2026-01-06
SKU-00266,Item-00266,BR-D,32.74,2026-01-06
SKU-00266,Item-00266,BR-E,75.69,2026-01-06
SKU-00267,Item-00267,BR-A,77.27,2026-01-06
SKU-00267,Item-00267,BR-B,98.49,2026-01-06
SKU-00267,Item-00267,BR-C,99.07,2026-01-06
SKU-00267,Item-00267,BR-D,55.32,2026-01-06
SKU-00267,Item-00267,BR-E,138.63,2026-01-06
SKU-00268,Item-00268,BR-A,185.54,2026-01-06
SKU-00268,Item-00268,BR-B,182.88,2026-01-06
SKU-00268,Item-00268,BR-C,71.21,2026-01-06
SKU-00268,Item-00268,BR-D,102.25,2026-01-06
SKU-00268,Item-00268,BR-E,173.11,2026-01-06
SKU-00269,Item-00269,BR-A,156.81,2026-01-06
SKU-00269,Item-00269,BR-B,174.45,2026-01-06
SKU-00269,Item-00269,BR-C,176.9,2026-01-06
SKU-00269,Item-00269,BR-D,76.69,2026-01-06
SKU-00269,Item-00269,BR-E,116.44,2026-01-06
SKU-00270,Item-00270,BR-A,79.87,2026-01-06
SKU-00270,Item-00270,BR-B,157.88,2026-01-06
SKU-00270,Item-00270,BR-C,159.52,2026-01-06
SKU-00270,Item-00270,BR-D,121.48,2026-01-06
SKU-00270,Item-00270,BR-E,79.95,2026-01-06
SKU-00271,Item-00271,BR-A,103.04,2026-01-06
SKU-00271,Item-00271,BR-B,69.76,2026-01-06
SKU-00271,Item-00271,BR-C,53.1,2026-01-06
SKU-00271,Item-00271,BR-D,113.38,2026-01-06
SKU-00271,Item-00271,BR-E,76.16,2026-01-06
SKU-00272,Item-00272,BR-A,82.49,2026-01-06
SKU-00272,Item-00272,BR-B,64.81,2026-01-06
SKU-00272,Item-00272,BR-C,132.1,2026-01-06
SKU-00272,Item-00272,BR-D,112.54,2026-01-06
SKU-00272,Item-00272,BR-E,129.07,2026-01-06
SKU-00273,Item-00273,BR-A,169.17,2026-01-06
SKU-00273,Item-00273,BR-B,220.14,2026-01-06
SKU-00273,Item-00273,BR-C,190.51,2026-01-06
SKU-00273,Item-00273,BR-D,223.45,2026-01-06
SKU-00273,Item-00273,BR-E,102.3,2026-01-06
SKU-00274,Item-00274,BR-A,79.22,2026-01-06
SKU-00274,Item-00274,BR-B,95.41,2026-01-06
SKU-00274,Item-00274,BR-C,110.47,2026-01-06
SKU-00274,Item-00274,BR-D,65.91,2026-01-06
SKU-00274,Item-00274,BR-E,137.6,2026-01-06
SKU-00275,Item-00275,BR-A,213.09,2026-01-06
SKU-00275,Item-00275,BR-B,146.33,2026-01-06
SKU-00275,Item-00275,BR-C,144.49,2026-01-06
SKU-00275,Item-00275,BR-D,152.57,2026-01-06
SKU-00275,Item-00275,BR-E,213.0,2026-01-06
SKU-00276,Item-00276,BR-A,96.48,2026-01-06
SKU-00276,Item-00276,BR-B,157.93,2026-01-06
SKU-00276,Item-00276,BR-C,202.92,2026-01-06
SKU-00276,Item-00276,BR-D,112.83,2026-01-06
SKU-00276,Item-00276,BR-E,109.49,2026-01-06
SKU-00277,Item-00277,BR-A,113.43,2026-01-06
SKU-00277,Item-00277,BR-B,126.55,2026-01-06
SKU-00277,Item-00277,BR-C,124.07,2026-01-06
SKU-00277,Item-00277,BR-D,58.39,2026-01-06
SKU-00277,Item-00277,BR-E,147.73,2026-01-06
SKU-00278,Item-00278,BR-A,43.17,2026-01-06
SKU-00278,Item-00278,BR-B,67.45,2026-01-06
SKU-00278,Item-00278,BR-C,81.88,2026-01-06
SKU-00278,Item-00278,BR-D,58.27,2026-01-06
SKU-00278,Item-00278,BR-E,73.87,2026-01-06
SKU-00279,Item-00279,BR-A,129.85,2026-01-06
SKU-00279,Item-00279,BR-B,165.66,2026-01-06
SKU-00279,Item-00279,BR-C,103.46,2026-01-06
SKU-00279,Item-00279,BR-D,81.42,2026-01-06
SKU-00279,Item-00279,BR-E,139.06,2026-01-06
SKU-00280,Item-00280,BR-A,30.24,2026-01-06
SKU-00280,Item-00280,BR-B,49.85,2026-01-06
SKU-00280,Item-00280,BR-C,85.11,2026-01-06
SKU-00280,Item-00280,BR-D,82.11,2026-01-06
SKU-00280,Item-00280,BR-E,66.21,2026-01-06
SKU-00281,Item-00281,BR-A,166.56,2026-01-06
SKU-00281,Item-00281,BR-B,240.23,2026-01-06
SKU-00281,Item-00281,BR-C,263.29,2026-01-06
SKU-00281,Item-00281,BR-D,244.51,2026-01-06
SKU-00281,Item-00281,BR-E,108.89,2026-01-06
SKU-00282,Item-00282,BR-A,41.85,2026-01-06
SKU-00282,Item-00282,BR-B,34.32,2026-01-06
SKU-00282,Item-00282,BR-C,33.32,2026-01-06
SKU-00282,Item-00282,BR-D,19.84,2026-01-06
SKU-00282,Item-00282,BR-E,20.42,2026-01-06
SKU-00283,Item-00283,BR-A,79.62,2026-01-06
SKU-00283,Item-00283,BR-B,118.3,2026-01-06
SKU-00283,Item-00283,BR-C,97.47,2026-01-06
SKU-00283,Item-00283,BR-D,67.77,2026-01-06
SKU-00283,Item-00283,BR-E,89.69,2026-01-06
SKU-00284,Item-00284,BR-A,79.27,2026-01-06
SKU-00284,Item-00284,BR-B,190.72,2026-01-06
SKU-00284,Item-00284,BR-C,118.78,2026-01-06
SKU-00284,Item-00284,BR-D,118.09,2026-01-06
SKU-00284,Item-00284,BR-E,188.91,2026-01-06
SKU-00285,Item-00285,BR-A,69.22,2026-01-06
SKU-00285,Item-00285,BR-B,116.24,2026-01-06
SKU-00285,Item-00285,BR-C,49.37,2026-01-06
SKU-00285,Item-00285,BR-D,69.78,2026-01-06
SKU-00285,Item-00285,BR-E,125.01,2026-01-06
SKU-00286,Item-00286,BR-A,72.7,2026-01-06
SKU-00286,Item-00286,BR-B,85.76,2026-01-06
SKU-00286,Item-00286,BR-C,98.82,2026-01-06
SKU-00286,Item-00286,BR-D,74.43,2026-01-06
SKU-00286,Item-00286,BR-E,94.55,2026-01-06
SKU-00287,Item-00287,BR-A,15.07,2026-01-06
SKU-00287,Item-00287,BR-B,9.72,2026-01-06
SKU-00287,Item-00287,BR-C,16.96,2026-01-06
SKU-00287,Item-00287,BR-D,9.73,2026-01-06
SKU-00287,Item-00287,BR-E,13.43,2026-01-06
SKU-00288,Item-00288,BR-A,65.71,2026-01-06
SKU-00288,Item-00288,BR-B,43.99,2026-01-06
SKU-00288,Item-00288,BR-C,119.13,2026-01-06
SKU-00288,Item-00288,BR-D,67.9,2026-01-06
SKU-00288,Item-00288,BR-E,98.01,2026-01-06
SKU-00289,Item-00289,BR-A,235.93,2026-01-06
SKU-00289,Item-00289,BR-B,246.31,2026-01-06
SKU-00289,Item-00289,BR-C,191.26,2026-01-06
SKU-00289,Item-00289,BR-D,232.93,2026-01-06
SKU-00289,Item-00289,BR-E,150.98,2026-01-06
SKU-00290,Item-00290,BR-A,60.21,2026-01-06
SKU-00290,Item-00290,BR-B,76.28,2026-01-06
SKU-00290,Item-00290,BR-C,82.89,2026-01-06
SKU-00290,Item-00290,BR-D,135.6,2026-01-06
SKU-00290,Item-00290,BR-E,68.52,2026-01-06
SKU-00291,Item-00291,BR-A,45.77,2026-01-06
SKU-00291,Item-00291,BR-B,81.63,2026-01-06
SKU-00291,Item-00291,BR-C,46.95,2026-01-06
SKU-00291,Item-00291,BR-D,49.69,2026-01-06
SKU-00291,Item-00291,BR-E,84.13,2026-01-06
SKU-00292,Item-00292,BR-A,181.86,2026-01-06
SKU-00292,Item-00292,BR-B,180.38,2026-01-06
SKU-00292,Item-00292,BR-C,233.49,2026-01-06
SKU-00292,Item-00292,BR-D,225.52,2026-01-06
SKU-00292,Item-00292,BR-E,181.65,2026-01-06
SKU-00293,Item-00293,BR-A,119.09,2026-01-06
SKU-00293,Item-00293,BR-B,131.17,2026-01-06
SKU-00293,Item-00293,BR-C,89.19,2026-01-06
SKU-00293,Item-00293,BR-D,116.42,2026-01-06
SKU-00293,Item-00293,BR-E,89.23,2026-01-06
SKU-00294,Item-00294,BR-A,224.79,2026-01-06
SKU-00294,Item-00294,BR-B,202.37,2026-01-06
SKU-00294,Item-00294,BR-C,90.81,2026-01-06
SKU-00294,Item-00294,BR-D,228.48,2026-01-06
SKU-00294,Item-00294,BR-E,150.29,2026-01-06
SKU-00295,Item-00295,BR-A,116.33,2026-01-06
SKU-00295,Item-00295,BR-B,78.52,2026-01-06
SKU-00295,Item-00295,BR-C,57.42,2026-01-06
SKU-00295,Item-00295,BR-D,59.05,2026-01-06
SKU-00295,Item-00295,BR-E,144.64,2026-01-06
SKU-00296,Item-00296,BR-A,98.29,2026-01-06
SKU-00296,Item-00296,BR-B,56.29,2026-01-06
SKU-00296,Item-00296,BR-C,88.58,2026-01-06
SKU-00296,Item-00296,BR-D,87.9,2026-01-06
SKU-00296,Item-00296,BR-E,78.47,2026-01-06
SKU-00297,Item-00297,BR-A,84.55,2026-01-06
SKU-00297,Item-00297,BR-B,62.82,2026-01-06
SKU-00297,Item-00297,BR-C,88.38,2026-01-06
SKU-00297,Item-00297,BR-D,86.06,2026-01-06
SKU-00297,Item-00297,BR-E,104.29,2026-01-06
SKU-00298,Item-00298,BR-A,88.32,2026-01-06
SKU-00298,Item-00298,BR-B,100.62,2026-01-06
SKU-00298,Item-00298,BR-C,168.96,2026-01-06
SKU-00298,Item-00298,BR-D,157.65,2026-01-06
SKU-00298,Item-00298,BR-E,200.02,2026-01-06
SKU-00299,Item-00299,BR-A,210.08,2026-01-06
SKU-00299,Item-00299,BR-B,99.77,2026-01-06
SKU-00299,Item-00299,BR-C,135.98,2026-01-06
SKU-00299,Item-00299,BR-D,223.97,2026-01-06
SKU-00299,Item-00299,BR-E,127.17,2026-01-06
SKU-00300,Item-00300,BR-A,13.61,2026-01-06
SKU-00300,Item-00300,BR-B,12.76,2026-01-06
SKU-00300,Item-00300,BR-C,9.54,2026-01-06
SKU-00300,Item-00300,BR-D,13.91,2026-01-06
SKU-00300,Item-00300,BR-E,4.95,2026-01-06
SKU-00301,Item-00301,BR-A,124.19,2026-01-06
SKU-00301,Item-00301,BR-B,94.98,2026-01-06
SKU-00301,Item-00301,BR-C,155.98,2026-01-06
SKU-00301,Item-00301,BR-D,153.82,2026-01-06
SKU-00301,Item-00301,BR-E,84.94,2026-01-06
SKU-00302,Item-00302,BR-A,21.6,2026-01-06
SKU-00302,Item-00302,BR-B,11.89,2026-01-06
SKU-00302,Item-00302,BR-C,14.91,2026-01-06
SKU-00302,Item-00302,BR-D,23.97,2026-01-06
SKU-00302,Item-00302,BR-E,14.54,2026-01-06
SKU-00303,Item-00303,BR-A,31.74,2026-01-06
SKU-00303,Item-00303,BR-B,26.28,2026-01-06
SKU-00303,Item-00303,BR-C,28.07,2026-01-06
SKU-00303,Item-00303,BR-D,33.62,2026-01-06
SKU-00303,Item-00303,BR-E,43.14,2026-01-06
SKU-00304,Item-00304,BR-A,31.9,2026-01-06
SKU-00304,Item-00304,BR-B,30.41,2026-01-06
SKU-00304,Item-00304,BR-C,53.85,2026-01-06
SKU-00304,Item-00304,BR-D,25.6,2026-01-06
SKU-00304,Item-00304,BR-E,37.01,2026-01-06
SKU-00305,Item-00305,BR-A,90.56,2026-01-06
SKU-00305,Item-00305,BR-B,79.07,2026-01-06
SKU-00305,Item-00305,BR-C,115.71,2026-01-06
SKU-00305,Item-00305,BR-D,72.04,2026-01-06
SKU-00305,Item-00305,BR-E,55.68,2026-01-06
SKU-00306,Item-00306,BR-A,71.81,2026-01-06
SKU-00306,Item-00306,BR-B,60.49,2026-01-06
SKU-00306,Item-00306,BR-C,65.59,2026-01-06
SKU-00306,Item-00306,BR-D,107.01,2026-01-06
SKU-00306,Item-00306,BR-E,59.75,2026-01-06
SKU-00307,Item-00307,BR-A,180.66,2026-01-06
SKU-00307,Item-00307,BR-B,100.21,2026-01-06
SKU-00307,Item-00307,BR-C,86.44,2026-01-06
SKU-00307,Item-00307,BR-D,229.52,2026-01-06
SKU-00307,Item-00307,BR-E,191.69,2026-01-06
SKU-00308,Item-00308,BR-A,72.46,2026-01-06
SKU-00308,Item-00308,BR-B,69.77,2026-01-06
SKU-00308,Item-00308,BR-C,38.32,2026-01-06
SKU-00308,Item-00308,BR-D,43.18,2026-01-06
SKU-00308,Item-00308,BR-E,85.48,2026-01-06
SKU-00309,Item-00309,BR-A,58.02,2026-01-06
SKU-00309,Item-00309,BR-B,62.05,2026-01-06
SKU-00309,Item-00309,BR-C,65.46,2026-01-06
SKU-00309,Item-00309,BR-D,71.34,2026-01-06
SKU-00309,Item-00309,BR-E,28.79,2026-01-06
SKU-00310,Item-00310,BR-A,60.49,2026-01-06
SKU-00310,Item-00310,BR-B,69.81,2026-01-06
SKU-00310,Item-00310,BR-C,64.0,2026-01-06
SKU-00310,Item-00310,BR-D,118.36,2026-01-06
SKU-00310,Item-00310,BR-E,124.1,2026-01-06
SKU-00311,Item-00311,BR-A,19.58,2026-01-06
SKU-00311,Item-00311,BR-B,12.01,2026-01-06
SKU-00311,Item-00311,BR-C,13.21,2026-01-06
SKU-00311,Item-00311,BR-D,16.66,2026-01-06
SKU-00311,Item-00311,BR-E,16.95,2026-01-06
SKU-00312,Item-00312,BR-A,45.95,2026-01-06
SKU-00312,Item-00312,BR-B,34.63,2026-01-06
SKU-00312,Item-00312,BR-C,54.92,2026-01-06
SKU-00312,Item-00312,BR-D,34.88,2026-01-06
SKU-00312,Item-00312,BR-E,41.73,2026-01-06
SKU-00313,Item-00313,BR-A,215.68,2026-01-06
SKU-00313,Item-00313,BR-B,213.87,2026-01-06
SKU-00313,Item-00313,BR-C,183.89,2026-01-06
SKU-00313,Item-00313,BR-D,157.49,2026-01-06
SKU-00313,Item-00313,BR-E,227.81,2026-01-06
SKU-00314,Item-00314,BR-A,144.5,2026-01-06
SKU-00314,Item-00314,BR-B,117.06,2026-01-06
SKU-00314,Item-00314,BR-C,143.89,2026-01-06
SKU-00314,Item-00314,BR-D,103.21,2026-01-06
SKU-00314,Item-00314,BR-E,195.43,2026-01-06
SKU-00315,Item-00315,BR-A,57.62,2026-01-06
SKU-00315,Item-00315,BR-B,54.03,2026-01-06
SKU-00315,Item-00315,BR-C,44.62,2026-01-06
SKU-00315,Item-00315,BR-D,31.17,2026-01-06
SKU-00315,Item-00315,BR-E,27.25,2026-01-06
SKU-00316,Item-00316,BR-A,101.22,2026-01-06
SKU-00316,Item-00316,BR-B,100.76,2026-01-06
SKU-00316,Item-00316,BR-C,87.72,2026-01-06
SKU-00316,Item-00316,BR-D,160.29,2026-01-06
SKU-00316,Item-00316,BR-E,124.02,2026-01-06
SKU-00317,Item-00317,BR-A,36.53,2026-01-06
SKU-00317,Item-00317,BR-B,16.95,2026-01-06
SKU-00317,Item-00317,BR-C,27.88,2026-01-06
SKU-00317,Item-00317,BR-D,23.63,2026-01-06
SKU-00317,Item-00317,BR-E,21.42,2026-01-06
SKU-00318,Item-00318,BR-A,82.57,2026-01-06
SKU-00318,Item-00318,BR-B,156.6,2026-01-06
SKU-00318,Item-00318,BR-C,153.87,2026-01-06
SKU-00318,Item-00318,BR-D,167.72,2026-01-06
SKU-00318,Item-00318,BR-E,90.24,2026-01-06
SKU-00319,Item-00319,BR-A,94.57,2026-01-06
SKU-00319,Item-00319,BR-B,90.65,2026-01-06
SKU-00319,Item-00319,BR-C,62.37,2026-01-06
SKU-00319,Item-00319,BR-D,122.47,2026-01-06
SKU-00319,Item-00319,BR-E,109.87,2026-01-06
SKU-00320,Item-00320,BR-A,138.83,2026-01-06
SKU-00320,Item-00320,BR-B,229.37,2026-01-06
SKU-00320,Item-00320,BR-C,163.98,2026-01-06
SKU-00320,Item-00320,BR-D,177.54,2026-01-06
SKU-00320,Item-00320,BR-E,102.75,2026-01-06
SKU-00321,Item-00321,BR-A,96.52,2026-01-06
SKU-00321,Item-00321,BR-B,108.87,2026-01-06
SKU-00321,Item-00321,BR-C,94.98,2026-01-06
SKU-00321,Item-00321,BR-D,76.3,2026-01-06
SKU-00321,Item-00321,BR-E,167.68,2026-01-06
SKU-00322,Item-00322,BR-A,160.87,2026-01-06
SKU-00322,Item-00322,BR-B,129.42,2026-01-06
SKU-00322,Item-00322,BR-C,143.67,2026-01-06
SKU-00322,Item-00322,BR-D,91.71,2026-01-06
SKU-00322,Item-00322,BR-E,228.07,2026-01-06
SKU-00323,Item-00323,BR-A,121.52,2026-01-06
SKU-00323,Item-00323,BR-B,270.55,2026-01-06
SKU-00323,Item-00323,BR-C,148.82,2026-01-06
SKU-00323,Item-00323,BR-D,147.35,2026-01-06
SKU-00323,Item-00323,BR-E,281.63,2026-01-06
SKU-00324,Item-00324,BR-A,168.34,2026-01-06
SKU-00324,Item-00324,BR-B,159.69,2026-01-06
SKU-00324,Item-00324,BR-C,127.46,2026-01-06
SKU-00324,Item-00324,BR-D,167.55,2026-01-06
SKU-00324,Item-00324,BR-E,167.25,2026-01-06
SKU-00325,Item-00325,BR-A,132.78,2026-01-06
SKU-00325,Item-00325,BR-B,172.63,2026-01-06
SKU-00325,Item-00325,BR-C,61.7,2026-01-06
SKU-00325,Item-00325,BR-D,170.49,2026-01-06
SKU-00325,Item-00325,BR-E,98.6,2026-01-06
SKU-00326,Item-00326,BR-A,97.87,2026-01-06
SKU-00326,Item-00326,BR-B,87.05,2026-01-06
SKU-00326,Item-00326,BR-C,88.17,2026-01-06
SKU-00326,Item-00326,BR-D,43.03,2026-01-06
SKU-00326,Item-00326,BR-E,58.32,2026-01-06
SKU-00327,Item-00327,BR-A,11.94,2026-01-06
SKU-00327,Item-00327,BR-B,15.6,2026-01-06
SKU-00327,Item-00327,BR-C,24.05,2026-01-06
SKU-00327,Item-00327,BR-D,14.58,2026-01-06
SKU-00327,Item-00327,BR-E,24.79,2026-01-06
SKU-00328,Item-00328,BR-A,26.32,2026-01-06
SKU-00328,Item-00328,BR-B,27.32,2026-01-06
SKU-00328,Item-00328,BR-C,28.27,2026-01-06
SKU-00328,Item-00328,BR-D,35.08,2026-01-06
SKU-00328,Item-00328,BR-E,25.83,2026-01-06
SKU-00329,Item-00329,BR-A,148.99,2026-01-06
SKU-00329,Item-00329,BR-B,152.82,2026-01-06
SKU-00329,Item-00329,BR-C,193.54,2026-01-06
SKU-00329,Item-00329,BR-D,237.74,2026-01-06
SKU-00329,Item-00329,BR-E,143.63,2026-01-06
SKU-00330,Item-00330,BR-A,217.82,2026-01-06
SKU-00330,Item-00330,BR-B,139.67,2026-01-06
SKU-00330,Item-00330,BR-C,202.39,2026-01-06
SKU-00330,Item-00330,BR-D,167.07,2026-01-06
SKU-00330,Item-00330,BR-E,160.93,2026-01-06
SKU-00331,Item-00331,BR-A,68.04,2026-01-06
SKU-00331,Item-00331,BR-B,77.28,2026-01-06
SKU-00331,Item-00331,BR-C,86.22,2026-01-06
SKU-00331,Item-00331,BR-D,45.04,2026-01-06
SKU-00331,Item-00331,BR-E,100.69,2026-01-06
SKU-00332,Item-00332,BR-A,100.27,2026-01-06
SKU-00332,Item-00332,BR-B,183.02,2026-01-06
SKU-00332,Item-00332,BR-C,96.84,2026-01-06
SKU-00332,Item-00332,BR-D,123.85,2026-01-06
SKU-00332,Item-00332,BR-E,199.87,2026-01-06
SKU-00333,Item-00333,BR-A,61.49,2026-01-06
SKU-00333,Item-00333,BR-B,122.7,2026-01-06
SKU-00333,Item-00333,BR-C,152.38,2026-01-06
SKU-00333,Item-00333,BR-D,98.58,2026-01-06
SKU-00333,Item-00333,BR-E,67.84,2026-01-06
SKU-00334,Item-00334,BR-A,8.13,2026-01-06
SKU-00334,Item-00334,BR-B,4.82,2026-01-06
SKU-00334,Item-00334,BR-C,4.05,2026-01-06
SKU-00334,Item-00334,BR-D,5.06,2026-01-06
SKU-00334,Item-00334,BR-E,9.28,2026-01-06
SKU-00335,Item-00335,BR-A,152.63,2026-01-06
SKU-00335,Item-00335,BR-B,246.4,2026-01-06
SKU-00335,Item-00335,BR-C,190.3,2026-01-06
SKU-00335,Item-00335,BR-D,230.05,2026-01-06
SKU-00335,Item-00335,BR-E,230.58,2026-01-06
SKU-00336,Item-00336,BR-A,54.8,2026-01-06
SKU-00336,Item-00336,BR-B,126.77,2026-01-06
SKU-00336,Item-00336,BR-C,99.74,2026-01-06
SKU-00336,Item-00336,BR-D,54.8,2026-01-06
SKU-00336,Item-00336,BR-E,68.39,2026-01-06
SKU-00337,Item-00337,BR-A,142.46,2026-01-06
SKU-00337,Item-00337,BR-B,161.02,2026-01-06
SKU-00337,Item-00337,BR-C,185.06,2026-01-06
SKU-00337,Item-00337,BR-D,97.71,2026-01-06
SKU-00337,Item-00337,BR-E,127.13,2026-01-06
SKU-00338,Item-00338,BR-A,113.44,2026-01-06
SKU-00338,Item-00338,BR-B,98.13,2026-01-06
SKU-00338,Item-00338,BR-C,180.24,2026-01-06
SKU-00338,Item-00338,BR-D,176.26,2026-01-06
SKU-00338,Item-00338,BR-E,203.74,2026-01-06
SKU-00339,Item-00339,BR-A,38.62,2026-01-06
SKU-00339,Item-00339,BR-B,57.51,2026-01-06
SKU-00339,Item-00339,BR-C,50.13,2026-01-06
SKU-00339,Item-00339,BR-D,53.57,2026-01-06
SKU-00339,Item-00339,BR-E,23.99,2026-01-06
SKU-00340,Item-00340,BR-A,196.31,2026-01-06
SKU-00340,Item-00340,BR-B,144.63,2026-01-06
SKU-00340,Item-00340,BR-C,209.87,2026-01-06
SKU-00340,Item-00340,BR-D,101.45,2026-01-06
SKU-00340,Item-00340,BR-E,232.61,2026-01-06
SKU-00341,Item-00341,BR-A,179.06,2026-01-06
SKU-00341,Item-00341,BR-B,157.02,2026-01-06
SKU-00341,Item-00341,BR-C,133.07,2026-01-06
SKU-00341,Item-00341,BR-D,85.42,2026-01-06
SKU-00341,Item-00341,BR-E,155.26,2026-01-06
SKU-00342,Item-00342,BR-A,230.87,2026-01-06
SKU-00342,Item-00342,BR-B,168.71,2026-01-06
SKU-00342,Item-00342,BR-C,183.24,2026-01-06
SKU-00342,Item-00342,BR-D,111.09,2026-01-06
SKU-00342,Item-00342,BR-E,206.8,2026-01-06
SKU-00343,Item-00343,BR-A,67.3,2026-01-06
SKU-00343,Item-00343,BR-B,50.84,2026-01-06
SKU-00343,Item-00343,BR-C,62.53,2026-01-06
SKU-00343,Item-00343,BR-D,118.96,2026-01-06
SKU-00343,Item-00343,BR-E,64.11,2026-01-06
SKU-00344,Item-00344,BR-A,54.61,2026-01-06
SKU-00344,Item-00344,BR-B,39.29,2026-01-06
SKU-00344,Item-00344,BR-C,64.73,2026-01-06
SKU-00344,Item-00344,BR-D,75.81,2026-01-06
SKU-00344,Item-00344,BR-E,37.34,2026-01-06
SKU-00345,Item-00345,BR-A,205.6,2026-01-06
SKU-00345,Item-00345,BR-B,205.32,2026-01-06
SKU-00345,Item-00345,BR-C,147.2,2026-01-06
SKU-00345,Item-00345,BR-D,210.61,2026-01-06
SKU-00345,Item-00345,BR-E,211.35,2026-01-06
SKU-00346,Item-00346,BR-A,78.55,2026-01-06
SKU-00346,Item-00346,BR-B,55.5,2026-01-06
SKU-00346,Item-00346,BR-C,70.15,2026-01-06
SKU-00346,Item-00346,BR-D,78.48,2026-01-06
SKU-00346,Item-00346,BR-E,39.9,2026-01-06
SKU-00347,Item-00347,BR-A,46.23,2026-01-06
SKU-00347,Item-00347,BR-B,35.8,2026-01-06
SKU-00347,Item-00347,BR-C,28.93,2026-01-06
SKU-00347,Item-00347,BR-D,35.99,2026-01-06
SKU-00347,Item-00347,BR-E,69.68,2026-01-06
SKU-00348,Item-00348,BR-A,108.19,2026-01-06
SKU-00348,Item-00348,BR-B,70.33,2026-01-06
SKU-00348,Item-00348,BR-C,78.54,2026-01-06
SKU-00348,Item-00348,BR-D,69.02,2026-01-06
SKU-00348,Item-00348,BR-E,107.59,2026-01-06
SKU-00349,Item-00349,BR-A,66.41,2026-01-06
SKU-00349,Item-00349,BR-B,84.5,2026-01-06
SKU-00349,Item-00349,BR-C,48.09,2026-01-06
SKU-00349,Item-00349,BR-D,85.46,2026-01-06
SKU-00349,Item-00349,BR-E,85.46,2026-01-06
SKU-00350,Item-00350,BR-A,236.85,2026-01-06
SKU-00350,Item-00350,BR-B,178.08,2026-01-06
SKU-00350,Item-00350,BR-C,239.7,2026-01-06
SKU-00350,Item-00350,BR-D,188.2,2026-01-06
SKU-00350,Item-00350,BR-E,249.85,2026-01-06
SKU-00351,Item-00351,BR-A,109.16,2026-01-06
SKU-00351,Item-00351,BR-B,84.34,2026-01-06
SKU-00351,Item-00351,BR-C,96.29,2026-01-06
SKU-00351,Item-00351,BR-D,132.77,2026-01-06
SKU-00351,Item-00351,BR-E,110.0,2026-01-06
SKU-00352,Item-00352,BR-A,187.51,2026-01-06
SKU-00352,Item-00352,BR-B,117.93,2026-01-06
SKU-00352,Item-00352,BR-C,154.44,2026-01-06
SKU-00352,Item-00352,BR-D,111.13,2026-01-06
SKU-00352,Item-00352,BR-E,215.06,2026-01-06
SKU-00353,Item-00353,BR-A,56.39,2026-01-06
SKU-00353,Item-00353,BR-B,48.97,2026-01-06
SKU-00353,Item-00353,BR-C,65.63,2026-01-06
SKU-00353,Item-00353,BR-D,83.97,2026-01-06
SKU-00353,Item-00353,BR-E,76.64,2026-01-06
SKU-00354,Item-00354,BR-A,151.3,2026-01-06
SKU-00354,Item-00354,BR-B,80.9,2026-01-06
SKU-00354,Item-00354,BR-C,91.83,2026-01-06
SKU-00354,Item-00354,BR-D,144.36,2026-01-06
SKU-00354,Item-00354,BR-E,110.48,2026-01-06
SKU-00355,Item-00355,BR-A,116.53,2026-01-06
SKU-00355,Item-00355,BR-B,207.31,2026-01-06
SKU-00355,Item-00355,BR-C,247.15,2026-01-06
SKU-00355,Item-00355,BR-D,123.15,2026-01-06
SKU-00355,Item-00355,BR-E,109.64,2026-01-06
SKU-00356,Item-00356,BR-A,63.84,2026-01-06
SKU-00356,Item-00356,BR-B,53.65,2026-01-06
SKU-00356,Item-00356,BR-C,69.85,2026-01-06
SKU-00356,Item-00356,BR-D,54.98,2026-01-06
SKU-00356,Item-00356,BR-E,46.7,2026-01-06
SKU-00357,Item-00357,BR-A,115.53,2026-01-06
SKU-00357,Item-00357,BR-B,121.64,2026-01-06
SKU-00357,Item-00357,BR-C,131.78,2026-01-06
SKU-00357,Item-00357,BR-D,57.5,2026-01-06
SKU-00357,Item-00357,BR-E,69.84,2026-01-06
SKU-00358,Item-00358,BR-A,192.13,2026-01-06
SKU-00358,Item-00358,BR-B,181.69,2026-01-06
SKU-00358,Item-00358,BR-C,105.82,2026-01-06
SKU-00358,Item-00358,BR-D,80.05,2026-01-06
SKU-00358,Item-00358,BR-E,189.75,2026-01-06
SKU-00359,Item-00359,BR-A,96.93,2026-01-06
SKU-00359,Item-00359,BR-B,54.87,2026-01-06
SKU-00359,Item-00359,BR-C,96.51,2026-01-06
SKU-00359,Item-00359,BR-D,55.72,2026-01-06
SKU-00359,Item-00359,BR-E,95.26,2026-01-06
SKU-00360,Item-00360,BR-A,13.72,2026-01-06
SKU-00360,Item-00360,BR-B,17.36,2026-01-06
SKU-00360,Item-00360,BR-C,23.61,2026-01-06
SKU-00360,Item-00360,BR-D,29.67,2026-01-06
SKU-00360,Item-00360,BR-E,12.65,2026-01-06
SKU-00361,Item-00361,BR-A,83.47,2026-01-06
SKU-00361,Item-00361,BR-B,111.65,2026-01-06
SKU-00361,Item-00361,BR-C,55.01,2026-01-06
SKU-00361,Item-00361,BR-D,107.77,2026-01-06
SKU-00361,Item-00361,BR-E,100.36,2026-01-06
SKU-00362,Item-00362,BR-A,39.18,2026-01-06
SKU-00362,Item-00362,BR-B,42.82,2026-01-06
SKU-00362,Item-00362,BR-C,61.2,2026-01-06
SKU-00362,Item-00362,BR-D,59.94,2026-01-06
SKU-00362,Item-00362,BR-E,73.15,2026-01-06
SKU-00363,Item-00363,BR-A,58.39,2026-01-06
SKU-00363,Item-00363,BR-B,122.56,2026-01-06
SKU-00363,Item-00363,BR-C,94.32,2026-01-06
SKU-00363,Item-00363,BR-D,115.12,2026-01-06
SKU-00363,Item-00363,BR-E,144.52,2026-01-06
SKU-00364,Item-00364,BR-A,60.94,2026-01-06
SKU-00364,Item-00364,BR-B,39.75,2026-01-06
SKU-00364,Item-00364,BR-C,38.25,2026-01-06
SKU-00364,Item-00364,BR-D,39.35,2026-01-06
SKU-00364,Item-00364,BR-E,83.69,2026-01-06
SKU-00365,Item-00365,BR-A,37.74,2026-01-06
SKU-00365,Item-00365,BR-B,90.43,2026-01-06
SKU-00365,Item-00365,BR-C,38.16,2026-01-06
SKU-00365,Item-00365,BR-D,57.75,2026-01-06
SKU-00365,Item-00365,BR-E,86.94,2026-01-06
SKU-00366,Item-00366,BR-A,74.92,2026-01-06
SKU-00366,Item-00366,BR-B,62.56,2026-01-06
SKU-00366,Item-00366,BR-C,34.56,2026-01-06
SKU-00366,Item-00366,BR-D,40.56,2026-01-06
SKU-00366,Item-00366,BR-E,82.99,2026-01-06
SKU-00367,Item-00367,BR-A,30.54,2026-01-06
SKU-00367,Item-00367,BR-B,63.42,2026-01-06
SKU-00367,Item-00367,BR-C,51.69,2026-01-06
SKU-00367,Item-00367,BR-D,43.65,2026-01-06
SKU-00367,Item-00367,BR-E,63.6,2026-01-06
SKU-00368,Item-00368,BR-A,82.65,2026-01-06
SKU-00368,Item-00368,BR-B,73.42,2026-01-06
SKU-00368,Item-00368,BR-C,80.77,2026-01-06
SKU-00368,Item-00368,BR-D,98.06,2026-01-06
SKU-00368,Item-00368,BR-E,54.67,2026-01-06
SKU-00369,Item-00369,BR-A,224.74,2026-01-06
SKU-00369,Item-00369,BR-B,247.49,2026-01-06
SKU-00369,Item-00369,BR-C,193.53,2026-01-06
SKU-00369,Item-00369,BR-D,153.77,2026-01-06
SKU-00369,Item-00369,BR-E,154.19,2026-01-06
SKU-00370,Item-00370,BR-A,28.3,2026-01-06
SKU-00370,Item-00370,BR-B,43.98,2026-01-06
SKU-00370,Item-00370,BR-C,27.84,2026-01-06
SKU-00370,Item-00370,BR-D,48.94,2026-01-06
SKU-00370,Item-00370,BR-E,43.74,2026-01-06
SKU-00371,Item-00371,BR-A,46.8,2026-01-06
SKU-00371,Item-00371,BR-B,60.12,2026-01-06
SKU-00371,Item-00371,BR-C,74.05,2026-01-06
SKU-00371,Item-00371,BR-D,39.05,2026-01-06
SKU-00371,Item-00371,BR-E,77.24,2026-01-06
SKU-00372,Item-00372,BR-A,97.56,2026-01-06
SKU-00372,Item-00372,BR-B,136.79,2026-01-06
SKU-00372,Item-00372,BR-C,68.5,2026-01-06
SKU-00372,Item-00372,BR-D,108.23,2026-01-06
SKU-00372,Item-00372,BR-E,68.25,2026-01-06
SKU-00373,Item-00373,BR-A,158.64,2026-01-06
SKU-00373,Item-00373,BR-B,92.06,2026-01-06
SKU-00373,Item-00373,BR-C,185.46,2026-01-06
SKU-00373,Item-00373,BR-D,88.24,2026-01-06
SKU-00373,Item-00373,BR-E,130.37,2026-01-06
SKU-00374,Item-00374,BR-A,37.1,2026-01-06
SKU-00374,Item-00374,BR-B,41.82,2026-01-06
SKU-00374,Item-00374,BR-C,41.64,2026-01-06
SKU-00374,Item-00374,BR-D,42.58,2026-01-06
SKU-00374,Item-00374,BR-E,49.89,2026-01-06
SKU-00375,Item-00375,BR-A,65.84,2026-01-06
SKU-00375,Item-00375,BR-B,58.15,2026-01-06
SKU-00375,Item-00375,BR-C,67.87,2026-01-06
SKU-00375,Item-00375,BR-D,47.71,2026-01-06
SKU-00375,Item-00375,BR-E,42.38,2026-01-06
SKU-00376,Item-00376,BR-A,22.69,2026-01-06
SKU-00376,Item-00376,BR-B,21.52,2026-01-06
SKU-00376,Item-00376,BR-C,24.15,2026-01-06
SKU-00376,Item-00376,BR-D,33.69,2026-01-06
SKU-00376,Item-00376,BR-E,25.4,2026-01-06
SKU-00377,Item-00377,BR-A,258.49,2026-01-06
SKU-00377,Item-00377,BR-B,251.56,2026-01-06
SKU-00377,Item-00377,BR-C,173.67,2026-01-06
SKU-00377,Item-00377,BR-D,110.3,2026-01-06
SKU-00377,Item-00377,BR-E,238.1,2026-01-06
SKU-00378,Item-00378,BR-A,69.42,2026-01-06
SKU-00378,Item-00378,BR-B,35.29,2026-01-06
SKU-00378,Item-00378,BR-C,44.54,2026-01-06
SKU-00378,Item-00378,BR-D,56.61,2026-01-06
SKU-00378,Item-00378,BR-E,83.21,2026-01-06
SKU-00379,Item-00379,BR-A,138.01,2026-01-06
SKU-00379,Item-00379,BR-B,145.54,2026-01-06
SKU-00379,Item-00379,BR-C,166.74,2026-01-06
SKU-00379,Item-00379,BR-D,69.9,2026-01-06
SKU-00379,Item-00379,BR-E,146.33,2026-01-06
SKU-00380,Item-00380,BR-A,27.64,2026-01-06
SKU-00380,Item-00380,BR-B,34.76,2026-01-06
SKU-00380,Item-00380,BR-C,34.43,2026-01-06
SKU-00380,Item-00380,BR-D,17.02,2026-01-06
SKU-00380,Item-00380,BR-E,14.19,2026-01-06
SKU-00381,Item-00381,BR-A,91.61,2026-01-06
SKU-00381,Item-00381,BR-B,66.52,2026-01-06
SKU-00381,Item-00381,BR-C,75.09,2026-01-06
SKU-00381,Item-00381,BR-D,105.68,2026-01-06
SKU-00381,Item-00381,BR-E,156.04,2026-01-06
SKU-00382,Item-00382,BR-A,63.24,2026-01-06
SKU-00382,Item-00382,BR-B,104.41,2026-01-06
SKU-00382,Item-00382,BR-C,101.88,2026-01-06
SKU-00382,Item-00382,BR-D,51.85,2026-01-06
SKU-00382,Item-00382,BR-E,111.07,2026-01-06
SKU-00383,Item-00383,BR-A,31.19,2026-01-06
SKU-00383,Item-00383,BR-B,54.6,2026-01-06
SKU-00383,Item-00383,BR-C,28.01,2026-01-06
SKU-00383,Item-00383,BR-D,58.18,2026-01-06
SKU-00383,Item-00383,BR-E,40.57,2026-01-06
SKU-00384,Item-00384,BR-A,76.6,2026-01-06
SKU-00384,Item-00384,BR-B,54.95,2026-01-06
SKU-00384,Item-00384,BR-C,47.78,2026-01-06
SKU-00384,Item-00384,BR-D,67.89,2026-01-06
SKU-00384,Item-00384,BR-E,55.61,2026-01-06
SKU-00385,Item-00385,BR-A,15.51,2026-01-06
SKU-00385,Item-00385,BR-B,20.75,2026-01-06
SKU-00385,Item-00385,BR-C,17.85,2026-01-06
SKU-00385,Item-00385,BR-D,15.55,2026-01-06
SKU-00385,Item-00385,BR-E,31.79,2026-01-06
SKU-00386,Item-00386,BR-A,93.15,2026-01-06
SKU-00386,Item-00386,BR-B,67.08,2026-01-06
SKU-00386,Item-00386,BR-C,57.08,2026-01-06
SKU-00386,Item-00386,BR-D,89.31,2026-01-06
SKU-00386,Item-00386,BR-E,97.2,2026-01-06
SKU-00387,Item-00387,BR-A,144.85,2026-01-06
SKU-00387,Item-00387,BR-B,107.99,2026-01-06
SKU-00387,Item-00387,BR-C,79.56,2026-01-06
SKU-00387,Item-00387,BR-D,89.16,2026-01-06
SKU-00387,Item-00387,BR-E,109.38,2026-01-06
SKU-00388,Item-00388,BR-A,41.29,2026-01-06
SKU-00388,Item-00388,BR-B,29.82,2026-01-06
SKU-00388,Item-00388,BR-C,41.56,2026-01-06
SKU-00388,Item-00388,BR-D,35.09,2026-01-06
SKU-00388,Item-00388,BR-E,24.74,2026-01-06
SKU-00389,Item-00389,BR-A,17.09,2026-01-06
SKU-00389,Item-00389,BR-B,26.53,2026-01-06
SKU-00389,Item-00389,BR-C,12.51,2026-01-06
SKU-00389,Item-00389,BR-D,28.45,2026-01-06
SKU-00389,Item-00389,BR-E,27.41,2026-01-06
SKU-00390,Item-00390,BR-A,22.01,2026-01-06
SKU-00390,Item-00390,BR-B,40.33,2026-01-06
SKU-00390,Item-00390,BR-C,24.62,2026-01-06
SKU-00390,Item-00390,BR-D,23.69,2026-01-06
SKU-00390,Item-00390,BR-E,34.18,2026-01-06
SKU-00391,Item-00391,BR-A,155.18,2026-01-06
SKU-00391,Item-00391,BR-B,168.19,2026-01-06
SKU-00391,Item-00391,BR-C,69.54,2026-01-06
SKU-00391,Item-00391,BR-D,112.75,2026-01-06
SKU-00391,Item-00391,BR-E,91.9,2026-01-06
SKU-00392,Item-00392,BR-A,184.68,2026-01-06
SKU-00392,Item-00392,BR-B,133.6,2026-01-06
SKU-00392,Item-00392,BR-C,185.81,2026-01-06
SKU-00392,Item-00392,BR-D,126.59,2026-01-06
SKU-00392,Item-00392,BR-E,227.8,2026-01-06
SKU-00393,Item-00393,BR-A,130.43,2026-01-06
SKU-00393,Item-00393,BR-B,50.53,2026-01-06
SKU-00393,Item-00393,BR-C,56.05,2026-01-06
SKU-00393,Item-00393,BR-D,82.38,2026-01-06
SKU-00393,Item-00393,BR-E,85.43,2026-01-06
SKU-00394,Item-00394,BR-A,49.68,2026-01-06
SKU-00394,Item-00394,BR-B,50.33,2026-01-06
SKU-00394,Item-00394,BR-C,67.64,2026-01-06
SKU-00394,Item-00394,BR-D,82.15,2026-01-06
SKU-00394,Item-00394,BR-E,63.36,2026-01-06
SKU-00395,Item-00395,BR-A,90.7,2026-01-06
SKU-00395,Item-00395,BR-B,81.6,2026-01-06
SKU-00395,Item-00395,BR-C,79.04,2026-01-06
SKU-00395,Item-00395,BR-D,56.47,2026-01-06
SKU-00395,Item-00395,BR-E,68.16,2026-01-06
SKU-00396,Item-00396,BR-A,125.13,2026-01-06
SKU-00396,Item-00396,BR-B,86.3,2026-01-06
SKU-00396,Item-00396,BR-C,183.07,2026-01-06
SKU-00396,Item-00396,BR-D,104.73,2026-01-06
SKU-00396,Item-00396,BR-E,181.89,2026-01-06
SKU-00397,Item-00397,BR-A,185.76,2026-01-06
SKU-00397,Item-00397,BR-B,253.48,2026-01-06
SKU-00397,Item-00397,BR-C,110.99,2026-01-06
SKU-00397,Item-00397,BR-D,226.93,2026-01-06
SKU-00397,Item-00397,BR-E,106.55,2026-01-06
SKU-00398,Item-00398,BR-A,151.32,2026-01-06
SKU-00398,Item-00398,BR-B,73.6,2026-01-06
SKU-00398,Item-00398,BR-C,171.84,2026-01-06
SKU-00398,Item-00398,BR-D,95.99,2026-01-06
SKU-00398,Item-00398,BR-E,179.69,2026-01-06
SKU-00399,Item-00399,BR-A,97.26,2026-01-06
SKU-00399,Item-00399,BR-B,169.63,2026-01-06
SKU-00399,Item-00399,BR-C,116.27,2026-01-06
SKU-00399,Item-00399,BR-D,177.89,2026-01-06
SKU-00399,Item-00399,BR-E,103.61,2026-01-06
SKU-00400,Item-00400,BR-A,42.5,2026-01-06
SKU-00400,Item-00400,BR-B,62.11,2026-01-06
SKU-00400,Item-00400,BR-C,46.46,2026-01-06
SKU-00400,Item-00400,BR-D,37.86,2026-01-06
SKU-00400,Item-00400,BR-E,33.85,2026-01-06
SKU-00001,Cola 1.5L,BR-A,108.02,2026-01-07
SKU-00001,Cola 1.5L,BR-B,106.74,2026-01-07
SKU-00001,Cola 1.5L,BR-C,191.93,2026-01-07
SKU-00001,Cola 1.5L,BR-D,179.51,2026-01-07
SKU-00001,Cola 1.5L,BR-E,212.4,2026-01-07
SKU-00002,Orange Juice 1L,BR-A,17.06,2026-01-07
SKU-00002,Orange Juice 1L,BR-B,13.94,2026-01-07
SKU-00002,Orange Juice 1L,BR-C,14.74,2026-01-07
SKU-00002,Orange Juice 1L,BR-D,9.49,2026-01-07
SKU-00002,Orange Juice 1L,BR-E,14.57,2026-01-07
SKU-00003,Mineral Water 500ml,BR-A,89.08,2026-01-07
SKU-00003,Mineral Water 500ml,BR-B,56.1,2026-01-07
SKU-00003,Mineral Water 500ml,BR-C,57.53,2026-01-07
SKU-00003,Mineral Water 500ml,BR-D,71.87,2026-01-07
SKU-00003,Mineral Water 500ml,BR-E,65.63,2026-01-07
SKU-00004,Energy Drink 250ml,BR-A,48.18,2026-01-07
SKU-00004,Energy Drink 250ml,BR-B,89.58,2026-01-07
SKU-00004,Energy Drink 250ml,BR-C,87.85,2026-01-07
SKU-00004,Energy Drink 250ml,BR-D,79.56,2026-01-07
SKU-00004,Energy Drink 250ml,BR-E,94.24,2026-01-07
SKU-00005,Soda Can,BR-A,281.38,2026-01-07
SKU-00005,Soda Can,BR-B,222.22,2026-01-07
SKU-00005,Soda Can,BR-C,201.55,2026-01-07
SKU-00005,Soda Can,BR-D,250.53,2026-01-07
SKU-00005,Soda Can,BR-E,167.28,2026-01-07
SKU-00006,Apple Juice 1L,BR-A,165.24,2026-01-07
SKU-00006,Apple Juice 1L,BR-B,178.13,2026-01-07
SKU-00006,Apple Juice 1L,BR-C,185.07,2026-01-07
SKU-00006,Apple Juice 1L,BR-D,168.42,2026-01-07
SKU-00006,Apple Juice 1L,BR-E,194.31,2026-01-07
SKU-00007,Tea Bag 100s,BR-A,326.36,2026-01-07
SKU-00007,Tea Bag 100s,BR-B,332.83,2026-01-07
SKU-00007,Tea Bag 100s,BR-C,127.78,2026-01-07
SKU-00007,Tea Bag 100s,BR-D,168.31,2026-01-07
SKU-00007,Tea Bag 100s,BR-E,316.2,2026-01-07
SKU-00008,Coffee 200g,BR-A,43.92,2026-01-07
SKU-00008,Coffee 200g,BR-B,16.24,2026-01-07
SKU-00008,Coffee 200g,BR-C,18.45,2026-01-07
SKU-00008,Coffee 200g,BR-D,37.67,2026-01-07
SKU-00008,Coffee 200g,BR-E,18.6,2026-01-07
SKU-00009,Lemonade 1L,BR-A,75.63,2026-01-07
SKU-00009,Lemonade 1L,BR-B,128.89,2026-01-07
SKU-00009,Lemonade 1L,BR-C,166.01,2026-01-07
SKU-00009,Lemonade 1L,BR-D,88.85,2026-01-07
SKU-00009,Lemonade 1L,BR-E,103.93,2026-01-07
SKU-00010,Iced Tea 500ml,BR-A,14.19,2026-01-07
SKU-00010,Iced Tea 500ml,BR-B,17.43,2026-01-07
SKU-00010,Iced Tea 500ml,BR-C,11.26,2026-01-07
SKU-00010,Iced Tea 500ml,BR-D,11.54,2026-01-07
SKU-00010,Iced Tea 500ml,BR-E,21.31,2026-01-07
SKU-00011,Thermos Flask 500ml,BR-A,40.73,2026-01-07
SKU-00011,Thermos Flask 500ml,BR-B,78.17,2026-01-07
SKU-00011,Thermos Flask 500ml,BR-C,59.03,2026-01-07
SKU-00011,Thermos Flask 500ml,BR-D,33.51,2026-01-07
SKU-00011,Thermos Flask 500ml,BR-E,71.75,2026-01-07
SKU-00012,أكوا 1.5 لتر,BR-A,101.2,2026-01-07
SKU-00012,أكوا 1.5 لتر,BR-B,121.95,2026-01-07
SKU-00012,أكوا 1.5 لتر,BR-C,179.02,2026-01-07
SKU-00012,أكوا 1.5 لتر,BR-D,90.47,2026-01-07
SKU-00012,أكوا 1.5 لتر,BR-E,80.25,2026-01-07
SKU-00013,Sports Drink 600ml,BR-A,11.27,2026-01-07
SKU-00013,Sports Drink 600ml,BR-B,8.08,2026-01-07
SKU-00013,Sports Drink 600ml,BR-C,8.77,2026-01-07
SKU-00013,Sports Drink 600ml,BR-D,14.11,2026-01-07
SKU-00013,Sports Drink 600ml,BR-E,17.37,2026-01-07
SKU-00014,Milk 1L,BR-A,46.99,2026-01-07
SKU-00014,Milk 1L,BR-B,61.36,2026-01-07
SKU-00014,Milk 1L,BR-C,43.52,2026-01-07
SKU-00014,Milk 1L,BR-D,53.27,2026-01-07
SKU-00014,Milk 1L,BR-E,57.84,2026-01-07
SKU-00015,Butter 250g,BR-A,235.68,2026-01-07
SKU-00015,Butter 250g,BR-B,192.61,2026-01-07
SKU-00015,Butter 250g,BR-C,221.71,2026-01-07
SKU-00015,Butter 250g,BR-D,161.92,2026-01-07
SKU-00015,Butter 250g,BR-E,121.4,2026-01-07
SKU-00016,Cheese Slices,BR-A,182.51,2026-01-07
SKU-00016,Cheese Slices,BR-B,214.15,2026-01-07
SKU-00016,Cheese Slices,BR-C,165.67,2026-01-07
SKU-00016,Cheese Slices,BR-D,151.1,2026-01-07
SKU-00016,Cheese Slices,BR-E,88.54,2026-01-07
SKU-00017,Yogurt 500g,BR-A,61.76,2026-01-07
SKU-00017,Yogurt 500g,BR-B,54.52,2026-01-07
SKU-00017,Yogurt 500g,BR-C,59.7,2026-01-07
SKU-00017,Yogurt 500g,BR-D,39.35,2026-01-07
SKU-00017,Yogurt 500g,BR-E,91.87,2026-01-07
SKU-00018,Eggs 12pk,BR-A,192.32,2026-01-07
SKU-00018,Eggs 12pk,BR-B,217.55,2026-01-07
SKU-00018,Eggs 12pk,BR-C,129.75,2026-01-07
SKU-00018,Eggs 12pk,BR-D,164.93,2026-01-07
SKU-00018,Eggs 12pk,BR-E,147.41,2026-01-07
SKU-00019,Cream 200ml,BR-A,272.09,2026-01-07
SKU-00019,Cream 200ml,BR-B,289.53,2026-01-07
SKU-00019,Cream 200ml,BR-C,247.39,2026-01-07
SKU-00019,Cream 200ml,BR-D,278.62,2026-01-07
SKU-00019,Cream 200ml,BR-E,185.39,2026-01-07
SKU-00020,Cheese Block 200g,BR-A,8.44,2026-01-07
SKU-00020,Cheese Block 200g,BR-B,7.65,2026-01-07
SKU-00020,Cheese Block 200g,BR-C,7.98,2026-01-07
SKU-00020,Cheese Block 200g,BR-D,10.89,2026-01-07
SKU-00020,Cheese Block 200g,BR-E,4.79,2026-01-07
SKU-00021,Ghee 1L,BR-A,259.65,2026-01-07
SKU-00021,Ghee 1L,BR-B,138.02,2026-01-07
SKU-00021,Ghee 1L,BR-C,140.61,2026-01-07
SKU-00021,Ghee 1L,BR-D,277.9,2026-01-07
SKU-00021,Ghee 1L,BR-E,117.26,2026-01-07
SKU-00022,Milk Powder 400g,BR-A,106.5,2026-01-07
SKU-00022,Milk Powder 400g,BR-B,134.16,2026-01-07
SKU-00022,Milk Powder 400g,BR-C,280.41,2026-01-07
SKU-00022,Milk Powder 400g,BR-D,194.2,2026-01-07
SKU-00022,Milk Powder 400g,BR-E,136.04,2026-01-07
SKU-00023,الحليب الطازج,BR-A,86.11,2026-01-07
SKU-00023,الحليب الطازج,BR-B,131.9,2026-01-07
SKU-00023,الحليب الطازج,BR-C,58.1,2026-01-07
SKU-00023,الحليب الطازج,BR-D,130.66,2026-01-07
SKU-00023,الحليب الطازج,BR-E,52.44,2026-01-07
SKU-00024,Bread Loaf,BR-A,31.78,2026-01-07
SKU-00024,Bread Loaf,BR-B,45.62,2026-01-07
SKU-00024,Bread Loaf,BR-C,39.41,2026-01-07
SKU-00024,Bread Loaf,BR-D,58.91,2026-01-07
SKU-00024,Bread Loaf,BR-E,29.3,2026-01-07
SKU-00025,Croissant,BR-A,177.93,2026-01-07
SKU-00025,Croissant,BR-B,188.67,2026-01-07
SKU-00025,Croissant,BR-C,357.85,2026-01-07
SKU-00025,Croissant,BR-D,222.86,2026-01-07
SKU-00025,Croissant,BR-E,337.89,2026-01-07
SKU-00026,Pita Bread 6pk,BR-A,96.14,2026-01-07
SKU-00026,Pita Bread 6pk,BR-B,66.25,2026-01-07
SKU-00026,Pita Bread 6pk,BR-C,101.92,2026-01-07
SKU-00026,Pita Bread 6pk,BR-D,93.97,2026-01-07
SKU-00026,Pita Bread 6pk,BR-E,127.2,2026-01-07
SKU-00027,Muffin 4pk,BR-A,28.92,2026-01-07
SKU-00027,Muffin 4pk,BR-B,33.03,2026-01-07
SKU-00027,Muffin 4pk,BR-C,43.27,2026-01-07
SKU-00027,Muffin 4pk,BR-D,34.82,2026-01-07
SKU-00027,Muffin 4pk,BR-E,45.72,2026-01-07
SKU-00028,Baguette,BR-A,42.56,2026-01-07
SKU-00028,Baguette,BR-B,25.75,2026-01-07
SKU-00028,Baguette,BR-C,46.65,2026-01-07
SKU-00028,Baguette,BR-D,20.33,2026-01-07
SKU-00028,Baguette,BR-E,26.18,2026-01-07
SKU-00029,Donuts 6pk,BR-A,241.98,2026-01-07
SKU-00029,Donuts 6pk,BR-B,294.95,2026-01-07
SKU-00029,Donuts 6pk,BR-C,337.31,2026-01-07
SKU-00029,Donuts 6pk,BR-D,291.95,2026-01-07
SKU-00029,Donuts 6pk,BR-E,195.06,2026-01-07
SKU-00030,Cake Slice,BR-A,123.76,2026-01-07
SKU-00030,Cake Slice,BR-B,223.52,2026-01-07
SKU-00030,Cake Slice,BR-C,231.48,2026-01-07
SKU-00030,Cake Slice,BR-D,203.39,2026-01-07
SKU-00030,Cake Slice,BR-E,170.21,2026-01-07
SKU-00031,Cookies Pack,BR-A,199.7,2026-01-07
SKU-00031,Cookies Pack,BR-B,158.43,2026-01-07
SKU-00031,Cookies Pack,BR-C,249.88,2026-01-07
SKU-00031,Cookies Pack,BR-D,243.42,2026-01-07
SKU-00031,Cookies Pack,BR-E,139.89,2026-01-07
SKU-00032,كعكة شوكولاتة,BR-A,122.73,2026-01-07
SKU-00032,كعكة شوكولاتة,BR-B,174.07,2026-01-07
SKU-00032,كعكة شوكولاتة,BR-C,235.45,2026-01-07
SKU-00032,كعكة شوكولاتة,BR-D,106.57,2026-01-07
SKU-00032,كعكة شوكولاتة,BR-E,260.56,2026-01-07
SKU-00033,Apples 1kg,BR-A,149.01,2026-01-07
SKU-00033,Apples 1kg,BR-B,218.23,2026-01-07
SKU-00033,Apples 1kg,BR-C,159.48,2026-01-07
SKU-00033,Apples 1kg,BR-D,85.96,2026-01-07
SKU-00033,Apples 1kg,BR-E,117.95,2026-01-07
SKU-00034,Bananas 1kg,BR-A,281.74,2026-01-07
SKU-00034,Bananas 1kg,BR-B,373.13,2026-01-07
SKU-00034,Bananas 1kg,BR-C,317.34,2026-01-07
SKU-00034,Bananas 1kg,BR-D,251.11,2026-01-07
SKU-00034,Bananas 1kg,BR-E,201.0,2026-01-07
SKU-00035,Potatoes 2kg,BR-A,137.86,2026-01-07
SKU-00035,Potatoes 2kg,BR-B,96.43,2026-01-07
SKU-00035,Potatoes 2kg,BR-C,116.4,2026-01-07
SKU-00035,Potatoes 2kg,BR-D,113.84,2026-01-07
SKU-00035,Potatoes 2kg,BR-E,151.72,2026-01-07
SKU-00036,Onions 1kg,BR-A,140.41,2026-01-07
SKU-00036,Onions 1kg,BR-B,170.23,2026-01-07
SKU-00036,Onions 1kg,BR-C,197.11,2026-01-07
SKU-00036,Onions 1kg,BR-D,206.11,2026-01-07
SKU-00036,Onions 1kg,BR-E,174.96,2026-01-07
SKU-00037,Tomatoes 1kg,BR-A,296.62,2026-01-07
SKU-00037,Tomatoes 1kg,BR-B,255.76,2026-01-07
SKU-00037,Tomatoes 1kg,BR-C,281.28,2026-01-07
SKU-00037,Tomatoes 1kg,BR-D,278.36,2026-01-07
SKU-00037,Tomatoes 1kg,BR-E,263.17,2026-01-07
SKU-00038,Cucumbers 500g,BR-A,212.19,2026-01-07
SKU-00038,Cucumbers 500g,BR-B,227.39,2026-01-07
SKU-00038,Cucumbers 500g,BR-C,102.56,2026-01-07
SKU-00038,Cucumbers 500g,BR-D,173.19,2026-01-07
SKU-00038,Cucumbers 500g,BR-E,111.63,2026-01-07
SKU-00039,Lettuce Head,BR-A,297.32,2026-01-07
SKU-00039,Lettuce Head,BR-B,251.38,2026-01-07
SKU-00039,Lettuce Head,BR-C,264.31,2026-01-07
SKU-00039,Lettuce Head,BR-D,249.01,2026-01-07
SKU-00039,Lettuce Head,BR-E,154.14,2026-01-07
SKU-00040,Carrots 1kg,BR-A,168.75,2026-01-07
SKU-00040,Carrots 1kg,BR-B,127.33,2026-01-07
SKU-00040,Carrots 1kg,BR-C,200.39,2026-01-07
SKU-00040,Carrots 1kg,BR-D,217.98,2026-01-07
SKU-00040,Carrots 1kg,BR-E,169.38,2026-01-07
SKU-00041,Potato Chips 150g,BR-A,246.35,2026-01-07
SKU-00041,Potato Chips 150g,BR-B,258.3,2026-01-07
SKU-00041,Potato Chips 150g,BR-C,276.15,2026-01-07
SKU-00041,Potato Chips 150g,BR-D,264.54,2026-01-07
SKU-00041,Potato Chips 150g,BR-E,119.74,2026-01-07
SKU-00042,Ice Cream 500ml,BR-A,24.89,2026-01-07
SKU-00042,Ice Cream 500ml,BR-B,24.31,2026-01-07
SKU-00042,Ice Cream 500ml,BR-C,13.76,2026-01-07
SKU-00042,Ice Cream 500ml,BR-D,23.83,2026-01-07
SKU-00042,Ice Cream 500ml,BR-E,23.76,2026-01-07
SKU-00043,Frozen Peas 500g,BR-A,62.19,2026-01-07
SKU-00043,Frozen Peas 500g,BR-B,70.79,2026-01-07
SKU-00043,Frozen Peas 500g,BR-C,96.27,2026-01-07
SKU-00043,Frozen Peas 500g,BR-D,38.1,2026-01-07
SKU-00043,Frozen Peas 500g,BR-E,74.54,2026-01-07
SKU-00044,Frozen Pizza,BR-A,44.81,2026-01-07
SKU-00044,Frozen Pizza,BR-B,87.51,2026-01-07
SKU-00044,Frozen Pizza,BR-C,55.35,2026-01-07
SKU-00044,Frozen Pizza,BR-D,94.08,2026-01-07
SKU-00044,Frozen Pizza,BR-E,79.47,2026-01-07
SKU-00045,Chicken Fingers 500g,BR-A,25.61,2026-01-07
SKU-00045,Chicken Fingers 500g,BR-B,38.3,2026-01-07
SKU-00045,Chicken Fingers 500g,BR-C,31.61,2026-01-07
SKU-00045,Chicken Fingers 500g,BR-D,19.08,2026-01-07
SKU-00045,Chicken Fingers 500g,BR-E,20.2,2026-01-07
SKU-00046,Fish Fingers 500g,BR-A,72.08,2026-01-07
SKU-00046,Fish Fingers 500g,BR-B,100.45,2026-01-07
SKU-00046,Fish Fingers 500g,BR-C,50.23,2026-01-07
SKU-00046,Fish Fingers 500g,BR-D,75.03,2026-01-07
SKU-00046,Fish Fingers 500g,BR-E,56.62,2026-01-07
SKU-00047,Frozen Veg Mix 450g,BR-A,38.56,2026-01-07
SKU-00047,Frozen Veg Mix 450g,BR-B,46.44,2026-01-07
SKU-00047,Frozen Veg Mix 450g,BR-C,38.17,2026-01-07
SKU-00047,Frozen Veg Mix 450g,BR-D,46.14,2026-01-07
SKU-00047,Frozen Veg Mix 450g,BR-E,33.99,2026-01-07
SKU-00048,مجمدات متنوعة,BR-A,92.02,2026-01-07
SKU-00048,مجمدات متنوعة,BR-B,84.63,2026-01-07
SKU-00048,مجمدات متنوعة,BR-C,42.79,2026-01-07
SKU-00048,مجمدات متنوعة,BR-D,104.45,2026-01-07
SKU-00048,مجمدات متنوعة,BR-E,63.35,2026-01-07
SKU-00049,Detergent 1L,BR-A,90.82,2026-01-07
SKU-00049,Detergent 1L,BR-B,148.1,2026-01-07
SKU-00049,Detergent 1L,BR-C,158.63,2026-01-07
SKU-00049,Detergent 1L,BR-D,201.58,2026-01-07
SKU-00049,Detergent 1L,BR-E,254.91,2026-01-07
SKU-00050,Toilet Paper 6pk,BR-A,142.53,2026-01-07
SKU-00050,Toilet Paper 6pk,BR-B,109.29,2026-01-07
SKU-00050,Toilet Paper 6pk,BR-C,96.22,2026-01-07
SKU-00050,Toilet Paper 6pk,BR-D,56.23,2026-01-07
SKU-00050,Toilet Paper 6pk,BR-E,132.87,2026-01-07
SKU-00051,Hand Soap,BR-A,132.73,2026-01-07
SKU-00051,Hand Soap,BR-B,94.81,2026-01-07
SKU-00051,Hand Soap,BR-C,130.63,2026-01-07
SKU-00051,Hand Soap,BR-D,108.69,2026-01-07
SKU-00051,Hand Soap,BR-E,68.75,2026-01-07
SKU-00052,Shampoo 400ml,BR-A,71.57,2026-01-07
SKU-00052,Shampoo 400ml,BR-B,37.71,2026-01-07
SKU-00052,Shampoo 400ml,BR-C,64.99,2026-01-07
SKU-00052,Shampoo 400ml,BR-D,66.32,2026-01-07
SKU-00052,Shampoo 400ml,BR-E,52.7,2026-01-07
SKU-00053,Toothpaste 100ml,BR-A,86.76,2026-01-07
SKU-00053,Toothpaste 100ml,BR-B,108.52,2026-01-07
SKU-00053,Toothpaste 100ml,BR-C,56.05,2026-01-07
SKU-00053,Toothpaste 100ml,BR-D,81.67,2026-01-07
SKU-00053,Toothpaste 100ml,BR-E,100.0,2026-01-07
SKU-00054,Cleaning Spray,BR-A,155.28,2026-01-07
SKU-00054,Cleaning Spray,BR-B,333.89,2026-01-07
SKU-00054,Cleaning Spray,BR-C,346.49,2026-01-07
SKU-00054,Cleaning Spray,BR-D,318.25,2026-01-07
SKU-00054,Cleaning Spray,BR-E,328.19,2026-01-07
SKU-00055,Garbage Bags 30pk,BR-A,145.57,2026-01-07
SKU-00055,Garbage Bags 30pk,BR-B,149.52,2026-01-07
SKU-00055,Garbage Bags 30pk,BR-C,249.79,2026-01-07
SKU-00055,Garbage Bags 30pk,BR-D,112.51,2026-01-07
SKU-00055,Garbage Bags 30pk,BR-E,236.03,2026-01-07
SKU-00056,Chips 150g,BR-A,211.75,2026-01-07
SKU-00056,Chips 150g,BR-B,150.82,2026-01-07
SKU-00056,Chips 150g,BR-C,110.63,2026-01-07
SKU-00056,Chips 150g,BR-D,181.23,2026-01-07
SKU-00056,Chips 150g,BR-E,211.09,2026-01-07
SKU-00057,Chocolate Bar,BR-A,69.3,2026-01-07
SKU-00057,Chocolate Bar,BR-B,40.45,2026-01-07
SKU-00057,Chocolate Bar,BR-C,71.76,2026-01-07
SKU-00057,Chocolate Bar,BR-D,69.54,2026-01-07
SKU-00057,Chocolate Bar,BR-E,68.44,2026-01-07
SKU-00058,Biscuits Pack,BR-A,134.47,2026-01-07
SKU-00058,Biscuits Pack,BR-B,247.01,2026-01-07
SKU-00058,Biscuits Pack,BR-C,103.23,2026-01-07
SKU-00058,Biscuits Pack,BR-D,230.81,2026-01-07
SKU-00058,Biscuits Pack,BR-E,201.38,2026-01-07
SKU-00059,Gum Pack,BR-A,54.63,2026-01-07
SKU-00059,Gum Pack,BR-B,69.36,2026-01-07
SKU-00059,Gum Pack,BR-C,44.5,2026-01-07
SKU-00059,Gum Pack,BR-D,73.73,2026-01-07
SKU-00059,Gum Pack,BR-E,31.43,2026-01-07
SKU-00060,Nuts Mix 200g,BR-A,155.91,2026-01-07
SKU-00060,Nuts Mix 200g,BR-B,95.06,2026-01-07
SKU-00060,Nuts Mix 200g,BR-C,76.05,2026-01-07
SKU-00060,Nuts Mix 200g,BR-D,63.64,2026-01-07
SKU-00060,Nuts Mix 200g,BR-E,75.16,2026-01-07
SKU-00061,Popcorn 100g,BR-A,296.1,2026-01-07
SKU-00061,Popcorn 100g,BR-B,350.58,2026-01-07
SKU-00061,Popcorn 100g,BR-C,350.52,2026-01-07
SKU-00061,Popcorn 100g,BR-D,145.16,2026-01-07
SKU-00061,Popcorn 100g,BR-E,381.93,2026-01-07
SKU-00062,Pretzels 200g,BR-A,154.17,2026-01-07
SKU-00062,Pretzels 200g,BR-B,100.31,2026-01-07
SKU-00062,Pretzels 200g,BR-C,200.25,2026-01-07
SKU-00062,Pretzels 200g,BR-D,104.38,2026-01-07
SKU-00062,Pretzels 200g,BR-E,197.14,2026-01-07
SKU-00063,Candy Assorted,BR-A,90.32,2026-01-07
SKU-00063,Candy Assorted,BR-B,188.47,2026-01-07
SKU-00063,Candy Assorted,BR-C,87.54,2026-01-07
SKU-00063,Candy Assorted,BR-D,139.74,2026-01-07
SKU-00063,Candy Assorted,BR-E,105.69,2026-01-07
SKU-00064,Chicken Breast 1kg,BR-A,210.3,2026-01-07
SKU-00064,Chicken Breast 1kg,BR-B,132.22,2026-01-07
SKU-00064,Chicken Breast 1kg,BR-C,201.82,2026-01-07
SKU-00064,Chicken Breast 1kg,BR-D,176.77,2026-01-07
SKU-00064,Chicken Breast 1kg,BR-E,170.97,2026-01-07
SKU-00065,Beef Mince 500g,BR-A,150.21,2026-01-07
SKU-00065,Beef Mince 500g,BR-B,279.34,2026-01-07
SKU-00065,Beef Mince 500g,BR-C,167.14,2026-01-07
SKU-00065,Beef Mince 500g,BR-D,180.2,2026-01-07
SKU-00065,Beef Mince 500g,BR-E,122.28,2026-01-07
SKU-00066,Lamb Chops 500g,BR-A,210.04,2026-01-07
SKU-00066,Lamb Chops 500g,BR-B,199.36,2026-01-07
SKU-00066,Lamb Chops 500g,BR-C,166.61,2026-01-07
SKU-00066,Lamb Chops 500g,BR-D,142.39,2026-01-07
SKU-00066,Lamb Chops 500g,BR-E,254.55,2026-01-07
SKU-00067,Sausages 400g,BR-A,63.8,2026-01-07
SKU-00067,Sausages 400g,BR-B,43.82,2026-01-07
SKU-00067,Sausages 400g,BR-C,60.84,2026-01-07
SKU-00067,Sausages 400g,BR-D,90.55,2026-01-07
SKU-00067,Sausages 400g,BR-E,78.17,2026-01-07
SKU-00068,Bacon 200g,BR-A,16.67,2026-01-07
SKU-00068,Bacon 200g,BR-B,12.97,2026-01-07
SKU-00068,Bacon 200g,BR-C,16.07,2026-01-07
SKU-00068,Bacon 200g,BR-D,9.26,2026-01-07
SKU-00068,Bacon 200g,BR-E,20.73,2026-01-07
SKU-00069,Fish Fillet 500g,BR-A,109.23,2026-01-07
SKU-00069,Fish Fillet 500g,BR-B,117.96,2026-01-07
SKU-00069,Fish Fillet 500g,BR-C,126.33,2026-01-07
SKU-00069,Fish Fillet 500g,BR-D,126.35,2026-01-07
SKU-00069,Fish Fillet 500g,BR-E,131.44,2026-01-07
SKU-00070,دجاج كامل,BR-A,82.08,2026-01-07
SKU-00070,دجاج كامل,BR-B,109.38,2026-01-07
SKU-00070,دجاج كامل,BR-C,45.01,2026-01-07
SKU-00070,دجاج كامل,BR-D,97.87,2026-01-07
SKU-00070,دجاج كامل,BR-E,41.73,2026-01-07
SKU-00071,Rice 5kg,BR-A,88.4,2026-01-07
SKU-00071,Rice 5kg,BR-B,72.7,2026-01-07
SKU-00071,Rice 5kg,BR-C,48.02,2026-01-07
SKU-00071,Rice 5kg,BR-D,90.42,2026-01-07
SKU-00071,Rice 5kg,BR-E,44.16,2026-01-07
SKU-00072,Sugar 1kg,BR-A,243.69,2026-01-07
SKU-00072,Sugar 1kg,BR-B,154.13,2026-01-07
SKU-00072,Sugar 1kg,BR-C,164.81,2026-01-07
SKU-00072,Sugar 1kg,BR-D,360.95,2026-01-07
SKU-00072,Sugar 1kg,BR-E,220.11,2026-01-07
SKU-00073,Pasta 500g,BR-A,335.93,2026-01-07
SKU-00073,Pasta 500g,BR-B,169.46,2026-01-07
SKU-00073,Pasta 500g,BR-C,332.55,2026-01-07
SKU-00073,Pasta 500g,BR-D,214.9,2026-01-07
SKU-00073,Pasta 500g,BR-E,229.96,2026-01-07
SKU-00074,Flour 2kg,BR-A,126.51,2026-01-07
SKU-00074,Flour 2kg,BR-B,86.55,2026-01-07
SKU-00074,Flour 2kg,BR-C,64.17,2026-01-07
SKU-00074,Flour 2kg,BR-D,132.46,2026-01-07
SKU-00074,Flour 2kg,BR-E,124.83,2026-01-07
SKU-00075,Cooking Oil 1L,BR-A,210.02,2026-01-07
SKU-00075,Cooking Oil 1L,BR-B,106.53,2026-01-07
SKU-00075,Cooking Oil 1L,BR-C,121.17,2026-01-07
SKU-00075,Cooking Oil 1L,BR-D,158.53,2026-01-07
SKU-00075,Cooking Oil 1L,BR-E,130.75,2026-01-07
SKU-00076,Canned Beans 400g,BR-A,102.5,2026-01-07
SKU-00076,Canned Beans 400g,BR-B,145.54,2026-01-07
SKU-00076,Canned Beans 400g,BR-C,162.02,2026-01-07
SKU-00076,Canned Beans 400g,BR-D,91.38,2026-01-07
SKU-00076,Canned Beans 400g,BR-E,107.39,2026-01-07
SKU-00077,Canned Tuna 185g,BR-A,258.44,2026-01-07
SKU-00077,Canned Tuna 185g,BR-B,360.98,2026-01-07
SKU-00077,Canned Tuna 185g,BR-C,217.9,2026-01-07
SKU-00077,Canned Tuna 185g,BR-D,173.68,2026-01-07
SKU-00077,Canned Tuna 185g,BR-E,234.94,2026-01-07
SKU-00078,Salt 1kg,BR-A,175.66,2026-01-07
SKU-00078,Salt 1kg,BR-B,133.13,2026-01-07
SKU-00078,Salt 1kg,BR-C,103.88,2026-01-07
SKU-00078,Salt 1kg,BR-D,138.95,2026-01-07
SKU-00078,Salt 1kg,BR-E,155.34,2026-01-07
SKU-00079,Soy Sauce 250ml,BR-A,52.12,2026-01-07
SKU-00079,Soy Sauce 250ml,BR-B,82.35,2026-01-07
SKU-00079,Soy Sauce 250ml,BR-C,43.21,2026-01-07
SKU-00079,Soy Sauce 250ml,BR-D,103.38,2026-01-07
SKU-00079,Soy Sauce 250ml,BR-E,61.36,2026-01-07
SKU-00080,زيت زيتون 1 لتر,BR-A,40.14,2026-01-07
SKU-00080,زيت زيتون 1 لتر,BR-B,93.6,2026-01-07
SKU-00080,زيت زيتون 1 لتر,BR-C,66.93,2026-01-07
SKU-00080,زيت زيتون 1 لتر,BR-D,56.83,2026-01-07
SKU-00080,زيت زيتون 1 لتر,BR-E,40.82,2026-01-07
SKU-00081,Item-00081,BR-A,110.06,2026-01-07
SKU-00081,Item-00081,BR-B,135.66,2026-01-07
SKU-00081,Item-00081,BR-C,152.33,2026-01-07
SKU-00081,Item-00081,BR-D,104.13,2026-01-07
SKU-00081,Item-00081,BR-E,119.22,2026-01-07
SKU-00082,Item-00082,BR-A,215.0,2026-01-07
SKU-00082,Item-00082,BR-B,211.68,2026-01-07
SKU-00082,Item-00082,BR-C,187.61,2026-01-07
SKU-00082,Item-00082,BR-D,152.23,2026-01-07
SKU-00082,Item-00082,BR-E,154.24,2026-01-07
SKU-00083,Item-00083,BR-A,255.11,2026-01-07
SKU-00083,Item-00083,BR-B,107.69,2026-01-07
SKU-00083,Item-00083,BR-C,240.86,2026-01-07
SKU-00083,Item-00083,BR-D,206.66,2026-01-07
SKU-00083,Item-00083,BR-E,248.62,2026-01-07
SKU-00084,Item-00084,BR-A,104.68,2026-01-07
SKU-00084,Item-00084,BR-B,82.37,2026-01-07
SKU-00084,Item-00084,BR-C,99.78,2026-01-07
SKU-00084,Item-00084,BR-D,46.82,2026-01-07
SKU-00084,Item-00084,BR-E,53.47,2026-01-07
SKU-00085,Item-00085,BR-A,107.13,2026-01-07
SKU-00085,Item-00085,BR-B,153.13,2026-01-07
SKU-00085,Item-00085,BR-C,71.91,2026-01-07
SKU-00085,Item-00085,BR-D,109.84,2026-01-07
SKU-00085,Item-00085,BR-E,128.92,2026-01-07
SKU-00086,Item-00086,BR-A,152.75,2026-01-07
SKU-00086,Item-00086,BR-B,188.33,2026-01-07
SKU-00086,Item-00086,BR-C,169.83,2026-01-07
SKU-00086,Item-00086,BR-D,114.56,2026-01-07
SKU-00086,Item-00086,BR-E,143.06,2026-01-07
SKU-00087,Item-00087,BR-A,45.24,2026-01-07
SKU-00087,Item-00087,BR-B,46.85,2026-01-07
SKU-00087,Item-00087,BR-C,35.73,2026-01-07
SKU-00087,Item-00087,BR-D,46.91,2026-01-07
SKU-00087,Item-00087,BR-E,45.96,2026-01-07
SKU-00088,Item-00088,BR-A,111.09,2026-01-07
SKU-00088,Item-00088,BR-B,189.37,2026-01-07
SKU-00088,Item-00088,BR-C,133.01,2026-01-07
SKU-00088,Item-00088,BR-D,88.11,2026-01-07
SKU-00088,Item-00088,BR-E,119.11,2026-01-07
SKU-00089,Item-00089,BR-A,151.95,2026-01-07
SKU-00089,Item-00089,BR-B,176.66,2026-01-07
SKU-00089,Item-00089,BR-C,66.19,2026-01-07
SKU-00089,Item-00089,BR-D,156.12,2026-01-07
SKU-00089,Item-00089,BR-E,132.89,2026-01-07
SKU-00090,Item-00090,BR-A,96.62,2026-01-07
SKU-00090,Item-00090,BR-B,74.31,2026-01-07
SKU-00090,Item-00090,BR-C,93.67,2026-01-07
SKU-00090,Item-00090,BR-D,117.77,2026-01-07
SKU-00090,Item-00090,BR-E,76.22,2026-01-07
SKU-00091,Item-00091,BR-A,130.1,2026-01-07
SKU-00091,Item-00091,BR-B,98.86,2026-01-07
SKU-00091,Item-00091,BR-C,155.11,2026-01-07
SKU-00091,Item-00091,BR-D,81.34,2026-01-07
SKU-00091,Item-00091,BR-E,99.11,2026-01-07
SKU-00092,Item-00092,BR-A,221.94,2026-01-07
SKU-00092,Item-00092,BR-B,115.32,2026-01-07
SKU-00092,Item-00092,BR-C,224.05,2026-01-07
SKU-00092,Item-00092,BR-D,152.11,2026-01-07
SKU-00092,Item-00092,BR-E,91.03,2026-01-07
SKU-00093,Item-00093,BR-A,144.49,2026-01-07
SKU-00093,Item-00093,BR-B,83.39,2026-01-07
SKU-00093,Item-00093,BR-C,184.67,2026-01-07
SKU-00093,Item-00093,BR-D,96.26,2026-01-07
SKU-00093,Item-00093,BR-E,156.35,2026-01-07
SKU-00094,Item-00094,BR-A,116.23,2026-01-07
SKU-00094,Item-00094,BR-B,93.6,2026-01-07
SKU-00094,Item-00094,BR-C,205.35,2026-01-07
SKU-00094,Item-00094,BR-D,163.3,2026-01-07
SKU-00094,Item-00094,BR-E,160.73,2026-01-07
SKU-00095,Item-00095,BR-A,81.57,2026-01-07
SKU-00095,Item-00095,BR-B,128.77,2026-01-07
SKU-00095,Item-00095,BR-C,225.16,2026-01-07
SKU-00095,Item-00095,BR-D,217.52,2026-01-07
SKU-00095,Item-00095,BR-E,180.62,2026-01-07
SKU-00096,Item-00096,BR-A,23.79,2026-01-07
SKU-00096,Item-00096,BR-B,17.37,2026-01-07
SKU-00096,Item-00096,BR-C,15.42,2026-01-07
SKU-00096,Item-00096,BR-D,30.01,2026-01-07
SKU-00096,Item-00096,BR-E,37.21,2026-01-07
SKU-00097,Item-00097,BR-A,20.82,2026-01-07
SKU-00097,Item-00097,BR-B,37.78,2026-01-07
SKU-00097,Item-00097,BR-C,29.49,2026-01-07
SKU-00097,Item-00097,BR-D,31.89,2026-01-07
SKU-00097,Item-00097,BR-E,33.9,2026-01-07
SKU-00098,Item-00098,BR-A,210.85,2026-01-07
SKU-00098,Item-00098,BR-B,107.58,2026-01-07
SKU-00098,Item-00098,BR-C,210.19,2026-01-07
SKU-00098,Item-00098,BR-D,244.06,2026-01-07
SKU-00098,Item-00098,BR-E,150.23,2026-01-07
SKU-00099,Item-00099,BR-A,183.68,2026-01-07
SKU-00099,Item-00099,BR-B,217.63,2026-01-07
SKU-00099,Item-00099,BR-C,156.91,2026-01-07
SKU-00099,Item-00099,BR-D,205.83,2026-01-07
SKU-00099,Item-00099,BR-E,105.2,2026-01-07
SKU-00100,Item-00100,BR-A,70.29,2026-01-07
SKU-00100,Item-00100,BR-B,144.32,2026-01-07
SKU-00100,Item-00100,BR-C,58.13,2026-01-07
SKU-00100,Item-00100,BR-D,87.7,2026-01-07
SKU-00100,Item-00100,BR-E,57.74,2026-01-07
SKU-00101,Item-00101,BR-A,194.76,2026-01-07
SKU-00101,Item-00101,BR-B,215.96,2026-01-07
SKU-00101,Item-00101,BR-C,204.49,2026-01-07
SKU-00101,Item-00101,BR-D,184.05,2026-01-07
SKU-00101,Item-00101,BR-E,257.74,2026-01-07
SKU-00102,Item-00102,BR-A,187.22,2026-01-07
SKU-00102,Item-00102,BR-B,202.57,2026-01-07
SKU-00102,Item-00102,BR-C,172.26,2026-01-07
SKU-00102,Item-00102,BR-D,136.76,2026-01-07
SKU-00102,Item-00102,BR-E,110.1,2026-01-07
SKU-00103,Item-00103,BR-A,170.87,2026-01-07
SKU-00103,Item-00103,BR-B,105.36,2026-01-07
SKU-00103,Item-00103,BR-C,153.18,2026-01-07
SKU-00103,Item-00103,BR-D,126.34,2026-01-07
SKU-00103,Item-00103,BR-E,140.45,2026-01-07
SKU-00104,Item-00104,BR-A,89.4,2026-01-07
SKU-00104,Item-00104,BR-B,61.98,2026-01-07
SKU-00104,Item-00104,BR-C,74.67,2026-01-07
SKU-00104,Item-00104,BR-D,81.75,2026-01-07
SKU-00104,Item-00104,BR-E,75.12,2026-01-07
SKU-00105,Item-00105,BR-A,144.3,2026-01-07
SKU-00105,Item-00105,BR-B,155.28,2026-01-07
SKU-00105,Item-00105,BR-C,132.0,2026-01-07
SKU-00105,Item-00105,BR-D,104.84,2026-01-07
SKU-00105,Item-00105,BR-E,95.8,2026-01-07
SKU-00106,Item-00106,BR-A,128.72,2026-01-07
SKU-00106,Item-00106,BR-B,257.2,2026-01-07
SKU-00106,Item-00106,BR-C,168.66,2026-01-07
SKU-00106,Item-00106,BR-D,166.66,2026-01-07
SKU-00106,Item-00106,BR-E,131.76,2026-01-07
SKU-00107,Item-00107,BR-A,127.15,2026-01-07
SKU-00107,Item-00107,BR-B,116.22,2026-01-07
SKU-00107,Item-00107,BR-C,54.91,2026-01-07
SKU-00107,Item-00107,BR-D,112.22,2026-01-07
SKU-00107,Item-00107,BR-E,79.09,2026-01-07
SKU-00108,Item-00108,BR-A,239.32,2026-01-07
SKU-00108,Item-00108,BR-B,272.58,2026-01-07
SKU-00108,Item-00108,BR-C,109.24,2026-01-07
SKU-00108,Item-00108,BR-D,211.66,2026-01-07
SKU-00108,Item-00108,BR-E,274.36,2026-01-07
SKU-00109,Item-00109,BR-A,51.32,2026-01-07
SKU-00109,Item-00109,BR-B,53.17,2026-01-07
SKU-00109,Item-00109,BR-C,45.83,2026-01-07
SKU-00109,Item-00109,BR-D,34.18,2026-01-07
SKU-00109,Item-00109,BR-E,57.71,2026-01-07
SKU-00110,Item-00110,BR-A,249.66,2026-01-07
SKU-00110,Item-00110,BR-B,179.33,2026-01-07
SKU-00110,Item-00110,BR-C,215.86,2026-01-07
SKU-00110,Item-00110,BR-D,118.9,2026-01-07
SKU-00110,Item-00110,BR-E,235.71,2026-01-07
SKU-00111,Item-00111,BR-A,17.41,2026-01-07
SKU-00111,Item-00111,BR-B,22.62,2026-01-07
SKU-00111,Item-00111,BR-C,20.94,2026-01-07
SKU-00111,Item-00111,BR-D,26.13,2026-01-07
SKU-00111,Item-00111,BR-E,26.95,2026-01-07
SKU-00112,Item-00112,BR-A,171.19,2026-01-07
SKU-00112,Item-00112,BR-B,195.08,2026-01-07
SKU-00112,Item-00112,BR-C,86.2,2026-01-07
SKU-00112,Item-00112,BR-D,189.0,2026-01-07
SKU-00112,Item-00112,BR-E,195.21,2026-01-07
SKU-00113,Item-00113,BR-A,200.0,2026-01-07
SKU-00113,Item-00113,BR-B,136.33,2026-01-07
SKU-00113,Item-00113,BR-C,185.44,2026-01-07
SKU-00113,Item-00113,BR-D,213.62,2026-01-07
SKU-00113,Item-00113,BR-E,180.64,2026-01-07
SKU-00114,Item-00114,BR-A,182.81,2026-01-07
SKU-00114,Item-00114,BR-B,168.22,2026-01-07
SKU-00114,Item-00114,BR-C,120.72,2026-01-07
SKU-00114,Item-00114,BR-D,164.6,2026-01-07
SKU-00114,Item-00114,BR-E,113.14,2026-01-07
SKU-00115,Item-00115,BR-A,35.32,2026-01-07
SKU-00115,Item-00115,BR-B,20.47,2026-01-07
SKU-00115,Item-00115,BR-C,43.0,2026-01-07
SKU-00115,Item-00115,BR-D,25.07,2026-01-07
SKU-00115,Item-00115,BR-E,51.04,2026-01-07
SKU-00116,Item-00116,BR-A,121.84,2026-01-07
SKU-00116,Item-00116,BR-B,219.16,2026-01-07
SKU-00116,Item-00116,BR-C,237.24,2026-01-07
SKU-00116,Item-00116,BR-D,137.61,2026-01-07
SKU-00116,Item-00116,BR-E,122.98,2026-01-07
SKU-00117,Item-00117,BR-A,199.92,2026-01-07
SKU-00117,Item-00117,BR-B,188.08,2026-01-07
SKU-00117,Item-00117,BR-C,175.54,2026-01-07
SKU-00117,Item-00117,BR-D,127.78,2026-01-07
SKU-00117,Item-00117,BR-E,256.93,2026-01-07
SKU-00118,Item-00118,BR-A,170.41,2026-01-07
SKU-00118,Item-00118,BR-B,107.32,2026-01-07
SKU-00118,Item-00118,BR-C,116.35,2026-01-07
SKU-00118,Item-00118,BR-D,220.83,2026-01-07
SKU-00118,Item-00118,BR-E,181.1,2026-01-07
SKU-00119,Item-00119,BR-A,179.07,2026-01-07
SKU-00119,Item-00119,BR-B,194.12,2026-01-07
SKU-00119,Item-00119,BR-C,186.11,2026-01-07
SKU-00119,Item-00119,BR-D,191.82,2026-01-07
SKU-00119,Item-00119,BR-E,106.6,2026-01-07
SKU-00120,Item-00120,BR-A,287.07,2026-01-07
SKU-00120,Item-00120,BR-B,210.52,2026-01-07
SKU-00120,Item-00120,BR-C,279.49,2026-01-07
SKU-00120,Item-00120,BR-D,215.64,2026-01-07
SKU-00120,Item-00120,BR-E,124.52,2026-01-07
SKU-00121,Item-00121,BR-A,82.66,2026-01-07
SKU-00121,Item-00121,BR-B,70.03,2026-01-07
SKU-00121,Item-00121,BR-C,107.15,2026-01-07
SKU-00121,Item-00121,BR-D,127.44,2026-01-07
SKU-00121,Item-00121,BR-E,63.53,2026-01-07
SKU-00122,Item-00122,BR-A,117.28,2026-01-07
SKU-00122,Item-00122,BR-B,113.76,2026-01-07
SKU-00122,Item-00122,BR-C,132.68,2026-01-07
SKU-00122,Item-00122,BR-D,64.63,2026-01-07
SKU-00122,Item-00122,BR-E,133.84,2026-01-07
SKU-00123,Item-00123,BR-A,43.41,2026-01-07
SKU-00123,Item-00123,BR-B,70.53,2026-01-07
SKU-00123,Item-00123,BR-C,33.24,2026-01-07
SKU-00123,Item-00123,BR-D,69.48,2026-01-07
SKU-00123,Item-00123,BR-E,35.57,2026-01-07
SKU-00124,Item-00124,BR-A,9.78,2026-01-07
SKU-00124,Item-00124,BR-B,6.99,2026-01-07
SKU-00124,Item-00124,BR-C,9.09,2026-01-07
SKU-00124,Item-00124,BR-D,9.71,2026-01-07
SKU-00124,Item-00124,BR-E,5.08,2026-01-07
SKU-00125,Item-00125,BR-A,66.92,2026-01-07
SKU-00125,Item-00125,BR-B,70.71,2026-01-07
SKU-00125,Item-00125,BR-C,30.84,2026-01-07
SKU-00125,Item-00125,BR-D,59.76,2026-01-07
SKU-00125,Item-00125,BR-E,43.42,2026-01-07
SKU-00126,Item-00126,BR-A,3.01,2026-01-07
SKU-00126,Item-00126,BR-B,6.31,2026-01-07
SKU-00126,Item-00126,BR-C,5.64,2026-01-07
SKU-00126,Item-00126,BR-D,7.97,2026-01-07
SKU-00126,Item-00126,BR-E,7.93,2026-01-07
SKU-00127,Item-00127,BR-A,52.34,2026-01-07
SKU-00127,Item-00127,BR-B,26.44,2026-01-07
SKU-00127,Item-00127,BR-C,40.98,2026-01-07
SKU-00127,Item-00127,BR-D,48.96,2026-01-07
SKU-00127,Item-00127,BR-E,58.14,2026-01-07
SKU-00128,Item-00128,BR-A,229.34,2026-01-07
SKU-00128,Item-00128,BR-B,128.3,2026-01-07
SKU-00128,Item-00128,BR-C,123.24,2026-01-07
SKU-00128,Item-00128,BR-D,196.24,2026-01-07
SKU-00128,Item-00128,BR-E,110.76,2026-01-07
SKU-00129,Item-00129,BR-A,124.04,2026-01-07
SKU-00129,Item-00129,BR-B,107.37,2026-01-07
SKU-00129,Item-00129,BR-C,113.97,2026-01-07
SKU-00129,Item-00129,BR-D,149.67,2026-01-07
SKU-00129,Item-00129,BR-E,66.59,2026-01-07
SKU-00130,Item-00130,BR-A,134.28,2026-01-07
SKU-00130,Item-00130,BR-B,134.68,2026-01-07
SKU-00130,Item-00130,BR-C,77.08,2026-01-07
SKU-00130,Item-00130,BR-D,139.59,2026-01-07
SKU-00130,Item-00130,BR-E,163.71,2026-01-07
SKU-00131,Item-00131,BR-A,119.88,2026-01-07
SKU-00131,Item-00131,BR-B,86.4,2026-01-07
SKU-00131,Item-00131,BR-C,61.64,2026-01-07
SKU-00131,Item-00131,BR-D,147.33,2026-01-07
SKU-00131,Item-00131,BR-E,80.1,2026-01-07
SKU-00132,Item-00132,BR-A,42.56,2026-01-07
SKU-00132,Item-00132,BR-B,43.45,2026-01-07
SKU-00132,Item-00132,BR-C,49.91,2026-01-07
SKU-00132,Item-00132,BR-D,43.53,2026-01-07
SKU-00132,Item-00132,BR-E,43.58,2026-01-07
SKU-00133,Item-00133,BR-A,102.15,2026-01-07
SKU-00133,Item-00133,BR-B,200.51,2026-01-07
SKU-00133,Item-00133,BR-C,143.11,2026-01-07
SKU-00133,Item-00133,BR-D,225.38,2026-01-07
SKU-00133,Item-00133,BR-E,214.53,2026-01-07
SKU-00134,Item-00134,BR-A,22.28,2026-01-07
SKU-00134,Item-00134,BR-B,30.41,2026-01-07
SKU-00134,Item-00134,BR-C,23.35,2026-01-07
SKU-00134,Item-00134,BR-D,17.06,2026-01-07
SKU-00134,Item-00134,BR-E,21.19,2026-01-07
SKU-00135,Item-00135,BR-A,99.57,2026-01-07
SKU-00135,Item-00135,BR-B,41.85,2026-01-07
SKU-00135,Item-00135,BR-C,107.32,2026-01-07
SKU-00135,Item-00135,BR-D,57.61,2026-01-07
SKU-00135,Item-00135,BR-E,99.21,2026-01-07
SKU-00136,Item-00136,BR-A,115.17,2026-01-07
SKU-00136,Item-00136,BR-B,110.15,2026-01-07
SKU-00136,Item-00136,BR-C,60.36,2026-01-07
SKU-00136,Item-00136,BR-D,138.78,2026-01-07
SKU-00136,Item-00136,BR-E,124.05,2026-01-07
SKU-00137,Item-00137,BR-A,76.07,2026-01-07
SKU-00137,Item-00137,BR-B,118.32,2026-01-07
SKU-00137,Item-00137,BR-C,131.95,2026-01-07
SKU-00137,Item-00137,BR-D,153.04,2026-01-07
SKU-00137,Item-00137,BR-E,197.1,2026-01-07
SKU-00138,Item-00138,BR-A,10.22,2026-01-07
SKU-00138,Item-00138,BR-B,17.48,2026-01-07
SKU-00138,Item-00138,BR-C,15.65,2026-01-07
SKU-00138,Item-00138,BR-D,9.26,2026-01-07
SKU-00138,Item-00138,BR-E,19.66,2026-01-07
SKU-00139,Item-00139,BR-A,105.14,2026-01-07
SKU-00139,Item-00139,BR-B,159.5,2026-01-07
SKU-00139,Item-00139,BR-C,127.12,2026-01-07
SKU-00139,Item-00139,BR-D,104.85,2026-01-07
SKU-00139,Item-00139,BR-E,217.03,2026-01-07
SKU-00140,Item-00140,BR-A,54.84,2026-01-07
SKU-00140,Item-00140,BR-B,71.81,2026-01-07
SKU-00140,Item-00140,BR-C,45.65,2026-01-07
SKU-00140,Item-00140,BR-D,36.1,2026-01-07
SKU-00140,Item-00140,BR-E,34.77,2026-01-07
SKU-00141,Item-00141,BR-A,92.45,2026-01-07
SKU-00141,Item-00141,BR-B,143.3,2026-01-07
SKU-00141,Item-00141,BR-C,143.33,2026-01-07
SKU-00141,Item-00141,BR-D,102.79,2026-01-07
SKU-00141,Item-00141,BR-E,63.47,2026-01-07
SKU-00142,Item-00142,BR-A,72.92,2026-01-07
SKU-00142,Item-00142,BR-B,110.81,2026-01-07
SKU-00142,Item-00142,BR-C,88.29,2026-01-07
SKU-00142,Item-00142,BR-D,112.45,2026-01-07
SKU-00142,Item-00142,BR-E,83.51,2026-01-07
SKU-00143,Item-00143,BR-A,90.52,2026-01-07
SKU-00143,Item-00143,BR-B,77.27,2026-01-07
SKU-00143,Item-00143,BR-C,65.17,2026-01-07
SKU-00143,Item-00143,BR-D,95.18,2026-01-07
SKU-00143,Item-00143,BR-E,80.89,2026-01-07
SKU-00144,Item-00144,BR-A,77.53,2026-01-07
SKU-00144,Item-00144,BR-B,113.25,2026-01-07
SKU-00144,Item-00144,BR-C,106.92,2026-01-07
SKU-00144,Item-00144,BR-D,95.6,2026-01-07
SKU-00144,Item-00144,BR-E,77.73,2026-01-07
SKU-00145,Item-00145,BR-A,25.49,2026-01-07
SKU-00145,Item-00145,BR-B,34.0,2026-01-07
SKU-00145,Item-00145,BR-C,30.2,2026-01-07
SKU-00145,Item-00145,BR-D,19.36,2026-01-07
SKU-00145,Item-00145,BR-E,28.3,2026-01-07
SKU-00146,Item-00146,BR-A,188.57,2026-01-07
SKU-00146,Item-00146,BR-B,117.23,2026-01-07
SKU-00146,Item-00146,BR-C,109.23,2026-01-07
SKU-00146,Item-00146,BR-D,244.93,2026-01-07
SKU-00146,Item-00146,BR-E,237.15,2026-01-07
SKU-00147,Item-00147,BR-A,272.54,2026-01-07
SKU-00147,Item-00147,BR-B,244.46,2026-01-07
SKU-00147,Item-00147,BR-C,174.91,2026-01-07
SKU-00147,Item-00147,BR-D,157.57,2026-01-07
SKU-00147,Item-00147,BR-E,122.07,2026-01-07
SKU-00148,Item-00148,BR-A,49.49,2026-01-07
SKU-00148,Item-00148,BR-B,50.61,2026-01-07
SKU-00148,Item-00148,BR-C,20.71,2026-01-07
SKU-00148,Item-00148,BR-D,47.73,2026-01-07
SKU-00148,Item-00148,BR-E,32.45,2026-01-07
SKU-00149,Item-00149,BR-A,73.69,2026-01-07
SKU-00149,Item-00149,BR-B,113.77,2026-01-07
SKU-00149,Item-00149,BR-C,73.93,2026-01-07
SKU-00149,Item-00149,BR-D,143.61,2026-01-07
SKU-00149,Item-00149,BR-E,64.24,2026-01-07
SKU-00150,Item-00150,BR-A,249.77,2026-01-07
SKU-00150,Item-00150,BR-B,250.77,2026-01-07
SKU-00150,Item-00150,BR-C,240.89,2026-01-07
SKU-00150,Item-00150,BR-D,236.0,2026-01-07
SKU-00150,Item-00150,BR-E,248.2,2026-01-07
SKU-00151,Item-00151,BR-A,46.37,2026-01-07
SKU-00151,Item-00151,BR-B,41.52,2026-01-07
SKU-00151,Item-00151,BR-C,67.03,2026-01-07
SKU-00151,Item-00151,BR-D,43.67,2026-01-07
SKU-00151,Item-00151,BR-E,56.66,2026-01-07
SKU-00152,Item-00152,BR-A,63.96,2026-01-07
SKU-00152,Item-00152,BR-B,59.73,2026-01-07
SKU-00152,Item-00152,BR-C,39.35,2026-01-07
SKU-00152,Item-00152,BR-D,34.88,2026-01-07
SKU-00152,Item-00152,BR-E,45.96,2026-01-07
SKU-00153,Item-00153,BR-A,81.11,2026-01-07
SKU-00153,Item-00153,BR-B,62.06,2026-01-07
SKU-00153,Item-00153,BR-C,53.79,2026-01-07
SKU-00153,Item-00153,BR-D,65.66,2026-01-07
SKU-00153,Item-00153,BR-E,89.51,2026-01-07
SKU-00154,Item-00154,BR-A,134.18,2026-01-07
SKU-00154,Item-00154,BR-B,135.35,2026-01-07
SKU-00154,Item-00154,BR-C,181.09,2026-01-07
SKU-00154,Item-00154,BR-D,199.36,2026-01-07
SKU-00154,Item-00154,BR-E,99.17,2026-01-07
SKU-00155,Item-00155,BR-A,33.12,2026-01-07
SKU-00155,Item-00155,BR-B,39.44,2026-01-07
SKU-00155,Item-00155,BR-C,32.85,2026-01-07
SKU-00155,Item-00155,BR-D,49.9,2026-01-07
SKU-00155,Item-00155,BR-E,39.63,2026-01-07
SKU-00156,Item-00156,BR-A,31.31,2026-01-07
SKU-00156,Item-00156,BR-B,24.79,2026-01-07
SKU-00156,Item-00156,BR-C,41.17,2026-01-07
SKU-00156,Item-00156,BR-D,47.95,2026-01-07
SKU-00156,Item-00156,BR-E,58.11,2026-01-07
SKU-00157,Item-00157,BR-A,80.88,2026-01-07
SKU-00157,Item-00157,BR-B,103.91,2026-01-07
SKU-00157,Item-00157,BR-C,85.62,2026-01-07
SKU-00157,Item-00157,BR-D,171.47,2026-01-07
SKU-00157,Item-00157,BR-E,121.89,2026-01-07
SKU-00158,Item-00158,BR-A,20.96,2026-01-07
SKU-00158,Item-00158,BR-B,11.1,2026-01-07
SKU-00158,Item-00158,BR-C,16.88,2026-01-07
SKU-00158,Item-00158,BR-D,21.14,2026-01-07
SKU-00158,Item-00158,BR-E,19.9,2026-01-07
SKU-00159,Item-00159,BR-A,10.8,2026-01-07
SKU-00159,Item-00159,BR-B,8.91,2026-01-07
SKU-00159,Item-00159,BR-C,10.95,2026-01-07
SKU-00159,Item-00159,BR-D,10.1,2026-01-07
SKU-00159,Item-00159,BR-E,20.45,2026-01-07
SKU-00160,Item-00160,BR-A,54.54,2026-01-07
SKU-00160,Item-00160,BR-B,84.31,2026-01-07
SKU-00160,Item-00160,BR-C,63.09,2026-01-07
SKU-00160,Item-00160,BR-D,91.53,2026-01-07
SKU-00160,Item-00160,BR-E,54.64,2026-01-07
SKU-00161,Item-00161,BR-A,21.32,2026-01-07
SKU-00161,Item-00161,BR-B,26.57,2026-01-07
SKU-00161,Item-00161,BR-C,27.17,2026-01-07
SKU-00161,Item-00161,BR-D,23.7,2026-01-07
SKU-00161,Item-00161,BR-E,42.62,2026-01-07
SKU-00162,Item-00162,BR-A,19.27,2026-01-07
SKU-00162,Item-00162,BR-B,10.83,2026-01-07
SKU-00162,Item-00162,BR-C,13.54,2026-01-07
SKU-00162,Item-00162,BR-D,19.43,2026-01-07
SKU-00162,Item-00162,BR-E,20.34,2026-01-07
SKU-00163,Item-00163,BR-A,10.65,2026-01-07
SKU-00163,Item-00163,BR-B,16.94,2026-01-07
SKU-00163,Item-00163,BR-C,22.57,2026-01-07
SKU-00163,Item-00163,BR-D,24.49,2026-01-07
SKU-00163,Item-00163,BR-E,17.35,2026-01-07
SKU-00164,Item-00164,BR-A,114.28,2026-01-07
SKU-00164,Item-00164,BR-B,170.93,2026-01-07
SKU-00164,Item-00164,BR-C,119.91,2026-01-07
SKU-00164,Item-00164,BR-D,155.09,2026-01-07
SKU-00164,Item-00164,BR-E,135.95,2026-01-07
SKU-00165,Item-00165,BR-A,74.42,2026-01-07
SKU-00165,Item-00165,BR-B,113.67,2026-01-07
SKU-00165,Item-00165,BR-C,120.11,2026-01-07
SKU-00165,Item-00165,BR-D,70.08,2026-01-07
SKU-00165,Item-00165,BR-E,93.86,2026-01-07
SKU-00166,Item-00166,BR-A,120.19,2026-01-07
SKU-00166,Item-00166,BR-B,150.49,2026-01-07
SKU-00166,Item-00166,BR-C,138.38,2026-01-07
SKU-00166,Item-00166,BR-D,113.62,2026-01-07
SKU-00166,Item-00166,BR-E,164.71,2026-01-07
SKU-00167,Item-00167,BR-A,133.47,2026-01-07
SKU-00167,Item-00167,BR-B,154.95,2026-01-07
SKU-00167,Item-00167,BR-C,113.76,2026-01-07
SKU-00167,Item-00167,BR-D,132.93,2026-01-07
SKU-00167,Item-00167,BR-E,88.0,2026-01-07
SKU-00168,Item-00168,BR-A,126.63,2026-01-07
SKU-00168,Item-00168,BR-B,85.38,2026-01-07
SKU-00168,Item-00168,BR-C,130.42,2026-01-07
SKU-00168,Item-00168,BR-D,77.92,2026-01-07
SKU-00168,Item-00168,BR-E,158.74,2026-01-07
SKU-00169,Item-00169,BR-A,47.41,2026-01-07
SKU-00169,Item-00169,BR-B,85.31,2026-01-07
SKU-00169,Item-00169,BR-C,81.52,2026-01-07
SKU-00169,Item-00169,BR-D,94.22,2026-01-07
SKU-00169,Item-00169,BR-E,76.82,2026-01-07
SKU-00170,Item-00170,BR-A,64.57,2026-01-07
SKU-00170,Item-00170,BR-B,64.14,2026-01-07
SKU-00170,Item-00170,BR-C,62.83,2026-01-07
SKU-00170,Item-00170,BR-D,37.08,2026-01-07
SKU-00170,Item-00170,BR-E,30.5,2026-01-07
SKU-00171,Item-00171,BR-A,55.23,2026-01-07
SKU-00171,Item-00171,BR-B,54.75,2026-01-07
SKU-00171,Item-00171,BR-C,57.12,2026-01-07
SKU-00171,Item-00171,BR-D,63.37,2026-01-07
SKU-00171,Item-00171,BR-E,70.33,2026-01-07
SKU-00172,Item-00172,BR-A,43.11,2026-01-07
SKU-00172,Item-00172,BR-B,36.69,2026-01-07
SKU-00172,Item-00172,BR-C,38.61,2026-01-07
SKU-00172,Item-00172,BR-D,34.51,2026-01-07
SKU-00172,Item-00172,BR-E,32.43,2026-01-07
SKU-00173,Item-00173,BR-A,107.58,2026-01-07
SKU-00173,Item-00173,BR-B,70.7,2026-01-07
SKU-00173,Item-00173,BR-C,99.39,2026-01-07
SKU-00173,Item-00173,BR-D,70.72,2026-01-07
SKU-00173,Item-00173,BR-E,64.34,2026-01-07
SKU-00174,Item-00174,BR-A,6.82,2026-01-07
SKU-00174,Item-00174,BR-B,7.1,2026-01-07
SKU-00174,Item-00174,BR-C,4.48,2026-01-07
SKU-00174,Item-00174,BR-D,6.38,2026-01-07
SKU-00174,Item-00174,BR-E,8.2,2026-01-07
SKU-00175,Item-00175,BR-A,13.31,2026-01-07
SKU-00175,Item-00175,BR-B,19.63,2026-01-07
SKU-00175,Item-00175,BR-C,15.19,2026-01-07
SKU-00175,Item-00175,BR-D,17.16,2026-01-07
SKU-00175,Item-00175,BR-E,18.43,2026-01-07
SKU-00176,Item-00176,BR-A,119.04,2026-01-07
SKU-00176,Item-00176,BR-B,128.35,2026-01-07
SKU-00176,Item-00176,BR-C,142.98,2026-01-07
SKU-00176,Item-00176,BR-D,76.2,2026-01-07
SKU-00176,Item-00176,BR-E,135.51,2026-01-07
SKU-00177,Item-00177,BR-A,150.97,2026-01-07
SKU-00177,Item-00177,BR-B,269.81,2026-01-07
SKU-00177,Item-00177,BR-C,202.22,2026-01-07
SKU-00177,Item-00177,BR-D,145.72,2026-01-07
SKU-00177,Item-00177,BR-E,144.42,2026-01-07
SKU-00178,Item-00178,BR-A,232.05,2026-01-07
SKU-00178,Item-00178,BR-B,225.89,2026-01-07
SKU-00178,Item-00178,BR-C,197.73,2026-01-07
SKU-00178,Item-00178,BR-D,217.31,2026-01-07
SKU-00178,Item-00178,BR-E,123.65,2026-01-07
SKU-00179,Item-00179,BR-A,57.51,2026-01-07
SKU-00179,Item-00179,BR-B,79.58,2026-01-07
SKU-00179,Item-00179,BR-C,81.66,2026-01-07
SKU-00179,Item-00179,BR-D,57.04,2026-01-07
SKU-00179,Item-00179,BR-E,42.33,2026-01-07
SKU-00180,Item-00180,BR-A,116.38,2026-01-07
SKU-00180,Item-00180,BR-B,99.33,2026-01-07
SKU-00180,Item-00180,BR-C,96.97,2026-01-07
SKU-00180,Item-00180,BR-D,128.17,2026-01-07
SKU-00180,Item-00180,BR-E,235.05,2026-01-07
SKU-00181,Item-00181,BR-A,121.61,2026-01-07
SKU-00181,Item-00181,BR-B,128.68,2026-01-07
SKU-00181,Item-00181,BR-C,125.14,2026-01-07
SKU-00181,Item-00181,BR-D,78.62,2026-01-07
SKU-00181,Item-00181,BR-E,124.25,2026-01-07
SKU-00182,Item-00182,BR-A,7.64,2026-01-07
SKU-00182,Item-00182,BR-B,4.61,2026-01-07
SKU-00182,Item-00182,BR-C,5.96,2026-01-07
SKU-00182,Item-00182,BR-D,5.85,2026-01-07
SKU-00182,Item-00182,BR-E,7.75,2026-01-07
SKU-00183,Item-00183,BR-A,47.75,2026-01-07
SKU-00183,Item-00183,BR-B,42.02,2026-01-07
SKU-00183,Item-00183,BR-C,82.53,2026-01-07
SKU-00183,Item-00183,BR-D,78.89,2026-01-07
SKU-00183,Item-00183,BR-E,38.92,2026-01-07
SKU-00184,Item-00184,BR-A,244.1,2026-01-07
SKU-00184,Item-00184,BR-B,171.49,2026-01-07
SKU-00184,Item-00184,BR-C,243.61,2026-01-07
SKU-00184,Item-00184,BR-D,256.88,2026-01-07
SKU-00184,Item-00184,BR-E,199.14,2026-01-07
SKU-00185,Item-00185,BR-A,38.77,2026-01-07
SKU-00185,Item-00185,BR-B,77.45,2026-01-07
SKU-00185,Item-00185,BR-C,43.78,2026-01-07
SKU-00185,Item-00185,BR-D,59.52,2026-01-07
SKU-00185,Item-00185,BR-E,62.37,2026-01-07
SKU-00186,Item-00186,BR-A,215.42,2026-01-07
SKU-00186,Item-00186,BR-B,207.42,2026-01-07
SKU-00186,Item-00186,BR-C,154.05,2026-01-07
SKU-00186,Item-00186,BR-D,152.2,2026-01-07
SKU-00186,Item-00186,BR-E,161.38,2026-01-07
SKU-00187,Item-00187,BR-A,49.63,2026-01-07
SKU-00187,Item-00187,BR-B,41.87,2026-01-07
SKU-00187,Item-00187,BR-C,71.46,2026-01-07
SKU-00187,Item-00187,BR-D,69.51,2026-01-07
SKU-00187,Item-00187,BR-E,50.91,2026-01-07
SKU-00188,Item-00188,BR-A,148.5,2026-01-07
SKU-00188,Item-00188,BR-B,102.0,2026-01-07
SKU-00188,Item-00188,BR-C,165.86,2026-01-07
SKU-00188,Item-00188,BR-D,131.57,2026-01-07
SKU-00188,Item-00188,BR-E,84.54,2026-01-07
SKU-00189,Item-00189,BR-A,186.26,2026-01-07
SKU-00189,Item-00189,BR-B,174.45,2026-01-07
SKU-00189,Item-00189,BR-C,207.87,2026-01-07
SKU-00189,Item-00189,BR-D,176.88,2026-01-07
SKU-00189,Item-00189,BR-E,100.21,2026-01-07
SKU-00190,Item-00190,BR-A,82.06,2026-01-07
SKU-00190,Item-00190,BR-B,84.47,2026-01-07
SKU-00190,Item-00190,BR-C,146.82,2026-01-07
SKU-00190,Item-00190,BR-D,118.97,2026-01-07
SKU-00190,Item-00190,BR-E,135.98,2026-01-07
SKU-00191,Item-00191,BR-A,246.58,2026-01-07
SKU-00191,Item-00191,BR-B,196.8,2026-01-07
SKU-00191,Item-00191,BR-C,114.64,2026-01-07
SKU-00191,Item-00191,BR-D,107.02,2026-01-07
SKU-00191,Item-00191,BR-E,243.04,2026-01-07
SKU-00192,Item-00192,BR-A,15.14,2026-01-07
SKU-00192,Item-00192,BR-B,16.15,2026-01-07
SKU-00192,Item-00192,BR-C,27.33,2026-01-07
SKU-00192,Item-00192,BR-D,31.01,2026-01-07
SKU-00192,Item-00192,BR-E,30.34,2026-01-07
SKU-00193,Item-00193,BR-A,91.14,2026-01-07
SKU-00193,Item-00193,BR-B,111.66,2026-01-07
SKU-00193,Item-00193,BR-C,181.15,2026-01-07
SKU-00193,Item-00193,BR-D,213.95,2026-01-07
SKU-00193,Item-00193,BR-E,205.92,2026-01-07
SKU-00194,Item-00194,BR-A,5.12,2026-01-07
SKU-00194,Item-00194,BR-B,4.03,2026-01-07
SKU-00194,Item-00194,BR-C,2.56,2026-01-07
SKU-00194,Item-00194,BR-D,3.83,2026-01-07
SKU-00194,Item-00194,BR-E,4.62,2026-01-07
SKU-00195,Item-00195,BR-A,149.87,2026-01-07
SKU-00195,Item-00195,BR-B,160.08,2026-01-07
SKU-00195,Item-00195,BR-C,91.93,2026-01-07
SKU-00195,Item-00195,BR-D,144.63,2026-01-07
SKU-00195,Item-00195,BR-E,92.37,2026-01-07
SKU-00196,Item-00196,BR-A,18.93,2026-01-07
SKU-00196,Item-00196,BR-B,33.24,2026-01-07
SKU-00196,Item-00196,BR-C,35.14,2026-01-07
SKU-00196,Item-00196,BR-D,26.09,2026-01-07
SKU-00196,Item-00196,BR-E,39.44,2026-01-07
SKU-00197,Item-00197,BR-A,69.03,2026-01-07
SKU-00197,Item-00197,BR-B,164.64,2026-01-07
SKU-00197,Item-00197,BR-C,74.74,2026-01-07
SKU-00197,Item-00197,BR-D,64.16,2026-01-07
SKU-00197,Item-00197,BR-E,75.37,2026-01-07
SKU-00198,Item-00198,BR-A,76.72,2026-01-07
SKU-00198,Item-00198,BR-B,82.89,2026-01-07
SKU-00198,Item-00198,BR-C,72.97,2026-01-07
SKU-00198,Item-00198,BR-D,136.19,2026-01-07
SKU-00198,Item-00198,BR-E,137.7,2026-01-07
SKU-00199,Item-00199,BR-A,18.31,2026-01-07
SKU-00199,Item-00199,BR-B,18.42,2026-01-07
SKU-00199,Item-00199,BR-C,21.97,2026-01-07
SKU-00199,Item-00199,BR-D,10.85,2026-01-07
SKU-00199,Item-00199,BR-E,20.97,2026-01-07
SKU-00200,Item-00200,BR-A,138.93,2026-01-07
SKU-00200,Item-00200,BR-B,67.89,2026-01-07
SKU-00200,Item-00200,BR-C,70.43,2026-01-07
SKU-00200,Item-00200,BR-D,101.8,2026-01-07
SKU-00200,Item-00200,BR-E,72.25,2026-01-07
SKU-00201,Item-00201,BR-A,82.83,2026-01-07
SKU-00201,Item-00201,BR-B,75.95,2026-01-07
SKU-00201,Item-00201,BR-C,145.14,2026-01-07
SKU-00201,Item-00201,BR-D,113.45,2026-01-07
SKU-00201,Item-00201,BR-E,145.3,2026-01-07
SKU-00202,Item-00202,BR-A,103.29,2026-01-07
SKU-00202,Item-00202,BR-B,125.99,2026-01-07
SKU-00202,Item-00202,BR-C,111.74,2026-01-07
SKU-00202,Item-00202,BR-D,126.58,2026-01-07
SKU-00202,Item-00202,BR-E,63.38,2026-01-07
SKU-00203,Item-00203,BR-A,72.93,2026-01-07
SKU-00203,Item-00203,BR-B,79.63,2026-01-07
SKU-00203,Item-00203,BR-C,36.13,2026-01-07
SKU-00203,Item-00203,BR-D,69.72,2026-01-07
SKU-00203,Item-00203,BR-E,60.9,2026-01-07
SKU-00204,Item-00204,BR-A,153.81,2026-01-07
SKU-00204,Item-00204,BR-B,188.73,2026-01-07
SKU-00204,Item-00204,BR-C,210.55,2026-01-07
SKU-00204,Item-00204,BR-D,174.54,2026-01-07
SKU-00204,Item-00204,BR-E,248.58,2026-01-07
SKU-00205,Item-00205,BR-A,181.25,2026-01-07
SKU-00205,Item-00205,BR-B,176.61,2026-01-07
SKU-00205,Item-00205,BR-C,86.23,2026-01-07
SKU-00205,Item-00205,BR-D,174.96,2026-01-07
SKU-00205,Item-00205,BR-E,110.19,2026-01-07
SKU-00206,Item-00206,BR-A,45.68,2026-01-07
SKU-00206,Item-00206,BR-B,58.84,2026-01-07
SKU-00206,Item-00206,BR-C,94.97,2026-01-07
SKU-00206,Item-00206,BR-D,87.34,2026-01-07
SKU-00206,Item-00206,BR-E,83.21,2026-01-07
SKU-00207,Item-00207,BR-A,117.41,2026-01-07
SKU-00207,Item-00207,BR-B,151.39,2026-01-07
SKU-00207,Item-00207,BR-C,94.61,2026-01-07
SKU-00207,Item-00207,BR-D,208.07,2026-01-07
SKU-00207,Item-00207,BR-E,262.89,2026-01-07
SKU-00208,Item-00208,BR-A,130.87,2026-01-07
SKU-00208,Item-00208,BR-B,156.83,2026-01-07
SKU-00208,Item-00208,BR-C,126.82,2026-01-07
SKU-00208,Item-00208,BR-D,261.99,2026-01-07
SKU-00208,Item-00208,BR-E,214.74,2026-01-07
SKU-00209,Item-00209,BR-A,224.06,2026-01-07
SKU-00209,Item-00209,BR-B,163.69,2026-01-07
SKU-00209,Item-00209,BR-C,272.35,2026-01-07
SKU-00209,Item-00209,BR-D,227.85,2026-01-07
SKU-00209,Item-00209,BR-E,249.2,2026-01-07
SKU-00210,Item-00210,BR-A,102.24,2026-01-07
SKU-00210,Item-00210,BR-B,216.58,2026-01-07
SKU-00210,Item-00210,BR-C,201.88,2026-01-07
SKU-00210,Item-00210,BR-D,227.28,2026-01-07
SKU-00210,Item-00210,BR-E,127.37,2026-01-07
SKU-00211,Item-00211,BR-A,207.79,2026-01-07
SKU-00211,Item-00211,BR-B,195.59,2026-01-07
SKU-00211,Item-00211,BR-C,114.92,2026-01-07
SKU-00211,Item-00211,BR-D,212.55,2026-01-07
SKU-00211,Item-00211,BR-E,178.42,2026-01-07
SKU-00212,Item-00212,BR-A,21.23,2026-01-07
SKU-00212,Item-00212,BR-B,24.29,2026-01-07
SKU-00212,Item-00212,BR-C,57.61,2026-01-07
SKU-00212,Item-00212,BR-D,25.11,2026-01-07
SKU-00212,Item-00212,BR-E,31.11,2026-01-07
SKU-00213,Item-00213,BR-A,147.62,2026-01-07
SKU-00213,Item-00213,BR-B,137.67,2026-01-07
SKU-00213,Item-00213,BR-C,132.71,2026-01-07
SKU-00213,Item-00213,BR-D,138.85,2026-01-07
SKU-00213,Item-00213,BR-E,129.69,2026-01-07
SKU-00214,Item-00214,BR-A,229.86,2026-01-07
SKU-00214,Item-00214,BR-B,117.95,2026-01-07
SKU-00214,Item-00214,BR-C,88.88,2026-01-07
SKU-00214,Item-00214,BR-D,232.61,2026-01-07
SKU-00214,Item-00214,BR-E,224.21,2026-01-07
SKU-00215,Item-00215,BR-A,72.25,2026-01-07
SKU-00215,Item-00215,BR-B,30.95,2026-01-07
SKU-00215,Item-00215,BR-C,83.86,2026-01-07
SKU-00215,Item-00215,BR-D,80.57,2026-01-07
SKU-00215,Item-00215,BR-E,52.72,2026-01-07
SKU-00216,Item-00216,BR-A,69.29,2026-01-07
SKU-00216,Item-00216,BR-B,53.9,2026-01-07
SKU-00216,Item-00216,BR-C,59.2,2026-01-07
SKU-00216,Item-00216,BR-D,79.52,2026-01-07
SKU-00216,Item-00216,BR-E,46.08,2026-01-07
SKU-00217,Item-00217,BR-A,191.06,2026-01-07
SKU-00217,Item-00217,BR-B,100.77,2026-01-07
SKU-00217,Item-00217,BR-C,211.18,2026-01-07
SKU-00217,Item-00217,BR-D,252.35,2026-01-07
SKU-00217,Item-00217,BR-E,162.87,2026-01-07
SKU-00218,Item-00218,BR-A,58.8,2026-01-07
SKU-00218,Item-00218,BR-B,23.55,2026-01-07
SKU-00218,Item-00218,BR-C,32.19,2026-01-07
SKU-00218,Item-00218,BR-D,27.92,2026-01-07
SKU-00218,Item-00218,BR-E,34.43,2026-01-07
SKU-00219,Item-00219,BR-A,84.05,2026-01-07
SKU-00219,Item-00219,BR-B,101.81,2026-01-07
SKU-00219,Item-00219,BR-C,62.29,2026-01-07
SKU-00219,Item-00219,BR-D,56.54,2026-01-07
SKU-00219,Item-00219,BR-E,99.19,2026-01-07
SKU-00220,Item-00220,BR-A,63.58,2026-01-07
SKU-00220,Item-00220,BR-B,56.91,2026-01-07
SKU-00220,Item-00220,BR-C,54.94,2026-01-07
SKU-00220,Item-00220,BR-D,35.38,2026-01-07
SKU-00220,Item-00220,BR-E,58.12,2026-01-07
SKU-00221,Item-00221,BR-A,65.98,2026-01-07
SKU-00221,Item-00221,BR-B,63.12,2026-01-07
SKU-00221,Item-00221,BR-C,53.11,2026-01-07
SKU-00221,Item-00221,BR-D,92.46,2026-01-07
SKU-00221,Item-00221,BR-E,115.83,2026-01-07
SKU-00222,Item-00222,BR-A,159.66,2026-01-07
SKU-00222,Item-00222,BR-B,175.02,2026-01-07
SKU-00222,Item-00222,BR-C,245.69,2026-01-07
SKU-00222,Item-00222,BR-D,199.29,2026-01-07
SKU-00222,Item-00222,BR-E,153.41,2026-01-07
SKU-00223,Item-00223,BR-A,101.61,2026-01-07
SKU-00223,Item-00223,BR-B,60.1,2026-01-07
SKU-00223,Item-00223,BR-C,42.83,2026-01-07
SKU-00223,Item-00223,BR-D,69.65,2026-01-07
SKU-00223,Item-00223,BR-E,86.28,2026-01-07
SKU-00224,Item-00224,BR-A,123.44,2026-01-07
SKU-00224,Item-00224,BR-B,73.14,2026-01-07
SKU-00224,Item-00224,BR-C,77.42,2026-01-07
SKU-00224,Item-00224,BR-D,57.12,2026-01-07
SKU-00224,Item-00224,BR-E,63.03,2026-01-07
SKU-00225,Item-00225,BR-A,68.42,2026-01-07
SKU-00225,Item-00225,BR-B,43.34,2026-01-07
SKU-00225,Item-00225,BR-C,92.43,2026-01-07
SKU-00225,Item-00225,BR-D,53.07,2026-01-07
SKU-00225,Item-00225,BR-E,65.37,2026-01-07
SKU-00226,Item-00226,BR-A,16.87,2026-01-07
SKU-00226,Item-00226,BR-B,28.43,2026-01-07
SKU-00226,Item-00226,BR-C,34.0,2026-01-07
SKU-00226,Item-00226,BR-D,34.73,2026-01-07
SKU-00226,Item-00226,BR-E,27.37,2026-01-07
SKU-00227,Item-00227,BR-A,21.91,2026-01-07
SKU-00227,Item-00227,BR-B,21.45,2026-01-07
SKU-00227,Item-00227,BR-C,55.04,2026-01-07
SKU-00227,Item-00227,BR-D,50.52,2026-01-07
SKU-00227,Item-00227,BR-E,41.46,2026-01-07
SKU-00228,Item-00228,BR-A,7.14,2026-01-07
SKU-00228,Item-00228,BR-B,10.48,2026-01-07
SKU-00228,Item-00228,BR-C,14.56,2026-01-07
SKU-00228,Item-00228,BR-D,7.03,2026-01-07
SKU-00228,Item-00228,BR-E,7.83,2026-01-07
SKU-00229,Item-00229,BR-A,73.77,2026-01-07
SKU-00229,Item-00229,BR-B,75.73,2026-01-07
SKU-00229,Item-00229,BR-C,73.81,2026-01-07
SKU-00229,Item-00229,BR-D,94.47,2026-01-07
SKU-00229,Item-00229,BR-E,84.53,2026-01-07
SKU-00230,Item-00230,BR-A,86.03,2026-01-07
SKU-00230,Item-00230,BR-B,59.89,2026-01-07
SKU-00230,Item-00230,BR-C,49.63,2026-01-07
SKU-00230,Item-00230,BR-D,109.76,2026-01-07
SKU-00230,Item-00230,BR-E,131.95,2026-01-07
SKU-00231,Item-00231,BR-A,32.31,2026-01-07
SKU-00231,Item-00231,BR-B,26.05,2026-01-07
SKU-00231,Item-00231,BR-C,19.08,2026-01-07
SKU-00231,Item-00231,BR-D,15.1,2026-01-07
SKU-00231,Item-00231,BR-E,25.78,2026-01-07
SKU-00232,Item-00232,BR-A,41.23,2026-01-07
SKU-00232,Item-00232,BR-B,52.54,2026-01-07
SKU-00232,Item-00232,BR-C,40.32,2026-01-07
SKU-00232,Item-00232,BR-D,32.47,2026-01-07
SKU-00232,Item-00232,BR-E,30.79,2026-01-07
SKU-00233,Item-00233,BR-A,5.86,2026-01-07
SKU-00233,Item-00233,BR-B,3.74,2026-01-07
SKU-00233,Item-00233,BR-C,4.45,2026-01-07
SKU-00233,Item-00233,BR-D,3.39,2026-01-07
SKU-00233,Item-00233,BR-E,3.49,2026-01-07
SKU-00234,Item-00234,BR-A,181.1,2026-01-07
SKU-00234,Item-00234,BR-B,96.46,2026-01-07
SKU-00234,Item-00234,BR-C,167.99,2026-01-07
SKU-00234,Item-00234,BR-D,76.15,2026-01-07
SKU-00234,Item-00234,BR-E,149.21,2026-01-07
SKU-00235,Item-00235,BR-A,52.9,2026-01-07
SKU-00235,Item-00235,BR-B,78.6,2026-01-07
SKU-00235,Item-00235,BR-C,78.34,2026-01-07
SKU-00235,Item-00235,BR-D,65.65,2026-01-07
SKU-00235,Item-00235,BR-E,70.83,2026-01-07
SKU-00236,Item-00236,BR-A,179.31,2026-01-07
SKU-00236,Item-00236,BR-B,146.76,2026-01-07
SKU-00236,Item-00236,BR-C,105.25,2026-01-07
SKU-00236,Item-00236,BR-D,122.07,2026-01-07
SKU-00236,Item-00236,BR-E,100.76,2026-01-07
SKU-00237,Item-00237,BR-A,90.69,2026-01-07
SKU-00237,Item-00237,BR-B,148.75,2026-01-07
SKU-00237,Item-00237,BR-C,173.48,2026-01-07
SKU-00237,Item-00237,BR-D,90.86,2026-01-07
SKU-00237,Item-00237,BR-E,115.73,2026-01-07
SKU-00238,Item-00238,BR-A,192.51,2026-01-07
SKU-00238,Item-00238,BR-B,206.21,2026-01-07
SKU-00238,Item-00238,BR-C,138.32,2026-01-07
SKU-00238,Item-00238,BR-D,112.12,2026-01-07
SKU-00238,Item-00238,BR-E,138.04,2026-01-07
SKU-00239,Item-00239,BR-A,93.91,2026-01-07
SKU-00239,Item-00239,BR-B,137.19,2026-01-07
SKU-00239,Item-00239,BR-C,62.2,2026-01-07
SKU-00239,Item-00239,BR-D,113.2,2026-01-07
SKU-00239,Item-00239,BR-E,107.11,2026-01-07
SKU-00240,Item-00240,BR-A,90.6,2026-01-07
SKU-00240,Item-00240,BR-B,81.91,2026-01-07
SKU-00240,Item-00240,BR-C,67.06,2026-01-07
SKU-00240,Item-00240,BR-D,37.75,2026-01-07
SKU-00240,Item-00240,BR-E,100.46,2026-01-07
SKU-00241,Item-00241,BR-A,103.42,2026-01-07
SKU-00241,Item-00241,BR-B,105.9,2026-01-07
SKU-00241,Item-00241,BR-C,93.27,2026-01-07
SKU-00241,Item-00241,BR-D,95.44,2026-01-07
SKU-00241,Item-00241,BR-E,123.89,2026-01-07
SKU-00242,Item-00242,BR-A,108.97,2026-01-07
SKU-00242,Item-00242,BR-B,112.34,2026-01-07
SKU-00242,Item-00242,BR-C,49.62,2026-01-07
SKU-00242,Item-00242,BR-D,94.94,2026-01-07
SKU-00242,Item-00242,BR-E,101.51,2026-01-07
SKU-00243,Item-00243,BR-A,88.4,2026-01-07
SKU-00243,Item-00243,BR-B,105.47,2026-01-07
SKU-00243,Item-00243,BR-C,74.44,2026-01-07
SKU-00243,Item-00243,BR-D,159.2,2026-01-07
SKU-00243,Item-00243,BR-E,149.92,2026-01-07
SKU-00244,Item-00244,BR-A,131.56,2026-01-07
SKU-00244,Item-00244,BR-B,179.89,2026-01-07
SKU-00244,Item-00244,BR-C,73.71,2026-01-07
SKU-00244,Item-00244,BR-D,152.35,2026-01-07
SKU-00244,Item-00244,BR-E,157.5,2026-01-07
SKU-00245,Item-00245,BR-A,113.82,2026-01-07
SKU-00245,Item-00245,BR-B,95.33,2026-01-07
SKU-00245,Item-00245,BR-C,65.86,2026-01-07
SKU-00245,Item-00245,BR-D,44.14,2026-01-07
SKU-00245,Item-00245,BR-E,64.21,2026-01-07
SKU-00246,Item-00246,BR-A,95.24,2026-01-07
SKU-00246,Item-00246,BR-B,37.47,2026-01-07
SKU-00246,Item-00246,BR-C,82.03,2026-01-07
SKU-00246,Item-00246,BR-D,36.01,2026-01-07
SKU-00246,Item-00246,BR-E,71.25,2026-01-07
SKU-00247,Item-00247,BR-A,89.53,2026-01-07
SKU-00247,Item-00247,BR-B,115.86,2026-01-07
SKU-00247,Item-00247,BR-C,71.95,2026-01-07
SKU-00247,Item-00247,BR-D,117.78,2026-01-07
SKU-00247,Item-00247,BR-E,117.06,2026-01-07
SKU-00248,Item-00248,BR-A,136.23,2026-01-07
SKU-00248,Item-00248,BR-B,86.64,2026-01-07
SKU-00248,Item-00248,BR-C,106.24,2026-01-07
SKU-00248,Item-00248,BR-D,141.84,2026-01-07
SKU-00248,Item-00248,BR-E,109.28,2026-01-07
SKU-00249,Item-00249,BR-A,157.79,2026-01-07
SKU-00249,Item-00249,BR-B,98.03,2026-01-07
SKU-00249,Item-00249,BR-C,150.12,2026-01-07
SKU-00249,Item-00249,BR-D,162.73,2026-01-07
SKU-00249,Item-00249,BR-E,179.82,2026-01-07
SKU-00250,Item-00250,BR-A,86.89,2026-01-07
SKU-00250,Item-00250,BR-B,103.35,2026-01-07
SKU-00250,Item-00250,BR-C,78.44,2026-01-07
SKU-00250,Item-00250,BR-D,89.6,2026-01-07
SKU-00250,Item-00250,BR-E,86.87,2026-01-07
SKU-00251,Item-00251,BR-A,82.86,2026-01-07
SKU-00251,Item-00251,BR-B,98.02,2026-01-07
SKU-00251,Item-00251,BR-C,107.16,2026-01-07
SKU-00251,Item-00251,BR-D,76.31,2026-01-07
SKU-00251,Item-00251,BR-E,132.25,2026-01-07
SKU-00252,Item-00252,BR-A,82.43,2026-01-07
SKU-00252,Item-00252,BR-B,79.06,2026-01-07
SKU-00252,Item-00252,BR-C,73.0,2026-01-07
SKU-00252,Item-00252,BR-D,88.18,2026-01-07
SKU-00252,Item-00252,BR-E,73.91,2026-01-07
SKU-00253,Item-00253,BR-A,27.69,2026-01-07
SKU-00253,Item-00253,BR-B,32.68,2026-01-07
SKU-00253,Item-00253,BR-C,26.23,2026-01-07
SKU-00253,Item-00253,BR-D,24.61,2026-01-07
SKU-00253,Item-00253,BR-E,24.34,2026-01-07
SKU-00254,Item-00254,BR-A,192.14,2026-01-07
SKU-00254,Item-00254,BR-B,203.23,2026-01-07
SKU-00254,Item-00254,BR-C,130.42,2026-01-07
SKU-00254,Item-00254,BR-D,73.27,2026-01-07
SKU-00254,Item-00254,BR-E,165.58,2026-01-07
SKU-00255,Item-00255,BR-A,229.14,2026-01-07
SKU-00255,Item-00255,BR-B,111.23,2026-01-07
SKU-00255,Item-00255,BR-C,153.22,2026-01-07
SKU-00255,Item-00255,BR-D,241.31,2026-01-07
SKU-00255,Item-00255,BR-E,189.5,2026-01-07
SKU-00256,Item-00256,BR-A,4.85,2026-01-07
SKU-00256,Item-00256,BR-B,8.63,2026-01-07
SKU-00256,Item-00256,BR-C,9.04,2026-01-07
SKU-00256,Item-00256,BR-D,11.65,2026-01-07
SKU-00256,Item-00256,BR-E,9.26,2026-01-07
SKU-00257,Item-00257,BR-A,136.23,2026-01-07
SKU-00257,Item-00257,BR-B,120.4,2026-01-07
SKU-00257,Item-00257,BR-C,113.86,2026-01-07
SKU-00257,Item-00257,BR-D,133.71,2026-01-07
SKU-00257,Item-00257,BR-E,230.99,2026-01-07
SKU-00258,Item-00258,BR-A,51.42,2026-01-07
SKU-00258,Item-00258,BR-B,121.92,2026-01-07
SKU-00258,Item-00258,BR-C,105.98,2026-01-07
SKU-00258,Item-00258,BR-D,57.57,2026-01-07
SKU-00258,Item-00258,BR-E,133.52,2026-01-07
SKU-00259,Item-00259,BR-A,208.24,2026-01-07
SKU-00259,Item-00259,BR-B,209.25,2026-01-07
SKU-00259,Item-00259,BR-C,188.85,2026-01-07
SKU-00259,Item-00259,BR-D,109.23,2026-01-07
SKU-00259,Item-00259,BR-E,172.64,2026-01-07
SKU-00260,Item-00260,BR-A,126.89,2026-01-07
SKU-00260,Item-00260,BR-B,109.24,2026-01-07
SKU-00260,Item-00260,BR-C,111.59,2026-01-07
SKU-00260,Item-00260,BR-D,140.08,2026-01-07
SKU-00260,Item-00260,BR-E,129.75,2026-01-07
SKU-00261,Item-00261,BR-A,31.69,2026-01-07
SKU-00261,Item-00261,BR-B,22.0,2026-01-07
SKU-00261,Item-00261,BR-C,20.88,2026-01-07
SKU-00261,Item-00261,BR-D,48.63,2026-01-07
SKU-00261,Item-00261,BR-E,48.2,2026-01-07
SKU-00262,Item-00262,BR-A,221.46,2026-01-07
SKU-00262,Item-00262,BR-B,187.71,2026-01-07
SKU-00262,Item-00262,BR-C,203.15,2026-01-07
SKU-00262,Item-00262,BR-D,262.22,2026-01-07
SKU-00262,Item-00262,BR-E,255.8,2026-01-07
SKU-00263,Item-00263,BR-A,159.74,2026-01-07
SKU-00263,Item-00263,BR-B,206.61,2026-01-07
SKU-00263,Item-00263,BR-C,212.12,2026-01-07
SKU-00263,Item-00263,BR-D,230.3,2026-01-07
SKU-00263,Item-00263,BR-E,223.82,2026-01-07
SKU-00264,Item-00264,BR-A,53.82,2026-01-07
SKU-00264,Item-00264,BR-B,31.66,2026-01-07
SKU-00264,Item-00264,BR-C,25.42,2026-01-07
SKU-00264,Item-00264,BR-D,48.7,2026-01-07
SKU-00264,Item-00264,BR-E,37.19,2026-01-07
SKU-00265,Item-00265,BR-A,131.49,2026-01-07
SKU-00265,Item-00265,BR-B,82.91,2026-01-07
SKU-00265,Item-00265,BR-C,97.47,2026-01-07
SKU-00265,Item-00265,BR-D,135.84,2026-01-07
SKU-00265,Item-00265,BR-E,102.84,2026-01-07
SKU-00266,Item-00266,BR-A,50.39,2026-01-07
SKU-00266,Item-00266,BR-B,53.81,2026-01-07
SKU-00266,Item-00266,BR-C,50.25,2026-01-07
SKU-00266,Item-00266,BR-D,28.31,2026-01-07
SKU-00266,Item-00266,BR-E,36.6,2026-01-07
SKU-00267,Item-00267,BR-A,123.06,2026-01-07
SKU-00267,Item-00267,BR-B,72.72,2026-01-07
SKU-00267,Item-00267,BR-C,53.34,2026-01-07
SKU-00267,Item-00267,BR-D,92.29,2026-01-07
SKU-00267,Item-00267,BR-E,92.2,2026-01-07
SKU-00268,Item-00268,BR-A,83.08,2026-01-07
SKU-00268,Item-00268,BR-B,181.51,2026-01-07
SKU-00268,Item-00268,BR-C,181.45,2026-01-07
SKU-00268,Item-00268,BR-D,120.75,2026-01-07
SKU-00268,Item-00268,BR-E,81.96,2026-01-07
SKU-00269,Item-00269,BR-A,133.43,2026-01-07
SKU-00269,Item-00269,BR-B,74.12,2026-01-07
SKU-00269,Item-00269,BR-C,139.58,2026-01-07
SKU-00269,Item-00269,BR-D,73.24,2026-01-07
SKU-00269,Item-00269,BR-E,81.92,2026-01-07
SKU-00270,Item-00270,BR-A,173.01,2026-01-07
SKU-00270,Item-00270,BR-B,146.79,2026-01-07
SKU-00270,Item-00270,BR-C,136.63,2026-01-07
SKU-00270,Item-00270,BR-D,160.96,2026-01-07
SKU-00270,Item-00270,BR-E,137.78,2026-01-07
SKU-00271,Item-00271,BR-A,82.16,2026-01-07
SKU-00271,Item-00271,BR-B,123.18,2026-01-07
SKU-00271,Item-00271,BR-C,58.84,2026-01-07
SKU-00271,Item-00271,BR-D,108.02,2026-01-07
SKU-00271,Item-00271,BR-E,79.48,2026-01-07
SKU-00272,Item-00272,BR-A,131.95,2026-01-07
SKU-00272,Item-00272,BR-B,107.64,2026-01-07
SKU-00272,Item-00272,BR-C,123.46,2026-01-07
SKU-00272,Item-00272,BR-D,107.13,2026-01-07
SKU-00272,Item-00272,BR-E,52.4,2026-01-07
SKU-00273,Item-00273,BR-A,84.91,2026-01-07
SKU-00273,Item-00273,BR-B,130.38,2026-01-07
SKU-00273,Item-00273,BR-C,182.76,2026-01-07
SKU-00273,Item-00273,BR-D,116.37,2026-01-07
SKU-00273,Item-00273,BR-E,194.01,2026-01-07
SKU-00274,Item-00274,BR-A,119.52,2026-01-07
SKU-00274,Item-00274,BR-B,86.54,2026-01-07
SKU-00274,Item-00274,BR-C,80.34,2026-01-07
SKU-00274,Item-00274,BR-D,52.4,2026-01-07
SKU-00274,Item-00274,BR-E,129.37,2026-01-07
SKU-00275,Item-00275,BR-A,194.18,2026-01-07
SKU-00275,Item-00275,BR-B,117.66,2026-01-07
SKU-00275,Item-00275,BR-C,135.27,2026-01-07
SKU-00275,Item-00275,BR-D,235.53,2026-01-07
SKU-00275,Item-00275,BR-E,202.17,2026-01-07
SKU-00276,Item-00276,BR-A,164.8,2026-01-07
SKU-00276,Item-00276,BR-B,131.01,2026-01-07
SKU-00276,Item-00276,BR-C,137.63,2026-01-07
SKU-00276,Item-00276,BR-D,97.0,2026-01-07
SKU-00276,Item-00276,BR-E,220.83,2026-01-07
SKU-00277,Item-00277,BR-A,107.99,2026-01-07
SKU-00277,Item-00277,BR-B,134.8,2026-01-07
SKU-00277,Item-00277,BR-C,115.47,2026-01-07
SKU-00277,Item-00277,BR-D,113.79,2026-01-07
SKU-00277,Item-00277,BR-E,69.47,2026-01-07
SKU-00278,Item-00278,BR-A,66.49,2026-01-07
SKU-00278,Item-00278,BR-B,80.3,2026-01-07
SKU-00278,Item-00278,BR-C,82.64,2026-01-07
SKU-00278,Item-00278,BR-D,69.99,2026-01-07
SKU-00278,Item-00278,BR-E,46.35,2026-01-07
SKU-00279,Item-00279,BR-A,161.07,2026-01-07
SKU-00279,Item-00279,BR-B,129.36,2026-01-07
SKU-00279,Item-00279,BR-C,110.41,2026-01-07
SKU-00279,Item-00279,BR-D,112.68,2026-01-07
SKU-00279,Item-00279,BR-E,161.35,2026-01-07
SKU-00280,Item-00280,BR-A,31.46,2026-01-07
SKU-00280,Item-00280,BR-B,55.3,2026-01-07
SKU-00280,Item-00280,BR-C,47.45,2026-01-07
SKU-00280,Item-00280,BR-D,33.64,2026-01-07
SKU-00280,Item-00280,BR-E,30.68,2026-01-07
SKU-00281,Item-00281,BR-A,191.93,2026-01-07
SKU-00281,Item-00281,BR-B,111.85,2026-01-07
SKU-00281,Item-00281,BR-C,118.86,2026-01-07
SKU-00281,Item-00281,BR-D,265.32,2026-01-07
SKU-00281,Item-00281,BR-E,156.09,2026-01-07
SKU-00282,Item-00282,BR-A,39.33,2026-01-07
SKU-00282,Item-00282,BR-B,41.31,2026-01-07
SKU-00282,Item-00282,BR-C,28.63,2026-01-07
SKU-00282,Item-00282,BR-D,32.75,2026-01-07
SKU-00282,Item-00282,BR-E,20.1,2026-01-07
SKU-00283,Item-00283,BR-A,80.25,2026-01-07
SKU-00283,Item-00283,BR-B,85.75,2026-01-07
SKU-00283,Item-00283,BR-C,102.36,2026-01-07
SKU-00283,Item-00283,BR-D,58.62,2026-01-07
SKU-00283,Item-00283,BR-E,82.72,2026-01-07
SKU-00284,Item-00284,BR-A,148.72,2026-01-07
SKU-00284,Item-00284,BR-B,144.43,2026-01-07
SKU-00284,Item-00284,BR-C,160.02,2026-01-07
SKU-00284,Item-00284,BR-D,196.99,2026-01-07
SKU-00284,Item-00284,BR-E,93.84,2026-01-07
SKU-00285,Item-00285,BR-A,66.31,2026-01-07
SKU-00285,Item-00285,BR-B,84.7,2026-01-07
SKU-00285,Item-00285,BR-C,127.22,2026-01-07
SKU-00285,Item-00285,BR-D,107.44,2026-01-07
SKU-00285,Item-00285,BR-E,81.84,2026-01-07
SKU-00286,Item-00286,BR-A,119.93,2026-01-07
SKU-00286,Item-00286,BR-B,103.7,2026-01-07
SKU-00286,Item-00286,BR-C,125.05,2026-01-07
SKU-00286,Item-00286,BR-D,64.79,2026-01-07
SKU-00286,Item-00286,BR-E,90.24,2026-01-07
SKU-00287,Item-00287,BR-A,11.94,2026-01-07
SKU-00287,Item-00287,BR-B,21.7,2026-01-07
SKU-00287,Item-00287,BR-C,17.84,2026-01-07
SKU-00287,Item-00287,BR-D,20.54,2026-01-07
SKU-00287,Item-00287,BR-E,20.03,2026-01-07
SKU-00288,Item-00288,BR-A,70.25,2026-01-07
SKU-00288,Item-00288,BR-B,101.43,2026-01-07
SKU-00288,Item-00288,BR-C,89.22,2026-01-07
SKU-00288,Item-00288,BR-D,106.09,2026-01-07
SKU-00288,Item-00288,BR-E,120.49,2026-01-07
SKU-00289,Item-00289,BR-A,236.54,2026-01-07
SKU-00289,Item-00289,BR-B,210.0,2026-01-07
SKU-00289,Item-00289,BR-C,108.32,2026-01-07
SKU-00289,Item-00289,BR-D,125.98,2026-01-07
SKU-00289,Item-00289,BR-E,210.83,2026-01-07
SKU-00290,Item-00290,BR-A,136.17,2026-01-07
SKU-00290,Item-00290,BR-B,83.64,2026-01-07
SKU-00290,Item-00290,BR-C,144.4,2026-01-07
SKU-00290,Item-00290,BR-D,55.33,2026-01-07
SKU-00290,Item-00290,BR-E,75.36,2026-01-07
SKU-00291,Item-00291,BR-A,66.75,2026-01-07
SKU-00291,Item-00291,BR-B,38.59,2026-01-07
SKU-00291,Item-00291,BR-C,53.1,2026-01-07
SKU-00291,Item-00291,BR-D,83.44,2026-01-07
SKU-00291,Item-00291,BR-E,34.17,2026-01-07
SKU-00292,Item-00292,BR-A,117.61,2026-01-07
SKU-00292,Item-00292,BR-B,241.37,2026-01-07
SKU-00292,Item-00292,BR-C,136.46,2026-01-07
SKU-00292,Item-00292,BR-D,140.41,2026-01-07
SKU-00292,Item-00292,BR-E,114.11,2026-01-07
SKU-00293,Item-00293,BR-A,70.77,2026-01-07
SKU-00293,Item-00293,BR-B,67.86,2026-01-07
SKU-00293,Item-00293,BR-C,91.4,2026-01-07
SKU-00293,Item-00293,BR-D,60.84,2026-01-07
SKU-00293,Item-00293,BR-E,78.1,2026-01-07
SKU-00294,Item-00294,BR-A,129.75,2026-01-07
SKU-00294,Item-00294,BR-B,88.85,2026-01-07
SKU-00294,Item-00294,BR-C,173.35,2026-01-07
SKU-00294,Item-00294,BR-D,147.46,2026-01-07
SKU-00294,Item-00294,BR-E,94.33,2026-01-07
SKU-00295,Item-00295,BR-A,125.84,2026-01-07
SKU-00295,Item-00295,BR-B,99.45,2026-01-07
SKU-00295,Item-00295,BR-C,141.0,2026-01-07
SKU-00295,Item-00295,BR-D,125.05,2026-01-07
SKU-00295,Item-00295,BR-E,127.47,2026-01-07
SKU-00296,Item-00296,BR-A,58.03,2026-01-07
SKU-00296,Item-00296,BR-B,69.54,2026-01-07
SKU-00296,Item-00296,BR-C,93.92,2026-01-07
SKU-00296,Item-00296,BR-D,112.65,2026-01-07
SKU-00296,Item-00296,BR-E,101.97,2026-01-07
SKU-00297,Item-00297,BR-A,84.93,2026-01-07
SKU-00297,Item-00297,BR-B,116.99,2026-01-07
SKU-00297,Item-00297,BR-C,99.23,2026-01-07
SKU-00297,Item-00297,BR-D,109.94,2026-01-07
SKU-00297,Item-00297,BR-E,78.27,2026-01-07
SKU-00298,Item-00298,BR-A,155.11,2026-01-07
SKU-00298,Item-00298,BR-B,90.44,2026-01-07
SKU-00298,Item-00298,BR-C,87.98,2026-01-07
SKU-00298,Item-00298,BR-D,115.21,2026-01-07
SKU-00298,Item-00298,BR-E,150.24,2026-01-07
SKU-00299,Item-00299,BR-A,275.55,2026-01-07
SKU-00299,Item-00299,BR-B,238.18,2026-01-07
SKU-00299,Item-00299,BR-C,247.61,2026-01-07
SKU-00299,Item-00299,BR-D,208.59,2026-01-07
SKU-00299,Item-00299,BR-E,261.87,2026-01-07
SKU-00300,Item-00300,BR-A,10.6,2026-01-07
SKU-00300,Item-00300,BR-B,13.52,2026-01-07
SKU-00300,Item-00300,BR-C,9.87,2026-01-07
SKU-00300,Item-00300,BR-D,10.51,2026-01-07
SKU-00300,Item-00300,BR-E,9.8,2026-01-07
SKU-00301,Item-00301,BR-A,157.16,2026-01-07
SKU-00301,Item-00301,BR-B,92.13,2026-01-07
SKU-00301,Item-00301,BR-C,177.1,2026-01-07
SKU-00301,Item-00301,BR-D,109.31,2026-01-07
SKU-00301,Item-00301,BR-E,135.37,2026-01-07
SKU-00302,Item-00302,BR-A,19.47,2026-01-07
SKU-00302,Item-00302,BR-B,29.21,2026-01-07
SKU-00302,Item-00302,BR-C,18.29,2026-01-07
SKU-00302,Item-00302,BR-D,16.92,2026-01-07
SKU-00302,Item-00302,BR-E,28.46,2026-01-07
SKU-00303,Item-00303,BR-A,18.72,2026-01-07
SKU-00303,Item-00303,BR-B,26.16,2026-01-07
SKU-00303,Item-00303,BR-C,23.81,2026-01-07
SKU-00303,Item-00303,BR-D,25.36,2026-01-07
SKU-00303,Item-00303,BR-E,35.68,2026-01-07
SKU-00304,Item-00304,BR-A,25.06,2026-01-07
SKU-00304,Item-00304,BR-B,44.48,2026-01-07
SKU-00304,Item-00304,BR-C,48.68,2026-01-07
SKU-00304,Item-00304,BR-D,47.03,2026-01-07
SKU-00304,Item-00304,BR-E,23.05,2026-01-07
SKU-00305,Item-00305,BR-A,93.55,2026-01-07
SKU-00305,Item-00305,BR-B,77.55,2026-01-07
SKU-00305,Item-00305,BR-C,68.66,2026-01-07
SKU-00305,Item-00305,BR-D,94.28,2026-01-07
SKU-00305,Item-00305,BR-E,70.2,2026-01-07
SKU-00306,Item-00306,BR-A,111.9,2026-01-07
SKU-00306,Item-00306,BR-B,80.73,2026-01-07
SKU-00306,Item-00306,BR-C,55.25,2026-01-07
SKU-00306,Item-00306,BR-D,55.99,2026-01-07
SKU-00306,Item-00306,BR-E,110.81,2026-01-07
SKU-00307,Item-00307,BR-A,89.67,2026-01-07
SKU-00307,Item-00307,BR-B,204.78,2026-01-07
SKU-00307,Item-00307,BR-C,160.76,2026-01-07
SKU-00307,Item-00307,BR-D,195.64,2026-01-07
SKU-00307,Item-00307,BR-E,201.05,2026-01-07
SKU-00308,Item-00308,BR-A,42.55,2026-01-07
SKU-00308,Item-00308,BR-B,48.67,2026-01-07
SKU-00308,Item-00308,BR-C,54.17,2026-01-07
SKU-00308,Item-00308,BR-D,71.21,2026-01-07
SKU-00308,Item-00308,BR-E,37.91,2026-01-07
SKU-00309,Item-00309,BR-A,54.9,2026-01-07
SKU-00309,Item-00309,BR-B,41.62,2026-01-07
SKU-00309,Item-00309,BR-C,47.48,2026-01-07
SKU-00309,Item-00309,BR-D,30.98,2026-01-07
SKU-00309,Item-00309,BR-E,53.38,2026-01-07
SKU-00310,Item-00310,BR-A,55.08,2026-01-07
SKU-00310,Item-00310,BR-B,106.16,2026-01-07
SKU-00310,Item-00310,BR-C,111.52,2026-01-07
SKU-00310,Item-00310,BR-D,78.7,2026-01-07
SKU-00310,Item-00310,BR-E,63.21,2026-01-07
SKU-00311,Item-00311,BR-A,14.87,2026-01-07
SKU-00311,Item-00311,BR-B,15.56,2026-01-07
SKU-00311,Item-00311,BR-C,9.98,2026-01-07
SKU-00311,Item-00311,BR-D,11.57,2026-01-07
SKU-00311,Item-00311,BR-E,12.72,2026-01-07
SKU-00312,Item-00312,BR-A,42.75,2026-01-07
SKU-00312,Item-00312,BR-B,65.69,2026-01-07
SKU-00312,Item-00312,BR-C,61.96,2026-01-07
SKU-00312,Item-00312,BR-D,59.86,2026-01-07
SKU-00312,Item-00312,BR-E,51.26,2026-01-07
SKU-00313,Item-00313,BR-A,149.06,2026-01-07
SKU-00313,Item-00313,BR-B,158.65,2026-01-07
SKU-00313,Item-00313,BR-C,90.12,2026-01-07
SKU-00313,Item-00313,BR-D,203.31,2026-01-07
SKU-00313,Item-00313,BR-E,122.6,2026-01-07
SKU-00314,Item-00314,BR-A,81.86,2026-01-07
SKU-00314,Item-00314,BR-B,196.78,2026-01-07
SKU-00314,Item-00314,BR-C,125.74,2026-01-07
SKU-00314,Item-00314,BR-D,142.45,2026-01-07
SKU-00314,Item-00314,BR-E,133.66,2026-01-07
SKU-00315,Item-00315,BR-A,54.37,2026-01-07
SKU-00315,Item-00315,BR-B,36.88,2026-01-07
SKU-00315,Item-00315,BR-C,60.08,2026-01-07
SKU-00315,Item-00315,BR-D,46.6,2026-01-07
SKU-00315,Item-00315,BR-E,55.47,2026-01-07
SKU-00316,Item-00316,BR-A,103.83,2026-01-07
SKU-00316,Item-00316,BR-B,105.11,2026-01-07
SKU-00316,Item-00316,BR-C,93.07,2026-01-07
SKU-00316,Item-00316,BR-D,161.78,2026-01-07
SKU-00316,Item-00316,BR-E,164.73,2026-01-07
SKU-00317,Item-00317,BR-A,15.93,2026-01-07
SKU-00317,Item-00317,BR-B,18.79,2026-01-07
SKU-00317,Item-00317,BR-C,39.19,2026-01-07
SKU-00317,Item-00317,BR-D,25.5,2026-01-07
SKU-00317,Item-00317,BR-E,37.55,2026-01-07
SKU-00318,Item-00318,BR-A,157.94,2026-01-07
SKU-00318,Item-00318,BR-B,147.6,2026-01-07
SKU-00318,Item-00318,BR-C,155.53,2026-01-07
SKU-00318,Item-00318,BR-D,80.71,2026-01-07
SKU-00318,Item-00318,BR-E,106.89,2026-01-07
SKU-00319,Item-00319,BR-A,115.01,2026-01-07
SKU-00319,Item-00319,BR-B,55.01,2026-01-07
SKU-00319,Item-00319,BR-C,86.78,2026-01-07
SKU-00319,Item-00319,BR-D,80.98,2026-01-07
SKU-00319,Item-00319,BR-E,106.44,2026-01-07
SKU-00320,Item-00320,BR-A,115.42,2026-01-07
SKU-00320,Item-00320,BR-B,89.07,2026-01-07
SKU-00320,Item-00320,BR-C,185.49,2026-01-07
SKU-00320,Item-00320,BR-D,182.56,2026-01-07
SKU-00320,Item-00320,BR-E,105.1,2026-01-07
SKU-00321,Item-00321,BR-A,86.83,2026-01-07
SKU-00321,Item-00321,BR-B,85.41,2026-01-07
SKU-00321,Item-00321,BR-C,99.68,2026-01-07
SKU-00321,Item-00321,BR-D,179.8,2026-01-07
SKU-00321,Item-00321,BR-E,160.04,2026-01-07
SKU-00322,Item-00322,BR-A,147.4,2026-01-07
SKU-00322,Item-00322,BR-B,216.51,2026-01-07
SKU-00322,Item-00322,BR-C,187.93,2026-01-07
SKU-00322,Item-00322,BR-D,154.38,2026-01-07
SKU-00322,Item-00322,BR-E,143.29,2026-01-07
SKU-00323,Item-00323,BR-A,245.14,2026-01-07
SKU-00323,Item-00323,BR-B,216.8,2026-01-07
SKU-00323,Item-00323,BR-C,174.8,2026-01-07
SKU-00323,Item-00323,BR-D,120.87,2026-01-07
SKU-00323,Item-00323,BR-E,134.66,2026-01-07
SKU-00324,Item-00324,BR-A,142.89,2026-01-07
SKU-00324,Item-00324,BR-B,73.11,2026-01-07
SKU-00324,Item-00324,BR-C,104.33,2026-01-07
SKU-00324,Item-00324,BR-D,173.04,2026-01-07
SKU-00324,Item-00324,BR-E,119.32,2026-01-07
SKU-00325,Item-00325,BR-A,170.25,2026-01-07
SKU-00325,Item-00325,BR-B,122.06,2026-01-07
SKU-00325,Item-00325,BR-C,120.2,2026-01-07
SKU-00325,Item-00325,BR-D,105.53,2026-01-07
SKU-00325,Item-00325,BR-E,68.15,2026-01-07
SKU-00326,Item-00326,BR-A,103.51,2026-01-07
SKU-00326,Item-00326,BR-B,120.96,2026-01-07
SKU-00326,Item-00326,BR-C,44.11,2026-01-07
SKU-00326,Item-00326,BR-D,80.73,2026-01-07
SKU-00326,Item-00326,BR-E,84.05,2026-01-07
SKU-00327,Item-00327,BR-A,17.25,2026-01-07
SKU-00327,Item-00327,BR-B,23.06,2026-01-07
SKU-00327,Item-00327,BR-C,28.25,2026-01-07
SKU-00327,Item-00327,BR-D,12.3,2026-01-07
SKU-00327,Item-00327,BR-E,26.09,2026-01-07
SKU-00328,Item-00328,BR-A,16.65,2026-01-07
SKU-00328,Item-00328,BR-B,26.54,2026-01-07
SKU-00328,Item-00328,BR-C,34.64,2026-01-07
SKU-00328,Item-00328,BR-D,22.99,2026-01-07
SKU-00328,Item-00328,BR-E,30.98,2026-01-07
SKU-00329,Item-00329,BR-A,91.87,2026-01-07
SKU-00329,Item-00329,BR-B,223.04,2026-01-07
SKU-00329,Item-00329,BR-C,163.83,2026-01-07
SKU-00329,Item-00329,BR-D,255.04,2026-01-07
SKU-00329,Item-00329,BR-E,157.58,2026-01-07
SKU-00330,Item-00330,BR-A,125.05,2026-01-07
SKU-00330,Item-00330,BR-B,109.6,2026-01-07
SKU-00330,Item-00330,BR-C,210.67,2026-01-07
SKU-00330,Item-00330,BR-D,95.88,2026-01-07
SKU-00330,Item-00330,BR-E,197.95,2026-01-07
SKU-00331,Item-00331,BR-A,102.35,2026-01-07
SKU-00331,Item-00331,BR-B,41.55,2026-01-07
SKU-00331,Item-00331,BR-C,74.92,2026-01-07
SKU-00331,Item-00331,BR-D,53.86,2026-01-07
SKU-00331,Item-00331,BR-E,91.13,2026-01-07
SKU-00332,Item-00332,BR-A,132.5,2026-01-07
SKU-00332,Item-00332,BR-B,99.84,2026-01-07
SKU-00332,Item-00332,BR-C,115.17,2026-01-07
SKU-00332,Item-00332,BR-D,146.83,2026-01-07
SKU-00332,Item-00332,BR-E,120.4,2026-01-07
SKU-00333,Item-00333,BR-A,129.9,2026-01-07
SKU-00333,Item-00333,BR-B,59.02,2026-01-07
SKU-00333,Item-00333,BR-C,109.93,2026-01-07
SKU-00333,Item-00333,BR-D,152.15,2026-01-07
SKU-00333,Item-00333,BR-E,118.13,2026-01-07
SKU-00334,Item-00334,BR-A,5.78,2026-01-07
SKU-00334,Item-00334,BR-B,5.12,2026-01-07
SKU-00334,Item-00334,BR-C,6.7,2026-01-07
SKU-00334,Item-00334,BR-D,5.4,2026-01-07
SKU-00334,Item-00334,BR-E,4.22,2026-01-07
SKU-00335,Item-00335,BR-A,176.53,2026-01-07
SKU-00335,Item-00335,BR-B,207.72,2026-01-07
SKU-00335,Item-00335,BR-C,167.82,2026-01-07
SKU-00335,Item-00335,BR-D,228.25,2026-01-07
SKU-00335,Item-00335,BR-E,145.04,2026-01-07
SKU-00336,Item-00336,BR-A,111.93,2026-01-07
SKU-00336,Item-00336,BR-B,129.07,2026-01-07
SKU-00336,Item-00336,BR-C,50.78,2026-01-07
SKU-00336,Item-00336,BR-D,105.29,2026-01-07
SKU-00336,Item-00336,BR-E,83.91,2026-01-07
SKU-00337,Item-00337,BR-A,105.77,2026-01-07
SKU-00337,Item-00337,BR-B,113.53,2026-01-07
SKU-00337,Item-00337,BR-C,149.21,2026-01-07
SKU-00337,Item-00337,BR-D,109.91,2026-01-07
SKU-00337,Item-00337,BR-E,85.73,2026-01-07
SKU-00338,Item-00338,BR-A,102.28,2026-01-07
SKU-00338,Item-00338,BR-B,197.32,2026-01-07
SKU-00338,Item-00338,BR-C,90.4,2026-01-07
SKU-00338,Item-00338,BR-D,206.27,2026-01-07
SKU-00338,Item-00338,BR-E,96.34,2026-01-07
SKU-00339,Item-00339,BR-A,47.01,2026-01-07
SKU-00339,Item-00339,BR-B,37.04,2026-01-07
SKU-00339,Item-00339,BR-C,49.15,2026-01-07
SKU-00339,Item-00339,BR-D,43.33,2026-01-07
SKU-00339,Item-00339,BR-E,47.9,2026-01-07
SKU-00340,Item-00340,BR-A,285.5,2026-01-07
SKU-00340,Item-00340,BR-B,229.93,2026-01-07
SKU-00340,Item-00340,BR-C,218.37,2026-01-07
SKU-00340,Item-00340,BR-D,255.06,2026-01-07
SKU-00340,Item-00340,BR-E,117.42,2026-01-07
SKU-00341,Item-00341,BR-A,118.74,2026-01-07
SKU-00341,Item-00341,BR-B,159.48,2026-01-07
SKU-00341,Item-00341,BR-C,158.33,2026-01-07
SKU-00341,Item-00341,BR-D,94.97,2026-01-07
SKU-00341,Item-00341,BR-E,101.12,2026-01-07
SKU-00342,Item-00342,BR-A,179.32,2026-01-07
SKU-00342,Item-00342,BR-B,194.63,2026-01-07
SKU-00342,Item-00342,BR-C,156.19,2026-01-07
SKU-00342,Item-00342,BR-D,86.5,2026-01-07
SKU-00342,Item-00342,BR-E,213.68,2026-01-07
SKU-00343,Item-00343,BR-A,95.25,2026-01-07
SKU-00343,Item-00343,BR-B,79.96,2026-01-07
SKU-00343,Item-00343,BR-C,61.68,2026-01-07
SKU-00343,Item-00343,BR-D,53.24,2026-01-07
SKU-00343,Item-00343,BR-E,88.25,2026-01-07
SKU-00344,Item-00344,BR-A,82.08,2026-01-07
SKU-00344,Item-00344,BR-B,78.2,2026-01-07
SKU-00344,Item-00344,BR-C,39.26,2026-01-07
SKU-00344,Item-00344,BR-D,90.76,2026-01-07
SKU-00344,Item-00344,BR-E,75.03,2026-01-07
SKU-00345,Item-00345,BR-A,150.51,2026-01-07
SKU-00345,Item-00345,BR-B,127.73,2026-01-07
SKU-00345,Item-00345,BR-C,94.35,2026-01-07
SKU-00345,Item-00345,BR-D,141.07,2026-01-07
SKU-00345,Item-00345,BR-E,190.9,2026-01-07
SKU-00346,Item-00346,BR-A,32.7,2026-01-07
SKU-00346,Item-00346,BR-B,65.63,2026-01-07
SKU-00346,Item-00346,BR-C,76.15,2026-01-07
SKU-00346,Item-00346,BR-D,43.93,2026-01-07
SKU-00346,Item-00346,BR-E,71.94,2026-01-07
SKU-00347,Item-00347,BR-A,52.53,2026-01-07
SKU-00347,Item-00347,BR-B,34.47,2026-01-07
SKU-00347,Item-00347,BR-C,58.64,2026-01-07
SKU-00347,Item-00347,BR-D,38.73,2026-01-07
SKU-00347,Item-00347,BR-E,69.92,2026-01-07
SKU-00348,Item-00348,BR-A,160.18,2026-01-07
SKU-00348,Item-00348,BR-B,62.09,2026-01-07
SKU-00348,Item-00348,BR-C,157.56,2026-01-07
SKU-00348,Item-00348,BR-D,158.17,2026-01-07
SKU-00348,Item-00348,BR-E,149.66,2026-01-07
SKU-00349,Item-00349,BR-A,87.28,2026-01-07
SKU-00349,Item-00349,BR-B,71.88,2026-01-07
SKU-00349,Item-00349,BR-C,85.56,2026-01-07
SKU-00349,Item-00349,BR-D,63.8,2026-01-07
SKU-00349,Item-00349,BR-E,69.11,2026-01-07
SKU-00350,Item-00350,BR-A,137.4,2026-01-07
SKU-00350,Item-00350,BR-B,240.38,2026-01-07
SKU-00350,Item-00350,BR-C,229.98,2026-01-07
SKU-00350,Item-00350,BR-D,147.18,2026-01-07
SKU-00350,Item-00350,BR-E,118.35,2026-01-07
SKU-00351,Item-00351,BR-A,76.97,2026-01-07
SKU-00351,Item-00351,BR-B,141.32,2026-01-07
SKU-00351,Item-00351,BR-C,145.08,2026-01-07
SKU-00351,Item-00351,BR-D,77.7,2026-01-07
SKU-00351,Item-00351,BR-E,93.8,2026-01-07
SKU-00352,Item-00352,BR-A,213.36,2026-01-07
SKU-00352,Item-00352,BR-B,117.09,2026-01-07
SKU-00352,Item-00352,BR-C,167.89,2026-01-07
SKU-00352,Item-00352,BR-D,140.77,2026-01-07
SKU-00352,Item-00352,BR-E,94.53,2026-01-07
SKU-00353,Item-00353,BR-A,65.43,2026-01-07
SKU-00353,Item-00353,BR-B,43.34,2026-01-07
SKU-00353,Item-00353,BR-C,71.26,2026-01-07
SKU-00353,Item-00353,BR-D,62.54,2026-01-07
SKU-00353,Item-00353,BR-E,31.76,2026-01-07
SKU-00354,Item-00354,BR-A,134.85,2026-01-07
SKU-00354,Item-00354,BR-B,142.49,2026-01-07
SKU-00354,Item-00354,BR-C,147.43,2026-01-07
SKU-00354,Item-00354,BR-D,133.01,2026-01-07
SKU-00354,Item-00354,BR-E,85.82,2026-01-07
SKU-00355,Item-00355,BR-A,209.97,2026-01-07
SKU-00355,Item-00355,BR-B,126.91,2026-01-07
SKU-00355,Item-00355,BR-C,184.19,2026-01-07
SKU-00355,Item-00355,BR-D,192.67,2026-01-07
SKU-00355,Item-00355,BR-E,222.06,2026-01-07
SKU-00356,Item-00356,BR-A,70.7,2026-01-07
SKU-00356,Item-00356,BR-B,63.75,2026-01-07
SKU-00356,Item-00356,BR-C,67.19,2026-01-07
SKU-00356,Item-00356,BR-D,55.37,2026-01-07
SKU-00356,Item-00356,BR-E,48.25,2026-01-07
SKU-00357,Item-00357,BR-A,109.37,2026-01-07
SKU-00357,Item-00357,BR-B,102.39,2026-01-07
SKU-00357,Item-00357,BR-C,67.43,2026-01-07
SKU-00357,Item-00357,BR-D,138.59,2026-01-07
SKU-00357,Item-00357,BR-E,119.51,2026-01-07
SKU-00358,Item-00358,BR-A,81.43,2026-01-07
SKU-00358,Item-00358,BR-B,208.08,2026-01-07
SKU-00358,Item-00358,BR-C,115.88,2026-01-07
SKU-00358,Item-00358,BR-D,151.78,2026-01-07
SKU-00358,Item-00358,BR-E,91.2,2026-01-07
SKU-00359,Item-00359,BR-A,91.16,2026-01-07
SKU-00359,Item-00359,BR-B,72.79,2026-01-07
SKU-00359,Item-00359,BR-C,88.48,2026-01-07
SKU-00359,Item-00359,BR-D,60.55,2026-01-07
SKU-00359,Item-00359,BR-E,81.98,2026-01-07
SKU-00360,Item-00360,BR-A,12.48,2026-01-07
SKU-00360,Item-00360,BR-B,13.63,2026-01-07
SKU-00360,Item-00360,BR-C,27.51,2026-01-07
SKU-00360,Item-00360,BR-D,24.68,2026-01-07
SKU-00360,Item-00360,BR-E,27.92,2026-01-07
SKU-00361,Item-00361,BR-A,74.61,2026-01-07
SKU-00361,Item-00361,BR-B,64.17,2026-01-07
SKU-00361,Item-00361,BR-C,65.4,2026-01-07
SKU-00361,Item-00361,BR-D,117.06,2026-01-07
SKU-00361,Item-00361,BR-E,111.14,2026-01-07
SKU-00362,Item-00362,BR-A,74.08,2026-01-07
SKU-00362,Item-00362,BR-B,70.57,2026-01-07
SKU-00362,Item-00362,BR-C,43.75,2026-01-07
SKU-00362,Item-00362,BR-D,48.29,2026-01-07
SKU-00362,Item-00362,BR-E,69.04,2026-01-07
SKU-00363,Item-00363,BR-A,60.56,2026-01-07
SKU-00363,Item-00363,BR-B,142.91,2026-01-07
SKU-00363,Item-00363,BR-C,143.82,2026-01-07
SKU-00363,Item-00363,BR-D,113.07,2026-01-07
SKU-00363,Item-00363,BR-E,98.01,2026-01-07
SKU-00364,Item-00364,BR-A,64.71,2026-01-07
SKU-00364,Item-00364,BR-B,94.27,2026-01-07
SKU-00364,Item-00364,BR-C,103.08,2026-01-07
SKU-00364,Item-00364,BR-D,76.86,2026-01-07
SKU-00364,Item-00364,BR-E,105.85,2026-01-07
SKU-00365,Item-00365,BR-A,70.81,2026-01-07
SKU-00365,Item-00365,BR-B,70.64,2026-01-07
SKU-00365,Item-00365,BR-C,39.43,2026-01-07
SKU-00365,Item-00365,BR-D,74.9,2026-01-07
SKU-00365,Item-00365,BR-E,98.11,2026-01-07
SKU-00366,Item-00366,BR-A,39.3,2026-01-07
SKU-00366,Item-00366,BR-B,36.7,2026-01-07
SKU-00366,Item-00366,BR-C,75.37,2026-01-07
SKU-00366,Item-00366,BR-D,30.79,2026-01-07
SKU-00366,Item-00366,BR-E,42.76,2026-01-07
SKU-00367,Item-00367,BR-A,68.47,2026-01-07
SKU-00367,Item-00367,BR-B,26.61,2026-01-07
SKU-00367,Item-00367,BR-C,59.01,2026-01-07
SKU-00367,Item-00367,BR-D,44.34,2026-01-07
SKU-00367,Item-00367,BR-E,46.65,2026-01-07
SKU-00368,Item-00368,BR-A,41.94,2026-01-07
SKU-00368,Item-00368,BR-B,93.02,2026-01-07
SKU-00368,Item-00368,BR-C,67.2,2026-01-07
SKU-00368,Item-00368,BR-D,75.13,2026-01-07
SKU-00368,Item-00368,BR-E,77.7,2026-01-07
SKU-00369,Item-00369,BR-A,203.57,2026-01-07
SKU-00369,Item-00369,BR-B,248.85,2026-01-07
SKU-00369,Item-00369,BR-C,189.22,2026-01-07
SKU-00369,Item-00369,BR-D,171.66,2026-01-07
SKU-00369,Item-00369,BR-E,102.04,2026-01-07
SKU-00370,Item-00370,BR-A,25.23,2026-01-07
SKU-00370,Item-00370,BR-B,33.82,2026-01-07
SKU-00370,Item-00370,BR-C,36.96,2026-01-07
SKU-00370,Item-00370,BR-D,54.16,2026-01-07
SKU-00370,Item-00370,BR-E,33.55,2026-01-07
SKU-00371,Item-00371,BR-A,82.51,2026-01-07
SKU-00371,Item-00371,BR-B,43.85,2026-01-07
SKU-00371,Item-00371,BR-C,61.87,2026-01-07
SKU-00371,Item-00371,BR-D,83.15,2026-01-07
SKU-00371,Item-00371,BR-E,67.35,2026-01-07
SKU-00372,Item-00372,BR-A,139.09,2026-01-07
SKU-00372,Item-00372,BR-B,73.52,2026-01-07
SKU-00372,Item-00372,BR-C,123.66,2026-01-07
SKU-00372,Item-00372,BR-D,69.07,2026-01-07
SKU-00372,Item-00372,BR-E,120.39,2026-01-07
SKU-00373,Item-00373,BR-A,156.43,2026-01-07
SKU-00373,Item-00373,BR-B,210.22,2026-01-07
SKU-00373,Item-00373,BR-C,227.36,2026-01-07
SKU-00373,Item-00373,BR-D,192.36,2026-01-07
SKU-00373,Item-00373,BR-E,119.57,2026-01-07
SKU-00374,Item-00374,BR-A,40.12,2026-01-07
SKU-00374,Item-00374,BR-B,66.48,2026-01-07
SKU-00374,Item-00374,BR-C,53.34,2026-01-07
SKU-00374,Item-00374,BR-D,64.85,2026-01-07
SKU-00374,Item-00374,BR-E,62.87,2026-01-07
SKU-00375,Item-00375,BR-A,35.33,2026-01-07
SKU-00375,Item-00375,BR-B,45.42,2026-01-07
SKU-00375,Item-00375,BR-C,80.82,2026-01-07
SKU-00375,Item-00375,BR-D,34.22,2026-01-07
SKU-00375,Item-00375,BR-E,84.65,2026-01-07
SKU-00376,Item-00376,BR-A,26.47,2026-01-07
SKU-00376,Item-00376,BR-B,20.24,2026-01-07
SKU-00376,Item-00376,BR-C,25.51,2026-01-07
SKU-00376,Item-00376,BR-D,38.02,2026-01-07
SKU-00376,Item-00376,BR-E,41.61,2026-01-07
SKU-00377,Item-00377,BR-A,283.37,2026-01-07
SKU-00377,Item-00377,BR-B,214.16,2026-01-07
SKU-00377,Item-00377,BR-C,185.5,2026-01-07
SKU-00377,Item-00377,BR-D,116.51,2026-01-07
SKU-00377,Item-00377,BR-E,106.05,2026-01-07
SKU-00378,Item-00378,BR-A,73.24,2026-01-07
SKU-00378,Item-00378,BR-B,58.14,2026-01-07
SKU-00378,Item-00378,BR-C,90.16,2026-01-07
SKU-00378,Item-00378,BR-D,72.02,2026-01-07
SKU-00378,Item-00378,BR-E,57.32,2026-01-07
SKU-00379,Item-00379,BR-A,79.34,2026-01-07
SKU-00379,Item-00379,BR-B,69.4,2026-01-07
SKU-00379,Item-00379,BR-C,149.22,2026-01-07
SKU-00379,Item-00379,BR-D,183.05,2026-01-07
SKU-00379,Item-00379,BR-E,105.4,2026-01-07
SKU-00380,Item-00380,BR-A,14.71,2026-01-07
SKU-00380,Item-00380,BR-B,14.79,2026-01-07
SKU-00380,Item-00380,BR-C,32.45,2026-01-07
SKU-00380,Item-00380,BR-D,36.04,2026-01-07
SKU-00380,Item-00380,BR-E,17.96,2026-01-07
SKU-00381,Item-00381,BR-A,93.24,2026-01-07
SKU-00381,Item-00381,BR-B,152.96,2026-01-07
SKU-00381,Item-00381,BR-C,122.72,2026-01-07
SKU-00381,Item-00381,BR-D,72.61,2026-01-07
SKU-00381,Item-00381,BR-E,130.96,2026-01-07
SKU-00382,Item-00382,BR-A,139.39,2026-01-07
SKU-00382,Item-00382,BR-B,107.82,2026-01-07
SKU-00382,Item-00382,BR-C,125.08,2026-01-07
SKU-00382,Item-00382,BR-D,96.17,2026-01-07
SKU-00382,Item-00382,BR-E,101.26,2026-01-07
SKU-00383,Item-00383,BR-A,21.66,2026-01-07
SKU-00383,Item-00383,BR-B,51.32,2026-01-07
SKU-00383,Item-00383,BR-C,50.82,2026-01-07
SKU-00383,Item-00383,BR-D,37.89,2026-01-07
SKU-00383,Item-00383,BR-E,42.52,2026-01-07
SKU-00384,Item-00384,BR-A,43.41,2026-01-07
SKU-00384,Item-00384,BR-B,35.41,2026-01-07
SKU-00384,Item-00384,BR-C,55.92,2026-01-07
SKU-00384,Item-00384,BR-D,57.65,2026-01-07
SKU-00384,Item-00384,BR-E,60.49,2026-01-07
SKU-00385,Item-00385,BR-A,17.96,2026-01-07
SKU-00385,Item-00385,BR-B,29.48,2026-01-07
SKU-00385,Item-00385,BR-C,34.06,2026-01-07
SKU-00385,Item-00385,BR-D,27.45,2026-01-07
SKU-00385,Item-00385,BR-E,27.76,2026-01-07
SKU-00386,Item-00386,BR-A,88.23,2026-01-07
SKU-00386,Item-00386,BR-B,85.18,2026-01-07
SKU-00386,Item-00386,BR-C,94.45,2026-01-07
SKU-00386,Item-00386,BR-D,52.85,2026-01-07
SKU-00386,Item-00386,BR-E,85.91,2026-01-07
SKU-00387,Item-00387,BR-A,139.32,2026-01-07
SKU-00387,Item-00387,BR-B,134.61,2026-01-07
SKU-00387,Item-00387,BR-C,150.67,2026-01-07
SKU-00387,Item-00387,BR-D,69.75,2026-01-07
SKU-00387,Item-00387,BR-E,64.96,2026-01-07
SKU-00388,Item-00388,BR-A,44.12,2026-01-07
SKU-00388,Item-00388,BR-B,31.81,2026-01-07
SKU-00388,Item-00388,BR-C,29.65,2026-01-07
SKU-00388,Item-00388,BR-D,45.47,2026-01-07
SKU-00388,Item-00388,BR-E,36.44,2026-01-07
SKU-00389,Item-00389,BR-A,28.92,2026-01-07
SKU-00389,Item-00389,BR-B,11.32,2026-01-07
SKU-00389,Item-00389,BR-C,22.83,2026-01-07
SKU-00389,Item-00389,BR-D,13.4,2026-01-07
SKU-00389,Item-00389,BR-E,29.86,2026-01-07
SKU-00390,Item-00390,BR-A,17.8,2026-01-07
SKU-00390,Item-00390,BR-B,37.65,2026-01-07
SKU-00390,Item-00390,BR-C,34.54,2026-01-07
SKU-00390,Item-00390,BR-D,23.79,2026-01-07
SKU-00390,Item-00390,BR-E,36.8,2026-01-07
SKU-00391,Item-00391,BR-A,140.03,2026-01-07
SKU-00391,Item-00391,BR-B,133.59,2026-01-07
SKU-00391,Item-00391,BR-C,163.97,2026-01-07
SKU-00391,Item-00391,BR-D,86.83,2026-01-07
SKU-00391,Item-00391,BR-E,66.23,2026-01-07
SKU-00392,Item-00392,BR-A,230.62,2026-01-07
SKU-00392,Item-00392,BR-B,166.06,2026-01-07
SKU-00392,Item-00392,BR-C,82.79,2026-01-07
SKU-00392,Item-00392,BR-D,225.42,2026-01-07
SKU-00392,Item-00392,BR-E,218.38,2026-01-07
SKU-00393,Item-00393,BR-A,81.59,2026-01-07
SKU-00393,Item-00393,BR-B,60.96,2026-01-07
SKU-00393,Item-00393,BR-C,54.99,2026-01-07
SKU-00393,Item-00393,BR-D,89.91,2026-01-07
SKU-00393,Item-00393,BR-E,78.63,2026-01-07
SKU-00394,Item-00394,BR-A,51.77,2026-01-07
SKU-00394,Item-00394,BR-B,90.81,2026-01-07
SKU-00394,Item-00394,BR-C,60.65,2026-01-07
SKU-00394,Item-00394,BR-D,60.43,2026-01-07
SKU-00394,Item-00394,BR-E,75.56,2026-01-07
SKU-00395,Item-00395,BR-A,75.31,2026-01-07
SKU-00395,Item-00395,BR-B,42.12,2026-01-07
SKU-00395,Item-00395,BR-C,52.01,2026-01-07
SKU-00395,Item-00395,BR-D,71.02,2026-01-07
SKU-00395,Item-00395,BR-E,82.35,2026-01-07
SKU-00396,Item-00396,BR-A,76.45,2026-01-07
SKU-00396,Item-00396,BR-B,145.83,2026-01-07
SKU-00396,Item-00396,BR-C,165.31,2026-01-07
SKU-00396,Item-00396,BR-D,131.2,2026-01-07
SKU-00396,Item-00396,BR-E,98.57,2026-01-07
SKU-00397,Item-00397,BR-A,212.19,2026-01-07
SKU-00397,Item-00397,BR-B,209.16,2026-01-07
SKU-00397,Item-00397,BR-C,273.49,2026-01-07
SKU-00397,Item-00397,BR-D,180.22,2026-01-07
SKU-00397,Item-00397,BR-E,132.36,2026-01-07
SKU-00398,Item-00398,BR-A,83.9,2026-01-07
SKU-00398,Item-00398,BR-B,182.96,2026-01-07
SKU-00398,Item-00398,BR-C,107.78,2026-01-07
SKU-00398,Item-00398,BR-D,139.07,2026-01-07
SKU-00398,Item-00398,BR-E,121.99,2026-01-07
SKU-00399,Item-00399,BR-A,175.63,2026-01-07
SKU-00399,Item-00399,BR-B,184.8,2026-01-07
SKU-00399,Item-00399,BR-C,188.93,2026-01-07
SKU-00399,Item-00399,BR-D,104.47,2026-01-07
SKU-00399,Item-00399,BR-E,165.25,2026-01-07
SKU-00400,Item-00400,BR-A,40.07,2026-01-07
SKU-00400,Item-00400,BR-B,33.38,2026-01-07
SKU-00400,Item-00400,BR-C,67.8,2026-01-07
SKU-00400,Item-00400,BR-D,44.07,2026-01-07
SKU-00400,Item-00400,BR-E,41.43,2026-01-07
SKU-00001,Cola 1.5L,BR-A,172.75,2026-01-08
SKU-00001,Cola 1.5L,BR-B,231.58,2026-01-08
SKU-00001,Cola 1.5L,BR-C,144.57,2026-01-08
SKU-00001,Cola 1.5L,BR-D,222.22,2026-01-08
SKU-00001,Cola 1.5L,BR-E,112.11,2026-01-08
SKU-00002,Orange Juice 1L,BR-A,17.8,2026-01-08
SKU-00002,Orange Juice 1L,BR-B,8.75,2026-01-08
SKU-00002,Orange Juice 1L,BR-C,17.8,2026-01-08
SKU-00002,Orange Juice 1L,BR-D,11.66,2026-01-08
SKU-00002,Orange Juice 1L,BR-E,17.62,2026-01-08
SKU-00003,Mineral Water 500ml,BR-A,95.13,2026-01-08
SKU-00003,Mineral Water 500ml,BR-B,42.4,2026-01-08
SKU-00003,Mineral Water 500ml,BR-C,96.96,2026-01-08
SKU-00003,Mineral Water 500ml,BR-D,45.85,2026-01-08
SKU-00003,Mineral Water 500ml,BR-E,71.44,2026-01-08
SKU-00004,Energy Drink 250ml,BR-A,92.29,2026-01-08
SKU-00004,Energy Drink 250ml,BR-B,90.6,2026-01-08
SKU-00004,Energy Drink 250ml,BR-C,59.8,2026-01-08
SKU-00004,Energy Drink 250ml,BR-D,93.89,2026-01-08
SKU-00004,Energy Drink 250ml,BR-E,62.91,2026-01-08
SKU-00005,Soda Can,BR-A,144.83,2026-01-08
SKU-00005,Soda Can,BR-B,130.29,2026-01-08
SKU-00005,Soda Can,BR-C,267.76,2026-01-08
SKU-00005,Soda Can,BR-D,194.82,2026-01-08
SKU-00005,Soda Can,BR-E,138.33,2026-01-08
SKU-00006,Apple Juice 1L,BR-A,124.92,2026-01-08
SKU-00006,Apple Juice 1L,BR-B,195.63,2026-01-08
SKU-00006,Apple Juice 1L,BR-C,154.33,2026-01-08
SKU-00006,Apple Juice 1L,BR-D,224.33,2026-01-08
SKU-00006,Apple Juice 1L,BR-E,236.16,2026-01-08
SKU-00007,Tea Bag 100s,BR-A,126.48,2026-01-08
SKU-00007,Tea Bag 100s,BR-B,146.0,2026-01-08
SKU-00007,Tea Bag 100s,BR-C,246.34,2026-01-08
SKU-00007,Tea Bag 100s,BR-D,345.28,2026-01-08
SKU-00007,Tea Bag 100s,BR-E,315.38,2026-01-08
SKU-00008,Coffee 200g,BR-A,20.63,2026-01-08
SKU-00008,Coffee 200g,BR-B,35.1,2026-01-08
SKU-00008,Coffee 200g,BR-C,35.91,2026-01-08
SKU-00008,Coffee 200g,BR-D,22.27,2026-01-08
SKU-00008,Coffee 200g,BR-E,19.3,2026-01-08
SKU-00009,Lemonade 1L,BR-A,108.74,2026-01-08
SKU-00009,Lemonade 1L,BR-B,105.31,2026-01-08
SKU-00009,Lemonade 1L,BR-C,167.11,2026-01-08
SKU-00009,Lemonade 1L,BR-D,166.0,2026-01-08
SKU-00009,Lemonade 1L,BR-E,151.32,2026-01-08
SKU-00010,Iced Tea 500ml,BR-A,12.8,2026-01-08
SKU-00010,Iced Tea 500ml,BR-B,14.32,2026-01-08
SKU-00010,Iced Tea 500ml,BR-C,8.39,2026-01-08
SKU-00010,Iced Tea 500ml,BR-D,12.49,2026-01-08
SKU-00010,Iced Tea 500ml,BR-E,15.46,2026-01-08
SKU-00011,Thermos Flask 500ml,BR-A,76.51,2026-01-08
SKU-00011,Thermos Flask 500ml,BR-B,92.03,2026-01-08
SKU-00011,Thermos Flask 500ml,BR-C,38.98,2026-01-08
SKU-00011,Thermos Flask 500ml,BR-D,68.86,2026-01-08
SKU-00011,Thermos Flask 500ml,BR-E,93.64,2026-01-08
SKU-00012,أكوا 1.5 لتر,BR-A,154.58,2026-01-08
SKU-00012,أكوا 1.5 لتر,BR-B,185.99,2026-01-08
SKU-00012,أكوا 1.5 لتر,BR-C,191.65,2026-01-08
SKU-00012,أكوا 1.5 لتر,BR-D,87.14,2026-01-08
SKU-00012,أكوا 1.5 لتر,BR-E,182.28,2026-01-08
SKU-00013,Sports Drink 600ml,BR-A,8.28,2026-01-08
SKU-00013,Sports Drink 600ml,BR-B,9.61,2026-01-08
SKU-00013,Sports Drink 600ml,BR-C,8.21,2026-01-08
SKU-00013,Sports Drink 600ml,BR-D,18.81,2026-01-08
SKU-00013,Sports Drink 600ml,BR-E,17.0,2026-01-08
SKU-00014,Milk 1L,BR-A,43.61,2026-01-08
SKU-00014,Milk 1L,BR-B,77.18,2026-01-08
SKU-00014,Milk 1L,BR-C,75.87,2026-01-08
SKU-00014,Milk 1L,BR-D,33.69,2026-01-08
SKU-00014,Milk 1L,BR-E,63.09,2026-01-08
SKU-00015,Butter 250g,BR-A,126.37,2026-01-08
SKU-00015,Butter 250g,BR-B,97.81,2026-01-08
SKU-00015,Butter 250g,BR-C,104.33,2026-01-08
SKU-00015,Butter 250g,BR-D,165.84,2026-01-08
SKU-00015,Butter 250g,BR-E,145.93,2026-01-08
SKU-00016,Cheese Slices,BR-A,80.04,2026-01-08
SKU-00016,Cheese Slices,BR-B,216.38,2026-01-08
SKU-00016,Cheese Slices,BR-C,115.01,2026-01-08
SKU-00016,Cheese Slices,BR-D,179.29,2026-01-08
SKU-00016,Cheese Slices,BR-E,220.86,2026-01-08
SKU-00017,Yogurt 500g,BR-A,39.01,2026-01-08
SKU-00017,Yogurt 500g,BR-B,65.06,2026-01-08
SKU-00017,Yogurt 500g,BR-C,82.6,2026-01-08
SKU-00017,Yogurt 500g,BR-D,68.65,2026-01-08
SKU-00017,Yogurt 500g,BR-E,54.02,2026-01-08
SKU-00018,Eggs 12pk,BR-A,129.61,2026-01-08
SKU-00018,Eggs 12pk,BR-B,210.3,2026-01-08
SKU-00018,Eggs 12pk,BR-C,105.88,2026-01-08
SKU-00018,Eggs 12pk,BR-D,172.38,2026-01-08
SKU-00018,Eggs 12pk,BR-E,156.93,2026-01-08
SKU-00019,Cream 200ml,BR-A,239.48,2026-01-08
SKU-00019,Cream 200ml,BR-B,235.25,2026-01-08
SKU-00019,Cream 200ml,BR-C,297.07,2026-01-08
SKU-00019,Cream 200ml,BR-D,201.18,2026-01-08
SKU-00019,Cream 200ml,BR-E,141.79,2026-01-08
SKU-00020,Cheese Block 200g,BR-A,6.52,2026-01-08
SKU-00020,Cheese Block 200g,BR-B,12.24,2026-01-08
SKU-00020,Cheese Block 200g,BR-C,10.68,2026-01-08
SKU-00020,Cheese Block 200g,BR-D,7.8,2026-01-08
SKU-00020,Cheese Block 200g,BR-E,10.41,2026-01-08
SKU-00021,Ghee 1L,BR-A,315.63,2026-01-08
SKU-00021,Ghee 1L,BR-B,280.59,2026-01-08
SKU-00021,Ghee 1L,BR-C,221.93,2026-01-08
SKU-00021,Ghee 1L,BR-D,143.24,2026-01-08
SKU-00021,Ghee 1L,BR-E,213.38,2026-01-08
SKU-00022,Milk Powder 400g,BR-A,246.39,2026-01-08
SKU-00022,Milk Powder 400g,BR-B,247.52,2026-01-08
SKU-00022,Milk Powder 400g,BR-C,113.93,2026-01-08
SKU-00022,Milk Powder 400g,BR-D,264.17,2026-01-08
SKU-00022,Milk Powder 400g,BR-E,231.82,2026-01-08
SKU-00023,الحليب الطازج,BR-A,56.47,2026-01-08
SKU-00023,الحليب الطازج,BR-B,73.81,2026-01-08
SKU-00023,الحليب الطازج,BR-C,54.12,2026-01-08
SKU-00023,الحليب الطازج,BR-D,82.52,2026-01-08
SKU-00023,الحليب الطازج,BR-E,101.95,2026-01-08
SKU-00024,Bread Loaf,BR-A,52.74,2026-01-08
SKU-00024,Bread Loaf,BR-B,34.89,2026-01-08
SKU-00024,Bread Loaf,BR-C,33.12,2026-01-08
SKU-00024,Bread Loaf,BR-D,46.2,2026-01-08
SKU-00024,Bread Loaf,BR-E,38.33,2026-01-08
SKU-00025,Croissant,BR-A,376.13,2026-01-08
SKU-00025,Croissant,BR-B,329.49,2026-01-08
SKU-00025,Croissant,BR-C,315.71,2026-01-08
SKU-00025,Croissant,BR-D,243.31,2026-01-08
SKU-00025,Croissant,BR-E,264.78,2026-01-08
SKU-00026,Pita Bread 6pk,BR-A,130.31,2026-01-08
SKU-00026,Pita Bread 6pk,BR-B,71.63,2026-01-08
SKU-00026,Pita Bread 6pk,BR-C,129.39,2026-01-08
SKU-00026,Pita Bread 6pk,BR-D,63.31,2026-01-08
SKU-00026,Pita Bread 6pk,BR-E,98.06,2026-01-08
SKU-00027,Muffin 4pk,BR-A,28.35,2026-01-08
SKU-00027,Muffin 4pk,BR-B,24.37,2026-01-08
SKU-00027,Muffin 4pk,BR-C,32.56,2026-01-08
SKU-00027,Muffin 4pk,BR-D,17.34,2026-01-08
SKU-00027,Muffin 4pk,BR-E,29.06,2026-01-08
SKU-00028,Baguette,BR-A,22.75,2026-01-08
SKU-00028,Baguette,BR-B,33.75,2026-01-08
SKU-00028,Baguette,BR-C,47.48,2026-01-08
SKU-00028,Baguette,BR-D,47.69,2026-01-08
SKU-00028,Baguette,BR-E,44.41,2026-01-08
SKU-00029,Donuts 6pk,BR-A,325.31,2026-01-08
SKU-00029,Donuts 6pk,BR-B,230.65,2026-01-08
SKU-00029,Donuts 6pk,BR-C,240.35,2026-01-08
SKU-00029,Donuts 6pk,BR-D,333.44,2026-01-08
SKU-00029,Donuts 6pk,BR-E,189.59,2026-01-08
SKU-00030,Cake Slice,BR-A,122.23,2026-01-08
SKU-00030,Cake Slice,BR-B,232.82,2026-01-08
SKU-00030,Cake Slice,BR-C,213.15,2026-01-08
SKU-00030,Cake Slice,BR-D,186.48,2026-01-08
SKU-00030,Cake Slice,BR-E,221.44,2026-01-08
SKU-00031,Cookies Pack,BR-A,199.37,2026-01-08
SKU-00031,Cookies Pack,BR-B,142.79,2026-01-08
SKU-00031,Cookies Pack,BR-C,123.69,2026-01-08
SKU-00031,Cookies Pack,BR-D,184.19,2026-01-08
SKU-00031,Cookies Pack,BR-E,207.74,2026-01-08
SKU-00032,كعكة شوكولاتة,BR-A,188.2,2026-01-08
SKU-00032,كعكة شوكولاتة,BR-B,156.1,2026-01-08
SKU-00032,كعكة شوكولاتة,BR-C,112.71,2026-01-08
SKU-00032,كعكة شوكولاتة,BR-D,172.07,2026-01-08
SKU-00032,كعكة شوكولاتة,BR-E,221.81,2026-01-08
SKU-00033,Apples 1kg,BR-A,126.94,2026-01-08
SKU-00033,Apples 1kg,BR-B,128.61,2026-01-08
SKU-00033,Apples 1kg,BR-C,133.29,2026-01-08
SKU-00033,Apples 1kg,BR-D,106.07,2026-01-08
SKU-00033,Apples 1kg,BR-E,102.76,2026-01-08
SKU-00034,Bananas 1kg,BR-A,345.19,2026-01-08
SKU-00034,Bananas 1kg,BR-B,286.8,2026-01-08
SKU-00034,Bananas 1kg,BR-C,273.32,2026-01-08
SKU-00034,Bananas 1kg,BR-D,220.77,2026-01-08
SKU-00034,Bananas 1kg,BR-E,330.26,2026-01-08
SKU-00035,Potatoes 2kg,BR-A,66.14,2026-01-08
SKU-00035,Potatoes 2kg,BR-B,105.7,2026-01-08
SKU-00035,Potatoes 2kg,BR-C,126.85,2026-01-08
SKU-00035,Potatoes 2kg,BR-D,130.0,2026-01-08
SKU-00035,Potatoes 2kg,BR-E,123.39,2026-01-08
SKU-00036,Onions 1kg,BR-A,166.66,2026-01-08
SKU-00036,Onions 1kg,BR-B,209.02,2026-01-08
SKU-00036,Onions 1kg,BR-C,93.42,2026-01-08
SKU-00036,Onions 1kg,BR-D,91.02,2026-01-08
SKU-00036,Onions 1kg,BR-E,93.48,2026-01-08
SKU-00037,Tomatoes 1kg,BR-A,285.49,2026-01-08
SKU-00037,Tomatoes 1kg,BR-B,320.7,2026-01-08
SKU-00037,Tomatoes 1kg,BR-C,137.22,2026-01-08
SKU-00037,Tomatoes 1kg,BR-D,330.43,2026-01-08
SKU-00037,Tomatoes 1kg,BR-E,120.83,2026-01-08
SKU-00038,Cucumbers 500g,BR-A,141.56,2026-01-08
SKU-00038,Cucumbers 500g,BR-B,136.08,2026-01-08
SKU-00038,Cucumbers 500g,BR-C,241.8,2026-01-08
SKU-00038,Cucumbers 500g,BR-D,199.27,2026-01-08
SKU-00038,Cucumbers 500g,BR-E,96.73,2026-01-08
SKU-00039,Lettuce Head,BR-A,279.14,2026-01-08
SKU-00039,Lettuce Head,BR-B,158.93,2026-01-08
SKU-00039,Lettuce Head,BR-C,126.45,2026-01-08
SKU-00039,Lettuce Head,BR-D,282.37,2026-01-08
SKU-00039,Lettuce Head,BR-E,204.53,2026-01-08
SKU-00040,Carrots 1kg,BR-A,118.06,2026-01-08
SKU-00040,Carrots 1kg,BR-B,207.31,2026-01-08
SKU-00040,Carrots 1kg,BR-C,224.83,2026-01-08
SKU-00040,Carrots 1kg,BR-D,189.13,2026-01-08
SKU-00040,Carrots 1kg,BR-E,95.03,2026-01-08
SKU-00041,Potato Chips 150g,BR-A,132.47,2026-01-08
SKU-00041,Potato Chips 150g,BR-B,99.8,2026-01-08
SKU-00041,Potato Chips 150g,BR-C,114.99,2026-01-08
SKU-00041,Potato Chips 150g,BR-D,124.71,2026-01-08
SKU-00041,Potato Chips 150g,BR-E,180.71,2026-01-08
SKU-00042,Ice Cream 500ml,BR-A,15.4,2026-01-08
SKU-00042,Ice Cream 500ml,BR-B,24.08,2026-01-08
SKU-00042,Ice Cream 500ml,BR-C,19.96,2026-01-08
SKU-00042,Ice Cream 500ml,BR-D,25.49,2026-01-08
SKU-00042,Ice Cream 500ml,BR-E,10.81,2026-01-08
SKU-00043,Frozen Peas 500g,BR-A,44.72,2026-01-08
SKU-00043,Frozen Peas 500g,BR-B,61.4,2026-01-08
SKU-00043,Frozen Peas 500g,BR-C,86.76,2026-01-08
SKU-00043,Frozen Peas 500g,BR-D,93.6,2026-01-08
SKU-00043,Frozen Peas 500g,BR-E,39.65,2026-01-08
SKU-00044,Frozen Pizza,BR-A,51.84,2026-01-08
SKU-00044,Frozen Pizza,BR-B,60.11,2026-01-08
SKU-00044,Frozen Pizza,BR-C,100.41,2026-01-08
SKU-00044,Frozen Pizza,BR-D,57.59,2026-01-08
SKU-00044,Frozen Pizza,BR-E,113.1,2026-01-08
SKU-00045,Chicken Fingers 500g,BR-A,40.31,2026-01-08
SKU-00045,Chicken Fingers 500g,BR-B,31.95,2026-01-08
SKU-00045,Chicken Fingers 500g,BR-C,32.8,2026-01-08
SKU-00045,Chicken Fingers 500g,BR-D,21.37,2026-01-08
SKU-00045,Chicken Fingers 500g,BR-E,31.39,2026-01-08
SKU-00046,Fish Fingers 500g,BR-A,75.75,2026-01-08
SKU-00046,Fish Fingers 500g,BR-B,37.38,2026-01-08
SKU-00046,Fish Fingers 500g,BR-C,53.79,2026-01-08
SKU-00046,Fish Fingers 500g,BR-D,97.91,2026-01-08
SKU-00046,Fish Fingers 500g,BR-E,67.54,2026-01-08
SKU-00047,Frozen Veg Mix 450g,BR-A,41.85,2026-01-08
SKU-00047,Frozen Veg Mix 450g,BR-B,39.9,2026-01-08
SKU-00047,Frozen Veg Mix 450g,BR-C,44.41,2026-01-08
SKU-00047,Frozen Veg Mix 450g,BR-D,32.18,2026-01-08
SKU-00047,Frozen Veg Mix 450g,BR-E,34.97,2026-01-08
SKU-00048,مجمدات متنوعة,BR-A,113.07,2026-01-08
SKU-00048,مجمدات متنوعة,BR-B,95.95,2026-01-08
SKU-00048,مجمدات متنوعة,BR-C,86.84,2026-01-08
SKU-00048,مجمدات متنوعة,BR-D,69.62,2026-01-08
SKU-00048,مجمدات متنوعة,BR-E,43.6,2026-01-08
SKU-00049,Detergent 1L,BR-A,128.97,2026-01-08
SKU-00049,Detergent 1L,BR-B,216.24,2026-01-08
SKU-00049,Detergent 1L,BR-C,101.33,2026-01-08
SKU-00049,Detergent 1L,BR-D,91.93,2026-01-08
SKU-00049,Detergent 1L,BR-E,156.15,2026-01-08
SKU-00050,Toilet Paper 6pk,BR-A,147.98,2026-01-08
SKU-00050,Toilet Paper 6pk,BR-B,114.81,2026-01-08
SKU-00050,Toilet Paper 6pk,BR-C,149.22,2026-01-08
SKU-00050,Toilet Paper 6pk,BR-D,129.73,2026-01-08
SKU-00050,Toilet Paper 6pk,BR-E,54.48,2026-01-08
SKU-00051,Hand Soap,BR-A,123.29,2026-01-08
SKU-00051,Hand Soap,BR-B,112.15,2026-01-08
SKU-00051,Hand Soap,BR-C,54.34,2026-01-08
SKU-00051,Hand Soap,BR-D,88.99,2026-01-08
SKU-00051,Hand Soap,BR-E,148.15,2026-01-08
SKU-00052,Shampoo 400ml,BR-A,84.54,2026-01-08
SKU-00052,Shampoo 400ml,BR-B,57.69,2026-01-08
SKU-00052,Shampoo 400ml,BR-C,62.35,2026-01-08
SKU-00052,Shampoo 400ml,BR-D,73.82,2026-01-08
SKU-00052,Shampoo 400ml,BR-E,77.5,2026-01-08
SKU-00053,Toothpaste 100ml,BR-A,44.75,2026-01-08
SKU-00053,Toothpaste 100ml,BR-B,80.26,2026-01-08
SKU-00053,Toothpaste 100ml,BR-C,86.5,2026-01-08
SKU-00053,Toothpaste 100ml,BR-D,107.51,2026-01-08
SKU-00053,Toothpaste 100ml,BR-E,110.89,2026-01-08
SKU-00054,Cleaning Spray,BR-A,372.88,2026-01-08
SKU-00054,Cleaning Spray,BR-B,213.46,2026-01-08
SKU-00054,Cleaning Spray,BR-C,281.4,2026-01-08
SKU-00054,Cleaning Spray,BR-D,348.84,2026-01-08
SKU-00054,Cleaning Spray,BR-E,365.41,2026-01-08
SKU-00055,Garbage Bags 30pk,BR-A,153.33,2026-01-08
SKU-00055,Garbage Bags 30pk,BR-B,221.8,2026-01-08
SKU-00055,Garbage Bags 30pk,BR-C,133.6,2026-01-08
SKU-00055,Garbage Bags 30pk,BR-D,155.83,2026-01-08
SKU-00055,Garbage Bags 30pk,BR-E,188.85,2026-01-08
SKU-00056,Chips 150g,BR-A,110.24,2026-01-08
SKU-00056,Chips 150g,BR-B,144.82,2026-01-08
SKU-00056,Chips 150g,BR-C,98.03,2026-01-08
SKU-00056,Chips 150g,BR-D,96.21,2026-01-08
SKU-00056,Chips 150g,BR-E,241.77,2026-01-08
SKU-00057,Chocolate Bar,BR-A,55.3,2026-01-08
SKU-00057,Chocolate Bar,BR-B,55.71,2026-01-08
SKU-00057,Chocolate Bar,BR-C,59.03,2026-01-08
SKU-00057,Chocolate Bar,BR-D,46.74,2026-01-08
SKU-00057,Chocolate Bar,BR-E,48.27,2026-01-08
SKU-00058,Biscuits Pack,BR-A,277.94,2026-01-08
SKU-00058,Biscuits Pack,BR-B,260.77,2026-01-08
SKU-00058,Biscuits Pack,BR-C,114.29,2026-01-08
SKU-00058,Biscuits Pack,BR-D,207.66,2026-01-08
SKU-00058,Biscuits Pack,BR-E,240.27,2026-01-08
SKU-00059,Gum Pack,BR-A,48.74,2026-01-08
SKU-00059,Gum Pack,BR-B,27.94,2026-01-08
SKU-00059,Gum Pack,BR-C,59.19,2026-01-08
SKU-00059,Gum Pack,BR-D,37.42,2026-01-08
SKU-00059,Gum Pack,BR-E,48.81,2026-01-08
SKU-00060,Nuts Mix 200g,BR-A,82.73,2026-01-08
SKU-00060,Nuts Mix 200g,BR-B,125.16,2026-01-08
SKU-00060,Nuts Mix 200g,BR-C,128.9,2026-01-08
SKU-00060,Nuts Mix 200g,BR-D,153.52,2026-01-08
SKU-00060,Nuts Mix 200g,BR-E,123.31,2026-01-08
SKU-00061,Popcorn 100g,BR-A,285.39,2026-01-08
SKU-00061,Popcorn 100g,BR-B,212.98,2026-01-08
SKU-00061,Popcorn 100g,BR-C,288.16,2026-01-08
SKU-00061,Popcorn 100g,BR-D,386.52,2026-01-08
SKU-00061,Popcorn 100g,BR-E,235.12,2026-01-08
SKU-00062,Pretzels 200g,BR-A,128.83,2026-01-08
SKU-00062,Pretzels 200g,BR-B,91.33,2026-01-08
SKU-00062,Pretzels 200g,BR-C,173.67,2026-01-08
SKU-00062,Pretzels 200g,BR-D,154.47,2026-01-08
SKU-00062,Pretzels 200g,BR-E,233.96,2026-01-08
SKU-00063,Candy Assorted,BR-A,102.73,2026-01-08
SKU-00063,Candy Assorted,BR-B,127.97,2026-01-08
SKU-00063,Candy Assorted,BR-C,111.71,2026-01-08
SKU-00063,Candy Assorted,BR-D,172.98,2026-01-08
SKU-00063,Candy Assorted,BR-E,201.86,2026-01-08
SKU-00064,Chicken Breast 1kg,BR-A,110.07,2026-01-08
SKU-00064,Chicken Breast 1kg,BR-B,135.21,2026-01-08
SKU-00064,Chicken Breast 1kg,BR-C,165.28,2026-01-08
SKU-00064,Chicken Breast 1kg,BR-D,142.88,2026-01-08
SKU-00064,Chicken Breast 1kg,BR-E,258.79,2026-01-08
SKU-00065,Beef Mince 500g,BR-A,159.02,2026-01-08
SKU-00065,Beef Mince 500g,BR-B,141.87,2026-01-08
SKU-00065,Beef Mince 500g,BR-C,236.89,2026-01-08
SKU-00065,Beef Mince 500g,BR-D,159.05,2026-01-08
SKU-00065,Beef Mince 500g,BR-E,132.05,2026-01-08
SKU-00066,Lamb Chops 500g,BR-A,147.36,2026-01-08
SKU-00066,Lamb Chops 500g,BR-B,301.84,2026-01-08
SKU-00066,Lamb Chops 500g,BR-C,252.14,2026-01-08
SKU-00066,Lamb Chops 500g,BR-D,139.78,2026-01-08
SKU-00066,Lamb Chops 500g,BR-E,269.78,2026-01-08
SKU-00067,Sausages 400g,BR-A,54.67,2026-01-08
SKU-00067,Sausages 400g,BR-B,90.1,2026-01-08
SKU-00067,Sausages 400g,BR-C,39.3,2026-01-08
SKU-00067,Sausages 400g,BR-D,82.42,2026-01-08
SKU-00067,Sausages 400g,BR-E,36.85,2026-01-08
SKU-00068,Bacon 200g,BR-A,8.5,2026-01-08
SKU-00068,Bacon 200g,BR-B,21.06,2026-01-08
SKU-00068,Bacon 200g,BR-C,14.11,2026-01-08
SKU-00068,Bacon 200g,BR-D,17.85,2026-01-08
SKU-00068,Bacon 200g,BR-E,13.14,2026-01-08
SKU-00069,Fish Fillet 500g,BR-A,47.04,2026-01-08
SKU-00069,Fish Fillet 500g,BR-B,112.62,2026-01-08
SKU-00069,Fish Fillet 500g,BR-C,93.32,2026-01-08
SKU-00069,Fish Fillet 500g,BR-D,125.52,2026-01-08
SKU-00069,Fish Fillet 500g,BR-E,90.68,2026-01-08
SKU-00070,دجاج كامل,BR-A,58.11,2026-01-08
SKU-00070,دجاج كامل,BR-B,51.3,2026-01-08
SKU-00070,دجاج كامل,BR-C,107.18,2026-01-08
SKU-00070,دجاج كامل,BR-D,46.61,2026-01-08
SKU-00070,دجاج كامل,BR-E,69.23,2026-01-08
SKU-00071,Rice 5kg,BR-A,45.45,2026-01-08
SKU-00071,Rice 5kg,BR-B,40.43,2026-01-08
SKU-00071,Rice 5kg,BR-C,87.86,2026-01-08
SKU-00071,Rice 5kg,BR-D,49.15,2026-01-08
SKU-00071,Rice 5kg,BR-E,72.92,2026-01-08
SKU-00072,Sugar 1kg,BR-A,367.41,2026-01-08
SKU-00072,Sugar 1kg,BR-B,359.02,2026-01-08
SKU-00072,Sugar 1kg,BR-C,244.34,2026-01-08
SKU-00072,Sugar 1kg,BR-D,317.45,2026-01-08
SKU-00072,Sugar 1kg,BR-E,376.82,2026-01-08
SKU-00073,Pasta 500g,BR-A,250.38,2026-01-08
SKU-00073,Pasta 500g,BR-B,347.69,2026-01-08
SKU-00073,Pasta 500g,BR-C,226.29,2026-01-08
SKU-00073,Pasta 500g,BR-D,319.15,2026-01-08
SKU-00073,Pasta 500g,BR-E,319.95,2026-01-08
SKU-00074,Flour 2kg,BR-A,54.05,2026-01-08
SKU-00074,Flour 2kg,BR-B,97.7,2026-01-08
SKU-00074,Flour 2kg,BR-C,97.72,2026-01-08
SKU-00074,Flour 2kg,BR-D,83.04,2026-01-08
SKU-00074,Flour 2kg,BR-E,60.94,2026-01-08
SKU-00075,Cooking Oil 1L,BR-A,100.98,2026-01-08
SKU-00075,Cooking Oil 1L,BR-B,257.53,2026-01-08
SKU-00075,Cooking Oil 1L,BR-C,134.44,2026-01-08
SKU-00075,Cooking Oil 1L,BR-D,208.81,2026-01-08
SKU-00075,Cooking Oil 1L,BR-E,245.28,2026-01-08
SKU-00076,Canned Beans 400g,BR-A,142.57,2026-01-08
SKU-00076,Canned Beans 400g,BR-B,151.9,2026-01-08
SKU-00076,Canned Beans 400g,BR-C,72.57,2026-01-08
SKU-00076,Canned Beans 400g,BR-D,96.96,2026-01-08
SKU-00076,Canned Beans 400g,BR-E,113.04,2026-01-08
SKU-00077,Canned Tuna 185g,BR-A,146.83,2026-01-08
SKU-00077,Canned Tuna 185g,BR-B,238.39,2026-01-08
SKU-00077,Canned Tuna 185g,BR-C,238.73,2026-01-08
SKU-00077,Canned Tuna 185g,BR-D,134.19,2026-01-08
SKU-00077,Canned Tuna 185g,BR-E,270.29,2026-01-08
SKU-00078,Salt 1kg,BR-A,66.28,2026-01-08
SKU-00078,Salt 1kg,BR-B,120.81,2026-01-08
SKU-00078,Salt 1kg,BR-C,77.31,2026-01-08
SKU-00078,Salt 1kg,BR-D,108.44,2026-01-08
SKU-00078,Salt 1kg,BR-E,86.06,2026-01-08
SKU-00079,Soy Sauce 250ml,BR-A,92.3,2026-01-08
SKU-00079,Soy Sauce 250ml,BR-B,80.28,2026-01-08
SKU-00079,Soy Sauce 250ml,BR-C,53.03,2026-01-08
SKU-00079,Soy Sauce 250ml,BR-D,71.49,2026-01-08
SKU-00079,Soy Sauce 250ml,BR-E,110.26,2026-01-08
SKU-00080,زيت زيتون 1 لتر,BR-A,44.0,2026-01-08
SKU-00080,زيت زيتون 1 لتر,BR-B,92.07,2026-01-08
SKU-00080,زيت زيتون 1 لتر,BR-C,87.26,2026-01-08
SKU-00080,زيت زيتون 1 لتر,BR-D,48.97,2026-01-08
SKU-00080,زيت زيتون 1 لتر,BR-E,61.51,2026-01-08
SKU-00081,Item-00081,BR-A,161.04,2026-01-08
SKU-00081,Item-00081,BR-B,147.18,2026-01-08
SKU-00081,Item-00081,BR-C,117.9,2026-01-08
SKU-00081,Item-00081,BR-D,160.98,2026-01-08
SKU-00081,Item-00081,BR-E,140.19,2026-01-08
SKU-00082,Item-00082,BR-A,179.61,2026-01-08
SKU-00082,Item-00082,BR-B,161.89,2026-01-08
SKU-00082,Item-00082,BR-C,142.56,2026-01-08
SKU-00082,Item-00082,BR-D,192.28,2026-01-08
SKU-00082,Item-00082,BR-E,152.74,2026-01-08
SKU-00083,Item-00083,BR-A,131.61,2026-01-08
SKU-00083,Item-00083,BR-B,159.69,2026-01-08
SKU-00083,Item-00083,BR-C,191.07,2026-01-08
SKU-00083,Item-00083,BR-D,108.81,2026-01-08
SKU-00083,Item-00083,BR-E,197.79,2026-01-08
SKU-00084,Item-00084,BR-A,62.2,2026-01-08
SKU-00084,Item-00084,BR-B,94.11,2026-01-08
SKU-00084,Item-00084,BR-C,89.77,2026-01-08
SKU-00084,Item-00084,BR-D,73.71,2026-01-08
SKU-00084,Item-00084,BR-E,90.77,2026-01-08
SKU-00085,Item-00085,BR-A,64.07,2026-01-08
SKU-00085,Item-00085,BR-B,110.84,2026-01-08
SKU-00085,Item-00085,BR-C,59.03,2026-01-08
SKU-00085,Item-00085,BR-D,59.63,2026-01-08
SKU-00085,Item-00085,BR-E,155.03,2026-01-08
SKU-00086,Item-00086,BR-A,130.25,2026-01-08
SKU-00086,Item-00086,BR-B,114.93,2026-01-08
SKU-00086,Item-00086,BR-C,159.22,2026-01-08
SKU-00086,Item-00086,BR-D,199.76,2026-01-08
SKU-00086,Item-00086,BR-E,169.44,2026-01-08
SKU-00087,Item-00087,BR-A,25.01,2026-01-08
SKU-00087,Item-00087,BR-B,36.0,2026-01-08
SKU-00087,Item-00087,BR-C,30.3,2026-01-08
SKU-00087,Item-00087,BR-D,49.1,2026-01-08
SKU-00087,Item-00087,BR-E,34.71,2026-01-08
SKU-00088,Item-00088,BR-A,173.9,2026-01-08
SKU-00088,Item-00088,BR-B,223.16,2026-01-08
SKU-00088,Item-00088,BR-C,208.33,2026-01-08
SKU-00088,Item-00088,BR-D,126.44,2026-01-08
SKU-00088,Item-00088,BR-E,232.82,2026-01-08
SKU-00089,Item-00089,BR-A,100.16,2026-01-08
SKU-00089,Item-00089,BR-B,69.79,2026-01-08
SKU-00089,Item-00089,BR-C,74.81,2026-01-08
SKU-00089,Item-00089,BR-D,124.09,2026-01-08
SKU-00089,Item-00089,BR-E,83.31,2026-01-08
SKU-00090,Item-00090,BR-A,99.3,2026-01-08
SKU-00090,Item-00090,BR-B,53.86,2026-01-08
SKU-00090,Item-00090,BR-C,45.52,2026-01-08
SKU-00090,Item-00090,BR-D,83.72,2026-01-08
SKU-00090,Item-00090,BR-E,88.62,2026-01-08
SKU-00091,Item-00091,BR-A,112.93,2026-01-08
SKU-00091,Item-00091,BR-B,122.24,2026-01-08
SKU-00091,Item-00091,BR-C,144.66,2026-01-08
SKU-00091,Item-00091,BR-D,80.58,2026-01-08
SKU-00091,Item-00091,BR-E,126.15,2026-01-08
SKU-00092,Item-00092,BR-A,116.83,2026-01-08
SKU-00092,Item-00092,BR-B,133.07,2026-01-08
SKU-00092,Item-00092,BR-C,137.35,2026-01-08
SKU-00092,Item-00092,BR-D,172.68,2026-01-08
SKU-00092,Item-00092,BR-E,137.58,2026-01-08
SKU-00093,Item-00093,BR-A,100.41,2026-01-08
SKU-00093,Item-00093,BR-B,89.73,2026-01-08
SKU-00093,Item-00093,BR-C,172.43,2026-01-08
SKU-00093,Item-00093,BR-D,142.38,2026-01-08
SKU-00093,Item-00093,BR-E,86.79,2026-01-08
SKU-00094,Item-00094,BR-A,128.78,2026-01-08
SKU-00094,Item-00094,BR-B,200.16,2026-01-08
SKU-00094,Item-00094,BR-C,120.52,2026-01-08
SKU-00094,Item-00094,BR-D,153.06,2026-01-08
SKU-00094,Item-00094,BR-E,98.57,2026-01-08
SKU-00095,Item-00095,BR-A,80.88,2026-01-08
SKU-00095,Item-00095,BR-B,98.03,2026-01-08
SKU-00095,Item-00095,BR-C,171.86,2026-01-08
SKU-00095,Item-00095,BR-D,81.3,2026-01-08
SKU-00095,Item-00095,BR-E,84.7,2026-01-08
SKU-00096,Item-00096,BR-A,18.82,2026-01-08
SKU-00096,Item-00096,BR-B,14.86,2026-01-08
SKU-00096,Item-00096,BR-C,37.21,2026-01-08
SKU-00096,Item-00096,BR-D,31.13,2026-01-08
SKU-00096,Item-00096,BR-E,19.1,2026-01-08
SKU-00097,Item-00097,BR-A,22.81,2026-01-08
SKU-00097,Item-00097,BR-B,42.76,2026-01-08
SKU-00097,Item-00097,BR-C,35.3,2026-01-08
SKU-00097,Item-00097,BR-D,47.31,2026-01-08
SKU-00097,Item-00097,BR-E,22.67,2026-01-08
SKU-00098,Item-00098,BR-A,263.28,2026-01-08
SKU-00098,Item-00098,BR-B,145.61,2026-01-08
SKU-00098,Item-00098,BR-C,233.88,2026-01-08
SKU-00098,Item-00098,BR-D,107.95,2026-01-08
SKU-00098,Item-00098,BR-E,244.86,2026-01-08
SKU-00099,Item-00099,BR-A,126.91,2026-01-08
SKU-00099,Item-00099,BR-B,119.87,2026-01-08
SKU-00099,Item-00099,BR-C,165.76,2026-01-08
SKU-00099,Item-00099,BR-D,111.05,2026-01-08
SKU-00099,Item-00099,BR-E,150.2,2026-01-08
SKU-00100,Item-00100,BR-A,74.2,2026-01-08
SKU-00100,Item-00100,BR-B,123.14,2026-01-08
SKU-00100,Item-00100,BR-C,137.53,2026-01-08
SKU-00100,Item-00100,BR-D,89.07,2026-01-08
SKU-00100,Item-00100,BR-E,134.32,2026-01-08
SKU-00101,Item-00101,BR-A,131.01,2026-01-08
SKU-00101,Item-00101,BR-B,232.74,2026-01-08
SKU-00101,Item-00101,BR-C,169.51,2026-01-08
SKU-00101,Item-00101,BR-D,152.3,2026-01-08
SKU-00101,Item-00101,BR-E,245.5,2026-01-08
SKU-00102,Item-00102,BR-A,104.49,2026-01-08
SKU-00102,Item-00102,BR-B,177.18,2026-01-08
SKU-00102,Item-00102,BR-C,110.43,2026-01-08
SKU-00102,Item-00102,BR-D,100.39,2026-01-08
SKU-00102,Item-00102,BR-E,92.46,2026-01-08
SKU-00103,Item-00103,BR-A,84.22,2026-01-08
SKU-00103,Item-00103,BR-B,136.69,2026-01-08
SKU-00103,Item-00103,BR-C,114.74,2026-01-08
SKU-00103,Item-00103,BR-D,170.99,2026-01-08
SKU-00103,Item-00103,BR-E,147.22,2026-01-08
SKU-00104,Item-00104,BR-A,96.57,2026-01-08
SKU-00104,Item-00104,BR-B,76.01,2026-01-08
SKU-00104,Item-00104,BR-C,69.11,2026-01-08
SKU-00104,Item-00104,BR-D,86.45,2026-01-08
SKU-00104,Item-00104,BR-E,105.49,2026-01-08
SKU-00105,Item-00105,BR-A,74.63,2026-01-08
SKU-00105,Item-00105,BR-B,137.75,2026-01-08
SKU-00105,Item-00105,BR-C,114.41,2026-01-08
SKU-00105,Item-00105,BR-D,70.38,2026-01-08
SKU-00105,Item-00105,BR-E,141.61,2026-01-08
SKU-00106,Item-00106,BR-A,143.9,2026-01-08
SKU-00106,Item-00106,BR-B,247.68,2026-01-08
SKU-00106,Item-00106,BR-C,229.69,2026-01-08
SKU-00106,Item-00106,BR-D,243.92,2026-01-08
SKU-00106,Item-00106,BR-E,108.6,2026-01-08
SKU-00107,Item-00107,BR-A,90.0,2026-01-08
SKU-00107,Item-00107,BR-B,68.13,2026-01-08
SKU-00107,Item-00107,BR-C,107.54,2026-01-08
SKU-00107,Item-00107,BR-D,130.29,2026-01-08
SKU-00107,Item-00107,BR-E,72.1,2026-01-08
SKU-00108,Item-00108,BR-A,119.23,2026-01-08
SKU-00108,Item-00108,BR-B,186.07,2026-01-08
SKU-00108,Item-00108,BR-C,188.66,2026-01-08
SKU-00108,Item-00108,BR-D,164.3,2026-01-08
SKU-00108,Item-00108,BR-E,198.84,2026-01-08
SKU-00109,Item-00109,BR-A,45.04,2026-01-08
SKU-00109,Item-00109,BR-B,68.52,2026-01-08
SKU-00109,Item-00109,BR-C,68.53,2026-01-08
SKU-00109,Item-00109,BR-D,71.8,2026-01-08
SKU-00109,Item-00109,BR-E,49.61,2026-01-08
SKU-00110,Item-00110,BR-A,221.81,2026-01-08
SKU-00110,Item-00110,BR-B,245.47,2026-01-08
SKU-00110,Item-00110,BR-C,158.27,2026-01-08
SKU-00110,Item-00110,BR-D,212.75,2026-01-08
SKU-00110,Item-00110,BR-E,252.16,2026-01-08
SKU-00111,Item-00111,BR-A,12.63,2026-01-08
SKU-00111,Item-00111,BR-B,21.31,2026-01-08
SKU-00111,Item-00111,BR-C,18.9,2026-01-08
SKU-00111,Item-00111,BR-D,18.25,2026-01-08
SKU-00111,Item-00111,BR-E,17.07,2026-01-08
SKU-00112,Item-00112,BR-A,131.98,2026-01-08
SKU-00112,Item-00112,BR-B,208.11,2026-01-08
SKU-00112,Item-00112,BR-C,126.83,2026-01-08
SKU-00112,Item-00112,BR-D,191.0,2026-01-08
SKU-00112,Item-00112,BR-E,156.61,2026-01-08
SKU-00113,Item-00113,BR-A,145.76,2026-01-08
SKU-00113,Item-00113,BR-B,228.15,2026-01-08
SKU-00113,Item-00113,BR-C,183.84,2026-01-08
SKU-00113,Item-00113,BR-D,171.79,2026-01-08
SKU-00113,Item-00113,BR-E,109.26,2026-01-08
SKU-00114,Item-00114,BR-A,99.21,2026-01-08
SKU-00114,Item-00114,BR-B,124.19,2026-01-08
SKU-00114,Item-00114,BR-C,71.11,2026-01-08
SKU-00114,Item-00114,BR-D,154.14,2026-01-08
SKU-00114,Item-00114,BR-E,119.0,2026-01-08
SKU-00115,Item-00115,BR-A,35.21,2026-01-08
SKU-00115,Item-00115,BR-B,23.71,2026-01-08
SKU-00115,Item-00115,BR-C,25.11,2026-01-08
SKU-00115,Item-00115,BR-D,23.89,2026-01-08
SKU-00115,Item-00115,BR-E,50.41,2026-01-08
SKU-00116,Item-00116,BR-A,111.88,2026-01-08
SKU-00116,Item-00116,BR-B,142.24,2026-01-08
SKU-00116,Item-00116,BR-C,116.89,2026-01-08
SKU-00116,Item-00116,BR-D,128.76,2026-01-08
SKU-00116,Item-00116,BR-E,161.93,2026-01-08
SKU-00117,Item-00117,BR-A,127.23,2026-01-08
SKU-00117,Item-00117,BR-B,257.36,2026-01-08
SKU-00117,Item-00117,BR-C,166.02,2026-01-08
SKU-00117,Item-00117,BR-D,224.57,2026-01-08
SKU-00117,Item-00117,BR-E,232.27,2026-01-08
SKU-00118,Item-00118,BR-A,119.3,2026-01-08
SKU-00118,Item-00118,BR-B,102.22,2026-01-08
SKU-00118,Item-00118,BR-C,180.45,2026-01-08
SKU-00118,Item-00118,BR-D,205.79,2026-01-08
SKU-00118,Item-00118,BR-E,174.09,2026-01-08
SKU-00119,Item-00119,BR-A,209.29,2026-01-08
SKU-00119,Item-00119,BR-B,150.27,2026-01-08
SKU-00119,Item-00119,BR-C,144.55,2026-01-08
SKU-00119,Item-00119,BR-D,213.68,2026-01-08
SKU-00119,Item-00119,BR-E,208.64,2026-01-08
SKU-00120,Item-00120,BR-A,224.4,2026-01-08
SKU-00120,Item-00120,BR-B,248.12,2026-01-08
SKU-00120,Item-00120,BR-C,285.07,2026-01-08
SKU-00120,Item-00120,BR-D,133.14,2026-01-08
SKU-00120,Item-00120,BR-E,151.11,2026-01-08
SKU-00121,Item-00121,BR-A,74.44,2026-01-08
SKU-00121,Item-00121,BR-B,119.09,2026-01-08
SKU-00121,Item-00121,BR-C,54.6,2026-01-08
SKU-00121,Item-00121,BR-D,99.82,2026-01-08
SKU-00121,Item-00121,BR-E,107.0,2026-01-08
SKU-00122,Item-00122,BR-A,72.37,2026-01-08
SKU-00122,Item-00122,BR-B,66.72,2026-01-08
SKU-00122,Item-00122,BR-C,79.15,2026-01-08
SKU-00122,Item-00122,BR-D,70.18,2026-01-08
SKU-00122,Item-00122,BR-E,60.67,2026-01-08
SKU-00123,Item-00123,BR-A,70.39,2026-01-08
SKU-00123,Item-00123,BR-B,71.5,2026-01-08
SKU-00123,Item-00123,BR-C,69.53,2026-01-08
SKU-00123,Item-00123,BR-D,70.79,2026-01-08
SKU-00123,Item-00123,BR-E,33.94,2026-01-08
SKU-00124,Item-00124,BR-A,7.17,2026-01-08
SKU-00124,Item-00124,BR-B,4.73,2026-01-08
SKU-00124,Item-00124,BR-C,8.49,2026-01-08
SKU-00124,Item-00124,BR-D,6.05,2026-01-08
SKU-00124,Item-00124,BR-E,6.34,2026-01-08
SKU-00125,Item-00125,BR-A,35.44,2026-01-08
SKU-00125,Item-00125,BR-B,64.76,2026-01-08
SKU-00125,Item-00125,BR-C,64.46,2026-01-08
SKU-00125,Item-00125,BR-D,37.28,2026-01-08
SKU-00125,Item-00125,BR-E,29.52,2026-01-08
SKU-00126,Item-00126,BR-A,7.32,2026-01-08
SKU-00126,Item-00126,BR-B,7.39,2026-01-08
SKU-00126,Item-00126,BR-C,5.69,2026-01-08
SKU-00126,Item-00126,BR-D,5.03,2026-01-08
SKU-00126,Item-00126,BR-E,4.86,2026-01-08
SKU-00127,Item-00127,BR-A,59.98,2026-01-08
SKU-00127,Item-00127,BR-B,43.33,2026-01-08
SKU-00127,Item-00127,BR-C,47.97,2026-01-08
SKU-00127,Item-00127,BR-D,60.41,2026-01-08
SKU-00127,Item-00127,BR-E,69.4,2026-01-08
SKU-00128,Item-00128,BR-A,185.41,2026-01-08
SKU-00128,Item-00128,BR-B,135.76,2026-01-08
SKU-00128,Item-00128,BR-C,146.23,2026-01-08
SKU-00128,Item-00128,BR-D,166.87,2026-01-08
SKU-00128,Item-00128,BR-E,189.3,2026-01-08
SKU-00129,Item-00129,BR-A,146.46,2026-01-08
SKU-00129,Item-00129,BR-B,136.51,2026-01-08
SKU-00129,Item-00129,BR-C,82.43,2026-01-08
SKU-00129,Item-00129,BR-D,133.91,2026-01-08
SKU-00129,Item-00129,BR-E,147.13,2026-01-08
SKU-00130,Item-00130,BR-A,154.63,2026-01-08
SKU-00130,Item-00130,BR-B,195.62,2026-01-08
SKU-00130,Item-00130,BR-C,118.38,2026-01-08
SKU-00130,Item-00130,BR-D,102.51,2026-01-08
SKU-00130,Item-00130,BR-E,119.73,2026-01-08
SKU-00131,Item-00131,BR-A,108.13,2026-01-08
SKU-00131,Item-00131,BR-B,149.33,2026-01-08
SKU-00131,Item-00131,BR-C,99.66,2026-01-08
SKU-00131,Item-00131,BR-D,157.24,2026-01-08
SKU-00131,Item-00131,BR-E,121.23,2026-01-08
SKU-00132,Item-00132,BR-A,52.39,2026-01-08
SKU-00132,Item-00132,BR-B,75.5,2026-01-08
SKU-00132,Item-00132,BR-C,30.29,2026-01-08
SKU-00132,Item-00132,BR-D,37.59,2026-01-08
SKU-00132,Item-00132,BR-E,41.19,2026-01-08
SKU-00133,Item-00133,BR-A,97.7,2026-01-08
SKU-00133,Item-00133,BR-B,139.5,2026-01-08
SKU-00133,Item-00133,BR-C,143.72,2026-01-08
SKU-00133,Item-00133,BR-D,169.91,2026-01-08
SKU-00133,Item-00133,BR-E,228.89,2026-01-08
SKU-00134,Item-00134,BR-A,24.41,2026-01-08
SKU-00134,Item-00134,BR-B,32.16,2026-01-08
SKU-00134,Item-00134,BR-C,32.41,2026-01-08
SKU-00134,Item-00134,BR-D,31.98,2026-01-08
SKU-00134,Item-00134,BR-E,18.56,2026-01-08
SKU-00135,Item-00135,BR-A,44.84,2026-01-08
SKU-00135,Item-00135,BR-B,63.05,2026-01-08
SKU-00135,Item-00135,BR-C,93.04,2026-01-08
SKU-00135,Item-00135,BR-D,81.26,2026-01-08
SKU-00135,Item-00135,BR-E,61.71,2026-01-08
SKU-00136,Item-00136,BR-A,137.8,2026-01-08
SKU-00136,Item-00136,BR-B,103.85,2026-01-08
SKU-00136,Item-00136,BR-C,87.2,2026-01-08
SKU-00136,Item-00136,BR-D,128.88,2026-01-08
SKU-00136,Item-00136,BR-E,67.13,2026-01-08
SKU-00137,Item-00137,BR-A,184.57,2026-01-08
SKU-00137,Item-00137,BR-B,103.16,2026-01-08
SKU-00137,Item-00137,BR-C,131.49,2026-01-08
SKU-00137,Item-00137,BR-D,201.46,2026-01-08
SKU-00137,Item-00137,BR-E,89.53,2026-01-08
SKU-00138,Item-00138,BR-A,14.02,2026-01-08
SKU-00138,Item-00138,BR-B,19.43,2026-01-08
SKU-00138,Item-00138,BR-C,23.6,2026-01-08
SKU-00138,Item-00138,BR-D,12.44,2026-01-08
SKU-00138,Item-00138,BR-E,14.28,2026-01-08
SKU-00139,Item-00139,BR-A,230.91,2026-01-08
SKU-00139,Item-00139,BR-B,129.35,2026-01-08
SKU-00139,Item-00139,BR-C,241.04,2026-01-08
SKU-00139,Item-00139,BR-D,234.13,2026-01-08
SKU-00139,Item-00139,BR-E,186.59,2026-01-08
SKU-00140,Item-00140,BR-A,57.76,2026-01-08
SKU-00140,Item-00140,BR-B,40.48,2026-01-08
SKU-00140,Item-00140,BR-C,73.91,2026-01-08
SKU-00140,Item-00140,BR-D,76.16,2026-01-08
SKU-00140,Item-00140,BR-E,69.76,2026-01-08
SKU-00141,Item-00141,BR-A,89.27,2026-01-08
SKU-00141,Item-00141,BR-B,90.94,2026-01-08
SKU-00141,Item-00141,BR-C,90.11,2026-01-08
SKU-00141,Item-00141,BR-D,133.65,2026-01-08
SKU-00141,Item-00141,BR-E,63.2,2026-01-08
SKU-00142,Item-00142,BR-A,93.38,2026-01-08
SKU-00142,Item-00142,BR-B,64.09,2026-01-08
SKU-00142,Item-00142,BR-C,110.59,2026-01-08
SKU-00142,Item-00142,BR-D,64.6,2026-01-08
SKU-00142,Item-00142,BR-E,126.71,2026-01-08
SKU-00143,Item-00143,BR-A,112.53,2026-01-08
SKU-00143,Item-00143,BR-B,51.37,2026-01-08
SKU-00143,Item-00143,BR-C,99.0,2026-01-08
SKU-00143,Item-00143,BR-D,113.04,2026-01-08
SKU-00143,Item-00143,BR-E,60.96,2026-01-08
SKU-00144,Item-00144,BR-A,130.9,2026-01-08
SKU-00144,Item-00144,BR-B,120.44,2026-01-08
SKU-00144,Item-00144,BR-C,129.1,2026-01-08
SKU-00144,Item-00144,BR-D,60.25,2026-01-08
SKU-00144,Item-00144,BR-E,58.32,2026-01-08
SKU-00145,Item-00145,BR-A,20.51,2026-01-08
SKU-00145,Item-00145,BR-B,24.6,2026-01-08
SKU-00145,Item-00145,BR-C,14.27,2026-01-08
SKU-00145,Item-00145,BR-D,33.27,2026-01-08
SKU-00145,Item-00145,BR-E,18.53,2026-01-08
SKU-00146,Item-00146,BR-A,113.73,2026-01-08
SKU-00146,Item-00146,BR-B,147.5,2026-01-08
SKU-00146,Item-00146,BR-C,246.8,2026-01-08
SKU-00146,Item-00146,BR-D,133.85,2026-01-08
SKU-00146,Item-00146,BR-E,234.82,2026-01-08
SKU-00147,Item-00147,BR-A,175.79,2026-01-08
SKU-00147,Item-00147,BR-B,261.36,2026-01-08
SKU-00147,Item-00147,BR-C,241.76,2026-01-08
SKU-00147,Item-00147,BR-D,144.45,2026-01-08
SKU-00147,Item-00147,BR-E,250.2,2026-01-08
SKU-00148,Item-00148,BR-A,42.35,2026-01-08
SKU-00148,Item-00148,BR-B,43.36,2026-01-08
SKU-00148,Item-00148,BR-C,20.91,2026-01-08
SKU-00148,Item-00148,BR-D,36.89,2026-01-08
SKU-00148,Item-00148,BR-E,42.08,2026-01-08
SKU-00149,Item-00149,BR-A,67.36,2026-01-08
SKU-00149,Item-00149,BR-B,113.84,2026-01-08
SKU-00149,Item-00149,BR-C,129.93,2026-01-08
SKU-00149,Item-00149,BR-D,54.09,2026-01-08
SKU-00149,Item-00149,BR-E,102.42,2026-01-08
SKU-00150,Item-00150,BR-A,235.52,2026-01-08
SKU-00150,Item-00150,BR-B,249.4,2026-01-08
SKU-00150,Item-00150,BR-C,239.71,2026-01-08
SKU-00150,Item-00150,BR-D,134.25,2026-01-08
SKU-00150,Item-00150,BR-E,173.44,2026-01-08
SKU-00151,Item-00151,BR-A,75.66,2026-01-08
SKU-00151,Item-00151,BR-B,85.14,2026-01-08
SKU-00151,Item-00151,BR-C,71.64,2026-01-08
SKU-00151,Item-00151,BR-D,65.81,2026-01-08
SKU-00151,Item-00151,BR-E,55.46,2026-01-08
SKU-00152,Item-00152,BR-A,54.95,2026-01-08
SKU-00152,Item-00152,BR-B,35.49,2026-01-08
SKU-00152,Item-00152,BR-C,79.14,2026-01-08
SKU-00152,Item-00152,BR-D,64.66,2026-01-08
SKU-00152,Item-00152,BR-E,31.95,2026-01-08
SKU-00153,Item-00153,BR-A,75.98,2026-01-08
SKU-00153,Item-00153,BR-B,72.3,2026-01-08
SKU-00153,Item-00153,BR-C,79.02,2026-01-08
SKU-00153,Item-00153,BR-D,78.92,2026-01-08
SKU-00153,Item-00153,BR-E,85.86,2026-01-08
SKU-00154,Item-00154,BR-A,78.41,2026-01-08
SKU-00154,Item-00154,BR-B,191.16,2026-01-08
SKU-00154,Item-00154,BR-C,118.13,2026-01-08
SKU-00154,Item-00154,BR-D,154.84,2026-01-08
SKU-00154,Item-00154,BR-E,156.04,2026-01-08
SKU-00155,Item-00155,BR-A,19.59,2026-01-08
SKU-00155,Item-00155,BR-B,18.91,2026-01-08
SKU-00155,Item-00155,BR-C,23.16,2026-01-08
SKU-00155,Item-00155,BR-D,46.78,2026-01-08
SKU-00155,Item-00155,BR-E,24.04,2026-01-08
SKU-00156,Item-00156,BR-A,30.33,2026-01-08
SKU-00156,Item-00156,BR-B,38.57,2026-01-08
SKU-00156,Item-00156,BR-C,39.05,2026-01-08
SKU-00156,Item-00156,BR-D,54.65,2026-01-08
SKU-00156,Item-00156,BR-E,67.51,2026-01-08
SKU-00157,Item-00157,BR-A,75.4,2026-01-08
SKU-00157,Item-00157,BR-B,64.7,2026-01-08
SKU-00157,Item-00157,BR-C,96.16,2026-01-08
SKU-00157,Item-00157,BR-D,172.5,2026-01-08
SKU-00157,Item-00157,BR-E,140.96,2026-01-08
SKU-00158,Item-00158,BR-A,10.33,2026-01-08
SKU-00158,Item-00158,BR-B,22.73,2026-01-08
SKU-00158,Item-00158,BR-C,20.3,2026-01-08
SKU-00158,Item-00158,BR-D,16.65,2026-01-08
SKU-00158,Item-00158,BR-E,18.19,2026-01-08
SKU-00159,Item-00159,BR-A,9.27,2026-01-08
SKU-00159,Item-00159,BR-B,22.7,2026-01-08
SKU-00159,Item-00159,BR-C,21.44,2026-01-08
SKU-00159,Item-00159,BR-D,10.92,2026-01-08
SKU-00159,Item-00159,BR-E,10.92,2026-01-08
SKU-00160,Item-00160,BR-A,116.05,2026-01-08
SKU-00160,Item-00160,BR-B,88.93,2026-01-08
SKU-00160,Item-00160,BR-C,69.24,2026-01-08
SKU-00160,Item-00160,BR-D,131.36,2026-01-08
SKU-00160,Item-00160,BR-E,71.43,2026-01-08
SKU-00161,Item-00161,BR-A,42.73,2026-01-08
SKU-00161,Item-00161,BR-B,38.66,2026-01-08
SKU-00161,Item-00161,BR-C,24.6,2026-01-08
SKU-00161,Item-00161,BR-D,42.91,2026-01-08
SKU-00161,Item-00161,BR-E,47.31,2026-01-08
SKU-00162,Item-00162,BR-A,25.45,2026-01-08
SKU-00162,Item-00162,BR-B,16.98,2026-01-08
SKU-00162,Item-00162,BR-C,24.2,2026-01-08
SKU-00162,Item-00162,BR-D,28.95,2026-01-08
SKU-00162,Item-00162,BR-E,17.14,2026-01-08
SKU-00163,Item-00163,BR-A,24.38,2026-01-08
SKU-00163,Item-00163,BR-B,20.4,2026-01-08
SKU-00163,Item-00163,BR-C,12.8,2026-01-08
SKU-00163,Item-00163,BR-D,13.17,2026-01-08
SKU-00163,Item-00163,BR-E,12.05,2026-01-08
SKU-00164,Item-00164,BR-A,156.72,2026-01-08
SKU-00164,Item-00164,BR-B,174.13,2026-01-08
SKU-00164,Item-00164,BR-C,130.48,2026-01-08
SKU-00164,Item-00164,BR-D,164.61,2026-01-08
SKU-00164,Item-00164,BR-E,96.89,2026-01-08
SKU-00165,Item-00165,BR-A,86.04,2026-01-08
SKU-00165,Item-00165,BR-B,92.99,2026-01-08
SKU-00165,Item-00165,BR-C,43.8,2026-01-08
SKU-00165,Item-00165,BR-D,73.17,2026-01-08
SKU-00165,Item-00165,BR-E,82.11,2026-01-08
SKU-00166,Item-00166,BR-A,141.1,2026-01-08
SKU-00166,Item-00166,BR-B,164.11,2026-01-08
SKU-00166,Item-00166,BR-C,156.91,2026-01-08
SKU-00166,Item-00166,BR-D,151.22,2026-01-08
SKU-00166,Item-00166,BR-E,87.5,2026-01-08
SKU-00167,Item-00167,BR-A,93.5,2026-01-08
SKU-00167,Item-00167,BR-B,117.96,2026-01-08
SKU-00167,Item-00167,BR-C,127.79,2026-01-08
SKU-00167,Item-00167,BR-D,184.58,2026-01-08
SKU-00167,Item-00167,BR-E,123.18,2026-01-08
SKU-00168,Item-00168,BR-A,81.59,2026-01-08
SKU-00168,Item-00168,BR-B,76.06,2026-01-08
SKU-00168,Item-00168,BR-C,196.11,2026-01-08
SKU-00168,Item-00168,BR-D,75.62,2026-01-08
SKU-00168,Item-00168,BR-E,93.99,2026-01-08
SKU-00169,Item-00169,BR-A,73.72,2026-01-08
SKU-00169,Item-00169,BR-B,85.35,2026-01-08
SKU-00169,Item-00169,BR-C,42.42,2026-01-08
SKU-00169,Item-00169,BR-D,67.19,2026-01-08
SKU-00169,Item-00169,BR-E,44.84,2026-01-08
SKU-00170,Item-00170,BR-A,59.72,2026-01-08
SKU-00170,Item-00170,BR-B,39.45,2026-01-08
SKU-00170,Item-00170,BR-C,27.33,2026-01-08
SKU-00170,Item-00170,BR-D,44.18,2026-01-08
SKU-00170,Item-00170,BR-E,29.79,2026-01-08
SKU-00171,Item-00171,BR-A,31.61,2026-01-08
SKU-00171,Item-00171,BR-B,58.61,2026-01-08
SKU-00171,Item-00171,BR-C,73.83,2026-01-08
SKU-00171,Item-00171,BR-D,75.23,2026-01-08
SKU-00171,Item-00171,BR-E,37.68,2026-01-08
SKU-00172,Item-00172,BR-A,43.32,2026-01-08
SKU-00172,Item-00172,BR-B,35.1,2026-01-08
SKU-00172,Item-00172,BR-C,33.78,2026-01-08
SKU-00172,Item-00172,BR-D,20.82,2026-01-08
SKU-00172,Item-00172,BR-E,18.13,2026-01-08
SKU-00173,Item-00173,BR-A,127.54,2026-01-08
SKU-00173,Item-00173,BR-B,109.94,2026-01-08
SKU-00173,Item-00173,BR-C,125.96,2026-01-08
SKU-00173,Item-00173,BR-D,88.81,2026-01-08
SKU-00173,Item-00173,BR-E,113.7,2026-01-08
SKU-00174,Item-00174,BR-A,4.58,2026-01-08
SKU-00174,Item-00174,BR-B,8.0,2026-01-08
SKU-00174,Item-00174,BR-C,7.54,2026-01-08
SKU-00174,Item-00174,BR-D,5.82,2026-01-08
SKU-00174,Item-00174,BR-E,4.94,2026-01-08
SKU-00175,Item-00175,BR-A,23.18,2026-01-08
SKU-00175,Item-00175,BR-B,12.01,2026-01-08
SKU-00175,Item-00175,BR-C,13.42,2026-01-08
SKU-00175,Item-00175,BR-D,27.06,2026-01-08
SKU-00175,Item-00175,BR-E,13.55,2026-01-08
SKU-00176,Item-00176,BR-A,123.69,2026-01-08
SKU-00176,Item-00176,BR-B,69.55,2026-01-08
SKU-00176,Item-00176,BR-C,150.0,2026-01-08
SKU-00176,Item-00176,BR-D,146.71,2026-01-08
SKU-00176,Item-00176,BR-E,105.33,2026-01-08
SKU-00177,Item-00177,BR-A,213.83,2026-01-08
SKU-00177,Item-00177,BR-B,235.63,2026-01-08
SKU-00177,Item-00177,BR-C,151.37,2026-01-08
SKU-00177,Item-00177,BR-D,279.88,2026-01-08
SKU-00177,Item-00177,BR-E,161.22,2026-01-08
SKU-00178,Item-00178,BR-A,262.95,2026-01-08
SKU-00178,Item-00178,BR-B,240.19,2026-01-08
SKU-00178,Item-00178,BR-C,189.97,2026-01-08
SKU-00178,Item-00178,BR-D,215.99,2026-01-08
SKU-00178,Item-00178,BR-E,206.98,2026-01-08
SKU-00179,Item-00179,BR-A,71.43,2026-01-08
SKU-00179,Item-00179,BR-B,81.64,2026-01-08
SKU-00179,Item-00179,BR-C,41.86,2026-01-08
SKU-00179,Item-00179,BR-D,87.37,2026-01-08
SKU-00179,Item-00179,BR-E,55.07,2026-01-08
SKU-00180,Item-00180,BR-A,149.48,2026-01-08
SKU-00180,Item-00180,BR-B,221.98,2026-01-08
SKU-00180,Item-00180,BR-C,188.82,2026-01-08
SKU-00180,Item-00180,BR-D,250.07,2026-01-08
SKU-00180,Item-00180,BR-E,122.38,2026-01-08
SKU-00181,Item-00181,BR-A,144.27,2026-01-08
SKU-00181,Item-00181,BR-B,173.75,2026-01-08
SKU-00181,Item-00181,BR-C,94.29,2026-01-08
SKU-00181,Item-00181,BR-D,173.37,2026-01-08
SKU-00181,Item-00181,BR-E,160.48,2026-01-08
SKU-00182,Item-00182,BR-A,5.42,2026-01-08
SKU-00182,Item-00182,BR-B,7.13,2026-01-08
SKU-00182,Item-00182,BR-C,3.23,2026-01-08
SKU-00182,Item-00182,BR-D,6.32,2026-01-08
SKU-00182,Item-00182,BR-E,5.7,2026-01-08
SKU-00183,Item-00183,BR-A,49.49,2026-01-08
SKU-00183,Item-00183,BR-B,74.67,2026-01-08
SKU-00183,Item-00183,BR-C,62.95,2026-01-08
SKU-00183,Item-00183,BR-D,39.29,2026-01-08
SKU-00183,Item-00183,BR-E,47.34,2026-01-08
SKU-00184,Item-00184,BR-A,187.7,2026-01-08
SKU-00184,Item-00184,BR-B,156.49,2026-01-08
SKU-00184,Item-00184,BR-C,255.75,2026-01-08
SKU-00184,Item-00184,BR-D,272.79,2026-01-08
SKU-00184,Item-00184,BR-E,240.24,2026-01-08
SKU-00185,Item-00185,BR-A,64.91,2026-01-08
SKU-00185,Item-00185,BR-B,46.98,2026-01-08
SKU-00185,Item-00185,BR-C,30.07,2026-01-08
SKU-00185,Item-00185,BR-D,65.28,2026-01-08
SKU-00185,Item-00185,BR-E,41.3,2026-01-08
SKU-00186,Item-00186,BR-A,134.63,2026-01-08
SKU-00186,Item-00186,BR-B,136.95,2026-01-08
SKU-00186,Item-00186,BR-C,86.82,2026-01-08
SKU-00186,Item-00186,BR-D,192.8,2026-01-08
SKU-00186,Item-00186,BR-E,175.23,2026-01-08
SKU-00187,Item-00187,BR-A,42.91,2026-01-08
SKU-00187,Item-00187,BR-B,76.39,2026-01-08
SKU-00187,Item-00187,BR-C,56.57,2026-01-08
SKU-00187,Item-00187,BR-D,50.52,2026-01-08
SKU-00187,Item-00187,BR-E,33.64,2026-01-08
SKU-00188,Item-00188,BR-A,178.99,2026-01-08
SKU-00188,Item-00188,BR-B,187.49,2026-01-08
SKU-00188,Item-00188,BR-C,82.3,2026-01-08
SKU-00188,Item-00188,BR-D,120.86,2026-01-08
SKU-00188,Item-00188,BR-E,156.16,2026-01-08
SKU-00189,Item-00189,BR-A,181.04,2026-01-08
SKU-00189,Item-00189,BR-B,199.64,2026-01-08
SKU-00189,Item-00189,BR-C,162.15,2026-01-08
SKU-00189,Item-00189,BR-D,122.71,2026-01-08
SKU-00189,Item-00189,BR-E,130.81,2026-01-08
SKU-00190,Item-00190,BR-A,126.5,2026-01-08
SKU-00190,Item-00190,BR-B,61.35,2026-01-08
SKU-00190,Item-00190,BR-C,111.01,2026-01-08
SKU-00190,Item-00190,BR-D,146.39,2026-01-08
SKU-00190,Item-00190,BR-E,88.5,2026-01-08
SKU-00191,Item-00191,BR-A,171.04,2026-01-08
SKU-00191,Item-00191,BR-B,98.26,2026-01-08
SKU-00191,Item-00191,BR-C,260.41,2026-01-08
SKU-00191,Item-00191,BR-D,111.43,2026-01-08
SKU-00191,Item-00191,BR-E,222.82,2026-01-08
SKU-00192,Item-00192,BR-A,24.4,2026-01-08
SKU-00192,Item-00192,BR-B,16.18,2026-01-08
SKU-00192,Item-00192,BR-C,18.55,2026-01-08
SKU-00192,Item-00192,BR-D,23.43,2026-01-08
SKU-00192,Item-00192,BR-E,19.34,2026-01-08
SKU-00193,Item-00193,BR-A,117.45,2026-01-08
SKU-00193,Item-00193,BR-B,164.91,2026-01-08
SKU-00193,Item-00193,BR-C,87.52,2026-01-08
SKU-00193,Item-00193,BR-D,109.69,2026-01-08
SKU-00193,Item-00193,BR-E,128.61,2026-01-08
SKU-00194,Item-00194,BR-A,4.43,2026-01-08
SKU-00194,Item-00194,BR-B,3.17,2026-01-08
SKU-00194,Item-00194,BR-C,2.52,2026-01-08
SKU-00194,Item-00194,BR-D,5.28,2026-01-08
SKU-00194,Item-00194,BR-E,5.42,2026-01-08
SKU-00195,Item-00195,BR-A,79.77,2026-01-08
SKU-00195,Item-00195,BR-B,159.33,2026-01-08
SKU-00195,Item-00195,BR-C,78.98,2026-01-08
SKU-00195,Item-00195,BR-D,106.34,2026-01-08
SKU-00195,Item-00195,BR-E,185.96,2026-01-08
SKU-00196,Item-00196,BR-A,38.67,2026-01-08
SKU-00196,Item-00196,BR-B,44.96,2026-01-08
SKU-00196,Item-00196,BR-C,33.74,2026-01-08
SKU-00196,Item-00196,BR-D,51.74,2026-01-08
SKU-00196,Item-00196,BR-E,32.82,2026-01-08
SKU-00197,Item-00197,BR-A,117.03,2026-01-08
SKU-00197,Item-00197,BR-B,129.64,2026-01-08
SKU-00197,Item-00197,BR-C,103.26,2026-01-08
SKU-00197,Item-00197,BR-D,120.79,2026-01-08
SKU-00197,Item-00197,BR-E,116.07,2026-01-08
SKU-00198,Item-00198,BR-A,83.82,2026-01-08
SKU-00198,Item-00198,BR-B,78.19,2026-01-08
SKU-00198,Item-00198,BR-C,114.37,2026-01-08
SKU-00198,Item-00198,BR-D,113.63,2026-01-08
SKU-00198,Item-00198,BR-E,68.73,2026-01-08
SKU-00199,Item-00199,BR-A,20.9,2026-01-08
SKU-00199,Item-00199,BR-B,23.99,2026-01-08
SKU-00199,Item-00199,BR-C,12.29,2026-01-08
SKU-00199,Item-00199,BR-D,21.82,2026-01-08
SKU-00199,Item-00199,BR-E,22.24,2026-01-08
SKU-00200,Item-00200,BR-A,61.3,2026-01-08
SKU-00200,Item-00200,BR-B,161.98,2026-01-08
SKU-00200,Item-00200,BR-C,133.46,2026-01-08
SKU-00200,Item-00200,BR-D,162.49,2026-01-08
SKU-00200,Item-00200,BR-E,116.08,2026-01-08
SKU-00201,Item-00201,BR-A,116.75,2026-01-08
SKU-00201,Item-00201,BR-B,124.76,2026-01-08
SKU-00201,Item-00201,BR-C,102.61,2026-01-08
SKU-00201,Item-00201,BR-D,158.85,2026-01-08
SKU-00201,Item-00201,BR-E,169.82,2026-01-08
SKU-00202,Item-00202,BR-A,127.3,2026-01-08
SKU-00202,Item-00202,BR-B,105.29,2026-01-08
SKU-00202,Item-00202,BR-C,123.8,2026-01-08
SKU-00202,Item-00202,BR-D,106.43,2026-01-08
SKU-00202,Item-00202,BR-E,72.91,2026-01-08
SKU-00203,Item-00203,BR-A,41.05,2026-01-08
SKU-00203,Item-00203,BR-B,39.57,2026-01-08
SKU-00203,Item-00203,BR-C,82.16,2026-01-08
SKU-00203,Item-00203,BR-D,54.46,2026-01-08
SKU-00203,Item-00203,BR-E,45.64,2026-01-08
SKU-00204,Item-00204,BR-A,262.09,2026-01-08
SKU-00204,Item-00204,BR-B,212.61,2026-01-08
SKU-00204,Item-00204,BR-C,232.55,2026-01-08
SKU-00204,Item-00204,BR-D,206.43,2026-01-08
SKU-00204,Item-00204,BR-E,126.48,2026-01-08
SKU-00205,Item-00205,BR-A,89.05,2026-01-08
SKU-00205,Item-00205,BR-B,78.44,2026-01-08
SKU-00205,Item-00205,BR-C,88.57,2026-01-08
SKU-00205,Item-00205,BR-D,81.61,2026-01-08
SKU-00205,Item-00205,BR-E,185.4,2026-01-08
SKU-00206,Item-00206,BR-A,93.88,2026-01-08
SKU-00206,Item-00206,BR-B,73.27,2026-01-08
SKU-00206,Item-00206,BR-C,65.54,2026-01-08
SKU-00206,Item-00206,BR-D,109.51,2026-01-08
SKU-00206,Item-00206,BR-E,78.76,2026-01-08
SKU-00207,Item-00207,BR-A,171.96,2026-01-08
SKU-00207,Item-00207,BR-B,252.46,2026-01-08
SKU-00207,Item-00207,BR-C,176.08,2026-01-08
SKU-00207,Item-00207,BR-D,216.03,2026-01-08
SKU-00207,Item-00207,BR-E,93.31,2026-01-08
SKU-00208,Item-00208,BR-A,182.33,2026-01-08
SKU-00208,Item-00208,BR-B,209.01,2026-01-08
SKU-00208,Item-00208,BR-C,177.54,2026-01-08
SKU-00208,Item-00208,BR-D,161.1,2026-01-08
SKU-00208,Item-00208,BR-E,228.8,2026-01-08
SKU-00209,Item-00209,BR-A,176.08,2026-01-08
SKU-00209,Item-00209,BR-B,169.87,2026-01-08
SKU-00209,Item-00209,BR-C,200.88,2026-01-08
SKU-00209,Item-00209,BR-D,204.62,2026-01-08
SKU-00209,Item-00209,BR-E,264.34,2026-01-08
SKU-00210,Item-00210,BR-A,240.72,2026-01-08
SKU-00210,Item-00210,BR-B,106.13,2026-01-08
SKU-00210,Item-00210,BR-C,229.12,2026-01-08
SKU-00210,Item-00210,BR-D,156.3,2026-01-08
SKU-00210,Item-00210,BR-E,149.85,2026-01-08
SKU-00211,Item-00211,BR-A,211.87,2026-01-08
SKU-00211,Item-00211,BR-B,98.64,2026-01-08
SKU-00211,Item-00211,BR-C,240.7,2026-01-08
SKU-00211,Item-00211,BR-D,98.51,2026-01-08
SKU-00211,Item-00211,BR-E,162.93,2026-01-08
SKU-00212,Item-00212,BR-A,34.07,2026-01-08
SKU-00212,Item-00212,BR-B,47.3,2026-01-08
SKU-00212,Item-00212,BR-C,38.55,2026-01-08
SKU-00212,Item-00212,BR-D,22.02,2026-01-08
SKU-00212,Item-00212,BR-E,48.83,2026-01-08
SKU-00213,Item-00213,BR-A,232.17,2026-01-08
SKU-00213,Item-00213,BR-B,169.28,2026-01-08
SKU-00213,Item-00213,BR-C,177.16,2026-01-08
SKU-00213,Item-00213,BR-D,230.31,2026-01-08
SKU-00213,Item-00213,BR-E,150.31,2026-01-08
SKU-00214,Item-00214,BR-A,101.9,2026-01-08
SKU-00214,Item-00214,BR-B,184.43,2026-01-08
SKU-00214,Item-00214,BR-C,186.8,2026-01-08
SKU-00214,Item-00214,BR-D,106.22,2026-01-08
SKU-00214,Item-00214,BR-E,194.01,2026-01-08
SKU-00215,Item-00215,BR-A,41.76,2026-01-08
SKU-00215,Item-00215,BR-B,40.84,2026-01-08
SKU-00215,Item-00215,BR-C,67.65,2026-01-08
SKU-00215,Item-00215,BR-D,62.1,2026-01-08
SKU-00215,Item-00215,BR-E,68.99,2026-01-08
SKU-00216,Item-00216,BR-A,55.23,2026-01-08
SKU-00216,Item-00216,BR-B,68.36,2026-01-08
SKU-00216,Item-00216,BR-C,53.87,2026-01-08
SKU-00216,Item-00216,BR-D,53.84,2026-01-08
SKU-00216,Item-00216,BR-E,73.26,2026-01-08
SKU-00217,Item-00217,BR-A,125.1,2026-01-08
SKU-00217,Item-00217,BR-B,140.78,2026-01-08
SKU-00217,Item-00217,BR-C,256.29,2026-01-08
SKU-00217,Item-00217,BR-D,233.76,2026-01-08
SKU-00217,Item-00217,BR-E,193.58,2026-01-08
SKU-00218,Item-00218,BR-A,61.08,2026-01-08
SKU-00218,Item-00218,BR-B,48.68,2026-01-08
SKU-00218,Item-00218,BR-C,46.11,2026-01-08
SKU-00218,Item-00218,BR-D,46.54,2026-01-08
SKU-00218,Item-00218,BR-E,36.69,2026-01-08
SKU-00219,Item-00219,BR-A,65.91,2026-01-08
SKU-00219,Item-00219,BR-B,103.33,2026-01-08
SKU-00219,Item-00219,BR-C,67.35,2026-01-08
SKU-00219,Item-00219,BR-D,68.82,2026-01-08
SKU-00219,Item-00219,BR-E,59.19,2026-01-08
SKU-00220,Item-00220,BR-A,40.44,2026-01-08
SKU-00220,Item-00220,BR-B,37.24,2026-01-08
SKU-00220,Item-00220,BR-C,67.0,2026-01-08
SKU-00220,Item-00220,BR-D,68.03,2026-01-08
SKU-00220,Item-00220,BR-E,59.75,2026-01-08
SKU-00221,Item-00221,BR-A,67.74,2026-01-08
SKU-00221,Item-00221,BR-B,63.73,2026-01-08
SKU-00221,Item-00221,BR-C,48.97,2026-01-08
SKU-00221,Item-00221,BR-D,114.93,2026-01-08
SKU-00221,Item-00221,BR-E,92.13,2026-01-08
SKU-00222,Item-00222,BR-A,157.96,2026-01-08
SKU-00222,Item-00222,BR-B,248.02,2026-01-08
SKU-00222,Item-00222,BR-C,190.7,2026-01-08
SKU-00222,Item-00222,BR-D,218.42,2026-01-08
SKU-00222,Item-00222,BR-E,132.08,2026-01-08
SKU-00223,Item-00223,BR-A,88.31,2026-01-08
SKU-00223,Item-00223,BR-B,99.1,2026-01-08
SKU-00223,Item-00223,BR-C,57.8,2026-01-08
SKU-00223,Item-00223,BR-D,70.22,2026-01-08
SKU-00223,Item-00223,BR-E,54.29,2026-01-08
SKU-00224,Item-00224,BR-A,114.03,2026-01-08
SKU-00224,Item-00224,BR-B,113.72,2026-01-08
SKU-00224,Item-00224,BR-C,64.45,2026-01-08
SKU-00224,Item-00224,BR-D,85.5,2026-01-08
SKU-00224,Item-00224,BR-E,97.57,2026-01-08
SKU-00225,Item-00225,BR-A,80.37,2026-01-08
SKU-00225,Item-00225,BR-B,73.92,2026-01-08
SKU-00225,Item-00225,BR-C,46.01,2026-01-08
SKU-00225,Item-00225,BR-D,39.4,2026-01-08
SKU-00225,Item-00225,BR-E,58.25,2026-01-08
SKU-00226,Item-00226,BR-A,24.92,2026-01-08
SKU-00226,Item-00226,BR-B,29.74,2026-01-08
SKU-00226,Item-00226,BR-C,26.4,2026-01-08
SKU-00226,Item-00226,BR-D,38.31,2026-01-08
SKU-00226,Item-00226,BR-E,39.7,2026-01-08
SKU-00227,Item-00227,BR-A,45.84,2026-01-08
SKU-00227,Item-00227,BR-B,40.68,2026-01-08
SKU-00227,Item-00227,BR-C,49.69,2026-01-08
SKU-00227,Item-00227,BR-D,40.27,2026-01-08
SKU-00227,Item-00227,BR-E,53.01,2026-01-08
SKU-00228,Item-00228,BR-A,9.03,2026-01-08
SKU-00228,Item-00228,BR-B,8.81,2026-01-08
SKU-00228,Item-00228,BR-C,7.18,2026-01-08
SKU-00228,Item-00228,BR-D,6.11,2026-01-08
SKU-00228,Item-00228,BR-E,16.02,2026-01-08
SKU-00229,Item-00229,BR-A,77.6,2026-01-08
SKU-00229,Item-00229,BR-B,46.69,2026-01-08
SKU-00229,Item-00229,BR-C,86.01,2026-01-08
SKU-00229,Item-00229,BR-D,45.71,2026-01-08
SKU-00229,Item-00229,BR-E,71.14,2026-01-08
SKU-00230,Item-00230,BR-A,50.75,2026-01-08
SKU-00230,Item-00230,BR-B,75.48,2026-01-08
SKU-00230,Item-00230,BR-C,125.41,2026-01-08
SKU-00230,Item-00230,BR-D,92.21,2026-01-08
SKU-00230,Item-00230,BR-E,63.78,2026-01-08
SKU-00231,Item-00231,BR-A,30.39,2026-01-08
SKU-00231,Item-00231,BR-B,34.39,2026-01-08
SKU-00231,Item-00231,BR-C,23.63,2026-01-08
SKU-00231,Item-00231,BR-D,26.29,2026-01-08
SKU-00231,Item-00231,BR-E,29.23,2026-01-08
SKU-00232,Item-00232,BR-A,73.4,2026-01-08
SKU-00232,Item-00232,BR-B,34.88,2026-01-08
SKU-00232,Item-00232,BR-C,41.12,2026-01-08
SKU-00232,Item-00232,BR-D,30.53,2026-01-08
SKU-00232,Item-00232,BR-E,42.89,2026-01-08
SKU-00233,Item-00233,BR-A,4.04,2026-01-08
SKU-00233,Item-00233,BR-B,3.51,2026-01-08
SKU-00233,Item-00233,BR-C,6.1,2026-01-08
SKU-00233,Item-00233,BR-D,2.86,2026-01-08
SKU-00233,Item-00233,BR-E,4.78,2026-01-08
SKU-00234,Item-00234,BR-A,149.4,2026-01-08
SKU-00234,Item-00234,BR-B,184.06,2026-01-08
SKU-00234,Item-00234,BR-C,91.92,2026-01-08
SKU-00234,Item-00234,BR-D,172.48,2026-01-08
SKU-00234,Item-00234,BR-E,120.9,2026-01-08
SKU-00235,Item-00235,BR-A,49.57,2026-01-08
SKU-00235,Item-00235,BR-B,47.98,2026-01-08
SKU-00235,Item-00235,BR-C,93.45,2026-01-08
SKU-00235,Item-00235,BR-D,73.45,2026-01-08
SKU-00235,Item-00235,BR-E,102.6,2026-01-08
SKU-00236,Item-00236,BR-A,259.87,2026-01-08
SKU-00236,Item-00236,BR-B,197.7,2026-01-08
SKU-00236,Item-00236,BR-C,209.96,2026-01-08
SKU-00236,Item-00236,BR-D,135.01,2026-01-08
SKU-00236,Item-00236,BR-E,207.63,2026-01-08
SKU-00237,Item-00237,BR-A,143.45,2026-01-08
SKU-00237,Item-00237,BR-B,169.47,2026-01-08
SKU-00237,Item-00237,BR-C,184.75,2026-01-08
SKU-00237,Item-00237,BR-D,134.52,2026-01-08
SKU-00237,Item-00237,BR-E,119.13,2026-01-08
SKU-00238,Item-00238,BR-A,190.18,2026-01-08
SKU-00238,Item-00238,BR-B,206.67,2026-01-08
SKU-00238,Item-00238,BR-C,162.37,2026-01-08
SKU-00238,Item-00238,BR-D,209.73,2026-01-08
SKU-00238,Item-00238,BR-E,113.09,2026-01-08
SKU-00239,Item-00239,BR-A,90.57,2026-01-08
SKU-00239,Item-00239,BR-B,84.31,2026-01-08
SKU-00239,Item-00239,BR-C,80.38,2026-01-08
SKU-00239,Item-00239,BR-D,87.22,2026-01-08
SKU-00239,Item-00239,BR-E,93.33,2026-01-08
SKU-00240,Item-00240,BR-A,41.23,2026-01-08
SKU-00240,Item-00240,BR-B,50.37,2026-01-08
SKU-00240,Item-00240,BR-C,71.5,2026-01-08
SKU-00240,Item-00240,BR-D,60.18,2026-01-08
SKU-00240,Item-00240,BR-E,94.19,2026-01-08
SKU-00241,Item-00241,BR-A,91.73,2026-01-08
SKU-00241,Item-00241,BR-B,79.31,2026-01-08
SKU-00241,Item-00241,BR-C,150.2,2026-01-08
SKU-00241,Item-00241,BR-D,76.46,2026-01-08
SKU-00241,Item-00241,BR-E,132.83,2026-01-08
SKU-00242,Item-00242,BR-A,56.79,2026-01-08
SKU-00242,Item-00242,BR-B,117.64,2026-01-08
SKU-00242,Item-00242,BR-C,61.78,2026-01-08
SKU-00242,Item-00242,BR-D,83.9,2026-01-08
SKU-00242,Item-00242,BR-E,60.79,2026-01-08
SKU-00243,Item-00243,BR-A,126.05,2026-01-08
SKU-00243,Item-00243,BR-B,159.32,2026-01-08
SKU-00243,Item-00243,BR-C,74.32,2026-01-08
SKU-00243,Item-00243,BR-D,102.76,2026-01-08
SKU-00243,Item-00243,BR-E,131.94,2026-01-08
SKU-00244,Item-00244,BR-A,135.88,2026-01-08
SKU-00244,Item-00244,BR-B,126.76,2026-01-08
SKU-00244,Item-00244,BR-C,149.7,2026-01-08
SKU-00244,Item-00244,BR-D,162.81,2026-01-08
SKU-00244,Item-00244,BR-E,113.61,2026-01-08
SKU-00245,Item-00245,BR-A,110.85,2026-01-08
SKU-00245,Item-00245,BR-B,111.64,2026-01-08
SKU-00245,Item-00245,BR-C,46.55,2026-01-08
SKU-00245,Item-00245,BR-D,108.4,2026-01-08
SKU-00245,Item-00245,BR-E,124.47,2026-01-08
SKU-00246,Item-00246,BR-A,73.77,2026-01-08
SKU-00246,Item-00246,BR-B,77.46,2026-01-08
SKU-00246,Item-00246,BR-C,89.02,2026-01-08
SKU-00246,Item-00246,BR-D,68.68,2026-01-08
SKU-00246,Item-00246,BR-E,50.79,2026-01-08
SKU-00247,Item-00247,BR-A,111.17,2026-01-08
SKU-00247,Item-00247,BR-B,128.89,2026-01-08
SKU-00247,Item-00247,BR-C,59.51,2026-01-08
SKU-00247,Item-00247,BR-D,115.59,2026-01-08
SKU-00247,Item-00247,BR-E,54.06,2026-01-08
SKU-00248,Item-00248,BR-A,111.49,2026-01-08
SKU-00248,Item-00248,BR-B,95.21,2026-01-08
SKU-00248,Item-00248,BR-C,132.52,2026-01-08
SKU-00248,Item-00248,BR-D,55.96,2026-01-08
SKU-00248,Item-00248,BR-E,74.44,2026-01-08
SKU-00249,Item-00249,BR-A,203.74,2026-01-08
SKU-00249,Item-00249,BR-B,111.79,2026-01-08
SKU-00249,Item-00249,BR-C,183.52,2026-01-08
SKU-00249,Item-00249,BR-D,79.38,2026-01-08
SKU-00249,Item-00249,BR-E,101.98,2026-01-08
SKU-00250,Item-00250,BR-A,125.75,2026-01-08
SKU-00250,Item-00250,BR-B,129.6,2026-01-08
SKU-00250,Item-00250,BR-C,140.22,2026-01-08
SKU-00250,Item-00250,BR-D,66.24,2026-01-08
SKU-00250,Item-00250,BR-E,127.75,2026-01-08
SKU-00251,Item-00251,BR-A,149.09,2026-01-08
SKU-00251,Item-00251,BR-B,106.34,2026-01-08
SKU-00251,Item-00251,BR-C,120.69,2026-01-08
SKU-00251,Item-00251,BR-D,93.46,2026-01-08
SKU-00251,Item-00251,BR-E,167.54,2026-01-08
SKU-00252,Item-00252,BR-A,129.92,2026-01-08
SKU-00252,Item-00252,BR-B,132.39,2026-01-08
SKU-00252,Item-00252,BR-C,132.89,2026-01-08
SKU-00252,Item-00252,BR-D,75.54,2026-01-08
SKU-00252,Item-00252,BR-E,68.83,2026-01-08
SKU-00253,Item-00253,BR-A,33.27,2026-01-08
SKU-00253,Item-00253,BR-B,25.23,2026-01-08
SKU-00253,Item-00253,BR-C,16.77,2026-01-08
SKU-00253,Item-00253,BR-D,14.65,2026-01-08
SKU-00253,Item-00253,BR-E,14.61,2026-01-08
SKU-00254,Item-00254,BR-A,124.49,2026-01-08
SKU-00254,Item-00254,BR-B,202.67,2026-01-08
SKU-00254,Item-00254,BR-C,99.88,2026-01-08
SKU-00254,Item-00254,BR-D,187.61,2026-01-08
SKU-00254,Item-00254,BR-E,101.76,2026-01-08
SKU-00255,Item-00255,BR-A,119.81,2026-01-08
SKU-00255,Item-00255,BR-B,125.22,2026-01-08
SKU-00255,Item-00255,BR-C,159.17,2026-01-08
SKU-00255,Item-00255,BR-D,95.83,2026-01-08
SKU-00255,Item-00255,BR-E,194.55,2026-01-08
SKU-00256,Item-00256,BR-A,10.37,2026-01-08
SKU-00256,Item-00256,BR-B,8.29,2026-01-08
SKU-00256,Item-00256,BR-C,8.54,2026-01-08
SKU-00256,Item-00256,BR-D,12.62,2026-01-08
SKU-00256,Item-00256,BR-E,4.71,2026-01-08
SKU-00257,Item-00257,BR-A,267.55,2026-01-08
SKU-00257,Item-00257,BR-B,130.57,2026-01-08
SKU-00257,Item-00257,BR-C,195.11,2026-01-08
SKU-00257,Item-00257,BR-D,220.36,2026-01-08
SKU-00257,Item-00257,BR-E,247.4,2026-01-08
SKU-00258,Item-00258,BR-A,77.57,2026-01-08
SKU-00258,Item-00258,BR-B,130.59,2026-01-08
SKU-00258,Item-00258,BR-C,54.08,2026-01-08
SKU-00258,Item-00258,BR-D,74.19,2026-01-08
SKU-00258,Item-00258,BR-E,82.57,2026-01-08
SKU-00259,Item-00259,BR-A,83.93,2026-01-08
SKU-00259,Item-00259,BR-B,208.95,2026-01-08
SKU-00259,Item-00259,BR-C,100.45,2026-01-08
SKU-00259,Item-00259,BR-D,108.61,2026-01-08
SKU-00259,Item-00259,BR-E,158.15,2026-01-08
SKU-00260,Item-00260,BR-A,128.72,2026-01-08
SKU-00260,Item-00260,BR-B,133.3,2026-01-08
SKU-00260,Item-00260,BR-C,69.78,2026-01-08
SKU-00260,Item-00260,BR-D,55.85,2026-01-08
SKU-00260,Item-00260,BR-E,79.64,2026-01-08
SKU-00261,Item-00261,BR-A,46.76,2026-01-08
SKU-00261,Item-00261,BR-B,42.73,2026-01-08
SKU-00261,Item-00261,BR-C,18.79,2026-01-08
SKU-00261,Item-00261,BR-D,34.64,2026-01-08
SKU-00261,Item-00261,BR-E,32.01,2026-01-08
SKU-00262,Item-00262,BR-A,259.07,2026-01-08
SKU-00262,Item-00262,BR-B,233.43,2026-01-08
SKU-00262,Item-00262,BR-C,235.17,2026-01-08
SKU-00262,Item-00262,BR-D,233.01,2026-01-08
SKU-00262,Item-00262,BR-E,253.97,2026-01-08
SKU-00263,Item-00263,BR-A,84.68,2026-01-08
SKU-00263,Item-00263,BR-B,151.5,2026-01-08
SKU-00263,Item-00263,BR-C,107.06,2026-01-08
SKU-00263,Item-00263,BR-D,107.12,2026-01-08
SKU-00263,Item-00263,BR-E,203.83,2026-01-08
SKU-00264,Item-00264,BR-A,31.23,2026-01-08
SKU-00264,Item-00264,BR-B,53.33,2026-01-08
SKU-00264,Item-00264,BR-C,22.43,2026-01-08
SKU-00264,Item-00264,BR-D,50.82,2026-01-08
SKU-00264,Item-00264,BR-E,47.36,2026-01-08
SKU-00265,Item-00265,BR-A,134.84,2026-01-08
SKU-00265,Item-00265,BR-B,73.91,2026-01-08
SKU-00265,Item-00265,BR-C,131.76,2026-01-08
SKU-00265,Item-00265,BR-D,92.79,2026-01-08
SKU-00265,Item-00265,BR-E,121.85,2026-01-08
SKU-00266,Item-00266,BR-A,32.95,2026-01-08
SKU-00266,Item-00266,BR-B,74.94,2026-01-08
SKU-00266,Item-00266,BR-C,60.78,2026-01-08
SKU-00266,Item-00266,BR-D,63.29,2026-01-08
SKU-00266,Item-00266,BR-E,44.25,2026-01-08
SKU-00267,Item-00267,BR-A,72.8,2026-01-08
SKU-00267,Item-00267,BR-B,58.72,2026-01-08
SKU-00267,Item-00267,BR-C,120.76,2026-01-08
SKU-00267,Item-00267,BR-D,103.81,2026-01-08
SKU-00267,Item-00267,BR-E,127.65,2026-01-08
SKU-00268,Item-00268,BR-A,192.43,2026-01-08
SKU-00268,Item-00268,BR-B,77.35,2026-01-08
SKU-00268,Item-00268,BR-C,118.05,2026-01-08
SKU-00268,Item-00268,BR-D,141.96,2026-01-08
SKU-00268,Item-00268,BR-E,141.32,2026-01-08
SKU-00269,Item-00269,BR-A,171.65,2026-01-08
SKU-00269,Item-00269,BR-B,81.48,2026-01-08
SKU-00269,Item-00269,BR-C,143.07,2026-01-08
SKU-00269,Item-00269,BR-D,137.34,2026-01-08
SKU-00269,Item-00269,BR-E,103.29,2026-01-08
SKU-00270,Item-00270,BR-A,170.73,2026-01-08
SKU-00270,Item-00270,BR-B,72.93,2026-01-08
SKU-00270,Item-00270,BR-C,84.0,2026-01-08
SKU-00270,Item-00270,BR-D,137.64,2026-01-08
SKU-00270,Item-00270,BR-E,162.32,2026-01-08
SKU-00271,Item-00271,BR-A,95.95,2026-01-08
SKU-00271,Item-00271,BR-B,104.76,2026-01-08
SKU-00271,Item-00271,BR-C,78.9,2026-01-08
SKU-00271,Item-00271,BR-D,110.75,2026-01-08
SKU-00271,Item-00271,BR-E,70.05,2026-01-08
SKU-00272,Item-00272,BR-A,70.63,2026-01-08
SKU-00272,Item-00272,BR-B,93.11,2026-01-08
SKU-00272,Item-00272,BR-C,113.8,2026-01-08
SKU-00272,Item-00272,BR-D,132.29,2026-01-08
SKU-00272,Item-00272,BR-E,91.18,2026-01-08
SKU-00273,Item-00273,BR-A,170.18,2026-01-08
SKU-00273,Item-00273,BR-B,144.51,2026-01-08
SKU-00273,Item-00273,BR-C,190.94,2026-01-08
SKU-00273,Item-00273,BR-D,89.75,2026-01-08
SKU-00273,Item-00273,BR-E,105.81,2026-01-08
SKU-00274,Item-00274,BR-A,60.13,2026-01-08
SKU-00274,Item-00274,BR-B,56.17,2026-01-08
SKU-00274,Item-00274,BR-C,52.68,2026-01-08
SKU-00274,Item-00274,BR-D,96.2,2026-01-08
SKU-00274,Item-00274,BR-E,135.34,2026-01-08
SKU-00275,Item-00275,BR-A,95.45,2026-01-08
SKU-00275,Item-00275,BR-B,203.15,2026-01-08
SKU-00275,Item-00275,BR-C,250.13,2026-01-08
SKU-00275,Item-00275,BR-D,179.46,2026-01-08
SKU-00275,Item-00275,BR-E,221.32,2026-01-08
SKU-00276,Item-00276,BR-A,192.54,2026-01-08
SKU-00276,Item-00276,BR-B,88.43,2026-01-08
SKU-00276,Item-00276,BR-C,218.63,2026-01-08
SKU-00276,Item-00276,BR-D,227.59,2026-01-08
SKU-00276,Item-00276,BR-E,92.03,2026-01-08
SKU-00277,Item-00277,BR-A,134.42,2026-01-08
SKU-00277,Item-00277,BR-B,135.18,2026-01-08
SKU-00277,Item-00277,BR-C,98.7,2026-01-08
SKU-00277,Item-00277,BR-D,118.84,2026-01-08
SKU-00277,Item-00277,BR-E,128.91,2026-01-08
SKU-00278,Item-00278,BR-A,82.99,2026-01-08
SKU-00278,Item-00278,BR-B,64.13,2026-01-08
SKU-00278,Item-00278,BR-C,50.27,2026-01-08
SKU-00278,Item-00278,BR-D,63.54,2026-01-08
SKU-00278,Item-00278,BR-E,65.33,2026-01-08
SKU-00279,Item-00279,BR-A,110.85,2026-01-08
SKU-00279,Item-00279,BR-B,125.32,2026-01-08
SKU-00279,Item-00279,BR-C,159.44,2026-01-08
SKU-00279,Item-00279,BR-D,178.66,2026-01-08
SKU-00279,Item-00279,BR-E,201.41,2026-01-08
SKU-00280,Item-00280,BR-A,36.13,2026-01-08
SKU-00280,Item-00280,BR-B,35.72,2026-01-08
SKU-00280,Item-00280,BR-C,39.82,2026-01-08
SKU-00280,Item-00280,BR-D,80.52,2026-01-08
SKU-00280,Item-00280,BR-E,82.75,2026-01-08
SKU-00281,Item-00281,BR-A,224.68,2026-01-08
SKU-00281,Item-00281,BR-B,137.62,2026-01-08
SKU-00281,Item-00281,BR-C,191.35,2026-01-08
SKU-00281,Item-00281,BR-D,125.75,2026-01-08
SKU-00281,Item-00281,BR-E,97.76,2026-01-08
SKU-00282,Item-00282,BR-A,42.27,2026-01-08
SKU-00282,Item-00282,BR-B,20.84,2026-01-08
SKU-00282,Item-00282,BR-C,19.73,2026-01-08
SKU-00282,Item-00282,BR-D,21.65,2026-01-08
SKU-00282,Item-00282,BR-E,36.88,2026-01-08
SKU-00283,Item-00283,BR-A,94.32,2026-01-08
SKU-00283,Item-00283,BR-B,61.61,2026-01-08
SKU-00283,Item-00283,BR-C,109.28,2026-01-08
SKU-00283,Item-00283,BR-D,71.0,2026-01-08
SKU-00283,Item-00283,BR-E,115.37,2026-01-08
SKU-00284,Item-00284,BR-A,200.93,2026-01-08
SKU-00284,Item-00284,BR-B,177.51,2026-01-08
SKU-00284,Item-00284,BR-C,74.97,2026-01-08
SKU-00284,Item-00284,BR-D,149.68,2026-01-08
SKU-00284,Item-00284,BR-E,101.9,2026-01-08
SKU-00285,Item-00285,BR-A,126.02,2026-01-08
SKU-00285,Item-00285,BR-B,69.3,2026-01-08
SKU-00285,Item-00285,BR-C,81.64,2026-01-08
SKU-00285,Item-00285,BR-D,120.08,2026-01-08
SKU-00285,Item-00285,BR-E,46.34,2026-01-08
SKU-00286,Item-00286,BR-A,112.02,2026-01-08
SKU-00286,Item-00286,BR-B,113.78,2026-01-08
SKU-00286,Item-00286,BR-C,112.7,2026-01-08
SKU-00286,Item-00286,BR-D,120.4,2026-01-08
SKU-00286,Item-00286,BR-E,93.55,2026-01-08
SKU-00287,Item-00287,BR-A,12.84,2026-01-08
SKU-00287,Item-00287,BR-B,8.87,2026-01-08
SKU-00287,Item-00287,BR-C,11.18,2026-01-08
SKU-00287,Item-00287,BR-D,22.18,2026-01-08
SKU-00287,Item-00287,BR-E,18.28,2026-01-08
SKU-00288,Item-00288,BR-A,71.8,2026-01-08
SKU-00288,Item-00288,BR-B,81.99,2026-01-08
SKU-00288,Item-00288,BR-C,69.6,2026-01-08
SKU-00288,Item-00288,BR-D,90.19,2026-01-08
SKU-00288,Item-00288,BR-E,110.8,2026-01-08
SKU-00289,Item-00289,BR-A,121.98,2026-01-08
SKU-00289,Item-00289,BR-B,204.49,2026-01-08
SKU-00289,Item-00289,BR-C,173.48,2026-01-08
SKU-00289,Item-00289,BR-D,194.78,2026-01-08
SKU-00289,Item-00289,BR-E,241.68,2026-01-08
SKU-00290,Item-00290,BR-A,88.92,2026-01-08
SKU-00290,Item-00290,BR-B,111.48,2026-01-08
SKU-00290,Item-00290,BR-C,71.05,2026-01-08
SKU-00290,Item-00290,BR-D,141.22,2026-01-08
SKU-00290,Item-00290,BR-E,107.97,2026-01-08
SKU-00291,Item-00291,BR-A,52.13,2026-01-08
SKU-00291,Item-00291,BR-B,47.05,2026-01-08
SKU-00291,Item-00291,BR-C,44.11,2026-01-08
SKU-00291,Item-00291,BR-D,89.0,2026-01-08
SKU-00291,Item-00291,BR-E,61.74,2026-01-08
SKU-00292,Item-00292,BR-A,222.72,2026-01-08
SKU-00292,Item-00292,BR-B,116.68,2026-01-08
SKU-00292,Item-00292,BR-C,149.87,2026-01-08
SKU-00292,Item-00292,BR-D,115.61,2026-01-08
SKU-00292,Item-00292,BR-E,159.84,2026-01-08
SKU-00293,Item-00293,BR-A,152.01,2026-01-08
SKU-00293,Item-00293,BR-B,94.75,2026-01-08
SKU-00293,Item-00293,BR-C,66.4,2026-01-08
SKU-00293,Item-00293,BR-D,143.87,2026-01-08
SKU-00293,Item-00293,BR-E,71.75,2026-01-08
SKU-00294,Item-00294,BR-A,186.97,2026-01-08
SKU-00294,Item-00294,BR-B,174.21,2026-01-08
SKU-00294,Item-00294,BR-C,229.83,2026-01-08
SKU-00294,Item-00294,BR-D,108.08,2026-01-08
SKU-00294,Item-00294,BR-E,129.23,2026-01-08
SKU-00295,Item-00295,BR-A,59.3,2026-01-08
SKU-00295,Item-00295,BR-B,142.22,2026-01-08
SKU-00295,Item-00295,BR-C,145.23,2026-01-08
SKU-00295,Item-00295,BR-D,127.1,2026-01-08
SKU-00295,Item-00295,BR-E,73.59,2026-01-08
SKU-00296,Item-00296,BR-A,60.2,2026-01-08
SKU-00296,Item-00296,BR-B,74.69,2026-01-08
SKU-00296,Item-00296,BR-C,113.04,2026-01-08
SKU-00296,Item-00296,BR-D,108.13,2026-01-08
SKU-00296,Item-00296,BR-E,82.06,2026-01-08
SKU-00297,Item-00297,BR-A,76.25,2026-01-08
SKU-00297,Item-00297,BR-B,78.4,2026-01-08
SKU-00297,Item-00297,BR-C,98.5,2026-01-08
SKU-00297,Item-00297,BR-D,54.21,2026-01-08
SKU-00297,Item-00297,BR-E,74.12,2026-01-08
SKU-00298,Item-00298,BR-A,194.33,2026-01-08
SKU-00298,Item-00298,BR-B,179.53,2026-01-08
SKU-00298,Item-00298,BR-C,171.18,2026-01-08
SKU-00298,Item-00298,BR-D,212.45,2026-01-08
SKU-00298,Item-00298,BR-E,82.73,2026-01-08
SKU-00299,Item-00299,BR-A,164.47,2026-01-08
SKU-00299,Item-00299,BR-B,156.97,2026-01-08
SKU-00299,Item-00299,BR-C,143.31,2026-01-08
SKU-00299,Item-00299,BR-D,189.15,2026-01-08
SKU-00299,Item-00299,BR-E,212.86,2026-01-08
SKU-00300,Item-00300,BR-A,9.92,2026-01-08
SKU-00300,Item-00300,BR-B,5.78,2026-01-08
SKU-00300,Item-00300,BR-C,6.76,2026-01-08
SKU-00300,Item-00300,BR-D,5.87,2026-01-08
SKU-00300,Item-00300,BR-E,10.86,2026-01-08
SKU-00301,Item-00301,BR-A,151.95,2026-01-08
SKU-00301,Item-00301,BR-B,67.73,2026-01-08
SKU-00301,Item-00301,BR-C,94.9,2026-01-08
SKU-00301,Item-00301,BR-D,125.53,2026-01-08
SKU-00301,Item-00301,BR-E,162.57,2026-01-08
SKU-00302,Item-00302,BR-A,24.72,2026-01-08
SKU-00302,Item-00302,BR-B,13.83,2026-01-08
SKU-00302,Item-00302,BR-C,27.0,2026-01-08
SKU-00302,Item-00302,BR-D,12.37,2026-01-08
SKU-00302,Item-00302,BR-E,27.63,2026-01-08
SKU-00303,Item-00303,BR-A,18.84,2026-01-08
SKU-00303,Item-00303,BR-B,40.7,2026-01-08
SKU-00303,Item-00303,BR-C,39.31,2026-01-08
SKU-00303,Item-00303,BR-D,27.11,2026-01-08
SKU-00303,Item-00303,BR-E,24.84,2026-01-08
SKU-00304,Item-00304,BR-A,46.38,2026-01-08
SKU-00304,Item-00304,BR-B,54.9,2026-01-08
SKU-00304,Item-00304,BR-C,48.25,2026-01-08
SKU-00304,Item-00304,BR-D,41.57,2026-01-08
SKU-00304,Item-00304,BR-E,54.37,2026-01-08
SKU-00305,Item-00305,BR-A,82.56,2026-01-08
SKU-00305,Item-00305,BR-B,81.98,2026-01-08
SKU-00305,Item-00305,BR-C,116.75,2026-01-08
SKU-00305,Item-00305,BR-D,63.83,2026-01-08
SKU-00305,Item-00305,BR-E,41.73,2026-01-08
SKU-00306,Item-00306,BR-A,118.15,2026-01-08
SKU-00306,Item-00306,BR-B,58.82,2026-01-08
SKU-00306,Item-00306,BR-C,78.51,2026-01-08
SKU-00306,Item-00306,BR-D,99.34,2026-01-08
SKU-00306,Item-00306,BR-E,54.17,2026-01-08
SKU-00307,Item-00307,BR-A,126.63,2026-01-08
SKU-00307,Item-00307,BR-B,126.08,2026-01-08
SKU-00307,Item-00307,BR-C,100.38,2026-01-08
SKU-00307,Item-00307,BR-D,205.43,2026-01-08
SKU-00307,Item-00307,BR-E,80.57,2026-01-08
SKU-00308,Item-00308,BR-A,76.08,2026-01-08
SKU-00308,Item-00308,BR-B,40.87,2026-01-08
SKU-00308,Item-00308,BR-C,83.69,2026-01-08
SKU-00308,Item-00308,BR-D,82.98,2026-01-08
SKU-00308,Item-00308,BR-E,59.14,2026-01-08
SKU-00309,Item-00309,BR-A,61.34,2026-01-08
SKU-00309,Item-00309,BR-B,53.12,2026-01-08
SKU-00309,Item-00309,BR-C,71.44,2026-01-08
SKU-00309,Item-00309,BR-D,55.22,2026-01-08
SKU-00309,Item-00309,BR-E,68.52,2026-01-08
SKU-00310,Item-00310,BR-A,140.43,2026-01-08
SKU-00310,Item-00310,BR-B,110.25,2026-01-08
SKU-00310,Item-00310,BR-C,76.88,2026-01-08
SKU-00310,Item-00310,BR-D,132.04,2026-01-08
SKU-00310,Item-00310,BR-E,120.67,2026-01-08
SKU-00311,Item-00311,BR-A,18.27,2026-01-08
SKU-00311,Item-00311,BR-B,9.14,2026-01-08
SKU-00311,Item-00311,BR-C,13.55,2026-01-08
SKU-00311,Item-00311,BR-D,9.29,2026-01-08
SKU-00311,Item-00311,BR-E,11.61,2026-01-08
SKU-00312,Item-00312,BR-A,33.64,2026-01-08
SKU-00312,Item-00312,BR-B,53.77,2026-01-08
SKU-00312,Item-00312,BR-C,58.66,2026-01-08
SKU-00312,Item-00312,BR-D,45.61,2026-01-08
SKU-00312,Item-00312,BR-E,31.98,2026-01-08
SKU-00313,Item-00313,BR-A,93.96,2026-01-08
SKU-00313,Item-00313,BR-B,110.49,2026-01-08
SKU-00313,Item-00313,BR-C,129.27,2026-01-08
SKU-00313,Item-00313,BR-D,92.26,2026-01-08
SKU-00313,Item-00313,BR-E,126.0,2026-01-08
SKU-00314,Item-00314,BR-A,170.31,2026-01-08
SKU-00314,Item-00314,BR-B,158.49,2026-01-08
SKU-00314,Item-00314,BR-C,197.57,2026-01-08
SKU-00314,Item-00314,BR-D,96.43,2026-01-08
SKU-00314,Item-00314,BR-E,188.23,2026-01-08
SKU-00315,Item-00315,BR-A,61.98,2026-01-08
SKU-00315,Item-00315,BR-B,61.12,2026-01-08
SKU-00315,Item-00315,BR-C,46.48,2026-01-08
SKU-00315,Item-00315,BR-D,58.8,2026-01-08
SKU-00315,Item-00315,BR-E,58.97,2026-01-08
SKU-00316,Item-00316,BR-A,77.05,2026-01-08
SKU-00316,Item-00316,BR-B,171.77,2026-01-08
SKU-00316,Item-00316,BR-C,120.75,2026-01-08
SKU-00316,Item-00316,BR-D,167.19,2026-01-08
SKU-00316,Item-00316,BR-E,115.81,2026-01-08
SKU-00317,Item-00317,BR-A,32.23,2026-01-08
SKU-00317,Item-00317,BR-B,42.55,2026-01-08
SKU-00317,Item-00317,BR-C,22.92,2026-01-08
SKU-00317,Item-00317,BR-D,34.51,2026-01-08
SKU-00317,Item-00317,BR-E,17.83,2026-01-08
SKU-00318,Item-00318,BR-A,78.1,2026-01-08
SKU-00318,Item-00318,BR-B,138.11,2026-01-08
SKU-00318,Item-00318,BR-C,72.51,2026-01-08
SKU-00318,Item-00318,BR-D,121.5,2026-01-08
SKU-00318,Item-00318,BR-E,66.5,2026-01-08
SKU-00319,Item-00319,BR-A,131.21,2026-01-08
SKU-00319,Item-00319,BR-B,89.17,2026-01-08
SKU-00319,Item-00319,BR-C,51.92,2026-01-08
SKU-00319,Item-00319,BR-D,113.86,2026-01-08
SKU-00319,Item-00319,BR-E,65.58,2026-01-08
SKU-00320,Item-00320,BR-A,81.31,2026-01-08
SKU-00320,Item-00320,BR-B,81.8,2026-01-08
SKU-00320,Item-00320,BR-C,221.81,2026-01-08
SKU-00320,Item-00320,BR-D,193.5,2026-01-08
SKU-00320,Item-00320,BR-E,162.1,2026-01-08
SKU-00321,Item-00321,BR-A,87.62,2026-01-08
SKU-00321,Item-00321,BR-B,111.89,2026-01-08
SKU-00321,Item-00321,BR-C,168.99,2026-01-08
SKU-00321,Item-00321,BR-D,64.93,2026-01-08
SKU-00321,Item-00321,BR-E,140.12,2026-01-08
SKU-00322,Item-00322,BR-A,131.92,2026-01-08
SKU-00322,Item-00322,BR-B,109.48,2026-01-08
SKU-00322,Item-00322,BR-C,119.36,2026-01-08
SKU-00322,Item-00322,BR-D,162.85,2026-01-08
SKU-00322,Item-00322,BR-E,117.94,2026-01-08
SKU-00323,Item-00323,BR-A,234.97,2026-01-08
SKU-00323,Item-00323,BR-B,277.42,2026-01-08
SKU-00323,Item-00323,BR-C,205.49,2026-01-08
SKU-00323,Item-00323,BR-D,131.82,2026-01-08
SKU-00323,Item-00323,BR-E,180.03,2026-01-08
SKU-00324,Item-00324,BR-A,154.48,2026-01-08
SKU-00324,Item-00324,BR-B,81.25,2026-01-08
SKU-00324,Item-00324,BR-C,150.81,2026-01-08
SKU-00324,Item-00324,BR-D,149.55,2026-01-08
SKU-00324,Item-00324,BR-E,68.82,2026-01-08
SKU-00325,Item-00325,BR-A,112.69,2026-01-08
SKU-00325,Item-00325,BR-B,122.13,2026-01-08
SKU-00325,Item-00325,BR-C,110.54,2026-01-08
SKU-00325,Item-00325,BR-D,155.0,2026-01-08
SKU-00325,Item-00325,BR-E,147.45,2026-01-08
SKU-00326,Item-00326,BR-A,117.31,2026-01-08
SKU-00326,Item-00326,BR-B,111.27,2026-01-08
SKU-00326,Item-00326,BR-C,57.04,2026-01-08
SKU-00326,Item-00326,BR-D,87.2,2026-01-08
SKU-00326,Item-00326,BR-E,113.8,2026-01-08
SKU-00327,Item-00327,BR-A,26.22,2026-01-08
SKU-00327,Item-00327,BR-B,19.2,2026-01-08
SKU-00327,Item-00327,BR-C,26.42,2026-01-08
SKU-00327,Item-00327,BR-D,22.37,2026-01-08
SKU-00327,Item-00327,BR-E,26.24,2026-01-08
SKU-00328,Item-00328,BR-A,17.37,2026-01-08
SKU-00328,Item-00328,BR-B,31.66,2026-01-08
SKU-00328,Item-00328,BR-C,22.14,2026-01-08
SKU-00328,Item-00328,BR-D,30.08,2026-01-08
SKU-00328,Item-00328,BR-E,24.43,2026-01-08
SKU-00329,Item-00329,BR-A,195.26,2026-01-08
SKU-00329,Item-00329,BR-B,236.58,2026-01-08
SKU-00329,Item-00329,BR-C,249.92,2026-01-08
SKU-00329,Item-00329,BR-D,241.53,2026-01-08
SKU-00329,Item-00329,BR-E,214.41,2026-01-08
SKU-00330,Item-00330,BR-A,203.8,2026-01-08
SKU-00330,Item-00330,BR-B,111.62,2026-01-08
SKU-00330,Item-00330,BR-C,154.96,2026-01-08
SKU-00330,Item-00330,BR-D,122.66,2026-01-08
SKU-00330,Item-00330,BR-E,170.14,2026-01-08
SKU-00331,Item-00331,BR-A,105.55,2026-01-08
SKU-00331,Item-00331,BR-B,45.43,2026-01-08
SKU-00331,Item-00331,BR-C,106.11,2026-01-08
SKU-00331,Item-00331,BR-D,51.13,2026-01-08
SKU-00331,Item-00331,BR-E,84.4,2026-01-08
SKU-00332,Item-00332,BR-A,173.19,2026-01-08
SKU-00332,Item-00332,BR-B,96.34,2026-01-08
SKU-00332,Item-00332,BR-C,99.53,2026-01-08
SKU-00332,Item-00332,BR-D,149.44,2026-01-08
SKU-00332,Item-00332,BR-E,83.06,2026-01-08
SKU-00333,Item-00333,BR-A,108.57,2026-01-08
SKU-00333,Item-00333,BR-B,105.31,2026-01-08
SKU-00333,Item-00333,BR-C,151.86,2026-01-08
SKU-00333,Item-00333,BR-D,89.33,2026-01-08
SKU-00333,Item-00333,BR-E,72.98,2026-01-08
SKU-00334,Item-00334,BR-A,8.13,2026-01-08
SKU-00334,Item-00334,BR-B,8.07,2026-01-08
SKU-00334,Item-00334,BR-C,3.83,2026-01-08
SKU-00334,Item-00334,BR-D,6.47,2026-01-08
SKU-00334,Item-00334,BR-E,7.94,2026-01-08
SKU-00335,Item-00335,BR-A,209.83,2026-01-08
SKU-00335,Item-00335,BR-B,238.29,2026-01-08
SKU-00335,Item-00335,BR-C,89.92,2026-01-08
SKU-00335,Item-00335,BR-D,240.18,2026-01-08
SKU-00335,Item-00335,BR-E,164.41,2026-01-08
SKU-00336,Item-00336,BR-A,80.13,2026-01-08
SKU-00336,Item-00336,BR-B,103.11,2026-01-08
SKU-00336,Item-00336,BR-C,83.32,2026-01-08
SKU-00336,Item-00336,BR-D,101.24,2026-01-08
SKU-00336,Item-00336,BR-E,78.79,2026-01-08
SKU-00337,Item-00337,BR-A,140.42,2026-01-08
SKU-00337,Item-00337,BR-B,68.27,2026-01-08
SKU-00337,Item-00337,BR-C,180.12,2026-01-08
SKU-00337,Item-00337,BR-D,134.93,2026-01-08
SKU-00337,Item-00337,BR-E,80.07,2026-01-08
SKU-00338,Item-00338,BR-A,165.9,2026-01-08
SKU-00338,Item-00338,BR-B,111.96,2026-01-08
SKU-00338,Item-00338,BR-C,182.05,2026-01-08
SKU-00338,Item-00338,BR-D,161.3,2026-01-08
SKU-00338,Item-00338,BR-E,139.87,2026-01-08
SKU-00339,Item-00339,BR-A,36.93,2026-01-08
SKU-00339,Item-00339,BR-B,35.62,2026-01-08
SKU-00339,Item-00339,BR-C,37.54,2026-01-08
SKU-00339,Item-00339,BR-D,39.13,2026-01-08
SKU-00339,Item-00339,BR-E,24.39,2026-01-08
SKU-00340,Item-00340,BR-A,284.14,2026-01-08
SKU-00340,Item-00340,BR-B,180.36,2026-01-08
SKU-00340,Item-00340,BR-C,262.15,2026-01-08
SKU-00340,Item-00340,BR-D,222.6,2026-01-08
SKU-00340,Item-00340,BR-E,203.34,2026-01-08
SKU-00341,Item-00341,BR-A,101.78,2026-01-08
SKU-00341,Item-00341,BR-B,145.76,2026-01-08
SKU-00341,Item-00341,BR-C,87.11,2026-01-08
SKU-00341,Item-00341,BR-D,147.56,2026-01-08
SKU-00341,Item-00341,BR-E,185.87,2026-01-08
SKU-00342,Item-00342,BR-A,206.74,2026-01-08
SKU-00342,Item-00342,BR-B,104.73,2026-01-08
SKU-00342,Item-00342,BR-C,141.22,2026-01-08
SKU-00342,Item-00342,BR-D,137.85,2026-01-08
SKU-00342,Item-00342,BR-E,226.71,2026-01-08
SKU-00343,Item-00343,BR-A,81.68,2026-01-08
SKU-00343,Item-00343,BR-B,80.39,2026-01-08
SKU-00343,Item-00343,BR-C,61.78,2026-01-08
SKU-00343,Item-00343,BR-D,122.67,2026-01-08
SKU-00343,Item-00343,BR-E,96.96,2026-01-08
SKU-00344,Item-00344,BR-A,41.45,2026-01-08
SKU-00344,Item-00344,BR-B,56.49,2026-01-08
SKU-00344,Item-00344,BR-C,48.66,2026-01-08
SKU-00344,Item-00344,BR-D,75.69,2026-01-08
SKU-00344,Item-00344,BR-E,74.14,2026-01-08
SKU-00345,Item-00345,BR-A,232.49,2026-01-08
SKU-00345,Item-00345,BR-B,114.0,2026-01-08
SKU-00345,Item-00345,BR-C,140.61,2026-01-08
SKU-00345,Item-00345,BR-D,185.53,2026-01-08
SKU-00345,Item-00345,BR-E,196.72,2026-01-08
SKU-00346,Item-00346,BR-A,66.74,2026-01-08
SKU-00346,Item-00346,BR-B,31.32,2026-01-08
SKU-00346,Item-00346,BR-C,56.22,2026-01-08
SKU-00346,Item-00346,BR-D,47.84,2026-01-08
SKU-00346,Item-00346,BR-E,38.61,2026-01-08
SKU-00347,Item-00347,BR-A,70.62,2026-01-08
SKU-00347,Item-00347,BR-B,28.29,2026-01-08
SKU-00347,Item-00347,BR-C,40.68,2026-01-08
SKU-00347,Item-00347,BR-D,51.13,2026-01-08
SKU-00347,Item-00347,BR-E,65.74,2026-01-08
SKU-00348,Item-00348,BR-A,107.25,2026-01-08
SKU-00348,Item-00348,BR-B,127.37,2026-01-08
SKU-00348,Item-00348,BR-C,173.26,2026-01-08
SKU-00348,Item-00348,BR-D,67.86,2026-01-08
SKU-00348,Item-00348,BR-E,110.17,2026-01-08
SKU-00349,Item-00349,BR-A,78.98,2026-01-08
SKU-00349,Item-00349,BR-B,69.81,2026-01-08
SKU-00349,Item-00349,BR-C,75.14,2026-01-08
SKU-00349,Item-00349,BR-D,74.51,2026-01-08
SKU-00349,Item-00349,BR-E,77.38,2026-01-08
SKU-00350,Item-00350,BR-A,140.79,2026-01-08
SKU-00350,Item-00350,BR-B,202.86,2026-01-08
SKU-00350,Item-00350,BR-C,132.12,2026-01-08
SKU-00350,Item-00350,BR-D,148.28,2026-01-08
SKU-00350,Item-00350,BR-E,192.55,2026-01-08
SKU-00351,Item-00351,BR-A,107.74,2026-01-08
SKU-00351,Item-00351,BR-B,91.68,2026-01-08
SKU-00351,Item-00351,BR-C,59.6,2026-01-08
SKU-00351,Item-00351,BR-D,101.72,2026-01-08
SKU-00351,Item-00351,BR-E,130.24,2026-01-08
SKU-00352,Item-00352,BR-A,209.63,2026-01-08
SKU-00352,Item-00352,BR-B,216.67,2026-01-08
SKU-00352,Item-00352,BR-C,101.81,2026-01-08
SKU-00352,Item-00352,BR-D,156.47,2026-01-08
SKU-00352,Item-00352,BR-E,129.4,2026-01-08
SKU-00353,Item-00353,BR-A,57.15,2026-01-08
SKU-00353,Item-00353,BR-B,84.97,2026-01-08
SKU-00353,Item-00353,BR-C,50.55,2026-01-08
SKU-00353,Item-00353,BR-D,53.73,2026-01-08
SKU-00353,Item-00353,BR-E,64.21,2026-01-08
SKU-00354,Item-00354,BR-A,148.31,2026-01-08
SKU-00354,Item-00354,BR-B,71.05,2026-01-08
SKU-00354,Item-00354,BR-C,101.22,2026-01-08
SKU-00354,Item-00354,BR-D,144.78,2026-01-08
SKU-00354,Item-00354,BR-E,118.06,2026-01-08
SKU-00355,Item-00355,BR-A,148.78,2026-01-08
SKU-00355,Item-00355,BR-B,158.18,2026-01-08
SKU-00355,Item-00355,BR-C,246.36,2026-01-08
SKU-00355,Item-00355,BR-D,130.53,2026-01-08
SKU-00355,Item-00355,BR-E,218.16,2026-01-08
SKU-00356,Item-00356,BR-A,67.3,2026-01-08
SKU-00356,Item-00356,BR-B,70.79,2026-01-08
SKU-00356,Item-00356,BR-C,43.3,2026-01-08
SKU-00356,Item-00356,BR-D,35.5,2026-01-08
SKU-00356,Item-00356,BR-E,68.78,2026-01-08
SKU-00357,Item-00357,BR-A,148.3,2026-01-08
SKU-00357,Item-00357,BR-B,68.31,2026-01-08
SKU-00357,Item-00357,BR-C,65.93,2026-01-08
SKU-00357,Item-00357,BR-D,96.96,2026-01-08
SKU-00357,Item-00357,BR-E,90.94,2026-01-08
SKU-00358,Item-00358,BR-A,112.53,2026-01-08
SKU-00358,Item-00358,BR-B,154.91,2026-01-08
SKU-00358,Item-00358,BR-C,81.46,2026-01-08
SKU-00358,Item-00358,BR-D,187.25,2026-01-08
SKU-00358,Item-00358,BR-E,97.49,2026-01-08
SKU-00359,Item-00359,BR-A,96.12,2026-01-08
SKU-00359,Item-00359,BR-B,70.86,2026-01-08
SKU-00359,Item-00359,BR-C,94.81,2026-01-08
SKU-00359,Item-00359,BR-D,117.21,2026-01-08
SKU-00359,Item-00359,BR-E,48.28,2026-01-08
SKU-00360,Item-00360,BR-A,30.74,2026-01-08
SKU-00360,Item-00360,BR-B,24.13,2026-01-08
SKU-00360,Item-00360,BR-C,15.81,2026-01-08
SKU-00360,Item-00360,BR-D,26.14,2026-01-08
SKU-00360,Item-00360,BR-E,12.58,2026-01-08
SKU-00361,Item-00361,BR-A,82.82,2026-01-08
SKU-00361,Item-00361,BR-B,97.77,2026-01-08
SKU-00361,Item-00361,BR-C,87.55,2026-01-08
SKU-00361,Item-00361,BR-D,62.9,2026-01-08
SKU-00361,Item-00361,BR-E,91.95,2026-01-08
SKU-00362,Item-00362,BR-A,63.16,2026-01-08
SKU-00362,Item-00362,BR-B,85.6,2026-01-08
SKU-00362,Item-00362,BR-C,80.0,2026-01-08
SKU-00362,Item-00362,BR-D,40.21,2026-01-08
SKU-00362,Item-00362,BR-E,55.29,2026-01-08
SKU-00363,Item-00363,BR-A,143.71,2026-01-08
SKU-00363,Item-00363,BR-B,73.15,2026-01-08
SKU-00363,Item-00363,BR-C,64.92,2026-01-08
SKU-00363,Item-00363,BR-D,141.44,2026-01-08
SKU-00363,Item-00363,BR-E,125.22,2026-01-08
SKU-00364,Item-00364,BR-A,101.1,2026-01-08
SKU-00364,Item-00364,BR-B,40.74,2026-01-08
SKU-00364,Item-00364,BR-C,52.25,2026-01-08
SKU-00364,Item-00364,BR-D,84.72,2026-01-08
SKU-00364,Item-00364,BR-E,87.54,2026-01-08
SKU-00365,Item-00365,BR-A,87.09,2026-01-08
SKU-00365,Item-00365,BR-B,63.17,2026-01-08
SKU-00365,Item-00365,BR-C,75.84,2026-01-08
SKU-00365,Item-00365,BR-D,94.44,2026-01-08
SKU-00365,Item-00365,BR-E,76.13,2026-01-08
SKU-00366,Item-00366,BR-A,65.85,2026-01-08
SKU-00366,Item-00366,BR-B,30.92,2026-01-08
SKU-00366,Item-00366,BR-C,83.83,2026-01-08
SKU-00366,Item-00366,BR-D,49.85,2026-01-08
SKU-00366,Item-00366,BR-E,46.25,2026-01-08
SKU-00367,Item-00367,BR-A,52.6,2026-01-08
SKU-00367,Item-00367,BR-B,62.64,2026-01-08
SKU-00367,Item-00367,BR-C,35.02,2026-01-08
SKU-00367,Item-00367,BR-D,46.85,2026-01-08
SKU-00367,Item-00367,BR-E,51.8,2026-01-08
SKU-00368,Item-00368,BR-A,88.82,2026-01-08
SKU-00368,Item-00368,BR-B,98.19,2026-01-08
SKU-00368,Item-00368,BR-C,62.32,2026-01-08
SKU-00368,Item-00368,BR-D,71.15,2026-01-08
SKU-00368,Item-00368,BR-E,66.86,2026-01-08
SKU-00369,Item-00369,BR-A,189.04,2026-01-08
SKU-00369,Item-00369,BR-B,233.81,2026-01-08
SKU-00369,Item-00369,BR-C,103.58,2026-01-08
SKU-00369,Item-00369,BR-D,121.92,2026-01-08
SKU-00369,Item-00369,BR-E,187.6,2026-01-08
SKU-00370,Item-00370,BR-A,38.65,2026-01-08
SKU-00370,Item-00370,BR-B,47.91,2026-01-08
SKU-00370,Item-00370,BR-C,23.26,2026-01-08
SKU-00370,Item-00370,BR-D,26.42,2026-01-08
SKU-00370,Item-00370,BR-E,52.26,2026-01-08
SKU-00371,Item-00371,BR-A,54.76,2026-01-08
SKU-00371,Item-00371,BR-B,80.88,2026-01-08
SKU-00371,Item-00371,BR-C,37.48,2026-01-08
SKU-00371,Item-00371,BR-D,43.61,2026-01-08
SKU-00371,Item-00371,BR-E,82.61,2026-01-08
SKU-00372,Item-00372,BR-A,99.22,2026-01-08
SKU-00372,Item-00372,BR-B,177.74,2026-01-08
SKU-00372,Item-00372,BR-C,79.0,2026-01-08
SKU-00372,Item-00372,BR-D,133.68,2026-01-08
SKU-00372,Item-00372,BR-E,68.59,2026-01-08
SKU-00373,Item-00373,BR-A,166.67,2026-01-08
SKU-00373,Item-00373,BR-B,196.23,2026-01-08
SKU-00373,Item-00373,BR-C,243.41,2026-01-08
SKU-00373,Item-00373,BR-D,178.85,2026-01-08
SKU-00373,Item-00373,BR-E,239.25,2026-01-08
SKU-00374,Item-00374,BR-A,64.21,2026-01-08
SKU-00374,Item-00374,BR-B,43.19,2026-01-08
SKU-00374,Item-00374,BR-C,39.72,2026-01-08
SKU-00374,Item-00374,BR-D,27.31,2026-01-08
SKU-00374,Item-00374,BR-E,32.19,2026-01-08
SKU-00375,Item-00375,BR-A,81.13,2026-01-08
SKU-00375,Item-00375,BR-B,40.38,2026-01-08
SKU-00375,Item-00375,BR-C,89.26,2026-01-08
SKU-00375,Item-00375,BR-D,70.85,2026-01-08
SKU-00375,Item-00375,BR-E,60.06,2026-01-08
SKU-00376,Item-00376,BR-A,28.53,2026-01-08
SKU-00376,Item-00376,BR-B,23.98,2026-01-08
SKU-00376,Item-00376,BR-C,27.07,2026-01-08
SKU-00376,Item-00376,BR-D,20.13,2026-01-08
SKU-00376,Item-00376,BR-E,41.49,2026-01-08
SKU-00377,Item-00377,BR-A,136.7,2026-01-08
SKU-00377,Item-00377,BR-B,218.08,2026-01-08
SKU-00377,Item-00377,BR-C,165.4,2026-01-08
SKU-00377,Item-00377,BR-D,143.29,2026-01-08
SKU-00377,Item-00377,BR-E,223.07,2026-01-08
SKU-00378,Item-00378,BR-A,71.51,2026-01-08
SKU-00378,Item-00378,BR-B,58.36,2026-01-08
SKU-00378,Item-00378,BR-C,33.88,2026-01-08
SKU-00378,Item-00378,BR-D,61.9,2026-01-08
SKU-00378,Item-00378,BR-E,60.8,2026-01-08
SKU-00379,Item-00379,BR-A,116.69,2026-01-08
SKU-00379,Item-00379,BR-B,135.86,2026-01-08
SKU-00379,Item-00379,BR-C,153.93,2026-01-08
SKU-00379,Item-00379,BR-D,108.74,2026-01-08
SKU-00379,Item-00379,BR-E,142.92,2026-01-08
SKU-00380,Item-00380,BR-A,26.81,2026-01-08
SKU-00380,Item-00380,BR-B,20.35,2026-01-08
SKU-00380,Item-00380,BR-C,14.94,2026-01-08
SKU-00380,Item-00380,BR-D,32.06,2026-01-08
SKU-00380,Item-00380,BR-E,18.12,2026-01-08
SKU-00381,Item-00381,BR-A,86.77,2026-01-08
SKU-00381,Item-00381,BR-B,61.87,2026-01-08
SKU-00381,Item-00381,BR-C,155.53,2026-01-08
SKU-00381,Item-00381,BR-D,171.33,2026-01-08
SKU-00381,Item-00381,BR-E,93.84,2026-01-08
SKU-00382,Item-00382,BR-A,120.91,2026-01-08
SKU-00382,Item-00382,BR-B,72.2,2026-01-08
SKU-00382,Item-00382,BR-C,67.24,2026-01-08
SKU-00382,Item-00382,BR-D,130.47,2026-01-08
SKU-00382,Item-00382,BR-E,137.21,2026-01-08
SKU-00383,Item-00383,BR-A,23.28,2026-01-08
SKU-00383,Item-00383,BR-B,50.07,2026-01-08
SKU-00383,Item-00383,BR-C,36.5,2026-01-08
SKU-00383,Item-00383,BR-D,46.83,2026-01-08
SKU-00383,Item-00383,BR-E,58.11,2026-01-08
SKU-00384,Item-00384,BR-A,76.58,2026-01-08
SKU-00384,Item-00384,BR-B,31.61,2026-01-08
SKU-00384,Item-00384,BR-C,65.45,2026-01-08
SKU-00384,Item-00384,BR-D,52.69,2026-01-08
SKU-00384,Item-00384,BR-E,76.19,2026-01-08
SKU-00385,Item-00385,BR-A,30.34,2026-01-08
SKU-00385,Item-00385,BR-B,30.16,2026-01-08
SKU-00385,Item-00385,BR-C,25.79,2026-01-08
SKU-00385,Item-00385,BR-D,17.9,2026-01-08
SKU-00385,Item-00385,BR-E,33.74,2026-01-08
SKU-00386,Item-00386,BR-A,86.47,2026-01-08
SKU-00386,Item-00386,BR-B,87.23,2026-01-08
SKU-00386,Item-00386,BR-C,63.16,2026-01-08
SKU-00386,Item-00386,BR-D,71.21,2026-01-08
SKU-00386,Item-00386,BR-E,69.16,2026-01-08
SKU-00387,Item-00387,BR-A,138.52,2026-01-08
SKU-00387,Item-00387,BR-B,124.71,2026-01-08
SKU-00387,Item-00387,BR-C,80.97,2026-01-08
SKU-00387,Item-00387,BR-D,128.17,2026-01-08
SKU-00387,Item-00387,BR-E,96.3,2026-01-08
SKU-00388,Item-00388,BR-A,40.12,2026-01-08
SKU-00388,Item-00388,BR-B,29.1,2026-01-08
SKU-00388,Item-00388,BR-C,41.15,2026-01-08
SKU-00388,Item-00388,BR-D,27.99,2026-01-08
SKU-00388,Item-00388,BR-E,31.07,2026-01-08
SKU-00389,Item-00389,BR-A,30.55,2026-01-08
SKU-00389,Item-00389,BR-B,17.45,2026-01-08
SKU-00389,Item-00389,BR-C,18.27,2026-01-08
SKU-00389,Item-00389,BR-D,12.54,2026-01-08
SKU-00389,Item-00389,BR-E,12.19,2026-01-08
SKU-00390,Item-00390,BR-A,23.19,2026-01-08
SKU-00390,Item-00390,BR-B,15.67,2026-01-08
SKU-00390,Item-00390,BR-C,36.87,2026-01-08
SKU-00390,Item-00390,BR-D,15.53,2026-01-08
SKU-00390,Item-00390,BR-E,22.46,2026-01-08
SKU-00391,Item-00391,BR-A,75.57,2026-01-08
SKU-00391,Item-00391,BR-B,118.14,2026-01-08
SKU-00391,Item-00391,BR-C,101.26,2026-01-08
SKU-00391,Item-00391,BR-D,120.94,2026-01-08
SKU-00391,Item-00391,BR-E,156.03,2026-01-08
SKU-00392,Item-00392,BR-A,179.04,2026-01-08
SKU-00392,Item-00392,BR-B,136.14,2026-01-08
SKU-00392,Item-00392,BR-C,103.37,2026-01-08
SKU-00392,Item-00392,BR-D,148.57,2026-01-08
SKU-00392,Item-00392,BR-E,162.35,2026-01-08
SKU-00393,Item-00393,BR-A,115.31,2026-01-08
SKU-00393,Item-00393,BR-B,114.31,2026-01-08
SKU-00393,Item-00393,BR-C,58.53,2026-01-08
SKU-00393,Item-00393,BR-D,119.46,2026-01-08
SKU-00393,Item-00393,BR-E,89.93,2026-01-08
SKU-00394,Item-00394,BR-A,54.33,2026-01-08
SKU-00394,Item-00394,BR-B,50.92,2026-01-08
SKU-00394,Item-00394,BR-C,81.61,2026-01-08
SKU-00394,Item-00394,BR-D,67.36,2026-01-08
SKU-00394,Item-00394,BR-E,44.8,2026-01-08
SKU-00395,Item-00395,BR-A,51.55,2026-01-08
SKU-00395,Item-00395,BR-B,89.65,2026-01-08
SKU-00395,Item-00395,BR-C,46.18,2026-01-08
SKU-00395,Item-00395,BR-D,54.29,2026-01-08
SKU-00395,Item-00395,BR-E,63.94,2026-01-08
SKU-00396,Item-00396,BR-A,129.14,2026-01-08
SKU-00396,Item-00396,BR-B,91.57,2026-01-08
SKU-00396,Item-00396,BR-C,79.84,2026-01-08
SKU-00396,Item-00396,BR-D,91.04,2026-01-08
SKU-00396,Item-00396,BR-E,74.83,2026-01-08
SKU-00397,Item-00397,BR-A,245.29,2026-01-08
SKU-00397,Item-00397,BR-B,226.95,2026-01-08
SKU-00397,Item-00397,BR-C,143.94,2026-01-08
SKU-00397,Item-00397,BR-D,218.8,2026-01-08
SKU-00397,Item-00397,BR-E,269.51,2026-01-08
SKU-00398,Item-00398,BR-A,187.58,2026-01-08
SKU-00398,Item-00398,BR-B,119.25,2026-01-08
SKU-00398,Item-00398,BR-C,71.12,2026-01-08
SKU-00398,Item-00398,BR-D,125.09,2026-01-08
SKU-00398,Item-00398,BR-E,132.57,2026-01-08
SKU-00399,Item-00399,BR-A,92.85,2026-01-08
SKU-00399,Item-00399,BR-B,188.96,2026-01-08
SKU-00399,Item-00399,BR-C,78.96,2026-01-08
SKU-00399,Item-00399,BR-D,173.45,2026-01-08
SKU-00399,Item-00399,BR-E,132.52,2026-01-08
SKU-00400,Item-00400,BR-A,50.47,2026-01-08
SKU-00400,Item-00400,BR-B,27.29,2026-01-08
SKU-00400,Item-00400,BR-C,68.0,2026-01-08
SKU-00400,Item-00400,BR-D,48.46,2026-01-08
SKU-00400,Item-00400,BR-E,42.54,2026-01-08
SKU-00001,Cola 1.5L,BR-A,101.34,2026-01-09
SKU-00001,Cola 1.5L,BR-B,121.4,2026-01-09
SKU-00001,Cola 1.5L,BR-C,165.85,2026-01-09
SKU-00001,Cola 1.5L,BR-D,142.34,2026-01-09
SKU-00001,Cola 1.5L,BR-E,145.88,2026-01-09
SKU-00002,Orange Juice 1L,BR-A,15.44,2026-01-09
SKU-00002,Orange Juice 1L,BR-B,18.86,2026-01-09
SKU-00002,Orange Juice 1L,BR-C,16.31,2026-01-09
SKU-00002,Orange Juice 1L,BR-D,13.14,2026-01-09
SKU-00002,Orange Juice 1L,BR-E,17.3,2026-01-09
SKU-00003,Mineral Water 500ml,BR-A,80.01,2026-01-09
SKU-00003,Mineral Water 500ml,BR-B,48.75,2026-01-09
SKU-00003,Mineral Water 500ml,BR-C,84.03,2026-01-09
SKU-00003,Mineral Water 500ml,BR-D,49.2,2026-01-09
SKU-00003,Mineral Water 500ml,BR-E,73.39,2026-01-09
SKU-00004,Energy Drink 250ml,BR-A,64.11,2026-01-09
SKU-00004,Energy Drink 250ml,BR-B,52.39,2026-01-09
SKU-00004,Energy Drink 250ml,BR-C,88.76,2026-01-09
SKU-00004,Energy Drink 250ml,BR-D,65.26,2026-01-09
SKU-00004,Energy Drink 250ml,BR-E,80.31,2026-01-09
SKU-00005,Soda Can,BR-A,189.54,2026-01-09
SKU-00005,Soda Can,BR-B,177.22,2026-01-09
SKU-00005,Soda Can,BR-C,135.43,2026-01-09
SKU-00005,Soda Can,BR-D,260.32,2026-01-09
SKU-00005,Soda Can,BR-E,217.77,2026-01-09
SKU-00006,Apple Juice 1L,BR-A,107.53,2026-01-09
SKU-00006,Apple Juice 1L,BR-B,151.18,2026-01-09
SKU-00006,Apple Juice 1L,BR-C,133.28,2026-01-09
SKU-00006,Apple Juice 1L,BR-D,166.44,2026-01-09
SKU-00006,Apple Juice 1L,BR-E,200.56,2026-01-09
SKU-00007,Tea Bag 100s,BR-A,259.24,2026-01-09
SKU-00007,Tea Bag 100s,BR-B,332.09,2026-01-09
SKU-00007,Tea Bag 100s,BR-C,271.69,2026-01-09
SKU-00007,Tea Bag 100s,BR-D,225.36,2026-01-09
SKU-00007,Tea Bag 100s,BR-E,351.41,2026-01-09
SKU-00008,Coffee 200g,BR-A,25.17,2026-01-09
SKU-00008,Coffee 200g,BR-B,32.83,2026-01-09
SKU-00008,Coffee 200g,BR-C,31.85,2026-01-09
SKU-00008,Coffee 200g,BR-D,38.0,2026-01-09
SKU-00008,Coffee 200g,BR-E,35.12,2026-01-09
SKU-00009,Lemonade 1L,BR-A,73.84,2026-01-09
SKU-00009,Lemonade 1L,BR-B,121.52,2026-01-09
SKU-00009,Lemonade 1L,BR-C,124.0,2026-01-09
SKU-00009,Lemonade 1L,BR-D,115.55,2026-01-09
SKU-00009,Lemonade 1L,BR-E,126.64,2026-01-09
SKU-00010,Iced Tea 500ml,BR-A,15.02,2026-01-09
SKU-00010,Iced Tea 500ml,BR-B,10.84,2026-01-09
SKU-00010,Iced Tea 500ml,BR-C,20.63,2026-01-09
SKU-00010,Iced Tea 500ml,BR-D,17.51,2026-01-09
SKU-00010,Iced Tea 500ml,BR-E,9.86,2026-01-09
SKU-00011,Thermos Flask 500ml,BR-A,76.9,2026-01-09
SKU-00011,Thermos Flask 500ml,BR-B,66.75,2026-01-09
SKU-00011,Thermos Flask 500ml,BR-C,58.67,2026-01-09
SKU-00011,Thermos Flask 500ml,BR-D,65.63,2026-01-09
SKU-00011,Thermos Flask 500ml,BR-E,89.3,2026-01-09
SKU-00012,أكوا 1.5 لتر,BR-A,95.35,2026-01-09
SKU-00012,أكوا 1.5 لتر,BR-B,112.12,2026-01-09
SKU-00012,أكوا 1.5 لتر,BR-C,109.71,2026-01-09
SKU-00012,أكوا 1.5 لتر,BR-D,198.64,2026-01-09
SKU-00012,أكوا 1.5 لتر,BR-E,176.93,2026-01-09
SKU-00013,Sports Drink 600ml,BR-A,11.09,2026-01-09
SKU-00013,Sports Drink 600ml,BR-B,17.1,2026-01-09
SKU-00013,Sports Drink 600ml,BR-C,19.09,2026-01-09
SKU-00013,Sports Drink 600ml,BR-D,16.02,2026-01-09
SKU-00013,Sports Drink 600ml,BR-E,16.74,2026-01-09
SKU-00014,Milk 1L,BR-A,63.85,2026-01-09
SKU-00014,Milk 1L,BR-B,55.6,2026-01-09
SKU-00014,Milk 1L,BR-C,62.61,2026-01-09
SKU-00014,Milk 1L,BR-D,80.59,2026-01-09
SKU-00014,Milk 1L,BR-E,77.57,2026-01-09
SKU-00015,Butter 250g,BR-A,244.54,2026-01-09
SKU-00015,Butter 250g,BR-B,148.45,2026-01-09
SKU-00015,Butter 250g,BR-C,213.75,2026-01-09
SKU-00015,Butter 250g,BR-D,151.86,2026-01-09
SKU-00015,Butter 250g,BR-E,181.2,2026-01-09
SKU-00016,Cheese Slices,BR-A,214.71,2026-01-09
SKU-00016,Cheese Slices,BR-B,185.26,2026-01-09
SKU-00016,Cheese Slices,BR-C,199.82,2026-01-09
SKU-00016,Cheese Slices,BR-D,85.34,2026-01-09
SKU-00016,Cheese Slices,BR-E,98.67,2026-01-09
SKU-00017,Yogurt 500g,BR-A,61.13,2026-01-09
SKU-00017,Yogurt 500g,BR-B,70.03,2026-01-09
SKU-00017,Yogurt 500g,BR-C,79.22,2026-01-09
SKU-00017,Yogurt 500g,BR-D,71.61,2026-01-09
SKU-00017,Yogurt 500g,BR-E,89.58,2026-01-09
SKU-00018,Eggs 12pk,BR-A,215.75,2026-01-09
SKU-00018,Eggs 12pk,BR-B,214.64,2026-01-09
SKU-00018,Eggs 12pk,BR-C,211.74,2026-01-09
SKU-00018,Eggs 12pk,BR-D,130.57,2026-01-09
SKU-00018,Eggs 12pk,BR-E,168.17,2026-01-09
SKU-00019,Cream 200ml,BR-A,249.26,2026-01-09
SKU-00019,Cream 200ml,BR-B,305.98,2026-01-09
SKU-00019,Cream 200ml,BR-C,209.59,2026-01-09
SKU-00019,Cream 200ml,BR-D,131.3,2026-01-09
SKU-00019,Cream 200ml,BR-E,117.01,2026-01-09
SKU-00020,Cheese Block 200g,BR-A,7.1,2026-01-09
SKU-00020,Cheese Block 200g,BR-B,9.17,2026-01-09
SKU-00020,Cheese Block 200g,BR-C,6.86,2026-01-09
SKU-00020,Cheese Block 200g,BR-D,12.32,2026-01-09
SKU-00020,Cheese Block 200g,BR-E,11.99,2026-01-09
SKU-00021,Ghee 1L,BR-A,284.35,2026-01-09
SKU-00021,Ghee 1L,BR-B,279.93,2026-01-09
SKU-00021,Ghee 1L,BR-C,280.96,2026-01-09
SKU-00021,Ghee 1L,BR-D,156.9,2026-01-09
SKU-00021,Ghee 1L,BR-E,218.06,2026-01-09
SKU-00022,Milk Powder 400g,BR-A,259.06,2026-01-09
SKU-00022,Milk Powder 400g,BR-B,194.72,2026-01-09
SKU-00022,Milk Powder 400g,BR-C,170.53,2026-01-09
SKU-00022,Milk Powder 400g,BR-D,194.77,2026-01-09
SKU-00022,Milk Powder 400g,BR-E,113.99,2026-01-09
SKU-00023,الحليب الطازج,BR-A,117.21,2026-01-09
SKU-00023,الحليب الطازج,BR-B,109.06,2026-01-09
SKU-00023,الحليب الطازج,BR-C,69.37,2026-01-09
SKU-00023,الحليب الطازج,BR-D,96.51,2026-01-09
SKU-00023,الحليب الطازج,BR-E,119.61,2026-01-09
SKU-00024,Bread Loaf,BR-A,63.67,2026-01-09
SKU-00024,Bread Loaf,BR-B,29.94,2026-01-09
SKU-00024,Bread Loaf,BR-C,28.47,2026-01-09
SKU-00024,Bread Loaf,BR-D,35.99,2026-01-09
SKU-00024,Bread Loaf,BR-E,69.96,2026-01-09
SKU-00025,Croissant,BR-A,256.72,2026-01-09
SKU-00025,Croissant,BR-B,268.46,2026-01-09
SKU-00025,Croissant,BR-C,202.75,2026-01-09
SKU-00025,Croissant,BR-D,362.57,2026-01-09
SKU-00025,Croissant,BR-E,277.84,2026-01-09
SKU-00026,Pita Bread 6pk,BR-A,130.88,2026-01-09
SKU-00026,Pita Bread 6pk,BR-B,51.5,2026-01-09
SKU-00026,Pita Bread 6pk,BR-C,122.38,2026-01-09
SKU-00026,Pita Bread 6pk,BR-D,109.69,2026-01-09
SKU-00026,Pita Bread 6pk,BR-E,128.94,2026-01-09
SKU-00027,Muffin 4pk,BR-A,41.51,2026-01-09
SKU-00027,Muffin 4pk,BR-B,33.37,2026-01-09
SKU-00027,Muffin 4pk,BR-C,41.57,2026-01-09
SKU-00027,Muffin 4pk,BR-D,41.2,2026-01-09
SKU-00027,Muffin 4pk,BR-E,29.54,2026-01-09
SKU-00028,Baguette,BR-A,34.66,2026-01-09
SKU-00028,Baguette,BR-B,28.24,2026-01-09
SKU-00028,Baguette,BR-C,21.32,2026-01-09
SKU-00028,Baguette,BR-D,43.5,2026-01-09
SKU-00028,Baguette,BR-E,45.46,2026-01-09
SKU-00029,Donuts 6pk,BR-A,248.77,2026-01-09
SKU-00029,Donuts 6pk,BR-B,168.14,2026-01-09
SKU-00029,Donuts 6pk,BR-C,293.96,2026-01-09
SKU-00029,Donuts 6pk,BR-D,139.01,2026-01-09
SKU-00029,Donuts 6pk,BR-E,302.76,2026-01-09
SKU-00030,Cake Slice,BR-A,135.83,2026-01-09
SKU-00030,Cake Slice,BR-B,166.38,2026-01-09
SKU-00030,Cake Slice,BR-C,205.66,2026-01-09
SKU-00030,Cake Slice,BR-D,206.25,2026-01-09
SKU-00030,Cake Slice,BR-E,160.01,2026-01-09
SKU-00031,Cookies Pack,BR-A,271.81,2026-01-09
SKU-00031,Cookies Pack,BR-B,275.99,2026-01-09
SKU-00031,Cookies Pack,BR-C,254.91,2026-01-09
SKU-00031,Cookies Pack,BR-D,154.88,2026-01-09
SKU-00031,Cookies Pack,BR-E,255.83,2026-01-09
SKU-00032,كعكة شوكولاتة,BR-A,106.94,2026-01-09
SKU-00032,كعكة شوكولاتة,BR-B,245.66,2026-01-09
SKU-00032,كعكة شوكولاتة,BR-C,126.45,2026-01-09
SKU-00032,كعكة شوكولاتة,BR-D,149.28,2026-01-09
SKU-00032,كعكة شوكولاتة,BR-E,215.03,2026-01-09
SKU-00033,Apples 1kg,BR-A,78.21,2026-01-09
SKU-00033,Apples 1kg,BR-B,213.29,2026-01-09
SKU-00033,Apples 1kg,BR-C,152.61,2026-01-09
SKU-00033,Apples 1kg,BR-D,198.23,2026-01-09
SKU-00033,Apples 1kg,BR-E,217.03,2026-01-09
SKU-00034,Bananas 1kg,BR-A,214.2,2026-01-09
SKU-00034,Bananas 1kg,BR-B,300.03,2026-01-09
SKU-00034,Bananas 1kg,BR-C,216.17,2026-01-09
SKU-00034,Bananas 1kg,BR-D,167.07,2026-01-09
SKU-00034,Bananas 1kg,BR-E,319.58,2026-01-09
SKU-00035,Potatoes 2kg,BR-A,59.49,2026-01-09
SKU-00035,Potatoes 2kg,BR-B,61.21,2026-01-09
SKU-00035,Potatoes 2kg,BR-C,109.57,2026-01-09
SKU-00035,Potatoes 2kg,BR-D,139.81,2026-01-09
SKU-00035,Potatoes 2kg,BR-E,136.87,2026-01-09
SKU-00036,Onions 1kg,BR-A,204.06,2026-01-09
SKU-00036,Onions 1kg,BR-B,183.8,2026-01-09
SKU-00036,Onions 1kg,BR-C,85.07,2026-01-09
SKU-00036,Onions 1kg,BR-D,126.79,2026-01-09
SKU-00036,Onions 1kg,BR-E,207.53,2026-01-09
SKU-00037,Tomatoes 1kg,BR-A,181.56,2026-01-09
SKU-00037,Tomatoes 1kg,BR-B,271.56,2026-01-09
SKU-00037,Tomatoes 1kg,BR-C,161.46,2026-01-09
SKU-00037,Tomatoes 1kg,BR-D,131.79,2026-01-09
SKU-00037,Tomatoes 1kg,BR-E,191.08,2026-01-09
SKU-00038,Cucumbers 500g,BR-A,201.75,2026-01-09
SKU-00038,Cucumbers 500g,BR-B,216.42,2026-01-09
SKU-00038,Cucumbers 500g,BR-C,168.94,2026-01-09
SKU-00038,Cucumbers 500g,BR-D,149.82,2026-01-09
SKU-00038,Cucumbers 500g,BR-E,153.57,2026-01-09
SKU-00039,Lettuce Head,BR-A,326.89,2026-01-09
SKU-00039,Lettuce Head,BR-B,138.84,2026-01-09
SKU-00039,Lettuce Head,BR-C,276.33,2026-01-09
SKU-00039,Lettuce Head,BR-D,235.72,2026-01-09
SKU-00039,Lettuce Head,BR-E,255.95,2026-01-09
SKU-00040,Carrots 1kg,BR-A,169.21,2026-01-09
SKU-00040,Carrots 1kg,BR-B,114.27,2026-01-09
SKU-00040,Carrots 1kg,BR-C,119.32,2026-01-09
SKU-00040,Carrots 1kg,BR-D,176.9,2026-01-09
SKU-00040,Carrots 1kg,BR-E,190.0,2026-01-09
SKU-00041,Potato Chips 150g,BR-A,215.68,2026-01-09
SKU-00041,Potato Chips 150g,BR-B,200.49,2026-01-09
SKU-00041,Potato Chips 150g,BR-C,280.25,2026-01-09
SKU-00041,Potato Chips 150g,BR-D,280.46,2026-01-09
SKU-00041,Potato Chips 150g,BR-E,255.47,2026-01-09
SKU-00042,Ice Cream 500ml,BR-A,17.5,2026-01-09
SKU-00042,Ice Cream 500ml,BR-B,16.36,2026-01-09
SKU-00042,Ice Cream 500ml,BR-C,27.0,2026-01-09
SKU-00042,Ice Cream 500ml,BR-D,17.87,2026-01-09
SKU-00042,Ice Cream 500ml,BR-E,14.18,2026-01-09
SKU-00043,Frozen Peas 500g,BR-A,76.37,2026-01-09
SKU-00043,Frozen Peas 500g,BR-B,89.86,2026-01-09
SKU-00043,Frozen Peas 500g,BR-C,87.27,2026-01-09
SKU-00043,Frozen Peas 500g,BR-D,49.95,2026-01-09
SKU-00043,Frozen Peas 500g,BR-E,65.88,2026-01-09
SKU-00044,Frozen Pizza,BR-A,57.82,2026-01-09
SKU-00044,Frozen Pizza,BR-B,70.65,2026-01-09
SKU-00044,Frozen Pizza,BR-C,113.0,2026-01-09
SKU-00044,Frozen Pizza,BR-D,51.06,2026-01-09
SKU-00044,Frozen Pizza,BR-E,66.14,2026-01-09
SKU-00045,Chicken Fingers 500g,BR-A,24.94,2026-01-09
SKU-00045,Chicken Fingers 500g,BR-B,32.6,2026-01-09
SKU-00045,Chicken Fingers 500g,BR-C,15.56,2026-01-09
SKU-00045,Chicken Fingers 500g,BR-D,18.01,2026-01-09
SKU-00045,Chicken Fingers 500g,BR-E,28.03,2026-01-09
SKU-00046,Fish Fingers 500g,BR-A,51.0,2026-01-09
SKU-00046,Fish Fingers 500g,BR-B,67.13,2026-01-09
SKU-00046,Fish Fingers 500g,BR-C,65.22,2026-01-09
SKU-00046,Fish Fingers 500g,BR-D,91.32,2026-01-09
SKU-00046,Fish Fingers 500g,BR-E,70.97,2026-01-09
SKU-00047,Frozen Veg Mix 450g,BR-A,30.83,2026-01-09
SKU-00047,Frozen Veg Mix 450g,BR-B,41.88,2026-01-09
SKU-00047,Frozen Veg Mix 450g,BR-C,29.43,2026-01-09
SKU-00047,Frozen Veg Mix 450g,BR-D,17.44,2026-01-09
SKU-00047,Frozen Veg Mix 450g,BR-E,46.64,2026-01-09
SKU-00048,مجمدات متنوعة,BR-A,64.14,2026-01-09
SKU-00048,مجمدات متنوعة,BR-B,81.55,2026-01-09
SKU-00048,مجمدات متنوعة,BR-C,70.51,2026-01-09
SKU-00048,مجمدات متنوعة,BR-D,61.06,2026-01-09
SKU-00048,مجمدات متنوعة,BR-E,46.73,2026-01-09
SKU-00049,Detergent 1L,BR-A,208.49,2026-01-09
SKU-00049,Detergent 1L,BR-B,159.43,2026-01-09
SKU-00049,Detergent 1L,BR-C,96.16,2026-01-09
SKU-00049,Detergent 1L,BR-D,107.88,2026-01-09
SKU-00049,Detergent 1L,BR-E,257.86,2026-01-09
SKU-00050,Toilet Paper 6pk,BR-A,98.96,2026-01-09
SKU-00050,Toilet Paper 6pk,BR-B,147.13,2026-01-09
SKU-00050,Toilet Paper 6pk,BR-C,116.05,2026-01-09
SKU-00050,Toilet Paper 6pk,BR-D,73.52,2026-01-09
SKU-00050,Toilet Paper 6pk,BR-E,106.24,2026-01-09
SKU-00051,Hand Soap,BR-A,136.15,2026-01-09
SKU-00051,Hand Soap,BR-B,146.28,2026-01-09
SKU-00051,Hand Soap,BR-C,95.15,2026-01-09
SKU-00051,Hand Soap,BR-D,80.7,2026-01-09
SKU-00051,Hand Soap,BR-E,151.92,2026-01-09
SKU-00052,Shampoo 400ml,BR-A,89.61,2026-01-09
SKU-00052,Shampoo 400ml,BR-B,34.37,2026-01-09
SKU-00052,Shampoo 400ml,BR-C,72.07,2026-01-09
SKU-00052,Shampoo 400ml,BR-D,64.76,2026-01-09
SKU-00052,Shampoo 400ml,BR-E,40.21,2026-01-09
SKU-00053,Toothpaste 100ml,BR-A,112.72,2026-01-09
SKU-00053,Toothpaste 100ml,BR-B,40.58,2026-01-09
SKU-00053,Toothpaste 100ml,BR-C,50.56,2026-01-09
SKU-00053,Toothpaste 100ml,BR-D,71.12,2026-01-09
SKU-00053,Toothpaste 100ml,BR-E,71.31,2026-01-09
SKU-00054,Cleaning Spray,BR-A,359.01,2026-01-09
SKU-00054,Cleaning Spray,BR-B,255.48,2026-01-09
SKU-00054,Cleaning Spray,BR-C,156.31,2026-01-09
SKU-00054,Cleaning Spray,BR-D,285.88,2026-01-09
SKU-00054,Cleaning Spray,BR-E,296.29,2026-01-09
SKU-00055,Garbage Bags 30pk,BR-A,169.41,2026-01-09
SKU-00055,Garbage Bags 30pk,BR-B,182.32,2026-01-09
SKU-00055,Garbage Bags 30pk,BR-C,190.89,2026-01-09
SKU-00055,Garbage Bags 30pk,BR-D,193.1,2026-01-09
SKU-00055,Garbage Bags 30pk,BR-E,227.65,2026-01-09
SKU-00056,Chips 150g,BR-A,235.78,2026-01-09
SKU-00056,Chips 150g,BR-B,179.26,2026-01-09
SKU-00056,Chips 150g,BR-C,179.22,2026-01-09
SKU-00056,Chips 150g,BR-D,93.89,2026-01-09
SKU-00056,Chips 150g,BR-E,166.37,2026-01-09
SKU-00057,Chocolate Bar,BR-A,39.87,2026-01-09
SKU-00057,Chocolate Bar,BR-B,64.63,2026-01-09
SKU-00057,Chocolate Bar,BR-C,72.68,2026-01-09
SKU-00057,Chocolate Bar,BR-D,69.82,2026-01-09
SKU-00057,Chocolate Bar,BR-E,58.16,2026-01-09
SKU-00058,Biscuits Pack,BR-A,235.47,2026-01-09
SKU-00058,Biscuits Pack,BR-B,103.73,2026-01-09
SKU-00058,Biscuits Pack,BR-C,136.28,2026-01-09
SKU-00058,Biscuits Pack,BR-D,199.8,2026-01-09
SKU-00058,Biscuits Pack,BR-E,249.15,2026-01-09
SKU-00059,Gum Pack,BR-A,39.18,2026-01-09
SKU-00059,Gum Pack,BR-B,55.27,2026-01-09
SKU-00059,Gum Pack,BR-C,47.62,2026-01-09
SKU-00059,Gum Pack,BR-D,38.76,2026-01-09
SKU-00059,Gum Pack,BR-E,41.18,2026-01-09
SKU-00060,Nuts Mix 200g,BR-A,153.99,2026-01-09
SKU-00060,Nuts Mix 200g,BR-B,66.79,2026-01-09
SKU-00060,Nuts Mix 200g,BR-C,127.9,2026-01-09
SKU-00060,Nuts Mix 200g,BR-D,140.66,2026-01-09
SKU-00060,Nuts Mix 200g,BR-E,134.06,2026-01-09
SKU-00061,Popcorn 100g,BR-A,276.99,2026-01-09
SKU-00061,Popcorn 100g,BR-B,368.4,2026-01-09
SKU-00061,Popcorn 100g,BR-C,173.55,2026-01-09
SKU-00061,Popcorn 100g,BR-D,264.97,2026-01-09
SKU-00061,Popcorn 100g,BR-E,255.33,2026-01-09
SKU-00062,Pretzels 200g,BR-A,240.75,2026-01-09
SKU-00062,Pretzels 200g,BR-B,94.45,2026-01-09
SKU-00062,Pretzels 200g,BR-C,254.17,2026-01-09
SKU-00062,Pretzels 200g,BR-D,226.87,2026-01-09
SKU-00062,Pretzels 200g,BR-E,252.83,2026-01-09
SKU-00063,Candy Assorted,BR-A,225.0,2026-01-09
SKU-00063,Candy Assorted,BR-B,196.02,2026-01-09
SKU-00063,Candy Assorted,BR-C,191.4,2026-01-09
SKU-00063,Candy Assorted,BR-D,203.44,2026-01-09
SKU-00063,Candy Assorted,BR-E,200.73,2026-01-09
SKU-00064,Chicken Breast 1kg,BR-A,236.61,2026-01-09
SKU-00064,Chicken Breast 1kg,BR-B,234.81,2026-01-09
SKU-00064,Chicken Breast 1kg,BR-C,103.27,2026-01-09
SKU-00064,Chicken Breast 1kg,BR-D,151.88,2026-01-09
SKU-00064,Chicken Breast 1kg,BR-E,134.45,2026-01-09
SKU-00065,Beef Mince 500g,BR-A,229.54,2026-01-09
SKU-00065,Beef Mince 500g,BR-B,233.69,2026-01-09
SKU-00065,Beef Mince 500g,BR-C,132.9,2026-01-09
SKU-00065,Beef Mince 500g,BR-D,227.24,2026-01-09
SKU-00065,Beef Mince 500g,BR-E,239.34,2026-01-09
SKU-00066,Lamb Chops 500g,BR-A,199.46,2026-01-09
SKU-00066,Lamb Chops 500g,BR-B,261.28,2026-01-09
SKU-00066,Lamb Chops 500g,BR-C,304.84,2026-01-09
SKU-00066,Lamb Chops 500g,BR-D,154.61,2026-01-09
SKU-00066,Lamb Chops 500g,BR-E,156.96,2026-01-09
SKU-00067,Sausages 400g,BR-A,60.94,2026-01-09
SKU-00067,Sausages 400g,BR-B,83.96,2026-01-09
SKU-00067,Sausages 400g,BR-C,63.83,2026-01-09
SKU-00067,Sausages 400g,BR-D,88.38,2026-01-09
SKU-00067,Sausages 400g,BR-E,40.88,2026-01-09
SKU-00068,Bacon 200g,BR-A,18.45,2026-01-09
SKU-00068,Bacon 200g,BR-B,16.8,2026-01-09
SKU-00068,Bacon 200g,BR-C,17.06,2026-01-09
SKU-00068,Bacon 200g,BR-D,9.57,2026-01-09
SKU-00068,Bacon 200g,BR-E,21.89,2026-01-09
SKU-00069,Fish Fillet 500g,BR-A,63.23,2026-01-09
SKU-00069,Fish Fillet 500g,BR-B,117.95,2026-01-09
SKU-00069,Fish Fillet 500g,BR-C,122.05,2026-01-09
SKU-00069,Fish Fillet 500g,BR-D,130.35,2026-01-09
SKU-00069,Fish Fillet 500g,BR-E,62.65,2026-01-09
SKU-00070,دجاج كامل,BR-A,49.54,2026-01-09
SKU-00070,دجاج كامل,BR-B,49.95,2026-01-09
SKU-00070,دجاج كامل,BR-C,59.71,2026-01-09
SKU-00070,دجاج كامل,BR-D,52.45,2026-01-09
SKU-00070,دجاج كامل,BR-E,42.98,2026-01-09
SKU-00071,Rice 5kg,BR-A,47.97,2026-01-09
SKU-00071,Rice 5kg,BR-B,71.54,2026-01-09
SKU-00071,Rice 5kg,BR-C,42.48,2026-01-09
SKU-00071,Rice 5kg,BR-D,84.4,2026-01-09
SKU-00071,Rice 5kg,BR-E,85.87,2026-01-09
SKU-00072,Sugar 1kg,BR-A,282.33,2026-01-09
SKU-00072,Sugar 1kg,BR-B,310.06,2026-01-09
SKU-00072,Sugar 1kg,BR-C,219.68,2026-01-09
SKU-00072,Sugar 1kg,BR-D,245.64,2026-01-09
SKU-00072,Sugar 1kg,BR-E,134.03,2026-01-09
SKU-00073,Pasta 500g,BR-A,296.45,2026-01-09
SKU-00073,Pasta 500g,BR-B,138.29,2026-01-09
SKU-00073,Pasta 500g,BR-C,136.07,2026-01-09
SKU-00073,Pasta 500g,BR-D,280.94,2026-01-09
SKU-00073,Pasta 500g,BR-E,280.79,2026-01-09
SKU-00074,Flour 2kg,BR-A,118.89,2026-01-09
SKU-00074,Flour 2kg,BR-B,69.97,2026-01-09
SKU-00074,Flour 2kg,BR-C,95.25,2026-01-09
SKU-00074,Flour 2kg,BR-D,60.25,2026-01-09
SKU-00074,Flour 2kg,BR-E,78.52,2026-01-09
SKU-00075,Cooking Oil 1L,BR-A,227.75,2026-01-09
SKU-00075,Cooking Oil 1L,BR-B,238.01,2026-01-09
SKU-00075,Cooking Oil 1L,BR-C,204.01,2026-01-09
SKU-00075,Cooking Oil 1L,BR-D,103.23,2026-01-09
SKU-00075,Cooking Oil 1L,BR-E,176.3,2026-01-09
SKU-00076,Canned Beans 400g,BR-A,123.23,2026-01-09
SKU-00076,Canned Beans 400g,BR-B,68.01,2026-01-09
SKU-00076,Canned Beans 400g,BR-C,125.17,2026-01-09
SKU-00076,Canned Beans 400g,BR-D,72.89,2026-01-09
SKU-00076,Canned Beans 400g,BR-E,137.59,2026-01-09
SKU-00077,Canned Tuna 185g,BR-A,257.94,2026-01-09
SKU-00077,Canned Tuna 185g,BR-B,239.26,2026-01-09
SKU-00077,Canned Tuna 185g,BR-C,268.28,2026-01-09
SKU-00077,Canned Tuna 185g,BR-D,303.54,2026-01-09
SKU-00077,Canned Tuna 185g,BR-E,241.42,2026-01-09
SKU-00078,Salt 1kg,BR-A,157.6,2026-01-09
SKU-00078,Salt 1kg,BR-B,186.91,2026-01-09
SKU-00078,Salt 1kg,BR-C,172.48,2026-01-09
SKU-00078,Salt 1kg,BR-D,136.71,2026-01-09
SKU-00078,Salt 1kg,BR-E,91.3,2026-01-09
SKU-00079,Soy Sauce 250ml,BR-A,52.77,2026-01-09
SKU-00079,Soy Sauce 250ml,BR-B,45.45,2026-01-09
SKU-00079,Soy Sauce 250ml,BR-C,76.25,2026-01-09
SKU-00079,Soy Sauce 250ml,BR-D,61.7,2026-01-09
SKU-00079,Soy Sauce 250ml,BR-E,50.32,2026-01-09
SKU-00080,زيت زيتون 1 لتر,BR-A,57.16,2026-01-09
SKU-00080,زيت زيتون 1 لتر,BR-B,55.46,2026-01-09
SKU-00080,زيت زيتون 1 لتر,BR-C,98.61,2026-01-09
SKU-00080,زيت زيتون 1 لتر,BR-D,81.74,2026-01-09
SKU-00080,زيت زيتون 1 لتر,BR-E,51.94,2026-01-09
SKU-00081,Item-00081,BR-A,106.45,2026-01-09
SKU-00081,Item-00081,BR-B,71.84,2026-01-09
SKU-00081,Item-00081,BR-C,151.93,2026-01-09
SKU-00081,Item-00081,BR-D,65.59,2026-01-09
SKU-00081,Item-00081,BR-E,81.24,2026-01-09
SKU-00082,Item-00082,BR-A,135.06,2026-01-09
SKU-00082,Item-00082,BR-B,142.25,2026-01-09
SKU-00082,Item-00082,BR-C,179.78,2026-01-09
SKU-00082,Item-00082,BR-D,110.5,2026-01-09
SKU-00082,Item-00082,BR-E,148.6,2026-01-09
SKU-00083,Item-00083,BR-A,120.7,2026-01-09
SKU-00083,Item-00083,BR-B,164.59,2026-01-09
SKU-00083,Item-00083,BR-C,216.38,2026-01-09
SKU-00083,Item-00083,BR-D,124.31,2026-01-09
SKU-00083,Item-00083,BR-E,258.46,2026-01-09
SKU-00084,Item-00084,BR-A,50.4,2026-01-09
SKU-00084,Item-00084,BR-B,41.91,2026-01-09
SKU-00084,Item-00084,BR-C,82.78,2026-01-09
SKU-00084,Item-00084,BR-D,96.29,2026-01-09
SKU-00084,Item-00084,BR-E,56.61,2026-01-09
SKU-00085,Item-00085,BR-A,144.99,2026-01-09
SKU-00085,Item-00085,BR-B,96.47,2026-01-09
SKU-00085,Item-00085,BR-C,68.26,2026-01-09
SKU-00085,Item-00085,BR-D,112.38,2026-01-09
SKU-00085,Item-00085,BR-E,74.44,2026-01-09
SKU-00086,Item-00086,BR-A,222.03,2026-01-09
SKU-00086,Item-00086,BR-B,166.4,2026-01-09
SKU-00086,Item-00086,BR-C,81.35,2026-01-09
SKU-00086,Item-00086,BR-D,148.82,2026-01-09
SKU-00086,Item-00086,BR-E,169.6,2026-01-09
SKU-00087,Item-00087,BR-A,18.85,2026-01-09
SKU-00087,Item-00087,BR-B,21.03,2026-01-09
SKU-00087,Item-00087,BR-C,25.92,2026-01-09
SKU-00087,Item-00087,BR-D,28.91,2026-01-09
SKU-00087,Item-00087,BR-E,44.3,2026-01-09
SKU-00088,Item-00088,BR-A,233.48,2026-01-09
SKU-00088,Item-00088,BR-B,87.62,2026-01-09
SKU-00088,Item-00088,BR-C,155.2,2026-01-09
SKU-00088,Item-00088,BR-D,179.09,2026-01-09
SKU-00088,Item-00088,BR-E,97.47,2026-01-09
SKU-00089,Item-00089,BR-A,152.23,2026-01-09
SKU-00089,Item-00089,BR-B,67.57,2026-01-09
SKU-00089,Item-00089,BR-C,116.72,2026-01-09
SKU-00089,Item-00089,BR-D,82.38,2026-01-09
SKU-00089,Item-00089,BR-E,76.36,2026-01-09
SKU-00090,Item-00090,BR-A,82.9,2026-01-09
SKU-00090,Item-00090,BR-B,70.62,2026-01-09
SKU-00090,Item-00090,BR-C,44.54,2026-01-09
SKU-00090,Item-00090,BR-D,80.5,2026-01-09
SKU-00090,Item-00090,BR-E,109.33,2026-01-09
SKU-00091,Item-00091,BR-A,125.37,2026-01-09
SKU-00091,Item-00091,BR-B,108.62,2026-01-09
SKU-00091,Item-00091,BR-C,76.06,2026-01-09
SKU-00091,Item-00091,BR-D,59.18,2026-01-09
SKU-00091,Item-00091,BR-E,143.07,2026-01-09
SKU-00092,Item-00092,BR-A,143.88,2026-01-09
SKU-00092,Item-00092,BR-B,245.88,2026-01-09
SKU-00092,Item-00092,BR-C,220.86,2026-01-09
SKU-00092,Item-00092,BR-D,215.82,2026-01-09
SKU-00092,Item-00092,BR-E,224.04,2026-01-09
SKU-00093,Item-00093,BR-A,205.84,2026-01-09
SKU-00093,Item-00093,BR-B,86.96,2026-01-09
SKU-00093,Item-00093,BR-C,94.49,2026-01-09
SKU-00093,Item-00093,BR-D,180.26,2026-01-09
SKU-00093,Item-00093,BR-E,201.23,2026-01-09
SKU-00094,Item-00094,BR-A,135.83,2026-01-09
SKU-00094,Item-00094,BR-B,73.08,2026-01-09
SKU-00094,Item-00094,BR-C,106.7,2026-01-09
SKU-00094,Item-00094,BR-D,105.09,2026-01-09
SKU-00094,Item-00094,BR-E,79.46,2026-01-09
SKU-00095,Item-00095,BR-A,223.61,2026-01-09
SKU-00095,Item-00095,BR-B,201.01,2026-01-09
SKU-00095,Item-00095,BR-C,191.36,2026-01-09
SKU-00095,Item-00095,BR-D,122.59,2026-01-09
SKU-00095,Item-00095,BR-E,195.33,2026-01-09
SKU-00096,Item-00096,BR-A,36.34,2026-01-09
SKU-00096,Item-00096,BR-B,18.21,2026-01-09
SKU-00096,Item-00096,BR-C,17.22,2026-01-09
SKU-00096,Item-00096,BR-D,29.92,2026-01-09
SKU-00096,Item-00096,BR-E,13.97,2026-01-09
SKU-00097,Item-00097,BR-A,30.0,2026-01-09
SKU-00097,Item-00097,BR-B,25.65,2026-01-09
SKU-00097,Item-00097,BR-C,38.36,2026-01-09
SKU-00097,Item-00097,BR-D,44.07,2026-01-09
SKU-00097,Item-00097,BR-E,23.17,2026-01-09
SKU-00098,Item-00098,BR-A,236.61,2026-01-09
SKU-00098,Item-00098,BR-B,274.58,2026-01-09
SKU-00098,Item-00098,BR-C,236.22,2026-01-09
SKU-00098,Item-00098,BR-D,208.83,2026-01-09
SKU-00098,Item-00098,BR-E,157.04,2026-01-09
SKU-00099,Item-00099,BR-A,258.28,2026-01-09
SKU-00099,Item-00099,BR-B,253.46,2026-01-09
SKU-00099,Item-00099,BR-C,192.12,2026-01-09
SKU-00099,Item-00099,BR-D,136.33,2026-01-09
SKU-00099,Item-00099,BR-E,219.16,2026-01-09
SKU-00100,Item-00100,BR-A,75.33,2026-01-09
SKU-00100,Item-00100,BR-B,72.74,2026-01-09
SKU-00100,Item-00100,BR-C,119.04,2026-01-09
SKU-00100,Item-00100,BR-D,89.94,2026-01-09
SKU-00100,Item-00100,BR-E,63.84,2026-01-09
SKU-00101,Item-00101,BR-A,248.88,2026-01-09
SKU-00101,Item-00101,BR-B,171.8,2026-01-09
SKU-00101,Item-00101,BR-C,105.14,2026-01-09
SKU-00101,Item-00101,BR-D,170.99,2026-01-09
SKU-00101,Item-00101,BR-E,231.06,2026-01-09
SKU-00102,Item-00102,BR-A,207.31,2026-01-09
SKU-00102,Item-00102,BR-B,92.66,2026-01-09
SKU-00102,Item-00102,BR-C,248.57,2026-01-09
SKU-00102,Item-00102,BR-D,110.75,2026-01-09
SKU-00102,Item-00102,BR-E,244.84,2026-01-09
SKU-00103,Item-00103,BR-A,164.22,2026-01-09
SKU-00103,Item-00103,BR-B,107.93,2026-01-09
SKU-00103,Item-00103,BR-C,129.69,2026-01-09
SKU-00103,Item-00103,BR-D,78.21,2026-01-09
SKU-00103,Item-00103,BR-E,69.21,2026-01-09
SKU-00104,Item-00104,BR-A,48.57,2026-01-09
SKU-00104,Item-00104,BR-B,83.95,2026-01-09
SKU-00104,Item-00104,BR-C,48.93,2026-01-09
SKU-00104,Item-00104,BR-D,112.61,2026-01-09
SKU-00104,Item-00104,BR-E,81.09,2026-01-09
SKU-00105,Item-00105,BR-A,156.27,2026-01-09
SKU-00105,Item-00105,BR-B,67.34,2026-01-09
SKU-00105,Item-00105,BR-C,143.78,2026-01-09
SKU-00105,Item-00105,BR-D,115.44,2026-01-09
SKU-00105,Item-00105,BR-E,100.9,2026-01-09
SKU-00106,Item-00106,BR-A,232.49,2026-01-09
SKU-00106,Item-00106,BR-B,147.83,2026-01-09
SKU-00106,Item-00106,BR-C,205.43,2026-01-09
SKU-00106,Item-00106,BR-D,192.73,2026-01-09
SKU-00106,Item-00106,BR-E,170.8,2026-01-09
SKU-00107,Item-00107,BR-A,98.93,2026-01-09
SKU-00107,Item-00107,BR-B,93.97,2026-01-09
SKU-00107,Item-00107,BR-C,137.82,2026-01-09
SKU-00107,Item-00107,BR-D,147.72,2026-01-09
SKU-00107,Item-00107,BR-E,117.94,2026-01-09
SKU-00108,Item-00108,BR-A,120.75,2026-01-09
SKU-00108,Item-00108,BR-B,181.86,2026-01-09
SKU-00108,Item-00108,BR-C,279.04,2026-01-09
SKU-00108,Item-00108,BR-D,262.48,2026-01-09
SKU-00108,Item-00108,BR-E,188.5,2026-01-09
SKU-00109,Item-00109,BR-A,40.11,2026-01-09
SKU-00109,Item-00109,BR-B,49.39,2026-01-09
SKU-00109,Item-00109,BR-C,27.91,2026-01-09
SKU-00109,Item-00109,BR-D,63.95,2026-01-09
SKU-00109,Item-00109,BR-E,48.51,2026-01-09
SKU-00110,Item-00110,BR-A,205.36,2026-01-09
SKU-00110,Item-00110,BR-B,260.15,2026-01-09
SKU-00110,Item-00110,BR-C,260.2,2026-01-09
SKU-00110,Item-00110,BR-D,111.28,2026-01-09
SKU-00110,Item-00110,BR-E,98.06,2026-01-09
SKU-00111,Item-00111,BR-A,16.83,2026-01-09
SKU-00111,Item-00111,BR-B,28.08,2026-01-09
SKU-00111,Item-00111,BR-C,13.57,2026-01-09
SKU-00111,Item-00111,BR-D,19.79,2026-01-09
SKU-00111,Item-00111,BR-E,11.8,2026-01-09
SKU-00112,Item-00112,BR-A,150.65,2026-01-09
SKU-00112,Item-00112,BR-B,203.94,2026-01-09
SKU-00112,Item-00112,BR-C,208.28,2026-01-09
SKU-00112,Item-00112,BR-D,235.33,2026-01-09
SKU-00112,Item-00112,BR-E,208.99,2026-01-09
SKU-00113,Item-00113,BR-A,222.54,2026-01-09
SKU-00113,Item-00113,BR-B,111.22,2026-01-09
SKU-00113,Item-00113,BR-C,172.28,2026-01-09
SKU-00113,Item-00113,BR-D,190.68,2026-01-09
SKU-00113,Item-00113,BR-E,100.13,2026-01-09
SKU-00114,Item-00114,BR-A,95.66,2026-01-09
SKU-00114,Item-00114,BR-B,112.38,2026-01-09
SKU-00114,Item-00114,BR-C,99.96,2026-01-09
SKU-00114,Item-00114,BR-D,140.24,2026-01-09
SKU-00114,Item-00114,BR-E,136.28,2026-01-09
SKU-00115,Item-00115,BR-A,28.71,2026-01-09
SKU-00115,Item-00115,BR-B,52.63,2026-01-09
SKU-00115,Item-00115,BR-C,20.5,2026-01-09
SKU-00115,Item-00115,BR-D,24.71,2026-01-09
SKU-00115,Item-00115,BR-E,27.06,2026-01-09
SKU-00116,Item-00116,BR-A,256.51,2026-01-09
SKU-00116,Item-00116,BR-B,161.81,2026-01-09
SKU-00116,Item-00116,BR-C,138.63,2026-01-09
SKU-00116,Item-00116,BR-D,123.82,2026-01-09
SKU-00116,Item-00116,BR-E,213.69,2026-01-09
SKU-00117,Item-00117,BR-A,103.19,2026-01-09
SKU-00117,Item-00117,BR-B,113.77,2026-01-09
SKU-00117,Item-00117,BR-C,132.7,2026-01-09
SKU-00117,Item-00117,BR-D,241.31,2026-01-09
SKU-00117,Item-00117,BR-E,193.91,2026-01-09
SKU-00118,Item-00118,BR-A,218.93,2026-01-09
SKU-00118,Item-00118,BR-B,101.79,2026-01-09
SKU-00118,Item-00118,BR-C,81.96,2026-01-09
SKU-00118,Item-00118,BR-D,213.57,2026-01-09
SKU-00118,Item-00118,BR-E,80.02,2026-01-09
SKU-00119,Item-00119,BR-A,104.63,2026-01-09
SKU-00119,Item-00119,BR-B,105.98,2026-01-09
SKU-00119,Item-00119,BR-C,84.0,2026-01-09
SKU-00119,Item-00119,BR-D,78.01,2026-01-09
SKU-00119,Item-00119,BR-E,148.19,2026-01-09
SKU-00120,Item-00120,BR-A,152.77,2026-01-09
SKU-00120,Item-00120,BR-B,161.12,2026-01-09
SKU-00120,Item-00120,BR-C,243.15,2026-01-09
SKU-00120,Item-00120,BR-D,182.79,2026-01-09
SKU-00120,Item-00120,BR-E,150.95,2026-01-09
SKU-00121,Item-00121,BR-A,56.93,2026-01-09
SKU-00121,Item-00121,BR-B,47.6,2026-01-09
SKU-00121,Item-00121,BR-C,92.41,2026-01-09
SKU-00121,Item-00121,BR-D,97.28,2026-01-09
SKU-00121,Item-00121,BR-E,115.36,2026-01-09
SKU-00122,Item-00122,BR-A,138.73,2026-01-09
SKU-00122,Item-00122,BR-B,59.53,2026-01-09
SKU-00122,Item-00122,BR-C,59.33,2026-01-09
SKU-00122,Item-00122,BR-D,120.6,2026-01-09
SKU-00122,Item-00122,BR-E,50.67,2026-01-09
SKU-00123,Item-00123,BR-A,69.89,2026-01-09
SKU-00123,Item-00123,BR-B,65.0,2026-01-09
SKU-00123,Item-00123,BR-C,43.19,2026-01-09
SKU-00123,Item-00123,BR-D,60.44,2026-01-09
SKU-00123,Item-00123,BR-E,54.58,2026-01-09
SKU-00124,Item-00124,BR-A,10.78,2026-01-09
SKU-00124,Item-00124,BR-B,5.37,2026-01-09
SKU-00124,Item-00124,BR-C,8.19,2026-01-09
SKU-00124,Item-00124,BR-D,11.68,2026-01-09
SKU-00124,Item-00124,BR-E,10.16,2026-01-09
SKU-00125,Item-00125,BR-A,53.6,2026-01-09
SKU-00125,Item-00125,BR-B,51.21,2026-01-09
SKU-00125,Item-00125,BR-C,62.76,2026-01-09
SKU-00125,Item-00125,BR-D,60.53,2026-01-09
SKU-00125,Item-00125,BR-E,61.16,2026-01-09
SKU-00126,Item-00126,BR-A,6.16,2026-01-09
SKU-00126,Item-00126,BR-B,4.94,2026-01-09
SKU-00126,Item-00126,BR-C,5.76,2026-01-09
SKU-00126,Item-00126,BR-D,6.78,2026-01-09
SKU-00126,Item-00126,BR-E,4.47,2026-01-09
SKU-00127,Item-00127,BR-A,72.87,2026-01-09
SKU-00127,Item-00127,BR-B,71.06,2026-01-09
SKU-00127,Item-00127,BR-C,70.67,2026-01-09
SKU-00127,Item-00127,BR-D,67.04,2026-01-09
SKU-00127,Item-00127,BR-E,51.82,2026-01-09
SKU-00128,Item-00128,BR-A,171.33,2026-01-09
SKU-00128,Item-00128,BR-B,133.98,2026-01-09
SKU-00128,Item-00128,BR-C,131.78,2026-01-09
SKU-00128,Item-00128,BR-D,99.1,2026-01-09
SKU-00128,Item-00128,BR-E,245.57,2026-01-09
SKU-00129,Item-00129,BR-A,138.39,2026-01-09
SKU-00129,Item-00129,BR-B,154.38,2026-01-09
SKU-00129,Item-00129,BR-C,107.65,2026-01-09
SKU-00129,Item-00129,BR-D,124.94,2026-01-09
SKU-00129,Item-00129,BR-E,80.47,2026-01-09
SKU-00130,Item-00130,BR-A,86.55,2026-01-09
SKU-00130,Item-00130,BR-B,83.66,2026-01-09
SKU-00130,Item-00130,BR-C,180.88,2026-01-09
SKU-00130,Item-00130,BR-D,196.42,2026-01-09
SKU-00130,Item-00130,BR-E,81.77,2026-01-09
SKU-00131,Item-00131,BR-A,67.89,2026-01-09
SKU-00131,Item-00131,BR-B,152.02,2026-01-09
SKU-00131,Item-00131,BR-C,91.67,2026-01-09
SKU-00131,Item-00131,BR-D,128.45,2026-01-09
SKU-00131,Item-00131,BR-E,117.02,2026-01-09
SKU-00132,Item-00132,BR-A,45.67,2026-01-09
SKU-00132,Item-00132,BR-B,40.13,2026-01-09
SKU-00132,Item-00132,BR-C,52.31,2026-01-09
SKU-00132,Item-00132,BR-D,65.29,2026-01-09
SKU-00132,Item-00132,BR-E,75.53,2026-01-09
SKU-00133,Item-00133,BR-A,134.08,2026-01-09
SKU-00133,Item-00133,BR-B,239.09,2026-01-09
SKU-00133,Item-00133,BR-C,115.11,2026-01-09
SKU-00133,Item-00133,BR-D,126.29,2026-01-09
SKU-00133,Item-00133,BR-E,219.33,2026-01-09
SKU-00134,Item-00134,BR-A,12.09,2026-01-09
SKU-00134,Item-00134,BR-B,19.81,2026-01-09
SKU-00134,Item-00134,BR-C,18.95,2026-01-09
SKU-00134,Item-00134,BR-D,17.08,2026-01-09
SKU-00134,Item-00134,BR-E,20.9,2026-01-09
SKU-00135,Item-00135,BR-A,40.72,2026-01-09
SKU-00135,Item-00135,BR-B,61.61,2026-01-09
SKU-00135,Item-00135,BR-C,106.15,2026-01-09
SKU-00135,Item-00135,BR-D,82.06,2026-01-09
SKU-00135,Item-00135,BR-E,56.5,2026-01-09
SKU-00136,Item-00136,BR-A,104.44,2026-01-09
SKU-00136,Item-00136,BR-B,115.81,2026-01-09
SKU-00136,Item-00136,BR-C,130.65,2026-01-09
SKU-00136,Item-00136,BR-D,90.45,2026-01-09
SKU-00136,Item-00136,BR-E,64.01,2026-01-09
SKU-00137,Item-00137,BR-A,78.52,2026-01-09
SKU-00137,Item-00137,BR-B,79.17,2026-01-09
SKU-00137,Item-00137,BR-C,89.69,2026-01-09
SKU-00137,Item-00137,BR-D,188.25,2026-01-09
SKU-00137,Item-00137,BR-E,167.01,2026-01-09
SKU-00138,Item-00138,BR-A,20.86,2026-01-09
SKU-00138,Item-00138,BR-B,19.26,2026-01-09
SKU-00138,Item-00138,BR-C,16.67,2026-01-09
SKU-00138,Item-00138,BR-D,9.75,2026-01-09
SKU-00138,Item-00138,BR-E,16.17,2026-01-09
SKU-00139,Item-00139,BR-A,228.95,2026-01-09
SKU-00139,Item-00139,BR-B,186.89,2026-01-09
SKU-00139,Item-00139,BR-C,165.04,2026-01-09
SKU-00139,Item-00139,BR-D,178.08,2026-01-09
SKU-00139,Item-00139,BR-E,204.85,2026-01-09
SKU-00140,Item-00140,BR-A,77.56,2026-01-09
SKU-00140,Item-00140,BR-B,35.41,2026-01-09
SKU-00140,Item-00140,BR-C,73.57,2026-01-09
SKU-00140,Item-00140,BR-D,34.97,2026-01-09
SKU-00140,Item-00140,BR-E,55.05,2026-01-09
SKU-00141,Item-00141,BR-A,110.51,2026-01-09
SKU-00141,Item-00141,BR-B,64.71,2026-01-09
SKU-00141,Item-00141,BR-C,85.13,2026-01-09
SKU-00141,Item-00141,BR-D,91.8,2026-01-09
SKU-00141,Item-00141,BR-E,71.72,2026-01-09
SKU-00142,Item-00142,BR-A,64.72,2026-01-09
SKU-00142,Item-00142,BR-B,122.63,2026-01-09
SKU-00142,Item-00142,BR-C,99.34,2026-01-09
SKU-00142,Item-00142,BR-D,61.78,2026-01-09
SKU-00142,Item-00142,BR-E,71.83,2026-01-09
SKU-00143,Item-00143,BR-A,137.48,2026-01-09
SKU-00143,Item-00143,BR-B,70.22,2026-01-09
SKU-00143,Item-00143,BR-C,141.61,2026-01-09
SKU-00143,Item-00143,BR-D,51.31,2026-01-09
SKU-00143,Item-00143,BR-E,76.9,2026-01-09
SKU-00144,Item-00144,BR-A,61.79,2026-01-09
SKU-00144,Item-00144,BR-B,56.05,2026-01-09
SKU-00144,Item-00144,BR-C,115.98,2026-01-09
SKU-00144,Item-00144,BR-D,131.81,2026-01-09
SKU-00144,Item-00144,BR-E,96.51,2026-01-09
SKU-00145,Item-00145,BR-A,19.69,2026-01-09
SKU-00145,Item-00145,BR-B,24.6,2026-01-09
SKU-00145,Item-00145,BR-C,27.71,2026-01-09
SKU-00145,Item-00145,BR-D,33.4,2026-01-09
SKU-00145,Item-00145,BR-E,26.39,2026-01-09
SKU-00146,Item-00146,BR-A,216.82,2026-01-09
SKU-00146,Item-00146,BR-B,247.64,2026-01-09
SKU-00146,Item-00146,BR-C,144.75,2026-01-09
SKU-00146,Item-00146,BR-D,91.06,2026-01-09
SKU-00146,Item-00146,BR-E,197.06,2026-01-09
SKU-00147,Item-00147,BR-A,258.9,2026-01-09
SKU-00147,Item-00147,BR-B,118.15,2026-01-09
SKU-00147,Item-00147,BR-C,103.18,2026-01-09
SKU-00147,Item-00147,BR-D,181.52,2026-01-09
SKU-00147,Item-00147,BR-E,128.73,2026-01-09
SKU-00148,Item-00148,BR-A,21.15,2026-01-09
SKU-00148,Item-00148,BR-B,34.37,2026-01-09
SKU-00148,Item-00148,BR-C,20.02,2026-01-09
SKU-00148,Item-00148,BR-D,22.22,2026-01-09
SKU-00148,Item-00148,BR-E,39.18,2026-01-09
SKU-00149,Item-00149,BR-A,101.78,2026-01-09
SKU-00149,Item-00149,BR-B,95.63,2026-01-09
SKU-00149,Item-00149,BR-C,54.5,2026-01-09
SKU-00149,Item-00149,BR-D,121.06,2026-01-09
SKU-00149,Item-00149,BR-E,123.2,2026-01-09
SKU-00150,Item-00150,BR-A,126.0,2026-01-09
SKU-00150,Item-00150,BR-B,268.51,2026-01-09
SKU-00150,Item-00150,BR-C,117.42,2026-01-09
SKU-00150,Item-00150,BR-D,224.65,2026-01-09
SKU-00150,Item-00150,BR-E,258.21,2026-01-09
SKU-00151,Item-00151,BR-A,73.69,2026-01-09
SKU-00151,Item-00151,BR-B,67.86,2026-01-09
SKU-00151,Item-00151,BR-C,50.64,2026-01-09
SKU-00151,Item-00151,BR-D,91.06,2026-01-09
SKU-00151,Item-00151,BR-E,61.27,2026-01-09
SKU-00152,Item-00152,BR-A,58.47,2026-01-09
SKU-00152,Item-00152,BR-B,49.83,2026-01-09
SKU-00152,Item-00152,BR-C,56.58,2026-01-09
SKU-00152,Item-00152,BR-D,52.84,2026-01-09
SKU-00152,Item-00152,BR-E,70.43,2026-01-09
SKU-00153,Item-00153,BR-A,44.53,2026-01-09
SKU-00153,Item-00153,BR-B,79.0,2026-01-09
SKU-00153,Item-00153,BR-C,83.45,2026-01-09
SKU-00153,Item-00153,BR-D,84.75,2026-01-09
SKU-00153,Item-00153,BR-E,75.44,2026-01-09
SKU-00154,Item-00154,BR-A,110.9,2026-01-09
SKU-00154,Item-00154,BR-B,164.8,2026-01-09
SKU-00154,Item-00154,BR-C,196.77,2026-01-09
SKU-00154,Item-00154,BR-D,110.04,2026-01-09
SKU-00154,Item-00154,BR-E,93.38,2026-01-09
SKU-00155,Item-00155,BR-A,22.9,2026-01-09
SKU-00155,Item-00155,BR-B,32.81,2026-01-09
SKU-00155,Item-00155,BR-C,51.18,2026-01-09
SKU-00155,Item-00155,BR-D,46.64,2026-01-09
SKU-00155,Item-00155,BR-E,28.12,2026-01-09
SKU-00156,Item-00156,BR-A,62.05,2026-01-09
SKU-00156,Item-00156,BR-B,25.64,2026-01-09
SKU-00156,Item-00156,BR-C,52.8,2026-01-09
SKU-00156,Item-00156,BR-D,39.65,2026-01-09
SKU-00156,Item-00156,BR-E,24.81,2026-01-09
SKU-00157,Item-00157,BR-A,118.85,2026-01-09
SKU-00157,Item-00157,BR-B,146.83,2026-01-09
SKU-00157,Item-00157,BR-C,133.36,2026-01-09
SKU-00157,Item-00157,BR-D,85.14,2026-01-09
SKU-00157,Item-00157,BR-E,145.49,2026-01-09
SKU-00158,Item-00158,BR-A,16.07,2026-01-09
SKU-00158,Item-00158,BR-B,10.72,2026-01-09
SKU-00158,Item-00158,BR-C,12.06,2026-01-09
SKU-00158,Item-00158,BR-D,17.11,2026-01-09
SKU-00158,Item-00158,BR-E,14.98,2026-01-09
SKU-00159,Item-00159,BR-A,15.26,2026-01-09
SKU-00159,Item-00159,BR-B,14.05,2026-01-09
SKU-00159,Item-00159,BR-C,10.49,2026-01-09
SKU-00159,Item-00159,BR-D,21.91,2026-01-09
SKU-00159,Item-00159,BR-E,19.2,2026-01-09
SKU-00160,Item-00160,BR-A,128.75,2026-01-09
SKU-00160,Item-00160,BR-B,66.45,2026-01-09
SKU-00160,Item-00160,BR-C,99.7,2026-01-09
SKU-00160,Item-00160,BR-D,149.07,2026-01-09
SKU-00160,Item-00160,BR-E,93.24,2026-01-09
SKU-00161,Item-00161,BR-A,51.75,2026-01-09
SKU-00161,Item-00161,BR-B,35.55,2026-01-09
SKU-00161,Item-00161,BR-C,47.02,2026-01-09
SKU-00161,Item-00161,BR-D,42.14,2026-01-09
SKU-00161,Item-00161,BR-E,31.42,2026-01-09
SKU-00162,Item-00162,BR-A,17.11,2026-01-09
SKU-00162,Item-00162,BR-B,23.8,2026-01-09
SKU-00162,Item-00162,BR-C,18.06,2026-01-09
SKU-00162,Item-00162,BR-D,13.3,2026-01-09
SKU-00162,Item-00162,BR-E,12.86,2026-01-09
SKU-00163,Item-00163,BR-A,25.92,2026-01-09
SKU-00163,Item-00163,BR-B,25.46,2026-01-09
SKU-00163,Item-00163,BR-C,19.75,2026-01-09
SKU-00163,Item-00163,BR-D,16.7,2026-01-09
SKU-00163,Item-00163,BR-E,26.16,2026-01-09
SKU-00164,Item-00164,BR-A,184.96,2026-01-09
SKU-00164,Item-00164,BR-B,130.39,2026-01-09
SKU-00164,Item-00164,BR-C,185.48,2026-01-09
SKU-00164,Item-00164,BR-D,107.46,2026-01-09
SKU-00164,Item-00164,BR-E,154.54,2026-01-09
SKU-00165,Item-00165,BR-A,82.07,2026-01-09
SKU-00165,Item-00165,BR-B,111.0,2026-01-09
SKU-00165,Item-00165,BR-C,97.41,2026-01-09
SKU-00165,Item-00165,BR-D,90.58,2026-01-09
SKU-00165,Item-00165,BR-E,95.52,2026-01-09
SKU-00166,Item-00166,BR-A,103.08,2026-01-09
SKU-00166,Item-00166,BR-B,65.85,2026-01-09
SKU-00166,Item-00166,BR-C,173.33,2026-01-09
SKU-00166,Item-00166,BR-D,74.14,2026-01-09
SKU-00166,Item-00166,BR-E,120.11,2026-01-09
SKU-00167,Item-00167,BR-A,126.97,2026-01-09
SKU-00167,Item-00167,BR-B,124.87,2026-01-09
SKU-00167,Item-00167,BR-C,102.62,2026-01-09
SKU-00167,Item-00167,BR-D,83.59,2026-01-09
SKU-00167,Item-00167,BR-E,94.55,2026-01-09
SKU-00168,Item-00168,BR-A,181.6,2026-01-09
SKU-00168,Item-00168,BR-B,174.82,2026-01-09
SKU-00168,Item-00168,BR-C,109.55,2026-01-09
SKU-00168,Item-00168,BR-D,109.5,2026-01-09
SKU-00168,Item-00168,BR-E,124.01,2026-01-09
SKU-00169,Item-00169,BR-A,82.2,2026-01-09
SKU-00169,Item-00169,BR-B,59.0,2026-01-09
SKU-00169,Item-00169,BR-C,44.45,2026-01-09
SKU-00169,Item-00169,BR-D,41.76,2026-01-09
SKU-00169,Item-00169,BR-E,40.24,2026-01-09
SKU-00170,Item-00170,BR-A,57.02,2026-01-09
SKU-00170,Item-00170,BR-B,41.67,2026-01-09
SKU-00170,Item-00170,BR-C,33.94,2026-01-09
SKU-00170,Item-00170,BR-D,54.77,2026-01-09
SKU-00170,Item-00170,BR-E,38.38,2026-01-09
SKU-00171,Item-00171,BR-A,44.35,2026-01-09
SKU-00171,Item-00171,BR-B,55.14,2026-01-09
SKU-00171,Item-00171,BR-C,35.19,2026-01-09
SKU-00171,Item-00171,BR-D,74.71,2026-01-09
SKU-00171,Item-00171,BR-E,59.36,2026-01-09
SKU-00172,Item-00172,BR-A,23.52,2026-01-09
SKU-00172,Item-00172,BR-B,23.71,2026-01-09
SKU-00172,Item-00172,BR-C,39.16,2026-01-09
SKU-00172,Item-00172,BR-D,37.66,2026-01-09
SKU-00172,Item-00172,BR-E,18.46,2026-01-09
SKU-00173,Item-00173,BR-A,113.96,2026-01-09
SKU-00173,Item-00173,BR-B,94.14,2026-01-09
SKU-00173,Item-00173,BR-C,66.99,2026-01-09
SKU-00173,Item-00173,BR-D,99.37,2026-01-09
SKU-00173,Item-00173,BR-E,97.62,2026-01-09
SKU-00174,Item-00174,BR-A,5.73,2026-01-09
SKU-00174,Item-00174,BR-B,3.09,2026-01-09
SKU-00174,Item-00174,BR-C,6.9,2026-01-09
SKU-00174,Item-00174,BR-D,4.42,2026-01-09
SKU-00174,Item-00174,BR-E,4.37,2026-01-09
SKU-00175,Item-00175,BR-A,21.81,2026-01-09
SKU-00175,Item-00175,BR-B,23.81,2026-01-09
SKU-00175,Item-00175,BR-C,18.64,2026-01-09
SKU-00175,Item-00175,BR-D,25.16,2026-01-09
SKU-00175,Item-00175,BR-E,24.12,2026-01-09
SKU-00176,Item-00176,BR-A,127.03,2026-01-09
SKU-00176,Item-00176,BR-B,107.33,2026-01-09
SKU-00176,Item-00176,BR-C,82.07,2026-01-09
SKU-00176,Item-00176,BR-D,134.81,2026-01-09
SKU-00176,Item-00176,BR-E,108.2,2026-01-09
SKU-00177,Item-00177,BR-A,279.14,2026-01-09
SKU-00177,Item-00177,BR-B,171.98,2026-01-09
SKU-00177,Item-00177,BR-C,256.01,2026-01-09
SKU-00177,Item-00177,BR-D,101.47,2026-01-09
SKU-00177,Item-00177,BR-E,252.47,2026-01-09
SKU-00178,Item-00178,BR-A,233.05,2026-01-09
SKU-00178,Item-00178,BR-B,263.39,2026-01-09
SKU-00178,Item-00178,BR-C,123.87,2026-01-09
SKU-00178,Item-00178,BR-D,120.3,2026-01-09
SKU-00178,Item-00178,BR-E,243.65,2026-01-09
SKU-00179,Item-00179,BR-A,49.58,2026-01-09
SKU-00179,Item-00179,BR-B,69.75,2026-01-09
SKU-00179,Item-00179,BR-C,47.71,2026-01-09
SKU-00179,Item-00179,BR-D,78.25,2026-01-09
SKU-00179,Item-00179,BR-E,42.32,2026-01-09
SKU-00180,Item-00180,BR-A,228.86,2026-01-09
SKU-00180,Item-00180,BR-B,107.26,2026-01-09
SKU-00180,Item-00180,BR-C,153.47,2026-01-09
SKU-00180,Item-00180,BR-D,138.69,2026-01-09
SKU-00180,Item-00180,BR-E,209.4,2026-01-09
SKU-00181,Item-00181,BR-A,128.78,2026-01-09
SKU-00181,Item-00181,BR-B,65.54,2026-01-09
SKU-00181,Item-00181,BR-C,179.27,2026-01-09
SKU-00181,Item-00181,BR-D,125.01,2026-01-09
SKU-00181,Item-00181,BR-E,77.16,2026-01-09
SKU-00182,Item-00182,BR-A,6.76,2026-01-09
SKU-00182,Item-00182,BR-B,7.52,2026-01-09
SKU-00182,Item-00182,BR-C,4.92,2026-01-09
SKU-00182,Item-00182,BR-D,8.13,2026-01-09
SKU-00182,Item-00182,BR-E,3.95,2026-01-09
SKU-00183,Item-00183,BR-A,36.72,2026-01-09
SKU-00183,Item-00183,BR-B,75.6,2026-01-09
SKU-00183,Item-00183,BR-C,39.32,2026-01-09
SKU-00183,Item-00183,BR-D,60.19,2026-01-09
SKU-00183,Item-00183,BR-E,83.5,2026-01-09
SKU-00184,Item-00184,BR-A,212.88,2026-01-09
SKU-00184,Item-00184,BR-B,265.95,2026-01-09
SKU-00184,Item-00184,BR-C,107.77,2026-01-09
SKU-00184,Item-00184,BR-D,115.1,2026-01-09
SKU-00184,Item-00184,BR-E,149.29,2026-01-09
SKU-00185,Item-00185,BR-A,80.44,2026-01-09
SKU-00185,Item-00185,BR-B,40.76,2026-01-09
SKU-00185,Item-00185,BR-C,79.39,2026-01-09
SKU-00185,Item-00185,BR-D,55.19,2026-01-09
SKU-00185,Item-00185,BR-E,35.69,2026-01-09
SKU-00186,Item-00186,BR-A,94.05,2026-01-09
SKU-00186,Item-00186,BR-B,179.0,2026-01-09
SKU-00186,Item-00186,BR-C,187.41,2026-01-09
SKU-00186,Item-00186,BR-D,164.41,2026-01-09
SKU-00186,Item-00186,BR-E,146.47,2026-01-09
SKU-00187,Item-00187,BR-A,66.56,2026-01-09
SKU-00187,Item-00187,BR-B,53.3,2026-01-09
SKU-00187,Item-00187,BR-C,73.74,2026-01-09
SKU-00187,Item-00187,BR-D,35.97,2026-01-09
SKU-00187,Item-00187,BR-E,65.34,2026-01-09
SKU-00188,Item-00188,BR-A,130.67,2026-01-09
SKU-00188,Item-00188,BR-B,206.75,2026-01-09
SKU-00188,Item-00188,BR-C,183.23,2026-01-09
SKU-00188,Item-00188,BR-D,208.52,2026-01-09
SKU-00188,Item-00188,BR-E,172.39,2026-01-09
SKU-00189,Item-00189,BR-A,156.35,2026-01-09
SKU-00189,Item-00189,BR-B,174.54,2026-01-09
SKU-00189,Item-00189,BR-C,79.76,2026-01-09
SKU-00189,Item-00189,BR-D,141.53,2026-01-09
SKU-00189,Item-00189,BR-E,86.2,2026-01-09
SKU-00190,Item-00190,BR-A,119.23,2026-01-09
SKU-00190,Item-00190,BR-B,139.06,2026-01-09
SKU-00190,Item-00190,BR-C,118.03,2026-01-09
SKU-00190,Item-00190,BR-D,136.66,2026-01-09
SKU-00190,Item-00190,BR-E,87.14,2026-01-09
SKU-00191,Item-00191,BR-A,159.79,2026-01-09
SKU-00191,Item-00191,BR-B,96.94,2026-01-09
SKU-00191,Item-00191,BR-C,116.59,2026-01-09
SKU-00191,Item-00191,BR-D,131.72,2026-01-09
SKU-00191,Item-00191,BR-E,172.69,2026-01-09
SKU-00192,Item-00192,BR-A,16.44,2026-01-09
SKU-00192,Item-00192,BR-B,23.06,2026-01-09
SKU-00192,Item-00192,BR-C,26.86,2026-01-09
SKU-00192,Item-00192,BR-D,12.11,2026-01-09
SKU-00192,Item-00192,BR-E,31.53,2026-01-09
SKU-00193,Item-00193,BR-A,178.05,2026-01-09
SKU-00193,Item-00193,BR-B,197.19,2026-01-09
SKU-00193,Item-00193,BR-C,223.35,2026-01-09
SKU-00193,Item-00193,BR-D,172.28,2026-01-09
SKU-00193,Item-00193,BR-E,87.99,2026-01-09
SKU-00194,Item-00194,BR-A,3.08,2026-01-09
SKU-00194,Item-00194,BR-B,4.58,2026-01-09
SKU-00194,Item-00194,BR-C,5.91,2026-01-09
SKU-00194,Item-00194,BR-D,5.7,2026-01-09
SKU-00194,Item-00194,BR-E,4.58,2026-01-09
SKU-00195,Item-00195,BR-A,186.55,2026-01-09
SKU-00195,Item-00195,BR-B,80.99,2026-01-09
SKU-00195,Item-00195,BR-C,71.15,2026-01-09
SKU-00195,Item-00195,BR-D,154.46,2026-01-09
SKU-00195,Item-00195,BR-E,81.65,2026-01-09
SKU-00196,Item-00196,BR-A,40.21,2026-01-09
SKU-00196,Item-00196,BR-B,52.76,2026-01-09
SKU-00196,Item-00196,BR-C,24.15,2026-01-09
SKU-00196,Item-00196,BR-D,49.9,2026-01-09
SKU-00196,Item-00196,BR-E,42.34,2026-01-09
SKU-00197,Item-00197,BR-A,154.98,2026-01-09
SKU-00197,Item-00197,BR-B,123.16,2026-01-09
SKU-00197,Item-00197,BR-C,166.87,2026-01-09
SKU-00197,Item-00197,BR-D,86.35,2026-01-09
SKU-00197,Item-00197,BR-E,112.49,2026-01-09
SKU-00198,Item-00198,BR-A,73.26,2026-01-09
SKU-00198,Item-00198,BR-B,81.85,2026-01-09
SKU-00198,Item-00198,BR-C,97.51,2026-01-09
SKU-00198,Item-00198,BR-D,85.05,2026-01-09
SKU-00198,Item-00198,BR-E,109.58,2026-01-09
SKU-00199,Item-00199,BR-A,17.55,2026-01-09
SKU-00199,Item-00199,BR-B,25.69,2026-01-09
SKU-00199,Item-00199,BR-C,26.36,2026-01-09
SKU-00199,Item-00199,BR-D,10.0,2026-01-09
SKU-00199,Item-00199,BR-E,24.5,2026-01-09
SKU-00200,Item-00200,BR-A,117.41,2026-01-09
SKU-00200,Item-00200,BR-B,131.11,2026-01-09
SKU-00200,Item-00200,BR-C,135.72,2026-01-09
SKU-00200,Item-00200,BR-D,97.86,2026-01-09
SKU-00200,Item-00200,BR-E,96.3,2026-01-09
SKU-00201,Item-00201,BR-A,161.9,2026-01-09
SKU-00201,Item-00201,BR-B,119.67,2026-01-09
SKU-00201,Item-00201,BR-C,63.72,2026-01-09
SKU-00201,Item-00201,BR-D,137.04,2026-01-09
SKU-00201,Item-00201,BR-E,139.09,2026-01-09
SKU-00202,Item-00202,BR-A,71.57,2026-01-09
SKU-00202,Item-00202,BR-B,115.05,2026-01-09
SKU-00202,Item-00202,BR-C,57.95,2026-01-09
SKU-00202,Item-00202,BR-D,121.76,2026-01-09
SKU-00202,Item-00202,BR-E,129.3,2026-01-09
SKU-00203,Item-00203,BR-A,44.0,2026-01-09
SKU-00203,Item-00203,BR-B,85.56,2026-01-09
SKU-00203,Item-00203,BR-C,58.34,2026-01-09
SKU-00203,Item-00203,BR-D,36.2,2026-01-09
SKU-00203,Item-00203,BR-E,96.18,2026-01-09
SKU-00204,Item-00204,BR-A,200.38,2026-01-09
SKU-00204,Item-00204,BR-B,228.65,2026-01-09
SKU-00204,Item-00204,BR-C,191.43,2026-01-09
SKU-00204,Item-00204,BR-D,243.31,2026-01-09
SKU-00204,Item-00204,BR-E,140.16,2026-01-09
SKU-00205,Item-00205,BR-A,161.8,2026-01-09
SKU-00205,Item-00205,BR-B,74.99,2026-01-09
SKU-00205,Item-00205,BR-C,179.86,2026-01-09
SKU-00205,Item-00205,BR-D,163.93,2026-01-09
SKU-00205,Item-00205,BR-E,120.19,2026-01-09
SKU-00206,Item-00206,BR-A,69.74,2026-01-09
SKU-00206,Item-00206,BR-B,87.84,2026-01-09
SKU-00206,Item-00206,BR-C,56.08,2026-01-09
SKU-00206,Item-00206,BR-D,99.25,2026-01-09
SKU-00206,Item-00206,BR-E,103.88,2026-01-09
SKU-00207,Item-00207,BR-A,156.15,2026-01-09
SKU-00207,Item-00207,BR-B,222.53,2026-01-09
SKU-00207,Item-00207,BR-C,244.81,2026-01-09
SKU-00207,Item-00207,BR-D,117.66,2026-01-09
SKU-00207,Item-00207,BR-E,148.75,2026-01-09
SKU-00208,Item-00208,BR-A,242.19,2026-01-09
SKU-00208,Item-00208,BR-B,261.75,2026-01-09
SKU-00208,Item-00208,BR-C,272.38,2026-01-09
SKU-00208,Item-00208,BR-D,258.85,2026-01-09
SKU-00208,Item-00208,BR-E,176.16,2026-01-09
SKU-00209,Item-00209,BR-A,98.17,2026-01-09
SKU-00209,Item-00209,BR-B,265.13,2026-01-09
SKU-00209,Item-00209,BR-C,136.72,2026-01-09
SKU-00209,Item-00209,BR-D,163.19,2026-01-09
SKU-00209,Item-00209,BR-E,274.44,2026-01-09
SKU-00210,Item-00210,BR-A,252.59,2026-01-09
SKU-00210,Item-00210,BR-B,200.8,2026-01-09
SKU-00210,Item-00210,BR-C,220.77,2026-01-09
SKU-00210,Item-00210,BR-D,242.07,2026-01-09
SKU-00210,Item-00210,BR-E,117.55,2026-01-09
SKU-00211,Item-00211,BR-A,239.09,2026-01-09
SKU-00211,Item-00211,BR-B,213.97,2026-01-09
SKU-00211,Item-00211,BR-C,212.6,2026-01-09
SKU-00211,Item-00211,BR-D,199.7,2026-01-09
SKU-00211,Item-00211,BR-E,242.05,2026-01-09
SKU-00212,Item-00212,BR-A,42.67,2026-01-09
SKU-00212,Item-00212,BR-B,31.61,2026-01-09
SKU-00212,Item-00212,BR-C,53.27,2026-01-09
SKU-00212,Item-00212,BR-D,39.82,2026-01-09
SKU-00212,Item-00212,BR-E,29.0,2026-01-09
SKU-00213,Item-00213,BR-A,84.17,2026-01-09
SKU-00213,Item-00213,BR-B,222.63,2026-01-09
SKU-00213,Item-00213,BR-C,195.9,2026-01-09
SKU-00213,Item-00213,BR-D,174.75,2026-01-09
SKU-00213,Item-00213,BR-E,206.78,2026-01-09
SKU-00214,Item-00214,BR-A,212.57,2026-01-09
SKU-00214,Item-00214,BR-B,134.36,2026-01-09
SKU-00214,Item-00214,BR-C,120.56,2026-01-09
SKU-00214,Item-00214,BR-D,107.79,2026-01-09
SKU-00214,Item-00214,BR-E,142.52,2026-01-09
SKU-00215,Item-00215,BR-A,33.45,2026-01-09
SKU-00215,Item-00215,BR-B,55.67,2026-01-09
SKU-00215,Item-00215,BR-C,49.55,2026-01-09
SKU-00215,Item-00215,BR-D,73.84,2026-01-09
SKU-00215,Item-00215,BR-E,59.72,2026-01-09
SKU-00216,Item-00216,BR-A,71.31,2026-01-09
SKU-00216,Item-00216,BR-B,63.82,2026-01-09
SKU-00216,Item-00216,BR-C,96.31,2026-01-09
SKU-00216,Item-00216,BR-D,60.3,2026-01-09
SKU-00216,Item-00216,BR-E,92.83,2026-01-09
SKU-00217,Item-00217,BR-A,247.6,2026-01-09
SKU-00217,Item-00217,BR-B,235.31,2026-01-09
SKU-00217,Item-00217,BR-C,129.52,2026-01-09
SKU-00217,Item-00217,BR-D,182.81,2026-01-09
SKU-00217,Item-00217,BR-E,106.14,2026-01-09
SKU-00218,Item-00218,BR-A,36.29,2026-01-09
SKU-00218,Item-00218,BR-B,57.05,2026-01-09
SKU-00218,Item-00218,BR-C,59.58,2026-01-09
SKU-00218,Item-00218,BR-D,34.21,2026-01-09
SKU-00218,Item-00218,BR-E,43.55,2026-01-09
SKU-00219,Item-00219,BR-A,56.44,2026-01-09
SKU-00219,Item-00219,BR-B,108.35,2026-01-09
SKU-00219,Item-00219,BR-C,72.77,2026-01-09
SKU-00219,Item-00219,BR-D,96.09,2026-01-09
SKU-00219,Item-00219,BR-E,79.47,2026-01-09
SKU-00220,Item-00220,BR-A,44.82,2026-01-09
SKU-00220,Item-00220,BR-B,69.7,2026-01-09
SKU-00220,Item-00220,BR-C,39.96,2026-01-09
SKU-00220,Item-00220,BR-D,36.55,2026-01-09
SKU-00220,Item-00220,BR-E,40.74,2026-01-09
SKU-00221,Item-00221,BR-A,102.74,2026-01-09
SKU-00221,Item-00221,BR-B,116.34,2026-01-09
SKU-00221,Item-00221,BR-C,52.02,2026-01-09
SKU-00221,Item-00221,BR-D,86.84,2026-01-09
SKU-00221,Item-00221,BR-E,49.23,2026-01-09
SKU-00222,Item-00222,BR-A,167.02,2026-01-09
SKU-00222,Item-00222,BR-B,174.4,2026-01-09
SKU-00222,Item-00222,BR-C,227.59,2026-01-09
SKU-00222,Item-00222,BR-D,113.73,2026-01-09
SKU-00222,Item-00222,BR-E,191.24,2026-01-09
SKU-00223,Item-00223,BR-A,92.53,2026-01-09
SKU-00223,Item-00223,BR-B,73.55,2026-01-09
SKU-00223,Item-00223,BR-C,45.21,2026-01-09
SKU-00223,Item-00223,BR-D,63.93,2026-01-09
SKU-00223,Item-00223,BR-E,49.21,2026-01-09
SKU-00224,Item-00224,BR-A,111.88,2026-01-09
SKU-00224,Item-00224,BR-B,94.64,2026-01-09
SKU-00224,Item-00224,BR-C,104.51,2026-01-09
SKU-00224,Item-00224,BR-D,108.5,2026-01-09
SKU-00224,Item-00224,BR-E,80.37,2026-01-09
SKU-00225,Item-00225,BR-A,51.45,2026-01-09
SKU-00225,Item-00225,BR-B,61.96,2026-01-09
SKU-00225,Item-00225,BR-C,46.51,2026-01-09
SKU-00225,Item-00225,BR-D,89.07,2026-01-09
SKU-00225,Item-00225,BR-E,65.44,2026-01-09
SKU-00226,Item-00226,BR-A,33.19,2026-01-09
SKU-00226,Item-00226,BR-B,39.76,2026-01-09
SKU-00226,Item-00226,BR-C,34.06,2026-01-09
SKU-00226,Item-00226,BR-D,24.99,2026-01-09
SKU-00226,Item-00226,BR-E,26.03,2026-01-09
SKU-00227,Item-00227,BR-A,25.81,2026-01-09
SKU-00227,Item-00227,BR-B,34.03,2026-01-09
SKU-00227,Item-00227,BR-C,37.2,2026-01-09
SKU-00227,Item-00227,BR-D,21.48,2026-01-09
SKU-00227,Item-00227,BR-E,28.17,2026-01-09
SKU-00228,Item-00228,BR-A,15.26,2026-01-09
SKU-00228,Item-00228,BR-B,11.21,2026-01-09
SKU-00228,Item-00228,BR-C,10.06,2026-01-09
SKU-00228,Item-00228,BR-D,15.03,2026-01-09
SKU-00228,Item-00228,BR-E,14.46,2026-01-09
SKU-00229,Item-00229,BR-A,71.28,2026-01-09
SKU-00229,Item-00229,BR-B,107.24,2026-01-09
SKU-00229,Item-00229,BR-C,90.3,2026-01-09
SKU-00229,Item-00229,BR-D,71.31,2026-01-09
SKU-00229,Item-00229,BR-E,88.2,2026-01-09
SKU-00230,Item-00230,BR-A,65.86,2026-01-09
SKU-00230,Item-00230,BR-B,89.42,2026-01-09
SKU-00230,Item-00230,BR-C,73.74,2026-01-09
SKU-00230,Item-00230,BR-D,66.88,2026-01-09
SKU-00230,Item-00230,BR-E,48.36,2026-01-09
SKU-00231,Item-00231,BR-A,18.83,2026-01-09
SKU-00231,Item-00231,BR-B,25.5,2026-01-09
SKU-00231,Item-00231,BR-C,35.35,2026-01-09
SKU-00231,Item-00231,BR-D,35.85,2026-01-09
SKU-00231,Item-00231,BR-E,27.08,2026-01-09
SKU-00232,Item-00232,BR-A,45.31,2026-01-09
SKU-00232,Item-00232,BR-B,52.39,2026-01-09
SKU-00232,Item-00232,BR-C,37.79,2026-01-09
SKU-00232,Item-00232,BR-D,30.9,2026-01-09
SKU-00232,Item-00232,BR-E,57.83,2026-01-09
SKU-00233,Item-00233,BR-A,3.62,2026-01-09
SKU-00233,Item-00233,BR-B,5.45,2026-01-09
SKU-00233,Item-00233,BR-C,3.88,2026-01-09
SKU-00233,Item-00233,BR-D,4.44,2026-01-09
SKU-00233,Item-00233,BR-E,6.32,2026-01-09
SKU-00234,Item-00234,BR-A,193.6,2026-01-09
SKU-00234,Item-00234,BR-B,97.94,2026-01-09
SKU-00234,Item-00234,BR-C,142.59,2026-01-09
SKU-00234,Item-00234,BR-D,113.39,2026-01-09
SKU-00234,Item-00234,BR-E,78.98,2026-01-09
SKU-00235,Item-00235,BR-A,70.15,2026-01-09
SKU-00235,Item-00235,BR-B,57.96,2026-01-09
SKU-00235,Item-00235,BR-C,40.31,2026-01-09
SKU-00235,Item-00235,BR-D,87.49,2026-01-09
SKU-00235,Item-00235,BR-E,67.26,2026-01-09
SKU-00236,Item-00236,BR-A,138.07,2026-01-09
SKU-00236,Item-00236,BR-B,188.34,2026-01-09
SKU-00236,Item-00236,BR-C,112.27,2026-01-09
SKU-00236,Item-00236,BR-D,254.4,2026-01-09
SKU-00236,Item-00236,BR-E,138.01,2026-01-09
SKU-00237,Item-00237,BR-A,107.82,2026-01-09
SKU-00237,Item-00237,BR-B,155.58,2026-01-09
SKU-00237,Item-00237,BR-C,185.13,2026-01-09
SKU-00237,Item-00237,BR-D,115.52,2026-01-09
SKU-00237,Item-00237,BR-E,117.57,2026-01-09
SKU-00238,Item-00238,BR-A,95.73,2026-01-09
SKU-00238,Item-00238,BR-B,161.55,2026-01-09
SKU-00238,Item-00238,BR-C,106.98,2026-01-09
SKU-00238,Item-00238,BR-D,150.98,2026-01-09
SKU-00238,Item-00238,BR-E,178.28,2026-01-09
SKU-00239,Item-00239,BR-A,138.47,2026-01-09
SKU-00239,Item-00239,BR-B,115.44,2026-01-09
SKU-00239,Item-00239,BR-C,95.2,2026-01-09
SKU-00239,Item-00239,BR-D,121.94,2026-01-09
SKU-00239,Item-00239,BR-E,57.29,2026-01-09
SKU-00240,Item-00240,BR-A,53.05,2026-01-09
SKU-00240,Item-00240,BR-B,96.41,2026-01-09
SKU-00240,Item-00240,BR-C,70.26,2026-01-09
SKU-00240,Item-00240,BR-D,61.66,2026-01-09
SKU-00240,Item-00240,BR-E,80.59,2026-01-09
SKU-00241,Item-00241,BR-A,78.52,2026-01-09
SKU-00241,Item-00241,BR-B,135.38,2026-01-09
SKU-00241,Item-00241,BR-C,144.85,2026-01-09
SKU-00241,Item-00241,BR-D,144.55,2026-01-09
SKU-00241,Item-00241,BR-E,87.68,2026-01-09
SKU-00242,Item-00242,BR-A,74.58,2026-01-09
SKU-00242,Item-00242,BR-B,47.5,2026-01-09
SKU-00242,Item-00242,BR-C,89.57,2026-01-09
SKU-00242,Item-00242,BR-D,115.64,2026-01-09
SKU-00242,Item-00242,BR-E,110.39,2026-01-09
SKU-00243,Item-00243,BR-A,135.08,2026-01-09
SKU-00243,Item-00243,BR-B,148.88,2026-01-09
SKU-00243,Item-00243,BR-C,170.82,2026-01-09
SKU-00243,Item-00243,BR-D,199.46,2026-01-09
SKU-00243,Item-00243,BR-E,115.48,2026-01-09
SKU-00244,Item-00244,BR-A,169.22,2026-01-09
SKU-00244,Item-00244,BR-B,117.6,2026-01-09
SKU-00244,Item-00244,BR-C,96.73,2026-01-09
SKU-00244,Item-00244,BR-D,66.52,2026-01-09
SKU-00244,Item-00244,BR-E,88.77,2026-01-09
SKU-00245,Item-00245,BR-A,97.38,2026-01-09
SKU-00245,Item-00245,BR-B,70.11,2026-01-09
SKU-00245,Item-00245,BR-C,80.59,2026-01-09
SKU-00245,Item-00245,BR-D,103.94,2026-01-09
SKU-00245,Item-00245,BR-E,84.66,2026-01-09
SKU-00246,Item-00246,BR-A,88.07,2026-01-09
SKU-00246,Item-00246,BR-B,64.38,2026-01-09
SKU-00246,Item-00246,BR-C,54.41,2026-01-09
SKU-00246,Item-00246,BR-D,49.18,2026-01-09
SKU-00246,Item-00246,BR-E,60.45,2026-01-09
SKU-00247,Item-00247,BR-A,52.96,2026-01-09
SKU-00247,Item-00247,BR-B,106.97,2026-01-09
SKU-00247,Item-00247,BR-C,48.72,2026-01-09
SKU-00247,Item-00247,BR-D,117.87,2026-01-09
SKU-00247,Item-00247,BR-E,91.69,2026-01-09
SKU-00248,Item-00248,BR-A,63.64,2026-01-09
SKU-00248,Item-00248,BR-B,66.77,2026-01-09
SKU-00248,Item-00248,BR-C,69.48,2026-01-09
SKU-00248,Item-00248,BR-D,87.33,2026-01-09
SKU-00248,Item-00248,BR-E,127.7,2026-01-09
SKU-00249,Item-00249,BR-A,132.18,2026-01-09
SKU-00249,Item-00249,BR-B,99.04,2026-01-09
SKU-00249,Item-00249,BR-C,79.54,2026-01-09
SKU-00249,Item-00249,BR-D,95.02,2026-01-09
SKU-00249,Item-00249,BR-E,197.11,2026-01-09
SKU-00250,Item-00250,BR-A,64.72,2026-01-09
SKU-00250,Item-00250,BR-B,60.57,2026-01-09
SKU-00250,Item-00250,BR-C,122.7,2026-01-09
SKU-00250,Item-00250,BR-D,129.71,2026-01-09
SKU-00250,Item-00250,BR-E,129.17,2026-01-09
SKU-00251,Item-00251,BR-A,154.51,2026-01-09
SKU-00251,Item-00251,BR-B,133.58,2026-01-09
SKU-00251,Item-00251,BR-C,148.73,2026-01-09
SKU-00251,Item-00251,BR-D,195.74,2026-01-09
SKU-00251,Item-00251,BR-E,83.78,2026-01-09
SKU-00252,Item-00252,BR-A,72.0,2026-01-09
SKU-00252,Item-00252,BR-B,135.01,2026-01-09
SKU-00252,Item-00252,BR-C,71.31,2026-01-09
SKU-00252,Item-00252,BR-D,145.62,2026-01-09
SKU-00252,Item-00252,BR-E,93.26,2026-01-09
SKU-00253,Item-00253,BR-A,17.96,2026-01-09
SKU-00253,Item-00253,BR-B,29.86,2026-01-09
SKU-00253,Item-00253,BR-C,20.46,2026-01-09
SKU-00253,Item-00253,BR-D,23.71,2026-01-09
SKU-00253,Item-00253,BR-E,12.39,2026-01-09
SKU-00254,Item-00254,BR-A,94.61,2026-01-09
SKU-00254,Item-00254,BR-B,85.05,2026-01-09
SKU-00254,Item-00254,BR-C,127.61,2026-01-09
SKU-00254,Item-00254,BR-D,147.98,2026-01-09
SKU-00254,Item-00254,BR-E,98.8,2026-01-09
SKU-00255,Item-00255,BR-A,220.51,2026-01-09
SKU-00255,Item-00255,BR-B,113.44,2026-01-09
SKU-00255,Item-00255,BR-C,89.8,2026-01-09
SKU-00255,Item-00255,BR-D,113.6,2026-01-09
SKU-00255,Item-00255,BR-E,150.44,2026-01-09
SKU-00256,Item-00256,BR-A,12.87,2026-01-09
SKU-00256,Item-00256,BR-B,9.5,2026-01-09
SKU-00256,Item-00256,BR-C,9.34,2026-01-09
SKU-00256,Item-00256,BR-D,5.44,2026-01-09
SKU-00256,Item-00256,BR-E,13.02,2026-01-09
SKU-00257,Item-00257,BR-A,154.39,2026-01-09
SKU-00257,Item-00257,BR-B,233.53,2026-01-09
SKU-00257,Item-00257,BR-C,154.87,2026-01-09
SKU-00257,Item-00257,BR-D,262.35,2026-01-09
SKU-00257,Item-00257,BR-E,114.94,2026-01-09
SKU-00258,Item-00258,BR-A,98.58,2026-01-09
SKU-00258,Item-00258,BR-B,127.84,2026-01-09
SKU-00258,Item-00258,BR-C,89.87,2026-01-09
SKU-00258,Item-00258,BR-D,129.22,2026-01-09
SKU-00258,Item-00258,BR-E,117.94,2026-01-09
SKU-00259,Item-00259,BR-A,206.13,2026-01-09
SKU-00259,Item-00259,BR-B,189.84,2026-01-09
SKU-00259,Item-00259,BR-C,87.37,2026-01-09
SKU-00259,Item-00259,BR-D,206.45,2026-01-09
SKU-00259,Item-00259,BR-E,138.94,2026-01-09
SKU-00260,Item-00260,BR-A,129.61,2026-01-09
SKU-00260,Item-00260,BR-B,140.4,2026-01-09
SKU-00260,Item-00260,BR-C,120.43,2026-01-09
SKU-00260,Item-00260,BR-D,145.63,2026-01-09
SKU-00260,Item-00260,BR-E,81.65,2026-01-09
SKU-00261,Item-00261,BR-A,23.66,2026-01-09
SKU-00261,Item-00261,BR-B,23.22,2026-01-09
SKU-00261,Item-00261,BR-C,44.11,2026-01-09
SKU-00261,Item-00261,BR-D,23.18,2026-01-09
SKU-00261,Item-00261,BR-E,46.73,2026-01-09
SKU-00262,Item-00262,BR-A,159.67,2026-01-09
SKU-00262,Item-00262,BR-B,133.0,2026-01-09
SKU-00262,Item-00262,BR-C,113.68,2026-01-09
SKU-00262,Item-00262,BR-D,234.96,2026-01-09
SKU-00262,Item-00262,BR-E,121.84,2026-01-09
SKU-00263,Item-00263,BR-A,124.71,2026-01-09
SKU-00263,Item-00263,BR-B,149.88,2026-01-09
SKU-00263,Item-00263,BR-C,231.58,2026-01-09
SKU-00263,Item-00263,BR-D,221.96,2026-01-09
SKU-00263,Item-00263,BR-E,82.99,2026-01-09
SKU-00264,Item-00264,BR-A,28.58,2026-01-09
SKU-00264,Item-00264,BR-B,41.38,2026-01-09
SKU-00264,Item-00264,BR-C,48.09,2026-01-09
SKU-00264,Item-00264,BR-D,48.64,2026-01-09
SKU-00264,Item-00264,BR-E,32.44,2026-01-09
SKU-00265,Item-00265,BR-A,55.55,2026-01-09
SKU-00265,Item-00265,BR-B,131.57,2026-01-09
SKU-00265,Item-00265,BR-C,106.99,2026-01-09
SKU-00265,Item-00265,BR-D,106.71,2026-01-09
SKU-00265,Item-00265,BR-E,141.36,2026-01-09
SKU-00266,Item-00266,BR-A,44.45,2026-01-09
SKU-00266,Item-00266,BR-B,63.7,2026-01-09
SKU-00266,Item-00266,BR-C,38.99,2026-01-09
SKU-00266,Item-00266,BR-D,58.85,2026-01-09
SKU-00266,Item-00266,BR-E,34.27,2026-01-09
SKU-00267,Item-00267,BR-A,112.93,2026-01-09
SKU-00267,Item-00267,BR-B,139.41,2026-01-09
SKU-00267,Item-00267,BR-C,94.02,2026-01-09
SKU-00267,Item-00267,BR-D,98.36,2026-01-09
SKU-00267,Item-00267,BR-E,57.0,2026-01-09
SKU-00268,Item-00268,BR-A,188.37,2026-01-09
SKU-00268,Item-00268,BR-B,86.26,2026-01-09
SKU-00268,Item-00268,BR-C,121.71,2026-01-09
SKU-00268,Item-00268,BR-D,116.52,2026-01-09
SKU-00268,Item-00268,BR-E,77.05,2026-01-09
SKU-00269,Item-00269,BR-A,178.05,2026-01-09
SKU-00269,Item-00269,BR-B,129.61,2026-01-09
SKU-00269,Item-00269,BR-C,113.85,2026-01-09
SKU-00269,Item-00269,BR-D,78.11,2026-01-09
SKU-00269,Item-00269,BR-E,113.99,2026-01-09
SKU-00270,Item-00270,BR-A,115.98,2026-01-09
SKU-00270,Item-00270,BR-B,112.99,2026-01-09
SKU-00270,Item-00270,BR-C,105.25,2026-01-09
SKU-00270,Item-00270,BR-D,85.94,2026-01-09
SKU-00270,Item-00270,BR-E,169.62,2026-01-09
SKU-00271,Item-00271,BR-A,93.22,2026-01-09
SKU-00271,Item-00271,BR-B,71.93,2026-01-09
SKU-00271,Item-00271,BR-C,129.46,2026-01-09
SKU-00271,Item-00271,BR-D,96.22,2026-01-09
SKU-00271,Item-00271,BR-E,68.6,2026-01-09
SKU-00272,Item-00272,BR-A,114.64,2026-01-09
SKU-00272,Item-00272,BR-B,100.17,2026-01-09
SKU-00272,Item-00272,BR-C,50.03,2026-01-09
SKU-00272,Item-00272,BR-D,112.31,2026-01-09
SKU-00272,Item-00272,BR-E,92.98,2026-01-09
SKU-00273,Item-00273,BR-A,158.34,2026-01-09
SKU-00273,Item-00273,BR-B,122.6,2026-01-09
SKU-00273,Item-00273,BR-C,79.02,2026-01-09
SKU-00273,Item-00273,BR-D,187.84,2026-01-09
SKU-00273,Item-00273,BR-E,223.68,2026-01-09
SKU-00274,Item-00274,BR-A,116.23,2026-01-09
SKU-00274,Item-00274,BR-B,124.59,2026-01-09
SKU-00274,Item-00274,BR-C,50.39,2026-01-09
SKU-00274,Item-00274,BR-D,52.45,2026-01-09
SKU-00274,Item-00274,BR-E,49.36,2026-01-09
SKU-00275,Item-00275,BR-A,206.11,2026-01-09
SKU-00275,Item-00275,BR-B,105.53,2026-01-09
SKU-00275,Item-00275,BR-C,246.39,2026-01-09
SKU-00275,Item-00275,BR-D,227.42,2026-01-09
SKU-00275,Item-00275,BR-E,186.4,2026-01-09
SKU-00276,Item-00276,BR-A,105.85,2026-01-09
SKU-00276,Item-00276,BR-B,196.88,2026-01-09
SKU-00276,Item-00276,BR-C,216.79,2026-01-09
SKU-00276,Item-00276,BR-D,197.63,2026-01-09
SKU-00276,Item-00276,BR-E,222.86,2026-01-09
SKU-00277,Item-00277,BR-A,137.03,2026-01-09
SKU-00277,Item-00277,BR-B,74.92,2026-01-09
SKU-00277,Item-00277,BR-C,55.08,2026-01-09
SKU-00277,Item-00277,BR-D,76.93,2026-01-09
SKU-00277,Item-00277,BR-E,107.16,2026-01-09
SKU-00278,Item-00278,BR-A,32.33,2026-01-09
SKU-00278,Item-00278,BR-B,43.08,2026-01-09
SKU-00278,Item-00278,BR-C,81.09,2026-01-09
SKU-00278,Item-00278,BR-D,50.04,2026-01-09
SKU-00278,Item-00278,BR-E,41.24,2026-01-09
SKU-00279,Item-00279,BR-A,104.47,2026-01-09
SKU-00279,Item-00279,BR-B,76.45,2026-01-09
SKU-00279,Item-00279,BR-C,99.06,2026-01-09
SKU-00279,Item-00279,BR-D,125.68,2026-01-09
SKU-00279,Item-00279,BR-E,81.24,2026-01-09
SKU-00280,Item-00280,BR-A,75.18,2026-01-09
SKU-00280,Item-00280,BR-B,80.55,2026-01-09
SKU-00280,Item-00280,BR-C,74.94,2026-01-09
SKU-00280,Item-00280,BR-D,49.22,2026-01-09
SKU-00280,Item-00280,BR-E,84.32,2026-01-09
SKU-00281,Item-00281,BR-A,113.83,2026-01-09
SKU-00281,Item-00281,BR-B,248.48,2026-01-09
SKU-00281,Item-00281,BR-C,133.51,2026-01-09
SKU-00281,Item-00281,BR-D,152.96,2026-01-09
SKU-00281,Item-00281,BR-E,151.37,2026-01-09
SKU-00282,Item-00282,BR-A,38.06,2026-01-09
SKU-00282,Item-00282,BR-B,43.49,2026-01-09
SKU-00282,Item-00282,BR-C,23.16,2026-01-09
SKU-00282,Item-00282,BR-D,28.57,2026-01-09
SKU-00282,Item-00282,BR-E,31.59,2026-01-09
SKU-00283,Item-00283,BR-A,84.25,2026-01-09
SKU-00283,Item-00283,BR-B,84.7,2026-01-09
SKU-00283,Item-00283,BR-C,95.1,2026-01-09
SKU-00283,Item-00283,BR-D,57.56,2026-01-09
SKU-00283,Item-00283,BR-E,56.44,2026-01-09
SKU-00284,Item-00284,BR-A,182.47,2026-01-09
SKU-00284,Item-00284,BR-B,101.52,2026-01-09
SKU-00284,Item-00284,BR-C,97.28,2026-01-09
SKU-00284,Item-00284,BR-D,192.75,2026-01-09
SKU-00284,Item-00284,BR-E,129.48,2026-01-09
SKU-00285,Item-00285,BR-A,58.38,2026-01-09
SKU-00285,Item-00285,BR-B,80.31,2026-01-09
SKU-00285,Item-00285,BR-C,45.4,2026-01-09
SKU-00285,Item-00285,BR-D,89.51,2026-01-09
SKU-00285,Item-00285,BR-E,73.66,2026-01-09
SKU-00286,Item-00286,BR-A,138.33,2026-01-09
SKU-00286,Item-00286,BR-B,115.91,2026-01-09
SKU-00286,Item-00286,BR-C,127.4,2026-01-09
SKU-00286,Item-00286,BR-D,71.14,2026-01-09
SKU-00286,Item-00286,BR-E,147.48,2026-01-09
SKU-00287,Item-00287,BR-A,21.05,2026-01-09
SKU-00287,Item-00287,BR-B,20.48,2026-01-09
SKU-00287,Item-00287,BR-C,9.97,2026-01-09
SKU-00287,Item-00287,BR-D,22.49,2026-01-09
SKU-00287,Item-00287,BR-E,9.45,2026-01-09
SKU-00288,Item-00288,BR-A,103.36,2026-01-09
SKU-00288,Item-00288,BR-B,101.11,2026-01-09
SKU-00288,Item-00288,BR-C,73.0,2026-01-09
SKU-00288,Item-00288,BR-D,113.36,2026-01-09
SKU-00288,Item-00288,BR-E,90.16,2026-01-09
SKU-00289,Item-00289,BR-A,193.25,2026-01-09
SKU-00289,Item-00289,BR-B,249.65,2026-01-09
SKU-00289,Item-00289,BR-C,109.99,2026-01-09
SKU-00289,Item-00289,BR-D,130.9,2026-01-09
SKU-00289,Item-00289,BR-E,173.41,2026-01-09
SKU-00290,Item-00290,BR-A,69.99,2026-01-09
SKU-00290,Item-00290,BR-B,96.89,2026-01-09
SKU-00290,Item-00290,BR-C,80.53,2026-01-09
SKU-00290,Item-00290,BR-D,86.49,2026-01-09
SKU-00290,Item-00290,BR-E,66.38,2026-01-09
SKU-00291,Item-00291,BR-A,88.09,2026-01-09
SKU-00291,Item-00291,BR-B,56.24,2026-01-09
SKU-00291,Item-00291,BR-C,69.13,2026-01-09
SKU-00291,Item-00291,BR-D,85.69,2026-01-09
SKU-00291,Item-00291,BR-E,71.91,2026-01-09
SKU-00292,Item-00292,BR-A,184.56,2026-01-09
SKU-00292,Item-00292,BR-B,240.58,2026-01-09
SKU-00292,Item-00292,BR-C,147.06,2026-01-09
SKU-00292,Item-00292,BR-D,254.66,2026-01-09
SKU-00292,Item-00292,BR-E,106.29,2026-01-09
SKU-00293,Item-00293,BR-A,71.61,2026-01-09
SKU-00293,Item-00293,BR-B,99.68,2026-01-09
SKU-00293,Item-00293,BR-C,65.58,2026-01-09
SKU-00293,Item-00293,BR-D,81.92,2026-01-09
SKU-00293,Item-00293,BR-E,108.87,2026-01-09
SKU-00294,Item-00294,BR-A,120.81,2026-01-09
SKU-00294,Item-00294,BR-B,147.25,2026-01-09
SKU-00294,Item-00294,BR-C,232.44,2026-01-09
SKU-00294,Item-00294,BR-D,218.46,2026-01-09
SKU-00294,Item-00294,BR-E,127.39,2026-01-09
SKU-00295,Item-00295,BR-A,83.33,2026-01-09
SKU-00295,Item-00295,BR-B,117.29,2026-01-09
SKU-00295,Item-00295,BR-C,101.83,2026-01-09
SKU-00295,Item-00295,BR-D,141.61,2026-01-09
SKU-00295,Item-00295,BR-E,76.85,2026-01-09
SKU-00296,Item-00296,BR-A,55.94,2026-01-09
SKU-00296,Item-00296,BR-B,125.97,2026-01-09
SKU-00296,Item-00296,BR-C,108.14,2026-01-09
SKU-00296,Item-00296,BR-D,124.64,2026-01-09
SKU-00296,Item-00296,BR-E,84.11,2026-01-09
SKU-00297,Item-00297,BR-A,77.24,2026-01-09
SKU-00297,Item-00297,BR-B,102.12,2026-01-09
SKU-00297,Item-00297,BR-C,44.21,2026-01-09
SKU-00297,Item-00297,BR-D,86.83,2026-01-09
SKU-00297,Item-00297,BR-E,54.53,2026-01-09
SKU-00298,Item-00298,BR-A,182.25,2026-01-09
SKU-00298,Item-00298,BR-B,152.53,2026-01-09
SKU-00298,Item-00298,BR-C,114.88,2026-01-09
SKU-00298,Item-00298,BR-D,201.14,2026-01-09
SKU-00298,Item-00298,BR-E,115.15,2026-01-09
SKU-00299,Item-00299,BR-A,131.06,2026-01-09
SKU-00299,Item-00299,BR-B,223.43,2026-01-09
SKU-00299,Item-00299,BR-C,108.02,2026-01-09
SKU-00299,Item-00299,BR-D,220.9,2026-01-09
SKU-00299,Item-00299,BR-E,251.26,2026-01-09
SKU-00300,Item-00300,BR-A,8.13,2026-01-09
SKU-00300,Item-00300,BR-B,7.79,2026-01-09
SKU-00300,Item-00300,BR-C,7.37,2026-01-09
SKU-00300,Item-00300,BR-D,11.45,2026-01-09
SKU-00300,Item-00300,BR-E,6.17,2026-01-09
SKU-00301,Item-00301,BR-A,131.08,2026-01-09
SKU-00301,Item-00301,BR-B,75.29,2026-01-09
SKU-00301,Item-00301,BR-C,90.82,2026-01-09
SKU-00301,Item-00301,BR-D,161.43,2026-01-09
SKU-00301,Item-00301,BR-E,123.54,2026-01-09
SKU-00302,Item-00302,BR-A,19.49,2026-01-09
SKU-00302,Item-00302,BR-B,28.96,2026-01-09
SKU-00302,Item-00302,BR-C,19.88,2026-01-09
SKU-00302,Item-00302,BR-D,13.49,2026-01-09
SKU-00302,Item-00302,BR-E,19.98,2026-01-09
SKU-00303,Item-00303,BR-A,45.02,2026-01-09
SKU-00303,Item-00303,BR-B,27.17,2026-01-09
SKU-00303,Item-00303,BR-C,38.1,2026-01-09
SKU-00303,Item-00303,BR-D,41.63,2026-01-09
SKU-00303,Item-00303,BR-E,20.59,2026-01-09
SKU-00304,Item-00304,BR-A,24.4,2026-01-09
SKU-00304,Item-00304,BR-B,41.84,2026-01-09
SKU-00304,Item-00304,BR-C,48.13,2026-01-09
SKU-00304,Item-00304,BR-D,30.61,2026-01-09
SKU-00304,Item-00304,BR-E,51.6,2026-01-09
SKU-00305,Item-00305,BR-A,65.61,2026-01-09
SKU-00305,Item-00305,BR-B,112.19,2026-01-09
SKU-00305,Item-00305,BR-C,101.47,2026-01-09
SKU-00305,Item-00305,BR-D,86.17,2026-01-09
SKU-00305,Item-00305,BR-E,97.25,2026-01-09
SKU-00306,Item-00306,BR-A,136.8,2026-01-09
SKU-00306,Item-00306,BR-B,76.31,2026-01-09
SKU-00306,Item-00306,BR-C,98.11,2026-01-09
SKU-00306,Item-00306,BR-D,93.56,2026-01-09
SKU-00306,Item-00306,BR-E,88.01,2026-01-09
SKU-00307,Item-00307,BR-A,175.14,2026-01-09
SKU-00307,Item-00307,BR-B,204.33,2026-01-09
SKU-00307,Item-00307,BR-C,110.05,2026-01-09
SKU-00307,Item-00307,BR-D,111.64,2026-01-09
SKU-00307,Item-00307,BR-E,115.45,2026-01-09
SKU-00308,Item-00308,BR-A,40.44,2026-01-09
SKU-00308,Item-00308,BR-B,64.38,2026-01-09
SKU-00308,Item-00308,BR-C,62.59,2026-01-09
SKU-00308,Item-00308,BR-D,50.95,2026-01-09
SKU-00308,Item-00308,BR-E,51.16,2026-01-09
SKU-00309,Item-00309,BR-A,60.26,2026-01-09
SKU-00309,Item-00309,BR-B,31.05,2026-01-09
SKU-00309,Item-00309,BR-C,45.81,2026-01-09
SKU-00309,Item-00309,BR-D,65.42,2026-01-09
SKU-00309,Item-00309,BR-E,62.76,2026-01-09
SKU-00310,Item-00310,BR-A,140.45,2026-01-09
SKU-00310,Item-00310,BR-B,76.24,2026-01-09
SKU-00310,Item-00310,BR-C,133.27,2026-01-09
SKU-00310,Item-00310,BR-D,81.73,2026-01-09
SKU-00310,Item-00310,BR-E,97.66,2026-01-09
SKU-00311,Item-00311,BR-A,18.4,2026-01-09
SKU-00311,Item-00311,BR-B,17.72,2026-01-09
SKU-00311,Item-00311,BR-C,14.87,2026-01-09
SKU-00311,Item-00311,BR-D,19.03,2026-01-09
SKU-00311,Item-00311,BR-E,15.02,2026-01-09
SKU-00312,Item-00312,BR-A,70.72,2026-01-09
SKU-00312,Item-00312,BR-B,40.21,2026-01-09
SKU-00312,Item-00312,BR-C,45.66,2026-01-09
SKU-00312,Item-00312,BR-D,62.35,2026-01-09
SKU-00312,Item-00312,BR-E,31.52,2026-01-09
SKU-00313,Item-00313,BR-A,203.22,2026-01-09
SKU-00313,Item-00313,BR-B,85.21,2026-01-09
SKU-00313,Item-00313,BR-C,160.24,2026-01-09
SKU-00313,Item-00313,BR-D,143.39,2026-01-09
SKU-00313,Item-00313,BR-E,101.65,2026-01-09
SKU-00314,Item-00314,BR-A,166.28,2026-01-09
SKU-00314,Item-00314,BR-B,104.65,2026-01-09
SKU-00314,Item-00314,BR-C,124.91,2026-01-09
SKU-00314,Item-00314,BR-D,111.82,2026-01-09
SKU-00314,Item-00314,BR-E,195.25,2026-01-09
SKU-00315,Item-00315,BR-A,59.35,2026-01-09
SKU-00315,Item-00315,BR-B,53.56,2026-01-09
SKU-00315,Item-00315,BR-C,25.98,2026-01-09
SKU-00315,Item-00315,BR-D,47.2,2026-01-09
SKU-00315,Item-00315,BR-E,29.7,2026-01-09
SKU-00316,Item-00316,BR-A,85.5,2026-01-09
SKU-00316,Item-00316,BR-B,88.51,2026-01-09
SKU-00316,Item-00316,BR-C,108.96,2026-01-09
SKU-00316,Item-00316,BR-D,158.56,2026-01-09
SKU-00316,Item-00316,BR-E,131.39,2026-01-09
SKU-00317,Item-00317,BR-A,25.02,2026-01-09
SKU-00317,Item-00317,BR-B,37.47,2026-01-09
SKU-00317,Item-00317,BR-C,41.34,2026-01-09
SKU-00317,Item-00317,BR-D,26.51,2026-01-09
SKU-00317,Item-00317,BR-E,36.37,2026-01-09
SKU-00318,Item-00318,BR-A,170.56,2026-01-09
SKU-00318,Item-00318,BR-B,110.07,2026-01-09
SKU-00318,Item-00318,BR-C,121.82,2026-01-09
SKU-00318,Item-00318,BR-D,81.2,2026-01-09
SKU-00318,Item-00318,BR-E,145.05,2026-01-09
SKU-00319,Item-00319,BR-A,131.74,2026-01-09
SKU-00319,Item-00319,BR-B,109.95,2026-01-09
SKU-00319,Item-00319,BR-C,58.39,2026-01-09
SKU-00319,Item-00319,BR-D,137.77,2026-01-09
SKU-00319,Item-00319,BR-E,123.58,2026-01-09
SKU-00320,Item-00320,BR-A,117.94,2026-01-09
SKU-00320,Item-00320,BR-B,122.13,2026-01-09
SKU-00320,Item-00320,BR-C,124.23,2026-01-09
SKU-00320,Item-00320,BR-D,167.23,2026-01-09
SKU-00320,Item-00320,BR-E,170.34,2026-01-09
SKU-00321,Item-00321,BR-A,158.82,2026-01-09
SKU-00321,Item-00321,BR-B,136.96,2026-01-09
SKU-00321,Item-00321,BR-C,142.91,2026-01-09
SKU-00321,Item-00321,BR-D,111.69,2026-01-09
SKU-00321,Item-00321,BR-E,164.02,2026-01-09
SKU-00322,Item-00322,BR-A,149.72,2026-01-09
SKU-00322,Item-00322,BR-B,102.6,2026-01-09
SKU-00322,Item-00322,BR-C,142.88,2026-01-09
SKU-00322,Item-00322,BR-D,122.1,2026-01-09
SKU-00322,Item-00322,BR-E,208.84,2026-01-09
SKU-00323,Item-00323,BR-A,165.87,2026-01-09
SKU-00323,Item-00323,BR-B,259.32,2026-01-09
SKU-00323,Item-00323,BR-C,282.61,2026-01-09
SKU-00323,Item-00323,BR-D,169.37,2026-01-09
SKU-00323,Item-00323,BR-E,137.92,2026-01-09
SKU-00324,Item-00324,BR-A,69.32,2026-01-09
SKU-00324,Item-00324,BR-B,157.41,2026-01-09
SKU-00324,Item-00324,BR-C,135.77,2026-01-09
SKU-00324,Item-00324,BR-D,63.82,2026-01-09
SKU-00324,Item-00324,BR-E,88.2,2026-01-09
SKU-00325,Item-00325,BR-A,69.85,2026-01-09
SKU-00325,Item-00325,BR-B,145.29,2026-01-09
SKU-00325,Item-00325,BR-C,70.93,2026-01-09
SKU-00325,Item-00325,BR-D,86.33,2026-01-09
SKU-00325,Item-00325,BR-E,103.54,2026-01-09
SKU-00326,Item-00326,BR-A,58.91,2026-01-09
SKU-00326,Item-00326,BR-B,92.25,2026-01-09
SKU-00326,Item-00326,BR-C,53.63,2026-01-09
SKU-00326,Item-00326,BR-D,66.65,2026-01-09
SKU-00326,Item-00326,BR-E,79.86,2026-01-09
SKU-00327,Item-00327,BR-A,11.54,2026-01-09
SKU-00327,Item-00327,BR-B,20.87,2026-01-09
SKU-00327,Item-00327,BR-C,17.0,2026-01-09
SKU-00327,Item-00327,BR-D,10.05,2026-01-09
SKU-00327,Item-00327,BR-E,10.8,2026-01-09
SKU-00328,Item-00328,BR-A,35.18,2026-01-09
SKU-00328,Item-00328,BR-B,34.4,2026-01-09
SKU-00328,Item-00328,BR-C,15.96,2026-01-09
SKU-00328,Item-00328,BR-D,23.97,2026-01-09
SKU-00328,Item-00328,BR-E,13.47,2026-01-09
SKU-00329,Item-00329,BR-A,156.16,2026-01-09
SKU-00329,Item-00329,BR-B,156.2,2026-01-09
SKU-00329,Item-00329,BR-C,243.27,2026-01-09
SKU-00329,Item-00329,BR-D,214.13,2026-01-09
SKU-00329,Item-00329,BR-E,227.87,2026-01-09
SKU-00330,Item-00330,BR-A,92.56,2026-01-09
SKU-00330,Item-00330,BR-B,236.2,2026-01-09
SKU-00330,Item-00330,BR-C,219.77,2026-01-09
SKU-00330,Item-00330,BR-D,144.98,2026-01-09
SKU-00330,Item-00330,BR-E,118.07,2026-01-09
SKU-00331,Item-00331,BR-A,74.71,2026-01-09
SKU-00331,Item-00331,BR-B,103.75,2026-01-09
SKU-00331,Item-00331,BR-C,38.52,2026-01-09
SKU-00331,Item-00331,BR-D,77.99,2026-01-09
SKU-00331,Item-00331,BR-E,53.82,2026-01-09
SKU-00332,Item-00332,BR-A,92.74,2026-01-09
SKU-00332,Item-00332,BR-B,105.49,2026-01-09
SKU-00332,Item-00332,BR-C,81.88,2026-01-09
SKU-00332,Item-00332,BR-D,177.76,2026-01-09
SKU-00332,Item-00332,BR-E,155.99,2026-01-09
SKU-00333,Item-00333,BR-A,140.45,2026-01-09
SKU-00333,Item-00333,BR-B,121.93,2026-01-09
SKU-00333,Item-00333,BR-C,74.87,2026-01-09
SKU-00333,Item-00333,BR-D,141.45,2026-01-09
SKU-00333,Item-00333,BR-E,74.13,2026-01-09
SKU-00334,Item-00334,BR-A,6.04,2026-01-09
SKU-00334,Item-00334,BR-B,3.51,2026-01-09
SKU-00334,Item-00334,BR-C,9.4,2026-01-09
SKU-00334,Item-00334,BR-D,7.36,2026-01-09
SKU-00334,Item-00334,BR-E,5.23,2026-01-09
SKU-00335,Item-00335,BR-A,101.73,2026-01-09
SKU-00335,Item-00335,BR-B,156.84,2026-01-09
SKU-00335,Item-00335,BR-C,108.83,2026-01-09
SKU-00335,Item-00335,BR-D,118.95,2026-01-09
SKU-00335,Item-00335,BR-E,102.7,2026-01-09
SKU-00336,Item-00336,BR-A,76.95,2026-01-09
SKU-00336,Item-00336,BR-B,124.72,2026-01-09
SKU-00336,Item-00336,BR-C,71.64,2026-01-09
SKU-00336,Item-00336,BR-D,126.06,2026-01-09
SKU-00336,Item-00336,BR-E,63.74,2026-01-09
SKU-00337,Item-00337,BR-A,89.87,2026-01-09
SKU-00337,Item-00337,BR-B,126.36,2026-01-09
SKU-00337,Item-00337,BR-C,179.61,2026-01-09
SKU-00337,Item-00337,BR-D,133.07,2026-01-09
SKU-00337,Item-00337,BR-E,127.21,2026-01-09
SKU-00338,Item-00338,BR-A,133.35,2026-01-09
SKU-00338,Item-00338,BR-B,202.68,2026-01-09
SKU-00338,Item-00338,BR-C,79.3,2026-01-09
SKU-00338,Item-00338,BR-D,194.34,2026-01-09
SKU-00338,Item-00338,BR-E,103.89,2026-01-09
SKU-00339,Item-00339,BR-A,29.66,2026-01-09
SKU-00339,Item-00339,BR-B,31.21,2026-01-09
SKU-00339,Item-00339,BR-C,43.66,2026-01-09
SKU-00339,Item-00339,BR-D,21.92,2026-01-09
SKU-00339,Item-00339,BR-E,30.65,2026-01-09
SKU-00340,Item-00340,BR-A,182.16,2026-01-09
SKU-00340,Item-00340,BR-B,114.51,2026-01-09
SKU-00340,Item-00340,BR-C,163.18,2026-01-09
SKU-00340,Item-00340,BR-D,165.51,2026-01-09
SKU-00340,Item-00340,BR-E,197.8,2026-01-09
SKU-00341,Item-00341,BR-A,119.1,2026-01-09
SKU-00341,Item-00341,BR-B,186.76,2026-01-09
SKU-00341,Item-00341,BR-C,167.05,2026-01-09
SKU-00341,Item-00341,BR-D,125.55,2026-01-09
SKU-00341,Item-00341,BR-E,140.26,2026-01-09
SKU-00342,Item-00342,BR-A,110.52,2026-01-09
SKU-00342,Item-00342,BR-B,127.39,2026-01-09
SKU-00342,Item-00342,BR-C,109.6,2026-01-09
SKU-00342,Item-00342,BR-D,215.9,2026-01-09
SKU-00342,Item-00342,BR-E,125.45,2026-01-09
SKU-00343,Item-00343,BR-A,65.99,2026-01-09
SKU-00343,Item-00343,BR-B,73.7,2026-01-09
SKU-00343,Item-00343,BR-C,114.1,2026-01-09
SKU-00343,Item-00343,BR-D,53.67,2026-01-09
SKU-00343,Item-00343,BR-E,90.12,2026-01-09
SKU-00344,Item-00344,BR-A,49.63,2026-01-09
SKU-00344,Item-00344,BR-B,57.91,2026-01-09
SKU-00344,Item-00344,BR-C,86.44,2026-01-09
SKU-00344,Item-00344,BR-D,87.44,2026-01-09
SKU-00344,Item-00344,BR-E,68.1,2026-01-09
SKU-00345,Item-00345,BR-A,150.79,2026-01-09
SKU-00345,Item-00345,BR-B,129.13,2026-01-09
SKU-00345,Item-00345,BR-C,180.31,2026-01-09
SKU-00345,Item-00345,BR-D,249.78,2026-01-09
SKU-00345,Item-00345,BR-E,114.49,2026-01-09
SKU-00346,Item-00346,BR-A,80.8,2026-01-09
SKU-00346,Item-00346,BR-B,75.0,2026-01-09
SKU-00346,Item-00346,BR-C,51.95,2026-01-09
SKU-00346,Item-00346,BR-D,43.69,2026-01-09
SKU-00346,Item-00346,BR-E,78.97,2026-01-09
SKU-00347,Item-00347,BR-A,34.06,2026-01-09
SKU-00347,Item-00347,BR-B,55.38,2026-01-09
SKU-00347,Item-00347,BR-C,29.25,2026-01-09
SKU-00347,Item-00347,BR-D,61.87,2026-01-09
SKU-00347,Item-00347,BR-E,35.88,2026-01-09
SKU-00348,Item-00348,BR-A,118.95,2026-01-09
SKU-00348,Item-00348,BR-B,143.58,2026-01-09
SKU-00348,Item-00348,BR-C,90.8,2026-01-09
SKU-00348,Item-00348,BR-D,134.43,2026-01-09
SKU-00348,Item-00348,BR-E,171.26,2026-01-09
SKU-00349,Item-00349,BR-A,36.97,2026-01-09
SKU-00349,Item-00349,BR-B,59.88,2026-01-09
SKU-00349,Item-00349,BR-C,70.93,2026-01-09
SKU-00349,Item-00349,BR-D,59.77,2026-01-09
SKU-00349,Item-00349,BR-E,97.19,2026-01-09
SKU-00350,Item-00350,BR-A,169.89,2026-01-09
SKU-00350,Item-00350,BR-B,246.81,2026-01-09
SKU-00350,Item-00350,BR-C,118.71,2026-01-09
SKU-00350,Item-00350,BR-D,154.75,2026-01-09
SKU-00350,Item-00350,BR-E,136.05,2026-01-09
SKU-00351,Item-00351,BR-A,83.49,2026-01-09
SKU-00351,Item-00351,BR-B,109.58,2026-01-09
SKU-00351,Item-00351,BR-C,53.84,2026-01-09
SKU-00351,Item-00351,BR-D,129.79,2026-01-09
SKU-00351,Item-00351,BR-E,108.76,2026-01-09
SKU-00352,Item-00352,BR-A,118.67,2026-01-09
SKU-00352,Item-00352,BR-B,167.66,2026-01-09
SKU-00352,Item-00352,BR-C,125.16,2026-01-09
SKU-00352,Item-00352,BR-D,151.04,2026-01-09
SKU-00352,Item-00352,BR-E,131.87,2026-01-09
SKU-00353,Item-00353,BR-A,79.4,2026-01-09
SKU-00353,Item-00353,BR-B,67.28,2026-01-09
SKU-00353,Item-00353,BR-C,73.12,2026-01-09
SKU-00353,Item-00353,BR-D,47.7,2026-01-09
SKU-00353,Item-00353,BR-E,56.99,2026-01-09
SKU-00354,Item-00354,BR-A,164.58,2026-01-09
SKU-00354,Item-00354,BR-B,116.83,2026-01-09
SKU-00354,Item-00354,BR-C,89.66,2026-01-09
SKU-00354,Item-00354,BR-D,109.61,2026-01-09
SKU-00354,Item-00354,BR-E,102.91,2026-01-09
SKU-00355,Item-00355,BR-A,169.13,2026-01-09
SKU-00355,Item-00355,BR-B,200.06,2026-01-09
SKU-00355,Item-00355,BR-C,183.24,2026-01-09
SKU-00355,Item-00355,BR-D,220.35,2026-01-09
SKU-00355,Item-00355,BR-E,258.17,2026-01-09
SKU-00356,Item-00356,BR-A,70.92,2026-01-09
SKU-00356,Item-00356,BR-B,39.78,2026-01-09
SKU-00356,Item-00356,BR-C,47.68,2026-01-09
SKU-00356,Item-00356,BR-D,50.34,2026-01-09
SKU-00356,Item-00356,BR-E,60.96,2026-01-09
SKU-00357,Item-00357,BR-A,90.06,2026-01-09
SKU-00357,Item-00357,BR-B,75.1,2026-01-09
SKU-00357,Item-00357,BR-C,106.18,2026-01-09
SKU-00357,Item-00357,BR-D,131.04,2026-01-09
SKU-00357,Item-00357,BR-E,146.17,2026-01-09
SKU-00358,Item-00358,BR-A,82.27,2026-01-09
SKU-00358,Item-00358,BR-B,162.69,2026-01-09
SKU-00358,Item-00358,BR-C,193.01,2026-01-09
SKU-00358,Item-00358,BR-D,84.99,2026-01-09
SKU-00358,Item-00358,BR-E,123.79,2026-01-09
SKU-00359,Item-00359,BR-A,94.59,2026-01-09
SKU-00359,Item-00359,BR-B,102.77,2026-01-09
SKU-00359,Item-00359,BR-C,51.24,2026-01-09
SKU-00359,Item-00359,BR-D,53.59,2026-01-09
SKU-00359,Item-00359,BR-E,88.79,2026-01-09
SKU-00360,Item-00360,BR-A,31.76,2026-01-09
SKU-00360,Item-00360,BR-B,15.31,2026-01-09
SKU-00360,Item-00360,BR-C,29.99,2026-01-09
SKU-00360,Item-00360,BR-D,11.93,2026-01-09
SKU-00360,Item-00360,BR-E,22.91,2026-01-09
SKU-00361,Item-00361,BR-A,70.82,2026-01-09
SKU-00361,Item-00361,BR-B,100.26,2026-01-09
SKU-00361,Item-00361,BR-C,96.39,2026-01-09
SKU-00361,Item-00361,BR-D,111.63,2026-01-09
SKU-00361,Item-00361,BR-E,74.92,2026-01-09
SKU-00362,Item-00362,BR-A,51.7,2026-01-09
SKU-00362,Item-00362,BR-B,48.34,2026-01-09
SKU-00362,Item-00362,BR-C,59.3,2026-01-09
SKU-00362,Item-00362,BR-D,88.66,2026-01-09
SKU-00362,Item-00362,BR-E,35.68,2026-01-09
SKU-00363,Item-00363,BR-A,135.71,2026-01-09
SKU-00363,Item-00363,BR-B,72.33,2026-01-09
SKU-00363,Item-00363,BR-C,74.22,2026-01-09
SKU-00363,Item-00363,BR-D,76.02,2026-01-09
SKU-00363,Item-00363,BR-E,90.91,2026-01-09
SKU-00364,Item-00364,BR-A,72.86,2026-01-09
SKU-00364,Item-00364,BR-B,52.14,2026-01-09
SKU-00364,Item-00364,BR-C,65.02,2026-01-09
SKU-00364,Item-00364,BR-D,82.28,2026-01-09
SKU-00364,Item-00364,BR-E,83.76,2026-01-09
SKU-00365,Item-00365,BR-A,37.61,2026-01-09
SKU-00365,Item-00365,BR-B,63.26,2026-01-09
SKU-00365,Item-00365,BR-C,83.13,2026-01-09
SKU-00365,Item-00365,BR-D,95.66,2026-01-09
SKU-00365,Item-00365,BR-E,44.19,2026-01-09
SKU-00366,Item-00366,BR-A,81.87,2026-01-09
SKU-00366,Item-00366,BR-B,40.14,2026-01-09
SKU-00366,Item-00366,BR-C,40.16,2026-01-09
SKU-00366,Item-00366,BR-D,52.79,2026-01-09
SKU-00366,Item-00366,BR-E,77.68,2026-01-09
SKU-00367,Item-00367,BR-A,69.54,2026-01-09
SKU-00367,Item-00367,BR-B,56.64,2026-01-09
SKU-00367,Item-00367,BR-C,63.06,2026-01-09
SKU-00367,Item-00367,BR-D,55.3,2026-01-09
SKU-00367,Item-00367,BR-E,62.82,2026-01-09
SKU-00368,Item-00368,BR-A,63.62,2026-01-09
SKU-00368,Item-00368,BR-B,76.13,2026-01-09
SKU-00368,Item-00368,BR-C,62.25,2026-01-09
SKU-00368,Item-00368,BR-D,48.58,2026-01-09
SKU-00368,Item-00368,BR-E,83.38,2026-01-09
SKU-00369,Item-00369,BR-A,225.5,2026-01-09
SKU-00369,Item-00369,BR-B,250.02,2026-01-09
SKU-00369,Item-00369,BR-C,108.63,2026-01-09
SKU-00369,Item-00369,BR-D,187.35,2026-01-09
SKU-00369,Item-00369,BR-E,138.06,2026-01-09
SKU-00370,Item-00370,BR-A,38.66,2026-01-09
SKU-00370,Item-00370,BR-B,34.2,2026-01-09
SKU-00370,Item-00370,BR-C,54.82,2026-01-09
SKU-00370,Item-00370,BR-D,50.08,2026-01-09
SKU-00370,Item-00370,BR-E,49.97,2026-01-09
SKU-00371,Item-00371,BR-A,79.74,2026-01-09
SKU-00371,Item-00371,BR-B,59.07,2026-01-09
SKU-00371,Item-00371,BR-C,57.82,2026-01-09
SKU-00371,Item-00371,BR-D,53.18,2026-01-09
SKU-00371,Item-00371,BR-E,72.57,2026-01-09
SKU-00372,Item-00372,BR-A,100.62,2026-01-09
SKU-00372,Item-00372,BR-B,180.72,2026-01-09
SKU-00372,Item-00372,BR-C,101.53,2026-01-09
SKU-00372,Item-00372,BR-D,66.07,2026-01-09
SKU-00372,Item-00372,BR-E,142.58,2026-01-09
SKU-00373,Item-00373,BR-A,137.12,2026-01-09
SKU-00373,Item-00373,BR-B,110.28,2026-01-09
SKU-00373,Item-00373,BR-C,222.83,2026-01-09
SKU-00373,Item-00373,BR-D,200.99,2026-01-09
SKU-00373,Item-00373,BR-E,97.35,2026-01-09
SKU-00374,Item-00374,BR-A,56.14,2026-01-09
SKU-00374,Item-00374,BR-B,52.03,2026-01-09
SKU-00374,Item-00374,BR-C,61.68,2026-01-09
SKU-00374,Item-00374,BR-D,61.67,2026-01-09
SKU-00374,Item-00374,BR-E,51.27,2026-01-09
SKU-00375,Item-00375,BR-A,57.92,2026-01-09
SKU-00375,Item-00375,BR-B,77.75,2026-01-09
SKU-00375,Item-00375,BR-C,35.01,2026-01-09
SKU-00375,Item-00375,BR-D,57.26,2026-01-09
SKU-00375,Item-00375,BR-E,44.69,2026-01-09
SKU-00376,Item-00376,BR-A,16.84,2026-01-09
SKU-00376,Item-00376,BR-B,17.08,2026-01-09
SKU-00376,Item-00376,BR-C,36.55,2026-01-09
SKU-00376,Item-00376,BR-D,31.35,2026-01-09
SKU-00376,Item-00376,BR-E,42.14,2026-01-09
SKU-00377,Item-00377,BR-A,272.69,2026-01-09
SKU-00377,Item-00377,BR-B,105.16,2026-01-09
SKU-00377,Item-00377,BR-C,138.77,2026-01-09
SKU-00377,Item-00377,BR-D,256.21,2026-01-09
SKU-00377,Item-00377,BR-E,212.83,2026-01-09
SKU-00378,Item-00378,BR-A,77.88,2026-01-09
SKU-00378,Item-00378,BR-B,62.5,2026-01-09
SKU-00378,Item-00378,BR-C,68.87,2026-01-09
SKU-00378,Item-00378,BR-D,72.28,2026-01-09
SKU-00378,Item-00378,BR-E,65.94,2026-01-09
SKU-00379,Item-00379,BR-A,135.27,2026-01-09
SKU-00379,Item-00379,BR-B,87.86,2026-01-09
SKU-00379,Item-00379,BR-C,82.86,2026-01-09
SKU-00379,Item-00379,BR-D,87.13,2026-01-09
SKU-00379,Item-00379,BR-E,156.15,2026-01-09
SKU-00380,Item-00380,BR-A,35.39,2026-01-09
SKU-00380,Item-00380,BR-B,30.78,2026-01-09
SKU-00380,Item-00380,BR-C,30.85,2026-01-09
SKU-00380,Item-00380,BR-D,18.16,2026-01-09
SKU-00380,Item-00380,BR-E,14.8,2026-01-09
SKU-00381,Item-00381,BR-A,144.98,2026-01-09
SKU-00381,Item-00381,BR-B,165.94,2026-01-09
SKU-00381,Item-00381,BR-C,121.84,2026-01-09
SKU-00381,Item-00381,BR-D,154.62,2026-01-09
SKU-00381,Item-00381,BR-E,96.17,2026-01-09
SKU-00382,Item-00382,BR-A,76.42,2026-01-09
SKU-00382,Item-00382,BR-B,90.05,2026-01-09
SKU-00382,Item-00382,BR-C,79.24,2026-01-09
SKU-00382,Item-00382,BR-D,54.26,2026-01-09
SKU-00382,Item-00382,BR-E,119.89,2026-01-09
SKU-00383,Item-00383,BR-A,44.21,2026-01-09
SKU-00383,Item-00383,BR-B,47.95,2026-01-09
SKU-00383,Item-00383,BR-C,47.09,2026-01-09
SKU-00383,Item-00383,BR-D,59.12,2026-01-09
SKU-00383,Item-00383,BR-E,24.48,2026-01-09
SKU-00384,Item-00384,BR-A,68.27,2026-01-09
SKU-00384,Item-00384,BR-B,77.99,2026-01-09
SKU-00384,Item-00384,BR-C,43.84,2026-01-09
SKU-00384,Item-00384,BR-D,79.66,2026-01-09
SKU-00384,Item-00384,BR-E,59.43,2026-01-09
SKU-00385,Item-00385,BR-A,14.36,2026-01-09
SKU-00385,Item-00385,BR-B,21.13,2026-01-09
SKU-00385,Item-00385,BR-C,33.81,2026-01-09
SKU-00385,Item-00385,BR-D,29.57,2026-01-09
SKU-00385,Item-00385,BR-E,24.63,2026-01-09
SKU-00386,Item-00386,BR-A,45.49,2026-01-09
SKU-00386,Item-00386,BR-B,73.94,2026-01-09
SKU-00386,Item-00386,BR-C,57.79,2026-01-09
SKU-00386,Item-00386,BR-D,92.97,2026-01-09
SKU-00386,Item-00386,BR-E,109.28,2026-01-09
SKU-00387,Item-00387,BR-A,111.59,2026-01-09
SKU-00387,Item-00387,BR-B,61.69,2026-01-09
SKU-00387,Item-00387,BR-C,90.96,2026-01-09
SKU-00387,Item-00387,BR-D,130.77,2026-01-09
SKU-00387,Item-00387,BR-E,80.0,2026-01-09
SKU-00388,Item-00388,BR-A,50.58,2026-01-09
SKU-00388,Item-00388,BR-B,25.34,2026-01-09
SKU-00388,Item-00388,BR-C,47.72,2026-01-09
SKU-00388,Item-00388,BR-D,42.13,2026-01-09
SKU-00388,Item-00388,BR-E,26.85,2026-01-09
SKU-00389,Item-00389,BR-A,26.69,2026-01-09
SKU-00389,Item-00389,BR-B,27.21,2026-01-09
SKU-00389,Item-00389,BR-C,24.9,2026-01-09
SKU-00389,Item-00389,BR-D,26.62,2026-01-09
SKU-00389,Item-00389,BR-E,24.83,2026-01-09
SKU-00390,Item-00390,BR-A,36.08,2026-01-09
SKU-00390,Item-00390,BR-B,16.28,2026-01-09
SKU-00390,Item-00390,BR-C,33.5,2026-01-09
SKU-00390,Item-00390,BR-D,17.24,2026-01-09
SKU-00390,Item-00390,BR-E,26.78,2026-01-09
SKU-00391,Item-00391,BR-A,167.44,2026-01-09
SKU-00391,Item-00391,BR-B,65.14,2026-01-09
SKU-00391,Item-00391,BR-C,140.38,2026-01-09
SKU-00391,Item-00391,BR-D,178.67,2026-01-09
SKU-00391,Item-00391,BR-E,96.93,2026-01-09
SKU-00392,Item-00392,BR-A,115.63,2026-01-09
SKU-00392,Item-00392,BR-B,99.22,2026-01-09
SKU-00392,Item-00392,BR-C,216.21,2026-01-09
SKU-00392,Item-00392,BR-D,162.16,2026-01-09
SKU-00392,Item-00392,BR-E,213.27,2026-01-09
SKU-00393,Item-00393,BR-A,116.69,2026-01-09
SKU-00393,Item-00393,BR-B,131.31,2026-01-09
SKU-00393,Item-00393,BR-C,57.7,2026-01-09
SKU-00393,Item-00393,BR-D,106.96,2026-01-09
SKU-00393,Item-00393,BR-E,71.16,2026-01-09
SKU-00394,Item-00394,BR-A,79.58,2026-01-09
SKU-00394,Item-00394,BR-B,88.6,2026-01-09
SKU-00394,Item-00394,BR-C,72.65,2026-01-09
SKU-00394,Item-00394,BR-D,87.41,2026-01-09
SKU-00394,Item-00394,BR-E,72.4,2026-01-09
SKU-00395,Item-00395,BR-A,39.33,2026-01-09
SKU-00395,Item-00395,BR-B,33.62,2026-01-09
SKU-00395,Item-00395,BR-C,92.03,2026-01-09
SKU-00395,Item-00395,BR-D,81.77,2026-01-09
SKU-00395,Item-00395,BR-E,40.66,2026-01-09
SKU-00396,Item-00396,BR-A,71.37,2026-01-09
SKU-00396,Item-00396,BR-B,136.94,2026-01-09
SKU-00396,Item-00396,BR-C,83.61,2026-01-09
SKU-00396,Item-00396,BR-D,140.76,2026-01-09
SKU-00396,Item-00396,BR-E,69.94,2026-01-09
SKU-00397,Item-00397,BR-A,262.37,2026-01-09
SKU-00397,Item-00397,BR-B,137.27,2026-01-09
SKU-00397,Item-00397,BR-C,194.54,2026-01-09
SKU-00397,Item-00397,BR-D,199.4,2026-01-09
SKU-00397,Item-00397,BR-E,195.36,2026-01-09
SKU-00398,Item-00398,BR-A,177.43,2026-01-09
SKU-00398,Item-00398,BR-B,185.18,2026-01-09
SKU-00398,Item-00398,BR-C,74.6,2026-01-09
SKU-00398,Item-00398,BR-D,86.18,2026-01-09
SKU-00398,Item-00398,BR-E,85.05,2026-01-09
SKU-00399,Item-00399,BR-A,91.62,2026-01-09
SKU-00399,Item-00399,BR-B,193.16,2026-01-09
SKU-00399,Item-00399,BR-C,141.68,2026-01-09
SKU-00399,Item-00399,BR-D,154.82,2026-01-09
SKU-00399,Item-00399,BR-E,170.32,2026-01-09
SKU-00400,Item-00400,BR-A,68.28,2026-01-09
SKU-00400,Item-00400,BR-B,68.76,2026-01-09
SKU-00400,Item-00400,BR-C,43.05,2026-01-09
SKU-00400,Item-00400,BR-D,73.94,2026-01-09
SKU-00400,Item-00400,BR-E,59.7,2026-01-09
SKU-00001,Cola 1.5L,BR-A,94.03,2026-01-10
SKU-00001,Cola 1.5L,BR-B,115.63,2026-01-10
SKU-00001,Cola 1.5L,BR-C,176.38,2026-01-10
SKU-00001,Cola 1.5L,BR-D,188.49,2026-01-10
SKU-00001,Cola 1.5L,BR-E,147.93,2026-01-10
SKU-00002,Orange Juice 1L,BR-A,14.2,2026-01-10
SKU-00002,Orange Juice 1L,BR-B,15.19,2026-01-10
SKU-00002,Orange Juice 1L,BR-C,12.94,2026-01-10
SKU-00002,Orange Juice 1L,BR-D,10.48,2026-01-10
SKU-00002,Orange Juice 1L,BR-E,7.9,2026-01-10
SKU-00003,Mineral Water 500ml,BR-A,82.14,2026-01-10
SKU-00003,Mineral Water 500ml,BR-B,73.24,2026-01-10
SKU-00003,Mineral Water 500ml,BR-C,86.14,2026-01-10
SKU-00003,Mineral Water 500ml,BR-D,49.58,2026-01-10
SKU-00003,Mineral Water 500ml,BR-E,86.72,2026-01-10
SKU-00004,Energy Drink 250ml,BR-A,90.34,2026-01-10
SKU-00004,Energy Drink 250ml,BR-B,88.08,2026-01-10
SKU-00004,Energy Drink 250ml,BR-C,44.76,2026-01-10
SKU-00004,Energy Drink 250ml,BR-D,63.73,2026-01-10
SKU-00004,Energy Drink 250ml,BR-E,58.66,2026-01-10
SKU-00005,Soda Can,BR-A,107.03,2026-01-10
SKU-00005,Soda Can,BR-B,110.41,2026-01-10
SKU-00005,Soda Can,BR-C,129.8,2026-01-10
SKU-00005,Soda Can,BR-D,107.25,2026-01-10
SKU-00005,Soda Can,BR-E,224.74,2026-01-10
SKU-00006,Apple Juice 1L,BR-A,177.17,2026-01-10
SKU-00006,Apple Juice 1L,BR-B,209.1,2026-01-10
SKU-00006,Apple Juice 1L,BR-C,239.18,2026-01-10
SKU-00006,Apple Juice 1L,BR-D,272.98,2026-01-10
SKU-00006,Apple Juice 1L,BR-E,170.93,2026-01-10
SKU-00007,Tea Bag 100s,BR-A,281.79,2026-01-10
SKU-00007,Tea Bag 100s,BR-B,330.63,2026-01-10
SKU-00007,Tea Bag 100s,BR-C,190.6,2026-01-10
SKU-00007,Tea Bag 100s,BR-D,176.11,2026-01-10
SKU-00007,Tea Bag 100s,BR-E,312.17,2026-01-10
SKU-00008,Coffee 200g,BR-A,26.31,2026-01-10
SKU-00008,Coffee 200g,BR-B,34.02,2026-01-10
SKU-00008,Coffee 200g,BR-C,33.76,2026-01-10
SKU-00008,Coffee 200g,BR-D,24.95,2026-01-10
SKU-00008,Coffee 200g,BR-E,30.33,2026-01-10
SKU-00009,Lemonade 1L,BR-A,154.32,2026-01-10
SKU-00009,Lemonade 1L,BR-B,116.1,2026-01-10
SKU-00009,Lemonade 1L,BR-C,61.78,2026-01-10
SKU-00009,Lemonade 1L,BR-D,81.38,2026-01-10
SKU-00009,Lemonade 1L,BR-E,144.61,2026-01-10
SKU-00010,Iced Tea 500ml,BR-A,11.71,2026-01-10
SKU-00010,Iced Tea 500ml,BR-B,16.85,2026-01-10
SKU-00010,Iced Tea 500ml,BR-C,16.79,2026-01-10
SKU-00010,Iced Tea 500ml,BR-D,11.75,2026-01-10
SKU-00010,Iced Tea 500ml,BR-E,16.79,2026-01-10
SKU-00011,Thermos Flask 500ml,BR-A,56.46,2026-01-10
SKU-00011,Thermos Flask 500ml,BR-B,58.56,2026-01-10
SKU-00011,Thermos Flask 500ml,BR-C,34.47,2026-01-10
SKU-00011,Thermos Flask 500ml,BR-D,38.89,2026-01-10
SKU-00011,Thermos Flask 500ml,BR-E,90.62,2026-01-10
SKU-00012,أكوا 1.5 لتر,BR-A,201.19,2026-01-10
SKU-00012,أكوا 1.5 لتر,BR-B,134.15,2026-01-10
SKU-00012,أكوا 1.5 لتر,BR-C,105.91,2026-01-10
SKU-00012,أكوا 1.5 لتر,BR-D,97.02,2026-01-10
SKU-00012,أكوا 1.5 لتر,BR-E,194.82,2026-01-10
SKU-00013,Sports Drink 600ml,BR-A,14.7,2026-01-10
SKU-00013,Sports Drink 600ml,BR-B,12.51,2026-01-10
SKU-00013,Sports Drink 600ml,BR-C,17.96,2026-01-10
SKU-00013,Sports Drink 600ml,BR-D,16.48,2026-01-10
SKU-00013,Sports Drink 600ml,BR-E,10.45,2026-01-10
SKU-00014,Milk 1L,BR-A,52.11,2026-01-10
SKU-00014,Milk 1L,BR-B,73.99,2026-01-10
SKU-00014,Milk 1L,BR-C,30.7,2026-01-10
SKU-00014,Milk 1L,BR-D,82.95,2026-01-10
SKU-00014,Milk 1L,BR-E,47.38,2026-01-10
SKU-00015,Butter 250g,BR-A,156.47,2026-01-10
SKU-00015,Butter 250g,BR-B,114.95,2026-01-10
SKU-00015,Butter 250g,BR-C,223.14,2026-01-10
SKU-00015,Butter 250g,BR-D,210.27,2026-01-10
SKU-00015,Butter 250g,BR-E,99.39,2026-01-10
SKU-00016,Cheese Slices,BR-A,129.25,2026-01-10
SKU-00016,Cheese Slices,BR-B,178.96,2026-01-10
SKU-00016,Cheese Slices,BR-C,139.39,2026-01-10
SKU-00016,Cheese Slices,BR-D,150.43,2026-01-10
SKU-00016,Cheese Slices,BR-E,89.36,2026-01-10
SKU-00017,Yogurt 500g,BR-A,66.85,2026-01-10
SKU-00017,Yogurt 500g,BR-B,61.03,2026-01-10
SKU-00017,Yogurt 500g,BR-C,56.51,2026-01-10
SKU-00017,Yogurt 500g,BR-D,92.36,2026-01-10
SKU-00017,Yogurt 500g,BR-E,76.01,2026-01-10
SKU-00018,Eggs 12pk,BR-A,235.26,2026-01-10
SKU-00018,Eggs 12pk,BR-B,220.11,2026-01-10
SKU-00018,Eggs 12pk,BR-C,212.85,2026-01-10
SKU-00018,Eggs 12pk,BR-D,126.32,2026-01-10
SKU-00018,Eggs 12pk,BR-E,220.66,2026-01-10
SKU-00019,Cream 200ml,BR-A,221.9,2026-01-10
SKU-00019,Cream 200ml,BR-B,145.04,2026-01-10
SKU-00019,Cream 200ml,BR-C,188.52,2026-01-10
SKU-00019,Cream 200ml,BR-D,265.67,2026-01-10
SKU-00019,Cream 200ml,BR-E,209.57,2026-01-10
SKU-00020,Cheese Block 200g,BR-A,8.49,2026-01-10
SKU-00020,Cheese Block 200g,BR-B,8.65,2026-01-10
SKU-00020,Cheese Block 200g,BR-C,6.67,2026-01-10
SKU-00020,Cheese Block 200g,BR-D,10.24,2026-01-10
SKU-00020,Cheese Block 200g,BR-E,7.78,2026-01-10
SKU-00021,Ghee 1L,BR-A,324.0,2026-01-10
SKU-00021,Ghee 1L,BR-B,315.92,2026-01-10
SKU-00021,Ghee 1L,BR-C,162.11,2026-01-10
SKU-00021,Ghee 1L,BR-D,121.57,2026-01-10
SKU-00021,Ghee 1L,BR-E,198.44,2026-01-10
SKU-00022,Milk Powder 400g,BR-A,183.81,2026-01-10
SKU-00022,Milk Powder 400g,BR-B,241.01,2026-01-10
SKU-00022,Milk Powder 400g,BR-C,276.73,2026-01-10
SKU-00022,Milk Powder 400g,BR-D,173.56,2026-01-10
SKU-00022,Milk Powder 400g,BR-E,206.13,2026-01-10
SKU-00023,الحليب الطازج,BR-A,61.9,2026-01-10
SKU-00023,الحليب الطازج,BR-B,103.81,2026-01-10
SKU-00023,الحليب الطازج,BR-C,102.46,2026-01-10
SKU-00023,الحليب الطازج,BR-D,94.83,2026-01-10
SKU-00023,الحليب الطازج,BR-E,134.38,2026-01-10
SKU-00024,Bread Loaf,BR-A,65.44,2026-01-10
SKU-00024,Bread Loaf,BR-B,66.24,2026-01-10
SKU-00024,Bread Loaf,BR-C,30.9,2026-01-10
SKU-00024,Bread Loaf,BR-D,27.03,2026-01-10
SKU-00024,Bread Loaf,BR-E,36.48,2026-01-10
SKU-00025,Croissant,BR-A,284.92,2026-01-10
SKU-00025,Croissant,BR-B,230.62,2026-01-10
SKU-00025,Croissant,BR-C,175.51,2026-01-10
SKU-00025,Croissant,BR-D,236.55,2026-01-10
SKU-00025,Croissant,BR-E,288.67,2026-01-10
SKU-00026,Pita Bread 6pk,BR-A,50.44,2026-01-10
SKU-00026,Pita Bread 6pk,BR-B,87.69,2026-01-10
SKU-00026,Pita Bread 6pk,BR-C,56.09,2026-01-10
SKU-00026,Pita Bread 6pk,BR-D,91.06,2026-01-10
SKU-00026,Pita Bread 6pk,BR-E,134.91,2026-01-10
SKU-00027,Muffin 4pk,BR-A,33.69,2026-01-10
SKU-00027,Muffin 4pk,BR-B,21.48,2026-01-10
SKU-00027,Muffin 4pk,BR-C,42.97,2026-01-10
SKU-00027,Muffin 4pk,BR-D,27.49,2026-01-10
SKU-00027,Muffin 4pk,BR-E,45.76,2026-01-10
SKU-00028,Baguette,BR-A,44.96,2026-01-10
SKU-00028,Baguette,BR-B,46.18,2026-01-10
SKU-00028,Baguette,BR-C,37.15,2026-01-10
SKU-00028,Baguette,BR-D,21.52,2026-01-10
SKU-00028,Baguette,BR-E,45.15,2026-01-10
SKU-00029,Donuts 6pk,BR-A,252.75,2026-01-10
SKU-00029,Donuts 6pk,BR-B,329.83,2026-01-10
SKU-00029,Donuts 6pk,BR-C,240.57,2026-01-10
SKU-00029,Donuts 6pk,BR-D,166.88,2026-01-10
SKU-00029,Donuts 6pk,BR-E,285.58,2026-01-10
SKU-00030,Cake Slice,BR-A,203.1,2026-01-10
SKU-00030,Cake Slice,BR-B,223.89,2026-01-10
SKU-00030,Cake Slice,BR-C,149.66,2026-01-10
SKU-00030,Cake Slice,BR-D,168.0,2026-01-10
SKU-00030,Cake Slice,BR-E,199.16,2026-01-10
SKU-00031,Cookies Pack,BR-A,208.88,2026-01-10
SKU-00031,Cookies Pack,BR-B,153.22,2026-01-10
SKU-00031,Cookies Pack,BR-C,307.14,2026-01-10
SKU-00031,Cookies Pack,BR-D,205.27,2026-01-10
SKU-00031,Cookies Pack,BR-E,177.25,2026-01-10
SKU-00032,كعكة شوكولاتة,BR-A,150.42,2026-01-10
SKU-00032,كعكة شوكولاتة,BR-B,203.68,2026-01-10
SKU-00032,كعكة شوكولاتة,BR-C,112.47,2026-01-10
SKU-00032,كعكة شوكولاتة,BR-D,284.55,2026-01-10
SKU-00032,كعكة شوكولاتة,BR-E,257.73,2026-01-10
SKU-00033,Apples 1kg,BR-A,204.27,2026-01-10
SKU-00033,Apples 1kg,BR-B,192.57,2026-01-10
SKU-00033,Apples 1kg,BR-C,90.35,2026-01-10
SKU-00033,Apples 1kg,BR-D,105.24,2026-01-10
SKU-00033,Apples 1kg,BR-E,151.93,2026-01-10
SKU-00034,Bananas 1kg,BR-A,184.37,2026-01-10
SKU-00034,Bananas 1kg,BR-B,329.95,2026-01-10
SKU-00034,Bananas 1kg,BR-C,157.79,2026-01-10
SKU-00034,Bananas 1kg,BR-D,387.33,2026-01-10
SKU-00034,Bananas 1kg,BR-E,238.28,2026-01-10
SKU-00035,Potatoes 2kg,BR-A,58.16,2026-01-10
SKU-00035,Potatoes 2kg,BR-B,147.03,2026-01-10
SKU-00035,Potatoes 2kg,BR-C,84.83,2026-01-10
SKU-00035,Potatoes 2kg,BR-D,60.25,2026-01-10
SKU-00035,Potatoes 2kg,BR-E,155.44,2026-01-10
SKU-00036,Onions 1kg,BR-A,181.05,2026-01-10
SKU-00036,Onions 1kg,BR-B,214.95,2026-01-10
SKU-00036,Onions 1kg,BR-C,100.31,2026-01-10
SKU-00036,Onions 1kg,BR-D,169.13,2026-01-10
SKU-00036,Onions 1kg,BR-E,188.16,2026-01-10
SKU-00037,Tomatoes 1kg,BR-A,131.28,2026-01-10
SKU-00037,Tomatoes 1kg,BR-B,288.41,2026-01-10
SKU-00037,Tomatoes 1kg,BR-C,277.31,2026-01-10
SKU-00037,Tomatoes 1kg,BR-D,260.01,2026-01-10
SKU-00037,Tomatoes 1kg,BR-E,301.52,2026-01-10
SKU-00038,Cucumbers 500g,BR-A,230.09,2026-01-10
SKU-00038,Cucumbers 500g,BR-B,207.29,2026-01-10
SKU-00038,Cucumbers 500g,BR-C,180.01,2026-01-10
SKU-00038,Cucumbers 500g,BR-D,123.47,2026-01-10
SKU-00038,Cucumbers 500g,BR-E,107.22,2026-01-10
SKU-00039,Lettuce Head,BR-A,167.01,2026-01-10
SKU-00039,Lettuce Head,BR-B,303.61,2026-01-10
SKU-00039,Lettuce Head,BR-C,232.58,2026-01-10
SKU-00039,Lettuce Head,BR-D,155.35,2026-01-10
SKU-00039,Lettuce Head,BR-E,264.04,2026-01-10
SKU-00040,Carrots 1kg,BR-A,165.42,2026-01-10
SKU-00040,Carrots 1kg,BR-B,102.56,2026-01-10
SKU-00040,Carrots 1kg,BR-C,172.74,2026-01-10
SKU-00040,Carrots 1kg,BR-D,164.9,2026-01-10
SKU-00040,Carrots 1kg,BR-E,180.84,2026-01-10
SKU-00041,Potato Chips 150g,BR-A,253.85,2026-01-10
SKU-00041,Potato Chips 150g,BR-B,170.72,2026-01-10
SKU-00041,Potato Chips 150g,BR-C,129.26,2026-01-10
SKU-00041,Potato Chips 150g,BR-D,245.17,2026-01-10
SKU-00041,Potato Chips 150g,BR-E,273.66,2026-01-10
SKU-00042,Ice Cream 500ml,BR-A,12.18,2026-01-10
SKU-00042,Ice Cream 500ml,BR-B,26.15,2026-01-10
SKU-00042,Ice Cream 500ml,BR-C,15.68,2026-01-10
SKU-00042,Ice Cream 500ml,BR-D,27.25,2026-01-10
SKU-00042,Ice Cream 500ml,BR-E,21.46,2026-01-10
SKU-00043,Frozen Peas 500g,BR-A,38.15,2026-01-10
SKU-00043,Frozen Peas 500g,BR-B,46.31,2026-01-10
SKU-00043,Frozen Peas 500g,BR-C,56.21,2026-01-10
SKU-00043,Frozen Peas 500g,BR-D,49.49,2026-01-10
SKU-00043,Frozen Peas 500g,BR-E,71.2,2026-01-10
SKU-00044,Frozen Pizza,BR-A,81.65,2026-01-10
SKU-00044,Frozen Pizza,BR-B,77.03,2026-01-10
SKU-00044,Frozen Pizza,BR-C,91.56,2026-01-10
SKU-00044,Frozen Pizza,BR-D,106.87,2026-01-10
SKU-00044,Frozen Pizza,BR-E,92.66,2026-01-10
SKU-00045,Chicken Fingers 500g,BR-A,21.41,2026-01-10
SKU-00045,Chicken Fingers 500g,BR-B,38.68,2026-01-10
SKU-00045,Chicken Fingers 500g,BR-C,25.15,2026-01-10
SKU-00045,Chicken Fingers 500g,BR-D,38.93,2026-01-10
SKU-00045,Chicken Fingers 500g,BR-E,29.64,2026-01-10
SKU-00046,Fish Fingers 500g,BR-A,99.28,2026-01-10
SKU-00046,Fish Fingers 500g,BR-B,86.18,2026-01-10
SKU-00046,Fish Fingers 500g,BR-C,95.64,2026-01-10
SKU-00046,Fish Fingers 500g,BR-D,99.42,2026-01-10
SKU-00046,Fish Fingers 500g,BR-E,37.5,2026-01-10
SKU-00047,Frozen Veg Mix 450g,BR-A,49.01,2026-01-10
SKU-00047,Frozen Veg Mix 450g,BR-B,29.17,2026-01-10
SKU-00047,Frozen Veg Mix 450g,BR-C,34.44,2026-01-10
SKU-00047,Frozen Veg Mix 450g,BR-D,45.53,2026-01-10
SKU-00047,Frozen Veg Mix 450g,BR-E,20.02,2026-01-10
SKU-00048,مجمدات متنوعة,BR-A,92.15,2026-01-10
SKU-00048,مجمدات متنوعة,BR-B,60.37,2026-01-10
SKU-00048,مجمدات متنوعة,BR-C,113.42,2026-01-10
SKU-00048,مجمدات متنوعة,BR-D,75.96,2026-01-10
SKU-00048,مجمدات متنوعة,BR-E,72.88,2026-01-10
SKU-00049,Detergent 1L,BR-A,107.15,2026-01-10
SKU-00049,Detergent 1L,BR-B,178.54,2026-01-10
SKU-00049,Detergent 1L,BR-C,186.2,2026-01-10
SKU-00049,Detergent 1L,BR-D,254.34,2026-01-10
SKU-00049,Detergent 1L,BR-E,115.95,2026-01-10
SKU-00050,Toilet Paper 6pk,BR-A,128.9,2026-01-10
SKU-00050,Toilet Paper 6pk,BR-B,143.83,2026-01-10
SKU-00050,Toilet Paper 6pk,BR-C,116.78,2026-01-10
SKU-00050,Toilet Paper 6pk,BR-D,129.57,2026-01-10
SKU-00050,Toilet Paper 6pk,BR-E,137.32,2026-01-10
SKU-00051,Hand Soap,BR-A,54.72,2026-01-10
SKU-00051,Hand Soap,BR-B,78.92,2026-01-10
SKU-00051,Hand Soap,BR-C,148.32,2026-01-10
SKU-00051,Hand Soap,BR-D,103.29,2026-01-10
SKU-00051,Hand Soap,BR-E,66.13,2026-01-10
SKU-00052,Shampoo 400ml,BR-A,41.88,2026-01-10
SKU-00052,Shampoo 400ml,BR-B,45.59,2026-01-10
SKU-00052,Shampoo 400ml,BR-C,36.46,2026-01-10
SKU-00052,Shampoo 400ml,BR-D,43.72,2026-01-10
SKU-00052,Shampoo 400ml,BR-E,71.54,2026-01-10
SKU-00053,Toothpaste 100ml,BR-A,63.41,2026-01-10
SKU-00053,Toothpaste 100ml,BR-B,70.01,2026-01-10
SKU-00053,Toothpaste 100ml,BR-C,40.92,2026-01-10
SKU-00053,Toothpaste 100ml,BR-D,76.8,2026-01-10
SKU-00053,Toothpaste 100ml,BR-E,76.78,2026-01-10
SKU-00054,Cleaning Spray,BR-A,287.98,2026-01-10
SKU-00054,Cleaning Spray,BR-B,149.19,2026-01-10
SKU-00054,Cleaning Spray,BR-C,372.9,2026-01-10
SKU-00054,Cleaning Spray,BR-D,216.58,2026-01-10
SKU-00054,Cleaning Spray,BR-E,186.38,2026-01-10
SKU-00055,Garbage Bags 30pk,BR-A,106.7,2026-01-10
SKU-00055,Garbage Bags 30pk,BR-B,190.3,2026-01-10
SKU-00055,Garbage Bags 30pk,BR-C,205.27,2026-01-10
SKU-00055,Garbage Bags 30pk,BR-D,256.99,2026-01-10
SKU-00055,Garbage Bags 30pk,BR-E,117.02,2026-01-10
SKU-00056,Chips 150g,BR-A,140.34,2026-01-10
SKU-00056,Chips 150g,BR-B,186.77,2026-01-10
SKU-00056,Chips 150g,BR-C,221.18,2026-01-10
SKU-00056,Chips 150g,BR-D,182.84,2026-01-10
SKU-00056,Chips 150g,BR-E,98.08,2026-01-10
SKU-00057,Chocolate Bar,BR-A,36.78,2026-01-10
SKU-00057,Chocolate Bar,BR-B,51.06,2026-01-10
SKU-00057,Chocolate Bar,BR-C,37.36,2026-01-10
SKU-00057,Chocolate Bar,BR-D,28.89,2026-01-10
SKU-00057,Chocolate Bar,BR-E,41.77,2026-01-10
SKU-00058,Biscuits Pack,BR-A,138.22,2026-01-10
SKU-00058,Biscuits Pack,BR-B,159.29,2026-01-10
SKU-00058,Biscuits Pack,BR-C,293.69,2026-01-10
SKU-00058,Biscuits Pack,BR-D,155.68,2026-01-10
SKU-00058,Biscuits Pack,BR-E,188.88,2026-01-10
SKU-00059,Gum Pack,BR-A,52.21,2026-01-10
SKU-00059,Gum Pack,BR-B,25.83,2026-01-10
SKU-00059,Gum Pack,BR-C,38.83,2026-01-10
SKU-00059,Gum Pack,BR-D,46.52,2026-01-10
SKU-00059,Gum Pack,BR-E,47.13,2026-01-10
SKU-00060,Nuts Mix 200g,BR-A,153.77,2026-01-10
SKU-00060,Nuts Mix 200g,BR-B,98.02,2026-01-10
SKU-00060,Nuts Mix 200g,BR-C,68.51,2026-01-10
SKU-00060,Nuts Mix 200g,BR-D,78.46,2026-01-10
SKU-00060,Nuts Mix 200g,BR-E,156.61,2026-01-10
SKU-00061,Popcorn 100g,BR-A,376.18,2026-01-10
SKU-00061,Popcorn 100g,BR-B,366.36,2026-01-10
SKU-00061,Popcorn 100g,BR-C,316.68,2026-01-10
SKU-00061,Popcorn 100g,BR-D,259.69,2026-01-10
SKU-00061,Popcorn 100g,BR-E,221.32,2026-01-10
SKU-00062,Pretzels 200g,BR-A,222.04,2026-01-10
SKU-00062,Pretzels 200g,BR-B,193.5,2026-01-10
SKU-00062,Pretzels 200g,BR-C,223.56,2026-01-10
SKU-00062,Pretzels 200g,BR-D,197.15,2026-01-10
SKU-00062,Pretzels 200g,BR-E,255.8,2026-01-10
SKU-00063,Candy Assorted,BR-A,181.13,2026-01-10
SKU-00063,Candy Assorted,BR-B,205.54,2026-01-10
SKU-00063,Candy Assorted,BR-C,223.51,2026-01-10
SKU-00063,Candy Assorted,BR-D,92.79,2026-01-10
SKU-00063,Candy Assorted,BR-E,182.17,2026-01-10
SKU-00064,Chicken Breast 1kg,BR-A,269.98,2026-01-10
SKU-00064,Chicken Breast 1kg,BR-B,126.92,2026-01-10
SKU-00064,Chicken Breast 1kg,BR-C,193.86,2026-01-10
SKU-00064,Chicken Breast 1kg,BR-D,159.45,2026-01-10
SKU-00064,Chicken Breast 1kg,BR-E,145.2,2026-01-10
SKU-00065,Beef Mince 500g,BR-A,203.04,2026-01-10
SKU-00065,Beef Mince 500g,BR-B,332.55,2026-01-10
SKU-00065,Beef Mince 500g,BR-C,126.74,2026-01-10
SKU-00065,Beef Mince 500g,BR-D,297.83,2026-01-10
SKU-00065,Beef Mince 500g,BR-E,241.54,2026-01-10
SKU-00066,Lamb Chops 500g,BR-A,181.34,2026-01-10
SKU-00066,Lamb Chops 500g,BR-B,109.71,2026-01-10
SKU-00066,Lamb Chops 500g,BR-C,179.78,2026-01-10
SKU-00066,Lamb Chops 500g,BR-D,260.17,2026-01-10
SKU-00066,Lamb Chops 500g,BR-E,257.52,2026-01-10
SKU-00067,Sausages 400g,BR-A,86.98,2026-01-10
SKU-00067,Sausages 400g,BR-B,55.53,2026-01-10
SKU-00067,Sausages 400g,BR-C,88.75,2026-01-10
SKU-00067,Sausages 400g,BR-D,51.63,2026-01-10
SKU-00067,Sausages 400g,BR-E,81.2,2026-01-10
SKU-00068,Bacon 200g,BR-A,17.01,2026-01-10
SKU-00068,Bacon 200g,BR-B,17.74,2026-01-10
SKU-00068,Bacon 200g,BR-C,11.57,2026-01-10
SKU-00068,Bacon 200g,BR-D,17.7,2026-01-10
SKU-00068,Bacon 200g,BR-E,21.45,2026-01-10
SKU-00069,Fish Fillet 500g,BR-A,50.6,2026-01-10
SKU-00069,Fish Fillet 500g,BR-B,89.07,2026-01-10
SKU-00069,Fish Fillet 500g,BR-C,87.42,2026-01-10
SKU-00069,Fish Fillet 500g,BR-D,50.92,2026-01-10
SKU-00069,Fish Fillet 500g,BR-E,47.53,2026-01-10
SKU-00070,دجاج كامل,BR-A,58.32,2026-01-10
SKU-00070,دجاج كامل,BR-B,101.68,2026-01-10
SKU-00070,دجاج كامل,BR-C,40.98,2026-01-10
SKU-00070,دجاج كامل,BR-D,63.2,2026-01-10
SKU-00070,دجاج كامل,BR-E,106.43,2026-01-10
SKU-00071,Rice 5kg,BR-A,39.3,2026-01-10
SKU-00071,Rice 5kg,BR-B,48.83,2026-01-10
SKU-00071,Rice 5kg,BR-C,33.37,2026-01-10
SKU-00071,Rice 5kg,BR-D,77.89,2026-01-10
SKU-00071,Rice 5kg,BR-E,68.48,2026-01-10
SKU-00072,Sugar 1kg,BR-A,325.85,2026-01-10
SKU-00072,Sugar 1kg,BR-B,266.29,2026-01-10
SKU-00072,Sugar 1kg,BR-C,175.99,2026-01-10
SKU-00072,Sugar 1kg,BR-D,329.74,2026-01-10
SKU-00072,Sugar 1kg,BR-E,138.16,2026-01-10
SKU-00073,Pasta 500g,BR-A,170.92,2026-01-10
SKU-00073,Pasta 500g,BR-B,210.62,2026-01-10
SKU-00073,Pasta 500g,BR-C,298.96,2026-01-10
SKU-00073,Pasta 500g,BR-D,298.56,2026-01-10
SKU-00073,Pasta 500g,BR-E,291.98,2026-01-10
SKU-00074,Flour 2kg,BR-A,49.92,2026-01-10
SKU-00074,Flour 2kg,BR-B,90.83,2026-01-10
SKU-00074,Flour 2kg,BR-C,125.49,2026-01-10
SKU-00074,Flour 2kg,BR-D,93.44,2026-01-10
SKU-00074,Flour 2kg,BR-E,80.95,2026-01-10
SKU-00075,Cooking Oil 1L,BR-A,256.71,2026-01-10
SKU-00075,Cooking Oil 1L,BR-B,201.44,2026-01-10
SKU-00075,Cooking Oil 1L,BR-C,212.66,2026-01-10
SKU-00075,Cooking Oil 1L,BR-D,96.59,2026-01-10
SKU-00075,Cooking Oil 1L,BR-E,169.75,2026-01-10
SKU-00076,Canned Beans 400g,BR-A,115.16,2026-01-10
SKU-00076,Canned Beans 400g,BR-B,73.65,2026-01-10
SKU-00076,Canned Beans 400g,BR-C,91.8,2026-01-10
SKU-00076,Canned Beans 400g,BR-D,122.37,2026-01-10
SKU-00076,Canned Beans 400g,BR-E,93.54,2026-01-10
SKU-00077,Canned Tuna 185g,BR-A,359.65,2026-01-10
SKU-00077,Canned Tuna 185g,BR-B,219.37,2026-01-10
SKU-00077,Canned Tuna 185g,BR-C,293.22,2026-01-10
SKU-00077,Canned Tuna 185g,BR-D,297.33,2026-01-10
SKU-00077,Canned Tuna 185g,BR-E,177.55,2026-01-10
SKU-00078,Salt 1kg,BR-A,91.18,2026-01-10
SKU-00078,Salt 1kg,BR-B,95.23,2026-01-10
SKU-00078,Salt 1kg,BR-C,154.7,2026-01-10
SKU-00078,Salt 1kg,BR-D,82.38,2026-01-10
SKU-00078,Salt 1kg,BR-E,72.97,2026-01-10
SKU-00079,Soy Sauce 250ml,BR-A,53.69,2026-01-10
SKU-00079,Soy Sauce 250ml,BR-B,112.33,2026-01-10
SKU-00079,Soy Sauce 250ml,BR-C,61.8,2026-01-10
SKU-00079,Soy Sauce 250ml,BR-D,102.34,2026-01-10
SKU-00079,Soy Sauce 250ml,BR-E,76.78,2026-01-10
SKU-00080,زيت زيتون 1 لتر,BR-A,72.18,2026-01-10
SKU-00080,زيت زيتون 1 لتر,BR-B,40.86,2026-01-10
SKU-00080,زيت زيتون 1 لتر,BR-C,90.23,2026-01-10
SKU-00080,زيت زيتون 1 لتر,BR-D,66.99,2026-01-10
SKU-00080,زيت زيتون 1 لتر,BR-E,40.11,2026-01-10
SKU-00081,Item-00081,BR-A,139.86,2026-01-10
SKU-00081,Item-00081,BR-B,127.11,2026-01-10
SKU-00081,Item-00081,BR-C,113.53,2026-01-10
SKU-00081,Item-00081,BR-D,167.53,2026-01-10
SKU-00081,Item-00081,BR-E,126.16,2026-01-10
SKU-00082,Item-00082,BR-A,84.98,2026-01-10
SKU-00082,Item-00082,BR-B,178.6,2026-01-10
SKU-00082,Item-00082,BR-C,96.19,2026-01-10
SKU-00082,Item-00082,BR-D,181.5,2026-01-10
SKU-00082,Item-00082,BR-E,92.55,2026-01-10
SKU-00083,Item-00083,BR-A,241.76,2026-01-10
SKU-00083,Item-00083,BR-B,238.82,2026-01-10
SKU-00083,Item-00083,BR-C,204.92,2026-01-10
SKU-00083,Item-00083,BR-D,266.33,2026-01-10
SKU-00083,Item-00083,BR-E,246.42,2026-01-10
SKU-00084,Item-00084,BR-A,45.1,2026-01-10
SKU-00084,Item-00084,BR-B,53.93,2026-01-10
SKU-00084,Item-00084,BR-C,101.89,2026-01-10
SKU-00084,Item-00084,BR-D,49.95,2026-01-10
SKU-00084,Item-00084,BR-E,67.82,2026-01-10
SKU-00085,Item-00085,BR-A,64.68,2026-01-10
SKU-00085,Item-00085,BR-B,88.48,2026-01-10
SKU-00085,Item-00085,BR-C,82.45,2026-01-10
SKU-00085,Item-00085,BR-D,88.81,2026-01-10
SKU-00085,Item-00085,BR-E,59.29,2026-01-10
SKU-00086,Item-00086,BR-A,104.05,2026-01-10
SKU-00086,Item-00086,BR-B,139.1,2026-01-10
SKU-00086,Item-00086,BR-C,107.53,2026-01-10
SKU-00086,Item-00086,BR-D,97.57,2026-01-10
SKU-00086,Item-00086,BR-E,167.98,2026-01-10
SKU-00087,Item-00087,BR-A,31.22,2026-01-10
SKU-00087,Item-00087,BR-B,27.64,2026-01-10
SKU-00087,Item-00087,BR-C,32.93,2026-01-10
SKU-00087,Item-00087,BR-D,40.52,2026-01-10
SKU-00087,Item-00087,BR-E,50.6,2026-01-10
SKU-00088,Item-00088,BR-A,106.36,2026-01-10
SKU-00088,Item-00088,BR-B,132.25,2026-01-10
SKU-00088,Item-00088,BR-C,176.81,2026-01-10
SKU-00088,Item-00088,BR-D,156.59,2026-01-10
SKU-00088,Item-00088,BR-E,84.67,2026-01-10
SKU-00089,Item-00089,BR-A,119.78,2026-01-10
SKU-00089,Item-00089,BR-B,95.64,2026-01-10
SKU-00089,Item-00089,BR-C,147.34,2026-01-10
SKU-00089,Item-00089,BR-D,98.42,2026-01-10
SKU-00089,Item-00089,BR-E,149.14,2026-01-10
SKU-00090,Item-00090,BR-A,115.02,2026-01-10
SKU-00090,Item-00090,BR-B,45.73,2026-01-10
SKU-00090,Item-00090,BR-C,82.23,2026-01-10
SKU-00090,Item-00090,BR-D,109.88,2026-01-10
SKU-00090,Item-00090,BR-E,100.73,2026-01-10
SKU-00091,Item-00091,BR-A,153.04,2026-01-10
SKU-00091,Item-00091,BR-B,150.61,2026-01-10
SKU-00091,Item-00091,BR-C,64.96,2026-01-10
SKU-00091,Item-00091,BR-D,135.42,2026-01-10
SKU-00091,Item-00091,BR-E,86.95,2026-01-10
SKU-00092,Item-00092,BR-A,216.22,2026-01-10
SKU-00092,Item-00092,BR-B,229.18,2026-01-10
SKU-00092,Item-00092,BR-C,187.0,2026-01-10
SKU-00092,Item-00092,BR-D,213.41,2026-01-10
SKU-00092,Item-00092,BR-E,187.72,2026-01-10
SKU-00093,Item-00093,BR-A,128.5,2026-01-10
SKU-00093,Item-00093,BR-B,178.24,2026-01-10
SKU-00093,Item-00093,BR-C,179.74,2026-01-10
SKU-00093,Item-00093,BR-D,205.71,2026-01-10
SKU-00093,Item-00093,BR-E,89.81,2026-01-10
SKU-00094,Item-00094,BR-A,126.9,2026-01-10
SKU-00094,Item-00094,BR-B,105.54,2026-01-10
SKU-00094,Item-00094,BR-C,166.57,2026-01-10
SKU-00094,Item-00094,BR-D,149.55,2026-01-10
SKU-00094,Item-00094,BR-E,196.05,2026-01-10
SKU-00095,Item-00095,BR-A,132.94,2026-01-10
SKU-00095,Item-00095,BR-B,223.29,2026-01-10
SKU-00095,Item-00095,BR-C,99.7,2026-01-10
SKU-00095,Item-00095,BR-D,136.04,2026-01-10
SKU-00095,Item-00095,BR-E,188.45,2026-01-10
SKU-00096,Item-00096,BR-A,21.18,2026-01-10
SKU-00096,Item-00096,BR-B,16.85,2026-01-10
SKU-00096,Item-00096,BR-C,25.84,2026-01-10
SKU-00096,Item-00096,BR-D,27.59,2026-01-10
SKU-00096,Item-00096,BR-E,24.89,2026-01-10
SKU-00097,Item-00097,BR-A,25.7,2026-01-10
SKU-00097,Item-00097,BR-B,31.56,2026-01-10
SKU-00097,Item-00097,BR-C,32.01,2026-01-10
SKU-00097,Item-00097,BR-D,29.6,2026-01-10
SKU-00097,Item-00097,BR-E,46.02,2026-01-10
SKU-00098,Item-00098,BR-A,173.47,2026-01-10
SKU-00098,Item-00098,BR-B,107.97,2026-01-10
SKU-00098,Item-00098,BR-C,173.92,2026-01-10
SKU-00098,Item-00098,BR-D,181.03,2026-01-10
SKU-00098,Item-00098,BR-E,101.8,2026-01-10
SKU-00099,Item-00099,BR-A,110.48,2026-01-10
SKU-00099,Item-00099,BR-B,240.77,2026-01-10
SKU-00099,Item-00099,BR-C,270.39,2026-01-10
SKU-00099,Item-00099,BR-D,118.77,2026-01-10
SKU-00099,Item-00099,BR-E,222.25,2026-01-10
SKU-00100,Item-00100,BR-A,81.15,2026-01-10
SKU-00100,Item-00100,BR-B,55.13,2026-01-10
SKU-00100,Item-00100,BR-C,109.3,2026-01-10
SKU-00100,Item-00100,BR-D,66.49,2026-01-10
SKU-00100,Item-00100,BR-E,141.03,2026-01-10
SKU-00101,Item-00101,BR-A,191.61,2026-01-10
SKU-00101,Item-00101,BR-B,192.58,2026-01-10
SKU-00101,Item-00101,BR-C,260.03,2026-01-10
SKU-00101,Item-00101,BR-D,101.7,2026-01-10
SKU-00101,Item-00101,BR-E,217.85,2026-01-10
SKU-00102,Item-00102,BR-A,193.96,2026-01-10
SKU-00102,Item-00102,BR-B,112.27,2026-01-10
SKU-00102,Item-00102,BR-C,110.97,2026-01-10
SKU-00102,Item-00102,BR-D,188.88,2026-01-10
SKU-00102,Item-00102,BR-E,144.52,2026-01-10
SKU-00103,Item-00103,BR-A,147.55,2026-01-10
SKU-00103,Item-00103,BR-B,157.03,2026-01-10
SKU-00103,Item-00103,BR-C,120.07,2026-01-10
SKU-00103,Item-00103,BR-D,109.37,2026-01-10
SKU-00103,Item-00103,BR-E,120.97,2026-01-10
SKU-00104,Item-00104,BR-A,85.65,2026-01-10
SKU-00104,Item-00104,BR-B,58.04,2026-01-10
SKU-00104,Item-00104,BR-C,49.05,2026-01-10
SKU-00104,Item-00104,BR-D,89.55,2026-01-10
SKU-00104,Item-00104,BR-E,54.68,2026-01-10
SKU-00105,Item-00105,BR-A,99.6,2026-01-10
SKU-00105,Item-00105,BR-B,62.91,2026-01-10
SKU-00105,Item-00105,BR-C,134.28,2026-01-10
SKU-00105,Item-00105,BR-D,103.66,2026-01-10
SKU-00105,Item-00105,BR-E,71.84,2026-01-10
SKU-00106,Item-00106,BR-A,270.08,2026-01-10
SKU-00106,Item-00106,BR-B,159.18,2026-01-10
SKU-00106,Item-00106,BR-C,242.76,2026-01-10
SKU-00106,Item-00106,BR-D,185.04,2026-01-10
SKU-00106,Item-00106,BR-E,149.57,2026-01-10
SKU-00107,Item-00107,BR-A,83.64,2026-01-10
SKU-00107,Item-00107,BR-B,131.25,2026-01-10
SKU-00107,Item-00107,BR-C,147.8,2026-01-10
SKU-00107,Item-00107,BR-D,109.78,2026-01-10
SKU-00107,Item-00107,BR-E,65.69,2026-01-10
SKU-00108,Item-00108,BR-A,155.62,2026-01-10
SKU-00108,Item-00108,BR-B,233.32,2026-01-10
SKU-00108,Item-00108,BR-C,272.42,2026-01-10
SKU-00108,Item-00108,BR-D,148.81,2026-01-10
SKU-00108,Item-00108,BR-E,149.5,2026-01-10
SKU-00109,Item-00109,BR-A,43.1,2026-01-10
SKU-00109,Item-00109,BR-B,52.26,2026-01-10
SKU-00109,Item-00109,BR-C,32.92,2026-01-10
SKU-00109,Item-00109,BR-D,27.55,2026-01-10
SKU-00109,Item-00109,BR-E,54.6,2026-01-10
SKU-00110,Item-00110,BR-A,215.84,2026-01-10
SKU-00110,Item-00110,BR-B,194.69,2026-01-10
SKU-00110,Item-00110,BR-C,152.21,2026-01-10
SKU-00110,Item-00110,BR-D,152.64,2026-01-10
SKU-00110,Item-00110,BR-E,128.77,2026-01-10
SKU-00111,Item-00111,BR-A,28.89,2026-01-10
SKU-00111,Item-00111,BR-B,28.06,2026-01-10
SKU-00111,Item-00111,BR-C,26.38,2026-01-10
SKU-00111,Item-00111,BR-D,18.99,2026-01-10
SKU-00111,Item-00111,BR-E,19.16,2026-01-10
SKU-00112,Item-00112,BR-A,224.73,2026-01-10
SKU-00112,Item-00112,BR-B,181.58,2026-01-10
SKU-00112,Item-00112,BR-C,195.76,2026-01-10
SKU-00112,Item-00112,BR-D,109.99,2026-01-10
SKU-00112,Item-00112,BR-E,164.98,2026-01-10
SKU-00113,Item-00113,BR-A,155.31,2026-01-10
SKU-00113,Item-00113,BR-B,128.24,2026-01-10
SKU-00113,Item-00113,BR-C,142.14,2026-01-10
SKU-00113,Item-00113,BR-D,82.73,2026-01-10
SKU-00113,Item-00113,BR-E,226.62,2026-01-10
SKU-00114,Item-00114,BR-A,123.09,2026-01-10
SKU-00114,Item-00114,BR-B,175.41,2026-01-10
SKU-00114,Item-00114,BR-C,179.25,2026-01-10
SKU-00114,Item-00114,BR-D,110.25,2026-01-10
SKU-00114,Item-00114,BR-E,125.0,2026-01-10
SKU-00115,Item-00115,BR-A,35.0,2026-01-10
SKU-00115,Item-00115,BR-B,29.63,2026-01-10
SKU-00115,Item-00115,BR-C,49.76,2026-01-10
SKU-00115,Item-00115,BR-D,24.58,2026-01-10
SKU-00115,Item-00115,BR-E,34.07,2026-01-10
SKU-00116,Item-00116,BR-A,249.01,2026-01-10
SKU-00116,Item-00116,BR-B,94.58,2026-01-10
SKU-00116,Item-00116,BR-C,125.4,2026-01-10
SKU-00116,Item-00116,BR-D,228.25,2026-01-10
SKU-00116,Item-00116,BR-E,102.57,2026-01-10
SKU-00117,Item-00117,BR-A,196.23,2026-01-10
SKU-00117,Item-00117,BR-B,106.48,2026-01-10
SKU-00117,Item-00117,BR-C,171.85,2026-01-10
SKU-00117,Item-00117,BR-D,138.83,2026-01-10
SKU-00117,Item-00117,BR-E,102.18,2026-01-10
SKU-00118,Item-00118,BR-A,145.19,2026-01-10
SKU-00118,Item-00118,BR-B,180.49,2026-01-10
SKU-00118,Item-00118,BR-C,173.88,2026-01-10
SKU-00118,Item-00118,BR-D,93.16,2026-01-10
SKU-00118,Item-00118,BR-E,153.46,2026-01-10
SKU-00119,Item-00119,BR-A,88.62,2026-01-10
SKU-00119,Item-00119,BR-B,134.77,2026-01-10
SKU-00119,Item-00119,BR-C,124.07,2026-01-10
SKU-00119,Item-00119,BR-D,137.13,2026-01-10
SKU-00119,Item-00119,BR-E,84.13,2026-01-10
SKU-00120,Item-00120,BR-A,129.54,2026-01-10
SKU-00120,Item-00120,BR-B,154.13,2026-01-10
SKU-00120,Item-00120,BR-C,119.08,2026-01-10
SKU-00120,Item-00120,BR-D,152.12,2026-01-10
SKU-00120,Item-00120,BR-E,167.86,2026-01-10
SKU-00121,Item-00121,BR-A,85.94,2026-01-10
SKU-00121,Item-00121,BR-B,70.43,2026-01-10
SKU-00121,Item-00121,BR-C,109.36,2026-01-10
SKU-00121,Item-00121,BR-D,132.05,2026-01-10
SKU-00121,Item-00121,BR-E,111.31,2026-01-10
SKU-00122,Item-00122,BR-A,81.54,2026-01-10
SKU-00122,Item-00122,BR-B,57.34,2026-01-10
SKU-00122,Item-00122,BR-C,121.81,2026-01-10
SKU-00122,Item-00122,BR-D,111.23,2026-01-10
SKU-00122,Item-00122,BR-E,137.67,2026-01-10
SKU-00123,Item-00123,BR-A,47.08,2026-01-10
SKU-00123,Item-00123,BR-B,27.75,2026-01-10
SKU-00123,Item-00123,BR-C,59.02,2026-01-10
SKU-00123,Item-00123,BR-D,30.96,2026-01-10
SKU-00123,Item-00123,BR-E,68.89,2026-01-10
SKU-00124,Item-00124,BR-A,4.9,2026-01-10
SKU-00124,Item-00124,BR-B,9.37,2026-01-10
SKU-00124,Item-00124,BR-C,8.43,2026-01-10
SKU-00124,Item-00124,BR-D,8.83,2026-01-10
SKU-00124,Item-00124,BR-E,7.43,2026-01-10
SKU-00125,Item-00125,BR-A,71.9,2026-01-10
SKU-00125,Item-00125,BR-B,70.57,2026-01-10
SKU-00125,Item-00125,BR-C,66.31,2026-01-10
SKU-00125,Item-00125,BR-D,45.12,2026-01-10
SKU-00125,Item-00125,BR-E,36.04,2026-01-10
SKU-00126,Item-00126,BR-A,4.63,2026-01-10
SKU-00126,Item-00126,BR-B,7.59,2026-01-10
SKU-00126,Item-00126,BR-C,5.82,2026-01-10
SKU-00126,Item-00126,BR-D,3.91,2026-01-10
SKU-00126,Item-00126,BR-E,4.59,2026-01-10
SKU-00127,Item-00127,BR-A,54.66,2026-01-10
SKU-00127,Item-00127,BR-B,38.28,2026-01-10
SKU-00127,Item-00127,BR-C,57.68,2026-01-10
SKU-00127,Item-00127,BR-D,47.64,2026-01-10
SKU-00127,Item-00127,BR-E,51.78,2026-01-10
SKU-00128,Item-00128,BR-A,91.74,2026-01-10
SKU-00128,Item-00128,BR-B,206.09,2026-01-10
SKU-00128,Item-00128,BR-C,98.85,2026-01-10
SKU-00128,Item-00128,BR-D,121.82,2026-01-10
SKU-00128,Item-00128,BR-E,131.44,2026-01-10
SKU-00129,Item-00129,BR-A,131.26,2026-01-10
SKU-00129,Item-00129,BR-B,103.89,2026-01-10
SKU-00129,Item-00129,BR-C,103.46,2026-01-10
SKU-00129,Item-00129,BR-D,129.72,2026-01-10
SKU-00129,Item-00129,BR-E,110.41,2026-01-10
SKU-00130,Item-00130,BR-A,103.09,2026-01-10
SKU-00130,Item-00130,BR-B,71.7,2026-01-10
SKU-00130,Item-00130,BR-C,155.51,2026-01-10
SKU-00130,Item-00130,BR-D,145.14,2026-01-10
SKU-00130,Item-00130,BR-E,92.5,2026-01-10
SKU-00131,Item-00131,BR-A,122.18,2026-01-10
SKU-00131,Item-00131,BR-B,103.88,2026-01-10
SKU-00131,Item-00131,BR-C,83.49,2026-01-10
SKU-00131,Item-00131,BR-D,77.9,2026-01-10
SKU-00131,Item-00131,BR-E,145.06,2026-01-10
SKU-00132,Item-00132,BR-A,61.81,2026-01-10
SKU-00132,Item-00132,BR-B,57.46,2026-01-10
SKU-00132,Item-00132,BR-C,51.19,2026-01-10
SKU-00132,Item-00132,BR-D,66.64,2026-01-10
SKU-00132,Item-00132,BR-E,33.79,2026-01-10
SKU-00133,Item-00133,BR-A,174.66,2026-01-10
SKU-00133,Item-00133,BR-B,221.35,2026-01-10
SKU-00133,Item-00133,BR-C,130.93,2026-01-10
SKU-00133,Item-00133,BR-D,91.51,2026-01-10
SKU-00133,Item-00133,BR-E,222.61,2026-01-10
SKU-00134,Item-00134,BR-A,32.08,2026-01-10
SKU-00134,Item-00134,BR-B,18.91,2026-01-10
SKU-00134,Item-00134,BR-C,28.6,2026-01-10
SKU-00134,Item-00134,BR-D,29.75,2026-01-10
SKU-00134,Item-00134,BR-E,32.37,2026-01-10
SKU-00135,Item-00135,BR-A,102.73,2026-01-10
SKU-00135,Item-00135,BR-B,71.53,2026-01-10
SKU-00135,Item-00135,BR-C,82.79,2026-01-10
SKU-00135,Item-00135,BR-D,81.1,2026-01-10
SKU-00135,Item-00135,BR-E,51.95,2026-01-10
SKU-00136,Item-00136,BR-A,65.6,2026-01-10
SKU-00136,Item-00136,BR-B,94.32,2026-01-10
SKU-00136,Item-00136,BR-C,72.26,2026-01-10
SKU-00136,Item-00136,BR-D,137.16,2026-01-10
SKU-00136,Item-00136,BR-E,65.05,2026-01-10
SKU-00137,Item-00137,BR-A,167.0,2026-01-10
SKU-00137,Item-00137,BR-B,186.43,2026-01-10
SKU-00137,Item-00137,BR-C,157.82,2026-01-10
SKU-00137,Item-00137,BR-D,77.6,2026-01-10
SKU-00137,Item-00137,BR-E,103.0,2026-01-10
SKU-00138,Item-00138,BR-A,11.15,2026-01-10
SKU-00138,Item-00138,BR-B,17.23,2026-01-10
SKU-00138,Item-00138,BR-C,12.22,2026-01-10
SKU-00138,Item-00138,BR-D,23.67,2026-01-10
SKU-00138,Item-00138,BR-E,9.34,2026-01-10
SKU-00139,Item-00139,BR-A,181.28,2026-01-10
SKU-00139,Item-00139,BR-B,120.26,2026-01-10
SKU-00139,Item-00139,BR-C,209.76,2026-01-10
SKU-00139,Item-00139,BR-D,165.5,2026-01-10
SKU-00139,Item-00139,BR-E,130.52,2026-01-10
SKU-00140,Item-00140,BR-A,38.66,2026-01-10
SKU-00140,Item-00140,BR-B,43.01,2026-01-10
SKU-00140,Item-00140,BR-C,61.69,2026-01-10
SKU-00140,Item-00140,BR-D,58.85,2026-01-10
SKU-00140,Item-00140,BR-E,54.76,2026-01-10
SKU-00141,Item-00141,BR-A,151.84,2026-01-10
SKU-00141,Item-00141,BR-B,58.23,2026-01-10
SKU-00141,Item-00141,BR-C,128.79,2026-01-10
SKU-00141,Item-00141,BR-D,92.5,2026-01-10
SKU-00141,Item-00141,BR-E,91.4,2026-01-10
SKU-00142,Item-00142,BR-A,52.61,2026-01-10
SKU-00142,Item-00142,BR-B,116.71,2026-01-10
SKU-00142,Item-00142,BR-C,103.81,2026-01-10
SKU-00142,Item-00142,BR-D,56.22,2026-01-10
SKU-00142,Item-00142,BR-E,78.37,2026-01-10
SKU-00143,Item-00143,BR-A,134.14,2026-01-10
SKU-00143,Item-00143,BR-B,90.55,2026-01-10
SKU-00143,Item-00143,BR-C,89.98,2026-01-10
SKU-00143,Item-00143,BR-D,113.36,2026-01-10
SKU-00143,Item-00143,BR-E,107.14,2026-01-10
SKU-00144,Item-00144,BR-A,65.53,2026-01-10
SKU-00144,Item-00144,BR-B,132.61,2026-01-10
SKU-00144,Item-00144,BR-C,58.68,2026-01-10
SKU-00144,Item-00144,BR-D,48.0,2026-01-10
SKU-00144,Item-00144,BR-E,121.36,2026-01-10
SKU-00145,Item-00145,BR-A,30.02,2026-01-10
SKU-00145,Item-00145,BR-B,34.45,2026-01-10
SKU-00145,Item-00145,BR-C,17.01,2026-01-10
SKU-00145,Item-00145,BR-D,15.68,2026-01-10
SKU-00145,Item-00145,BR-E,29.68,2026-01-10
SKU-00146,Item-00146,BR-A,158.92,2026-01-10
SKU-00146,Item-00146,BR-B,190.49,2026-01-10
SKU-00146,Item-00146,BR-C,215.64,2026-01-10
SKU-00146,Item-00146,BR-D,237.66,2026-01-10
SKU-00146,Item-00146,BR-E,168.78,2026-01-10
SKU-00147,Item-00147,BR-A,182.03,2026-01-10
SKU-00147,Item-00147,BR-B,136.95,2026-01-10
SKU-00147,Item-00147,BR-C,267.4,2026-01-10
SKU-00147,Item-00147,BR-D,172.39,2026-01-10
SKU-00147,Item-00147,BR-E,228.81,2026-01-10
SKU-00148,Item-00148,BR-A,44.11,2026-01-10
SKU-00148,Item-00148,BR-B,20.38,2026-01-10
SKU-00148,Item-00148,BR-C,33.37,2026-01-10
SKU-00148,Item-00148,BR-D,52.26,2026-01-10
SKU-00148,Item-00148,BR-E,45.19,2026-01-10
SKU-00149,Item-00149,BR-A,54.37,2026-01-10
SKU-00149,Item-00149,BR-B,128.67,2026-01-10
SKU-00149,Item-00149,BR-C,51.99,2026-01-10
SKU-00149,Item-00149,BR-D,105.24,2026-01-10
SKU-00149,Item-00149,BR-E,56.68,2026-01-10
SKU-00150,Item-00150,BR-A,161.75,2026-01-10
SKU-00150,Item-00150,BR-B,101.09,2026-01-10
SKU-00150,Item-00150,BR-C,203.37,2026-01-10
SKU-00150,Item-00150,BR-D,124.89,2026-01-10
SKU-00150,Item-00150,BR-E,183.8,2026-01-10
SKU-00151,Item-00151,BR-A,64.31,2026-01-10
SKU-00151,Item-00151,BR-B,89.18,2026-01-10
SKU-00151,Item-00151,BR-C,47.56,2026-01-10
SKU-00151,Item-00151,BR-D,103.98,2026-01-10
SKU-00151,Item-00151,BR-E,89.95,2026-01-10
SKU-00152,Item-00152,BR-A,72.59,2026-01-10
SKU-00152,Item-00152,BR-B,45.64,2026-01-10
SKU-00152,Item-00152,BR-C,32.33,2026-01-10
SKU-00152,Item-00152,BR-D,78.42,2026-01-10
SKU-00152,Item-00152,BR-E,44.16,2026-01-10
SKU-00153,Item-00153,BR-A,70.85,2026-01-10
SKU-00153,Item-00153,BR-B,82.13,2026-01-10
SKU-00153,Item-00153,BR-C,59.05,2026-01-10
SKU-00153,Item-00153,BR-D,75.71,2026-01-10
SKU-00153,Item-00153,BR-E,60.99,2026-01-10
SKU-00154,Item-00154,BR-A,126.02,2026-01-10
SKU-00154,Item-00154,BR-B,125.01,2026-01-10
SKU-00154,Item-00154,BR-C,118.62,2026-01-10
SKU-00154,Item-00154,BR-D,190.95,2026-01-10
SKU-00154,Item-00154,BR-E,179.98,2026-01-10
SKU-00155,Item-00155,BR-A,32.47,2026-01-10
SKU-00155,Item-00155,BR-B,23.42,2026-01-10
SKU-00155,Item-00155,BR-C,46.33,2026-01-10
SKU-00155,Item-00155,BR-D,26.28,2026-01-10
SKU-00155,Item-00155,BR-E,31.64,2026-01-10
SKU-00156,Item-00156,BR-A,61.12,2026-01-10
SKU-00156,Item-00156,BR-B,54.64,2026-01-10
SKU-00156,Item-00156,BR-C,40.74,2026-01-10
SKU-00156,Item-00156,BR-D,63.04,2026-01-10
SKU-00156,Item-00156,BR-E,61.34,2026-01-10
SKU-00157,Item-00157,BR-A,107.89,2026-01-10
SKU-00157,Item-00157,BR-B,171.07,2026-01-10
SKU-00157,Item-00157,BR-C,91.72,2026-01-10
SKU-00157,Item-00157,BR-D,108.81,2026-01-10
SKU-00157,Item-00157,BR-E,69.8,2026-01-10
SKU-00158,Item-00158,BR-A,17.35,2026-01-10
SKU-00158,Item-00158,BR-B,12.57,2026-01-10
SKU-00158,Item-00158,BR-C,17.68,2026-01-10
SKU-00158,Item-00158,BR-D,18.47,2026-01-10
SKU-00158,Item-00158,BR-E,11.66,2026-01-10
SKU-00159,Item-00159,BR-A,15.73,2026-01-10
SKU-00159,Item-00159,BR-B,11.2,2026-01-10
SKU-00159,Item-00159,BR-C,16.68,2026-01-10
SKU-00159,Item-00159,BR-D,19.39,2026-01-10
SKU-00159,Item-00159,BR-E,18.05,2026-01-10
SKU-00160,Item-00160,BR-A,128.66,2026-01-10
SKU-00160,Item-00160,BR-B,137.67,2026-01-10
SKU-00160,Item-00160,BR-C,124.62,2026-01-10
SKU-00160,Item-00160,BR-D,138.02,2026-01-10
SKU-00160,Item-00160,BR-E,113.63,2026-01-10
SKU-00161,Item-00161,BR-A,20.9,2026-01-10
SKU-00161,Item-00161,BR-B,38.59,2026-01-10
SKU-00161,Item-00161,BR-C,42.23,2026-01-10
SKU-00161,Item-00161,BR-D,32.77,2026-01-10
SKU-00161,Item-00161,BR-E,38.26,2026-01-10
SKU-00162,Item-00162,BR-A,22.29,2026-01-10
SKU-00162,Item-00162,BR-B,16.42,2026-01-10
SKU-00162,Item-00162,BR-C,16.39,2026-01-10
SKU-00162,Item-00162,BR-D,27.04,2026-01-10
SKU-00162,Item-00162,BR-E,21.85,2026-01-10
SKU-00163,Item-00163,BR-A,22.8,2026-01-10
SKU-00163,Item-00163,BR-B,12.7,2026-01-10
SKU-00163,Item-00163,BR-C,23.19,2026-01-10
SKU-00163,Item-00163,BR-D,22.37,2026-01-10
SKU-00163,Item-00163,BR-E,16.6,2026-01-10
SKU-00164,Item-00164,BR-A,100.4,2026-01-10
SKU-00164,Item-00164,BR-B,89.14,2026-01-10
SKU-00164,Item-00164,BR-C,101.19,2026-01-10
SKU-00164,Item-00164,BR-D,150.14,2026-01-10
SKU-00164,Item-00164,BR-E,190.4,2026-01-10
SKU-00165,Item-00165,BR-A,51.91,2026-01-10
SKU-00165,Item-00165,BR-B,51.86,2026-01-10
SKU-00165,Item-00165,BR-C,101.97,2026-01-10
SKU-00165,Item-00165,BR-D,91.19,2026-01-10
SKU-00165,Item-00165,BR-E,119.49,2026-01-10
SKU-00166,Item-00166,BR-A,122.79,2026-01-10
SKU-00166,Item-00166,BR-B,136.22,2026-01-10
SKU-00166,Item-00166,BR-C,137.32,2026-01-10
SKU-00166,Item-00166,BR-D,165.92,2026-01-10
SKU-00166,Item-00166,BR-E,99.41,2026-01-10
SKU-00167,Item-00167,BR-A,101.03,2026-01-10
SKU-00167,Item-00167,BR-B,179.79,2026-01-10
SKU-00167,Item-00167,BR-C,93.66,2026-01-10
SKU-00167,Item-00167,BR-D,67.79,2026-01-10
SKU-00167,Item-00167,BR-E,151.32,2026-01-10
SKU-00168,Item-00168,BR-A,93.34,2026-01-10
SKU-00168,Item-00168,BR-B,128.04,2026-01-10
SKU-00168,Item-00168,BR-C,165.71,2026-01-10
SKU-00168,Item-00168,BR-D,197.61,2026-01-10
SKU-00168,Item-00168,BR-E,183.1,2026-01-10
SKU-00169,Item-00169,BR-A,43.5,2026-01-10
SKU-00169,Item-00169,BR-B,47.08,2026-01-10
SKU-00169,Item-00169,BR-C,72.72,2026-01-10
SKU-00169,Item-00169,BR-D,68.82,2026-01-10
SKU-00169,Item-00169,BR-E,93.56,2026-01-10
SKU-00170,Item-00170,BR-A,63.39,2026-01-10
SKU-00170,Item-00170,BR-B,35.98,2026-01-10
SKU-00170,Item-00170,BR-C,58.57,2026-01-10
SKU-00170,Item-00170,BR-D,62.96,2026-01-10
SKU-00170,Item-00170,BR-E,30.03,2026-01-10
SKU-00171,Item-00171,BR-A,46.37,2026-01-10
SKU-00171,Item-00171,BR-B,49.51,2026-01-10
SKU-00171,Item-00171,BR-C,51.63,2026-01-10
SKU-00171,Item-00171,BR-D,51.02,2026-01-10
SKU-00171,Item-00171,BR-E,68.63,2026-01-10
SKU-00172,Item-00172,BR-A,37.89,2026-01-10
SKU-00172,Item-00172,BR-B,30.73,2026-01-10
SKU-00172,Item-00172,BR-C,41.77,2026-01-10
SKU-00172,Item-00172,BR-D,19.26,2026-01-10
SKU-00172,Item-00172,BR-E,28.53,2026-01-10
SKU-00173,Item-00173,BR-A,107.82,2026-01-10
SKU-00173,Item-00173,BR-B,108.36,2026-01-10
SKU-00173,Item-00173,BR-C,54.42,2026-01-10
SKU-00173,Item-00173,BR-D,109.12,2026-01-10
SKU-00173,Item-00173,BR-E,137.89,2026-01-10
SKU-00174,Item-00174,BR-A,4.74,2026-01-10
SKU-00174,Item-00174,BR-B,5.3,2026-01-10
SKU-00174,Item-00174,BR-C,3.36,2026-01-10
SKU-00174,Item-00174,BR-D,7.07,2026-01-10
SKU-00174,Item-00174,BR-E,8.73,2026-01-10
SKU-00175,Item-00175,BR-A,13.25,2026-01-10
SKU-00175,Item-00175,BR-B,22.64,2026-01-10
SKU-00175,Item-00175,BR-C,19.99,2026-01-10
SKU-00175,Item-00175,BR-D,16.3,2026-01-10
SKU-00175,Item-00175,BR-E,15.15,2026-01-10
SKU-00176,Item-00176,BR-A,129.4,2026-01-10
SKU-00176,Item-00176,BR-B,112.03,2026-01-10
SKU-00176,Item-00176,BR-C,108.16,2026-01-10
SKU-00176,Item-00176,BR-D,141.7,2026-01-10
SKU-00176,Item-00176,BR-E,81.45,2026-01-10
SKU-00177,Item-00177,BR-A,102.61,2026-01-10
SKU-00177,Item-00177,BR-B,221.98,2026-01-10
SKU-00177,Item-00177,BR-C,192.06,2026-01-10
SKU-00177,Item-00177,BR-D,223.3,2026-01-10
SKU-00177,Item-00177,BR-E,211.78,2026-01-10
SKU-00178,Item-00178,BR-A,190.19,2026-01-10
SKU-00178,Item-00178,BR-B,229.65,2026-01-10
SKU-00178,Item-00178,BR-C,125.77,2026-01-10
SKU-00178,Item-00178,BR-D,209.27,2026-01-10
SKU-00178,Item-00178,BR-E,134.14,2026-01-10
SKU-00179,Item-00179,BR-A,31.65,2026-01-10
SKU-00179,Item-00179,BR-B,67.67,2026-01-10
SKU-00179,Item-00179,BR-C,85.03,2026-01-10
SKU-00179,Item-00179,BR-D,40.43,2026-01-10
SKU-00179,Item-00179,BR-E,54.48,2026-01-10
SKU-00180,Item-00180,BR-A,107.4,2026-01-10
SKU-00180,Item-00180,BR-B,224.98,2026-01-10
SKU-00180,Item-00180,BR-C,97.61,2026-01-10
SKU-00180,Item-00180,BR-D,231.62,2026-01-10
SKU-00180,Item-00180,BR-E,156.04,2026-01-10
SKU-00181,Item-00181,BR-A,111.43,2026-01-10
SKU-00181,Item-00181,BR-B,81.02,2026-01-10
SKU-00181,Item-00181,BR-C,76.98,2026-01-10
SKU-00181,Item-00181,BR-D,104.0,2026-01-10
SKU-00181,Item-00181,BR-E,173.83,2026-01-10
SKU-00182,Item-00182,BR-A,6.77,2026-01-10
SKU-00182,Item-00182,BR-B,6.52,2026-01-10
SKU-00182,Item-00182,BR-C,5.04,2026-01-10
SKU-00182,Item-00182,BR-D,4.35,2026-01-10
SKU-00182,Item-00182,BR-E,5.53,2026-01-10
SKU-00183,Item-00183,BR-A,89.53,2026-01-10
SKU-00183,Item-00183,BR-B,90.76,2026-01-10
SKU-00183,Item-00183,BR-C,52.6,2026-01-10
SKU-00183,Item-00183,BR-D,78.82,2026-01-10
SKU-00183,Item-00183,BR-E,54.8,2026-01-10
SKU-00184,Item-00184,BR-A,189.16,2026-01-10
SKU-00184,Item-00184,BR-B,117.01,2026-01-10
SKU-00184,Item-00184,BR-C,275.78,2026-01-10
SKU-00184,Item-00184,BR-D,145.4,2026-01-10
SKU-00184,Item-00184,BR-E,177.69,2026-01-10
SKU-00185,Item-00185,BR-A,29.64,2026-01-10
SKU-00185,Item-00185,BR-B,32.18,2026-01-10
SKU-00185,Item-00185,BR-C,57.86,2026-01-10
SKU-00185,Item-00185,BR-D,47.72,2026-01-10
SKU-00185,Item-00185,BR-E,72.19,2026-01-10
SKU-00186,Item-00186,BR-A,138.94,2026-01-10
SKU-00186,Item-00186,BR-B,155.85,2026-01-10
SKU-00186,Item-00186,BR-C,97.82,2026-01-10
SKU-00186,Item-00186,BR-D,178.05,2026-01-10
SKU-00186,Item-00186,BR-E,130.56,2026-01-10
SKU-00187,Item-00187,BR-A,53.28,2026-01-10
SKU-00187,Item-00187,BR-B,49.83,2026-01-10
SKU-00187,Item-00187,BR-C,48.27,2026-01-10
SKU-00187,Item-00187,BR-D,38.7,2026-01-10
SKU-00187,Item-00187,BR-E,79.95,2026-01-10
SKU-00188,Item-00188,BR-A,197.48,2026-01-10
SKU-00188,Item-00188,BR-B,112.62,2026-01-10
SKU-00188,Item-00188,BR-C,184.54,2026-01-10
SKU-00188,Item-00188,BR-D,158.99,2026-01-10
SKU-00188,Item-00188,BR-E,142.57,2026-01-10
SKU-00189,Item-00189,BR-A,112.94,2026-01-10
SKU-00189,Item-00189,BR-B,92.32,2026-01-10
SKU-00189,Item-00189,BR-C,187.63,2026-01-10
SKU-00189,Item-00189,BR-D,100.17,2026-01-10
SKU-00189,Item-00189,BR-E,144.5,2026-01-10
SKU-00190,Item-00190,BR-A,145.77,2026-01-10
SKU-00190,Item-00190,BR-B,154.41,2026-01-10
SKU-00190,Item-00190,BR-C,55.82,2026-01-10
SKU-00190,Item-00190,BR-D,132.04,2026-01-10
SKU-00190,Item-00190,BR-E,138.17,2026-01-10
SKU-00191,Item-00191,BR-A,240.46,2026-01-10
SKU-00191,Item-00191,BR-B,248.71,2026-01-10
SKU-00191,Item-00191,BR-C,224.46,2026-01-10
SKU-00191,Item-00191,BR-D,175.35,2026-01-10
SKU-00191,Item-00191,BR-E,264.83,2026-01-10
SKU-00192,Item-00192,BR-A,20.43,2026-01-10
SKU-00192,Item-00192,BR-B,12.6,2026-01-10
SKU-00192,Item-00192,BR-C,25.05,2026-01-10
SKU-00192,Item-00192,BR-D,29.1,2026-01-10
SKU-00192,Item-00192,BR-E,17.4,2026-01-10
SKU-00193,Item-00193,BR-A,236.21,2026-01-10
SKU-00193,Item-00193,BR-B,170.68,2026-01-10
SKU-00193,Item-00193,BR-C,154.2,2026-01-10
SKU-00193,Item-00193,BR-D,115.58,2026-01-10
SKU-00193,Item-00193,BR-E,216.89,2026-01-10
SKU-00194,Item-00194,BR-A,3.96,2026-01-10
SKU-00194,Item-00194,BR-B,2.67,2026-01-10
SKU-00194,Item-00194,BR-C,5.23,2026-01-10
SKU-00194,Item-00194,BR-D,4.88,2026-01-10
SKU-00194,Item-00194,BR-E,2.59,2026-01-10
SKU-00195,Item-00195,BR-A,144.21,2026-01-10
SKU-00195,Item-00195,BR-B,177.39,2026-01-10
SKU-00195,Item-00195,BR-C,161.56,2026-01-10
SKU-00195,Item-00195,BR-D,94.41,2026-01-10
SKU-00195,Item-00195,BR-E,151.66,2026-01-10
SKU-00196,Item-00196,BR-A,19.18,2026-01-10
SKU-00196,Item-00196,BR-B,45.59,2026-01-10
SKU-00196,Item-00196,BR-C,40.99,2026-01-10
SKU-00196,Item-00196,BR-D,47.46,2026-01-10
SKU-00196,Item-00196,BR-E,35.33,2026-01-10
SKU-00197,Item-00197,BR-A,111.87,2026-01-10
SKU-00197,Item-00197,BR-B,151.21,2026-01-10
SKU-00197,Item-00197,BR-C,148.66,2026-01-10
SKU-00197,Item-00197,BR-D,121.83,2026-01-10
SKU-00197,Item-00197,BR-E,112.11,2026-01-10
SKU-00198,Item-00198,BR-A,153.29,2026-01-10
SKU-00198,Item-00198,BR-B,97.27,2026-01-10
SKU-00198,Item-00198,BR-C,76.84,2026-01-10
SKU-00198,Item-00198,BR-D,89.72,2026-01-10
SKU-00198,Item-00198,BR-E,83.16,2026-01-10
SKU-00199,Item-00199,BR-A,17.0,2026-01-10
SKU-00199,Item-00199,BR-B,14.82,2026-01-10
SKU-00199,Item-00199,BR-C,10.11,2026-01-10
SKU-00199,Item-00199,BR-D,15.69,2026-01-10
SKU-00199,Item-00199,BR-E,10.64,2026-01-10
SKU-00200,Item-00200,BR-A,80.37,2026-01-10
SKU-00200,Item-00200,BR-B,139.74,2026-01-10
SKU-00200,Item-00200,BR-C,99.09,2026-01-10
SKU-00200,Item-00200,BR-D,133.01,2026-01-10
SKU-00200,Item-00200,BR-E,90.6,2026-01-10
SKU-00201,Item-00201,BR-A,120.7,2026-01-10
SKU-00201,Item-00201,BR-B,175.32,2026-01-10
SKU-00201,Item-00201,BR-C,128.02,2026-01-10
SKU-00201,Item-00201,BR-D,119.41,2026-01-10
SKU-00201,Item-00201,BR-E,135.64,2026-01-10
SKU-00202,Item-00202,BR-A,65.51,2026-01-10
SKU-00202,Item-00202,BR-B,67.96,2026-01-10
SKU-00202,Item-00202,BR-C,47.96,2026-01-10
SKU-00202,Item-00202,BR-D,75.32,2026-01-10
SKU-00202,Item-00202,BR-E,117.63,2026-01-10
SKU-00203,Item-00203,BR-A,81.61,2026-01-10
SKU-00203,Item-00203,BR-B,36.65,2026-01-10
SKU-00203,Item-00203,BR-C,75.12,2026-01-10
SKU-00203,Item-00203,BR-D,60.95,2026-01-10
SKU-00203,Item-00203,BR-E,44.4,2026-01-10
SKU-00204,Item-00204,BR-A,202.93,2026-01-10
SKU-00204,Item-00204,BR-B,142.04,2026-01-10
SKU-00204,Item-00204,BR-C,208.85,2026-01-10
SKU-00204,Item-00204,BR-D,236.61,2026-01-10
SKU-00204,Item-00204,BR-E,102.35,2026-01-10
SKU-00205,Item-00205,BR-A,103.64,2026-01-10
SKU-00205,Item-00205,BR-B,84.4,2026-01-10
SKU-00205,Item-00205,BR-C,194.69,2026-01-10
SKU-00205,Item-00205,BR-D,152.95,2026-01-10
SKU-00205,Item-00205,BR-E,174.73,2026-01-10
SKU-00206,Item-00206,BR-A,62.25,2026-01-10
SKU-00206,Item-00206,BR-B,58.55,2026-01-10
SKU-00206,Item-00206,BR-C,98.67,2026-01-10
SKU-00206,Item-00206,BR-D,39.76,2026-01-10
SKU-00206,Item-00206,BR-E,52.17,2026-01-10
SKU-00207,Item-00207,BR-A,147.08,2026-01-10
SKU-00207,Item-00207,BR-B,100.17,2026-01-10
SKU-00207,Item-00207,BR-C,109.76,2026-01-10
SKU-00207,Item-00207,BR-D,221.76,2026-01-10
SKU-00207,Item-00207,BR-E,208.08,2026-01-10
SKU-00208,Item-00208,BR-A,191.89,2026-01-10
SKU-00208,Item-00208,BR-B,203.56,2026-01-10
SKU-00208,Item-00208,BR-C,189.82,2026-01-10
SKU-00208,Item-00208,BR-D,218.21,2026-01-10
SKU-00208,Item-00208,BR-E,283.97,2026-01-10
SKU-00209,Item-00209,BR-A,117.93,2026-01-10
SKU-00209,Item-00209,BR-B,153.2,2026-01-10
SKU-00209,Item-00209,BR-C,190.22,2026-01-10
SKU-00209,Item-00209,BR-D,174.29,2026-01-10
SKU-00209,Item-00209,BR-E,145.71,2026-01-10
SKU-00210,Item-00210,BR-A,244.82,2026-01-10
SKU-00210,Item-00210,BR-B,179.47,2026-01-10
SKU-00210,Item-00210,BR-C,117.96,2026-01-10
SKU-00210,Item-00210,BR-D,91.69,2026-01-10
SKU-00210,Item-00210,BR-E,179.35,2026-01-10
SKU-00211,Item-00211,BR-A,217.61,2026-01-10
SKU-00211,Item-00211,BR-B,237.46,2026-01-10
SKU-00211,Item-00211,BR-C,147.98,2026-01-10
SKU-00211,Item-00211,BR-D,203.38,2026-01-10
SKU-00211,Item-00211,BR-E,243.44,2026-01-10
SKU-00212,Item-00212,BR-A,47.19,2026-01-10
SKU-00212,Item-00212,BR-B,51.38,2026-01-10
SKU-00212,Item-00212,BR-C,31.15,2026-01-10
SKU-00212,Item-00212,BR-D,42.39,2026-01-10
SKU-00212,Item-00212,BR-E,26.66,2026-01-10
SKU-00213,Item-00213,BR-A,181.8,2026-01-10
SKU-00213,Item-00213,BR-B,116.31,2026-01-10
SKU-00213,Item-00213,BR-C,231.56,2026-01-10
SKU-00213,Item-00213,BR-D,148.46,2026-01-10
SKU-00213,Item-00213,BR-E,195.63,2026-01-10
SKU-00214,Item-00214,BR-A,141.3,2026-01-10
SKU-00214,Item-00214,BR-B,170.86,2026-01-10
SKU-00214,Item-00214,BR-C,197.23,2026-01-10
SKU-00214,Item-00214,BR-D,203.57,2026-01-10
SKU-00214,Item-00214,BR-E,110.68,2026-01-10
SKU-00215,Item-00215,BR-A,52.58,2026-01-10
SKU-00215,Item-00215,BR-B,55.9,2026-01-10
SKU-00215,Item-00215,BR-C,80.46,2026-01-10
SKU-00215,Item-00215,BR-D,41.05,2026-01-10
SKU-00215,Item-00215,BR-E,76.13,2026-01-10
SKU-00216,Item-00216,BR-A,75.57,2026-01-10
SKU-00216,Item-00216,BR-B,95.3,2026-01-10
SKU-00216,Item-00216,BR-C,70.99,2026-01-10
SKU-00216,Item-00216,BR-D,55.43,2026-01-10
SKU-00216,Item-00216,BR-E,86.87,2026-01-10
SKU-00217,Item-00217,BR-A,200.82,2026-01-10
SKU-00217,Item-00217,BR-B,198.31,2026-01-10
SKU-00217,Item-00217,BR-C,204.88,2026-01-10
SKU-00217,Item-00217,BR-D,152.84,2026-01-10
SKU-00217,Item-00217,BR-E,255.33,2026-01-10
SKU-00218,Item-00218,BR-A,44.85,2026-01-10
SKU-00218,Item-00218,BR-B,60.13,2026-01-10
SKU-00218,Item-00218,BR-C,54.71,2026-01-10
SKU-00218,Item-00218,BR-D,42.29,2026-01-10
SKU-00218,Item-00218,BR-E,43.63,2026-01-10
SKU-00219,Item-00219,BR-A,58.94,2026-01-10
SKU-00219,Item-00219,BR-B,48.45,2026-01-10
SKU-00219,Item-00219,BR-C,65.06,2026-01-10
SKU-00219,Item-00219,BR-D,63.67,2026-01-10
SKU-00219,Item-00219,BR-E,62.12,2026-01-10
SKU-00220,Item-00220,BR-A,39.6,2026-01-10
SKU-00220,Item-00220,BR-B,54.05,2026-01-10
SKU-00220,Item-00220,BR-C,52.69,2026-01-10
SKU-00220,Item-00220,BR-D,26.15,2026-01-10
SKU-00220,Item-00220,BR-E,44.63,2026-01-10
SKU-00221,Item-00221,BR-A,55.35,2026-01-10
SKU-00221,Item-00221,BR-B,53.81,2026-01-10
SKU-00221,Item-00221,BR-C,101.17,2026-01-10
SKU-00221,Item-00221,BR-D,60.74,2026-01-10
SKU-00221,Item-00221,BR-E,81.06,2026-01-10
SKU-00222,Item-00222,BR-A,167.23,2026-01-10
SKU-00222,Item-00222,BR-B,176.07,2026-01-10
SKU-00222,Item-00222,BR-C,189.04,2026-01-10
SKU-00222,Item-00222,BR-D,256.94,2026-01-10
SKU-00222,Item-00222,BR-E,240.56,2026-01-10
SKU-00223,Item-00223,BR-A,54.4,2026-01-10
SKU-00223,Item-00223,BR-B,86.44,2026-01-10
SKU-00223,Item-00223,BR-C,78.91,2026-01-10
SKU-00223,Item-00223,BR-D,40.77,2026-01-10
SKU-00223,Item-00223,BR-E,95.89,2026-01-10
SKU-00224,Item-00224,BR-A,104.55,2026-01-10
SKU-00224,Item-00224,BR-B,77.68,2026-01-10
SKU-00224,Item-00224,BR-C,109.45,2026-01-10
SKU-00224,Item-00224,BR-D,113.39,2026-01-10
SKU-00224,Item-00224,BR-E,100.66,2026-01-10
SKU-00225,Item-00225,BR-A,78.38,2026-01-10
SKU-00225,Item-00225,BR-B,66.3,2026-01-10
SKU-00225,Item-00225,BR-C,81.29,2026-01-10
SKU-00225,Item-00225,BR-D,73.3,2026-01-10
SKU-00225,Item-00225,BR-E,90.62,2026-01-10
SKU-00226,Item-00226,BR-A,39.6,2026-01-10
SKU-00226,Item-00226,BR-B,29.1,2026-01-10
SKU-00226,Item-00226,BR-C,32.28,2026-01-10
SKU-00226,Item-00226,BR-D,15.84,2026-01-10
SKU-00226,Item-00226,BR-E,34.57,2026-01-10
SKU-00227,Item-00227,BR-A,36.41,2026-01-10
SKU-00227,Item-00227,BR-B,32.36,2026-01-10
SKU-00227,Item-00227,BR-C,28.13,2026-01-10
SKU-00227,Item-00227,BR-D,40.36,2026-01-10
SKU-00227,Item-00227,BR-E,57.98,2026-01-10
SKU-00228,Item-00228,BR-A,15.84,2026-01-10
SKU-00228,Item-00228,BR-B,12.11,2026-01-10
SKU-00228,Item-00228,BR-C,13.0,2026-01-10
SKU-00228,Item-00228,BR-D,6.46,2026-01-10
SKU-00228,Item-00228,BR-E,11.08,2026-01-10
SKU-00229,Item-00229,BR-A,52.36,2026-01-10
SKU-00229,Item-00229,BR-B,73.62,2026-01-10
SKU-00229,Item-00229,BR-C,62.33,2026-01-10
SKU-00229,Item-00229,BR-D,42.19,2026-01-10
SKU-00229,Item-00229,BR-E,72.22,2026-01-10
SKU-00230,Item-00230,BR-A,52.04,2026-01-10
SKU-00230,Item-00230,BR-B,97.65,2026-01-10
SKU-00230,Item-00230,BR-C,79.21,2026-01-10
SKU-00230,Item-00230,BR-D,133.12,2026-01-10
SKU-00230,Item-00230,BR-E,113.45,2026-01-10
SKU-00231,Item-00231,BR-A,30.31,2026-01-10
SKU-00231,Item-00231,BR-B,18.36,2026-01-10
SKU-00231,Item-00231,BR-C,35.5,2026-01-10
SKU-00231,Item-00231,BR-D,19.46,2026-01-10
SKU-00231,Item-00231,BR-E,20.85,2026-01-10
SKU-00232,Item-00232,BR-A,55.16,2026-01-10
SKU-00232,Item-00232,BR-B,49.87,2026-01-10
SKU-00232,Item-00232,BR-C,55.86,2026-01-10
SKU-00232,Item-00232,BR-D,73.51,2026-01-10
SKU-00232,Item-00232,BR-E,78.67,2026-01-10
SKU-00233,Item-00233,BR-A,5.09,2026-01-10
SKU-00233,Item-00233,BR-B,3.9,2026-01-10
SKU-00233,Item-00233,BR-C,2.87,2026-01-10
SKU-00233,Item-00233,BR-D,4.71,2026-01-10
SKU-00233,Item-00233,BR-E,5.07,2026-01-10
SKU-00234,Item-00234,BR-A,97.19,2026-01-10
SKU-00234,Item-00234,BR-B,199.3,2026-01-10
SKU-00234,Item-00234,BR-C,179.11,2026-01-10
SKU-00234,Item-00234,BR-D,154.28,2026-01-10
SKU-00234,Item-00234,BR-E,158.25,2026-01-10
SKU-00235,Item-00235,BR-A,64.06,2026-01-10
SKU-00235,Item-00235,BR-B,46.03,2026-01-10
SKU-00235,Item-00235,BR-C,104.08,2026-01-10
SKU-00235,Item-00235,BR-D,79.71,2026-01-10
SKU-00235,Item-00235,BR-E,50.91,2026-01-10
SKU-00236,Item-00236,BR-A,204.8,2026-01-10
SKU-00236,Item-00236,BR-B,245.93,2026-01-10
SKU-00236,Item-00236,BR-C,196.63,2026-01-10
SKU-00236,Item-00236,BR-D,171.44,2026-01-10
SKU-00236,Item-00236,BR-E,221.21,2026-01-10
SKU-00237,Item-00237,BR-A,159.98,2026-01-10
SKU-00237,Item-00237,BR-B,129.03,2026-01-10
SKU-00237,Item-00237,BR-C,82.68,2026-01-10
SKU-00237,Item-00237,BR-D,165.64,2026-01-10
SKU-00237,Item-00237,BR-E,146.02,2026-01-10
SKU-00238,Item-00238,BR-A,145.25,2026-01-10
SKU-00238,Item-00238,BR-B,205.64,2026-01-10
SKU-00238,Item-00238,BR-C,131.04,2026-01-10
SKU-00238,Item-00238,BR-D,183.71,2026-01-10
SKU-00238,Item-00238,BR-E,212.75,2026-01-10
SKU-00239,Item-00239,BR-A,57.94,2026-01-10
SKU-00239,Item-00239,BR-B,66.18,2026-01-10
SKU-00239,Item-00239,BR-C,100.06,2026-01-10
SKU-00239,Item-00239,BR-D,67.54,2026-01-10
SKU-00239,Item-00239,BR-E,102.72,2026-01-10
SKU-00240,Item-00240,BR-A,45.34,2026-01-10
SKU-00240,Item-00240,BR-B,72.34,2026-01-10
SKU-00240,Item-00240,BR-C,61.28,2026-01-10
SKU-00240,Item-00240,BR-D,75.78,2026-01-10
SKU-00240,Item-00240,BR-E,50.91,2026-01-10
SKU-00241,Item-00241,BR-A,89.35,2026-01-10
SKU-00241,Item-00241,BR-B,136.75,2026-01-10
SKU-00241,Item-00241,BR-C,131.95,2026-01-10
SKU-00241,Item-00241,BR-D,152.47,2026-01-10
SKU-00241,Item-00241,BR-E,131.8,2026-01-10
SKU-00242,Item-00242,BR-A,96.53,2026-01-10
SKU-00242,Item-00242,BR-B,83.62,2026-01-10
SKU-00242,Item-00242,BR-C,49.25,2026-01-10
SKU-00242,Item-00242,BR-D,105.49,2026-01-10
SKU-00242,Item-00242,BR-E,49.09,2026-01-10
SKU-00243,Item-00243,BR-A,137.29,2026-01-10
SKU-00243,Item-00243,BR-B,133.21,2026-01-10
SKU-00243,Item-00243,BR-C,153.74,2026-01-10
SKU-00243,Item-00243,BR-D,186.83,2026-01-10
SKU-00243,Item-00243,BR-E,176.25,2026-01-10
SKU-00244,Item-00244,BR-A,170.59,2026-01-10
SKU-00244,Item-00244,BR-B,186.58,2026-01-10
SKU-00244,Item-00244,BR-C,88.67,2026-01-10
SKU-00244,Item-00244,BR-D,108.52,2026-01-10
SKU-00244,Item-00244,BR-E,119.67,2026-01-10
SKU-00245,Item-00245,BR-A,109.13,2026-01-10
SKU-00245,Item-00245,BR-B,79.94,2026-01-10
SKU-00245,Item-00245,BR-C,104.19,2026-01-10
SKU-00245,Item-00245,BR-D,106.32,2026-01-10
SKU-00245,Item-00245,BR-E,112.35,2026-01-10
SKU-00246,Item-00246,BR-A,74.2,2026-01-10
SKU-00246,Item-00246,BR-B,87.95,2026-01-10
SKU-00246,Item-00246,BR-C,39.6,2026-01-10
SKU-00246,Item-00246,BR-D,53.81,2026-01-10
SKU-00246,Item-00246,BR-E,72.59,2026-01-10
SKU-00247,Item-00247,BR-A,104.98,2026-01-10
SKU-00247,Item-00247,BR-B,112.4,2026-01-10
SKU-00247,Item-00247,BR-C,84.2,2026-01-10
SKU-00247,Item-00247,BR-D,124.23,2026-01-10
SKU-00247,Item-00247,BR-E,77.1,2026-01-10
SKU-00248,Item-00248,BR-A,109.73,2026-01-10
SKU-00248,Item-00248,BR-B,98.69,2026-01-10
SKU-00248,Item-00248,BR-C,107.33,2026-01-10
SKU-00248,Item-00248,BR-D,112.68,2026-01-10
SKU-00248,Item-00248,BR-E,118.59,2026-01-10
SKU-00249,Item-00249,BR-A,140.31,2026-01-10
SKU-00249,Item-00249,BR-B,166.15,2026-01-10
SKU-00249,Item-00249,BR-C,108.87,2026-01-10
SKU-00249,Item-00249,BR-D,77.56,2026-01-10
SKU-00249,Item-00249,BR-E,120.5,2026-01-10
SKU-00250,Item-00250,BR-A,98.87,2026-01-10
SKU-00250,Item-00250,BR-B,70.57,2026-01-10
SKU-00250,Item-00250,BR-C,142.54,2026-01-10
SKU-00250,Item-00250,BR-D,80.21,2026-01-10
SKU-00250,Item-00250,BR-E,79.94,2026-01-10
SKU-00251,Item-00251,BR-A,132.71,2026-01-10
SKU-00251,Item-00251,BR-B,76.61,2026-01-10
SKU-00251,Item-00251,BR-C,189.38,2026-01-10
SKU-00251,Item-00251,BR-D,83.23,2026-01-10
SKU-00251,Item-00251,BR-E,89.72,2026-01-10
SKU-00252,Item-00252,BR-A,78.4,2026-01-10
SKU-00252,Item-00252,BR-B,121.56,2026-01-10
SKU-00252,Item-00252,BR-C,88.22,2026-01-10
SKU-00252,Item-00252,BR-D,60.2,2026-01-10
SKU-00252,Item-00252,BR-E,96.2,2026-01-10
SKU-00253,Item-00253,BR-A,33.19,2026-01-10
SKU-00253,Item-00253,BR-B,14.16,2026-01-10
SKU-00253,Item-00253,BR-C,25.32,2026-01-10
SKU-00253,Item-00253,BR-D,20.23,2026-01-10
SKU-00253,Item-00253,BR-E,31.98,2026-01-10
SKU-00254,Item-00254,BR-A,142.04,2026-01-10
SKU-00254,Item-00254,BR-B,81.22,2026-01-10
SKU-00254,Item-00254,BR-C,76.29,2026-01-10
SKU-00254,Item-00254,BR-D,155.96,2026-01-10
SKU-00254,Item-00254,BR-E,187.68,2026-01-10
SKU-00255,Item-00255,BR-A,156.31,2026-01-10
SKU-00255,Item-00255,BR-B,155.69,2026-01-10
SKU-00255,Item-00255,BR-C,93.57,2026-01-10
SKU-00255,Item-00255,BR-D,224.62,2026-01-10
SKU-00255,Item-00255,BR-E,121.81,2026-01-10
SKU-00256,Item-00256,BR-A,12.97,2026-01-10
SKU-00256,Item-00256,BR-B,11.52,2026-01-10
SKU-00256,Item-00256,BR-C,10.0,2026-01-10
SKU-00256,Item-00256,BR-D,7.68,2026-01-10
SKU-00256,Item-00256,BR-E,9.02,2026-01-10
SKU-00257,Item-00257,BR-A,153.86,2026-01-10
SKU-00257,Item-00257,BR-B,290.66,2026-01-10
SKU-00257,Item-00257,BR-C,213.56,2026-01-10
SKU-00257,Item-00257,BR-D,159.63,2026-01-10
SKU-00257,Item-00257,BR-E,278.89,2026-01-10
SKU-00258,Item-00258,BR-A,138.86,2026-01-10
SKU-00258,Item-00258,BR-B,123.39,2026-01-10
SKU-00258,Item-00258,BR-C,87.39,2026-01-10
SKU-00258,Item-00258,BR-D,126.74,2026-01-10
SKU-00258,Item-00258,BR-E,135.6,2026-01-10
SKU-00259,Item-00259,BR-A,191.0,2026-01-10
SKU-00259,Item-00259,BR-B,85.39,2026-01-10
SKU-00259,Item-00259,BR-C,106.79,2026-01-10
SKU-00259,Item-00259,BR-D,95.04,2026-01-10
SKU-00259,Item-00259,BR-E,121.1,2026-01-10
SKU-00260,Item-00260,BR-A,74.51,2026-01-10
SKU-00260,Item-00260,BR-B,102.06,2026-01-10
SKU-00260,Item-00260,BR-C,118.13,2026-01-10
SKU-00260,Item-00260,BR-D,138.47,2026-01-10
SKU-00260,Item-00260,BR-E,87.93,2026-01-10
SKU-00261,Item-00261,BR-A,47.63,2026-01-10
SKU-00261,Item-00261,BR-B,29.04,2026-01-10
SKU-00261,Item-00261,BR-C,39.97,2026-01-10
SKU-00261,Item-00261,BR-D,22.43,2026-01-10
SKU-00261,Item-00261,BR-E,46.51,2026-01-10
SKU-00262,Item-00262,BR-A,210.72,2026-01-10
SKU-00262,Item-00262,BR-B,209.53,2026-01-10
SKU-00262,Item-00262,BR-C,134.68,2026-01-10
SKU-00262,Item-00262,BR-D,182.75,2026-01-10
SKU-00262,Item-00262,BR-E,261.72,2026-01-10
SKU-00263,Item-00263,BR-A,200.31,2026-01-10
SKU-00263,Item-00263,BR-B,113.98,2026-01-10
SKU-00263,Item-00263,BR-C,87.94,2026-01-10
SKU-00263,Item-00263,BR-D,168.4,2026-01-10
SKU-00263,Item-00263,BR-E,95.72,2026-01-10
SKU-00264,Item-00264,BR-A,41.24,2026-01-10
SKU-00264,Item-00264,BR-B,54.86,2026-01-10
SKU-00264,Item-00264,BR-C,45.1,2026-01-10
SKU-00264,Item-00264,BR-D,44.37,2026-01-10
SKU-00264,Item-00264,BR-E,57.65,2026-01-10
SKU-00265,Item-00265,BR-A,70.93,2026-01-10
SKU-00265,Item-00265,BR-B,66.14,2026-01-10
SKU-00265,Item-00265,BR-C,58.3,2026-01-10
SKU-00265,Item-00265,BR-D,129.12,2026-01-10
SKU-00265,Item-00265,BR-E,118.17,2026-01-10
SKU-00266,Item-00266,BR-A,31.27,2026-01-10
SKU-00266,Item-00266,BR-B,45.58,2026-01-10
SKU-00266,Item-00266,BR-C,65.76,2026-01-10
SKU-00266,Item-00266,BR-D,55.39,2026-01-10
SKU-00266,Item-00266,BR-E,57.74,2026-01-10
SKU-00267,Item-00267,BR-A,121.71,2026-01-10
SKU-00267,Item-00267,BR-B,51.25,2026-01-10
SKU-00267,Item-00267,BR-C,91.59,2026-01-10
SKU-00267,Item-00267,BR-D,67.96,2026-01-10
SKU-00267,Item-00267,BR-E,75.65,2026-01-10
SKU-00268,Item-00268,BR-A,121.28,2026-01-10
SKU-00268,Item-00268,BR-B,132.67,2026-01-10
SKU-00268,Item-00268,BR-C,104.23,2026-01-10
SKU-00268,Item-00268,BR-D,93.99,2026-01-10
SKU-00268,Item-00268,BR-E,86.85,2026-01-10
SKU-00269,Item-00269,BR-A,150.77,2026-01-10
SKU-00269,Item-00269,BR-B,130.68,2026-01-10
SKU-00269,Item-00269,BR-C,127.44,2026-01-10
SKU-00269,Item-00269,BR-D,139.86,2026-01-10
SKU-00269,Item-00269,BR-E,171.77,2026-01-10
SKU-00270,Item-00270,BR-A,124.12,2026-01-10
SKU-00270,Item-00270,BR-B,154.82,2026-01-10
SKU-00270,Item-00270,BR-C,176.92,2026-01-10
SKU-00270,Item-00270,BR-D,138.97,2026-01-10
SKU-00270,Item-00270,BR-E,116.57,2026-01-10
SKU-00271,Item-00271,BR-A,83.74,2026-01-10
SKU-00271,Item-00271,BR-B,74.74,2026-01-10
SKU-00271,Item-00271,BR-C,126.98,2026-01-10
SKU-00271,Item-00271,BR-D,122.65,2026-01-10
SKU-00271,Item-00271,BR-E,52.56,2026-01-10
SKU-00272,Item-00272,BR-A,107.12,2026-01-10
SKU-00272,Item-00272,BR-B,83.97,2026-01-10
SKU-00272,Item-00272,BR-C,97.09,2026-01-10
SKU-00272,Item-00272,BR-D,105.43,2026-01-10
SKU-00272,Item-00272,BR-E,131.91,2026-01-10
SKU-00273,Item-00273,BR-A,208.72,2026-01-10
SKU-00273,Item-00273,BR-B,93.05,2026-01-10
SKU-00273,Item-00273,BR-C,193.61,2026-01-10
SKU-00273,Item-00273,BR-D,122.39,2026-01-10
SKU-00273,Item-00273,BR-E,118.53,2026-01-10
SKU-00274,Item-00274,BR-A,91.58,2026-01-10
SKU-00274,Item-00274,BR-B,111.33,2026-01-10
SKU-00274,Item-00274,BR-C,53.71,2026-01-10
SKU-00274,Item-00274,BR-D,101.59,2026-01-10
SKU-00274,Item-00274,BR-E,121.96,2026-01-10
SKU-00275,Item-00275,BR-A,122.0,2026-01-10
SKU-00275,Item-00275,BR-B,168.61,2026-01-10
SKU-00275,Item-00275,BR-C,162.51,2026-01-10
SKU-00275,Item-00275,BR-D,92.8,2026-01-10
SKU-00275,Item-00275,BR-E,252.38,2026-01-10
SKU-00276,Item-00276,BR-A,169.81,2026-01-10
SKU-00276,Item-00276,BR-B,188.97,2026-01-10
SKU-00276,Item-00276,BR-C,99.76,2026-01-10
SKU-00276,Item-00276,BR-D,141.79,2026-01-10
SKU-00276,Item-00276,BR-E,180.77,2026-01-10
SKU-00277,Item-00277,BR-A,148.1,2026-01-10
SKU-00277,Item-00277,BR-B,145.61,2026-01-10
SKU-00277,Item-00277,BR-C,126.28,2026-01-10
SKU-00277,Item-00277,BR-D,54.71,2026-01-10
SKU-00277,Item-00277,BR-E,66.56,2026-01-10
SKU-00278,Item-00278,BR-A,84.64,2026-01-10
SKU-00278,Item-00278,BR-B,66.17,2026-01-10
SKU-00278,Item-00278,BR-C,85.06,2026-01-10
SKU-00278,Item-00278,BR-D,72.64,2026-01-10
SKU-00278,Item-00278,BR-E,62.83,2026-01-10
SKU-00279,Item-00279,BR-A,166.12,2026-01-10
SKU-00279,Item-00279,BR-B,129.46,2026-01-10
SKU-00279,Item-00279,BR-C,190.43,2026-01-10
SKU-00279,Item-00279,BR-D,91.88,2026-01-10
SKU-00279,Item-00279,BR-E,200.47,2026-01-10
SKU-00280,Item-00280,BR-A,53.21,2026-01-10
SKU-00280,Item-00280,BR-B,55.26,2026-01-10
SKU-00280,Item-00280,BR-C,36.9,2026-01-10
SKU-00280,Item-00280,BR-D,71.65,2026-01-10
SKU-00280,Item-00280,BR-E,85.24,2026-01-10
SKU-00281,Item-00281,BR-A,166.27,2026-01-10
SKU-00281,Item-00281,BR-B,260.32,2026-01-10
SKU-00281,Item-00281,BR-C,94.27,2026-01-10
SKU-00281,Item-00281,BR-D,268.14,2026-01-10
SKU-00281,Item-00281,BR-E,224.36,2026-01-10
SKU-00282,Item-00282,BR-A,44.03,2026-01-10
SKU-00282,Item-00282,BR-B,24.73,2026-01-10
SKU-00282,Item-00282,BR-C,40.88,2026-01-10
SKU-00282,Item-00282,BR-D,44.23,2026-01-10
SKU-00282,Item-00282,BR-E,20.38,2026-01-10
SKU-00283,Item-00283,BR-A,106.96,2026-01-10
SKU-00283,Item-00283,BR-B,51.38,2026-01-10
SKU-00283,Item-00283,BR-C,93.94,2026-01-10
SKU-00283,Item-00283,BR-D,116.97,2026-01-10
SKU-00283,Item-00283,BR-E,62.22,2026-01-10
SKU-00284,Item-00284,BR-A,156.45,2026-01-10
SKU-00284,Item-00284,BR-B,80.26,2026-01-10
SKU-00284,Item-00284,BR-C,199.67,2026-01-10
SKU-00284,Item-00284,BR-D,103.74,2026-01-10
SKU-00284,Item-00284,BR-E,135.53,2026-01-10
SKU-00285,Item-00285,BR-A,80.02,2026-01-10
SKU-00285,Item-00285,BR-B,63.16,2026-01-10
SKU-00285,Item-00285,BR-C,79.83,2026-01-10
SKU-00285,Item-00285,BR-D,74.59,2026-01-10
SKU-00285,Item-00285,BR-E,106.4,2026-01-10
SKU-00286,Item-00286,BR-A,68.06,2026-01-10
SKU-00286,Item-00286,BR-B,150.99,2026-01-10
SKU-00286,Item-00286,BR-C,124.08,2026-01-10
SKU-00286,Item-00286,BR-D,93.2,2026-01-10
SKU-00286,Item-00286,BR-E,126.38,2026-01-10
SKU-00287,Item-00287,BR-A,12.92,2026-01-10
SKU-00287,Item-00287,BR-B,14.94,2026-01-10
SKU-00287,Item-00287,BR-C,12.89,2026-01-10
SKU-00287,Item-00287,BR-D,8.97,2026-01-10
SKU-00287,Item-00287,BR-E,11.14,2026-01-10
SKU-00288,Item-00288,BR-A,61.44,2026-01-10
SKU-00288,Item-00288,BR-B,109.5,2026-01-10
SKU-00288,Item-00288,BR-C,47.12,2026-01-10
SKU-00288,Item-00288,BR-D,66.04,2026-01-10
SKU-00288,Item-00288,BR-E,73.21,2026-01-10
SKU-00289,Item-00289,BR-A,150.64,2026-01-10
SKU-00289,Item-00289,BR-B,237.97,2026-01-10
SKU-00289,Item-00289,BR-C,113.71,2026-01-10
SKU-00289,Item-00289,BR-D,225.79,2026-01-10
SKU-00289,Item-00289,BR-E,226.56,2026-01-10
SKU-00290,Item-00290,BR-A,61.63,2026-01-10
SKU-00290,Item-00290,BR-B,87.64,2026-01-10
SKU-00290,Item-00290,BR-C,97.7,2026-01-10
SKU-00290,Item-00290,BR-D,63.36,2026-01-10
SKU-00290,Item-00290,BR-E,71.9,2026-01-10
SKU-00291,Item-00291,BR-A,67.44,2026-01-10
SKU-00291,Item-00291,BR-B,80.53,2026-01-10
SKU-00291,Item-00291,BR-C,54.58,2026-01-10
SKU-00291,Item-00291,BR-D,87.98,2026-01-10
SKU-00291,Item-00291,BR-E,56.08,2026-01-10
SKU-00292,Item-00292,BR-A,192.24,2026-01-10
SKU-00292,Item-00292,BR-B,145.89,2026-01-10
SKU-00292,Item-00292,BR-C,187.28,2026-01-10
SKU-00292,Item-00292,BR-D,116.34,2026-01-10
SKU-00292,Item-00292,BR-E,120.47,2026-01-10
SKU-00293,Item-00293,BR-A,130.61,2026-01-10
SKU-00293,Item-00293,BR-B,97.56,2026-01-10
SKU-00293,Item-00293,BR-C,151.48,2026-01-10
SKU-00293,Item-00293,BR-D,144.12,2026-01-10
SKU-00293,Item-00293,BR-E,89.34,2026-01-10
SKU-00294,Item-00294,BR-A,91.47,2026-01-10
SKU-00294,Item-00294,BR-B,118.34,2026-01-10
SKU-00294,Item-00294,BR-C,218.99,2026-01-10
SKU-00294,Item-00294,BR-D,208.72,2026-01-10
SKU-00294,Item-00294,BR-E,212.09,2026-01-10
SKU-00295,Item-00295,BR-A,83.81,2026-01-10
SKU-00295,Item-00295,BR-B,146.96,2026-01-10
SKU-00295,Item-00295,BR-C,124.6,2026-01-10
SKU-00295,Item-00295,BR-D,84.89,2026-01-10
SKU-00295,Item-00295,BR-E,58.54,2026-01-10
SKU-00296,Item-00296,BR-A,109.95,2026-01-10
SKU-00296,Item-00296,BR-B,65.14,2026-01-10
SKU-00296,Item-00296,BR-C,128.69,2026-01-10
SKU-00296,Item-00296,BR-D,131.46,2026-01-10
SKU-00296,Item-00296,BR-E,114.96,2026-01-10
SKU-00297,Item-00297,BR-A,114.56,2026-01-10
SKU-00297,Item-00297,BR-B,62.16,2026-01-10
SKU-00297,Item-00297,BR-C,85.13,2026-01-10
SKU-00297,Item-00297,BR-D,79.79,2026-01-10
SKU-00297,Item-00297,BR-E,56.27,2026-01-10
SKU-00298,Item-00298,BR-A,206.27,2026-01-10
SKU-00298,Item-00298,BR-B,109.2,2026-01-10
SKU-00298,Item-00298,BR-C,76.76,2026-01-10
SKU-00298,Item-00298,BR-D,143.39,2026-01-10
SKU-00298,Item-00298,BR-E,110.98,2026-01-10
SKU-00299,Item-00299,BR-A,138.68,2026-01-10
SKU-00299,Item-00299,BR-B,142.14,2026-01-10
SKU-00299,Item-00299,BR-C,161.63,2026-01-10
SKU-00299,Item-00299,BR-D,164.65,2026-01-10
SKU-00299,Item-00299,BR-E,229.5,2026-01-10
SKU-00300,Item-00300,BR-A,5.66,2026-01-10
SKU-00300,Item-00300,BR-B,11.15,2026-01-10
SKU-00300,Item-00300,BR-C,7.56,2026-01-10
SKU-00300,Item-00300,BR-D,12.45,2026-01-10
SKU-00300,Item-00300,BR-E,6.25,2026-01-10
SKU-00301,Item-00301,BR-A,73.86,2026-01-10
SKU-00301,Item-00301,BR-B,93.5,2026-01-10
SKU-00301,Item-00301,BR-C,154.46,2026-01-10
SKU-00301,Item-00301,BR-D,116.58,2026-01-10
SKU-00301,Item-00301,BR-E,123.5,2026-01-10
SKU-00302,Item-00302,BR-A,22.44,2026-01-10
SKU-00302,Item-00302,BR-B,17.01,2026-01-10
SKU-00302,Item-00302,BR-C,11.97,2026-01-10
SKU-00302,Item-00302,BR-D,28.11,2026-01-10
SKU-00302,Item-00302,BR-E,10.87,2026-01-10
SKU-00303,Item-00303,BR-A,16.45,2026-01-10
SKU-00303,Item-00303,BR-B,25.62,2026-01-10
SKU-00303,Item-00303,BR-C,23.29,2026-01-10
SKU-00303,Item-00303,BR-D,30.78,2026-01-10
SKU-00303,Item-00303,BR-E,28.99,2026-01-10
SKU-00304,Item-00304,BR-A,24.45,2026-01-10
SKU-00304,Item-00304,BR-B,28.29,2026-01-10
SKU-00304,Item-00304,BR-C,47.75,2026-01-10
SKU-00304,Item-00304,BR-D,51.85,2026-01-10
SKU-00304,Item-00304,BR-E,40.17,2026-01-10
SKU-00305,Item-00305,BR-A,45.65,2026-01-10
SKU-00305,Item-00305,BR-B,96.27,2026-01-10
SKU-00305,Item-00305,BR-C,81.99,2026-01-10
SKU-00305,Item-00305,BR-D,114.73,2026-01-10
SKU-00305,Item-00305,BR-E,47.64,2026-01-10
SKU-00306,Item-00306,BR-A,67.56,2026-01-10
SKU-00306,Item-00306,BR-B,56.51,2026-01-10
SKU-00306,Item-00306,BR-C,57.22,2026-01-10
SKU-00306,Item-00306,BR-D,54.75,2026-01-10
SKU-00306,Item-00306,BR-E,69.62,2026-01-10
SKU-00307,Item-00307,BR-A,152.33,2026-01-10
SKU-00307,Item-00307,BR-B,142.05,2026-01-10
SKU-00307,Item-00307,BR-C,174.73,2026-01-10
SKU-00307,Item-00307,BR-D,221.63,2026-01-10
SKU-00307,Item-00307,BR-E,82.64,2026-01-10
SKU-00308,Item-00308,BR-A,76.3,2026-01-10
SKU-00308,Item-00308,BR-B,35.16,2026-01-10
SKU-00308,Item-00308,BR-C,56.76,2026-01-10
SKU-00308,Item-00308,BR-D,33.32,2026-01-10
SKU-00308,Item-00308,BR-E,69.05,2026-01-10
SKU-00309,Item-00309,BR-A,60.96,2026-01-10
SKU-00309,Item-00309,BR-B,44.76,2026-01-10
SKU-00309,Item-00309,BR-C,43.77,2026-01-10
SKU-00309,Item-00309,BR-D,45.31,2026-01-10
SKU-00309,Item-00309,BR-E,51.74,2026-01-10
SKU-00310,Item-00310,BR-A,55.43,2026-01-10
SKU-00310,Item-00310,BR-B,110.67,2026-01-10
SKU-00310,Item-00310,BR-C,111.55,2026-01-10
SKU-00310,Item-00310,BR-D,50.69,2026-01-10
SKU-00310,Item-00310,BR-E,131.43,2026-01-10
SKU-00311,Item-00311,BR-A,18.92,2026-01-10
SKU-00311,Item-00311,BR-B,16.62,2026-01-10
SKU-00311,Item-00311,BR-C,10.89,2026-01-10
SKU-00311,Item-00311,BR-D,18.74,2026-01-10
SKU-00311,Item-00311,BR-E,8.49,2026-01-10
SKU-00312,Item-00312,BR-A,69.29,2026-01-10
SKU-00312,Item-00312,BR-B,33.59,2026-01-10
SKU-00312,Item-00312,BR-C,59.97,2026-01-10
SKU-00312,Item-00312,BR-D,25.77,2026-01-10
SKU-00312,Item-00312,BR-E,26.76,2026-01-10
SKU-00313,Item-00313,BR-A,110.74,2026-01-10
SKU-00313,Item-00313,BR-B,90.76,2026-01-10
SKU-00313,Item-00313,BR-C,229.31,2026-01-10
SKU-00313,Item-00313,BR-D,148.58,2026-01-10
SKU-00313,Item-00313,BR-E,133.8,2026-01-10
SKU-00314,Item-00314,BR-A,175.54,2026-01-10
SKU-00314,Item-00314,BR-B,219.27,2026-01-10
SKU-00314,Item-00314,BR-C,214.47,2026-01-10
SKU-00314,Item-00314,BR-D,82.52,2026-01-10
SKU-00314,Item-00314,BR-E,128.07,2026-01-10
SKU-00315,Item-00315,BR-A,57.5,2026-01-10
SKU-00315,Item-00315,BR-B,29.67,2026-01-10
SKU-00315,Item-00315,BR-C,53.72,2026-01-10
SKU-00315,Item-00315,BR-D,26.63,2026-01-10
SKU-00315,Item-00315,BR-E,55.71,2026-01-10
SKU-00316,Item-00316,BR-A,69.36,2026-01-10
SKU-00316,Item-00316,BR-B,116.13,2026-01-10
SKU-00316,Item-00316,BR-C,70.51,2026-01-10
SKU-00316,Item-00316,BR-D,104.63,2026-01-10
SKU-00316,Item-00316,BR-E,97.4,2026-01-10
SKU-00317,Item-00317,BR-A,35.86,2026-01-10
SKU-00317,Item-00317,BR-B,31.02,2026-01-10
SKU-00317,Item-00317,BR-C,15.66,2026-01-10
SKU-00317,Item-00317,BR-D,42.73,2026-01-10
SKU-00317,Item-00317,BR-E,26.4,2026-01-10
SKU-00318,Item-00318,BR-A,159.83,2026-01-10
SKU-00318,Item-00318,BR-B,83.11,2026-01-10
SKU-00318,Item-00318,BR-C,142.79,2026-01-10
SKU-00318,Item-00318,BR-D,75.84,2026-01-10
SKU-00318,Item-00318,BR-E,75.28,2026-01-10
SKU-00319,Item-00319,BR-A,62.66,2026-01-10
SKU-00319,Item-00319,BR-B,53.45,2026-01-10
SKU-00319,Item-00319,BR-C,141.98,2026-01-10
SKU-00319,Item-00319,BR-D,71.52,2026-01-10
SKU-00319,Item-00319,BR-E,140.69,2026-01-10
SKU-00320,Item-00320,BR-A,100.62,2026-01-10
SKU-00320,Item-00320,BR-B,180.99,2026-01-10
SKU-00320,Item-00320,BR-C,88.09,2026-01-10
SKU-00320,Item-00320,BR-D,137.81,2026-01-10
SKU-00320,Item-00320,BR-E,179.51,2026-01-10
SKU-00321,Item-00321,BR-A,75.92,2026-01-10
SKU-00321,Item-00321,BR-B,143.88,2026-01-10
SKU-00321,Item-00321,BR-C,137.98,2026-01-10
SKU-00321,Item-00321,BR-D,70.02,2026-01-10
SKU-00321,Item-00321,BR-E,73.51,2026-01-10
SKU-00322,Item-00322,BR-A,197.72,2026-01-10
SKU-00322,Item-00322,BR-B,121.15,2026-01-10
SKU-00322,Item-00322,BR-C,128.89,2026-01-10
SKU-00322,Item-00322,BR-D,116.21,2026-01-10
SKU-00322,Item-00322,BR-E,97.52,2026-01-10
SKU-00323,Item-00323,BR-A,144.25,2026-01-10
SKU-00323,Item-00323,BR-B,134.17,2026-01-10
SKU-00323,Item-00323,BR-C,135.53,2026-01-10
SKU-00323,Item-00323,BR-D,172.67,2026-01-10
SKU-00323,Item-00323,BR-E,284.49,2026-01-10
SKU-00324,Item-00324,BR-A,152.91,2026-01-10
SKU-00324,Item-00324,BR-B,79.8,2026-01-10
SKU-00324,Item-00324,BR-C,145.61,2026-01-10
SKU-00324,Item-00324,BR-D,90.78,2026-01-10
SKU-00324,Item-00324,BR-E,157.01,2026-01-10
SKU-00325,Item-00325,BR-A,108.21,2026-01-10
SKU-00325,Item-00325,BR-B,93.58,2026-01-10
SKU-00325,Item-00325,BR-C,75.7,2026-01-10
SKU-00325,Item-00325,BR-D,95.97,2026-01-10
SKU-00325,Item-00325,BR-E,118.33,2026-01-10
SKU-00326,Item-00326,BR-A,66.69,2026-01-10
SKU-00326,Item-00326,BR-B,106.99,2026-01-10
SKU-00326,Item-00326,BR-C,91.47,2026-01-10
SKU-00326,Item-00326,BR-D,77.03,2026-01-10
SKU-00326,Item-00326,BR-E,43.31,2026-01-10
SKU-00327,Item-00327,BR-A,14.81,2026-01-10
SKU-00327,Item-00327,BR-B,19.39,2026-01-10
SKU-00327,Item-00327,BR-C,17.87,2026-01-10
SKU-00327,Item-00327,BR-D,14.88,2026-01-10
SKU-00327,Item-00327,BR-E,23.7,2026-01-10
SKU-00328,Item-00328,BR-A,29.67,2026-01-10
SKU-00328,Item-00328,BR-B,26.25,2026-01-10
SKU-00328,Item-00328,BR-C,20.94,2026-01-10
SKU-00328,Item-00328,BR-D,22.83,2026-01-10
SKU-00328,Item-00328,BR-E,23.22,2026-01-10
SKU-00329,Item-00329,BR-A,201.09,2026-01-10
SKU-00329,Item-00329,BR-B,193.62,2026-01-10
SKU-00329,Item-00329,BR-C,233.86,2026-01-10
SKU-00329,Item-00329,BR-D,129.95,2026-01-10
SKU-00329,Item-00329,BR-E,199.74,2026-01-10
SKU-00330,Item-00330,BR-A,169.82,2026-01-10
SKU-00330,Item-00330,BR-B,181.51,2026-01-10
SKU-00330,Item-00330,BR-C,111.67,2026-01-10
SKU-00330,Item-00330,BR-D,157.62,2026-01-10
SKU-00330,Item-00330,BR-E,120.2,2026-01-10
SKU-00331,Item-00331,BR-A,66.21,2026-01-10
SKU-00331,Item-00331,BR-B,92.16,2026-01-10
SKU-00331,Item-00331,BR-C,61.29,2026-01-10
SKU-00331,Item-00331,BR-D,50.26,2026-01-10
SKU-00331,Item-00331,BR-E,64.73,2026-01-10
SKU-00332,Item-00332,BR-A,195.17,2026-01-10
SKU-00332,Item-00332,BR-B,118.46,2026-01-10
SKU-00332,Item-00332,BR-C,113.45,2026-01-10
SKU-00332,Item-00332,BR-D,180.48,2026-01-10
SKU-00332,Item-00332,BR-E,104.99,2026-01-10
SKU-00333,Item-00333,BR-A,131.06,2026-01-10
SKU-00333,Item-00333,BR-B,93.43,2026-01-10
SKU-00333,Item-00333,BR-C,70.05,2026-01-10
SKU-00333,Item-00333,BR-D,133.42,2026-01-10
SKU-00333,Item-00333,BR-E,141.95,2026-01-10
SKU-00334,Item-00334,BR-A,6.68,2026-01-10
SKU-00334,Item-00334,BR-B,7.38,2026-01-10
SKU-00334,Item-00334,BR-C,6.08,2026-01-10
SKU-00334,Item-00334,BR-D,5.34,2026-01-10
SKU-00334,Item-00334,BR-E,5.13,2026-01-10
SKU-00335,Item-00335,BR-A,212.81,2026-01-10
SKU-00335,Item-00335,BR-B,146.24,2026-01-10
SKU-00335,Item-00335,BR-C,126.87,2026-01-10
SKU-00335,Item-00335,BR-D,223.48,2026-01-10
SKU-00335,Item-00335,BR-E,199.15,2026-01-10
SKU-00336,Item-00336,BR-A,60.5,2026-01-10
SKU-00336,Item-00336,BR-B,122.83,2026-01-10
SKU-00336,Item-00336,BR-C,114.1,2026-01-10
SKU-00336,Item-00336,BR-D,128.98,2026-01-10
SKU-00336,Item-00336,BR-E,126.79,2026-01-10
SKU-00337,Item-00337,BR-A,116.83,2026-01-10
SKU-00337,Item-00337,BR-B,157.67,2026-01-10
SKU-00337,Item-00337,BR-C,151.06,2026-01-10
SKU-00337,Item-00337,BR-D,109.85,2026-01-10
SKU-00337,Item-00337,BR-E,137.81,2026-01-10
SKU-00338,Item-00338,BR-A,172.1,2026-01-10
SKU-00338,Item-00338,BR-B,172.23,2026-01-10
SKU-00338,Item-00338,BR-C,131.61,2026-01-10
SKU-00338,Item-00338,BR-D,180.88,2026-01-10
SKU-00338,Item-00338,BR-E,197.4,2026-01-10
SKU-00339,Item-00339,BR-A,41.89,2026-01-10
SKU-00339,Item-00339,BR-B,53.6,2026-01-10
SKU-00339,Item-00339,BR-C,48.33,2026-01-10
SKU-00339,Item-00339,BR-D,26.02,2026-01-10
SKU-00339,Item-00339,BR-E,27.84,2026-01-10
SKU-00340,Item-00340,BR-A,272.99,2026-01-10
SKU-00340,Item-00340,BR-B,243.65,2026-01-10
SKU-00340,Item-00340,BR-C,174.57,2026-01-10
SKU-00340,Item-00340,BR-D,275.44,2026-01-10
SKU-00340,Item-00340,BR-E,129.82,2026-01-10
SKU-00341,Item-00341,BR-A,78.0,2026-01-10
SKU-00341,Item-00341,BR-B,123.16,2026-01-10
SKU-00341,Item-00341,BR-C,84.49,2026-01-10
SKU-00341,Item-00341,BR-D,121.08,2026-01-10
SKU-00341,Item-00341,BR-E,143.83,2026-01-10
SKU-00342,Item-00342,BR-A,223.77,2026-01-10
SKU-00342,Item-00342,BR-B,226.34,2026-01-10
SKU-00342,Item-00342,BR-C,195.04,2026-01-10
SKU-00342,Item-00342,BR-D,164.97,2026-01-10
SKU-00342,Item-00342,BR-E,115.96,2026-01-10
SKU-00343,Item-00343,BR-A,70.54,2026-01-10
SKU-00343,Item-00343,BR-B,128.79,2026-01-10
SKU-00343,Item-00343,BR-C,71.86,2026-01-10
SKU-00343,Item-00343,BR-D,94.68,2026-01-10
SKU-00343,Item-00343,BR-E,90.47,2026-01-10
SKU-00344,Item-00344,BR-A,63.4,2026-01-10
SKU-00344,Item-00344,BR-B,79.1,2026-01-10
SKU-00344,Item-00344,BR-C,36.99,2026-01-10
SKU-00344,Item-00344,BR-D,86.7,2026-01-10
SKU-00344,Item-00344,BR-E,61.05,2026-01-10
SKU-00345,Item-00345,BR-A,175.13,2026-01-10
SKU-00345,Item-00345,BR-B,135.71,2026-01-10
SKU-00345,Item-00345,BR-C,164.07,2026-01-10
SKU-00345,Item-00345,BR-D,191.48,2026-01-10
SKU-00345,Item-00345,BR-E,187.74,2026-01-10
SKU-00346,Item-00346,BR-A,73.82,2026-01-10
SKU-00346,Item-00346,BR-B,74.21,2026-01-10
SKU-00346,Item-00346,BR-C,75.84,2026-01-10
SKU-00346,Item-00346,BR-D,35.21,2026-01-10
SKU-00346,Item-00346,BR-E,36.3,2026-01-10
SKU-00347,Item-00347,BR-A,70.56,2026-01-10
SKU-00347,Item-00347,BR-B,61.15,2026-01-10
SKU-00347,Item-00347,BR-C,52.38,2026-01-10
SKU-00347,Item-00347,BR-D,32.28,2026-01-10
SKU-00347,Item-00347,BR-E,72.4,2026-01-10
SKU-00348,Item-00348,BR-A,118.9,2026-01-10
SKU-00348,Item-00348,BR-B,82.96,2026-01-10
SKU-00348,Item-00348,BR-C,112.88,2026-01-10
SKU-00348,Item-00348,BR-D,64.06,2026-01-10
SKU-00348,Item-00348,BR-E,63.37,2026-01-10
SKU-00349,Item-00349,BR-A,91.79,2026-01-10
SKU-00349,Item-00349,BR-B,69.1,2026-01-10
SKU-00349,Item-00349,BR-C,62.65,2026-01-10
SKU-00349,Item-00349,BR-D,68.93,2026-01-10
SKU-00349,Item-00349,BR-E,48.08,2026-01-10
SKU-00350,Item-00350,BR-A,227.91,2026-01-10
SKU-00350,Item-00350,BR-B,90.35,2026-01-10
SKU-00350,Item-00350,BR-C,105.56,2026-01-10
SKU-00350,Item-00350,BR-D,178.98,2026-01-10
SKU-00350,Item-00350,BR-E,160.21,2026-01-10
SKU-00351,Item-00351,BR-A,99.09,2026-01-10
SKU-00351,Item-00351,BR-B,106.08,2026-01-10
SKU-00351,Item-00351,BR-C,121.39,2026-01-10
SKU-00351,Item-00351,BR-D,106.28,2026-01-10
SKU-00351,Item-00351,BR-E,65.88,2026-01-10
SKU-00352,Item-00352,BR-A,198.67,2026-01-10
SKU-00352,Item-00352,BR-B,173.95,2026-01-10
SKU-00352,Item-00352,BR-C,102.64,2026-01-10
SKU-00352,Item-00352,BR-D,237.35,2026-01-10
SKU-00352,Item-00352,BR-E,237.32,2026-01-10
SKU-00353,Item-00353,BR-A,53.7,2026-01-10
SKU-00353,Item-00353,BR-B,42.13,2026-01-10
SKU-00353,Item-00353,BR-C,74.91,2026-01-10
SKU-00353,Item-00353,BR-D,75.76,2026-01-10
SKU-00353,Item-00353,BR-E,56.21,2026-01-10
SKU-00354,Item-00354,BR-A,79.54,2026-01-10
SKU-00354,Item-00354,BR-B,130.03,2026-01-10
SKU-00354,Item-00354,BR-C,151.6,2026-01-10
SKU-00354,Item-00354,BR-D,141.73,2026-01-10
SKU-00354,Item-00354,BR-E,168.46,2026-01-10
SKU-00355,Item-00355,BR-A,216.83,2026-01-10
SKU-00355,Item-00355,BR-B,171.62,2026-01-10
SKU-00355,Item-00355,BR-C,229.73,2026-01-10
SKU-00355,Item-00355,BR-D,163.45,2026-01-10
SKU-00355,Item-00355,BR-E,174.74,2026-01-10
SKU-00356,Item-00356,BR-A,72.85,2026-01-10
SKU-00356,Item-00356,BR-B,36.52,2026-01-10
SKU-00356,Item-00356,BR-C,32.4,2026-01-10
SKU-00356,Item-00356,BR-D,33.89,2026-01-10
SKU-00356,Item-00356,BR-E,73.53,2026-01-10
SKU-00357,Item-00357,BR-A,136.04,2026-01-10
SKU-00357,Item-00357,BR-B,109.6,2026-01-10
SKU-00357,Item-00357,BR-C,139.81,2026-01-10
SKU-00357,Item-00357,BR-D,53.46,2026-01-10
SKU-00357,Item-00357,BR-E,90.81,2026-01-10
SKU-00358,Item-00358,BR-A,150.95,2026-01-10
SKU-00358,Item-00358,BR-B,141.84,2026-01-10
SKU-00358,Item-00358,BR-C,163.48,2026-01-10
SKU-00358,Item-00358,BR-D,208.11,2026-01-10
SKU-00358,Item-00358,BR-E,88.07,2026-01-10
SKU-00359,Item-00359,BR-A,105.74,2026-01-10
SKU-00359,Item-00359,BR-B,111.15,2026-01-10
SKU-00359,Item-00359,BR-C,82.56,2026-01-10
SKU-00359,Item-00359,BR-D,74.4,2026-01-10
SKU-00359,Item-00359,BR-E,89.45,2026-01-10
SKU-00360,Item-00360,BR-A,25.16,2026-01-10
SKU-00360,Item-00360,BR-B,21.49,2026-01-10
SKU-00360,Item-00360,BR-C,26.28,2026-01-10
SKU-00360,Item-00360,BR-D,20.63,2026-01-10
SKU-00360,Item-00360,BR-E,30.99,2026-01-10
SKU-00361,Item-00361,BR-A,61.87,2026-01-10
SKU-00361,Item-00361,BR-B,70.34,2026-01-10
SKU-00361,Item-00361,BR-C,92.36,2026-01-10
SKU-00361,Item-00361,BR-D,46.35,2026-01-10
SKU-00361,Item-00361,BR-E,121.23,2026-01-10
SKU-00362,Item-00362,BR-A,40.3,2026-01-10
SKU-00362,Item-00362,BR-B,55.43,2026-01-10
SKU-00362,Item-00362,BR-C,81.86,2026-01-10
SKU-00362,Item-00362,BR-D,35.32,2026-01-10
SKU-00362,Item-00362,BR-E,58.64,2026-01-10
SKU-00363,Item-00363,BR-A,118.62,2026-01-10
SKU-00363,Item-00363,BR-B,104.4,2026-01-10
SKU-00363,Item-00363,BR-C,76.5,2026-01-10
SKU-00363,Item-00363,BR-D,106.04,2026-01-10
SKU-00363,Item-00363,BR-E,122.68,2026-01-10
SKU-00364,Item-00364,BR-A,43.1,2026-01-10
SKU-00364,Item-00364,BR-B,53.2,2026-01-10
SKU-00364,Item-00364,BR-C,56.38,2026-01-10
SKU-00364,Item-00364,BR-D,56.36,2026-01-10
SKU-00364,Item-00364,BR-E,70.57,2026-01-10
SKU-00365,Item-00365,BR-A,80.79,2026-01-10
SKU-00365,Item-00365,BR-B,92.01,2026-01-10
SKU-00365,Item-00365,BR-C,80.18,2026-01-10
SKU-00365,Item-00365,BR-D,49.88,2026-01-10
SKU-00365,Item-00365,BR-E,82.11,2026-01-10
SKU-00366,Item-00366,BR-A,59.64,2026-01-10
SKU-00366,Item-00366,BR-B,35.55,2026-01-10
SKU-00366,Item-00366,BR-C,32.5,2026-01-10
SKU-00366,Item-00366,BR-D,61.3,2026-01-10
SKU-00366,Item-00366,BR-E,74.31,2026-01-10
SKU-00367,Item-00367,BR-A,38.56,2026-01-10
SKU-00367,Item-00367,BR-B,60.77,2026-01-10
SKU-00367,Item-00367,BR-C,71.64,2026-01-10
SKU-00367,Item-00367,BR-D,67.32,2026-01-10
SKU-00367,Item-00367,BR-E,49.51,2026-01-10
SKU-00368,Item-00368,BR-A,48.48,2026-01-10
SKU-00368,Item-00368,BR-B,39.33,2026-01-10
SKU-00368,Item-00368,BR-C,50.7,2026-01-10
SKU-00368,Item-00368,BR-D,69.54,2026-01-10
SKU-00368,Item-00368,BR-E,41.24,2026-01-10
SKU-00369,Item-00369,BR-A,101.89,2026-01-10
SKU-00369,Item-00369,BR-B,152.48,2026-01-10
SKU-00369,Item-00369,BR-C,221.45,2026-01-10
SKU-00369,Item-00369,BR-D,209.55,2026-01-10
SKU-00369,Item-00369,BR-E,222.05,2026-01-10
SKU-00370,Item-00370,BR-A,53.14,2026-01-10
SKU-00370,Item-00370,BR-B,23.77,2026-01-10
SKU-00370,Item-00370,BR-C,34.48,2026-01-10
SKU-00370,Item-00370,BR-D,58.3,2026-01-10
SKU-00370,Item-00370,BR-E,28.39,2026-01-10
SKU-00371,Item-00371,BR-A,82.2,2026-01-10
SKU-00371,Item-00371,BR-B,39.05,2026-01-10
SKU-00371,Item-00371,BR-C,62.36,2026-01-10
SKU-00371,Item-00371,BR-D,80.49,2026-01-10
SKU-00371,Item-00371,BR-E,78.88,2026-01-10
SKU-00372,Item-00372,BR-A,172.65,2026-01-10
SKU-00372,Item-00372,BR-B,111.15,2026-01-10
SKU-00372,Item-00372,BR-C,127.67,2026-01-10
SKU-00372,Item-00372,BR-D,67.38,2026-01-10
SKU-00372,Item-00372,BR-E,177.25,2026-01-10
SKU-00373,Item-00373,BR-A,230.61,2026-01-10
SKU-00373,Item-00373,BR-B,185.95,2026-01-10
SKU-00373,Item-00373,BR-C,127.96,2026-01-10
SKU-00373,Item-00373,BR-D,111.32,2026-01-10
SKU-00373,Item-00373,BR-E,243.43,2026-01-10
SKU-00374,Item-00374,BR-A,61.9,2026-01-10
SKU-00374,Item-00374,BR-B,37.68,2026-01-10
SKU-00374,Item-00374,BR-C,67.85,2026-01-10
SKU-00374,Item-00374,BR-D,69.7,2026-01-10
SKU-00374,Item-00374,BR-E,39.79,2026-01-10
SKU-00375,Item-00375,BR-A,49.27,2026-01-10
SKU-00375,Item-00375,BR-B,42.79,2026-01-10
SKU-00375,Item-00375,BR-C,36.87,2026-01-10
SKU-00375,Item-00375,BR-D,52.85,2026-01-10
SKU-00375,Item-00375,BR-E,37.78,2026-01-10
SKU-00376,Item-00376,BR-A,16.84,2026-01-10
SKU-00376,Item-00376,BR-B,28.54,2026-01-10
SKU-00376,Item-00376,BR-C,42.76,2026-01-10
SKU-00376,Item-00376,BR-D,17.82,2026-01-10
SKU-00376,Item-00376,BR-E,38.63,2026-01-10
SKU-00377,Item-00377,BR-A,278.74,2026-01-10
SKU-00377,Item-00377,BR-B,121.29,2026-01-10
SKU-00377,Item-00377,BR-C,277.34,2026-01-10
SKU-00377,Item-00377,BR-D,174.97,2026-01-10
SKU-00377,Item-00377,BR-E,117.51,2026-01-10
SKU-00378,Item-00378,BR-A,79.1,2026-01-10
SKU-00378,Item-00378,BR-B,38.03,2026-01-10
SKU-00378,Item-00378,BR-C,74.01,2026-01-10
SKU-00378,Item-00378,BR-D,37.29,2026-01-10
SKU-00378,Item-00378,BR-E,61.7,2026-01-10
SKU-00379,Item-00379,BR-A,93.34,2026-01-10
SKU-00379,Item-00379,BR-B,84.78,2026-01-10
SKU-00379,Item-00379,BR-C,156.53,2026-01-10
SKU-00379,Item-00379,BR-D,141.12,2026-01-10
SKU-00379,Item-00379,BR-E,106.7,2026-01-10
SKU-00380,Item-00380,BR-A,32.61,2026-01-10
SKU-00380,Item-00380,BR-B,13.05,2026-01-10
SKU-00380,Item-00380,BR-C,15.85,2026-01-10
SKU-00380,Item-00380,BR-D,33.99,2026-01-10
SKU-00380,Item-00380,BR-E,28.41,2026-01-10
SKU-00381,Item-00381,BR-A,61.67,2026-01-10
SKU-00381,Item-00381,BR-B,171.47,2026-01-10
SKU-00381,Item-00381,BR-C,120.35,2026-01-10
SKU-00381,Item-00381,BR-D,152.42,2026-01-10
SKU-00381,Item-00381,BR-E,71.21,2026-01-10
SKU-00382,Item-00382,BR-A,60.16,2026-01-10
SKU-00382,Item-00382,BR-B,64.03,2026-01-10
SKU-00382,Item-00382,BR-C,102.3,2026-01-10
SKU-00382,Item-00382,BR-D,132.59,2026-01-10
SKU-00382,Item-00382,BR-E,79.92,2026-01-10
SKU-00383,Item-00383,BR-A,26.42,2026-01-10
SKU-00383,Item-00383,BR-B,40.03,2026-01-10
SKU-00383,Item-00383,BR-C,48.35,2026-01-10
SKU-00383,Item-00383,BR-D,51.3,2026-01-10
SKU-00383,Item-00383,BR-E,44.84,2026-01-10
SKU-00384,Item-00384,BR-A,78.62,2026-01-10
SKU-00384,Item-00384,BR-B,52.91,2026-01-10
SKU-00384,Item-00384,BR-C,54.66,2026-01-10
SKU-00384,Item-00384,BR-D,53.66,2026-01-10
SKU-00384,Item-00384,BR-E,43.43,2026-01-10
SKU-00385,Item-00385,BR-A,24.89,2026-01-10
SKU-00385,Item-00385,BR-B,29.44,2026-01-10
SKU-00385,Item-00385,BR-C,20.01,2026-01-10
SKU-00385,Item-00385,BR-D,34.16,2026-01-10
SKU-00385,Item-00385,BR-E,15.91,2026-01-10
SKU-00386,Item-00386,BR-A,117.2,2026-01-10
SKU-00386,Item-00386,BR-B,83.51,2026-01-10
SKU-00386,Item-00386,BR-C,92.79,2026-01-10
SKU-00386,Item-00386,BR-D,52.28,2026-01-10
SKU-00386,Item-00386,BR-E,122.66,2026-01-10
SKU-00387,Item-00387,BR-A,75.4,2026-01-10
SKU-00387,Item-00387,BR-B,127.39,2026-01-10
SKU-00387,Item-00387,BR-C,94.13,2026-01-10
SKU-00387,Item-00387,BR-D,89.94,2026-01-10
SKU-00387,Item-00387,BR-E,78.78,2026-01-10
SKU-00388,Item-00388,BR-A,29.17,2026-01-10
SKU-00388,Item-00388,BR-B,46.55,2026-01-10
SKU-00388,Item-00388,BR-C,20.21,2026-01-10
SKU-00388,Item-00388,BR-D,25.52,2026-01-10
SKU-00388,Item-00388,BR-E,47.97,2026-01-10
SKU-00389,Item-00389,BR-A,15.24,2026-01-10
SKU-00389,Item-00389,BR-B,11.89,2026-01-10
SKU-00389,Item-00389,BR-C,22.88,2026-01-10
SKU-00389,Item-00389,BR-D,19.58,2026-01-10
SKU-00389,Item-00389,BR-E,24.19,2026-01-10
SKU-00390,Item-00390,BR-A,24.58,2026-01-10
SKU-00390,Item-00390,BR-B,25.06,2026-01-10
SKU-00390,Item-00390,BR-C,21.0,2026-01-10
SKU-00390,Item-00390,BR-D,23.41,2026-01-10
SKU-00390,Item-00390,BR-E,18.71,2026-01-10
SKU-00391,Item-00391,BR-A,103.16,2026-01-10
SKU-00391,Item-00391,BR-B,155.18,2026-01-10
SKU-00391,Item-00391,BR-C,123.96,2026-01-10
SKU-00391,Item-00391,BR-D,101.81,2026-01-10
SKU-00391,Item-00391,BR-E,73.46,2026-01-10
SKU-00392,Item-00392,BR-A,103.03,2026-01-10
SKU-00392,Item-00392,BR-B,137.16,2026-01-10
SKU-00392,Item-00392,BR-C,155.91,2026-01-10
SKU-00392,Item-00392,BR-D,204.91,2026-01-10
SKU-00392,Item-00392,BR-E,224.0,2026-01-10
SKU-00393,Item-00393,BR-A,90.41,2026-01-10
SKU-00393,Item-00393,BR-B,97.27,2026-01-10
SKU-00393,Item-00393,BR-C,111.84,2026-01-10
SKU-00393,Item-00393,BR-D,73.26,2026-01-10
SKU-00393,Item-00393,BR-E,95.73,2026-01-10
SKU-00394,Item-00394,BR-A,87.93,2026-01-10
SKU-00394,Item-00394,BR-B,58.55,2026-01-10
SKU-00394,Item-00394,BR-C,69.39,2026-01-10
SKU-00394,Item-00394,BR-D,63.45,2026-01-10
SKU-00394,Item-00394,BR-E,92.31,2026-01-10
SKU-00395,Item-00395,BR-A,70.76,2026-01-10
SKU-00395,Item-00395,BR-B,94.63,2026-01-10
SKU-00395,Item-00395,BR-C,35.44,2026-01-10
SKU-00395,Item-00395,BR-D,40.13,2026-01-10
SKU-00395,Item-00395,BR-E,95.2,2026-01-10
SKU-00396,Item-00396,BR-A,149.18,2026-01-10
SKU-00396,Item-00396,BR-B,105.84,2026-01-10
SKU-00396,Item-00396,BR-C,119.16,2026-01-10
SKU-00396,Item-00396,BR-D,177.87,2026-01-10
SKU-00396,Item-00396,BR-E,175.21,2026-01-10
SKU-00397,Item-00397,BR-A,138.13,2026-01-10
SKU-00397,Item-00397,BR-B,166.96,2026-01-10
SKU-00397,Item-00397,BR-C,193.01,2026-01-10
SKU-00397,Item-00397,BR-D,263.61,2026-01-10
SKU-00397,Item-00397,BR-E,257.17,2026-01-10
SKU-00398,Item-00398,BR-A,89.25,2026-01-10
SKU-00398,Item-00398,BR-B,145.31,2026-01-10
SKU-00398,Item-00398,BR-C,77.17,2026-01-10
SKU-00398,Item-00398,BR-D,85.77,2026-01-10
SKU-00398,Item-00398,BR-E,116.42,2026-01-10
SKU-00399,Item-00399,BR-A,169.02,2026-01-10
SKU-00399,Item-00399,BR-B,117.13,2026-01-10
SKU-00399,Item-00399,BR-C,117.82,2026-01-10
SKU-00399,Item-00399,BR-D,103.77,2026-01-10
SKU-00399,Item-00399,BR-E,183.8,2026-01-10
SKU-00400,Item-00400,BR-A,50.53,2026-01-10
SKU-00400,Item-00400,BR-B,59.84,2026-01-10
SKU-00400,Item-00400,BR-C,30.94,2026-01-10
SKU-00400,Item-00400,BR-D,69.58,2026-01-10
SKU-00400,Item-00400,BR-E,59.37,2026-01-10
