item_no,item_name,branch,quantity,date
SKU-00757,Item-00757,BR-D,32.37,2026-04-05
SKU-00303,Item-00303,BR-B,49.16,2026-04-12
SKU-00226,Item-00226,BR-E,48.45,2026-04-20
SKU-00788,Item-00788,BR-C,13.85,2026-04-10
SKU-00743,Item-00743,BR-E,95.4,2026-04-01
SKU-00772,Item-00772,BR-B,80.99,2026-04-01
SKU-00680,Item-00680,BR-E,48.99,2026-04-07
SKU-00519,Item-00519,BR-C,115.21,2026-04-15
SKU-00578,Item-00578,BR-D,42.32,2026-04-27
SKU-00608,Item-00608,BR-B,35.4,2026-04-08
SKU-00798,Item-00798,BR-B,76.72,2026-04-30
SKU-00695,Item-00695,BR-D,71.14,2026-04-05
SKU-00305,Item-00305,BR-D,97.22,2026-04-23
SKU-00205,Item-00205,BR-E,132.37,2026-04-16
SKU-00235,Item-00235,BR-C,109.91,2026-04-20
SKU-00430,Item-00430,BR-E,265.8,2026-04-02
SKU-00219,Item-00219,BR-C,72.17,2026-04-13
SKU-00682,Item-00682,BR-B,81.6,2026-04-08
SKU-00211,Item-00211,BR-C,207.74,2026-04-03
SKU-00775,Item-00775,BR-C,160.38,2026-04-06
SKU-00690,Item-00690,BR-B,137.76,2026-04-15
SKU-00604,Item-00604,BR-C,23.09,2026-04-06
SKU-00391,Item-00391,BR-C,100.87,2026-04-30
SKU-00544,Item-00544,BR-A,11.62,2026-04-17
SKU-00520,Item-00520,BR-A,178.4,2026-04-19
SKU-00563,Item-00563,BR-E,305.29,2026-04-06
SKU-00364,Item-00364,BR-B,48.01,2026-04-29
SKU-00478,Item-00478,BR-C,183.13,2026-04-23
SKU-00610,Item-00610,BR-D,304.2,2026-04-28
SKU-00554,Item-00554,BR-E,43.75,2026-04-05
SKU-00254,Item-00254,BR-E,134.18,2026-04-22
SKU-00485,Item-00485,BR-E,182.08,2026-04-24
SKU-00775,Item-00775,BR-B,146.67,2026-04-23
SKU-00322,Item-00322,BR-C,176.83,2026-04-26
SKU-00318,Item-00318,BR-D,85.87,2026-04-24
SKU-00263,Item-00263,BR-C,89.39,2026-04-17
SKU-00240,Item-00240,BR-E,89.14,2026-04-15
SKU-00726,Item-00726,BR-A,33.94,2026-04-07
SKU-00549,Item-00549,BR-B,165.0,2026-04-15
SKU-00401,Item-00401,BR-B,19.16,2026-04-02
SKU-00567,Item-00567,BR-D,13.94,2026-04-12
SKU-00783,Item-00783,BR-C,141.67,2026-04-01
SKU-00705,Item-00705,BR-B,132.14,2026-04-21
SKU-00790,Item-00790,BR-B,155.31,2026-04-23
SKU-00641,Item-00641,BR-E,27.76,2026-04-25
SKU-00274,Item-00274,BR-A,81.39,2026-04-03
SKU-00434,Item-00434,BR-D,10.15,2026-04-24
SKU-00274,Item-00274,BR-D,91.14,2026-04-23
SKU-00687,Item-00687,BR-B,100.7,2026-04-05
SKU-00500,Item-00500,BR-A,20.32,2026-04-06
SKU-00300,Item-00300,BR-A,6.13,2026-04-07
SKU-00392,Item-00392,BR-A,282.78,2026-04-19
SKU-00289,Item-00289,BR-C,241.36,2026-04-27
SKU-00792,Item-00792,BR-B,186.38,2026-04-09
SKU-00269,Item-00269,BR-C,125.23,2026-04-03
SKU-00271,Item-00271,BR-E,78.87,2026-04-16
SKU-00437,Item-00437,BR-A,151.85,2026-04-19
SKU-00754,Item-00754,BR-E,88.41,2026-04-15
SKU-00673,Item-00673,BR-A,9.98,2026-04-24
SKU-00242,Item-00242,BR-C,55.82,2026-04-16
SKU-00609,Item-00609,BR-E,206.4,2026-04-01
SKU-00215,Item-00215,BR-D,90.32,2026-04-20
SKU-00638,Item-00638,BR-C,151.77,2026-04-15
SKU-00236,Item-00236,BR-E,269.86,2026-04-12
SKU-00353,Item-00353,BR-C,75.43,2026-04-19
SKU-00268,Item-00268,BR-B,160.92,2026-04-10
SKU-00270,Item-00270,BR-B,121.3,2026-04-21
SKU-00468,Item-00468,BR-C,87.84,2026-04-26
SKU-00325,Item-00325,BR-E,94.76,2026-04-06
SKU-00429,Item-00429,BR-B,37.63,2026-04-12
SKU-00770,Item-00770,BR-E,252.25,2026-04-30
SKU-00266,Item-00266,BR-A,64.6,2026-04-21
SKU-00306,Item-00306,BR-D,42.93,2026-04-17
SKU-00664,Item-00664,BR-C,33.8,2026-04-11
SKU-00644,Item-00644,BR-C,104.25,2026-04-01
SKU-00773,Item-00773,BR-D,286.67,2026-04-11
SKU-00457,Item-00457,BR-D,180.01,2026-04-11
SKU-00442,Item-00442,BR-E,170.14,2026-04-24
SKU-00661,Item-00661,BR-D,154.1,2026-04-05
SKU-00482,Item-00482,BR-D,26.43,2026-04-23
SKU-00315,Item-00315,BR-A,66.67,2026-04-04
SKU-00638,Item-00638,BR-B,165.17,2026-04-19
SKU-00692,Item-00692,BR-C,35.88,2026-04-19
SKU-00407,Item-00407,BR-A,224.86,2026-04-26
SKU-00554,Item-00554,BR-A,35.15,2026-04-23
SKU-00220,Item-00220,BR-D,29.52,2026-04-09
SKU-00550,Item-00550,BR-A,71.77,2026-04-27
SKU-00790,Item-00790,BR-B,60.81,2026-04-23
SKU-00636,Item-00636,BR-A,18.28,2026-04-01
SKU-00318,Item-00318,BR-D,172.78,2026-04-28
SKU-00501,Item-00501,BR-B,126.91,2026-04-28
SKU-00619,Item-00619,BR-D,10.73,2026-04-13
SKU-00504,Item-00504,BR-D,80.71,2026-04-01
SKU-00742,Item-00742,BR-D,166.46,2026-04-21
SKU-00778,Item-00778,BR-E,14.08,2026-04-07
SKU-00538,Item-00538,BR-E,272.79,2026-04-12
SKU-00317,Item-00317,BR-B,15.9,2026-04-23
SKU-00619,Item-00619,BR-E,13.91,2026-04-05
SKU-00451,Item-00451,BR-B,93.6,2026-04-12
SKU-00565,Item-00565,BR-A,48.36,2026-04-17
SKU-00400,Item-00400,BR-D,66.48,2026-04-26
SKU-00362,Item-00362,BR-A,83.89,2026-04-16
SKU-00324,Item-00324,BR-E,150.66,2026-04-05
SKU-00677,Item-00677,BR-A,78.76,2026-04-14
SKU-00524,Item-00524,BR-D,103.76,2026-04-24
SKU-00424,Item-00424,BR-E,178.24,2026-04-09
SKU-00219,Item-00219,BR-B,102.5,2026-04-30
SKU-00612,Item-00612,BR-C,216.88,2026-04-30
SKU-00514,Item-00514,BR-A,26.38,2026-04-20
SKU-00508,Item-00508,BR-B,24.43,2026-04-07
SKU-00607,Item-00607,BR-E,237.05,2026-04-18
SKU-00231,Item-00231,BR-A,24.63,2026-04-18
SKU-00702,Item-00702,BR-B,114.78,2026-04-18
SKU-00394,Item-00394,BR-A,52.91,2026-04-01
SKU-00563,Item-00563,BR-D,194.28,2026-04-29
SKU-00369,Item-00369,BR-B,245.87,2026-04-14
SKU-00249,Item-00249,BR-A,145.56,2026-04-19
SKU-00311,Item-00311,BR-B,25.05,2026-04-30
SKU-00642,Item-00642,BR-C,37.16,2026-04-19
SKU-00541,Item-00541,BR-E,183.1,2026-04-24
SKU-00278,Item-00278,BR-E,47.29,2026-04-21
SKU-00706,Item-00706,BR-D,50.69,2026-04-26
SKU-00324,Item-00324,BR-E,127.97,2026-04-15
SKU-00501,Item-00501,BR-A,91.67,2026-04-17
SKU-00521,Item-00521,BR-C,219.76,2026-04-08
SKU-00436,Item-00436,BR-D,35.83,2026-04-22
SKU-00206,Item-00206,BR-B,45.97,2026-04-29
SKU-00295,Item-00295,BR-D,135.68,2026-04-29
SKU-00309,Item-00309,BR-A,52.5,2026-04-18
SKU-00788,Item-00788,BR-A,20.0,2026-04-11
SKU-00276,Item-00276,BR-A,84.4,2026-04-01
SKU-00561,Item-00561,BR-E,137.07,2026-04-28
SKU-00789,Item-00789,BR-D,159.86,2026-04-13
SKU-00344,Item-00344,BR-B,73.95,2026-04-19
SKU-00462,Item-00462,BR-D,110.88,2026-04-15
SKU-00614,Item-00614,BR-E,113.95,2026-04-07
SKU-00468,Item-00468,BR-D,117.24,2026-04-11
SKU-00719,Item-00719,BR-B,65.1,2026-04-27
SKU-00411,Item-00411,BR-D,12.14,2026-04-01
SKU-00243,Item-00243,BR-B,139.9,2026-04-04
SKU-00591,Item-00591,BR-D,100.02,2026-04-10
SKU-00381,Item-00381,BR-C,120.17,2026-04-02
SKU-00324,Item-00324,BR-B,178.19,2026-04-26
SKU-00292,Item-00292,BR-E,197.25,2026-04-04
SKU-00292,Item-00292,BR-B,137.25,2026-04-16
SKU-00715,Item-00715,BR-A,214.94,2026-04-10
SKU-00301,Item-00301,BR-C,113.49,2026-04-14
SKU-00443,Item-00443,BR-D,20.32,2026-04-09
SKU-00442,Item-00442,BR-D,151.67,2026-04-23
SKU-00577,Item-00577,BR-A,14.37,2026-04-08
SKU-00529,Item-00529,BR-C,218.98,2026-04-06
SKU-00330,Item-00330,BR-B,262.85,2026-04-10
SKU-00670,Item-00670,BR-D,73.8,2026-04-16
SKU-00515,Item-00515,BR-E,118.44,2026-04-30
SKU-00294,Item-00294,BR-B,178.06,2026-04-12
SKU-00769,Item-00769,BR-A,9.53,2026-04-18
SKU-00580,Item-00580,BR-E,75.81,2026-04-02
SKU-00519,Item-00519,BR-E,337.54,2026-04-11
SKU-00646,Item-00646,BR-A,160.94,2026-04-12
SKU-00478,Item-00478,BR-C,172.11,2026-04-13
SKU-00780,Item-00780,BR-D,20.61,2026-04-14
SKU-00269,Item-00269,BR-B,64.78,2026-04-03
SKU-00536,Item-00536,BR-B,99.63,2026-04-10
SKU-00226,Item-00226,BR-A,26.21,2026-04-06
SKU-00477,Item-00477,BR-B,15.12,2026-04-04
SKU-00671,Item-00671,BR-B,113.52,2026-04-10
SKU-00428,Item-00428,BR-C,36.94,2026-04-30
SKU-00341,Item-00341,BR-C,256.72,2026-04-22
SKU-00761,Item-00761,BR-C,210.94,2026-04-16
SKU-00417,Item-00417,BR-C,19.08,2026-04-15
SKU-00353,Item-00353,BR-B,52.74,2026-04-08
SKU-00523,Item-00523,BR-D,28.57,2026-04-24
SKU-00271,Item-00271,BR-E,73.41,2026-04-16
SKU-00727,Item-00727,BR-E,125.21,2026-04-28
SKU-00573,Item-00573,BR-B,106.39,2026-04-08
SKU-00527,Item-00527,BR-C,13.95,2026-04-11
SKU-00323,Item-00323,BR-C,252.78,2026-04-08
SKU-00632,Item-00632,BR-A,74.94,2026-04-05
SKU-00494,Item-00494,BR-B,69.32,2026-04-10
SKU-00772,Item-00772,BR-D,109.46,2026-04-09
SKU-00322,Item-00322,BR-C,105.17,2026-04-24
SKU-00252,Item-00252,BR-E,129.54,2026-04-07
SKU-00455,Item-00455,BR-D,82.65,2026-04-22
SKU-00250,Item-00250,BR-A,82.68,2026-04-01
SKU-00742,Item-00742,BR-E,133.93,2026-04-19
SKU-00548,Item-00548,BR-E,19.19,2026-04-01
SKU-00529,Item-00529,BR-B,287.08,2026-04-12
SKU-00445,Item-00445,BR-D,90.78,2026-04-09
SKU-00686,Item-00686,BR-D,91.4,2026-04-20
SKU-00767,Item-00767,BR-C,243.08,2026-04-08
SKU-00521,Item-00521,BR-A,198.59,2026-04-08
SKU-00484,Item-00484,BR-C,140.41,2026-04-12
SKU-00572,Item-00572,BR-C,30.43,2026-04-04
SKU-00483,Item-00483,BR-B,105.04,2026-04-01
SKU-00447,Item-00447,BR-B,117.28,2026-04-18
SKU-00431,Item-00431,BR-C,85.22,2026-04-04
SKU-00230,Item-00230,BR-C,107.64,2026-04-17
SKU-00243,Item-00243,BR-C,127.04,2026-04-07
SKU-00514,Item-00514,BR-E,24.52,2026-04-14
SKU-00648,Item-00648,BR-B,22.71,2026-04-13
SKU-00256,Item-00256,BR-C,11.2,2026-04-07
SKU-00789,Item-00789,BR-A,88.19,2026-04-10
SKU-00397,Item-00397,BR-D,351.87,2026-04-07
SKU-00283,Item-00283,BR-E,163.9,2026-04-07
SKU-00276,Item-00276,BR-B,226.78,2026-04-18
SKU-00328,Item-00328,BR-A,42.35,2026-04-07
SKU-00756,Item-00756,BR-D,252.56,2026-04-30
SKU-00762,Item-00762,BR-A,357.84,2026-04-24
SKU-00712,Item-00712,BR-E,113.12,2026-04-04
SKU-00786,Item-00786,BR-D,63.24,2026-04-30
SKU-00212,Item-00212,BR-D,73.96,2026-04-17
SKU-00720,Item-00720,BR-C,332.92,2026-04-03
SKU-00644,Item-00644,BR-C,73.12,2026-04-08
SKU-00746,Item-00746,BR-A,219.77,2026-04-26
SKU-00501,Item-00501,BR-E,105.23,2026-04-30
SKU-00476,Item-00476,BR-A,74.98,2026-04-20
SKU-00436,Item-00436,BR-C,29.8,2026-04-20
SKU-00734,Item-00734,BR-C,87.88,2026-04-29
SKU-00489,Item-00489,BR-B,186.02,2026-04-28
SKU-00699,Item-00699,BR-B,225.78,2026-04-01
SKU-00293,Item-00293,BR-C,162.75,2026-04-12
SKU-00734,Item-00734,BR-C,83.92,2026-04-01
SKU-00237,Item-00237,BR-B,83.75,2026-04-06
SKU-00212,Item-00212,BR-A,60.23,2026-04-13
SKU-00749,Item-00749,BR-D,81.28,2026-04-08
SKU-00720,Item-00720,BR-C,157.9,2026-04-12
SKU-00251,Item-00251,BR-C,111.25,2026-04-27
SKU-00678,Item-00678,BR-D,98.64,2026-04-06
SKU-00596,Item-00596,BR-D,102.2,2026-04-14
SKU-00707,Item-00707,BR-D,146.13,2026-04-09
SKU-00292,Item-00292,BR-A,77.52,2026-04-21
SKU-00383,Item-00383,BR-D,61.5,2026-04-07
SKU-00530,Item-00530,BR-E,211.65,2026-04-17
SKU-00568,Item-00568,BR-D,91.66,2026-04-16
SKU-00547,Item-00547,BR-B,94.03,2026-04-19
SKU-00272,Item-00272,BR-A,70.38,2026-04-06
SKU-00567,Item-00567,BR-D,17.7,2026-04-07
SKU-00709,Item-00709,BR-B,12.4,2026-04-10
SKU-00760,Item-00760,BR-E,28.62,2026-04-01
SKU-00232,Item-00232,BR-A,33.45,2026-04-30
SKU-00274,Item-00274,BR-B,87.79,2026-04-01
SKU-00599,Item-00599,BR-D,170.6,2026-04-22
SKU-00797,Item-00797,BR-C,42.68,2026-04-16
SKU-00503,Item-00503,BR-C,56.61,2026-04-17
SKU-00519,Item-00519,BR-E,112.5,2026-04-24
SKU-00380,Item-00380,BR-D,29.86,2026-04-21
SKU-00353,Item-00353,BR-A,94.59,2026-04-02
SKU-00495,Item-00495,BR-D,218.46,2026-04-22
SKU-00289,Item-00289,BR-B,120.58,2026-04-03
SKU-00628,Item-00628,BR-E,129.31,2026-04-22
SKU-00716,Item-00716,BR-E,12.66,2026-04-05
SKU-00594,Item-00594,BR-B,133.44,2026-04-05
SKU-00663,Item-00663,BR-E,81.4,2026-04-21
SKU-00553,Item-00553,BR-A,119.1,2026-04-25
SKU-00417,Item-00417,BR-B,29.87,2026-04-17
SKU-00689,Item-00689,BR-A,116.02,2026-04-06
SKU-00481,Item-00481,BR-B,123.25,2026-04-24
SKU-00360,Item-00360,BR-D,19.05,2026-04-21
SKU-00437,Item-00437,BR-C,138.81,2026-04-27
SKU-00600,Item-00600,BR-B,151.5,2026-04-09
SKU-00693,Item-00693,BR-C,143.87,2026-04-19
SKU-00325,Item-00325,BR-B,55.06,2026-04-25
SKU-00582,Item-00582,BR-B,93.7,2026-04-28
SKU-00744,Item-00744,BR-A,60.37,2026-04-12
SKU-00754,Item-00754,BR-E,65.61,2026-04-26
SKU-00775,Item-00775,BR-E,69.46,2026-04-22
SKU-00766,Item-00766,BR-B,33.68,2026-04-12
SKU-00304,Item-00304,BR-A,38.94,2026-04-23
SKU-00370,Item-00370,BR-B,32.28,2026-04-22
SKU-00494,Item-00494,BR-C,72.72,2026-04-16
SKU-00612,Item-00612,BR-E,109.77,2026-04-27
SKU-00289,Item-00289,BR-B,187.29,2026-04-02
SKU-00693,Item-00693,BR-B,48.86,2026-04-03
SKU-00485,Item-00485,BR-B,232.19,2026-04-15
SKU-00483,Item-00483,BR-C,123.61,2026-04-25
SKU-00584,Item-00584,BR-A,74.06,2026-04-08
SKU-00399,Item-00399,BR-A,90.21,2026-04-09
SKU-00720,Item-00720,BR-D,179.73,2026-04-03
SKU-00581,Item-00581,BR-E,113.4,2026-04-29
SKU-00562,Item-00562,BR-C,275.31,2026-04-26
SKU-00650,Item-00650,BR-B,107.47,2026-04-05
SKU-00279,Item-00279,BR-B,202.43,2026-04-16
SKU-00296,Item-00296,BR-C,172.38,2026-04-06
SKU-00378,Item-00378,BR-B,102.35,2026-04-23
SKU-00491,Item-00491,BR-C,115.47,2026-04-13
SKU-00525,Item-00525,BR-A,161.89,2026-04-29
SKU-00301,Item-00301,BR-E,181.98,2026-04-09
SKU-00211,Item-00211,BR-A,235.69,2026-04-17
SKU-00214,Item-00214,BR-E,106.83,2026-04-25
SKU-00678,Item-00678,BR-E,72.68,2026-04-20
SKU-00239,Item-00239,BR-E,115.11,2026-04-19
SKU-00637,Item-00637,BR-C,211.44,2026-04-08
SKU-00304,Item-00304,BR-A,45.27,2026-04-28
SKU-00736,Item-00736,BR-D,8.06,2026-04-15
SKU-00468,Item-00468,BR-E,66.24,2026-04-28
SKU-00698,Item-00698,BR-A,147.92,2026-04-16
SKU-00251,Item-00251,BR-E,140.45,2026-04-16
SKU-00760,Item-00760,BR-E,25.77,2026-04-18
SKU-00383,Item-00383,BR-A,37.16,2026-04-30
SKU-00577,Item-00577,BR-B,18.8,2026-04-20
SKU-00507,Item-00507,BR-A,185.39,2026-04-30
SKU-00496,Item-00496,BR-A,114.04,2026-04-13
SKU-00727,Item-00727,BR-E,76.87,2026-04-18
SKU-00767,Item-00767,BR-A,170.67,2026-04-25
SKU-00702,Item-00702,BR-E,168.32,2026-04-02
SKU-00773,Item-00773,BR-C,117.42,2026-04-29
SKU-00614,Item-00614,BR-D,87.57,2026-04-04
SKU-00590,Item-00590,BR-E,16.5,2026-04-07
SKU-00297,Item-00297,BR-B,84.93,2026-04-06
SKU-00595,Item-00595,BR-E,188.48,2026-04-22
SKU-00592,Item-00592,BR-E,112.01,2026-04-08
SKU-00562,Item-00562,BR-D,83.34,2026-04-18
SKU-00500,Item-00500,BR-C,20.37,2026-04-24
SKU-00478,Item-00478,BR-A,152.98,2026-04-15
SKU-00749,Item-00749,BR-E,141.52,2026-04-07
SKU-00751,Item-00751,BR-A,274.81,2026-04-13
SKU-00253,Item-00253,BR-C,14.95,2026-04-23
SKU-00389,Item-00389,BR-D,18.32,2026-04-06
SKU-00355,Item-00355,BR-C,262.94,2026-04-23
SKU-00566,Item-00566,BR-B,144.32,2026-04-28
SKU-00206,Item-00206,BR-E,73.48,2026-04-06
SKU-00656,Item-00656,BR-B,78.11,2026-04-02
SKU-00643,Item-00643,BR-D,69.6,2026-04-29
SKU-00796,Item-00796,BR-A,165.89,2026-04-07
SKU-00217,Item-00217,BR-B,210.72,2026-04-16
SKU-00462,Item-00462,BR-C,131.76,2026-04-29
SKU-00263,Item-00263,BR-E,206.29,2026-04-01
SKU-00611,Item-00611,BR-E,241.58,2026-04-17
SKU-00326,Item-00326,BR-D,71.13,2026-04-19
SKU-00630,Item-00630,BR-D,33.54,2026-04-15
SKU-00287,Item-00287,BR-E,21.75,2026-04-28
SKU-00418,Item-00418,BR-D,226.31,2026-04-01
SKU-00237,Item-00237,BR-C,155.38,2026-04-01
SKU-00371,Item-00371,BR-E,86.8,2026-04-06
SKU-00419,Item-00419,BR-E,176.21,2026-04-26
SKU-00700,Item-00700,BR-A,222.94,2026-04-15
SKU-00688,Item-00688,BR-A,44.56,2026-04-06
SKU-00508,Item-00508,BR-B,41.51,2026-04-03
SKU-00246,Item-00246,BR-B,57.39,2026-04-05
SKU-00297,Item-00297,BR-A,159.41,2026-04-16
SKU-00471,Item-00471,BR-A,64.48,2026-04-24
SKU-00549,Item-00549,BR-C,48.11,2026-04-19
SKU-00728,Item-00728,BR-B,80.12,2026-04-28
SKU-00325,Item-00325,BR-E,112.62,2026-04-07
SKU-00231,Item-00231,BR-D,27.64,2026-04-26
SKU-00764,Item-00764,BR-B,146.57,2026-04-24
SKU-00515,Item-00515,BR-C,114.77,2026-04-18
SKU-00336,Item-00336,BR-D,124.02,2026-04-20
SKU-00758,Item-00758,BR-D,91.58,2026-04-04
SKU-00706,Item-00706,BR-C,117.89,2026-04-26
SKU-00507,Item-00507,BR-D,174.28,2026-04-29
SKU-00360,Item-00360,BR-B,24.33,2026-04-13
SKU-00461,Item-00461,BR-B,120.1,2026-04-14
SKU-00486,Item-00486,BR-D,73.76,2026-04-27
SKU-00698,Item-00698,BR-C,123.26,2026-04-27
SKU-00758,Item-00758,BR-E,66.31,2026-04-02
SKU-00618,Item-00618,BR-D,340.67,2026-04-09
SKU-00554,Item-00554,BR-A,23.52,2026-04-02
SKU-00303,Item-00303,BR-B,32.46,2026-04-28
SKU-00318,Item-00318,BR-E,108.23,2026-04-02
SKU-00668,Item-00668,BR-D,51.01,2026-04-19
SKU-00610,Item-00610,BR-E,229.83,2026-04-14
SKU-00386,Item-00386,BR-A,67.14,2026-04-06
SKU-00220,Item-00220,BR-B,27.13,2026-04-26
SKU-00520,Item-00520,BR-A,301.34,2026-04-05
SKU-00488,Item-00488,BR-C,167.53,2026-04-24
SKU-00505,Item-00505,BR-A,144.51,2026-04-28
SKU-00744,Item-00744,BR-D,65.26,2026-04-26
SKU-00604,Item-00604,BR-A,21.1,2026-04-25
SKU-00484,Item-00484,BR-D,126.92,2026-04-16
SKU-00414,Item-00414,BR-A,163.13,2026-04-16
SKU-00238,Item-00238,BR-D,170.65,2026-04-13
SKU-00346,Item-00346,BR-A,42.44,2026-04-10
SKU-00563,Item-00563,BR-D,164.15,2026-04-22
SKU-00647,Item-00647,BR-D,182.85,2026-04-28
SKU-00276,Item-00276,BR-C,84.27,2026-04-09
SKU-00226,Item-00226,BR-D,40.07,2026-04-28
SKU-00437,Item-00437,BR-D,270.52,2026-04-20
SKU-00336,Item-00336,BR-E,40.97,2026-04-17
SKU-00428,Item-00428,BR-E,66.41,2026-04-28
SKU-00426,Item-00426,BR-C,106.89,2026-04-14
SKU-00505,Item-00505,BR-E,100.69,2026-04-11
SKU-00656,Item-00656,BR-A,148.98,2026-04-02
SKU-00229,Item-00229,BR-C,131.48,2026-04-23
SKU-00786,Item-00786,BR-C,43.44,2026-04-09
SKU-00428,Item-00428,BR-C,127.15,2026-04-23
SKU-00573,Item-00573,BR-D,169.22,2026-04-07
SKU-00693,Item-00693,BR-A,77.64,2026-04-03
SKU-00343,Item-00343,BR-A,70.78,2026-04-30
SKU-00706,Item-00706,BR-C,121.69,2026-04-16
SKU-00480,Item-00480,BR-E,10.2,2026-04-15
SKU-00565,Item-00565,BR-D,49.79,2026-04-16
SKU-00587,Item-00587,BR-D,284.85,2026-04-19
SKU-00296,Item-00296,BR-B,86.43,2026-04-13
SKU-00799,Item-00799,BR-C,176.42,2026-04-10
SKU-00346,Item-00346,BR-B,68.15,2026-04-09
SKU-00562,Item-00562,BR-B,276.3,2026-04-10
SKU-00494,Item-00494,BR-B,68.38,2026-04-01
SKU-00217,Item-00217,BR-C,146.45,2026-04-20
SKU-00244,Item-00244,BR-A,122.5,2026-04-25
SKU-00775,Item-00775,BR-B,74.23,2026-04-10
SKU-00610,Item-00610,BR-E,134.06,2026-04-03
SKU-00750,Item-00750,BR-B,102.18,2026-04-20
SKU-00669,Item-00669,BR-E,143.17,2026-04-15
SKU-00752,Item-00752,BR-B,147.59,2026-04-18
SKU-00251,Item-00251,BR-D,186.33,2026-04-19
SKU-00540,Item-00540,BR-A,257.69,2026-04-11
SKU-00479,Item-00479,BR-C,26.09,2026-04-09
SKU-00239,Item-00239,BR-B,143.12,2026-04-10
SKU-00380,Item-00380,BR-B,18.23,2026-04-22
SKU-00775,Item-00775,BR-C,74.61,2026-04-07
SKU-00303,Item-00303,BR-B,47.05,2026-04-04
SKU-00569,Item-00569,BR-C,19.54,2026-04-20
SKU-00578,Item-00578,BR-E,78.92,2026-04-03
SKU-00650,Item-00650,BR-A,82.38,2026-04-30
SKU-00422,Item-00422,BR-D,104.64,2026-04-03
SKU-00312,Item-00312,BR-D,46.56,2026-04-18
SKU-00246,Item-00246,BR-B,47.13,2026-04-18
SKU-00405,Item-00405,BR-D,91.18,2026-04-27
SKU-00325,Item-00325,BR-D,173.17,2026-04-21
SKU-00629,Item-00629,BR-C,46.42,2026-04-18
SKU-00324,Item-00324,BR-A,131.4,2026-04-10
SKU-00619,Item-00619,BR-E,13.71,2026-04-04
SKU-00322,Item-00322,BR-D,82.86,2026-04-04
SKU-00584,Item-00584,BR-B,73.9,2026-04-09
SKU-00559,Item-00559,BR-A,163.8,2026-04-21
SKU-00799,Item-00799,BR-E,165.63,2026-04-03
SKU-00404,Item-00404,BR-A,38.2,2026-04-28
SKU-00277,Item-00277,BR-B,75.28,2026-04-22
SKU-00591,Item-00591,BR-D,90.99,2026-04-20
SKU-00314,Item-00314,BR-B,270.72,2026-04-06
SKU-00281,Item-00281,BR-C,130.48,2026-04-28
SKU-00465,Item-00465,BR-A,124.91,2026-04-27
SKU-00499,Item-00499,BR-D,160.34,2026-04-01
SKU-00552,Item-00552,BR-E,179.31,2026-04-09
SKU-00663,Item-00663,BR-C,67.59,2026-04-30
SKU-00264,Item-00264,BR-A,42.47,2026-04-30
SKU-00407,Item-00407,BR-B,140.15,2026-04-23
SKU-00451,Item-00451,BR-D,106.92,2026-04-28
SKU-00654,Item-00654,BR-C,34.88,2026-04-01
SKU-00660,Item-00660,BR-C,198.79,2026-04-11
SKU-00536,Item-00536,BR-C,166.83,2026-04-14
SKU-00772,Item-00772,BR-D,54.5,2026-04-22
SKU-00549,Item-00549,BR-E,60.38,2026-04-11
SKU-00205,Item-00205,BR-D,111.41,2026-04-24
SKU-00264,Item-00264,BR-D,55.81,2026-04-22
SKU-00742,Item-00742,BR-C,247.68,2026-04-13
SKU-00637,Item-00637,BR-D,98.43,2026-04-30
SKU-00419,Item-00419,BR-E,189.73,2026-04-23
SKU-00732,Item-00732,BR-D,32.74,2026-04-15
SKU-00543,Item-00543,BR-C,55.76,2026-04-03
SKU-00386,Item-00386,BR-A,101.37,2026-04-12
SKU-00396,Item-00396,BR-E,88.43,2026-04-29
SKU-00656,Item-00656,BR-B,144.34,2026-04-05
SKU-00746,Item-00746,BR-E,130.19,2026-04-14
SKU-00577,Item-00577,BR-E,20.3,2026-04-10
SKU-00256,Item-00256,BR-B,9.75,2026-04-10
SKU-00672,Item-00672,BR-D,77.09,2026-04-18
SKU-00281,Item-00281,BR-B,163.11,2026-04-30
SKU-00363,Item-00363,BR-E,164.49,2026-04-09
SKU-00491,Item-00491,BR-B,153.52,2026-04-02
SKU-00616,Item-00616,BR-E,54.96,2026-04-19
SKU-00454,Item-00454,BR-E,156.76,2026-04-27
SKU-00599,Item-00599,BR-A,121.1,2026-04-14
SKU-00402,Item-00402,BR-E,80.97,2026-04-04
SKU-00341,Item-00341,BR-E,161.7,2026-04-24
SKU-00715,Item-00715,BR-D,186.22,2026-04-26
SKU-00569,Item-00569,BR-D,23.62,2026-04-01
SKU-00397,Item-00397,BR-A,296.76,2026-04-18
SKU-00622,Item-00622,BR-E,205.02,2026-04-19
SKU-00388,Item-00388,BR-D,42.9,2026-04-10
SKU-00729,Item-00729,BR-A,184.06,2026-04-21
SKU-00623,Item-00623,BR-C,20.65,2026-04-17
SKU-00334,Item-00334,BR-D,7.59,2026-04-24
SKU-00556,Item-00556,BR-E,23.73,2026-04-20
SKU-00470,Item-00470,BR-A,179.61,2026-04-10
SKU-00518,Item-00518,BR-D,66.61,2026-04-04
SKU-00756,Item-00756,BR-E,328.73,2026-04-02
SKU-00320,Item-00320,BR-C,191.79,2026-04-18
SKU-00382,Item-00382,BR-B,84.4,2026-04-13
SKU-00313,Item-00313,BR-D,166.38,2026-04-28
SKU-00760,Item-00760,BR-B,27.59,2026-04-23
SKU-00469,Item-00469,BR-B,157.06,2026-04-21
SKU-00720,Item-00720,BR-A,145.31,2026-04-30
SKU-00294,Item-00294,BR-B,299.29,2026-04-20
SKU-00779,Item-00779,BR-C,70.47,2026-04-27
SKU-00689,Item-00689,BR-C,136.73,2026-04-10
SKU-00655,Item-00655,BR-C,103.95,2026-04-24
SKU-00435,Item-00435,BR-D,84.24,2026-04-07
SKU-00681,Item-00681,BR-A,11.02,2026-04-06
SKU-00398,Item-00398,BR-D,186.14,2026-04-06
SKU-00572,Item-00572,BR-A,22.44,2026-04-04
SKU-00341,Item-00341,BR-A,134.1,2026-04-28
SKU-00577,Item-00577,BR-E,11.18,2026-04-25
SKU-00656,Item-00656,BR-E,84.18,2026-04-26
SKU-00643,Item-00643,BR-B,51.5,2026-04-09
SKU-00233,Item-00233,BR-C,4.51,2026-04-06
SKU-00439,Item-00439,BR-C,138.41,2026-04-19
SKU-00726,Item-00726,BR-E,39.8,2026-04-12
SKU-00361,Item-00361,BR-B,107.2,2026-04-16
SKU-00235,Item-00235,BR-B,81.1,2026-04-18
SKU-00491,Item-00491,BR-C,193.39,2026-04-11
SKU-00492,Item-00492,BR-B,45.78,2026-04-10
SKU-00715,Item-00715,BR-D,291.2,2026-04-28
SKU-00792,Item-00792,BR-A,112.41,2026-04-23
SKU-00777,Item-00777,BR-D,42.18,2026-04-12
SKU-00442,Item-00442,BR-D,106.48,2026-04-24
SKU-00421,Item-00421,BR-B,101.78,2026-04-03
SKU-00652,Item-00652,BR-A,131.76,2026-04-12
SKU-00565,Item-00565,BR-D,45.02,2026-04-20
SKU-00584,Item-00584,BR-A,50.33,2026-04-03
SKU-00557,Item-00557,BR-D,275.69,2026-04-09
SKU-00771,Item-00771,BR-D,110.04,2026-04-16
SKU-00253,Item-00253,BR-B,20.26,2026-04-13
SKU-00450,Item-00450,BR-E,245.03,2026-04-05
SKU-00596,Item-00596,BR-E,105.2,2026-04-15
SKU-00542,Item-00542,BR-E,250.01,2026-04-11
SKU-00432,Item-00432,BR-A,71.15,2026-04-11
SKU-00760,Item-00760,BR-C,19.23,2026-04-21
SKU-00681,Item-00681,BR-D,23.01,2026-04-15
SKU-00480,Item-00480,BR-D,4.3,2026-04-10
SKU-00293,Item-00293,BR-A,186.25,2026-04-26
SKU-00771,Item-00771,BR-B,193.94,2026-04-27
SKU-00442,Item-00442,BR-C,65.36,2026-04-19
SKU-00476,Item-00476,BR-E,92.49,2026-04-28
SKU-00221,Item-00221,BR-E,83.59,2026-04-22
SKU-00465,Item-00465,BR-A,259.34,2026-04-22
SKU-00274,Item-00274,BR-B,87.47,2026-04-10
SKU-00629,Item-00629,BR-A,47.8,2026-04-11
SKU-00543,Item-00543,BR-B,81.13,2026-04-01
SKU-00341,Item-00341,BR-D,164.96,2026-04-06
SKU-00256,Item-00256,BR-A,5.52,2026-04-08
SKU-00231,Item-00231,BR-E,51.78,2026-04-20
SKU-00560,Item-00560,BR-B,86.54,2026-04-21
SKU-00532,Item-00532,BR-A,118.89,2026-04-29
SKU-00411,Item-00411,BR-C,21.63,2026-04-27
SKU-00764,Item-00764,BR-E,93.85,2026-04-30
SKU-00692,Item-00692,BR-A,61.5,2026-04-16
SKU-00593,Item-00593,BR-D,80.81,2026-04-28
SKU-00775,Item-00775,BR-A,65.84,2026-04-02
SKU-00552,Item-00552,BR-A,187.97,2026-04-12
SKU-00298,Item-00298,BR-A,119.68,2026-04-24
SKU-00483,Item-00483,BR-A,114.46,2026-04-22
SKU-00501,Item-00501,BR-C,104.18,2026-04-09
SKU-00407,Item-00407,BR-E,361.18,2026-04-27
SKU-00397,Item-00397,BR-C,164.19,2026-04-24
SKU-00350,Item-00350,BR-C,156.93,2026-04-22
SKU-00567,Item-00567,BR-B,22.5,2026-04-03
SKU-00269,Item-00269,BR-B,109.48,2026-04-29
SKU-00766,Item-00766,BR-A,48.15,2026-04-19
SKU-00337,Item-00337,BR-D,151.12,2026-04-11
SKU-00379,Item-00379,BR-D,87.84,2026-04-24
SKU-00620,Item-00620,BR-E,23.31,2026-04-23
SKU-00620,Item-00620,BR-E,25.3,2026-04-17
SKU-00481,Item-00481,BR-D,71.23,2026-04-07
SKU-00283,Item-00283,BR-E,84.53,2026-04-19
SKU-00640,Item-00640,BR-C,96.0,2026-04-21
SKU-00450,Item-00450,BR-E,335.97,2026-04-27
SKU-00462,Item-00462,BR-E,61.23,2026-04-23
SKU-00767,Item-00767,BR-C,237.86,2026-04-17
SKU-00469,Item-00469,BR-C,108.53,2026-04-24
SKU-00373,Item-00373,BR-B,165.35,2026-04-16
SKU-00318,Item-00318,BR-C,178.1,2026-04-30
SKU-00233,Item-00233,BR-B,2.84,2026-04-03
SKU-00279,Item-00279,BR-E,121.81,2026-04-20
SKU-00269,Item-00269,BR-A,166.72,2026-04-29
SKU-00760,Item-00760,BR-E,29.06,2026-04-25
SKU-00425,Item-00425,BR-D,149.62,2026-04-02
SKU-00492,Item-00492,BR-D,74.38,2026-04-09
SKU-00484,Item-00484,BR-C,158.27,2026-04-08
SKU-00338,Item-00338,BR-C,101.16,2026-04-27
SKU-00266,Item-00266,BR-E,55.81,2026-04-29
SKU-00289,Item-00289,BR-A,174.72,2026-04-22
SKU-00336,Item-00336,BR-D,107.92,2026-04-21
SKU-00336,Item-00336,BR-A,80.65,2026-04-10
SKU-00645,Item-00645,BR-B,124.23,2026-04-28
SKU-00201,Item-00201,BR-A,134.53,2026-04-24
SKU-00734,Item-00734,BR-D,103.3,2026-04-26
SKU-00310,Item-00310,BR-C,117.39,2026-04-06
SKU-00364,Item-00364,BR-B,67.23,2026-04-14
SKU-00794,Item-00794,BR-B,71.48,2026-04-19
SKU-00438,Item-00438,BR-C,132.09,2026-04-24
SKU-00246,Item-00246,BR-D,54.37,2026-04-28
SKU-00274,Item-00274,BR-E,124.08,2026-04-02
SKU-00443,Item-00443,BR-D,60.48,2026-04-03
SKU-00300,Item-00300,BR-A,15.65,2026-04-11
SKU-00398,Item-00398,BR-D,155.94,2026-04-30
SKU-00795,Item-00795,BR-B,87.54,2026-04-11
SKU-00318,Item-00318,BR-C,155.48,2026-04-19
SKU-00481,Item-00481,BR-A,102.79,2026-04-30
SKU-00642,Item-00642,BR-D,19.72,2026-04-25
SKU-00735,Item-00735,BR-E,160.68,2026-04-17
SKU-00348,Item-00348,BR-A,181.24,2026-04-02
SKU-00650,Item-00650,BR-D,151.76,2026-04-02
SKU-00532,Item-00532,BR-E,331.42,2026-04-18
SKU-00675,Item-00675,BR-A,136.39,2026-04-23
SKU-00649,Item-00649,BR-D,166.78,2026-04-14
SKU-00690,Item-00690,BR-B,101.86,2026-04-09
SKU-00602,Item-00602,BR-D,17.74,2026-04-16
SKU-00208,Item-00208,BR-B,215.98,2026-04-25
SKU-00708,Item-00708,BR-B,54.51,2026-04-15
SKU-00320,Item-00320,BR-B,164.74,2026-04-24
SKU-00647,Item-00647,BR-B,239.57,2026-04-13
SKU-00735,Item-00735,BR-B,145.49,2026-04-17
SKU-00778,Item-00778,BR-A,12.95,2026-04-13
SKU-00756,Item-00756,BR-C,179.17,2026-04-13
SKU-00204,Item-00204,BR-D,270.59,2026-04-11
SKU-00719,Item-00719,BR-E,108.2,2026-04-05
SKU-00273,Item-00273,BR-E,151.85,2026-04-24
SKU-00435,Item-00435,BR-B,113.77,2026-04-10
SKU-00330,Item-00330,BR-A,147.83,2026-04-07
SKU-00507,Item-00507,BR-E,219.28,2026-04-28
SKU-00559,Item-00559,BR-A,118.42,2026-04-09
SKU-00226,Item-00226,BR-C,40.32,2026-04-21
SKU-00499,Item-00499,BR-A,84.44,2026-04-14
SKU-00596,Item-00596,BR-C,196.3,2026-04-02
SKU-00264,Item-00264,BR-B,37.07,2026-04-09
SKU-00652,Item-00652,BR-C,75.6,2026-04-24
SKU-00241,Item-00241,BR-D,171.51,2026-04-01
SKU-00584,Item-00584,BR-E,51.4,2026-04-25
SKU-00534,Item-00534,BR-D,112.71,2026-04-05
SKU-00773,Item-00773,BR-E,146.13,2026-04-17
SKU-00720,Item-00720,BR-E,172.94,2026-04-09
SKU-00354,Item-00354,BR-A,94.77,2026-04-25
SKU-00775,Item-00775,BR-D,106.9,2026-04-13
SKU-00634,Item-00634,BR-D,184.09,2026-04-20
SKU-00523,Item-00523,BR-E,72.9,2026-04-02
SKU-00292,Item-00292,BR-C,131.67,2026-04-12
SKU-00769,Item-00769,BR-C,15.78,2026-04-23
SKU-00499,Item-00499,BR-D,101.48,2026-04-16
SKU-00799,Item-00799,BR-B,166.69,2026-04-03
SKU-00528,Item-00528,BR-B,150.3,2026-04-17
SKU-00630,Item-00630,BR-D,40.13,2026-04-17
SKU-00447,Item-00447,BR-D,71.3,2026-04-03
SKU-00648,Item-00648,BR-C,52.14,2026-04-09
SKU-00674,Item-00674,BR-A,23.73,2026-04-11
SKU-00768,Item-00768,BR-A,233.75,2026-04-07
SKU-00460,Item-00460,BR-E,183.83,2026-04-27
SKU-00237,Item-00237,BR-C,217.29,2026-04-29
SKU-00594,Item-00594,BR-B,150.92,2026-04-13
SKU-00781,Item-00781,BR-A,115.97,2026-04-24
SKU-00446,Item-00446,BR-A,34.15,2026-04-03
SKU-00752,Item-00752,BR-D,155.34,2026-04-10
SKU-00204,Item-00204,BR-C,227.91,2026-04-01
SKU-00266,Item-00266,BR-A,64.58,2026-04-30
SKU-00267,Item-00267,BR-E,93.16,2026-04-03
SKU-00585,Item-00585,BR-A,21.44,2026-04-05
SKU-00788,Item-00788,BR-E,13.33,2026-04-14
SKU-00595,Item-00595,BR-A,105.98,2026-04-03
SKU-00767,Item-00767,BR-A,224.76,2026-04-28
SKU-00259,Item-00259,BR-B,160.14,2026-04-23
SKU-00408,Item-00408,BR-D,76.39,2026-04-03
SKU-00492,Item-00492,BR-B,130.86,2026-04-23
SKU-00597,Item-00597,BR-A,123.83,2026-04-20
SKU-00282,Item-00282,BR-B,25.53,2026-04-23
SKU-00364,Item-00364,BR-A,75.87,2026-04-26
SKU-00446,Item-00446,BR-B,23.6,2026-04-02
SKU-00596,Item-00596,BR-A,218.34,2026-04-27
SKU-00718,Item-00718,BR-E,78.74,2026-04-23
SKU-00568,Item-00568,BR-D,120.58,2026-04-15
SKU-00577,Item-00577,BR-D,30.27,2026-04-30
SKU-00504,Item-00504,BR-A,40.02,2026-04-10
SKU-00579,Item-00579,BR-B,84.17,2026-04-25
SKU-00546,Item-00546,BR-E,240.38,2026-04-07
SKU-00708,Item-00708,BR-D,79.03,2026-04-03
SKU-00398,Item-00398,BR-B,248.0,2026-04-17
SKU-00461,Item-00461,BR-C,184.06,2026-04-05
SKU-00584,Item-00584,BR-C,66.12,2026-04-23
SKU-00462,Item-00462,BR-B,52.45,2026-04-28
SKU-00273,Item-00273,BR-C,92.81,2026-04-13
SKU-00408,Item-00408,BR-B,73.0,2026-04-25
SKU-00642,Item-00642,BR-A,23.99,2026-04-30
SKU-00419,Item-00419,BR-A,79.55,2026-04-29
SKU-00433,Item-00433,BR-A,148.5,2026-04-23
SKU-00450,Item-00450,BR-D,124.49,2026-04-28
SKU-00631,Item-00631,BR-D,101.17,2026-04-17
SKU-00385,Item-00385,BR-A,45.55,2026-04-12
SKU-00381,Item-00381,BR-B,61.94,2026-04-04
SKU-00729,Item-00729,BR-E,153.08,2026-04-07
SKU-00251,Item-00251,BR-E,153.8,2026-04-29
SKU-00425,Item-00425,BR-B,173.53,2026-04-03
SKU-00393,Item-00393,BR-E,133.43,2026-04-21
SKU-00776,Item-00776,BR-D,68.62,2026-04-01
SKU-00723,Item-00723,BR-B,68.32,2026-04-30
SKU-00719,Item-00719,BR-A,62.96,2026-04-07
SKU-00526,Item-00526,BR-E,95.42,2026-04-08
SKU-00579,Item-00579,BR-E,119.32,2026-04-18
SKU-00738,Item-00738,BR-D,183.37,2026-04-19
SKU-00647,Item-00647,BR-E,124.3,2026-04-16
SKU-00783,Item-00783,BR-A,102.16,2026-04-09
SKU-00480,Item-00480,BR-B,11.35,2026-04-30
SKU-00789,Item-00789,BR-E,156.15,2026-04-13
SKU-00479,Item-00479,BR-E,25.7,2026-04-25
SKU-00798,Item-00798,BR-B,134.34,2026-04-29
SKU-00349,Item-00349,BR-E,52.82,2026-04-12
SKU-00462,Item-00462,BR-B,127.56,2026-04-30
SKU-00470,Item-00470,BR-E,122.37,2026-04-10
SKU-00675,Item-00675,BR-D,197.33,2026-04-28
SKU-00413,Item-00413,BR-D,90.55,2026-04-25
SKU-00311,Item-00311,BR-C,18.03,2026-04-25
SKU-00722,Item-00722,BR-D,31.19,2026-04-04
SKU-00480,Item-00480,BR-A,11.9,2026-04-18
SKU-00459,Item-00459,BR-C,184.18,2026-04-14
SKU-00666,Item-00666,BR-E,176.23,2026-04-21
SKU-00377,Item-00377,BR-D,135.52,2026-04-22
SKU-00656,Item-00656,BR-A,75.1,2026-04-30
SKU-00686,Item-00686,BR-C,104.67,2026-04-13
SKU-00618,Item-00618,BR-A,224.99,2026-04-22
SKU-00635,Item-00635,BR-D,10.62,2026-04-30
SKU-00800,Item-00800,BR-A,240.03,2026-04-30
SKU-00559,Item-00559,BR-D,110.21,2026-04-13
SKU-00320,Item-00320,BR-A,83.17,2026-04-06
SKU-00371,Item-00371,BR-B,67.29,2026-04-27
SKU-00628,Item-00628,BR-A,64.37,2026-04-11
SKU-00561,Item-00561,BR-B,188.06,2026-04-26
SKU-00571,Item-00571,BR-A,184.79,2026-04-07
SKU-00646,Item-00646,BR-A,166.39,2026-04-17
SKU-00495,Item-00495,BR-E,260.93,2026-04-13
SKU-00268,Item-00268,BR-E,89.58,2026-04-15
SKU-00524,Item-00524,BR-D,179.9,2026-04-14
SKU-00419,Item-00419,BR-D,165.71,2026-04-21
SKU-00238,Item-00238,BR-E,165.16,2026-04-08
SKU-00249,Item-00249,BR-B,199.8,2026-04-23
SKU-00236,Item-00236,BR-D,191.66,2026-04-26
SKU-00457,Item-00457,BR-B,112.58,2026-04-19
SKU-00668,Item-00668,BR-A,74.72,2026-04-01
SKU-00313,Item-00313,BR-B,176.96,2026-04-25
SKU-00498,Item-00498,BR-B,160.32,2026-04-16
SKU-00338,Item-00338,BR-D,196.92,2026-04-14
SKU-00430,Item-00430,BR-A,190.97,2026-04-08
SKU-00464,Item-00464,BR-A,69.88,2026-04-04
SKU-00250,Item-00250,BR-A,96.43,2026-04-11
SKU-00356,Item-00356,BR-D,32.64,2026-04-30
SKU-00286,Item-00286,BR-A,163.16,2026-04-17
SKU-00545,Item-00545,BR-D,35.54,2026-04-10
SKU-00629,Item-00629,BR-B,58.83,2026-04-10
SKU-00338,Item-00338,BR-A,118.63,2026-04-17
SKU-00630,Item-00630,BR-D,47.6,2026-04-06
SKU-00609,Item-00609,BR-B,96.03,2026-04-25
SKU-00722,Item-00722,BR-E,24.86,2026-04-26
SKU-00651,Item-00651,BR-C,109.25,2026-04-27
SKU-00716,Item-00716,BR-B,20.5,2026-04-29
SKU-00306,Item-00306,BR-B,128.94,2026-04-17
SKU-00374,Item-00374,BR-E,38.5,2026-04-14
SKU-00425,Item-00425,BR-C,192.01,2026-04-14
SKU-00439,Item-00439,BR-C,66.44,2026-04-26
SKU-00742,Item-00742,BR-D,285.21,2026-04-11
SKU-00487,Item-00487,BR-D,236.19,2026-04-10
SKU-00541,Item-00541,BR-D,181.23,2026-04-26
SKU-00658,Item-00658,BR-B,288.71,2026-04-24
SKU-00667,Item-00667,BR-E,17.37,2026-04-23
SKU-00753,Item-00753,BR-A,93.68,2026-04-07
SKU-00635,Item-00635,BR-D,11.84,2026-04-24
SKU-00311,Item-00311,BR-C,19.53,2026-04-25
SKU-00364,Item-00364,BR-B,81.21,2026-04-19
SKU-00663,Item-00663,BR-D,170.85,2026-04-09
SKU-00306,Item-00306,BR-C,107.73,2026-04-18
SKU-00747,Item-00747,BR-D,55.18,2026-04-07
SKU-00355,Item-00355,BR-B,232.13,2026-04-30
SKU-00234,Item-00234,BR-D,168.92,2026-04-15
SKU-00663,Item-00663,BR-C,180.78,2026-04-24
SKU-00714,Item-00714,BR-C,61.12,2026-04-05
SKU-00270,Item-00270,BR-A,224.03,2026-04-20
SKU-00791,Item-00791,BR-D,208.31,2026-04-11
SKU-00671,Item-00671,BR-D,113.4,2026-04-19
SKU-00616,Item-00616,BR-D,128.81,2026-04-22
SKU-00653,Item-00653,BR-E,143.98,2026-04-24
SKU-00392,Item-00392,BR-D,253.29,2026-04-07
SKU-00598,Item-00598,BR-A,25.6,2026-04-29
SKU-00706,Item-00706,BR-E,62.53,2026-04-28
SKU-00781,Item-00781,BR-D,211.94,2026-04-20
SKU-00388,Item-00388,BR-A,50.09,2026-04-19
SKU-00724,Item-00724,BR-B,218.03,2026-04-17
SKU-00273,Item-00273,BR-A,148.83,2026-04-13
SKU-00334,Item-00334,BR-C,5.83,2026-04-03
SKU-00543,Item-00543,BR-B,112.42,2026-04-09
SKU-00605,Item-00605,BR-D,94.1,2026-04-11
SKU-00622,Item-00622,BR-B,267.31,2026-04-05
SKU-00537,Item-00537,BR-A,170.03,2026-04-15
SKU-00735,Item-00735,BR-E,184.59,2026-04-28
SKU-00770,Item-00770,BR-A,241.94,2026-04-19
SKU-00540,Item-00540,BR-C,119.96,2026-04-01
SKU-00331,Item-00331,BR-E,126.88,2026-04-08
SKU-00512,Item-00512,BR-B,272.29,2026-04-04
SKU-00504,Item-00504,BR-B,54.85,2026-04-22
SKU-00716,Item-00716,BR-E,8.93,2026-04-30
SKU-00673,Item-00673,BR-B,10.84,2026-04-18
SKU-00766,Item-00766,BR-C,80.06,2026-04-26
SKU-00786,Item-00786,BR-D,44.71,2026-04-16
SKU-00429,Item-00429,BR-E,71.38,2026-04-21
SKU-00677,Item-00677,BR-C,46.56,2026-04-30
SKU-00355,Item-00355,BR-A,133.65,2026-04-28
SKU-00526,Item-00526,BR-E,88.78,2026-04-02
SKU-00538,Item-00538,BR-D,161.86,2026-04-05
SKU-00476,Item-00476,BR-D,94.41,2026-04-21
SKU-00287,Item-00287,BR-B,25.48,2026-04-07
SKU-00676,Item-00676,BR-E,17.24,2026-04-13
SKU-00751,Item-00751,BR-C,141.45,2026-04-09
SKU-00352,Item-00352,BR-E,225.79,2026-04-28
SKU-00571,Item-00571,BR-C,180.79,2026-04-19
SKU-00394,Item-00394,BR-B,107.04,2026-04-01
SKU-00239,Item-00239,BR-E,58.63,2026-04-29
SKU-00507,Item-00507,BR-C,265.1,2026-04-04
SKU-00426,Item-00426,BR-A,198.88,2026-04-01
SKU-00725,Item-00725,BR-C,200.14,2026-04-02
SKU-00487,Item-00487,BR-A,135.48,2026-04-01
SKU-00592,Item-00592,BR-C,126.23,2026-04-04
SKU-00327,Item-00327,BR-E,11.34,2026-04-04
SKU-00430,Item-00430,BR-B,235.36,2026-04-02
SKU-00280,Item-00280,BR-A,34.34,2026-04-29
SKU-00362,Item-00362,BR-A,61.07,2026-04-22
SKU-00340,Item-00340,BR-E,248.64,2026-04-17
SKU-00324,Item-00324,BR-C,170.29,2026-04-11
SKU-00238,Item-00238,BR-B,143.45,2026-04-26
SKU-00287,Item-00287,BR-D,13.62,2026-04-25
SKU-00287,Item-00287,BR-E,23.3,2026-04-08
SKU-00346,Item-00346,BR-A,47.21,2026-04-17
SKU-00505,Item-00505,BR-B,163.72,2026-04-22
SKU-00754,Item-00754,BR-A,204.1,2026-04-28
SKU-00453,Item-00453,BR-C,162.61,2026-04-20
SKU-00512,Item-00512,BR-A,215.04,2026-04-20
SKU-00751,Item-00751,BR-A,139.51,2026-04-22
SKU-00309,Item-00309,BR-E,86.45,2026-04-27
SKU-00306,Item-00306,BR-A,116.05,2026-04-07
SKU-00317,Item-00317,BR-D,51.12,2026-04-03
SKU-00500,Item-00500,BR-A,30.53,2026-04-30
SKU-00509,Item-00509,BR-E,268.79,2026-04-14
SKU-00469,Item-00469,BR-C,55.01,2026-04-21
SKU-00231,Item-00231,BR-A,23.22,2026-04-06
SKU-00707,Item-00707,BR-B,183.65,2026-04-21
SKU-00777,Item-00777,BR-B,40.87,2026-04-21
SKU-00330,Item-00330,BR-A,229.2,2026-04-13
SKU-00560,Item-00560,BR-D,103.57,2026-04-23
SKU-00297,Item-00297,BR-D,110.11,2026-04-29
SKU-00346,Item-00346,BR-D,108.84,2026-04-20
SKU-00519,Item-00519,BR-C,149.72,2026-04-01
SKU-00557,Item-00557,BR-E,160.57,2026-04-07
SKU-00455,Item-00455,BR-B,91.43,2026-04-15
SKU-00245,Item-00245,BR-D,59.99,2026-04-18
SKU-00636,Item-00636,BR-E,15.1,2026-04-27
SKU-00648,Item-00648,BR-A,55.52,2026-04-27
SKU-00263,Item-00263,BR-B,144.9,2026-04-23
SKU-00553,Item-00553,BR-C,58.8,2026-04-13
SKU-00295,Item-00295,BR-D,170.09,2026-04-17
SKU-00462,Item-00462,BR-C,57.57,2026-04-26
SKU-00643,Item-00643,BR-B,49.61,2026-04-09
SKU-00731,Item-00731,BR-A,29.12,2026-04-01
SKU-00498,Item-00498,BR-C,144.12,2026-04-18
SKU-00391,Item-00391,BR-D,113.85,2026-04-16
SKU-00237,Item-00237,BR-C,145.58,2026-04-20
SKU-00673,Item-00673,BR-A,7.67,2026-04-04
SKU-00375,Item-00375,BR-D,47.43,2026-04-27
SKU-00450,Item-00450,BR-B,264.61,2026-04-08
SKU-00397,Item-00397,BR-E,135.74,2026-04-20
SKU-00342,Item-00342,BR-D,184.25,2026-04-21
SKU-00402,Item-00402,BR-B,97.64,2026-04-06
SKU-00252,Item-00252,BR-E,72.73,2026-04-21
SKU-00572,Item-00572,BR-D,22.35,2026-04-01
SKU-00394,Item-00394,BR-C,49.61,2026-04-26
SKU-00567,Item-00567,BR-D,25.72,2026-04-12
SKU-00281,Item-00281,BR-E,289.49,2026-04-23
SKU-00450,Item-00450,BR-E,356.49,2026-04-09
SKU-00504,Item-00504,BR-C,79.78,2026-04-23
SKU-00777,Item-00777,BR-B,38.22,2026-04-12
SKU-00487,Item-00487,BR-C,175.29,2026-04-03
SKU-00387,Item-00387,BR-E,134.07,2026-04-26
SKU-00664,Item-00664,BR-E,71.55,2026-04-19
SKU-00501,Item-00501,BR-C,126.3,2026-04-17
SKU-00443,Item-00443,BR-B,55.65,2026-04-22
SKU-00713,Item-00713,BR-D,96.53,2026-04-15
SKU-00621,Item-00621,BR-B,89.61,2026-04-28
SKU-00529,Item-00529,BR-C,191.79,2026-04-28
SKU-00512,Item-00512,BR-D,219.55,2026-04-23
SKU-00492,Item-00492,BR-A,91.21,2026-04-18
SKU-00373,Item-00373,BR-E,128.47,2026-04-24
SKU-00545,Item-00545,BR-E,31.78,2026-04-06
SKU-00308,Item-00308,BR-A,80.77,2026-04-24
SKU-00490,Item-00490,BR-D,153.92,2026-04-03
SKU-00645,Item-00645,BR-D,103.29,2026-04-12
SKU-00600,Item-00600,BR-B,180.33,2026-04-08
SKU-00201,Item-00201,BR-A,138.54,2026-04-22
SKU-00398,Item-00398,BR-B,160.04,2026-04-02
SKU-00281,Item-00281,BR-C,151.55,2026-04-15
SKU-00574,Item-00574,BR-C,18.52,2026-04-28
SKU-00294,Item-00294,BR-C,321.4,2026-04-30
SKU-00654,Item-00654,BR-B,98.04,2026-04-05
SKU-00717,Item-00717,BR-B,184.5,2026-04-13
SKU-00353,Item-00353,BR-C,99.89,2026-04-09
SKU-00304,Item-00304,BR-D,41.61,2026-04-14
SKU-00573,Item-00573,BR-D,195.56,2026-04-29
SKU-00675,Item-00675,BR-D,146.71,2026-04-08
SKU-00593,Item-00593,BR-C,93.45,2026-04-15
SKU-00319,Item-00319,BR-A,78.32,2026-04-14
SKU-00671,Item-00671,BR-E,111.78,2026-04-29
SKU-00389,Item-00389,BR-C,32.24,2026-04-30
SKU-00359,Item-00359,BR-B,65.83,2026-04-20
SKU-00377,Item-00377,BR-E,175.83,2026-04-14
SKU-00391,Item-00391,BR-E,108.56,2026-04-25
SKU-00492,Item-00492,BR-D,77.67,2026-04-16
SKU-00421,Item-00421,BR-B,231.41,2026-04-02
SKU-00319,Item-00319,BR-A,189.47,2026-04-14
SKU-00690,Item-00690,BR-D,109.26,2026-04-07
SKU-00490,Item-00490,BR-C,82.99,2026-04-18
SKU-00303,Item-00303,BR-D,47.42,2026-04-22
SKU-00572,Item-00572,BR-C,34.68,2026-04-21
SKU-00257,Item-00257,BR-D,208.02,2026-04-13
SKU-00509,Item-00509,BR-E,247.42,2026-04-01
SKU-00736,Item-00736,BR-C,20.78,2026-04-10
SKU-00640,Item-00640,BR-A,90.86,2026-04-29
SKU-00408,Item-00408,BR-B,82.5,2026-04-25
SKU-00642,Item-00642,BR-D,19.05,2026-04-30
SKU-00346,Item-00346,BR-A,57.98,2026-04-24
SKU-00545,Item-00545,BR-D,22.7,2026-04-20
SKU-00258,Item-00258,BR-D,162.04,2026-04-02
SKU-00701,Item-00701,BR-B,86.95,2026-04-06
SKU-00400,Item-00400,BR-D,49.18,2026-04-03
SKU-00466,Item-00466,BR-D,200.21,2026-04-23
SKU-00681,Item-00681,BR-A,11.74,2026-04-06
SKU-00362,Item-00362,BR-D,61.77,2026-04-24
SKU-00331,Item-00331,BR-B,90.07,2026-04-23
SKU-00462,Item-00462,BR-C,64.66,2026-04-23
SKU-00469,Item-00469,BR-E,109.26,2026-04-09
SKU-00751,Item-00751,BR-B,142.39,2026-04-17
SKU-00275,Item-00275,BR-A,263.55,2026-04-11
SKU-00690,Item-00690,BR-E,255.11,2026-04-08
SKU-00409,Item-00409,BR-E,33.86,2026-04-01
SKU-00427,Item-00427,BR-B,217.44,2026-04-25
SKU-00628,Item-00628,BR-D,39.89,2026-04-08
SKU-00242,Item-00242,BR-E,73.03,2026-04-18
SKU-00405,Item-00405,BR-E,108.43,2026-04-19
SKU-00613,Item-00613,BR-B,93.4,2026-04-20
SKU-00573,Item-00573,BR-D,107.18,2026-04-02
SKU-00399,Item-00399,BR-A,244.84,2026-04-19
SKU-00652,Item-00652,BR-C,72.14,2026-04-23
SKU-00229,Item-00229,BR-C,45.92,2026-04-09
SKU-00301,Item-00301,BR-D,87.11,2026-04-21
SKU-00301,Item-00301,BR-B,144.76,2026-04-11
SKU-00491,Item-00491,BR-E,210.29,2026-04-14
SKU-00291,Item-00291,BR-A,60.08,2026-04-01
SKU-00728,Item-00728,BR-E,88.99,2026-04-21
SKU-00690,Item-00690,BR-C,232.72,2026-04-17
SKU-00697,Item-00697,BR-C,18.15,2026-04-26
SKU-00255,Item-00255,BR-B,166.87,2026-04-17
SKU-00671,Item-00671,BR-A,198.43,2026-04-20
SKU-00346,Item-00346,BR-D,51.96,2026-04-22
SKU-00489,Item-00489,BR-C,133.31,2026-04-30
SKU-00755,Item-00755,BR-E,141.16,2026-04-15
SKU-00408,Item-00408,BR-A,135.78,2026-04-20
SKU-00531,Item-00531,BR-B,54.61,2026-04-23
SKU-00562,Item-00562,BR-D,144.85,2026-04-10
SKU-00577,Item-00577,BR-D,17.26,2026-04-02
SKU-00568,Item-00568,BR-A,125.65,2026-04-14
SKU-00401,Item-00401,BR-D,20.96,2026-04-29
SKU-00292,Item-00292,BR-D,190.54,2026-04-07
SKU-00774,Item-00774,BR-C,61.7,2026-04-13
SKU-00785,Item-00785,BR-C,65.28,2026-04-21
SKU-00262,Item-00262,BR-A,104.97,2026-04-23
SKU-00449,Item-00449,BR-C,105.91,2026-04-14
SKU-00358,Item-00358,BR-E,144.01,2026-04-13
SKU-00389,Item-00389,BR-A,22.4,2026-04-07
SKU-00446,Item-00446,BR-C,25.84,2026-04-26
SKU-00378,Item-00378,BR-A,72.08,2026-04-10
SKU-00332,Item-00332,BR-A,123.29,2026-04-01
SKU-00590,Item-00590,BR-E,27.52,2026-04-25
SKU-00337,Item-00337,BR-E,94.89,2026-04-09
SKU-00579,Item-00579,BR-D,182.51,2026-04-29
SKU-00439,Item-00439,BR-A,71.53,2026-04-13
SKU-00799,Item-00799,BR-A,105.85,2026-04-22
SKU-00792,Item-00792,BR-D,104.55,2026-04-15
SKU-00514,Item-00514,BR-C,30.41,2026-04-26
SKU-00432,Item-00432,BR-C,68.76,2026-04-16
SKU-00273,Item-00273,BR-D,125.11,2026-04-28
SKU-00572,Item-00572,BR-D,17.66,2026-04-14
SKU-00284,Item-00284,BR-A,210.3,2026-04-28
SKU-00449,Item-00449,BR-B,54.34,2026-04-01
SKU-00434,Item-00434,BR-D,11.56,2026-04-10
SKU-00652,Item-00652,BR-B,75.72,2026-04-03
SKU-00621,Item-00621,BR-E,161.62,2026-04-01
SKU-00413,Item-00413,BR-C,79.47,2026-04-05
SKU-00720,Item-00720,BR-E,185.66,2026-04-01
SKU-00482,Item-00482,BR-B,24.47,2026-04-11
SKU-00303,Item-00303,BR-A,38.05,2026-04-18
SKU-00429,Item-00429,BR-E,72.39,2026-04-29
SKU-00520,Item-00520,BR-B,199.94,2026-04-12
SKU-00741,Item-00741,BR-D,107.72,2026-04-24
SKU-00471,Item-00471,BR-D,160.58,2026-04-16
SKU-00639,Item-00639,BR-D,6.43,2026-04-02
SKU-00227,Item-00227,BR-D,20.2,2026-04-29
SKU-00718,Item-00718,BR-D,64.67,2026-04-14
SKU-00476,Item-00476,BR-B,96.79,2026-04-17
SKU-00731,Item-00731,BR-B,40.19,2026-04-10
SKU-00473,Item-00473,BR-C,12.94,2026-04-18
SKU-00452,Item-00452,BR-C,162.52,2026-04-16
SKU-00461,Item-00461,BR-B,134.16,2026-04-08
SKU-00757,Item-00757,BR-A,16.43,2026-04-26
SKU-00667,Item-00667,BR-E,17.53,2026-04-17
SKU-00724,Item-00724,BR-B,64.92,2026-04-25
SKU-00636,Item-00636,BR-A,8.15,2026-04-23
SKU-00680,Item-00680,BR-C,86.01,2026-04-19
SKU-00435,Item-00435,BR-E,65.92,2026-04-13
SKU-00663,Item-00663,BR-D,185.1,2026-04-28
SKU-00459,Item-00459,BR-B,175.96,2026-04-08
SKU-00622,Item-00622,BR-C,198.11,2026-04-17
SKU-00799,Item-00799,BR-C,231.26,2026-04-07
SKU-00727,Item-00727,BR-A,129.21,2026-04-30
SKU-00621,Item-00621,BR-B,172.32,2026-04-21
SKU-00282,Item-00282,BR-D,20.7,2026-04-25
SKU-00655,Item-00655,BR-E,51.59,2026-04-26
SKU-00518,Item-00518,BR-C,39.12,2026-04-06
SKU-00580,Item-00580,BR-E,47.48,2026-04-04
SKU-00494,Item-00494,BR-E,64.29,2026-04-11
SKU-00786,Item-00786,BR-B,32.97,2026-04-07
SKU-00301,Item-00301,BR-A,158.35,2026-04-13
SKU-00734,Item-00734,BR-D,164.49,2026-04-26
SKU-00590,Item-00590,BR-A,26.61,2026-04-03
SKU-00594,Item-00594,BR-C,73.68,2026-04-04
SKU-00711,Item-00711,BR-E,160.57,2026-04-25
SKU-00322,Item-00322,BR-A,140.95,2026-04-29
SKU-00333,Item-00333,BR-D,187.03,2026-04-14
SKU-00424,Item-00424,BR-A,195.83,2026-04-30
SKU-00705,Item-00705,BR-E,112.3,2026-04-08
SKU-00544,Item-00544,BR-D,7.08,2026-04-15
SKU-00419,Item-00419,BR-D,98.41,2026-04-30
SKU-00349,Item-00349,BR-A,65.81,2026-04-06
SKU-00484,Item-00484,BR-C,96.75,2026-04-29
SKU-00482,Item-00482,BR-D,30.76,2026-04-28
SKU-00506,Item-00506,BR-C,147.23,2026-04-22
SKU-00557,Item-00557,BR-A,192.99,2026-04-07
SKU-00363,Item-00363,BR-D,170.86,2026-04-26
SKU-00746,Item-00746,BR-E,219.32,2026-04-30
SKU-00425,Item-00425,BR-D,145.07,2026-04-14
SKU-00212,Item-00212,BR-B,40.12,2026-04-17
SKU-00221,Item-00221,BR-C,124.18,2026-04-05
SKU-00703,Item-00703,BR-B,56.14,2026-04-30
SKU-00702,Item-00702,BR-C,332.7,2026-04-23
SKU-00301,Item-00301,BR-A,108.95,2026-04-13
SKU-00657,Item-00657,BR-A,9.03,2026-04-09
SKU-00653,Item-00653,BR-D,110.3,2026-04-07
SKU-00320,Item-00320,BR-C,135.81,2026-04-02
SKU-00612,Item-00612,BR-B,237.18,2026-04-17
SKU-00604,Item-00604,BR-A,16.49,2026-04-03
SKU-00780,Item-00780,BR-B,21.61,2026-04-09
SKU-00475,Item-00475,BR-A,101.56,2026-04-23
SKU-00247,Item-00247,BR-E,93.53,2026-04-22
SKU-00769,Item-00769,BR-E,14.27,2026-04-21
SKU-00418,Item-00418,BR-C,134.44,2026-04-30
SKU-00722,Item-00722,BR-C,39.86,2026-04-06
SKU-00202,Item-00202,BR-C,92.19,2026-04-09
SKU-00384,Item-00384,BR-E,80.23,2026-04-22
SKU-00548,Item-00548,BR-D,20.6,2026-04-17
SKU-00620,Item-00620,BR-D,16.26,2026-04-11
SKU-00418,Item-00418,BR-E,274.58,2026-04-27
SKU-00290,Item-00290,BR-B,93.05,2026-04-07
SKU-00393,Item-00393,BR-B,151.29,2026-04-27
SKU-00254,Item-00254,BR-E,122.25,2026-04-10
SKU-00494,Item-00494,BR-E,65.39,2026-04-05
SKU-00225,Item-00225,BR-E,82.38,2026-04-08
SKU-00566,Item-00566,BR-E,234.77,2026-04-05
SKU-00296,Item-00296,BR-C,111.08,2026-04-14
SKU-00464,Item-00464,BR-C,95.77,2026-04-06
SKU-00778,Item-00778,BR-D,7.56,2026-04-26
SKU-00521,Item-00521,BR-B,193.79,2026-04-01
SKU-00237,Item-00237,BR-A,130.57,2026-04-10
SKU-00637,Item-00637,BR-C,170.62,2026-04-21
SKU-00330,Item-00330,BR-B,111.85,2026-04-10
SKU-00425,Item-00425,BR-D,145.79,2026-04-20
SKU-00360,Item-00360,BR-A,31.76,2026-04-09
SKU-00576,Item-00576,BR-D,299.52,2026-04-14
SKU-00708,Item-00708,BR-A,138.0,2026-04-02
SKU-00651,Item-00651,BR-A,47.87,2026-04-29
SKU-00584,Item-00584,BR-C,81.23,2026-04-08
SKU-00720,Item-00720,BR-E,179.82,2026-04-11
SKU-00664,Item-00664,BR-E,26.49,2026-04-03
SKU-00306,Item-00306,BR-D,71.31,2026-04-22
SKU-00770,Item-00770,BR-C,223.52,2026-04-13
SKU-00310,Item-00310,BR-A,118.51,2026-04-27
SKU-00760,Item-00760,BR-A,24.02,2026-04-11
SKU-00718,Item-00718,BR-A,64.27,2026-04-04
SKU-00742,Item-00742,BR-D,176.61,2026-04-15
SKU-00731,Item-00731,BR-C,36.42,2026-04-03
SKU-00789,Item-00789,BR-C,104.13,2026-04-13
SKU-00382,Item-00382,BR-A,44.54,2026-04-01
SKU-00465,Item-00465,BR-D,133.19,2026-04-19
SKU-00499,Item-00499,BR-A,97.23,2026-04-14
SKU-00729,Item-00729,BR-C,152.54,2026-04-02
SKU-00399,Item-00399,BR-D,251.3,2026-04-30
SKU-00627,Item-00627,BR-A,228.03,2026-04-28
SKU-00411,Item-00411,BR-E,9.92,2026-04-28
SKU-00671,Item-00671,BR-C,120.3,2026-04-17
SKU-00399,Item-00399,BR-D,182.0,2026-04-29
SKU-00443,Item-00443,BR-A,74.5,2026-04-16
SKU-00205,Item-00205,BR-A,181.42,2026-04-01
SKU-00580,Item-00580,BR-D,112.26,2026-04-06
SKU-00332,Item-00332,BR-D,96.83,2026-04-08
SKU-00598,Item-00598,BR-B,8.0,2026-04-08
SKU-00497,Item-00497,BR-B,66.44,2026-04-17
SKU-00712,Item-00712,BR-D,47.48,2026-04-19
SKU-00713,Item-00713,BR-D,167.43,2026-04-04
SKU-00284,Item-00284,BR-E,71.8,2026-04-13
SKU-00734,Item-00734,BR-E,89.4,2026-04-03
SKU-00397,Item-00397,BR-C,196.47,2026-04-14
SKU-00456,Item-00456,BR-D,330.24,2026-04-15
SKU-00738,Item-00738,BR-E,169.84,2026-04-05
SKU-00505,Item-00505,BR-C,155.97,2026-04-20
SKU-00734,Item-00734,BR-D,139.01,2026-04-07
SKU-00782,Item-00782,BR-A,117.43,2026-04-25
SKU-00334,Item-00334,BR-E,8.19,2026-04-08
SKU-00388,Item-00388,BR-D,21.3,2026-04-07
SKU-00743,Item-00743,BR-D,159.18,2026-04-10
SKU-00489,Item-00489,BR-A,141.9,2026-04-10
SKU-00698,Item-00698,BR-C,120.88,2026-04-04
SKU-00407,Item-00407,BR-D,297.92,2026-04-26
SKU-00689,Item-00689,BR-A,88.62,2026-04-21
SKU-00507,Item-00507,BR-E,144.02,2026-04-22
SKU-00308,Item-00308,BR-A,95.45,2026-04-16
SKU-00765,Item-00765,BR-D,206.35,2026-04-25
SKU-00565,Item-00565,BR-B,78.3,2026-04-01
SKU-00483,Item-00483,BR-C,75.36,2026-04-16
SKU-00489,Item-00489,BR-B,122.18,2026-04-15
SKU-00420,Item-00420,BR-D,26.11,2026-04-28
SKU-00790,Item-00790,BR-C,69.39,2026-04-10
SKU-00481,Item-00481,BR-E,144.11,2026-04-04
SKU-00368,Item-00368,BR-B,71.93,2026-04-30
SKU-00275,Item-00275,BR-C,228.49,2026-04-08
SKU-00627,Item-00627,BR-E,218.86,2026-04-02
SKU-00794,Item-00794,BR-A,137.31,2026-04-23
SKU-00724,Item-00724,BR-C,99.15,2026-04-30
SKU-00253,Item-00253,BR-B,35.45,2026-04-17
SKU-00790,Item-00790,BR-C,145.82,2026-04-23
SKU-00684,Item-00684,BR-A,118.29,2026-04-02
SKU-00279,Item-00279,BR-B,209.36,2026-04-18
SKU-00789,Item-00789,BR-D,156.37,2026-04-05
SKU-00639,Item-00639,BR-B,6.53,2026-04-05
SKU-00470,Item-00470,BR-D,117.2,2026-04-30
SKU-00786,Item-00786,BR-E,32.83,2026-04-30
SKU-00224,Item-00224,BR-C,124.93,2026-04-20
SKU-00492,Item-00492,BR-A,109.06,2026-04-23
SKU-00536,Item-00536,BR-A,152.86,2026-04-01
SKU-00619,Item-00619,BR-A,13.42,2026-04-21
SKU-00366,Item-00366,BR-D,110.76,2026-04-03
SKU-00219,Item-00219,BR-C,78.63,2026-04-20
SKU-00302,Item-00302,BR-D,38.07,2026-04-20
SKU-00573,Item-00573,BR-B,143.99,2026-04-04
SKU-00673,Item-00673,BR-D,9.5,2026-04-18
SKU-00772,Item-00772,BR-E,94.43,2026-04-12
SKU-00418,Item-00418,BR-A,277.62,2026-04-12
SKU-00498,Item-00498,BR-C,153.19,2026-04-14
SKU-00507,Item-00507,BR-B,269.47,2026-04-19
SKU-00742,Item-00742,BR-B,167.44,2026-04-28
SKU-00673,Item-00673,BR-A,5.98,2026-04-28
SKU-00308,Item-00308,BR-E,69.54,2026-04-05
SKU-00766,Item-00766,BR-D,60.5,2026-04-04
SKU-00755,Item-00755,BR-E,112.65,2026-04-25
SKU-00399,Item-00399,BR-A,142.92,2026-04-30
SKU-00556,Item-00556,BR-D,33.15,2026-04-21
SKU-00297,Item-00297,BR-D,81.29,2026-04-04
SKU-00402,Item-00402,BR-A,83.2,2026-04-07
SKU-00365,Item-00365,BR-B,42.47,2026-04-06
SKU-00223,Item-00223,BR-D,87.44,2026-04-20
SKU-00714,Item-00714,BR-B,91.95,2026-04-21
SKU-00513,Item-00513,BR-A,150.97,2026-04-28
SKU-00716,Item-00716,BR-B,14.78,2026-04-25
SKU-00724,Item-00724,BR-A,94.41,2026-04-20
SKU-00358,Item-00358,BR-E,68.61,2026-04-04
SKU-00366,Item-00366,BR-B,61.56,2026-04-26
SKU-00739,Item-00739,BR-A,42.58,2026-04-06
SKU-00796,Item-00796,BR-B,157.53,2026-04-14
SKU-00440,Item-00440,BR-D,31.25,2026-04-01
SKU-00534,Item-00534,BR-B,119.96,2026-04-14
SKU-00250,Item-00250,BR-A,49.22,2026-04-21
SKU-00310,Item-00310,BR-B,105.83,2026-04-01
SKU-00692,Item-00692,BR-B,51.81,2026-04-30
SKU-00775,Item-00775,BR-A,101.07,2026-04-05
SKU-00371,Item-00371,BR-A,53.77,2026-04-24
SKU-00626,Item-00626,BR-C,344.76,2026-04-04
SKU-00262,Item-00262,BR-A,170.89,2026-04-09
SKU-00541,Item-00541,BR-B,148.02,2026-04-12
SKU-00253,Item-00253,BR-A,27.72,2026-04-03
SKU-00673,Item-00673,BR-A,4.7,2026-04-26
SKU-00581,Item-00581,BR-A,147.19,2026-04-27
SKU-00531,Item-00531,BR-A,44.04,2026-04-06
SKU-00366,Item-00366,BR-C,28.28,2026-04-06
SKU-00716,Item-00716,BR-D,30.33,2026-04-02
SKU-00734,Item-00734,BR-B,133.58,2026-04-07
SKU-00780,Item-00780,BR-A,14.87,2026-04-01
SKU-00650,Item-00650,BR-E,86.46,2026-04-08
SKU-00705,Item-00705,BR-A,71.99,2026-04-12
SKU-00314,Item-00314,BR-C,112.54,2026-04-18
SKU-00714,Item-00714,BR-A,152.01,2026-04-14
SKU-00266,Item-00266,BR-A,63.67,2026-04-26
SKU-00503,Item-00503,BR-E,110.93,2026-04-20
SKU-00267,Item-00267,BR-B,133.3,2026-04-14
SKU-00390,Item-00390,BR-C,37.57,2026-04-20
SKU-00258,Item-00258,BR-C,62.26,2026-04-07
SKU-00516,Item-00516,BR-D,246.22,2026-04-25
SKU-00792,Item-00792,BR-A,186.67,2026-04-12
SKU-00632,Item-00632,BR-B,95.89,2026-04-27
SKU-00477,Item-00477,BR-A,57.72,2026-04-22
SKU-00578,Item-00578,BR-E,64.01,2026-04-03
SKU-00303,Item-00303,BR-E,29.46,2026-04-03
SKU-00683,Item-00683,BR-A,184.5,2026-04-16
SKU-00637,Item-00637,BR-D,281.84,2026-04-15
SKU-00274,Item-00274,BR-A,148.08,2026-04-04
SKU-00235,Item-00235,BR-C,79.47,2026-04-08
SKU-00222,Item-00222,BR-D,180.77,2026-04-12
SKU-00440,Item-00440,BR-E,28.97,2026-04-17
SKU-00268,Item-00268,BR-C,223.96,2026-04-18
SKU-00222,Item-00222,BR-A,300.52,2026-04-21
SKU-00775,Item-00775,BR-D,210.72,2026-04-14
SKU-00201,Item-00201,BR-A,133.43,2026-04-09
SKU-00678,Item-00678,BR-C,124.84,2026-04-10
SKU-00738,Item-00738,BR-A,152.92,2026-04-08
SKU-00469,Item-00469,BR-C,87.81,2026-04-13
SKU-00609,Item-00609,BR-B,96.53,2026-04-29
SKU-00553,Item-00553,BR-A,178.61,2026-04-04
SKU-00434,Item-00434,BR-E,11.94,2026-04-09
SKU-00512,Item-00512,BR-A,141.57,2026-04-06
SKU-00788,Item-00788,BR-E,14.17,2026-04-22
SKU-00665,Item-00665,BR-A,97.54,2026-04-20
SKU-00622,Item-00622,BR-A,208.58,2026-04-02
SKU-00283,Item-00283,BR-B,50.02,2026-04-30
SKU-00705,Item-00705,BR-E,136.61,2026-04-18
SKU-00683,Item-00683,BR-E,272.2,2026-04-17
SKU-00793,Item-00793,BR-B,48.32,2026-04-19
SKU-00259,Item-00259,BR-D,143.76,2026-04-11
SKU-00768,Item-00768,BR-C,153.22,2026-04-20
SKU-00206,Item-00206,BR-D,116.77,2026-04-01
SKU-00800,Item-00800,BR-C,182.99,2026-04-13
SKU-00204,Item-00204,BR-C,327.52,2026-04-14
SKU-00730,Item-00730,BR-E,180.42,2026-04-06
SKU-00573,Item-00573,BR-C,216.61,2026-04-17
SKU-00667,Item-00667,BR-B,20.44,2026-04-01
SKU-00653,Item-00653,BR-A,94.55,2026-04-01
SKU-00378,Item-00378,BR-C,75.66,2026-04-22
SKU-00307,Item-00307,BR-D,112.26,2026-04-16
SKU-00784,Item-00784,BR-D,68.34,2026-04-28
SKU-00216,Item-00216,BR-C,139.55,2026-04-07
SKU-00258,Item-00258,BR-A,81.33,2026-04-04
SKU-00740,Item-00740,BR-D,80.56,2026-04-17
SKU-00582,Item-00582,BR-C,33.51,2026-04-08
SKU-00661,Item-00661,BR-C,249.25,2026-04-04
SKU-00553,Item-00553,BR-D,99.34,2026-04-16
SKU-00302,Item-00302,BR-C,34.73,2026-04-01
SKU-00211,Item-00211,BR-D,165.39,2026-04-29
SKU-00723,Item-00723,BR-B,47.48,2026-04-02
SKU-00284,Item-00284,BR-B,128.45,2026-04-26
SKU-00311,Item-00311,BR-C,17.4,2026-04-28
SKU-00378,Item-00378,BR-A,90.92,2026-04-25
SKU-00636,Item-00636,BR-D,13.3,2026-04-16
SKU-00521,Item-00521,BR-D,154.4,2026-04-14
SKU-00660,Item-00660,BR-B,240.36,2026-04-14
SKU-00678,Item-00678,BR-B,153.55,2026-04-17
SKU-00660,Item-00660,BR-E,205.0,2026-04-28
SKU-00416,Item-00416,BR-A,87.58,2026-04-01
SKU-00772,Item-00772,BR-A,123.29,2026-04-03
SKU-00434,Item-00434,BR-C,9.61,2026-04-20
SKU-00261,Item-00261,BR-E,47.62,2026-04-14
SKU-00636,Item-00636,BR-A,9.79,2026-04-17
SKU-00720,Item-00720,BR-A,207.83,2026-04-26
SKU-00446,Item-00446,BR-D,52.69,2026-04-14
SKU-00270,Item-00270,BR-D,136.39,2026-04-11
SKU-00257,Item-00257,BR-D,155.37,2026-04-07
SKU-00320,Item-00320,BR-D,157.12,2026-04-27
SKU-00630,Item-00630,BR-C,85.56,2026-04-07
SKU-00477,Item-00477,BR-C,22.32,2026-04-06
SKU-00730,Item-00730,BR-E,262.23,2026-04-11
SKU-00287,Item-00287,BR-A,17.33,2026-04-16
SKU-00522,Item-00522,BR-D,143.93,2026-04-11
SKU-00702,Item-00702,BR-E,103.78,2026-04-24
SKU-00720,Item-00720,BR-A,254.27,2026-04-07
SKU-00366,Item-00366,BR-A,59.1,2026-04-07
SKU-00767,Item-00767,BR-D,149.28,2026-04-15
SKU-00204,Item-00204,BR-A,207.75,2026-04-26
SKU-00800,Item-00800,BR-B,212.27,2026-04-05
SKU-00337,Item-00337,BR-C,141.52,2026-04-03
SKU-00425,Item-00425,BR-C,264.95,2026-04-21
SKU-00591,Item-00591,BR-A,56.85,2026-04-23
SKU-00747,Item-00747,BR-D,55.92,2026-04-03
SKU-00327,Item-00327,BR-C,16.17,2026-04-05
SKU-00600,Item-00600,BR-C,151.78,2026-04-04
SKU-00210,Item-00210,BR-D,179.9,2026-04-27
SKU-00647,Item-00647,BR-C,214.34,2026-04-09
SKU-00234,Item-00234,BR-C,142.75,2026-04-30
SKU-00794,Item-00794,BR-A,67.6,2026-04-15
SKU-00474,Item-00474,BR-E,149.68,2026-04-10
SKU-00572,Item-00572,BR-D,15.35,2026-04-27
SKU-00281,Item-00281,BR-B,178.68,2026-04-28
SKU-00657,Item-00657,BR-D,12.93,2026-04-11
SKU-00561,Item-00561,BR-D,318.63,2026-04-27
SKU-00340,Item-00340,BR-A,331.87,2026-04-03
SKU-00286,Item-00286,BR-B,115.05,2026-04-30
SKU-00448,Item-00448,BR-E,205.05,2026-04-06
SKU-00714,Item-00714,BR-B,149.73,2026-04-24
SKU-00381,Item-00381,BR-B,151.36,2026-04-03
SKU-00279,Item-00279,BR-B,122.52,2026-04-21
SKU-00433,Item-00433,BR-B,171.83,2026-04-28
SKU-00495,Item-00495,BR-E,118.63,2026-04-18
SKU-00411,Item-00411,BR-D,15.83,2026-04-16
SKU-00393,Item-00393,BR-B,113.61,2026-04-04
SKU-00787,Item-00787,BR-C,135.42,2026-04-19
SKU-00646,Item-00646,BR-E,101.65,2026-04-15
SKU-00612,Item-00612,BR-A,183.1,2026-04-06
SKU-00757,Item-00757,BR-A,14.76,2026-04-03
SKU-00595,Item-00595,BR-E,286.17,2026-04-10
SKU-00479,Item-00479,BR-C,28.41,2026-04-07
SKU-00797,Item-00797,BR-D,34.5,2026-04-09
SKU-00705,Item-00705,BR-A,119.78,2026-04-19
SKU-00581,Item-00581,BR-C,269.29,2026-04-09
SKU-00681,Item-00681,BR-A,9.77,2026-04-08
SKU-00291,Item-00291,BR-D,73.75,2026-04-13
SKU-00775,Item-00775,BR-B,81.42,2026-04-21
SKU-00686,Item-00686,BR-D,54.51,2026-04-11
SKU-00403,Item-00403,BR-B,92.15,2026-04-18
SKU-00428,Item-00428,BR-E,57.51,2026-04-11
SKU-00788,Item-00788,BR-A,17.66,2026-04-04
SKU-00798,Item-00798,BR-C,99.74,2026-04-27
SKU-00503,Item-00503,BR-A,81.64,2026-04-01
SKU-00438,Item-00438,BR-C,83.6,2026-04-01
SKU-00633,Item-00633,BR-A,163.1,2026-04-18
SKU-00472,Item-00472,BR-D,99.11,2026-04-25
SKU-00606,Item-00606,BR-B,90.97,2026-04-22
SKU-00650,Item-00650,BR-B,63.61,2026-04-18
SKU-00331,Item-00331,BR-B,67.39,2026-04-10
SKU-00248,Item-00248,BR-C,73.22,2026-04-17
SKU-00535,Item-00535,BR-E,91.68,2026-04-12
SKU-00375,Item-00375,BR-C,69.73,2026-04-03
SKU-00666,Item-00666,BR-C,83.99,2026-04-22
SKU-00444,Item-00444,BR-C,21.23,2026-04-03
SKU-00355,Item-00355,BR-D,160.42,2026-04-27
SKU-00570,Item-00570,BR-B,47.87,2026-04-16
SKU-00339,Item-00339,BR-E,37.68,2026-04-20
SKU-00328,Item-00328,BR-B,32.23,2026-04-04
SKU-00283,Item-00283,BR-E,92.14,2026-04-21
SKU-00247,Item-00247,BR-A,91.08,2026-04-25
SKU-00347,Item-00347,BR-D,59.54,2026-04-21
SKU-00459,Item-00459,BR-B,98.38,2026-04-16
SKU-00594,Item-00594,BR-A,148.08,2026-04-07
SKU-00528,Item-00528,BR-D,110.36,2026-04-09
SKU-00481,Item-00481,BR-B,78.48,2026-04-28
SKU-00342,Item-00342,BR-B,178.11,2026-04-16
SKU-00353,Item-00353,BR-E,90.36,2026-04-08
SKU-00513,Item-00513,BR-B,152.51,2026-04-25
SKU-00423,Item-00423,BR-B,91.31,2026-04-11
SKU-00585,Item-00585,BR-A,37.62,2026-04-30
SKU-00563,Item-00563,BR-E,193.91,2026-04-22
SKU-00274,Item-00274,BR-D,91.39,2026-04-26
SKU-00720,Item-00720,BR-A,236.85,2026-04-03
SKU-00789,Item-00789,BR-B,141.7,2026-04-22
SKU-00346,Item-00346,BR-C,62.18,2026-04-20
SKU-00648,Item-00648,BR-B,37.74,2026-04-12
SKU-00365,Item-00365,BR-B,77.04,2026-04-05
SKU-00232,Item-00232,BR-E,47.91,2026-04-09
SKU-00761,Item-00761,BR-A,279.67,2026-04-20
SKU-00381,Item-00381,BR-E,100.22,2026-04-18
SKU-00577,Item-00577,BR-A,14.26,2026-04-09
SKU-00520,Item-00520,BR-C,130.45,2026-04-26
SKU-00675,Item-00675,BR-B,171.64,2026-04-07
SKU-00368,Item-00368,BR-B,73.34,2026-04-18
SKU-00419,Item-00419,BR-B,116.65,2026-04-23
SKU-00659,Item-00659,BR-B,5.18,2026-04-08
SKU-00401,Item-00401,BR-A,20.51,2026-04-13
SKU-00538,Item-00538,BR-B,173.13,2026-04-14
SKU-00459,Item-00459,BR-C,249.77,2026-04-20
SKU-00588,Item-00588,BR-D,216.53,2026-04-02
SKU-00563,Item-00563,BR-D,201.17,2026-04-03
SKU-00571,Item-00571,BR-E,259.8,2026-04-08
SKU-00436,Item-00436,BR-B,21.99,2026-04-25
SKU-00581,Item-00581,BR-C,88.63,2026-04-25
SKU-00765,Item-00765,BR-C,201.1,2026-04-23
SKU-00449,Item-00449,BR-C,89.54,2026-04-15
SKU-00398,Item-00398,BR-B,108.52,2026-04-21
SKU-00332,Item-00332,BR-B,142.71,2026-04-15
SKU-00434,Item-00434,BR-E,21.39,2026-04-21
SKU-00641,Item-00641,BR-A,23.13,2026-04-13
SKU-00770,Item-00770,BR-D,83.9,2026-04-16
SKU-00217,Item-00217,BR-E,190.14,2026-04-10
SKU-00757,Item-00757,BR-E,16.19,2026-04-20
SKU-00722,Item-00722,BR-D,26.59,2026-04-04
SKU-00790,Item-00790,BR-B,164.7,2026-04-19
SKU-00283,Item-00283,BR-A,78.06,2026-04-30
SKU-00739,Item-00739,BR-C,31.25,2026-04-28
SKU-00395,Item-00395,BR-C,50.41,2026-04-05
SKU-00654,Item-00654,BR-C,68.96,2026-04-13
SKU-00497,Item-00497,BR-E,57.94,2026-04-22
SKU-00329,Item-00329,BR-A,136.54,2026-04-08
SKU-00214,Item-00214,BR-D,269.94,2026-04-07
SKU-00376,Item-00376,BR-B,46.98,2026-04-30
SKU-00273,Item-00273,BR-A,163.6,2026-04-10
SKU-00314,Item-00314,BR-A,212.82,2026-04-13
SKU-00501,Item-00501,BR-C,219.09,2026-04-20
SKU-00351,Item-00351,BR-B,146.91,2026-04-30
SKU-00684,Item-00684,BR-E,66.08,2026-04-02
SKU-00740,Item-00740,BR-A,103.1,2026-04-07
SKU-00392,Item-00392,BR-B,196.18,2026-04-27
SKU-00741,Item-00741,BR-E,113.07,2026-04-28
SKU-00395,Item-00395,BR-E,59.18,2026-04-09
SKU-00671,Item-00671,BR-B,156.37,2026-04-01
SKU-00574,Item-00574,BR-B,16.32,2026-04-22
SKU-00427,Item-00427,BR-A,277.85,2026-04-01
SKU-00519,Item-00519,BR-C,206.18,2026-04-27
SKU-00349,Item-00349,BR-B,60.63,2026-04-02
SKU-00288,Item-00288,BR-A,108.56,2026-04-16
SKU-00352,Item-00352,BR-E,264.94,2026-04-23
SKU-00745,Item-00745,BR-B,65.86,2026-04-27
SKU-00297,Item-00297,BR-A,57.08,2026-04-04
SKU-00206,Item-00206,BR-D,138.34,2026-04-20
SKU-00702,Item-00702,BR-E,180.11,2026-04-01
SKU-00489,Item-00489,BR-B,167.17,2026-04-22
SKU-00669,Item-00669,BR-D,234.38,2026-04-27
SKU-00447,Item-00447,BR-A,127.44,2026-04-10
SKU-00543,Item-00543,BR-B,71.61,2026-04-26
SKU-00486,Item-00486,BR-B,49.47,2026-04-11
SKU-00445,Item-00445,BR-B,77.15,2026-04-28
SKU-00694,Item-00694,BR-B,167.94,2026-04-16
SKU-00588,Item-00588,BR-B,133.78,2026-04-25
SKU-00670,Item-00670,BR-C,101.64,2026-04-30
SKU-00517,Item-00517,BR-C,5.91,2026-04-30
SKU-00494,Item-00494,BR-E,94.71,2026-04-14
SKU-00210,Item-00210,BR-A,168.53,2026-04-17
SKU-00686,Item-00686,BR-D,29.11,2026-04-16
SKU-00405,Item-00405,BR-D,156.49,2026-04-22
SKU-00524,Item-00524,BR-D,100.87,2026-04-08
SKU-00613,Item-00613,BR-B,98.79,2026-04-02
SKU-00305,Item-00305,BR-B,112.94,2026-04-18
SKU-00305,Item-00305,BR-A,55.71,2026-04-15
SKU-00769,Item-00769,BR-E,13.48,2026-04-07
SKU-00438,Item-00438,BR-C,102.87,2026-04-09
SKU-00346,Item-00346,BR-B,43.49,2026-04-25
SKU-00335,Item-00335,BR-B,109.61,2026-04-04
SKU-00465,Item-00465,BR-C,167.11,2026-04-29
SKU-00206,Item-00206,BR-C,67.45,2026-04-11
SKU-00649,Item-00649,BR-D,169.99,2026-04-13
SKU-00311,Item-00311,BR-B,9.65,2026-04-09
SKU-00444,Item-00444,BR-C,15.26,2026-04-10
SKU-00441,Item-00441,BR-E,143.76,2026-04-19
SKU-00405,Item-00405,BR-E,125.75,2026-04-14
SKU-00622,Item-00622,BR-C,230.37,2026-04-01
SKU-00354,Item-00354,BR-D,165.59,2026-04-16
SKU-00499,Item-00499,BR-E,118.84,2026-04-04
SKU-00657,Item-00657,BR-D,22.5,2026-04-23
SKU-00638,Item-00638,BR-A,154.61,2026-04-26
SKU-00585,Item-00585,BR-E,29.03,2026-04-15
SKU-00588,Item-00588,BR-D,107.26,2026-04-06
SKU-00644,Item-00644,BR-C,145.78,2026-04-02
SKU-00388,Item-00388,BR-E,47.33,2026-04-15
SKU-00505,Item-00505,BR-D,135.89,2026-04-23
SKU-00758,Item-00758,BR-B,46.18,2026-04-11
SKU-00680,Item-00680,BR-D,35.75,2026-04-15
SKU-00772,Item-00772,BR-B,46.73,2026-04-16
SKU-00596,Item-00596,BR-E,183.35,2026-04-28
SKU-00364,Item-00364,BR-E,55.76,2026-04-22
SKU-00471,Item-00471,BR-B,97.91,2026-04-10
SKU-00630,Item-00630,BR-C,57.24,2026-04-06
SKU-00269,Item-00269,BR-D,204.89,2026-04-26
SKU-00687,Item-00687,BR-B,123.16,2026-04-19
SKU-00764,Item-00764,BR-B,135.51,2026-04-02
SKU-00349,Item-00349,BR-A,49.17,2026-04-07
SKU-00250,Item-00250,BR-D,134.48,2026-04-24
SKU-00229,Item-00229,BR-A,38.59,2026-04-12
SKU-00400,Item-00400,BR-B,48.51,2026-04-02
SKU-00784,Item-00784,BR-E,74.72,2026-04-30
SKU-00640,Item-00640,BR-B,131.64,2026-04-02
SKU-00594,Item-00594,BR-B,74.98,2026-04-10
SKU-00483,Item-00483,BR-E,49.34,2026-04-29
SKU-00591,Item-00591,BR-C,126.54,2026-04-21
SKU-00234,Item-00234,BR-D,123.13,2026-04-03
SKU-00336,Item-00336,BR-D,113.45,2026-04-30
SKU-00688,Item-00688,BR-B,33.92,2026-04-26
SKU-00267,Item-00267,BR-C,53.46,2026-04-18
SKU-00661,Item-00661,BR-D,266.67,2026-04-16
SKU-00261,Item-00261,BR-A,24.98,2026-04-09
SKU-00555,Item-00555,BR-A,71.25,2026-04-26
SKU-00549,Item-00549,BR-D,113.38,2026-04-17
SKU-00320,Item-00320,BR-B,114.97,2026-04-10
SKU-00399,Item-00399,BR-B,196.07,2026-04-05
SKU-00206,Item-00206,BR-B,74.49,2026-04-05
SKU-00240,Item-00240,BR-D,40.29,2026-04-08
SKU-00606,Item-00606,BR-D,117.37,2026-04-03
SKU-00645,Item-00645,BR-E,87.29,2026-04-15
SKU-00215,Item-00215,BR-C,88.11,2026-04-01
SKU-00246,Item-00246,BR-C,76.25,2026-04-24
SKU-00267,Item-00267,BR-E,115.35,2026-04-07
SKU-00481,Item-00481,BR-C,109.31,2026-04-21
SKU-00599,Item-00599,BR-A,103.85,2026-04-26
SKU-00773,Item-00773,BR-D,226.13,2026-04-05
SKU-00627,Item-00627,BR-B,137.92,2026-04-30
SKU-00542,Item-00542,BR-D,356.46,2026-04-04
SKU-00468,Item-00468,BR-C,141.4,2026-04-02
SKU-00734,Item-00734,BR-E,71.09,2026-04-08
SKU-00626,Item-00626,BR-B,173.39,2026-04-03
SKU-00590,Item-00590,BR-A,42.73,2026-04-04
SKU-00452,Item-00452,BR-B,89.32,2026-04-11
SKU-00377,Item-00377,BR-E,168.74,2026-04-07
SKU-00383,Item-00383,BR-D,29.69,2026-04-12
SKU-00723,Item-00723,BR-A,71.66,2026-04-09
SKU-00626,Item-00626,BR-A,302.99,2026-04-21
SKU-00717,Item-00717,BR-D,110.18,2026-04-30
SKU-00312,Item-00312,BR-C,41.37,2026-04-25
SKU-00219,Item-00219,BR-D,96.92,2026-04-19
SKU-00298,Item-00298,BR-D,236.06,2026-04-23
SKU-00230,Item-00230,BR-D,80.23,2026-04-18
SKU-00302,Item-00302,BR-B,26.3,2026-04-13
SKU-00232,Item-00232,BR-B,68.93,2026-04-06
SKU-00352,Item-00352,BR-C,241.86,2026-04-23
SKU-00649,Item-00649,BR-A,80.81,2026-04-14
SKU-00700,Item-00700,BR-C,187.11,2026-04-02
SKU-00219,Item-00219,BR-A,42.14,2026-04-19
SKU-00662,Item-00662,BR-E,89.44,2026-04-23
SKU-00632,Item-00632,BR-C,95.6,2026-04-21
SKU-00518,Item-00518,BR-E,35.65,2026-04-13
SKU-00550,Item-00550,BR-D,44.94,2026-04-14
SKU-00338,Item-00338,BR-C,158.5,2026-04-03
SKU-00345,Item-00345,BR-C,163.48,2026-04-28
SKU-00339,Item-00339,BR-E,29.15,2026-04-13
SKU-00312,Item-00312,BR-C,29.19,2026-04-17
SKU-00500,Item-00500,BR-D,37.92,2026-04-17
SKU-00553,Item-00553,BR-A,162.8,2026-04-03
SKU-00481,Item-00481,BR-E,51.16,2026-04-24
SKU-00586,Item-00586,BR-B,48.56,2026-04-02
SKU-00244,Item-00244,BR-B,169.51,2026-04-27
SKU-00341,Item-00341,BR-E,66.0,2026-04-04
SKU-00309,Item-00309,BR-B,31.66,2026-04-02
SKU-00555,Item-00555,BR-E,84.02,2026-04-10
SKU-00270,Item-00270,BR-E,253.63,2026-04-21
SKU-00373,Item-00373,BR-D,246.31,2026-04-07
SKU-00293,Item-00293,BR-B,132.9,2026-04-09
SKU-00635,Item-00635,BR-A,6.25,2026-04-17
SKU-00364,Item-00364,BR-E,93.85,2026-04-05
SKU-00312,Item-00312,BR-E,60.86,2026-04-11
SKU-00368,Item-00368,BR-B,62.04,2026-04-04
SKU-00268,Item-00268,BR-C,248.98,2026-04-03
SKU-00282,Item-00282,BR-C,35.82,2026-04-27
SKU-00796,Item-00796,BR-D,245.08,2026-04-01
SKU-00464,Item-00464,BR-E,87.84,2026-04-25
SKU-00747,Item-00747,BR-E,154.44,2026-04-03
SKU-00379,Item-00379,BR-A,78.73,2026-04-27
SKU-00436,Item-00436,BR-E,32.92,2026-04-08
SKU-00371,Item-00371,BR-E,70.54,2026-04-03
SKU-00334,Item-00334,BR-E,8.43,2026-04-18
SKU-00670,Item-00670,BR-E,132.43,2026-04-03
SKU-00204,Item-00204,BR-D,229.52,2026-04-09
SKU-00741,Item-00741,BR-D,71.4,2026-04-15
SKU-00423,Item-00423,BR-A,142.49,2026-04-02
SKU-00304,Item-00304,BR-E,44.9,2026-04-29
SKU-00629,Item-00629,BR-E,60.9,2026-04-05
SKU-00785,Item-00785,BR-B,42.27,2026-04-04
SKU-00587,Item-00587,BR-B,294.53,2026-04-03
SKU-00626,Item-00626,BR-E,315.82,2026-04-15
SKU-00448,Item-00448,BR-B,104.26,2026-04-19
SKU-00675,Item-00675,BR-C,223.82,2026-04-02
SKU-00666,Item-00666,BR-D,86.5,2026-04-27
SKU-00770,Item-00770,BR-E,192.99,2026-04-30
SKU-00559,Item-00559,BR-A,155.12,2026-04-29
SKU-00580,Item-00580,BR-B,86.19,2026-04-01
SKU-00252,Item-00252,BR-B,147.86,2026-04-03
SKU-00622,Item-00622,BR-A,219.29,2026-04-15
SKU-00526,Item-00526,BR-B,103.67,2026-04-30
SKU-00539,Item-00539,BR-C,306.71,2026-04-23
SKU-00639,Item-00639,BR-A,7.26,2026-04-19
SKU-00730,Item-00730,BR-A,325.06,2026-04-29
SKU-00377,Item-00377,BR-A,230.09,2026-04-19
SKU-00448,Item-00448,BR-A,211.01,2026-04-22
SKU-00482,Item-00482,BR-E,21.16,2026-04-09
SKU-00623,Item-00623,BR-E,17.2,2026-04-04
SKU-00618,Item-00618,BR-D,167.3,2026-04-12
SKU-00675,Item-00675,BR-A,139.71,2026-04-01
SKU-00788,Item-00788,BR-B,17.34,2026-04-16
SKU-00437,Item-00437,BR-D,231.45,2026-04-13
SKU-00530,Item-00530,BR-C,232.47,2026-04-29
SKU-00319,Item-00319,BR-E,129.74,2026-04-16
SKU-00370,Item-00370,BR-E,25.47,2026-04-21
SKU-00436,Item-00436,BR-E,23.35,2026-04-15
SKU-00594,Item-00594,BR-D,181.61,2026-04-22
SKU-00436,Item-00436,BR-D,22.22,2026-04-12
SKU-00230,Item-00230,BR-D,110.68,2026-04-23
SKU-00425,Item-00425,BR-A,113.92,2026-04-12
SKU-00277,Item-00277,BR-A,81.25,2026-04-20
SKU-00311,Item-00311,BR-B,18.35,2026-04-06
SKU-00480,Item-00480,BR-E,9.43,2026-04-07
SKU-00286,Item-00286,BR-A,107.78,2026-04-30
SKU-00733,Item-00733,BR-A,238.3,2026-04-03
SKU-00259,Item-00259,BR-E,72.19,2026-04-22
SKU-00460,Item-00460,BR-C,250.75,2026-04-17
SKU-00688,Item-00688,BR-E,52.3,2026-04-13
SKU-00432,Item-00432,BR-E,62.5,2026-04-11
SKU-00483,Item-00483,BR-D,53.52,2026-04-14
SKU-00594,Item-00594,BR-B,165.98,2026-04-24
SKU-00249,Item-00249,BR-A,113.59,2026-04-13
SKU-00402,Item-00402,BR-D,127.23,2026-04-27
SKU-00553,Item-00553,BR-D,236.44,2026-04-17
SKU-00272,Item-00272,BR-C,73.74,2026-04-23
SKU-00213,Item-00213,BR-D,228.58,2026-04-08
SKU-00420,Item-00420,BR-D,22.65,2026-04-10
SKU-00511,Item-00511,BR-D,160.0,2026-04-12
SKU-00574,Item-00574,BR-D,10.49,2026-04-02
SKU-00245,Item-00245,BR-B,160.77,2026-04-18
SKU-00655,Item-00655,BR-C,58.81,2026-04-11
SKU-00656,Item-00656,BR-A,108.67,2026-04-03
SKU-00381,Item-00381,BR-C,127.47,2026-04-22
SKU-00616,Item-00616,BR-C,63.02,2026-04-16
SKU-00782,Item-00782,BR-C,94.35,2026-04-03
SKU-00542,Item-00542,BR-E,298.36,2026-04-14
SKU-00739,Item-00739,BR-C,64.52,2026-04-15
SKU-00364,Item-00364,BR-C,85.49,2026-04-06
SKU-00743,Item-00743,BR-B,244.11,2026-04-27
SKU-00353,Item-00353,BR-C,57.97,2026-04-07
SKU-00234,Item-00234,BR-E,238.06,2026-04-24
SKU-00275,Item-00275,BR-B,201.97,2026-04-19
SKU-00489,Item-00489,BR-B,98.23,2026-04-24
SKU-00521,Item-00521,BR-A,88.7,2026-04-29
SKU-00453,Item-00453,BR-E,81.16,2026-04-05
SKU-00258,Item-00258,BR-A,106.82,2026-04-04
SKU-00653,Item-00653,BR-D,162.05,2026-04-21
SKU-00300,Item-00300,BR-E,8.12,2026-04-05
SKU-00503,Item-00503,BR-E,66.96,2026-04-01
SKU-00637,Item-00637,BR-D,135.26,2026-04-29
SKU-00504,Item-00504,BR-E,47.06,2026-04-19
SKU-00429,Item-00429,BR-C,95.11,2026-04-25
SKU-00664,Item-00664,BR-D,43.61,2026-04-16
SKU-00480,Item-00480,BR-D,5.62,2026-04-01
SKU-00673,Item-00673,BR-B,8.21,2026-04-29
SKU-00698,Item-00698,BR-E,162.66,2026-04-23
SKU-00340,Item-00340,BR-D,135.58,2026-04-26
SKU-00257,Item-00257,BR-D,284.28,2026-04-28
SKU-00603,Item-00603,BR-C,58.15,2026-04-08
SKU-00509,Item-00509,BR-C,316.75,2026-04-07
SKU-00575,Item-00575,BR-E,67.93,2026-04-04
SKU-00290,Item-00290,BR-A,118.59,2026-04-24
SKU-00385,Item-00385,BR-C,29.52,2026-04-11
SKU-00618,Item-00618,BR-C,140.66,2026-04-07
SKU-00368,Item-00368,BR-E,65.07,2026-04-30
SKU-00596,Item-00596,BR-A,129.57,2026-04-08
SKU-00442,Item-00442,BR-B,90.67,2026-04-10
SKU-00641,Item-00641,BR-A,33.68,2026-04-13
SKU-00653,Item-00653,BR-C,79.17,2026-04-27
SKU-00742,Item-00742,BR-A,166.6,2026-04-16
SKU-00695,Item-00695,BR-A,94.52,2026-04-20
SKU-00223,Item-00223,BR-E,100.94,2026-04-11
SKU-00364,Item-00364,BR-D,50.4,2026-04-12
SKU-00367,Item-00367,BR-D,27.88,2026-04-21
SKU-00410,Item-00410,BR-D,206.86,2026-04-08
SKU-00392,Item-00392,BR-A,187.97,2026-04-27
SKU-00608,Item-00608,BR-B,103.97,2026-04-07
SKU-00597,Item-00597,BR-B,107.57,2026-04-21
SKU-00796,Item-00796,BR-D,244.95,2026-04-03
SKU-00307,Item-00307,BR-A,133.55,2026-04-14
SKU-00597,Item-00597,BR-A,102.96,2026-04-23
SKU-00615,Item-00615,BR-D,122.26,2026-04-19
SKU-00642,Item-00642,BR-E,14.63,2026-04-06
SKU-00611,Item-00611,BR-D,228.85,2026-04-03
SKU-00644,Item-00644,BR-E,91.44,2026-04-12
SKU-00795,Item-00795,BR-D,52.21,2026-04-30
SKU-00366,Item-00366,BR-A,57.82,2026-04-03
SKU-00344,Item-00344,BR-A,60.59,2026-04-20
SKU-00655,Item-00655,BR-A,64.39,2026-04-05
SKU-00670,Item-00670,BR-B,89.42,2026-04-07
SKU-00459,Item-00459,BR-E,187.35,2026-04-09
SKU-00348,Item-00348,BR-D,117.28,2026-04-03
SKU-00659,Item-00659,BR-E,4.29,2026-04-10
SKU-00755,Item-00755,BR-C,229.13,2026-04-05
SKU-00218,Item-00218,BR-D,42.1,2026-04-17
SKU-00688,Item-00688,BR-B,27.68,2026-04-09
SKU-00715,Item-00715,BR-D,233.54,2026-04-23
SKU-00576,Item-00576,BR-E,267.34,2026-04-24
SKU-00329,Item-00329,BR-D,127.84,2026-04-24
SKU-00349,Item-00349,BR-C,63.37,2026-04-23
SKU-00777,Item-00777,BR-E,39.7,2026-04-24
SKU-00793,Item-00793,BR-B,52.25,2026-04-27
SKU-00473,Item-00473,BR-B,6.48,2026-04-30
SKU-00337,Item-00337,BR-D,58.17,2026-04-24
SKU-00268,Item-00268,BR-B,106.05,2026-04-16
SKU-00523,Item-00523,BR-D,49.92,2026-04-20
SKU-00781,Item-00781,BR-E,213.18,2026-04-14
SKU-00679,Item-00679,BR-B,175.59,2026-04-25
SKU-00515,Item-00515,BR-B,113.63,2026-04-15
SKU-00654,Item-00654,BR-B,43.06,2026-04-05
SKU-00407,Item-00407,BR-C,222.86,2026-04-20
SKU-00475,Item-00475,BR-B,107.24,2026-04-15
SKU-00275,Item-00275,BR-D,168.95,2026-04-13
SKU-00647,Item-00647,BR-C,228.2,2026-04-23
SKU-00515,Item-00515,BR-E,137.2,2026-04-13
SKU-00457,Item-00457,BR-A,99.54,2026-04-13
SKU-00612,Item-00612,BR-D,124.45,2026-04-05
SKU-00708,Item-00708,BR-B,104.77,2026-04-07
SKU-00564,Item-00564,BR-D,8.3,2026-04-03
SKU-00467,Item-00467,BR-E,85.52,2026-04-02
SKU-00640,Item-00640,BR-C,202.55,2026-04-12
SKU-00202,Item-00202,BR-B,137.34,2026-04-22
SKU-00351,Item-00351,BR-D,65.68,2026-04-11
SKU-00223,Item-00223,BR-C,137.92,2026-04-10
SKU-00415,Item-00415,BR-B,322.4,2026-04-01
SKU-00363,Item-00363,BR-D,148.85,2026-04-23
SKU-00387,Item-00387,BR-C,142.77,2026-04-23
SKU-00730,Item-00730,BR-B,345.39,2026-04-20
SKU-00466,Item-00466,BR-C,252.64,2026-04-02
SKU-00348,Item-00348,BR-B,145.33,2026-04-26
SKU-00267,Item-00267,BR-A,107.52,2026-04-02
SKU-00223,Item-00223,BR-D,64.66,2026-04-12
SKU-00738,Item-00738,BR-D,112.32,2026-04-05
SKU-00494,Item-00494,BR-A,108.72,2026-04-09
SKU-00302,Item-00302,BR-C,29.85,2026-04-27
SKU-00579,Item-00579,BR-A,173.32,2026-04-14
SKU-00465,Item-00465,BR-C,216.08,2026-04-28
SKU-00787,Item-00787,BR-B,89.96,2026-04-04
SKU-00784,Item-00784,BR-D,110.23,2026-04-23
SKU-00264,Item-00264,BR-C,45.76,2026-04-10
SKU-00532,Item-00532,BR-A,130.55,2026-04-28
SKU-00637,Item-00637,BR-A,79.14,2026-04-05
SKU-00356,Item-00356,BR-D,89.14,2026-04-30
SKU-00633,Item-00633,BR-D,177.07,2026-04-14
SKU-00585,Item-00585,BR-B,31.99,2026-04-29
SKU-00300,Item-00300,BR-D,17.42,2026-04-03
SKU-00510,Item-00510,BR-E,96.82,2026-04-20
SKU-00599,Item-00599,BR-C,276.81,2026-04-18
SKU-00592,Item-00592,BR-A,101.91,2026-04-22
SKU-00320,Item-00320,BR-A,159.64,2026-04-22
SKU-00591,Item-00591,BR-E,101.64,2026-04-09
SKU-00293,Item-00293,BR-B,181.58,2026-04-16
SKU-00639,Item-00639,BR-D,3.04,2026-04-10
SKU-00686,Item-00686,BR-A,64.62,2026-04-22
SKU-00266,Item-00266,BR-B,45.3,2026-04-02
SKU-00753,Item-00753,BR-A,132.39,2026-04-23
SKU-00734,Item-00734,BR-B,117.41,2026-04-21
SKU-00694,Item-00694,BR-A,146.57,2026-04-19
SKU-00424,Item-00424,BR-A,257.2,2026-04-30
SKU-00266,Item-00266,BR-B,58.75,2026-04-27
SKU-00544,Item-00544,BR-B,7.21,2026-04-05
SKU-00496,Item-00496,BR-A,54.1,2026-04-13
SKU-00383,Item-00383,BR-A,56.23,2026-04-13
SKU-00623,Item-00623,BR-A,25.92,2026-04-01
SKU-00356,Item-00356,BR-E,73.19,2026-04-03
SKU-00272,Item-00272,BR-A,128.59,2026-04-01
SKU-00293,Item-00293,BR-C,103.25,2026-04-29
SKU-00293,Item-00293,BR-C,137.95,2026-04-24
SKU-00355,Item-00355,BR-D,322.08,2026-04-22
SKU-00294,Item-00294,BR-C,77.49,2026-04-30
SKU-00567,Item-00567,BR-B,33.31,2026-04-14
SKU-00498,Item-00498,BR-D,98.83,2026-04-26
SKU-00226,Item-00226,BR-C,44.06,2026-04-05
SKU-00590,Item-00590,BR-A,37.4,2026-04-24
SKU-00714,Item-00714,BR-C,221.45,2026-04-13
SKU-00484,Item-00484,BR-A,178.07,2026-04-27
SKU-00773,Item-00773,BR-A,105.5,2026-04-03
SKU-00511,Item-00511,BR-C,146.76,2026-04-08
SKU-00626,Item-00626,BR-D,138.93,2026-04-11
SKU-00577,Item-00577,BR-C,21.35,2026-04-19
SKU-00658,Item-00658,BR-C,361.92,2026-04-28
SKU-00622,Item-00622,BR-C,275.32,2026-04-02
SKU-00259,Item-00259,BR-C,153.18,2026-04-10
SKU-00491,Item-00491,BR-B,346.26,2026-04-20
SKU-00234,Item-00234,BR-E,72.23,2026-04-02
SKU-00621,Item-00621,BR-B,139.3,2026-04-24
SKU-00535,Item-00535,BR-D,132.12,2026-04-11
SKU-00305,Item-00305,BR-A,63.22,2026-04-16
SKU-00465,Item-00465,BR-E,141.22,2026-04-05
SKU-00210,Item-00210,BR-E,198.79,2026-04-17
SKU-00596,Item-00596,BR-A,133.95,2026-04-15
SKU-00536,Item-00536,BR-D,241.55,2026-04-26
SKU-00539,Item-00539,BR-D,187.48,2026-04-19
SKU-00491,Item-00491,BR-D,277.68,2026-04-28
SKU-00265,Item-00265,BR-C,123.43,2026-04-26
SKU-00584,Item-00584,BR-E,93.99,2026-04-22
SKU-00208,Item-00208,BR-E,208.25,2026-04-18
SKU-00230,Item-00230,BR-E,95.14,2026-04-02
SKU-00567,Item-00567,BR-D,13.27,2026-04-05
SKU-00600,Item-00600,BR-D,123.28,2026-04-23
SKU-00549,Item-00549,BR-A,48.92,2026-04-28
SKU-00455,Item-00455,BR-A,120.2,2026-04-08
SKU-00433,Item-00433,BR-A,157.77,2026-04-14
SKU-00696,Item-00696,BR-D,74.78,2026-04-14
SKU-00767,Item-00767,BR-E,250.95,2026-04-01
SKU-00636,Item-00636,BR-C,7.85,2026-04-20
SKU-00268,Item-00268,BR-A,102.7,2026-04-19
SKU-00645,Item-00645,BR-D,53.67,2026-04-17
SKU-00547,Item-00547,BR-C,125.85,2026-04-15
SKU-00237,Item-00237,BR-B,165.47,2026-04-26
SKU-00788,Item-00788,BR-A,24.14,2026-04-22
SKU-00252,Item-00252,BR-A,105.58,2026-04-11
SKU-00705,Item-00705,BR-A,103.23,2026-04-21
SKU-00425,Item-00425,BR-C,379.52,2026-04-08
SKU-00700,Item-00700,BR-C,84.86,2026-04-07
SKU-00612,Item-00612,BR-E,156.9,2026-04-20
SKU-00389,Item-00389,BR-E,15.88,2026-04-30
SKU-00797,Item-00797,BR-B,31.86,2026-04-03
SKU-00573,Item-00573,BR-B,103.71,2026-04-04
SKU-00609,Item-00609,BR-C,164.48,2026-04-27
SKU-00504,Item-00504,BR-B,79.67,2026-04-01
SKU-00554,Item-00554,BR-C,29.13,2026-04-19
SKU-00636,Item-00636,BR-C,7.94,2026-04-13
SKU-00772,Item-00772,BR-B,84.75,2026-04-25
SKU-00453,Item-00453,BR-E,58.31,2026-04-26
SKU-00352,Item-00352,BR-B,186.18,2026-04-03
SKU-00686,Item-00686,BR-D,38.85,2026-04-07
SKU-00640,Item-00640,BR-D,123.61,2026-04-26
SKU-00498,Item-00498,BR-B,76.66,2026-04-05
SKU-00305,Item-00305,BR-E,78.24,2026-04-14
SKU-00444,Item-00444,BR-D,23.66,2026-04-02
SKU-00682,Item-00682,BR-B,163.32,2026-04-12
SKU-00303,Item-00303,BR-B,30.81,2026-04-21
SKU-00783,Item-00783,BR-E,157.39,2026-04-25
SKU-00640,Item-00640,BR-B,92.81,2026-04-05
SKU-00431,Item-00431,BR-A,101.55,2026-04-12
SKU-00588,Item-00588,BR-D,89.73,2026-04-24
SKU-00702,Item-00702,BR-A,178.06,2026-04-05
SKU-00340,Item-00340,BR-C,202.15,2026-04-12
SKU-00270,Item-00270,BR-D,69.58,2026-04-05
SKU-00266,Item-00266,BR-E,64.26,2026-04-05
SKU-00397,Item-00397,BR-E,224.91,2026-04-27
SKU-00483,Item-00483,BR-A,63.13,2026-04-09
SKU-00306,Item-00306,BR-C,67.53,2026-04-05
SKU-00573,Item-00573,BR-C,197.15,2026-04-16
SKU-00276,Item-00276,BR-E,148.99,2026-04-16
SKU-00510,Item-00510,BR-C,67.77,2026-04-22
SKU-00731,Item-00731,BR-D,45.48,2026-04-23
SKU-00699,Item-00699,BR-E,248.99,2026-04-21
SKU-00717,Item-00717,BR-C,112.18,2026-04-25
SKU-00370,Item-00370,BR-E,71.69,2026-04-14
SKU-00645,Item-00645,BR-A,122.12,2026-04-29
SKU-00229,Item-00229,BR-E,110.84,2026-04-24
SKU-00634,Item-00634,BR-E,131.29,2026-04-16
SKU-00349,Item-00349,BR-A,117.07,2026-04-18
SKU-00471,Item-00471,BR-D,136.38,2026-04-26
SKU-00243,Item-00243,BR-A,84.1,2026-04-08
SKU-00293,Item-00293,BR-B,107.21,2026-04-14
SKU-00507,Item-00507,BR-E,199.02,2026-04-15
SKU-00370,Item-00370,BR-C,61.89,2026-04-21
SKU-00568,Item-00568,BR-A,116.4,2026-04-19
SKU-00414,Item-00414,BR-C,171.2,2026-04-20
SKU-00799,Item-00799,BR-C,194.65,2026-04-05
SKU-00527,Item-00527,BR-B,13.1,2026-04-10
SKU-00385,Item-00385,BR-B,38.89,2026-04-03
SKU-00590,Item-00590,BR-C,25.51,2026-04-12
SKU-00325,Item-00325,BR-C,95.35,2026-04-22
SKU-00615,Item-00615,BR-B,71.16,2026-04-08
SKU-00716,Item-00716,BR-C,20.53,2026-04-17
SKU-00547,Item-00547,BR-E,166.28,2026-04-28
SKU-00743,Item-00743,BR-E,122.33,2026-04-30
SKU-00475,Item-00475,BR-D,117.25,2026-04-09
SKU-00792,Item-00792,BR-C,236.51,2026-04-11
SKU-00417,Item-00417,BR-E,32.41,2026-04-04
SKU-00272,Item-00272,BR-B,158.91,2026-04-27
SKU-00413,Item-00413,BR-B,156.42,2026-04-29
SKU-00391,Item-00391,BR-A,206.13,2026-04-04
SKU-00664,Item-00664,BR-D,44.44,2026-04-25
SKU-00789,Item-00789,BR-D,113.22,2026-04-21
SKU-00231,Item-00231,BR-B,40.04,2026-04-17
SKU-00455,Item-00455,BR-B,86.53,2026-04-11
SKU-00345,Item-00345,BR-E,191.01,2026-04-29
SKU-00656,Item-00656,BR-C,173.6,2026-04-20
SKU-00760,Item-00760,BR-E,27.74,2026-04-03
SKU-00210,Item-00210,BR-C,131.52,2026-04-09
SKU-00452,Item-00452,BR-E,112.21,2026-04-30
SKU-00590,Item-00590,BR-D,30.35,2026-04-21
SKU-00280,Item-00280,BR-C,85.84,2026-04-13
SKU-00360,Item-00360,BR-B,23.9,2026-04-08
SKU-00416,Item-00416,BR-D,96.81,2026-04-12
SKU-00474,Item-00474,BR-E,165.26,2026-04-12
SKU-00777,Item-00777,BR-B,31.26,2026-04-18
SKU-00737,Item-00737,BR-C,182.57,2026-04-05
SKU-00578,Item-00578,BR-D,48.46,2026-04-22
SKU-00259,Item-00259,BR-D,144.23,2026-04-20
SKU-00332,Item-00332,BR-C,158.65,2026-04-02
SKU-00615,Item-00615,BR-D,97.93,2026-04-29
SKU-00337,Item-00337,BR-C,167.13,2026-04-03
SKU-00339,Item-00339,BR-A,29.9,2026-04-02
SKU-00688,Item-00688,BR-C,55.94,2026-04-06
SKU-00334,Item-00334,BR-B,8.19,2026-04-17
SKU-00529,Item-00529,BR-E,287.58,2026-04-16
SKU-00727,Item-00727,BR-C,115.11,2026-04-22
SKU-00696,Item-00696,BR-B,86.53,2026-04-08
SKU-00754,Item-00754,BR-D,224.66,2026-04-13
SKU-00650,Item-00650,BR-D,146.55,2026-04-28
SKU-00693,Item-00693,BR-B,129.23,2026-04-30
SKU-00687,Item-00687,BR-B,84.47,2026-04-14
SKU-00654,Item-00654,BR-A,95.74,2026-04-19
SKU-00791,Item-00791,BR-C,261.77,2026-04-27
SKU-00234,Item-00234,BR-A,171.83,2026-04-16
SKU-00739,Item-00739,BR-B,38.2,2026-04-20
SKU-00479,Item-00479,BR-E,41.43,2026-04-30
SKU-00756,Item-00756,BR-B,154.79,2026-04-13
SKU-00345,Item-00345,BR-E,129.18,2026-04-10
SKU-00517,Item-00517,BR-A,10.07,2026-04-26
SKU-00702,Item-00702,BR-D,223.3,2026-04-19
SKU-00780,Item-00780,BR-C,13.82,2026-04-13
SKU-00728,Item-00728,BR-A,108.56,2026-04-30
SKU-00737,Item-00737,BR-A,150.97,2026-04-01
SKU-00650,Item-00650,BR-E,76.26,2026-04-17
SKU-00267,Item-00267,BR-D,174.44,2026-04-12
SKU-00333,Item-00333,BR-C,106.99,2026-04-03
SKU-00387,Item-00387,BR-C,154.22,2026-04-01
SKU-00229,Item-00229,BR-B,59.0,2026-04-26
SKU-00678,Item-00678,BR-B,151.03,2026-04-14
SKU-00252,Item-00252,BR-B,115.34,2026-04-02
SKU-00404,Item-00404,BR-B,63.02,2026-04-27
SKU-00547,Item-00547,BR-E,171.61,2026-04-07
SKU-00241,Item-00241,BR-B,156.33,2026-04-17
SKU-00554,Item-00554,BR-E,37.52,2026-04-09
SKU-00430,Item-00430,BR-D,129.8,2026-04-20
SKU-00744,Item-00744,BR-E,41.07,2026-04-24
SKU-00762,Item-00762,BR-A,250.87,2026-04-30
SKU-00525,Item-00525,BR-A,174.77,2026-04-23
SKU-00501,Item-00501,BR-D,112.52,2026-04-26
SKU-00724,Item-00724,BR-E,110.87,2026-04-22
SKU-00554,Item-00554,BR-A,32.77,2026-04-19
SKU-00325,Item-00325,BR-C,91.86,2026-04-07
SKU-00216,Item-00216,BR-D,91.4,2026-04-18
SKU-00599,Item-00599,BR-B,172.19,2026-04-13
SKU-00279,Item-00279,BR-A,242.99,2026-04-18
SKU-00302,Item-00302,BR-B,28.29,2026-04-09
SKU-00326,Item-00326,BR-D,111.36,2026-04-11
SKU-00725,Item-00725,BR-E,127.36,2026-04-29
SKU-00267,Item-00267,BR-D,116.22,2026-04-10
SKU-00304,Item-00304,BR-C,38.32,2026-04-30
SKU-00572,Item-00572,BR-D,23.14,2026-04-29
SKU-00412,Item-00412,BR-E,247.83,2026-04-04
SKU-00612,Item-00612,BR-D,77.07,2026-04-08
SKU-00664,Item-00664,BR-B,62.58,2026-04-21
SKU-00704,Item-00704,BR-A,91.94,2026-04-09
SKU-00322,Item-00322,BR-E,320.45,2026-04-07
SKU-00254,Item-00254,BR-D,114.81,2026-04-20
SKU-00236,Item-00236,BR-A,183.66,2026-04-06
SKU-00221,Item-00221,BR-C,129.7,2026-04-28
SKU-00235,Item-00235,BR-E,76.58,2026-04-27
SKU-00359,Item-00359,BR-D,100.13,2026-04-07
SKU-00256,Item-00256,BR-D,11.85,2026-04-21
SKU-00709,Item-00709,BR-A,14.64,2026-04-09
SKU-00352,Item-00352,BR-E,180.04,2026-04-04
SKU-00351,Item-00351,BR-C,119.32,2026-04-29
SKU-00749,Item-00749,BR-A,151.45,2026-04-07
SKU-00321,Item-00321,BR-D,228.56,2026-04-02
SKU-00753,Item-00753,BR-E,176.03,2026-04-22
SKU-00581,Item-00581,BR-D,166.33,2026-04-03
SKU-00499,Item-00499,BR-A,176.47,2026-04-12
SKU-00415,Item-00415,BR-A,349.18,2026-04-26
SKU-00490,Item-00490,BR-A,141.0,2026-04-03
SKU-00678,Item-00678,BR-D,79.78,2026-04-27
SKU-00726,Item-00726,BR-E,14.0,2026-04-09
SKU-00583,Item-00583,BR-C,115.07,2026-04-24
SKU-00411,Item-00411,BR-A,26.7,2026-04-17
SKU-00313,Item-00313,BR-D,90.72,2026-04-09
SKU-00364,Item-00364,BR-D,83.83,2026-04-11
SKU-00649,Item-00649,BR-A,103.61,2026-04-23
SKU-00461,Item-00461,BR-A,211.33,2026-04-02
SKU-00343,Item-00343,BR-A,54.12,2026-04-01
SKU-00587,Item-00587,BR-A,104.41,2026-04-03
SKU-00248,Item-00248,BR-D,116.07,2026-04-17
SKU-00391,Item-00391,BR-A,98.26,2026-04-25
SKU-00266,Item-00266,BR-B,54.69,2026-04-04
SKU-00585,Item-00585,BR-A,31.21,2026-04-14
SKU-00541,Item-00541,BR-B,129.67,2026-04-05
SKU-00424,Item-00424,BR-E,246.01,2026-04-17
SKU-00441,Item-00441,BR-B,107.88,2026-04-24
SKU-00450,Item-00450,BR-D,273.21,2026-04-01
SKU-00765,Item-00765,BR-E,198.5,2026-04-10
SKU-00351,Item-00351,BR-C,77.88,2026-04-02
SKU-00325,Item-00325,BR-B,130.99,2026-04-18
SKU-00294,Item-00294,BR-B,118.17,2026-04-25
SKU-00559,Item-00559,BR-B,134.09,2026-04-08
SKU-00202,Item-00202,BR-E,71.3,2026-04-25
SKU-00305,Item-00305,BR-D,65.8,2026-04-01
SKU-00517,Item-00517,BR-A,9.57,2026-04-29
SKU-00268,Item-00268,BR-B,84.29,2026-04-22
SKU-00205,Item-00205,BR-D,104.87,2026-04-26
SKU-00341,Item-00341,BR-E,147.5,2026-04-09
SKU-00629,Item-00629,BR-E,49.88,2026-04-07
SKU-00492,Item-00492,BR-E,77.16,2026-04-26
SKU-00439,Item-00439,BR-E,160.37,2026-04-10
SKU-00757,Item-00757,BR-B,19.46,2026-04-19
SKU-00231,Item-00231,BR-E,21.78,2026-04-29
SKU-00700,Item-00700,BR-A,90.53,2026-04-11
SKU-00620,Item-00620,BR-C,28.97,2026-04-09
SKU-00442,Item-00442,BR-B,85.19,2026-04-13
SKU-00596,Item-00596,BR-B,122.7,2026-04-21
SKU-00304,Item-00304,BR-C,60.46,2026-04-14
SKU-00202,Item-00202,BR-E,123.15,2026-04-21
SKU-00364,Item-00364,BR-D,46.62,2026-04-20
SKU-00354,Item-00354,BR-D,121.85,2026-04-17
SKU-00339,Item-00339,BR-C,36.46,2026-04-12
SKU-00349,Item-00349,BR-A,55.91,2026-04-04
SKU-00252,Item-00252,BR-A,163.23,2026-04-15
SKU-00445,Item-00445,BR-B,81.48,2026-04-26
SKU-00689,Item-00689,BR-A,66.56,2026-04-18
SKU-00800,Item-00800,BR-E,313.54,2026-04-23
SKU-00609,Item-00609,BR-D,130.83,2026-04-02
SKU-00395,Item-00395,BR-A,87.26,2026-04-25
SKU-00381,Item-00381,BR-E,97.6,2026-04-25
SKU-00723,Item-00723,BR-C,80.45,2026-04-02
SKU-00669,Item-00669,BR-B,199.22,2026-04-03
SKU-00786,Item-00786,BR-A,71.16,2026-04-18
SKU-00564,Item-00564,BR-D,10.5,2026-04-20
SKU-00729,Item-00729,BR-D,206.13,2026-04-18
SKU-00686,Item-00686,BR-A,37.14,2026-04-23
SKU-00494,Item-00494,BR-B,86.58,2026-04-22
SKU-00705,Item-00705,BR-A,164.29,2026-04-28
SKU-00577,Item-00577,BR-C,25.07,2026-04-26
SKU-00361,Item-00361,BR-A,152.95,2026-04-24
SKU-00529,Item-00529,BR-B,197.5,2026-04-17
SKU-00254,Item-00254,BR-E,126.83,2026-04-11
SKU-00452,Item-00452,BR-E,74.61,2026-04-16
SKU-00701,Item-00701,BR-D,54.12,2026-04-28
SKU-00786,Item-00786,BR-C,81.16,2026-04-24
SKU-00279,Item-00279,BR-A,161.24,2026-04-20
SKU-00311,Item-00311,BR-B,21.3,2026-04-26
SKU-00656,Item-00656,BR-B,136.72,2026-04-02
SKU-00620,Item-00620,BR-B,19.42,2026-04-29
SKU-00486,Item-00486,BR-D,142.57,2026-04-19
SKU-00640,Item-00640,BR-D,62.05,2026-04-03
SKU-00643,Item-00643,BR-B,29.45,2026-04-29
SKU-00566,Item-00566,BR-B,174.41,2026-04-26
SKU-00574,Item-00574,BR-C,16.42,2026-04-11
SKU-00655,Item-00655,BR-D,83.61,2026-04-04
SKU-00367,Item-00367,BR-A,32.9,2026-04-27
SKU-00529,Item-00529,BR-C,140.72,2026-04-24
SKU-00459,Item-00459,BR-A,194.49,2026-04-07
SKU-00409,Item-00409,BR-E,68.5,2026-04-15
SKU-00210,Item-00210,BR-D,185.78,2026-04-23
SKU-00420,Item-00420,BR-B,24.59,2026-04-06
SKU-00493,Item-00493,BR-B,111.35,2026-04-18
SKU-00333,Item-00333,BR-B,132.97,2026-04-01
SKU-00300,Item-00300,BR-D,6.64,2026-04-16
SKU-00738,Item-00738,BR-A,208.74,2026-04-18
SKU-00642,Item-00642,BR-E,37.04,2026-04-18
SKU-00417,Item-00417,BR-E,31.64,2026-04-24
SKU-00552,Item-00552,BR-C,176.98,2026-04-25
SKU-00712,Item-00712,BR-A,65.93,2026-04-02
SKU-00424,Item-00424,BR-E,106.45,2026-04-12
SKU-00766,Item-00766,BR-E,29.8,2026-04-28
SKU-00295,Item-00295,BR-E,58.78,2026-04-21
SKU-00673,Item-00673,BR-B,8.14,2026-04-11
SKU-00305,Item-00305,BR-E,67.9,2026-04-14
SKU-00344,Item-00344,BR-B,75.72,2026-04-01
SKU-00573,Item-00573,BR-E,203.75,2026-04-22
SKU-00451,Item-00451,BR-E,124.69,2026-04-08
SKU-00402,Item-00402,BR-B,91.03,2026-04-07
SKU-00436,Item-00436,BR-C,21.28,2026-04-27
SKU-00763,Item-00763,BR-B,21.91,2026-04-19
SKU-00744,Item-00744,BR-E,65.61,2026-04-17
SKU-00270,Item-00270,BR-C,183.83,2026-04-11
SKU-00543,Item-00543,BR-A,69.38,2026-04-09
SKU-00614,Item-00614,BR-C,100.84,2026-04-06
SKU-00674,Item-00674,BR-B,27.06,2026-04-13
SKU-00501,Item-00501,BR-D,118.82,2026-04-16
SKU-00262,Item-00262,BR-C,247.59,2026-04-21
SKU-00246,Item-00246,BR-C,93.23,2026-04-20
SKU-00312,Item-00312,BR-E,33.06,2026-04-21
SKU-00477,Item-00477,BR-D,22.25,2026-04-22
SKU-00667,Item-00667,BR-D,25.08,2026-04-08
SKU-00723,Item-00723,BR-A,113.72,2026-04-26
SKU-00242,Item-00242,BR-A,45.73,2026-04-15
SKU-00641,Item-00641,BR-A,26.75,2026-04-19
SKU-00301,Item-00301,BR-D,136.8,2026-04-26
SKU-00540,Item-00540,BR-D,228.5,2026-04-15
SKU-00422,Item-00422,BR-A,54.04,2026-04-06
SKU-00700,Item-00700,BR-A,251.08,2026-04-06
SKU-00387,Item-00387,BR-C,119.71,2026-04-03
SKU-00778,Item-00778,BR-A,8.34,2026-04-03
SKU-00320,Item-00320,BR-B,208.11,2026-04-14
SKU-00270,Item-00270,BR-E,168.29,2026-04-29
SKU-00684,Item-00684,BR-A,72.26,2026-04-23
SKU-00796,Item-00796,BR-C,225.54,2026-04-25
SKU-00459,Item-00459,BR-A,222.96,2026-04-24
SKU-00720,Item-00720,BR-C,228.52,2026-04-24
SKU-00600,Item-00600,BR-E,282.05,2026-04-03
SKU-00240,Item-00240,BR-C,78.94,2026-04-01
SKU-00573,Item-00573,BR-B,159.51,2026-04-19
SKU-00388,Item-00388,BR-B,26.7,2026-04-25
SKU-00252,Item-00252,BR-D,142.71,2026-04-26
SKU-00438,Item-00438,BR-C,116.16,2026-04-28
SKU-00430,Item-00430,BR-E,271.88,2026-04-22
SKU-00373,Item-00373,BR-D,148.2,2026-04-22
SKU-00531,Item-00531,BR-B,60.6,2026-04-05
SKU-00525,Item-00525,BR-E,95.1,2026-04-28
SKU-00764,Item-00764,BR-A,126.28,2026-04-16
SKU-00301,Item-00301,BR-C,72.24,2026-04-08
SKU-00694,Item-00694,BR-B,275.39,2026-04-07
SKU-00741,Item-00741,BR-D,98.64,2026-04-04
SKU-00590,Item-00590,BR-E,27.46,2026-04-18
SKU-00395,Item-00395,BR-C,89.2,2026-04-17
SKU-00298,Item-00298,BR-A,134.13,2026-04-21
SKU-00529,Item-00529,BR-A,152.83,2026-04-21
SKU-00749,Item-00749,BR-B,113.81,2026-04-25
SKU-00320,Item-00320,BR-B,240.98,2026-04-21
SKU-00547,Item-00547,BR-D,128.29,2026-04-10
SKU-00469,Item-00469,BR-C,49.96,2026-04-19
SKU-00783,Item-00783,BR-D,141.91,2026-04-03
SKU-00550,Item-00550,BR-B,68.88,2026-04-20
SKU-00287,Item-00287,BR-A,11.76,2026-04-14
SKU-00560,Item-00560,BR-C,112.76,2026-04-25
SKU-00443,Item-00443,BR-A,52.57,2026-04-01
SKU-00227,Item-00227,BR-D,40.41,2026-04-12
SKU-00367,Item-00367,BR-B,34.77,2026-04-27
SKU-00223,Item-00223,BR-C,82.57,2026-04-15
SKU-00210,Item-00210,BR-C,202.83,2026-04-10
SKU-00714,Item-00714,BR-C,67.18,2026-04-13
SKU-00695,Item-00695,BR-B,40.88,2026-04-20
SKU-00443,Item-00443,BR-B,72.0,2026-04-17
SKU-00525,Item-00525,BR-E,209.16,2026-04-11
SKU-00349,Item-00349,BR-A,74.05,2026-04-13
SKU-00505,Item-00505,BR-C,95.87,2026-04-04
SKU-00221,Item-00221,BR-B,115.52,2026-04-30
SKU-00338,Item-00338,BR-A,154.97,2026-04-11
SKU-00733,Item-00733,BR-B,201.84,2026-04-21
SKU-00682,Item-00682,BR-E,96.29,2026-04-17
SKU-00377,Item-00377,BR-D,225.21,2026-04-07
SKU-00457,Item-00457,BR-E,88.36,2026-04-17
SKU-00217,Item-00217,BR-D,146.75,2026-04-20
SKU-00210,Item-00210,BR-A,115.1,2026-04-15
SKU-00690,Item-00690,BR-C,167.43,2026-04-02
SKU-00426,Item-00426,BR-A,250.47,2026-04-26
SKU-00728,Item-00728,BR-A,55.09,2026-04-14
SKU-00519,Item-00519,BR-A,244.91,2026-04-14
SKU-00774,Item-00774,BR-A,26.35,2026-04-07
SKU-00780,Item-00780,BR-A,24.06,2026-04-04
SKU-00672,Item-00672,BR-A,71.03,2026-04-11
SKU-00541,Item-00541,BR-C,194.64,2026-04-02
SKU-00773,Item-00773,BR-E,178.41,2026-04-01
SKU-00402,Item-00402,BR-D,97.57,2026-04-19
SKU-00410,Item-00410,BR-A,113.68,2026-04-26
SKU-00218,Item-00218,BR-E,54.91,2026-04-19
SKU-00618,Item-00618,BR-A,196.11,2026-04-06
SKU-00258,Item-00258,BR-E,133.72,2026-04-10
SKU-00426,Item-00426,BR-B,97.59,2026-04-13
SKU-00437,Item-00437,BR-C,341.21,2026-04-29
SKU-00698,Item-00698,BR-D,157.58,2026-04-12
SKU-00332,Item-00332,BR-B,128.06,2026-04-10
SKU-00685,Item-00685,BR-C,83.12,2026-04-26
SKU-00565,Item-00565,BR-C,54.08,2026-04-08
SKU-00742,Item-00742,BR-B,183.53,2026-04-12
SKU-00459,Item-00459,BR-A,139.72,2026-04-01
SKU-00683,Item-00683,BR-C,195.94,2026-04-19
SKU-00697,Item-00697,BR-E,11.63,2026-04-06
SKU-00341,Item-00341,BR-B,71.57,2026-04-22
SKU-00664,Item-00664,BR-A,32.99,2026-04-27
SKU-00342,Item-00342,BR-E,176.99,2026-04-24
SKU-00686,Item-00686,BR-A,95.12,2026-04-24
SKU-00645,Item-00645,BR-A,51.97,2026-04-02
SKU-00634,Item-00634,BR-A,165.53,2026-04-10
SKU-00312,Item-00312,BR-A,57.59,2026-04-19
SKU-00708,Item-00708,BR-D,123.47,2026-04-07
SKU-00343,Item-00343,BR-B,74.85,2026-04-21
SKU-00696,Item-00696,BR-D,52.65,2026-04-10
SKU-00349,Item-00349,BR-A,63.69,2026-04-28
SKU-00683,Item-00683,BR-B,251.2,2026-04-22
SKU-00220,Item-00220,BR-C,45.62,2026-04-20
SKU-00292,Item-00292,BR-D,204.01,2026-04-27
SKU-00392,Item-00392,BR-B,109.94,2026-04-21
SKU-00749,Item-00749,BR-D,119.4,2026-04-03
SKU-00736,Item-00736,BR-A,13.54,2026-04-30
SKU-00686,Item-00686,BR-C,61.56,2026-04-23
SKU-00661,Item-00661,BR-C,184.43,2026-04-01
SKU-00225,Item-00225,BR-C,132.68,2026-04-06
SKU-00406,Item-00406,BR-B,30.14,2026-04-18
SKU-00588,Item-00588,BR-C,107.27,2026-04-29
SKU-00329,Item-00329,BR-D,113.3,2026-04-18
SKU-00439,Item-00439,BR-A,160.92,2026-04-22
SKU-00638,Item-00638,BR-C,270.91,2026-04-14
SKU-00536,Item-00536,BR-D,156.65,2026-04-20
SKU-00702,Item-00702,BR-B,169.98,2026-04-20
SKU-00231,Item-00231,BR-A,13.09,2026-04-12
SKU-00562,Item-00562,BR-C,151.97,2026-04-25
SKU-00466,Item-00466,BR-C,254.87,2026-04-29
SKU-00426,Item-00426,BR-E,137.34,2026-04-04
SKU-00696,Item-00696,BR-C,76.78,2026-04-30
SKU-00223,Item-00223,BR-D,67.33,2026-04-17
SKU-00579,Item-00579,BR-B,146.13,2026-04-13
SKU-00350,Item-00350,BR-B,109.98,2026-04-15
SKU-00611,Item-00611,BR-B,304.25,2026-04-02
SKU-00674,Item-00674,BR-B,35.35,2026-04-30
SKU-00449,Item-00449,BR-A,137.69,2026-04-26
SKU-00713,Item-00713,BR-C,81.0,2026-04-04
SKU-00734,Item-00734,BR-D,66.13,2026-04-12
SKU-00600,Item-00600,BR-B,221.91,2026-04-18
SKU-00704,Item-00704,BR-C,46.15,2026-04-24
SKU-00500,Item-00500,BR-E,37.29,2026-04-28
SKU-00406,Item-00406,BR-C,18.42,2026-04-19
SKU-00361,Item-00361,BR-D,101.31,2026-04-09
SKU-00507,Item-00507,BR-E,126.43,2026-04-30
SKU-00219,Item-00219,BR-C,91.58,2026-04-28
SKU-00743,Item-00743,BR-E,97.72,2026-04-08
SKU-00665,Item-00665,BR-D,101.86,2026-04-13
SKU-00712,Item-00712,BR-C,85.77,2026-04-24
SKU-00751,Item-00751,BR-A,159.38,2026-04-11
SKU-00671,Item-00671,BR-A,71.13,2026-04-17
SKU-00223,Item-00223,BR-D,90.66,2026-04-02
SKU-00377,Item-00377,BR-D,128.18,2026-04-07
SKU-00279,Item-00279,BR-C,230.39,2026-04-26
SKU-00358,Item-00358,BR-A,159.98,2026-04-13
SKU-00567,Item-00567,BR-D,37.79,2026-04-25
SKU-00667,Item-00667,BR-C,23.61,2026-04-10
SKU-00434,Item-00434,BR-C,13.5,2026-04-28
SKU-00653,Item-00653,BR-D,150.3,2026-04-23
SKU-00783,Item-00783,BR-D,117.45,2026-04-18
SKU-00638,Item-00638,BR-A,222.89,2026-04-27
SKU-00468,Item-00468,BR-C,100.4,2026-04-25
SKU-00620,Item-00620,BR-D,33.93,2026-04-26
SKU-00459,Item-00459,BR-A,120.39,2026-04-26
SKU-00232,Item-00232,BR-D,96.54,2026-04-20
SKU-00371,Item-00371,BR-C,94.9,2026-04-20
SKU-00328,Item-00328,BR-A,21.18,2026-04-11
SKU-00382,Item-00382,BR-E,128.65,2026-04-18
SKU-00328,Item-00328,BR-B,19.66,2026-04-18
SKU-00212,Item-00212,BR-C,40.22,2026-04-20
SKU-00425,Item-00425,BR-B,244.39,2026-04-26
SKU-00256,Item-00256,BR-B,10.19,2026-04-13
SKU-00361,Item-00361,BR-D,84.58,2026-04-04
SKU-00471,Item-00471,BR-A,126.74,2026-04-02
SKU-00398,Item-00398,BR-E,189.87,2026-04-11
SKU-00284,Item-00284,BR-C,137.54,2026-04-27
SKU-00269,Item-00269,BR-A,92.76,2026-04-16
SKU-00699,Item-00699,BR-B,186.56,2026-04-06
SKU-00442,Item-00442,BR-D,201.56,2026-04-10
SKU-00676,Item-00676,BR-D,15.09,2026-04-18
SKU-00490,Item-00490,BR-E,224.78,2026-04-25
SKU-00396,Item-00396,BR-E,98.59,2026-04-17
SKU-00314,Item-00314,BR-A,178.96,2026-04-05
SKU-00294,Item-00294,BR-B,170.82,2026-04-16
SKU-00634,Item-00634,BR-D,165.43,2026-04-26
SKU-00304,Item-00304,BR-E,54.54,2026-04-13
SKU-00497,Item-00497,BR-C,55.07,2026-04-15
SKU-00433,Item-00433,BR-B,170.18,2026-04-27
SKU-00509,Item-00509,BR-D,275.69,2026-04-03
SKU-00241,Item-00241,BR-D,87.84,2026-04-12
SKU-00453,Item-00453,BR-B,94.09,2026-04-09
SKU-00517,Item-00517,BR-A,8.84,2026-04-12
SKU-00692,Item-00692,BR-E,22.13,2026-04-15
SKU-00344,Item-00344,BR-A,103.42,2026-04-07
SKU-00540,Item-00540,BR-B,134.4,2026-04-01
SKU-00744,Item-00744,BR-D,63.99,2026-04-10
SKU-00610,Item-00610,BR-D,135.84,2026-04-10
SKU-00687,Item-00687,BR-C,145.89,2026-04-27
SKU-00302,Item-00302,BR-B,27.23,2026-04-18
SKU-00670,Item-00670,BR-A,67.2,2026-04-29
SKU-00324,Item-00324,BR-D,96.09,2026-04-02
SKU-00294,Item-00294,BR-A,111.64,2026-04-12
SKU-00399,Item-00399,BR-C,197.61,2026-04-05
SKU-00660,Item-00660,BR-E,179.57,2026-04-11
SKU-00619,Item-00619,BR-A,17.57,2026-04-26
SKU-00772,Item-00772,BR-C,102.14,2026-04-05
SKU-00758,Item-00758,BR-C,96.82,2026-04-09
SKU-00470,Item-00470,BR-D,181.23,2026-04-24
SKU-00569,Item-00569,BR-D,14.45,2026-04-22
SKU-00265,Item-00265,BR-E,70.96,2026-04-14
SKU-00753,Item-00753,BR-C,124.45,2026-04-07
SKU-00536,Item-00536,BR-D,128.28,2026-04-20
SKU-00556,Item-00556,BR-A,35.43,2026-04-13
SKU-00441,Item-00441,BR-A,153.08,2026-04-06
SKU-00675,Item-00675,BR-E,208.3,2026-04-21
SKU-00575,Item-00575,BR-D,68.49,2026-04-19
SKU-00594,Item-00594,BR-D,112.29,2026-04-20
SKU-00572,Item-00572,BR-D,31.36,2026-04-24
SKU-00731,Item-00731,BR-C,57.64,2026-04-14
SKU-00647,Item-00647,BR-C,204.67,2026-04-28
SKU-00424,Item-00424,BR-C,215.15,2026-04-27
SKU-00588,Item-00588,BR-C,238.98,2026-04-17
SKU-00225,Item-00225,BR-A,72.8,2026-04-21
SKU-00296,Item-00296,BR-E,115.29,2026-04-22
SKU-00585,Item-00585,BR-C,12.17,2026-04-05
SKU-00252,Item-00252,BR-C,100.43,2026-04-27
SKU-00531,Item-00531,BR-D,57.56,2026-04-23
SKU-00746,Item-00746,BR-B,160.32,2026-04-06
SKU-00659,Item-00659,BR-B,8.95,2026-04-18
SKU-00385,Item-00385,BR-D,34.68,2026-04-14
SKU-00667,Item-00667,BR-A,16.49,2026-04-01
SKU-00283,Item-00283,BR-D,110.53,2026-04-28
SKU-00614,Item-00614,BR-A,94.93,2026-04-18
SKU-00263,Item-00263,BR-E,279.57,2026-04-23
SKU-00262,Item-00262,BR-D,237.08,2026-04-24
SKU-00386,Item-00386,BR-B,50.95,2026-04-16
SKU-00446,Item-00446,BR-D,40.11,2026-04-24
SKU-00249,Item-00249,BR-A,249.5,2026-04-16
SKU-00420,Item-00420,BR-A,21.17,2026-04-01
SKU-00346,Item-00346,BR-D,33.71,2026-04-08
SKU-00269,Item-00269,BR-D,132.31,2026-04-04
SKU-00429,Item-00429,BR-E,87.77,2026-04-08
SKU-00430,Item-00430,BR-C,141.13,2026-04-23
SKU-00544,Item-00544,BR-E,5.78,2026-04-14
SKU-00800,Item-00800,BR-B,124.54,2026-04-25
SKU-00640,Item-00640,BR-B,113.67,2026-04-19
SKU-00635,Item-00635,BR-D,13.26,2026-04-28
SKU-00660,Item-00660,BR-C,141.98,2026-04-07
SKU-00416,Item-00416,BR-E,172.14,2026-04-06
SKU-00352,Item-00352,BR-E,131.6,2026-04-06
SKU-00428,Item-00428,BR-D,69.25,2026-04-25
SKU-00620,Item-00620,BR-A,37.47,2026-04-29
SKU-00401,Item-00401,BR-A,17.01,2026-04-08
SKU-00455,Item-00455,BR-D,53.97,2026-04-07
SKU-00407,Item-00407,BR-E,159.97,2026-04-11
SKU-00487,Item-00487,BR-E,156.93,2026-04-03
SKU-00545,Item-00545,BR-B,26.45,2026-04-11
SKU-00775,Item-00775,BR-E,102.69,2026-04-26
SKU-00592,Item-00592,BR-D,93.54,2026-04-05
SKU-00426,Item-00426,BR-D,201.53,2026-04-01
SKU-00794,Item-00794,BR-A,67.74,2026-04-10
SKU-00601,Item-00601,BR-C,104.47,2026-04-01
SKU-00286,Item-00286,BR-C,104.15,2026-04-19
SKU-00544,Item-00544,BR-E,8.43,2026-04-07
SKU-00337,Item-00337,BR-D,164.22,2026-04-01
SKU-00321,Item-00321,BR-B,114.05,2026-04-10
SKU-00747,Item-00747,BR-E,61.79,2026-04-11
SKU-00264,Item-00264,BR-B,61.05,2026-04-25
SKU-00259,Item-00259,BR-D,211.26,2026-04-26
SKU-00790,Item-00790,BR-E,117.01,2026-04-07
SKU-00491,Item-00491,BR-D,138.33,2026-04-21
SKU-00229,Item-00229,BR-D,44.51,2026-04-04
SKU-00705,Item-00705,BR-C,157.86,2026-04-16
SKU-00385,Item-00385,BR-B,15.29,2026-04-14
SKU-00753,Item-00753,BR-E,173.5,2026-04-05
SKU-00693,Item-00693,BR-C,151.68,2026-04-18
SKU-00628,Item-00628,BR-D,96.56,2026-04-23
SKU-00257,Item-00257,BR-D,209.01,2026-04-21
SKU-00329,Item-00329,BR-A,274.7,2026-04-24
SKU-00723,Item-00723,BR-E,59.59,2026-04-13
SKU-00718,Item-00718,BR-B,107.88,2026-04-07
SKU-00711,Item-00711,BR-E,164.26,2026-04-12
SKU-00451,Item-00451,BR-C,87.77,2026-04-01
SKU-00538,Item-00538,BR-D,98.73,2026-04-15
SKU-00430,Item-00430,BR-C,164.76,2026-04-15
SKU-00525,Item-00525,BR-D,91.38,2026-04-29
SKU-00753,Item-00753,BR-A,147.89,2026-04-30
SKU-00240,Item-00240,BR-B,40.36,2026-04-01
SKU-00476,Item-00476,BR-D,197.36,2026-04-27
SKU-00541,Item-00541,BR-A,75.12,2026-04-29
SKU-00778,Item-00778,BR-E,8.04,2026-04-26
SKU-00772,Item-00772,BR-D,63.5,2026-04-14
SKU-00347,Item-00347,BR-D,56.37,2026-04-12
SKU-00334,Item-00334,BR-A,5.11,2026-04-25
SKU-00542,Item-00542,BR-C,198.5,2026-04-24
SKU-00362,Item-00362,BR-B,59.0,2026-04-09
SKU-00675,Item-00675,BR-C,119.99,2026-04-19
SKU-00299,Item-00299,BR-E,296.44,2026-04-20
SKU-00704,Item-00704,BR-C,59.92,2026-04-19
SKU-00746,Item-00746,BR-C,242.18,2026-04-13
SKU-00417,Item-00417,BR-A,15.46,2026-04-07
SKU-00390,Item-00390,BR-E,33.55,2026-04-29
SKU-00465,Item-00465,BR-E,238.68,2026-04-27
SKU-00511,Item-00511,BR-A,234.97,2026-04-05
SKU-00641,Item-00641,BR-B,19.19,2026-04-17
SKU-00765,Item-00765,BR-B,274.85,2026-04-22
SKU-00743,Item-00743,BR-B,135.64,2026-04-07
SKU-00240,Item-00240,BR-B,40.75,2026-04-21
SKU-00330,Item-00330,BR-E,267.82,2026-04-20
SKU-00232,Item-00232,BR-C,42.62,2026-04-23
SKU-00761,Item-00761,BR-A,192.97,2026-04-29
SKU-00524,Item-00524,BR-B,116.09,2026-04-01
SKU-00800,Item-00800,BR-D,272.37,2026-04-11
SKU-00238,Item-00238,BR-D,71.83,2026-04-04
SKU-00355,Item-00355,BR-A,208.48,2026-04-22
SKU-00748,Item-00748,BR-E,128.91,2026-04-14
SKU-00389,Item-00389,BR-D,19.8,2026-04-17
SKU-00688,Item-00688,BR-C,34.51,2026-04-29
SKU-00443,Item-00443,BR-B,63.5,2026-04-26
SKU-00495,Item-00495,BR-C,239.99,2026-04-03
SKU-00672,Item-00672,BR-E,107.66,2026-04-10
SKU-00577,Item-00577,BR-D,26.93,2026-04-27
SKU-00286,Item-00286,BR-D,118.99,2026-04-09
SKU-00517,Item-00517,BR-A,6.1,2026-04-04
SKU-00464,Item-00464,BR-C,94.1,2026-04-21
SKU-00755,Item-00755,BR-B,145.14,2026-04-05
SKU-00297,Item-00297,BR-E,58.57,2026-04-16
SKU-00241,Item-00241,BR-C,99.87,2026-04-12
SKU-00603,Item-00603,BR-A,31.04,2026-04-16
SKU-00331,Item-00331,BR-D,77.39,2026-04-17
SKU-00561,Item-00561,BR-A,255.95,2026-04-24
SKU-00259,Item-00259,BR-D,195.58,2026-04-02
SKU-00545,Item-00545,BR-E,44.33,2026-04-23
SKU-00495,Item-00495,BR-C,213.56,2026-04-05
SKU-00715,Item-00715,BR-B,288.48,2026-04-05
SKU-00468,Item-00468,BR-B,106.31,2026-04-03
SKU-00313,Item-00313,BR-D,211.06,2026-04-25
SKU-00491,Item-00491,BR-E,248.01,2026-04-17
SKU-00453,Item-00453,BR-B,106.89,2026-04-16
SKU-00508,Item-00508,BR-E,23.3,2026-04-08
SKU-00412,Item-00412,BR-D,168.96,2026-04-07
SKU-00429,Item-00429,BR-C,70.26,2026-04-25
SKU-00413,Item-00413,BR-E,101.75,2026-04-04
SKU-00607,Item-00607,BR-E,221.7,2026-04-25
SKU-00553,Item-00553,BR-D,186.8,2026-04-22
SKU-00340,Item-00340,BR-E,168.13,2026-04-21
SKU-00668,Item-00668,BR-D,97.53,2026-04-11
SKU-00681,Item-00681,BR-E,25.96,2026-04-03
SKU-00395,Item-00395,BR-A,50.34,2026-04-07
SKU-00634,Item-00634,BR-D,286.87,2026-04-04
SKU-00423,Item-00423,BR-D,121.19,2026-04-20
SKU-00492,Item-00492,BR-E,66.8,2026-04-21
SKU-00388,Item-00388,BR-D,24.64,2026-04-22
SKU-00699,Item-00699,BR-D,164.37,2026-04-25
SKU-00712,Item-00712,BR-C,65.4,2026-04-17
SKU-00456,Item-00456,BR-B,225.84,2026-04-29
SKU-00415,Item-00415,BR-E,284.67,2026-04-01
SKU-00269,Item-00269,BR-C,171.13,2026-04-12
SKU-00792,Item-00792,BR-E,158.76,2026-04-27
SKU-00278,Item-00278,BR-E,59.46,2026-04-11
SKU-00573,Item-00573,BR-E,105.87,2026-04-29
SKU-00666,Item-00666,BR-D,87.72,2026-04-17
SKU-00489,Item-00489,BR-A,116.62,2026-04-13
SKU-00459,Item-00459,BR-A,195.68,2026-04-12
SKU-00339,Item-00339,BR-E,24.93,2026-04-15
SKU-00616,Item-00616,BR-E,59.86,2026-04-22
SKU-00261,Item-00261,BR-C,31.39,2026-04-17
SKU-00642,Item-00642,BR-C,30.02,2026-04-22
SKU-00427,Item-00427,BR-B,153.73,2026-04-13
SKU-00279,Item-00279,BR-D,165.98,2026-04-19
SKU-00428,Item-00428,BR-E,76.18,2026-04-06
SKU-00658,Item-00658,BR-E,263.7,2026-04-01
SKU-00563,Item-00563,BR-C,322.58,2026-04-02
SKU-00257,Item-00257,BR-D,360.36,2026-04-18
SKU-00742,Item-00742,BR-D,352.36,2026-04-01
SKU-00344,Item-00344,BR-E,47.76,2026-04-27
SKU-00554,Item-00554,BR-D,29.24,2026-04-13
SKU-00466,Item-00466,BR-A,216.83,2026-04-05
SKU-00757,Item-00757,BR-B,29.55,2026-04-06
SKU-00772,Item-00772,BR-E,96.9,2026-04-25
SKU-00621,Item-00621,BR-B,148.4,2026-04-13
SKU-00760,Item-00760,BR-D,27.51,2026-04-10
SKU-00248,Item-00248,BR-D,125.46,2026-04-18
SKU-00743,Item-00743,BR-A,291.56,2026-04-14
SKU-00720,Item-00720,BR-B,211.41,2026-04-06
SKU-00732,Item-00732,BR-A,27.76,2026-04-07
SKU-00316,Item-00316,BR-D,133.89,2026-04-29
SKU-00373,Item-00373,BR-D,265.88,2026-04-25
SKU-00472,Item-00472,BR-B,215.5,2026-04-16
SKU-00364,Item-00364,BR-C,51.99,2026-04-26
SKU-00283,Item-00283,BR-C,53.56,2026-04-27
SKU-00259,Item-00259,BR-C,210.78,2026-04-30
SKU-00786,Item-00786,BR-C,34.05,2026-04-10
SKU-00652,Item-00652,BR-A,115.33,2026-04-09
SKU-00764,Item-00764,BR-E,102.74,2026-04-07
SKU-00477,Item-00477,BR-A,34.94,2026-04-07
SKU-00385,Item-00385,BR-E,27.52,2026-04-27
SKU-00757,Item-00757,BR-E,19.4,2026-04-05
SKU-00738,Item-00738,BR-A,143.18,2026-04-27
SKU-00237,Item-00237,BR-E,151.13,2026-04-27
SKU-00759,Item-00759,BR-A,23.48,2026-04-07
SKU-00464,Item-00464,BR-E,71.52,2026-04-21
SKU-00454,Item-00454,BR-B,130.73,2026-04-08
SKU-00566,Item-00566,BR-E,176.37,2026-04-09
SKU-00796,Item-00796,BR-A,176.11,2026-04-21
SKU-00738,Item-00738,BR-A,123.84,2026-04-29
SKU-00345,Item-00345,BR-B,137.0,2026-04-23
SKU-00302,Item-00302,BR-E,24.97,2026-04-25
SKU-00607,Item-00607,BR-C,242.59,2026-04-24
SKU-00456,Item-00456,BR-B,175.27,2026-04-17
SKU-00729,Item-00729,BR-B,190.17,2026-04-15
SKU-00210,Item-00210,BR-D,327.53,2026-04-19
SKU-00684,Item-00684,BR-D,60.29,2026-04-18
SKU-00520,Item-00520,BR-B,195.0,2026-04-30
SKU-00262,Item-00262,BR-D,145.63,2026-04-05
SKU-00418,Item-00418,BR-D,231.43,2026-04-24
SKU-00466,Item-00466,BR-D,205.66,2026-04-08
SKU-00345,Item-00345,BR-A,183.14,2026-04-27
SKU-00507,Item-00507,BR-D,90.16,2026-04-24
SKU-00294,Item-00294,BR-B,199.89,2026-04-21
SKU-00625,Item-00625,BR-D,84.25,2026-04-09
SKU-00324,Item-00324,BR-E,205.32,2026-04-05
SKU-00626,Item-00626,BR-C,144.57,2026-04-11
SKU-00717,Item-00717,BR-A,88.43,2026-04-21
SKU-00418,Item-00418,BR-A,215.18,2026-04-06
SKU-00304,Item-00304,BR-E,40.51,2026-04-03
SKU-00360,Item-00360,BR-C,22.16,2026-04-04
SKU-00763,Item-00763,BR-C,15.68,2026-04-24
SKU-00686,Item-00686,BR-B,44.42,2026-04-02
SKU-00620,Item-00620,BR-C,23.71,2026-04-07
SKU-00733,Item-00733,BR-A,160.72,2026-04-18
SKU-00515,Item-00515,BR-C,88.11,2026-04-09
SKU-00555,Item-00555,BR-C,98.1,2026-04-08
SKU-00643,Item-00643,BR-A,44.29,2026-04-04
SKU-00529,Item-00529,BR-C,279.49,2026-04-17
SKU-00574,Item-00574,BR-B,13.12,2026-04-06
SKU-00780,Item-00780,BR-D,9.45,2026-04-06
SKU-00433,Item-00433,BR-C,194.09,2026-04-04
SKU-00753,Item-00753,BR-C,77.04,2026-04-15
SKU-00395,Item-00395,BR-B,53.18,2026-04-22
SKU-00655,Item-00655,BR-D,83.86,2026-04-23
SKU-00594,Item-00594,BR-D,98.99,2026-04-01
SKU-00214,Item-00214,BR-A,230.18,2026-04-23
SKU-00508,Item-00508,BR-D,60.95,2026-04-14
SKU-00595,Item-00595,BR-E,269.27,2026-04-07
SKU-00553,Item-00553,BR-E,126.27,2026-04-03
SKU-00350,Item-00350,BR-C,323.08,2026-04-02
SKU-00764,Item-00764,BR-C,85.43,2026-04-23
SKU-00359,Item-00359,BR-A,103.67,2026-04-06
SKU-00389,Item-00389,BR-C,18.16,2026-04-02
SKU-00393,Item-00393,BR-E,65.45,2026-04-21
SKU-00498,Item-00498,BR-B,58.95,2026-04-10
SKU-00525,Item-00525,BR-E,69.12,2026-04-13
SKU-00237,Item-00237,BR-A,134.82,2026-04-15
SKU-00792,Item-00792,BR-D,166.25,2026-04-05
SKU-00365,Item-00365,BR-A,42.63,2026-04-14
SKU-00706,Item-00706,BR-D,161.22,2026-04-03
SKU-00724,Item-00724,BR-E,110.03,2026-04-21
SKU-00269,Item-00269,BR-D,122.13,2026-04-26
SKU-00642,Item-00642,BR-E,25.42,2026-04-28
SKU-00635,Item-00635,BR-B,12.33,2026-04-18
SKU-00297,Item-00297,BR-B,104.08,2026-04-29
SKU-00646,Item-00646,BR-C,162.41,2026-04-18
SKU-00705,Item-00705,BR-E,99.73,2026-04-26
SKU-00462,Item-00462,BR-A,116.8,2026-04-13
SKU-00390,Item-00390,BR-B,21.32,2026-04-27
SKU-00701,Item-00701,BR-A,112.38,2026-04-14
SKU-00272,Item-00272,BR-E,110.34,2026-04-03
