item_no,item_name,branch,quantity,date
SKU-00282,Item-00282,BR-A,24.18,2026-02-27
SKU-00388,Item-00388,BR-E,57.02,2026-02-28
SKU-00185,Item-00185,BR-C,50.07,2026-02-15
SKU-00106,Item-00106,BR-A,151.78,2026-02-27
SKU-00422,Item-00422,BR-D,82.41,2026-02-09
SKU-00103,Item-00103,BR-D,71.24,2026-02-16
SKU-00418,Item-00418,BR-B,185.68,2026-02-04
SKU-00360,Item-00360,BR-B,12.95,2026-02-05
SKU-00186,Item-00186,BR-B,139.28,2026-02-18
SKU-00285,Item-00285,BR-D,58.64,2026-02-07
SKU-00367,Item-00367,BR-E,47.53,2026-02-01
SKU-00280,Item-00280,BR-A,53.09,2026-02-09
SKU-00464,Item-00464,BR-E,60.43,2026-02-29
SKU-00105,Item-00105,BR-A,135.67,2026-02-01
SKU-00322,Item-00322,BR-B,187.94,2026-02-15
SKU-00150,Item-00150,BR-B,241.04,2026-02-05
SKU-00008,Coffee 200g,BR-D,31.12,2026-02-30
SKU-00369,Item-00369,BR-D,132.12,2026-02-25
SKU-00476,Item-00476,BR-E,62.73,2026-02-18
SKU-00018,Eggs 12pk,BR-A,99.68,2026-02-20
SKU-00295,Item-00295,BR-C,58.08,2026-02-11
SKU-00130,Item-00130,BR-E,114.22,2026-02-21
SKU-00269,Item-00269,BR-C,120.28,2026-02-15
SKU-00295,Item-00295,BR-B,82.03,2026-02-21
SKU-00523,Item-00523,BR-E,50.69,2026-02-13
SKU-00228,Item-00228,BR-C,17.09,2026-02-21
SKU-00026,Pita Bread 6pk,BR-B,108.74,2026-02-04
SKU-00150,Item-00150,BR-A,184.87,2026-02-24
SKU-00456,Item-00456,BR-C,374.76,2026-02-27
SKU-00413,Item-00413,BR-E,88.19,2026-02-11
SKU-00566,Item-00566,BR-C,371.18,2026-02-26
SKU-00382,Item-00382,BR-E,132.27,2026-02-01
SKU-00558,Item-00558,BR-C,93.54,2026-02-01
SKU-00430,Item-00430,BR-E,262.73,2026-02-02
SKU-00306,Item-00306,BR-C,131.75,2026-02-26
SKU-00557,Item-00557,BR-D,83.39,2026-02-02
SKU-00398,Item-00398,BR-C,102.83,2026-02-15
SKU-00280,Item-00280,BR-C,36.94,2026-02-13
SKU-00326,Item-00326,BR-B,56.51,2026-02-08
SKU-00429,Item-00429,BR-E,56.55,2026-02-18
SKU-00060,Nuts Mix 200g,BR-B,117.28,2026-02-17
SKU-00288,Item-00288,BR-B,79.79,2026-02-20
SKU-00165,Item-00165,BR-E,93.27,2026-02-10
SKU-00471,Item-00471,BR-D,115.25,2026-02-26
SKU-00010,Iced Tea 500ml,BR-E,9.9,2026-02-24
SKU-00145,Item-00145,BR-C,16.61,2026-02-01
SKU-00033,Apples 1kg,BR-C,136.83,2026-02-10
SKU-00114,Item-00114,BR-C,181.38,2026-02-13
SKU-00111,Item-00111,BR-C,19.75,2026-02-10
SKU-00599,Item-00599,BR-A,222.65,2026-02-19
SKU-00388,Item-00388,BR-A,20.53,2026-02-15
SKU-00063,Candy Assorted,BR-B,167.59,2026-02-22
SKU-00148,Item-00148,BR-E,55.45,2026-02-10
SKU-00368,Item-00368,BR-B,121.39,2026-02-11
SKU-00551,Item-00551,BR-B,112.36,2026-02-09
SKU-00021,Ghee 1L,BR-B,231.45,2026-02-29
SKU-00093,Item-00093,BR-D,115.42,2026-02-06
SKU-00143,Item-00143,BR-B,46.14,2026-02-15
SKU-00555,Item-00555,BR-B,78.31,2026-02-08
SKU-00181,Item-00181,BR-D,94.57,2026-02-28
SKU-00006,Apple Juice 1L,BR-D,111.43,2026-02-12
SKU-00034,Bananas 1kg,BR-B,164.61,2026-02-06
SKU-00513,Item-00513,BR-A,237.22,2026-02-27
SKU-00367,Item-00367,BR-A,26.14,2026-02-04
SKU-00600,Item-00600,BR-A,87.48,2026-02-08
SKU-00217,Item-00217,BR-C,203.13,2026-02-16
SKU-00087,Item-00087,BR-E,16.48,2026-02-01
SKU-00189,Item-00189,BR-E,158.08,2026-02-13
SKU-00150,Item-00150,BR-B,219.01,2026-02-23
SKU-00288,Item-00288,BR-D,75.81,2026-02-12
SKU-00317,Item-00317,BR-A,39.05,2026-02-20
SKU-00147,Item-00147,BR-B,170.86,2026-02-12
SKU-00223,Item-00223,BR-B,59.91,2026-02-13
SKU-00480,Item-00480,BR-D,10.25,2026-02-03
SKU-00292,Item-00292,BR-C,164.63,2026-02-10
SKU-00251,Item-00251,BR-D,119.57,2026-02-20
SKU-00303,Item-00303,BR-C,29.47,2026-02-30
SKU-00107,Item-00107,BR-A,172.17,2026-02-14
SKU-00431,Item-00431,BR-D,72.28,2026-02-22
SKU-00483,Item-00483,BR-D,32.8,2026-02-19
SKU-00164,Item-00164,BR-E,127.63,2026-02-11
SKU-00489,Item-00489,BR-E,110.46,2026-02-26
SKU-00062,Pretzels 200g,BR-B,90.83,2026-02-04
SKU-00401,Item-00401,BR-D,25.75,2026-02-15
SKU-00025,Croissant,BR-D,300.25,2026-02-14
SKU-00210,Item-00210,BR-C,111.37,2026-02-22
SKU-00498,Item-00498,BR-A,107.36,2026-02-03
SKU-00142,Item-00142,BR-D,117.52,2026-02-10
SKU-00525,Item-00525,BR-C,178.85,2026-02-03
SKU-00086,Item-00086,BR-C,225.19,2026-02-07
SKU-00023,الحليب الطازج,BR-A,87.08,2026-02-15
SKU-00345,Item-00345,BR-B,198.7,2026-02-30
SKU-00153,Item-00153,BR-B,47.52,2026-02-05
SKU-00266,Item-00266,BR-D,59.28,2026-02-17
SKU-00390,Item-00390,BR-D,21.93,2026-02-16
SKU-00549,Item-00549,BR-C,88.83,2026-02-07
SKU-00509,Item-00509,BR-D,118.13,2026-02-11
SKU-00216,Item-00216,BR-E,43.12,2026-02-25
SKU-00282,Item-00282,BR-A,52.22,2026-02-06
SKU-00439,Item-00439,BR-D,84.52,2026-02-28
SKU-00226,Item-00226,BR-C,14.49,2026-02-06
SKU-00287,Item-00287,BR-C,17.67,2026-02-26
SKU-00255,Item-00255,BR-D,205.59,2026-02-13
SKU-00322,Item-00322,BR-D,261.4,2026-02-09
SKU-00542,Item-00542,BR-D,231.4,2026-02-06
SKU-00169,Item-00169,BR-C,93.87,2026-02-23
SKU-00377,Item-00377,BR-A,134.69,2026-02-05
SKU-00323,Item-00323,BR-A,296.65,2026-02-19
SKU-00429,Item-00429,BR-C,93.05,2026-02-28
SKU-00113,Item-00113,BR-B,127.29,2026-02-14
SKU-00130,Item-00130,BR-D,219.89,2026-02-06
SKU-00237,Item-00237,BR-C,173.21,2026-02-19
SKU-00221,Item-00221,BR-C,81.6,2026-02-05
SKU-00075,Cooking Oil 1L,BR-B,170.1,2026-02-28
SKU-00381,Item-00381,BR-A,126.61,2026-02-10
SKU-00506,Item-00506,BR-D,268.04,2026-02-30
SKU-00007,Tea Bag 100s,BR-C,470.91,2026-02-24
SKU-00581,Item-00581,BR-D,149.12,2026-02-04
SKU-00533,Item-00533,BR-C,83.03,2026-02-01
SKU-00209,Item-00209,BR-B,230.61,2026-02-03
SKU-00300,Item-00300,BR-D,13.79,2026-02-05
SKU-00249,Item-00249,BR-B,173.53,2026-02-05
SKU-00058,Biscuits Pack,BR-E,196.68,2026-02-03
SKU-00405,Item-00405,BR-D,174.6,2026-02-01
SKU-00405,Item-00405,BR-B,111.36,2026-02-05
SKU-00533,Item-00533,BR-D,63.67,2026-02-05
SKU-00156,Item-00156,BR-A,80.75,2026-02-29
SKU-00531,Item-00531,BR-C,38.38,2026-02-13
SKU-00260,Item-00260,BR-E,127.0,2026-02-07
SKU-00434,Item-00434,BR-D,12.39,2026-02-26
SKU-00522,Item-00522,BR-B,203.88,2026-02-20
SKU-00416,Item-00416,BR-D,155.68,2026-02-23
SKU-00212,Item-00212,BR-D,24.97,2026-02-22
SKU-00260,Item-00260,BR-E,189.87,2026-02-29
SKU-00137,Item-00137,BR-A,138.83,2026-02-14
SKU-00287,Item-00287,BR-E,12.63,2026-02-28
SKU-00193,Item-00193,BR-B,137.16,2026-02-28
SKU-00096,Item-00096,BR-E,32.75,2026-02-27
SKU-00001,Cola 1.5L,BR-A,120.56,2026-02-13
SKU-00113,Item-00113,BR-D,204.56,2026-02-23
SKU-00062,Pretzels 200g,BR-E,180.87,2026-02-17
SKU-00522,Item-00522,BR-E,177.06,2026-02-02
SKU-00293,Item-00293,BR-C,82.23,2026-02-02
SKU-00279,Item-00279,BR-B,103.4,2026-02-29
SKU-00522,Item-00522,BR-C,73.34,2026-02-11
SKU-00196,Item-00196,BR-E,28.32,2026-02-17
SKU-00223,Item-00223,BR-D,59.28,2026-02-17
SKU-00052,Shampoo 400ml,BR-B,52.47,2026-02-04
SKU-00413,Item-00413,BR-E,114.95,2026-02-15
SKU-00113,Item-00113,BR-D,199.75,2026-02-09
SKU-00037,Tomatoes 1kg,BR-A,350.26,2026-02-05
SKU-00474,Item-00474,BR-A,160.28,2026-02-23
SKU-00573,Item-00573,BR-B,93.32,2026-02-03
SKU-00110,Item-00110,BR-C,177.62,2026-02-26
SKU-00530,Item-00530,BR-D,130.38,2026-02-16
SKU-00395,Item-00395,BR-D,76.53,2026-02-17
SKU-00207,Item-00207,BR-B,94.89,2026-02-28
SKU-00043,Frozen Peas 500g,BR-C,77.35,2026-02-18
SKU-00213,Item-00213,BR-C,120.65,2026-02-18
SKU-00069,Fish Fillet 500g,BR-E,74.82,2026-02-23
SKU-00154,Item-00154,BR-E,119.02,2026-02-08
SKU-00254,Item-00254,BR-E,203.73,2026-02-17
SKU-00168,Item-00168,BR-C,103.47,2026-02-05
SKU-00097,Item-00097,BR-D,57.33,2026-02-11
SKU-00573,Item-00573,BR-A,86.9,2026-02-27
SKU-00275,Item-00275,BR-D,174.7,2026-02-28
SKU-00214,Item-00214,BR-A,265.95,2026-02-01
SKU-00156,Item-00156,BR-E,32.5,2026-02-27
SKU-00474,Item-00474,BR-B,139.31,2026-02-19
SKU-00574,Item-00574,BR-B,8.07,2026-02-12
SKU-00063,Candy Assorted,BR-B,194.15,2026-02-12
SKU-00308,Item-00308,BR-D,36.94,2026-02-26
SKU-00558,Item-00558,BR-D,147.6,2026-02-01
SKU-00549,Item-00549,BR-E,92.51,2026-02-24
SKU-00009,Lemonade 1L,BR-D,115.28,2026-02-28
SKU-00171,Item-00171,BR-D,65.19,2026-02-30
SKU-00119,Item-00119,BR-A,198.7,2026-02-05
SKU-00327,Item-00327,BR-B,23.17,2026-02-17
SKU-00400,Item-00400,BR-B,40.88,2026-02-01
SKU-00454,Item-00454,BR-A,53.55,2026-02-05
SKU-00286,Item-00286,BR-B,111.38,2026-02-16
SKU-00222,Item-00222,BR-A,195.35,2026-02-28
SKU-00458,Item-00458,BR-D,70.18,2026-02-30
SKU-00438,Item-00438,BR-A,175.54,2026-02-16
SKU-00111,Item-00111,BR-D,22.83,2026-02-12
SKU-00409,Item-00409,BR-D,57.44,2026-02-02
SKU-00387,Item-00387,BR-E,117.83,2026-02-25
SKU-00273,Item-00273,BR-A,132.46,2026-02-05
SKU-00166,Item-00166,BR-C,237.94,2026-02-13
SKU-00374,Item-00374,BR-B,70.27,2026-02-23
SKU-00187,Item-00187,BR-B,82.72,2026-02-25
SKU-00265,Item-00265,BR-B,162.81,2026-02-15
SKU-00022,Milk Powder 400g,BR-C,229.78,2026-02-08
SKU-00432,Item-00432,BR-A,67.29,2026-02-26
SKU-00118,Item-00118,BR-A,181.86,2026-02-24
SKU-00099,Item-00099,BR-A,180.25,2026-02-30
SKU-00156,Item-00156,BR-D,34.72,2026-02-05
SKU-00411,Item-00411,BR-C,24.5,2026-02-22
SKU-00268,Item-00268,BR-D,205.09,2026-02-28
SKU-00570,Item-00570,BR-B,30.28,2026-02-17
SKU-00212,Item-00212,BR-C,27.85,2026-02-06
SKU-00111,Item-00111,BR-C,23.43,2026-02-03
SKU-00259,Item-00259,BR-D,177.14,2026-02-17
SKU-00424,Item-00424,BR-D,288.38,2026-02-08
SKU-00160,Item-00160,BR-A,91.92,2026-02-16
SKU-00143,Item-00143,BR-D,69.0,2026-02-17
SKU-00146,Item-00146,BR-C,147.26,2026-02-28
SKU-00171,Item-00171,BR-D,51.13,2026-02-02
SKU-00036,Onions 1kg,BR-B,102.13,2026-02-02
SKU-00089,Item-00089,BR-C,132.51,2026-02-01
SKU-00328,Item-00328,BR-A,29.46,2026-02-11
SKU-00287,Item-00287,BR-B,21.72,2026-02-04
SKU-00411,Item-00411,BR-B,30.32,2026-02-23
SKU-00203,Item-00203,BR-B,58.25,2026-02-21
SKU-00223,Item-00223,BR-D,104.77,2026-02-29
SKU-00206,Item-00206,BR-A,36.48,2026-02-24
SKU-00039,Lettuce Head,BR-E,227.48,2026-02-19
SKU-00241,Item-00241,BR-A,130.93,2026-02-24
SKU-00004,Energy Drink 250ml,BR-C,90.5,2026-02-02
SKU-00178,Item-00178,BR-E,295.01,2026-02-11
SKU-00286,Item-00286,BR-A,143.69,2026-02-20
SKU-00185,Item-00185,BR-E,76.31,2026-02-08
SKU-00051,Hand Soap,BR-C,143.85,2026-02-14
SKU-00435,Item-00435,BR-A,55.67,2026-02-06
SKU-00547,Item-00547,BR-A,166.8,2026-02-05
SKU-00141,Item-00141,BR-D,106.05,2026-02-28
SKU-00586,Item-00586,BR-C,52.27,2026-02-09
SKU-00469,Item-00469,BR-A,144.9,2026-02-08
SKU-00076,Canned Beans 400g,BR-A,72.58,2026-02-18
SKU-00218,Item-00218,BR-B,35.01,2026-02-16
SKU-00208,Item-00208,BR-E,208.13,2026-02-05
SKU-00097,Item-00097,BR-E,27.6,2026-02-10
SKU-00144,Item-00144,BR-D,104.85,2026-02-14
SKU-00365,Item-00365,BR-A,58.69,2026-02-26
SKU-00498,Item-00498,BR-D,126.3,2026-02-17
SKU-00508,Item-00508,BR-D,48.14,2026-02-22
SKU-00544,Item-00544,BR-E,6.72,2026-02-30
SKU-00242,Item-00242,BR-D,132.24,2026-02-22
SKU-00367,Item-00367,BR-A,44.55,2026-02-29
SKU-00166,Item-00166,BR-D,119.42,2026-02-06
SKU-00189,Item-00189,BR-D,139.08,2026-02-27
SKU-00528,Item-00528,BR-A,197.72,2026-02-15
SKU-00407,Item-00407,BR-A,376.46,2026-02-11
SKU-00174,Item-00174,BR-B,7.49,2026-02-22
SKU-00551,Item-00551,BR-E,79.09,2026-02-19
SKU-00248,Item-00248,BR-C,72.57,2026-02-11
SKU-00350,Item-00350,BR-E,179.79,2026-02-14
SKU-00331,Item-00331,BR-E,87.18,2026-02-01
SKU-00563,Item-00563,BR-B,234.63,2026-02-24
SKU-00545,Item-00545,BR-A,37.32,2026-02-30
SKU-00298,Item-00298,BR-A,126.57,2026-02-25
SKU-00397,Item-00397,BR-C,221.45,2026-02-19
SKU-00072,Sugar 1kg,BR-B,407.68,2026-02-12
SKU-00406,Item-00406,BR-C,24.54,2026-02-15
SKU-00083,Item-00083,BR-A,203.61,2026-02-14
SKU-00041,Potato Chips 150g,BR-A,230.26,2026-02-02
SKU-00005,Soda Can,BR-E,138.35,2026-02-23
SKU-00186,Item-00186,BR-E,225.21,2026-02-29
SKU-00504,Item-00504,BR-C,84.77,2026-02-21
SKU-00239,Item-00239,BR-A,145.08,2026-02-01
SKU-00127,Item-00127,BR-A,43.58,2026-02-21
SKU-00014,Milk 1L,BR-A,63.99,2026-02-21
SKU-00037,Tomatoes 1kg,BR-D,221.12,2026-02-01
SKU-00412,Item-00412,BR-E,224.34,2026-02-06
SKU-00233,Item-00233,BR-B,3.32,2026-02-04
SKU-00575,Item-00575,BR-A,70.08,2026-02-01
SKU-00511,Item-00511,BR-B,71.86,2026-02-09
SKU-00177,Item-00177,BR-D,211.99,2026-02-09
SKU-00588,Item-00588,BR-D,116.6,2026-02-26
SKU-00296,Item-00296,BR-A,95.02,2026-02-29
SKU-00095,Item-00095,BR-C,200.49,2026-02-20
SKU-00377,Item-00377,BR-D,324.62,2026-02-09
SKU-00051,Hand Soap,BR-D,116.01,2026-02-07
SKU-00371,Item-00371,BR-C,47.7,2026-02-09
SKU-00339,Item-00339,BR-A,41.1,2026-02-29
SKU-00563,Item-00563,BR-E,213.76,2026-02-30
SKU-00527,Item-00527,BR-B,17.02,2026-02-17
SKU-00204,Item-00204,BR-C,269.86,2026-02-22
SKU-00362,Item-00362,BR-E,101.67,2026-02-28
SKU-00427,Item-00427,BR-D,244.49,2026-02-27
SKU-00307,Item-00307,BR-E,104.05,2026-02-28
SKU-00472,Item-00472,BR-D,168.0,2026-02-30
SKU-00521,Item-00521,BR-E,104.75,2026-02-29
SKU-00419,Item-00419,BR-E,159.13,2026-02-21
SKU-00258,Item-00258,BR-C,119.93,2026-02-14
SKU-00346,Item-00346,BR-E,26.33,2026-02-24
SKU-00313,Item-00313,BR-C,183.04,2026-02-24
SKU-00033,Apples 1kg,BR-E,101.22,2026-02-15
SKU-00170,Item-00170,BR-A,25.17,2026-02-06
SKU-00201,Item-00201,BR-E,88.26,2026-02-08
SKU-00502,Item-00502,BR-B,183.26,2026-02-09
SKU-00354,Item-00354,BR-A,140.65,2026-02-03
SKU-00432,Item-00432,BR-B,84.49,2026-02-04
SKU-00363,Item-00363,BR-A,138.62,2026-02-21
SKU-00005,Soda Can,BR-C,171.56,2026-02-06
SKU-00576,Item-00576,BR-A,132.1,2026-02-29
SKU-00067,Sausages 400g,BR-B,100.67,2026-02-25
SKU-00239,Item-00239,BR-B,146.68,2026-02-27
SKU-00339,Item-00339,BR-B,36.35,2026-02-29
SKU-00103,Item-00103,BR-A,117.46,2026-02-19
SKU-00030,Cake Slice,BR-C,171.29,2026-02-12
SKU-00190,Item-00190,BR-D,96.24,2026-02-14
SKU-00390,Item-00390,BR-B,31.28,2026-02-23
SKU-00053,Toothpaste 100ml,BR-E,58.21,2026-02-07
SKU-00568,Item-00568,BR-C,94.86,2026-02-03
SKU-00266,Item-00266,BR-D,96.32,2026-02-27
SKU-00083,Item-00083,BR-E,106.25,2026-02-16
SKU-00312,Item-00312,BR-C,54.16,2026-02-22
SKU-00226,Item-00226,BR-D,45.38,2026-02-14
SKU-00139,Item-00139,BR-D,181.87,2026-02-14
SKU-00467,Item-00467,BR-B,78.97,2026-02-04
SKU-00144,Item-00144,BR-A,142.83,2026-02-12
SKU-00434,Item-00434,BR-B,11.48,2026-02-04
SKU-00178,Item-00178,BR-D,105.66,2026-02-04
SKU-00524,Item-00524,BR-D,75.08,2026-02-20
SKU-00061,Popcorn 100g,BR-D,196.1,2026-02-27
SKU-00442,Item-00442,BR-B,122.86,2026-02-30
SKU-00345,Item-00345,BR-A,175.14,2026-02-02
SKU-00319,Item-00319,BR-C,61.71,2026-02-20
SKU-00553,Item-00553,BR-B,125.49,2026-02-22
SKU-00429,Item-00429,BR-D,76.12,2026-02-06
SKU-00221,Item-00221,BR-C,137.77,2026-02-17
SKU-00570,Item-00570,BR-E,49.55,2026-02-12
SKU-00093,Item-00093,BR-C,103.35,2026-02-12
SKU-00249,Item-00249,BR-D,79.5,2026-02-22
SKU-00149,Item-00149,BR-E,101.24,2026-02-04
SKU-00253,Item-00253,BR-C,16.34,2026-02-12
SKU-00453,Item-00453,BR-D,119.66,2026-02-03
SKU-00113,Item-00113,BR-C,86.74,2026-02-10
SKU-00265,Item-00265,BR-B,134.85,2026-02-23
SKU-00208,Item-00208,BR-C,237.64,2026-02-12
SKU-00231,Item-00231,BR-A,42.86,2026-02-28
SKU-00161,Item-00161,BR-E,25.55,2026-02-21
SKU-00110,Item-00110,BR-C,91.72,2026-02-19
SKU-00118,Item-00118,BR-D,162.37,2026-02-26
SKU-00348,Item-00348,BR-A,122.57,2026-02-06
SKU-00522,Item-00522,BR-A,115.25,2026-02-20
SKU-00086,Item-00086,BR-A,191.78,2026-02-27
SKU-00160,Item-00160,BR-B,86.29,2026-02-13
SKU-00581,Item-00581,BR-A,197.97,2026-02-22
SKU-00472,Item-00472,BR-D,150.16,2026-02-01
SKU-00368,Item-00368,BR-B,87.61,2026-02-16
SKU-00002,Orange Juice 1L,BR-D,13.84,2026-02-20
SKU-00083,Item-00083,BR-C,152.81,2026-02-09
SKU-00326,Item-00326,BR-A,86.09,2026-02-01
SKU-00135,Item-00135,BR-D,95.76,2026-02-18
SKU-00507,Item-00507,BR-E,285.24,2026-02-24
SKU-00318,Item-00318,BR-C,113.54,2026-02-11
SKU-00516,Item-00516,BR-D,193.18,2026-02-08
SKU-00049,Detergent 1L,BR-C,158.19,2026-02-26
SKU-00211,Item-00211,BR-C,212.74,2026-02-22
SKU-00357,Item-00357,BR-C,122.88,2026-02-24
SKU-00150,Item-00150,BR-B,246.39,2026-02-04
SKU-00046,Fish Fingers 500g,BR-A,119.68,2026-02-22
SKU-00136,Item-00136,BR-D,50.5,2026-02-25
SKU-00322,Item-00322,BR-A,116.11,2026-02-02
SKU-00103,Item-00103,BR-E,83.05,2026-02-04
SKU-00241,Item-00241,BR-E,98.32,2026-02-26
SKU-00242,Item-00242,BR-B,68.32,2026-02-07
SKU-00079,Soy Sauce 250ml,BR-D,100.85,2026-02-21
SKU-00421,Item-00421,BR-B,120.42,2026-02-18
SKU-00579,Item-00579,BR-A,232.07,2026-02-08
SKU-00390,Item-00390,BR-E,24.57,2026-02-19
SKU-00314,Item-00314,BR-D,116.28,2026-02-02
SKU-00024,Bread Loaf,BR-C,30.93,2026-02-23
SKU-00103,Item-00103,BR-A,241.42,2026-02-15
SKU-00117,Item-00117,BR-D,185.32,2026-02-28
SKU-00029,Donuts 6pk,BR-E,259.59,2026-02-06
SKU-00222,Item-00222,BR-D,114.16,2026-02-25
SKU-00113,Item-00113,BR-E,219.46,2026-02-26
SKU-00312,Item-00312,BR-C,39.23,2026-02-20
SKU-00484,Item-00484,BR-B,135.22,2026-02-13
SKU-00118,Item-00118,BR-E,124.31,2026-02-03
SKU-00242,Item-00242,BR-D,106.35,2026-02-04
SKU-00514,Item-00514,BR-E,17.96,2026-02-14
SKU-00247,Item-00247,BR-E,58.23,2026-02-24
SKU-00412,Item-00412,BR-D,213.81,2026-02-08
SKU-00026,Pita Bread 6pk,BR-C,70.68,2026-02-04
SKU-00201,Item-00201,BR-E,163.69,2026-02-24
SKU-00294,Item-00294,BR-A,95.25,2026-02-22
SKU-00296,Item-00296,BR-D,107.08,2026-02-26
SKU-00401,Item-00401,BR-D,15.09,2026-02-24
SKU-00224,Item-00224,BR-A,90.66,2026-02-03
SKU-00469,Item-00469,BR-D,117.9,2026-02-06
SKU-00105,Item-00105,BR-C,96.55,2026-02-04
SKU-00407,Item-00407,BR-E,176.99,2026-02-30
SKU-00426,Item-00426,BR-C,180.49,2026-02-13
SKU-00321,Item-00321,BR-D,146.66,2026-02-19
SKU-00523,Item-00523,BR-D,50.32,2026-02-18
SKU-00573,Item-00573,BR-B,77.47,2026-02-08
SKU-00499,Item-00499,BR-E,117.03,2026-02-24
SKU-00233,Item-00233,BR-A,5.9,2026-02-06
SKU-00149,Item-00149,BR-E,90.47,2026-02-16
SKU-00060,Nuts Mix 200g,BR-D,78.52,2026-02-03
SKU-00045,Chicken Fingers 500g,BR-C,25.61,2026-02-22
SKU-00149,Item-00149,BR-E,82.07,2026-02-06
SKU-00132,Item-00132,BR-E,43.12,2026-02-17
SKU-00198,Item-00198,BR-A,60.99,2026-02-23
SKU-00598,Item-00598,BR-D,25.01,2026-02-16
SKU-00343,Item-00343,BR-D,119.86,2026-02-27
SKU-00534,Item-00534,BR-C,220.26,2026-02-10
SKU-00596,Item-00596,BR-E,169.45,2026-02-11
SKU-00166,Item-00166,BR-B,64.76,2026-02-09
SKU-00560,Item-00560,BR-D,160.75,2026-02-12
SKU-00530,Item-00530,BR-A,176.9,2026-02-04
SKU-00010,Iced Tea 500ml,BR-D,8.58,2026-02-26
SKU-00321,Item-00321,BR-D,109.65,2026-02-14
SKU-00205,Item-00205,BR-A,114.3,2026-02-12
SKU-00361,Item-00361,BR-D,134.5,2026-02-25
SKU-00425,Item-00425,BR-A,173.23,2026-02-14
SKU-00224,Item-00224,BR-D,116.62,2026-02-03
SKU-00588,Item-00588,BR-B,155.74,2026-02-19
SKU-00595,Item-00595,BR-E,150.43,2026-02-06
SKU-00049,Detergent 1L,BR-A,250.28,2026-02-01
SKU-00512,Item-00512,BR-A,176.95,2026-02-07
SKU-00176,Item-00176,BR-A,132.68,2026-02-23
SKU-00200,Item-00200,BR-D,197.21,2026-02-08
SKU-00079,Soy Sauce 250ml,BR-D,91.75,2026-02-09
SKU-00593,Item-00593,BR-A,82.27,2026-02-23
SKU-00058,Biscuits Pack,BR-B,151.5,2026-02-12
SKU-00303,Item-00303,BR-C,29.15,2026-02-08
SKU-00350,Item-00350,BR-D,304.62,2026-02-08
SKU-00562,Item-00562,BR-A,184.59,2026-02-24
SKU-00224,Item-00224,BR-E,68.81,2026-02-11
SKU-00351,Item-00351,BR-A,84.72,2026-02-27
SKU-00189,Item-00189,BR-C,210.42,2026-02-21
SKU-00261,Item-00261,BR-D,60.63,2026-02-29
SKU-00109,Item-00109,BR-B,58.73,2026-02-02
SKU-00125,Item-00125,BR-E,53.4,2026-02-09
SKU-00367,Item-00367,BR-C,29.76,2026-02-25
SKU-00569,Item-00569,BR-C,10.02,2026-02-13
SKU-00223,Item-00223,BR-A,49.65,2026-02-25
SKU-00482,Item-00482,BR-E,21.87,2026-02-11
SKU-00048,مجمدات متنوعة,BR-E,94.37,2026-02-12
SKU-00594,Item-00594,BR-E,110.7,2026-02-30
SKU-00033,Apples 1kg,BR-E,233.57,2026-02-28
SKU-00181,Item-00181,BR-A,148.51,2026-02-29
SKU-00193,Item-00193,BR-C,247.17,2026-02-03
SKU-00429,Item-00429,BR-D,46.63,2026-02-07
SKU-00221,Item-00221,BR-E,121.81,2026-02-15
SKU-00030,Cake Slice,BR-D,137.4,2026-02-22
SKU-00232,Item-00232,BR-C,92.01,2026-02-06
SKU-00313,Item-00313,BR-B,214.43,2026-02-24
SKU-00277,Item-00277,BR-A,125.42,2026-02-26
SKU-00236,Item-00236,BR-A,266.84,2026-02-06
SKU-00241,Item-00241,BR-D,146.14,2026-02-04
SKU-00558,Item-00558,BR-A,81.3,2026-02-09
SKU-00173,Item-00173,BR-C,126.61,2026-02-28
SKU-00278,Item-00278,BR-B,81.24,2026-02-06
SKU-00287,Item-00287,BR-B,26.33,2026-02-01
SKU-00316,Item-00316,BR-D,152.96,2026-02-03
SKU-00121,Item-00121,BR-E,59.07,2026-02-11
SKU-00427,Item-00427,BR-C,181.04,2026-02-10
SKU-00106,Item-00106,BR-C,148.88,2026-02-18
SKU-00067,Sausages 400g,BR-B,60.44,2026-02-27
SKU-00138,Item-00138,BR-C,30.45,2026-02-22
SKU-00058,Biscuits Pack,BR-E,199.67,2026-02-28
SKU-00078,Salt 1kg,BR-A,70.63,2026-02-13
SKU-00328,Item-00328,BR-E,27.13,2026-02-19
SKU-00180,Item-00180,BR-A,145.03,2026-02-16
SKU-00392,Item-00392,BR-D,187.37,2026-02-14
SKU-00178,Item-00178,BR-B,157.08,2026-02-18
SKU-00393,Item-00393,BR-A,69.26,2026-02-03
SKU-00555,Item-00555,BR-B,44.02,2026-02-20
SKU-00237,Item-00237,BR-C,118.23,2026-02-28
SKU-00153,Item-00153,BR-C,41.25,2026-02-06
SKU-00525,Item-00525,BR-B,87.33,2026-02-26
SKU-00308,Item-00308,BR-E,50.89,2026-02-08
SKU-00264,Item-00264,BR-B,27.5,2026-02-24
SKU-00540,Item-00540,BR-D,175.74,2026-02-24
SKU-00039,Lettuce Head,BR-E,307.52,2026-02-26
SKU-00295,Item-00295,BR-B,112.5,2026-02-06
SKU-00393,Item-00393,BR-E,138.04,2026-02-11
SKU-00022,Milk Powder 400g,BR-D,151.41,2026-02-27
SKU-00023,الحليب الطازج,BR-E,92.53,2026-02-25
SKU-00573,Item-00573,BR-E,244.47,2026-02-20
SKU-00279,Item-00279,BR-D,256.03,2026-02-08
SKU-00583,Item-00583,BR-D,286.02,2026-02-14
SKU-00291,Item-00291,BR-C,60.4,2026-02-27
SKU-00482,Item-00482,BR-D,14.45,2026-02-04
SKU-00563,Item-00563,BR-E,100.22,2026-02-19
SKU-00349,Item-00349,BR-C,58.9,2026-02-15
SKU-00218,Item-00218,BR-C,75.77,2026-02-20
SKU-00412,Item-00412,BR-D,167.48,2026-02-15
SKU-00552,Item-00552,BR-E,203.78,2026-02-14
SKU-00110,Item-00110,BR-D,287.12,2026-02-01
SKU-00444,Item-00444,BR-E,29.8,2026-02-20
SKU-00451,Item-00451,BR-A,104.77,2026-02-07
SKU-00537,Item-00537,BR-C,275.08,2026-02-30
SKU-00459,Item-00459,BR-A,145.16,2026-02-12
SKU-00429,Item-00429,BR-D,48.58,2026-02-11
SKU-00079,Soy Sauce 250ml,BR-E,89.63,2026-02-01
SKU-00099,Item-00099,BR-D,175.32,2026-02-19
SKU-00186,Item-00186,BR-B,105.7,2026-02-12
SKU-00446,Item-00446,BR-E,18.17,2026-02-30
SKU-00285,Item-00285,BR-C,64.63,2026-02-11
SKU-00419,Item-00419,BR-D,177.83,2026-02-08
SKU-00497,Item-00497,BR-C,40.73,2026-02-23
SKU-00271,Item-00271,BR-B,109.12,2026-02-16
SKU-00550,Item-00550,BR-E,50.12,2026-02-15
SKU-00128,Item-00128,BR-C,321.77,2026-02-11
SKU-00058,Biscuits Pack,BR-B,292.65,2026-02-16
SKU-00439,Item-00439,BR-B,161.14,2026-02-10
SKU-00527,Item-00527,BR-A,15.43,2026-02-08
SKU-00530,Item-00530,BR-C,212.63,2026-02-14
SKU-00573,Item-00573,BR-A,117.81,2026-02-17
SKU-00360,Item-00360,BR-B,21.53,2026-02-01
SKU-00082,Item-00082,BR-B,169.75,2026-02-20
SKU-00342,Item-00342,BR-A,246.65,2026-02-07
SKU-00002,Orange Juice 1L,BR-C,15.99,2026-02-12
SKU-00151,Item-00151,BR-D,85.71,2026-02-25
SKU-00487,Item-00487,BR-A,159.26,2026-02-14
SKU-00151,Item-00151,BR-A,135.64,2026-02-07
SKU-00260,Item-00260,BR-C,93.79,2026-02-20
SKU-00265,Item-00265,BR-D,114.25,2026-02-24
SKU-00251,Item-00251,BR-B,68.49,2026-02-05
SKU-00201,Item-00201,BR-B,137.35,2026-02-03
SKU-00489,Item-00489,BR-A,101.18,2026-02-04
SKU-00458,Item-00458,BR-C,65.4,2026-02-15
SKU-00439,Item-00439,BR-B,155.33,2026-02-13
SKU-00251,Item-00251,BR-D,118.77,2026-02-02
SKU-00522,Item-00522,BR-E,179.83,2026-02-29
SKU-00501,Item-00501,BR-D,114.38,2026-02-25
SKU-00384,Item-00384,BR-E,40.87,2026-02-08
SKU-00293,Item-00293,BR-E,95.09,2026-02-12
SKU-00195,Item-00195,BR-D,206.66,2026-02-29
SKU-00029,Donuts 6pk,BR-B,239.13,2026-02-18
SKU-00487,Item-00487,BR-C,126.0,2026-02-01
SKU-00492,Item-00492,BR-D,61.52,2026-02-20
SKU-00456,Item-00456,BR-C,111.91,2026-02-11
SKU-00483,Item-00483,BR-B,64.07,2026-02-20
SKU-00060,Nuts Mix 200g,BR-A,77.77,2026-02-28
SKU-00285,Item-00285,BR-A,100.36,2026-02-12
SKU-00519,Item-00519,BR-B,136.73,2026-02-09
SKU-00352,Item-00352,BR-B,250.51,2026-02-11
SKU-00433,Item-00433,BR-C,207.94,2026-02-30
SKU-00206,Item-00206,BR-B,98.35,2026-02-02
SKU-00014,Milk 1L,BR-A,32.25,2026-02-19
SKU-00081,Item-00081,BR-A,69.44,2026-02-10
SKU-00599,Item-00599,BR-C,145.58,2026-02-20
SKU-00514,Item-00514,BR-E,26.64,2026-02-11
SKU-00083,Item-00083,BR-A,236.84,2026-02-11
SKU-00515,Item-00515,BR-B,142.6,2026-02-30
SKU-00284,Item-00284,BR-D,125.23,2026-02-10
SKU-00482,Item-00482,BR-D,12.73,2026-02-21
SKU-00419,Item-00419,BR-E,76.36,2026-02-24
SKU-00473,Item-00473,BR-E,14.91,2026-02-28
SKU-00393,Item-00393,BR-E,150.68,2026-02-01
SKU-00382,Item-00382,BR-B,85.22,2026-02-20
SKU-00384,Item-00384,BR-A,66.11,2026-02-09
SKU-00169,Item-00169,BR-B,47.15,2026-02-06
SKU-00589,Item-00589,BR-B,56.62,2026-02-28
SKU-00018,Eggs 12pk,BR-C,147.77,2026-02-08
SKU-00548,Item-00548,BR-D,15.33,2026-02-09
SKU-00057,Chocolate Bar,BR-C,53.09,2026-02-18
SKU-00398,Item-00398,BR-D,94.83,2026-02-15
SKU-00250,Item-00250,BR-B,142.39,2026-02-09
SKU-00465,Item-00465,BR-E,131.65,2026-02-10
SKU-00310,Item-00310,BR-B,60.36,2026-02-09
SKU-00289,Item-00289,BR-A,172.15,2026-02-28
SKU-00171,Item-00171,BR-B,65.48,2026-02-08
SKU-00366,Item-00366,BR-A,78.17,2026-02-23
SKU-00417,Item-00417,BR-D,24.98,2026-02-16
SKU-00491,Item-00491,BR-C,104.19,2026-02-07
SKU-00376,Item-00376,BR-A,23.34,2026-02-05
SKU-00364,Item-00364,BR-E,57.68,2026-02-14
SKU-00326,Item-00326,BR-E,94.93,2026-02-20
SKU-00540,Item-00540,BR-E,108.95,2026-02-04
SKU-00501,Item-00501,BR-E,125.93,2026-02-20
SKU-00060,Nuts Mix 200g,BR-E,138.67,2026-02-22
SKU-00078,Salt 1kg,BR-B,191.0,2026-02-13
SKU-00339,Item-00339,BR-C,66.09,2026-02-28
SKU-00114,Item-00114,BR-D,174.79,2026-02-06
SKU-00221,Item-00221,BR-E,94.85,2026-02-19
SKU-00226,Item-00226,BR-C,41.74,2026-02-03
SKU-00561,Item-00561,BR-A,321.64,2026-02-18
SKU-00067,Sausages 400g,BR-C,66.67,2026-02-05
SKU-00178,Item-00178,BR-C,163.73,2026-02-20
SKU-00379,Item-00379,BR-E,179.41,2026-02-25
SKU-00054,Cleaning Spray,BR-E,210.11,2026-02-03
SKU-00528,Item-00528,BR-C,168.72,2026-02-10
SKU-00093,Item-00093,BR-A,119.76,2026-02-07
SKU-00256,Item-00256,BR-A,9.66,2026-02-12
SKU-00201,Item-00201,BR-A,143.46,2026-02-02
SKU-00195,Item-00195,BR-A,141.54,2026-02-15
SKU-00452,Item-00452,BR-E,123.74,2026-02-29
SKU-00049,Detergent 1L,BR-E,304.91,2026-02-12
SKU-00563,Item-00563,BR-C,193.01,2026-02-15
SKU-00417,Item-00417,BR-D,22.57,2026-02-11
SKU-00311,Item-00311,BR-A,22.58,2026-02-06
SKU-00101,Item-00101,BR-B,198.21,2026-02-29
SKU-00274,Item-00274,BR-C,72.61,2026-02-22
SKU-00085,Item-00085,BR-E,184.48,2026-02-01
SKU-00430,Item-00430,BR-A,294.25,2026-02-21
SKU-00390,Item-00390,BR-E,13.59,2026-02-25
SKU-00540,Item-00540,BR-B,101.75,2026-02-26
SKU-00127,Item-00127,BR-D,51.32,2026-02-17
SKU-00129,Item-00129,BR-B,144.74,2026-02-16
SKU-00365,Item-00365,BR-D,73.51,2026-02-27
SKU-00583,Item-00583,BR-D,169.63,2026-02-07
SKU-00278,Item-00278,BR-D,91.7,2026-02-03
SKU-00004,Energy Drink 250ml,BR-A,49.16,2026-02-22
SKU-00361,Item-00361,BR-D,47.32,2026-02-21
SKU-00467,Item-00467,BR-A,96.99,2026-02-01
SKU-00048,مجمدات متنوعة,BR-D,88.84,2026-02-11
SKU-00506,Item-00506,BR-B,122.12,2026-02-15
SKU-00126,Item-00126,BR-B,4.19,2026-02-11
SKU-00191,Item-00191,BR-A,253.01,2026-02-29
SKU-00024,Bread Loaf,BR-B,91.6,2026-02-13
SKU-00017,Yogurt 500g,BR-D,51.31,2026-02-06
SKU-00187,Item-00187,BR-C,53.04,2026-02-28
SKU-00308,Item-00308,BR-D,75.54,2026-02-13
SKU-00350,Item-00350,BR-A,127.55,2026-02-28
SKU-00086,Item-00086,BR-E,236.47,2026-02-11
SKU-00447,Item-00447,BR-D,163.88,2026-02-02
SKU-00097,Item-00097,BR-D,44.1,2026-02-14
SKU-00138,Item-00138,BR-B,17.55,2026-02-17
SKU-00523,Item-00523,BR-D,53.52,2026-02-14
SKU-00244,Item-00244,BR-A,125.57,2026-02-02
SKU-00427,Item-00427,BR-B,185.4,2026-02-19
SKU-00024,Bread Loaf,BR-A,86.61,2026-02-28
SKU-00199,Item-00199,BR-E,26.01,2026-02-16
SKU-00284,Item-00284,BR-D,127.38,2026-02-19
SKU-00016,Cheese Slices,BR-B,123.3,2026-02-04
SKU-00263,Item-00263,BR-E,259.3,2026-02-11
SKU-00252,Item-00252,BR-E,107.12,2026-02-10
SKU-00316,Item-00316,BR-A,178.77,2026-02-09
SKU-00471,Item-00471,BR-E,205.65,2026-02-08
SKU-00316,Item-00316,BR-D,80.97,2026-02-12
SKU-00096,Item-00096,BR-D,31.38,2026-02-27
SKU-00578,Item-00578,BR-C,38.56,2026-02-24
SKU-00404,Item-00404,BR-D,47.02,2026-02-28
SKU-00523,Item-00523,BR-E,53.7,2026-02-24
SKU-00424,Item-00424,BR-C,211.9,2026-02-19
SKU-00171,Item-00171,BR-C,91.19,2026-02-18
SKU-00191,Item-00191,BR-B,145.0,2026-02-18
SKU-00002,Orange Juice 1L,BR-A,10.42,2026-02-12
SKU-00215,Item-00215,BR-A,59.93,2026-02-11
SKU-00438,Item-00438,BR-E,195.05,2026-02-27
SKU-00433,Item-00433,BR-D,256.4,2026-02-17
SKU-00019,Cream 200ml,BR-E,251.94,2026-02-26
SKU-00565,Item-00565,BR-B,40.58,2026-02-09
SKU-00589,Item-00589,BR-C,50.22,2026-02-05
SKU-00082,Item-00082,BR-B,111.55,2026-02-16
SKU-00331,Item-00331,BR-C,105.07,2026-02-20
SKU-00163,Item-00163,BR-E,21.61,2026-02-18
SKU-00469,Item-00469,BR-C,72.12,2026-02-23
SKU-00299,Item-00299,BR-E,249.99,2026-02-30
SKU-00161,Item-00161,BR-D,45.18,2026-02-27
SKU-00121,Item-00121,BR-E,100.0,2026-02-11
SKU-00230,Item-00230,BR-C,92.95,2026-02-11
SKU-00074,Flour 2kg,BR-C,109.37,2026-02-29
SKU-00115,Item-00115,BR-E,38.49,2026-02-14
SKU-00244,Item-00244,BR-A,107.68,2026-02-07
SKU-00360,Item-00360,BR-E,18.56,2026-02-04
SKU-00406,Item-00406,BR-B,15.68,2026-02-24
SKU-00336,Item-00336,BR-E,107.96,2026-02-06
SKU-00288,Item-00288,BR-B,54.05,2026-02-18
SKU-00221,Item-00221,BR-C,116.18,2026-02-16
SKU-00391,Item-00391,BR-D,148.34,2026-02-17
SKU-00261,Item-00261,BR-D,24.58,2026-02-03
SKU-00519,Item-00519,BR-A,214.04,2026-02-07
SKU-00308,Item-00308,BR-E,55.78,2026-02-11
SKU-00225,Item-00225,BR-D,79.04,2026-02-29
SKU-00540,Item-00540,BR-D,189.37,2026-02-04
SKU-00355,Item-00355,BR-C,163.46,2026-02-01
SKU-00354,Item-00354,BR-B,175.91,2026-02-02
SKU-00448,Item-00448,BR-D,209.26,2026-02-27
SKU-00413,Item-00413,BR-B,60.71,2026-02-11
SKU-00212,Item-00212,BR-D,72.23,2026-02-10
SKU-00588,Item-00588,BR-A,113.12,2026-02-23
SKU-00544,Item-00544,BR-C,8.32,2026-02-30
SKU-00158,Item-00158,BR-E,9.75,2026-02-03
SKU-00366,Item-00366,BR-C,93.92,2026-02-21
SKU-00223,Item-00223,BR-E,39.22,2026-02-16
SKU-00465,Item-00465,BR-C,241.41,2026-02-03
SKU-00163,Item-00163,BR-D,12.05,2026-02-20
SKU-00380,Item-00380,BR-D,26.48,2026-02-10
SKU-00405,Item-00405,BR-A,164.75,2026-02-27
SKU-00023,الحليب الطازج,BR-D,82.08,2026-02-26
SKU-00577,Item-00577,BR-E,27.17,2026-02-03
SKU-00468,Item-00468,BR-D,44.06,2026-02-19
SKU-00284,Item-00284,BR-C,95.72,2026-02-25
SKU-00170,Item-00170,BR-C,25.64,2026-02-30
SKU-00283,Item-00283,BR-E,91.12,2026-02-22
SKU-00251,Item-00251,BR-E,149.87,2026-02-19
SKU-00488,Item-00488,BR-C,174.73,2026-02-13
SKU-00327,Item-00327,BR-E,25.99,2026-02-12
SKU-00334,Item-00334,BR-C,6.6,2026-02-26
SKU-00216,Item-00216,BR-C,87.1,2026-02-18
SKU-00483,Item-00483,BR-D,74.6,2026-02-26
SKU-00578,Item-00578,BR-B,76.44,2026-02-27
SKU-00597,Item-00597,BR-C,107.12,2026-02-02
SKU-00499,Item-00499,BR-D,180.43,2026-02-10
SKU-00116,Item-00116,BR-C,168.15,2026-02-15
SKU-00128,Item-00128,BR-A,140.44,2026-02-11
SKU-00259,Item-00259,BR-D,118.83,2026-02-10
SKU-00270,Item-00270,BR-B,193.19,2026-02-22
SKU-00269,Item-00269,BR-E,94.7,2026-02-12
SKU-00480,Item-00480,BR-E,5.48,2026-02-08
SKU-00351,Item-00351,BR-C,144.57,2026-02-16
SKU-00317,Item-00317,BR-A,25.17,2026-02-21
SKU-00384,Item-00384,BR-D,54.46,2026-02-05
SKU-00244,Item-00244,BR-B,197.1,2026-02-12
SKU-00566,Item-00566,BR-A,294.76,2026-02-19
SKU-00353,Item-00353,BR-D,62.64,2026-02-16
SKU-00371,Item-00371,BR-E,43.24,2026-02-02
SKU-00160,Item-00160,BR-E,106.44,2026-02-21
SKU-00121,Item-00121,BR-B,72.27,2026-02-24
SKU-00310,Item-00310,BR-D,41.56,2026-02-04
SKU-00258,Item-00258,BR-D,176.51,2026-02-15
SKU-00099,Item-00099,BR-C,245.74,2026-02-19
SKU-00501,Item-00501,BR-B,121.49,2026-02-12
SKU-00328,Item-00328,BR-E,14.35,2026-02-23
SKU-00222,Item-00222,BR-D,220.26,2026-02-25
SKU-00413,Item-00413,BR-A,44.12,2026-02-20
SKU-00398,Item-00398,BR-A,91.65,2026-02-20
SKU-00032,كعكة شوكولاتة,BR-A,240.36,2026-02-02
SKU-00393,Item-00393,BR-D,120.03,2026-02-19
SKU-00035,Potatoes 2kg,BR-D,139.66,2026-02-06
SKU-00542,Item-00542,BR-C,122.51,2026-02-29
SKU-00160,Item-00160,BR-A,116.59,2026-02-26
SKU-00243,Item-00243,BR-E,242.64,2026-02-14
SKU-00456,Item-00456,BR-D,211.26,2026-02-07
SKU-00439,Item-00439,BR-D,123.23,2026-02-22
SKU-00365,Item-00365,BR-E,49.21,2026-02-02
SKU-00466,Item-00466,BR-B,149.29,2026-02-09
SKU-00088,Item-00088,BR-B,124.9,2026-02-04
SKU-00199,Item-00199,BR-E,11.2,2026-02-02
SKU-00480,Item-00480,BR-C,6.75,2026-02-20
SKU-00233,Item-00233,BR-D,5.06,2026-02-08
SKU-00322,Item-00322,BR-D,235.16,2026-02-14
SKU-00453,Item-00453,BR-A,116.86,2026-02-01
SKU-00201,Item-00201,BR-A,195.8,2026-02-22
SKU-00234,Item-00234,BR-C,171.05,2026-02-12
SKU-00575,Item-00575,BR-B,31.34,2026-02-06
SKU-00351,Item-00351,BR-B,163.36,2026-02-08
SKU-00483,Item-00483,BR-E,118.61,2026-02-26
SKU-00070,دجاج كامل,BR-B,138.73,2026-02-17
SKU-00400,Item-00400,BR-D,48.06,2026-02-26
SKU-00130,Item-00130,BR-B,243.69,2026-02-06
SKU-00078,Salt 1kg,BR-C,107.57,2026-02-28
SKU-00163,Item-00163,BR-D,9.23,2026-02-16
SKU-00560,Item-00560,BR-E,79.72,2026-02-11
SKU-00314,Item-00314,BR-D,269.59,2026-02-15
SKU-00271,Item-00271,BR-C,78.99,2026-02-07
SKU-00186,Item-00186,BR-C,156.21,2026-02-10
SKU-00079,Soy Sauce 250ml,BR-A,106.04,2026-02-23
SKU-00546,Item-00546,BR-C,97.43,2026-02-15
SKU-00193,Item-00193,BR-E,279.3,2026-02-05
SKU-00060,Nuts Mix 200g,BR-B,135.46,2026-02-18
SKU-00103,Item-00103,BR-E,142.16,2026-02-24
SKU-00440,Item-00440,BR-E,25.63,2026-02-25
SKU-00287,Item-00287,BR-D,18.42,2026-02-22
SKU-00138,Item-00138,BR-B,7.62,2026-02-22
SKU-00535,Item-00535,BR-B,136.97,2026-02-02
SKU-00100,Item-00100,BR-A,64.53,2026-02-07
SKU-00399,Item-00399,BR-A,118.11,2026-02-29
SKU-00405,Item-00405,BR-C,150.76,2026-02-24
SKU-00587,Item-00587,BR-A,264.59,2026-02-16
SKU-00446,Item-00446,BR-A,31.13,2026-02-15
SKU-00387,Item-00387,BR-B,133.48,2026-02-16
SKU-00432,Item-00432,BR-D,47.17,2026-02-14
SKU-00190,Item-00190,BR-A,68.96,2026-02-18
SKU-00537,Item-00537,BR-E,94.54,2026-02-10
SKU-00106,Item-00106,BR-E,199.95,2026-02-02
SKU-00232,Item-00232,BR-B,45.38,2026-02-11
SKU-00411,Item-00411,BR-C,20.76,2026-02-04
SKU-00086,Item-00086,BR-D,137.62,2026-02-22
SKU-00237,Item-00237,BR-E,140.8,2026-02-30
SKU-00257,Item-00257,BR-E,157.72,2026-02-23
SKU-00499,Item-00499,BR-A,66.78,2026-02-27
SKU-00118,Item-00118,BR-E,99.98,2026-02-18
SKU-00071,Rice 5kg,BR-C,46.26,2026-02-13
SKU-00558,Item-00558,BR-B,90.21,2026-02-01
SKU-00474,Item-00474,BR-C,171.41,2026-02-30
SKU-00253,Item-00253,BR-A,29.24,2026-02-13
SKU-00142,Item-00142,BR-C,113.88,2026-02-01
SKU-00144,Item-00144,BR-B,78.83,2026-02-30
SKU-00026,Pita Bread 6pk,BR-E,113.65,2026-02-26
SKU-00283,Item-00283,BR-E,77.09,2026-02-30
SKU-00238,Item-00238,BR-B,167.64,2026-02-08
SKU-00516,Item-00516,BR-C,224.53,2026-02-21
SKU-00085,Item-00085,BR-A,102.78,2026-02-29
SKU-00335,Item-00335,BR-A,154.76,2026-02-09
SKU-00387,Item-00387,BR-E,121.86,2026-02-12
SKU-00126,Item-00126,BR-A,9.05,2026-02-10
SKU-00049,Detergent 1L,BR-A,150.82,2026-02-07
SKU-00089,Item-00089,BR-E,119.6,2026-02-21
SKU-00597,Item-00597,BR-D,42.23,2026-02-08
SKU-00348,Item-00348,BR-E,122.9,2026-02-16
SKU-00084,Item-00084,BR-D,68.9,2026-02-12
SKU-00421,Item-00421,BR-E,132.3,2026-02-19
SKU-00311,Item-00311,BR-A,16.01,2026-02-23
SKU-00392,Item-00392,BR-A,213.03,2026-02-09
SKU-00554,Item-00554,BR-B,45.11,2026-02-19
SKU-00329,Item-00329,BR-B,140.13,2026-02-09
SKU-00119,Item-00119,BR-E,197.35,2026-02-15
SKU-00476,Item-00476,BR-D,79.97,2026-02-09
SKU-00230,Item-00230,BR-C,121.01,2026-02-27
SKU-00466,Item-00466,BR-B,263.15,2026-02-16
SKU-00243,Item-00243,BR-A,89.27,2026-02-19
SKU-00431,Item-00431,BR-D,101.1,2026-02-16
SKU-00271,Item-00271,BR-C,41.09,2026-02-18
SKU-00288,Item-00288,BR-E,118.0,2026-02-23
SKU-00450,Item-00450,BR-B,278.58,2026-02-12
SKU-00397,Item-00397,BR-A,335.47,2026-02-06
SKU-00496,Item-00496,BR-A,89.61,2026-02-19
SKU-00369,Item-00369,BR-E,198.99,2026-02-16
SKU-00424,Item-00424,BR-A,91.77,2026-02-19
SKU-00485,Item-00485,BR-D,157.19,2026-02-10
SKU-00360,Item-00360,BR-D,15.36,2026-02-19
SKU-00467,Item-00467,BR-B,108.71,2026-02-07
SKU-00304,Item-00304,BR-E,53.73,2026-02-22
SKU-00026,Pita Bread 6pk,BR-B,119.51,2026-02-09
SKU-00390,Item-00390,BR-E,44.85,2026-02-01
SKU-00445,Item-00445,BR-D,136.18,2026-02-06
SKU-00418,Item-00418,BR-A,109.32,2026-02-14
SKU-00562,Item-00562,BR-D,156.42,2026-02-15
SKU-00452,Item-00452,BR-D,123.6,2026-02-02
SKU-00211,Item-00211,BR-E,260.09,2026-02-05
SKU-00386,Item-00386,BR-B,97.76,2026-02-29
SKU-00455,Item-00455,BR-A,67.63,2026-02-15
SKU-00245,Item-00245,BR-C,72.2,2026-02-14
SKU-00177,Item-00177,BR-B,136.74,2026-02-18
SKU-00172,Item-00172,BR-C,20.13,2026-02-22
SKU-00248,Item-00248,BR-A,94.61,2026-02-19
SKU-00236,Item-00236,BR-C,105.59,2026-02-13
SKU-00029,Donuts 6pk,BR-D,367.61,2026-02-23
SKU-00233,Item-00233,BR-A,3.8,2026-02-05
SKU-00196,Item-00196,BR-C,50.06,2026-02-11
SKU-00144,Item-00144,BR-E,59.98,2026-02-11
SKU-00249,Item-00249,BR-D,105.43,2026-02-26
SKU-00392,Item-00392,BR-C,191.3,2026-02-18
SKU-00345,Item-00345,BR-C,232.83,2026-02-11
SKU-00252,Item-00252,BR-A,92.03,2026-02-25
SKU-00533,Item-00533,BR-A,87.91,2026-02-10
SKU-00147,Item-00147,BR-E,208.75,2026-02-15
SKU-00421,Item-00421,BR-C,256.03,2026-02-26
SKU-00031,Cookies Pack,BR-D,347.85,2026-02-14
SKU-00564,Item-00564,BR-E,11.94,2026-02-13
SKU-00029,Donuts 6pk,BR-B,207.02,2026-02-05
SKU-00173,Item-00173,BR-A,54.64,2026-02-16
SKU-00036,Onions 1kg,BR-A,212.21,2026-02-11
SKU-00574,Item-00574,BR-D,27.27,2026-02-19
SKU-00591,Item-00591,BR-B,118.27,2026-02-17
SKU-00496,Item-00496,BR-B,96.97,2026-02-07
SKU-00079,Soy Sauce 250ml,BR-C,126.32,2026-02-19
SKU-00371,Item-00371,BR-D,63.79,2026-02-16
SKU-00592,Item-00592,BR-D,62.77,2026-02-01
SKU-00241,Item-00241,BR-B,151.0,2026-02-17
SKU-00007,Tea Bag 100s,BR-D,149.65,2026-02-23
SKU-00043,Frozen Peas 500g,BR-B,62.03,2026-02-22
SKU-00082,Item-00082,BR-B,149.52,2026-02-06
SKU-00004,Energy Drink 250ml,BR-A,81.14,2026-02-10
SKU-00376,Item-00376,BR-C,18.24,2026-02-16
SKU-00141,Item-00141,BR-A,112.76,2026-02-13
SKU-00426,Item-00426,BR-B,149.54,2026-02-24
SKU-00019,Cream 200ml,BR-A,198.79,2026-02-22
SKU-00585,Item-00585,BR-D,16.92,2026-02-02
SKU-00236,Item-00236,BR-D,151.75,2026-02-25
SKU-00350,Item-00350,BR-C,298.45,2026-02-26
SKU-00194,Item-00194,BR-B,4.87,2026-02-17
SKU-00506,Item-00506,BR-B,292.58,2026-02-07
SKU-00408,Item-00408,BR-E,63.6,2026-02-02
SKU-00091,Item-00091,BR-C,149.07,2026-02-05
SKU-00235,Item-00235,BR-B,49.36,2026-02-24
SKU-00545,Item-00545,BR-C,20.47,2026-02-21
SKU-00472,Item-00472,BR-A,84.28,2026-02-04
SKU-00580,Item-00580,BR-D,106.26,2026-02-16
SKU-00136,Item-00136,BR-A,99.08,2026-02-19
SKU-00134,Item-00134,BR-A,19.53,2026-02-18
SKU-00362,Item-00362,BR-B,68.49,2026-02-19
SKU-00461,Item-00461,BR-A,222.78,2026-02-28
SKU-00203,Item-00203,BR-D,75.4,2026-02-19
SKU-00106,Item-00106,BR-C,285.61,2026-02-30
SKU-00381,Item-00381,BR-C,98.89,2026-02-27
SKU-00217,Item-00217,BR-E,133.96,2026-02-20
SKU-00169,Item-00169,BR-A,89.72,2026-02-27
SKU-00471,Item-00471,BR-C,96.46,2026-02-26
SKU-00318,Item-00318,BR-B,138.48,2026-02-27
SKU-00244,Item-00244,BR-E,116.69,2026-02-12
SKU-00082,Item-00082,BR-E,165.02,2026-02-03
SKU-00183,Item-00183,BR-C,105.67,2026-02-26
SKU-00482,Item-00482,BR-D,23.11,2026-02-14
SKU-00473,Item-00473,BR-D,13.12,2026-02-10
SKU-00196,Item-00196,BR-C,41.79,2026-02-28
SKU-00312,Item-00312,BR-E,68.0,2026-02-06
SKU-00386,Item-00386,BR-C,77.1,2026-02-13
SKU-00315,Item-00315,BR-B,78.8,2026-02-21
SKU-00045,Chicken Fingers 500g,BR-B,34.56,2026-02-25
SKU-00232,Item-00232,BR-C,85.97,2026-02-21
SKU-00304,Item-00304,BR-B,40.25,2026-02-14
SKU-00052,Shampoo 400ml,BR-A,81.9,2026-02-01
SKU-00068,Bacon 200g,BR-D,18.54,2026-02-16
SKU-00426,Item-00426,BR-B,86.94,2026-02-13
SKU-00142,Item-00142,BR-B,94.02,2026-02-30
SKU-00034,Bananas 1kg,BR-B,292.69,2026-02-02
SKU-00087,Item-00087,BR-C,53.39,2026-02-02
SKU-00103,Item-00103,BR-C,81.05,2026-02-23
SKU-00117,Item-00117,BR-D,122.29,2026-02-10
SKU-00068,Bacon 200g,BR-C,21.7,2026-02-14
SKU-00586,Item-00586,BR-A,45.99,2026-02-17
SKU-00273,Item-00273,BR-B,264.91,2026-02-07
SKU-00338,Item-00338,BR-E,192.71,2026-02-15
SKU-00314,Item-00314,BR-B,133.54,2026-02-08
SKU-00331,Item-00331,BR-E,69.57,2026-02-23
SKU-00493,Item-00493,BR-D,129.83,2026-02-12
SKU-00256,Item-00256,BR-E,4.72,2026-02-14
SKU-00168,Item-00168,BR-C,177.23,2026-02-13
SKU-00333,Item-00333,BR-A,58.94,2026-02-20
SKU-00577,Item-00577,BR-A,23.74,2026-02-21
SKU-00057,Chocolate Bar,BR-D,46.98,2026-02-03
SKU-00320,Item-00320,BR-C,130.26,2026-02-08
SKU-00333,Item-00333,BR-C,131.46,2026-02-23
SKU-00291,Item-00291,BR-B,51.19,2026-02-20
SKU-00505,Item-00505,BR-E,93.05,2026-02-02
SKU-00444,Item-00444,BR-D,54.0,2026-02-09
SKU-00585,Item-00585,BR-B,25.44,2026-02-08
SKU-00589,Item-00589,BR-D,36.0,2026-02-28
SKU-00218,Item-00218,BR-E,73.77,2026-02-23
SKU-00356,Item-00356,BR-B,59.94,2026-02-08
SKU-00343,Item-00343,BR-D,100.73,2026-02-27
SKU-00524,Item-00524,BR-A,136.82,2026-02-30
SKU-00493,Item-00493,BR-B,112.72,2026-02-29
SKU-00214,Item-00214,BR-A,107.53,2026-02-10
SKU-00104,Item-00104,BR-B,80.01,2026-02-30
SKU-00260,Item-00260,BR-A,125.21,2026-02-07
SKU-00470,Item-00470,BR-B,103.95,2026-02-02
SKU-00332,Item-00332,BR-A,93.33,2026-02-27
SKU-00136,Item-00136,BR-C,45.87,2026-02-23
SKU-00092,Item-00092,BR-C,209.9,2026-02-28
SKU-00511,Item-00511,BR-A,256.96,2026-02-09
SKU-00054,Cleaning Spray,BR-C,283.54,2026-02-27
SKU-00307,Item-00307,BR-C,99.22,2026-02-19
SKU-00161,Item-00161,BR-C,60.52,2026-02-05
SKU-00329,Item-00329,BR-B,240.29,2026-02-16
SKU-00530,Item-00530,BR-A,227.35,2026-02-27
SKU-00354,Item-00354,BR-A,135.32,2026-02-24
SKU-00318,Item-00318,BR-E,226.15,2026-02-03
SKU-00482,Item-00482,BR-A,18.25,2026-02-25
SKU-00322,Item-00322,BR-C,116.16,2026-02-30
SKU-00402,Item-00402,BR-D,80.07,2026-02-17
SKU-00135,Item-00135,BR-C,44.63,2026-02-26
SKU-00441,Item-00441,BR-A,110.92,2026-02-28
SKU-00077,Canned Tuna 185g,BR-E,397.64,2026-02-23
SKU-00443,Item-00443,BR-B,24.58,2026-02-25
SKU-00001,Cola 1.5L,BR-D,115.73,2026-02-02
SKU-00297,Item-00297,BR-B,67.94,2026-02-22
SKU-00395,Item-00395,BR-E,97.1,2026-02-14
SKU-00457,Item-00457,BR-D,107.53,2026-02-22
SKU-00221,Item-00221,BR-D,84.77,2026-02-02
SKU-00039,Lettuce Head,BR-A,240.21,2026-02-25
SKU-00428,Item-00428,BR-A,117.84,2026-02-20
SKU-00153,Item-00153,BR-D,82.26,2026-02-18
SKU-00101,Item-00101,BR-E,123.64,2026-02-26
SKU-00401,Item-00401,BR-A,14.83,2026-02-17
SKU-00117,Item-00117,BR-D,272.68,2026-02-18
SKU-00361,Item-00361,BR-A,108.22,2026-02-30
SKU-00431,Item-00431,BR-E,56.74,2026-02-02
SKU-00391,Item-00391,BR-C,219.81,2026-02-18
SKU-00165,Item-00165,BR-D,92.28,2026-02-01
SKU-00491,Item-00491,BR-B,177.38,2026-02-01
SKU-00568,Item-00568,BR-A,187.85,2026-02-10
SKU-00459,Item-00459,BR-B,173.8,2026-02-12
SKU-00431,Item-00431,BR-C,64.19,2026-02-24
SKU-00030,Cake Slice,BR-E,180.77,2026-02-20
SKU-00455,Item-00455,BR-E,118.53,2026-02-19
SKU-00381,Item-00381,BR-A,122.12,2026-02-10
SKU-00562,Item-00562,BR-B,232.1,2026-02-09
SKU-00397,Item-00397,BR-D,106.01,2026-02-14
SKU-00389,Item-00389,BR-E,21.39,2026-02-12
SKU-00071,Rice 5kg,BR-E,59.99,2026-02-04
SKU-00087,Item-00087,BR-D,30.67,2026-02-12
SKU-00375,Item-00375,BR-D,46.64,2026-02-30
SKU-00092,Item-00092,BR-E,147.46,2026-02-15
SKU-00215,Item-00215,BR-E,46.77,2026-02-02
SKU-00138,Item-00138,BR-C,24.89,2026-02-14
SKU-00340,Item-00340,BR-B,171.54,2026-02-16
SKU-00494,Item-00494,BR-B,50.57,2026-02-13
SKU-00508,Item-00508,BR-E,41.02,2026-02-06
SKU-00426,Item-00426,BR-A,134.67,2026-02-22
SKU-00158,Item-00158,BR-A,15.13,2026-02-22
SKU-00059,Gum Pack,BR-B,98.23,2026-02-10
SKU-00346,Item-00346,BR-C,27.41,2026-02-11
SKU-00303,Item-00303,BR-E,45.0,2026-02-24
SKU-00038,Cucumbers 500g,BR-E,203.7,2026-02-07
SKU-00582,Item-00582,BR-D,58.0,2026-02-17
SKU-00523,Item-00523,BR-D,35.05,2026-02-13
SKU-00220,Item-00220,BR-A,52.79,2026-02-10
SKU-00255,Item-00255,BR-E,166.69,2026-02-01
SKU-00031,Cookies Pack,BR-E,131.07,2026-02-06
SKU-00315,Item-00315,BR-E,86.84,2026-02-16
SKU-00285,Item-00285,BR-A,95.44,2026-02-21
SKU-00423,Item-00423,BR-C,130.37,2026-02-13
SKU-00157,Item-00157,BR-E,162.95,2026-02-12
SKU-00103,Item-00103,BR-E,130.28,2026-02-05
SKU-00345,Item-00345,BR-B,151.7,2026-02-13
SKU-00058,Biscuits Pack,BR-A,132.12,2026-02-05
SKU-00230,Item-00230,BR-C,61.42,2026-02-15
SKU-00463,Item-00463,BR-A,31.37,2026-02-12
SKU-00532,Item-00532,BR-E,286.99,2026-02-04
SKU-00529,Item-00529,BR-B,238.81,2026-02-30
SKU-00013,Sports Drink 600ml,BR-C,9.8,2026-02-02
SKU-00556,Item-00556,BR-A,27.61,2026-02-05
SKU-00500,Item-00500,BR-E,52.54,2026-02-16
SKU-00035,Potatoes 2kg,BR-E,151.11,2026-02-14
SKU-00085,Item-00085,BR-C,78.93,2026-02-11
SKU-00565,Item-00565,BR-C,31.39,2026-02-05
SKU-00164,Item-00164,BR-C,118.77,2026-02-18
SKU-00558,Item-00558,BR-D,44.34,2026-02-28
SKU-00473,Item-00473,BR-B,11.16,2026-02-02
SKU-00232,Item-00232,BR-A,95.92,2026-02-30
SKU-00546,Item-00546,BR-A,151.93,2026-02-13
SKU-00125,Item-00125,BR-C,70.25,2026-02-08
SKU-00588,Item-00588,BR-D,56.96,2026-02-09
SKU-00466,Item-00466,BR-A,252.94,2026-02-24
SKU-00128,Item-00128,BR-A,290.12,2026-02-20
SKU-00129,Item-00129,BR-C,127.44,2026-02-22
SKU-00147,Item-00147,BR-C,217.17,2026-02-18
SKU-00217,Item-00217,BR-C,82.16,2026-02-09
SKU-00081,Item-00081,BR-C,111.67,2026-02-17
SKU-00107,Item-00107,BR-A,203.49,2026-02-18
SKU-00107,Item-00107,BR-C,104.68,2026-02-30
SKU-00088,Item-00088,BR-B,151.13,2026-02-15
SKU-00003,Mineral Water 500ml,BR-C,45.54,2026-02-12
SKU-00425,Item-00425,BR-A,186.06,2026-02-02
SKU-00396,Item-00396,BR-D,113.57,2026-02-17
SKU-00470,Item-00470,BR-E,91.73,2026-02-04
SKU-00269,Item-00269,BR-C,141.58,2026-02-11
SKU-00486,Item-00486,BR-B,78.88,2026-02-11
SKU-00484,Item-00484,BR-E,75.72,2026-02-24
SKU-00275,Item-00275,BR-A,198.04,2026-02-30
SKU-00461,Item-00461,BR-C,159.48,2026-02-20
SKU-00538,Item-00538,BR-D,164.44,2026-02-08
SKU-00110,Item-00110,BR-B,252.97,2026-02-20
SKU-00296,Item-00296,BR-A,86.67,2026-02-10
SKU-00073,Pasta 500g,BR-A,185.19,2026-02-06
SKU-00437,Item-00437,BR-D,237.19,2026-02-23
SKU-00570,Item-00570,BR-A,55.69,2026-02-13
SKU-00248,Item-00248,BR-A,71.05,2026-02-01
SKU-00547,Item-00547,BR-E,104.89,2026-02-14
SKU-00097,Item-00097,BR-B,30.93,2026-02-13
SKU-00296,Item-00296,BR-A,66.26,2026-02-17
SKU-00410,Item-00410,BR-D,283.06,2026-02-13
SKU-00598,Item-00598,BR-E,18.69,2026-02-17
SKU-00072,Sugar 1kg,BR-D,211.4,2026-02-13
SKU-00110,Item-00110,BR-A,350.35,2026-02-15
SKU-00480,Item-00480,BR-A,8.67,2026-02-25
SKU-00228,Item-00228,BR-D,14.93,2026-02-20
SKU-00203,Item-00203,BR-B,117.94,2026-02-15
SKU-00541,Item-00541,BR-A,187.32,2026-02-15
SKU-00110,Item-00110,BR-E,206.0,2026-02-02
SKU-00038,Cucumbers 500g,BR-C,142.69,2026-02-03
SKU-00275,Item-00275,BR-C,221.53,2026-02-26
SKU-00366,Item-00366,BR-C,72.44,2026-02-09
SKU-00233,Item-00233,BR-B,4.4,2026-02-10
SKU-00579,Item-00579,BR-D,325.22,2026-02-12
SKU-00166,Item-00166,BR-B,89.97,2026-02-25
SKU-00028,Baguette,BR-B,35.6,2026-02-30
SKU-00002,Orange Juice 1L,BR-A,14.84,2026-02-19
SKU-00598,Item-00598,BR-B,14.82,2026-02-12
SKU-00220,Item-00220,BR-D,83.88,2026-02-20
SKU-00490,Item-00490,BR-D,165.13,2026-02-07
SKU-00582,Item-00582,BR-C,88.31,2026-02-05
SKU-00280,Item-00280,BR-E,74.87,2026-02-30
SKU-00201,Item-00201,BR-E,205.17,2026-02-13
SKU-00338,Item-00338,BR-B,135.3,2026-02-16
SKU-00398,Item-00398,BR-E,88.04,2026-02-23
SKU-00081,Item-00081,BR-B,79.34,2026-02-04
SKU-00494,Item-00494,BR-E,127.77,2026-02-14
SKU-00007,Tea Bag 100s,BR-C,268.18,2026-02-16
SKU-00235,Item-00235,BR-C,54.97,2026-02-29
SKU-00125,Item-00125,BR-D,24.28,2026-02-23
SKU-00571,Item-00571,BR-E,219.5,2026-02-25
SKU-00270,Item-00270,BR-D,89.14,2026-02-19
SKU-00548,Item-00548,BR-E,17.66,2026-02-10
SKU-00336,Item-00336,BR-C,126.02,2026-02-08
SKU-00244,Item-00244,BR-C,149.03,2026-02-27
SKU-00102,Item-00102,BR-E,224.89,2026-02-24
SKU-00598,Item-00598,BR-B,10.79,2026-02-27
SKU-00057,Chocolate Bar,BR-C,52.53,2026-02-13
SKU-00055,Garbage Bags 30pk,BR-A,86.39,2026-02-26
SKU-00114,Item-00114,BR-A,90.38,2026-02-03
SKU-00426,Item-00426,BR-A,168.2,2026-02-18
SKU-00265,Item-00265,BR-C,166.62,2026-02-21
SKU-00527,Item-00527,BR-A,5.7,2026-02-08
SKU-00002,Orange Juice 1L,BR-A,17.01,2026-02-05
SKU-00198,Item-00198,BR-E,177.42,2026-02-13
SKU-00587,Item-00587,BR-E,141.67,2026-02-29
SKU-00575,Item-00575,BR-D,41.59,2026-02-30
SKU-00224,Item-00224,BR-A,73.39,2026-02-17
SKU-00128,Item-00128,BR-D,293.46,2026-02-15
SKU-00251,Item-00251,BR-D,250.04,2026-02-11
SKU-00430,Item-00430,BR-A,138.12,2026-02-03
SKU-00544,Item-00544,BR-E,3.85,2026-02-14
SKU-00219,Item-00219,BR-A,115.13,2026-02-27
SKU-00295,Item-00295,BR-A,67.9,2026-02-21
SKU-00229,Item-00229,BR-A,56.41,2026-02-25
SKU-00120,Item-00120,BR-D,219.8,2026-02-07
SKU-00325,Item-00325,BR-E,126.5,2026-02-15
SKU-00445,Item-00445,BR-C,52.32,2026-02-08
SKU-00592,Item-00592,BR-A,147.15,2026-02-22
SKU-00184,Item-00184,BR-C,211.48,2026-02-05
SKU-00412,Item-00412,BR-D,161.46,2026-02-29
SKU-00247,Item-00247,BR-D,111.96,2026-02-20
SKU-00582,Item-00582,BR-C,56.5,2026-02-06
SKU-00321,Item-00321,BR-B,159.5,2026-02-09
SKU-00265,Item-00265,BR-C,95.31,2026-02-08
SKU-00440,Item-00440,BR-E,28.76,2026-02-29
SKU-00119,Item-00119,BR-A,194.14,2026-02-08
SKU-00048,مجمدات متنوعة,BR-D,79.52,2026-02-17
SKU-00026,Pita Bread 6pk,BR-C,106.11,2026-02-27
SKU-00342,Item-00342,BR-C,210.73,2026-02-22
SKU-00058,Biscuits Pack,BR-D,175.07,2026-02-16
SKU-00544,Item-00544,BR-D,5.82,2026-02-30
SKU-00365,Item-00365,BR-E,38.96,2026-02-23
SKU-00273,Item-00273,BR-D,209.11,2026-02-04
SKU-00423,Item-00423,BR-B,186.85,2026-02-13
SKU-00024,Bread Loaf,BR-B,33.66,2026-02-10
SKU-00075,Cooking Oil 1L,BR-E,168.7,2026-02-11
SKU-00353,Item-00353,BR-E,95.27,2026-02-15
SKU-00233,Item-00233,BR-D,7.75,2026-02-07
SKU-00368,Item-00368,BR-D,75.54,2026-02-12
SKU-00070,دجاج كامل,BR-E,139.76,2026-02-09
SKU-00463,Item-00463,BR-C,44.24,2026-02-16
SKU-00222,Item-00222,BR-D,240.87,2026-02-07
SKU-00541,Item-00541,BR-D,127.55,2026-02-21
SKU-00475,Item-00475,BR-D,45.86,2026-02-18
SKU-00299,Item-00299,BR-B,97.57,2026-02-01
SKU-00557,Item-00557,BR-A,247.6,2026-02-02
SKU-00521,Item-00521,BR-B,129.16,2026-02-09
SKU-00573,Item-00573,BR-B,109.91,2026-02-30
SKU-00176,Item-00176,BR-A,76.92,2026-02-23
SKU-00535,Item-00535,BR-E,116.39,2026-02-15
SKU-00236,Item-00236,BR-D,338.99,2026-02-10
SKU-00558,Item-00558,BR-C,38.84,2026-02-05
SKU-00007,Tea Bag 100s,BR-A,367.57,2026-02-18
SKU-00303,Item-00303,BR-B,27.34,2026-02-22
SKU-00072,Sugar 1kg,BR-D,220.66,2026-02-20
SKU-00441,Item-00441,BR-B,128.41,2026-02-06
SKU-00336,Item-00336,BR-C,100.83,2026-02-01
SKU-00019,Cream 200ml,BR-C,180.19,2026-02-04
SKU-00311,Item-00311,BR-E,21.88,2026-02-05
SKU-00440,Item-00440,BR-B,22.18,2026-02-07
SKU-00429,Item-00429,BR-A,67.44,2026-02-08
SKU-00330,Item-00330,BR-A,153.59,2026-02-08
SKU-00003,Mineral Water 500ml,BR-B,110.91,2026-02-29
SKU-00282,Item-00282,BR-B,38.97,2026-02-07
SKU-00589,Item-00589,BR-A,68.24,2026-02-05
SKU-00574,Item-00574,BR-A,12.68,2026-02-14
SKU-00406,Item-00406,BR-B,19.21,2026-02-26
SKU-00437,Item-00437,BR-E,185.45,2026-02-24
SKU-00313,Item-00313,BR-A,188.41,2026-02-09
SKU-00383,Item-00383,BR-C,35.3,2026-02-01
SKU-00399,Item-00399,BR-A,112.35,2026-02-15
SKU-00005,Soda Can,BR-A,200.76,2026-02-26
SKU-00340,Item-00340,BR-E,124.54,2026-02-21
SKU-00098,Item-00098,BR-D,137.0,2026-02-14
SKU-00175,Item-00175,BR-E,9.26,2026-02-04
SKU-00122,Item-00122,BR-C,87.08,2026-02-21
SKU-00418,Item-00418,BR-E,242.36,2026-02-04
SKU-00200,Item-00200,BR-A,77.06,2026-02-11
SKU-00382,Item-00382,BR-B,142.7,2026-02-05
SKU-00566,Item-00566,BR-A,238.78,2026-02-07
SKU-00467,Item-00467,BR-D,101.85,2026-02-30
SKU-00278,Item-00278,BR-A,108.13,2026-02-10
SKU-00509,Item-00509,BR-D,140.89,2026-02-28
SKU-00204,Item-00204,BR-E,222.65,2026-02-03
SKU-00119,Item-00119,BR-C,238.65,2026-02-11
SKU-00519,Item-00519,BR-D,238.36,2026-02-23
SKU-00557,Item-00557,BR-E,184.19,2026-02-08
SKU-00085,Item-00085,BR-D,104.75,2026-02-08
SKU-00021,Ghee 1L,BR-C,266.47,2026-02-29
SKU-00547,Item-00547,BR-E,107.23,2026-02-16
SKU-00121,Item-00121,BR-E,118.83,2026-02-28
SKU-00317,Item-00317,BR-B,35.45,2026-02-08
SKU-00377,Item-00377,BR-C,345.3,2026-02-22
SKU-00374,Item-00374,BR-E,40.9,2026-02-24
SKU-00362,Item-00362,BR-E,56.03,2026-02-16
SKU-00091,Item-00091,BR-A,165.62,2026-02-19
SKU-00562,Item-00562,BR-B,104.44,2026-02-11
SKU-00479,Item-00479,BR-D,32.5,2026-02-09
SKU-00333,Item-00333,BR-A,74.66,2026-02-18
SKU-00584,Item-00584,BR-C,81.39,2026-02-30
SKU-00040,Carrots 1kg,BR-A,246.01,2026-02-06
SKU-00186,Item-00186,BR-A,145.22,2026-02-23
SKU-00535,Item-00535,BR-E,149.18,2026-02-30
SKU-00527,Item-00527,BR-B,9.28,2026-02-24
SKU-00073,Pasta 500g,BR-B,321.65,2026-02-29
SKU-00529,Item-00529,BR-E,166.03,2026-02-22
SKU-00508,Item-00508,BR-C,23.64,2026-02-04
SKU-00253,Item-00253,BR-E,29.39,2026-02-19
SKU-00130,Item-00130,BR-D,147.92,2026-02-11
SKU-00404,Item-00404,BR-A,111.07,2026-02-08
SKU-00217,Item-00217,BR-E,257.47,2026-02-29
SKU-00532,Item-00532,BR-C,169.28,2026-02-12
SKU-00575,Item-00575,BR-E,58.11,2026-02-04
SKU-00560,Item-00560,BR-C,157.64,2026-02-15
SKU-00406,Item-00406,BR-B,18.79,2026-02-19
SKU-00009,Lemonade 1L,BR-A,125.4,2026-02-10
SKU-00597,Item-00597,BR-E,118.27,2026-02-21
SKU-00305,Item-00305,BR-C,87.42,2026-02-21
SKU-00259,Item-00259,BR-C,176.7,2026-02-02
SKU-00463,Item-00463,BR-D,84.01,2026-02-24
SKU-00437,Item-00437,BR-B,217.73,2026-02-11
SKU-00292,Item-00292,BR-B,156.69,2026-02-12
SKU-00582,Item-00582,BR-A,43.36,2026-02-26
SKU-00266,Item-00266,BR-B,58.83,2026-02-17
SKU-00215,Item-00215,BR-E,87.12,2026-02-21
SKU-00582,Item-00582,BR-A,68.46,2026-02-26
SKU-00587,Item-00587,BR-D,207.64,2026-02-15
SKU-00520,Item-00520,BR-B,235.56,2026-02-14
SKU-00566,Item-00566,BR-A,197.1,2026-02-27
SKU-00224,Item-00224,BR-C,100.6,2026-02-23
SKU-00216,Item-00216,BR-A,130.91,2026-02-04
SKU-00478,Item-00478,BR-D,163.57,2026-02-30
SKU-00198,Item-00198,BR-C,155.78,2026-02-01
SKU-00504,Item-00504,BR-E,50.43,2026-02-06
SKU-00153,Item-00153,BR-B,62.24,2026-02-11
SKU-00290,Item-00290,BR-A,64.96,2026-02-19
SKU-00349,Item-00349,BR-B,86.14,2026-02-25
SKU-00045,Chicken Fingers 500g,BR-B,30.33,2026-02-05
SKU-00403,Item-00403,BR-C,51.76,2026-02-11
SKU-00339,Item-00339,BR-A,34.84,2026-02-09
SKU-00055,Garbage Bags 30pk,BR-B,99.96,2026-02-09
SKU-00494,Item-00494,BR-D,67.15,2026-02-20
SKU-00338,Item-00338,BR-A,196.19,2026-02-11
SKU-00377,Item-00377,BR-C,344.13,2026-02-02
SKU-00153,Item-00153,BR-A,30.63,2026-02-09
SKU-00076,Canned Beans 400g,BR-B,95.43,2026-02-30
SKU-00370,Item-00370,BR-E,37.96,2026-02-13
SKU-00114,Item-00114,BR-B,114.49,2026-02-30
SKU-00096,Item-00096,BR-B,33.69,2026-02-26
SKU-00015,Butter 250g,BR-D,161.86,2026-02-13
SKU-00106,Item-00106,BR-B,110.58,2026-02-18
SKU-00243,Item-00243,BR-A,113.23,2026-02-14
SKU-00571,Item-00571,BR-C,100.27,2026-02-09
SKU-00380,Item-00380,BR-C,32.33,2026-02-19
SKU-00341,Item-00341,BR-A,95.04,2026-02-23
SKU-00341,Item-00341,BR-D,92.11,2026-02-25
SKU-00552,Item-00552,BR-E,202.43,2026-02-26
SKU-00222,Item-00222,BR-B,207.75,2026-02-28
SKU-00197,Item-00197,BR-E,88.67,2026-02-22
SKU-00421,Item-00421,BR-A,109.46,2026-02-24
SKU-00251,Item-00251,BR-D,182.29,2026-02-27
SKU-00146,Item-00146,BR-D,245.72,2026-02-06
SKU-00189,Item-00189,BR-B,103.16,2026-02-11
SKU-00024,Bread Loaf,BR-D,47.14,2026-02-02
SKU-00443,Item-00443,BR-D,39.27,2026-02-11
SKU-00111,Item-00111,BR-B,11.89,2026-02-28
SKU-00214,Item-00214,BR-C,93.06,2026-02-14
SKU-00488,Item-00488,BR-B,221.1,2026-02-24
SKU-00076,Canned Beans 400g,BR-E,153.82,2026-02-25
SKU-00237,Item-00237,BR-E,209.78,2026-02-03
SKU-00162,Item-00162,BR-E,34.6,2026-02-20
SKU-00151,Item-00151,BR-A,49.62,2026-02-01
SKU-00492,Item-00492,BR-A,103.22,2026-02-02
SKU-00057,Chocolate Bar,BR-E,29.49,2026-02-08
SKU-00475,Item-00475,BR-D,74.53,2026-02-25
SKU-00056,Chips 150g,BR-C,164.01,2026-02-16
SKU-00555,Item-00555,BR-E,110.21,2026-02-29
SKU-00561,Item-00561,BR-B,102.22,2026-02-06
SKU-00531,Item-00531,BR-A,88.15,2026-02-06
SKU-00432,Item-00432,BR-E,92.9,2026-02-09
SKU-00426,Item-00426,BR-D,137.68,2026-02-05
SKU-00278,Item-00278,BR-D,77.59,2026-02-14
SKU-00020,Cheese Block 200g,BR-D,16.14,2026-02-15
SKU-00160,Item-00160,BR-C,206.28,2026-02-06
SKU-00371,Item-00371,BR-D,54.26,2026-02-23
SKU-00257,Item-00257,BR-D,291.49,2026-02-09
SKU-00015,Butter 250g,BR-D,151.39,2026-02-20
SKU-00280,Item-00280,BR-D,53.9,2026-02-25
SKU-00055,Garbage Bags 30pk,BR-D,188.45,2026-02-17
SKU-00513,Item-00513,BR-E,290.68,2026-02-18
SKU-00314,Item-00314,BR-B,97.43,2026-02-20
SKU-00140,Item-00140,BR-E,48.61,2026-02-13
SKU-00073,Pasta 500g,BR-D,205.11,2026-02-01
SKU-00350,Item-00350,BR-B,148.8,2026-02-17
SKU-00435,Item-00435,BR-A,76.96,2026-02-13
SKU-00556,Item-00556,BR-E,14.81,2026-02-23
SKU-00412,Item-00412,BR-D,149.22,2026-02-28
SKU-00592,Item-00592,BR-C,81.36,2026-02-19
SKU-00537,Item-00537,BR-B,277.86,2026-02-25
SKU-00269,Item-00269,BR-B,121.61,2026-02-12
SKU-00277,Item-00277,BR-A,167.12,2026-02-03
SKU-00591,Item-00591,BR-E,93.98,2026-02-22
SKU-00268,Item-00268,BR-E,95.84,2026-02-30
SKU-00122,Item-00122,BR-D,68.93,2026-02-24
SKU-00410,Item-00410,BR-D,165.17,2026-02-06
SKU-00041,Potato Chips 150g,BR-D,135.17,2026-02-02
SKU-00483,Item-00483,BR-C,41.9,2026-02-14
SKU-00562,Item-00562,BR-E,160.69,2026-02-13
SKU-00464,Item-00464,BR-B,59.3,2026-02-03
SKU-00055,Garbage Bags 30pk,BR-C,165.25,2026-02-30
SKU-00585,Item-00585,BR-A,19.25,2026-02-27
SKU-00109,Item-00109,BR-D,51.34,2026-02-24
SKU-00181,Item-00181,BR-A,87.3,2026-02-22
SKU-00296,Item-00296,BR-E,112.35,2026-02-30
SKU-00236,Item-00236,BR-E,105.34,2026-02-22
SKU-00177,Item-00177,BR-E,254.65,2026-02-29
SKU-00485,Item-00485,BR-C,238.25,2026-02-21
SKU-00342,Item-00342,BR-B,199.76,2026-02-20
SKU-00463,Item-00463,BR-C,63.59,2026-02-12
SKU-00155,Item-00155,BR-D,48.55,2026-02-25
SKU-00265,Item-00265,BR-B,47.44,2026-02-10
SKU-00116,Item-00116,BR-C,172.07,2026-02-10
SKU-00041,Potato Chips 150g,BR-C,204.56,2026-02-07
SKU-00245,Item-00245,BR-D,168.36,2026-02-25
SKU-00236,Item-00236,BR-D,313.34,2026-02-13
SKU-00588,Item-00588,BR-E,130.74,2026-02-24
SKU-00386,Item-00386,BR-A,94.29,2026-02-16
SKU-00091,Item-00091,BR-D,116.92,2026-02-26
SKU-00372,Item-00372,BR-E,137.51,2026-02-17
SKU-00522,Item-00522,BR-A,123.92,2026-02-02
SKU-00528,Item-00528,BR-A,167.41,2026-02-11
SKU-00516,Item-00516,BR-D,205.2,2026-02-22
SKU-00365,Item-00365,BR-D,54.27,2026-02-19
SKU-00592,Item-00592,BR-E,74.83,2026-02-12
SKU-00250,Item-00250,BR-C,77.39,2026-02-19
SKU-00112,Item-00112,BR-A,148.75,2026-02-02
SKU-00531,Item-00531,BR-C,75.13,2026-02-18
SKU-00257,Item-00257,BR-D,325.22,2026-02-20
SKU-00568,Item-00568,BR-C,165.31,2026-02-03
SKU-00249,Item-00249,BR-C,169.33,2026-02-17
SKU-00215,Item-00215,BR-A,72.25,2026-02-23
SKU-00204,Item-00204,BR-C,291.7,2026-02-01
SKU-00041,Potato Chips 150g,BR-B,209.39,2026-02-09
SKU-00159,Item-00159,BR-C,24.99,2026-02-22
SKU-00138,Item-00138,BR-A,13.32,2026-02-18
SKU-00168,Item-00168,BR-E,196.86,2026-02-16
SKU-00562,Item-00562,BR-A,146.4,2026-02-03
SKU-00289,Item-00289,BR-D,196.85,2026-02-24
SKU-00553,Item-00553,BR-C,125.96,2026-02-10
SKU-00179,Item-00179,BR-E,52.82,2026-02-04
SKU-00494,Item-00494,BR-E,148.28,2026-02-26
SKU-00185,Item-00185,BR-A,33.11,2026-02-06
SKU-00512,Item-00512,BR-C,242.22,2026-02-12
SKU-00148,Item-00148,BR-E,35.74,2026-02-15
SKU-00439,Item-00439,BR-E,135.48,2026-02-20
SKU-00466,Item-00466,BR-E,259.71,2026-02-16
SKU-00339,Item-00339,BR-C,36.61,2026-02-29
SKU-00463,Item-00463,BR-C,63.04,2026-02-01
SKU-00119,Item-00119,BR-E,140.04,2026-02-30
SKU-00596,Item-00596,BR-B,203.55,2026-02-01
SKU-00337,Item-00337,BR-E,158.27,2026-02-11
SKU-00066,Lamb Chops 500g,BR-E,165.62,2026-02-08
SKU-00529,Item-00529,BR-E,96.7,2026-02-09
SKU-00541,Item-00541,BR-C,222.52,2026-02-08
SKU-00433,Item-00433,BR-C,230.09,2026-02-03
SKU-00369,Item-00369,BR-D,199.27,2026-02-23
SKU-00136,Item-00136,BR-B,81.98,2026-02-26
SKU-00477,Item-00477,BR-A,30.13,2026-02-09
SKU-00531,Item-00531,BR-A,83.28,2026-02-04
SKU-00388,Item-00388,BR-A,19.17,2026-02-21
SKU-00307,Item-00307,BR-B,105.99,2026-02-15
SKU-00181,Item-00181,BR-D,90.0,2026-02-21
SKU-00166,Item-00166,BR-C,147.85,2026-02-12
SKU-00429,Item-00429,BR-B,115.12,2026-02-04
SKU-00134,Item-00134,BR-A,23.44,2026-02-16
SKU-00558,Item-00558,BR-B,90.82,2026-02-25
SKU-00049,Detergent 1L,BR-D,151.25,2026-02-29
SKU-00306,Item-00306,BR-C,112.01,2026-02-17
SKU-00411,Item-00411,BR-D,15.36,2026-02-23
SKU-00304,Item-00304,BR-A,26.42,2026-02-21
SKU-00565,Item-00565,BR-E,27.79,2026-02-06
SKU-00536,Item-00536,BR-E,210.69,2026-02-30
SKU-00324,Item-00324,BR-E,118.28,2026-02-23
SKU-00539,Item-00539,BR-C,166.69,2026-02-06
SKU-00546,Item-00546,BR-C,87.15,2026-02-05
SKU-00046,Fish Fingers 500g,BR-B,40.52,2026-02-22
SKU-00172,Item-00172,BR-E,44.06,2026-02-15
SKU-00094,Item-00094,BR-B,86.61,2026-02-01
SKU-00213,Item-00213,BR-D,229.3,2026-02-10
SKU-00130,Item-00130,BR-D,232.42,2026-02-18
SKU-00399,Item-00399,BR-B,145.02,2026-02-22
SKU-00347,Item-00347,BR-B,57.34,2026-02-24
SKU-00388,Item-00388,BR-A,29.88,2026-02-17
SKU-00495,Item-00495,BR-D,266.72,2026-02-15
SKU-00082,Item-00082,BR-A,177.61,2026-02-08
SKU-00228,Item-00228,BR-C,11.99,2026-02-28
SKU-00378,Item-00378,BR-D,74.62,2026-02-06
SKU-00198,Item-00198,BR-B,202.65,2026-02-15
SKU-00512,Item-00512,BR-A,112.6,2026-02-11
SKU-00544,Item-00544,BR-C,8.14,2026-02-02
SKU-00129,Item-00129,BR-D,104.99,2026-02-27
SKU-00130,Item-00130,BR-B,195.62,2026-02-26
SKU-00459,Item-00459,BR-A,103.09,2026-02-09
SKU-00043,Frozen Peas 500g,BR-B,55.48,2026-02-30
SKU-00421,Item-00421,BR-E,294.08,2026-02-22
SKU-00229,Item-00229,BR-E,126.52,2026-02-15
SKU-00040,Carrots 1kg,BR-C,118.05,2026-02-18
SKU-00551,Item-00551,BR-A,140.25,2026-02-21
SKU-00293,Item-00293,BR-D,145.29,2026-02-17
SKU-00401,Item-00401,BR-C,10.98,2026-02-09
SKU-00528,Item-00528,BR-C,178.27,2026-02-24
SKU-00234,Item-00234,BR-B,87.65,2026-02-28
SKU-00073,Pasta 500g,BR-B,240.64,2026-02-12
SKU-00548,Item-00548,BR-D,33.63,2026-02-01
SKU-00434,Item-00434,BR-B,11.21,2026-02-11
SKU-00597,Item-00597,BR-E,63.03,2026-02-06
SKU-00432,Item-00432,BR-C,42.47,2026-02-21
SKU-00569,Item-00569,BR-E,9.6,2026-02-05
SKU-00049,Detergent 1L,BR-B,183.68,2026-02-17
SKU-00030,Cake Slice,BR-A,206.24,2026-02-16
SKU-00094,Item-00094,BR-D,88.3,2026-02-12
SKU-00435,Item-00435,BR-E,66.28,2026-02-29
SKU-00562,Item-00562,BR-A,146.81,2026-02-04
SKU-00375,Item-00375,BR-B,45.49,2026-02-26
SKU-00203,Item-00203,BR-C,39.17,2026-02-21
SKU-00461,Item-00461,BR-D,163.68,2026-02-03
SKU-00327,Item-00327,BR-D,17.89,2026-02-20
SKU-00377,Item-00377,BR-D,260.07,2026-02-29
SKU-00303,Item-00303,BR-C,37.99,2026-02-11
SKU-00584,Item-00584,BR-C,45.73,2026-02-11
SKU-00332,Item-00332,BR-B,149.69,2026-02-19
SKU-00085,Item-00085,BR-D,86.12,2026-02-29
SKU-00294,Item-00294,BR-A,203.9,2026-02-06
SKU-00321,Item-00321,BR-B,178.87,2026-02-12
SKU-00147,Item-00147,BR-A,354.51,2026-02-25
SKU-00543,Item-00543,BR-E,79.2,2026-02-13
SKU-00321,Item-00321,BR-A,185.1,2026-02-23
SKU-00190,Item-00190,BR-A,132.83,2026-02-16
SKU-00303,Item-00303,BR-C,18.45,2026-02-07
SKU-00042,Ice Cream 500ml,BR-B,18.11,2026-02-20
SKU-00269,Item-00269,BR-D,107.83,2026-02-25
SKU-00561,Item-00561,BR-B,105.23,2026-02-27
SKU-00372,Item-00372,BR-B,143.25,2026-02-26
SKU-00173,Item-00173,BR-C,105.47,2026-02-24
SKU-00178,Item-00178,BR-E,192.02,2026-02-08
SKU-00297,Item-00297,BR-A,60.32,2026-02-26
SKU-00091,Item-00091,BR-E,132.7,2026-02-27
SKU-00169,Item-00169,BR-C,60.46,2026-02-19
SKU-00063,Candy Assorted,BR-A,181.58,2026-02-20
SKU-00259,Item-00259,BR-A,163.53,2026-02-08
SKU-00158,Item-00158,BR-C,8.86,2026-02-18
SKU-00090,Item-00090,BR-A,57.93,2026-02-24
SKU-00239,Item-00239,BR-C,161.42,2026-02-16
SKU-00071,Rice 5kg,BR-B,67.42,2026-02-20
SKU-00443,Item-00443,BR-B,57.23,2026-02-14
SKU-00090,Item-00090,BR-B,70.96,2026-02-05
SKU-00119,Item-00119,BR-A,150.04,2026-02-20
SKU-00089,Item-00089,BR-B,190.09,2026-02-02
SKU-00095,Item-00095,BR-C,147.4,2026-02-02
SKU-00167,Item-00167,BR-E,152.87,2026-02-18
SKU-00559,Item-00559,BR-E,181.85,2026-02-22
SKU-00423,Item-00423,BR-C,90.48,2026-02-04
SKU-00587,Item-00587,BR-A,257.48,2026-02-02
SKU-00526,Item-00526,BR-B,38.44,2026-02-11
SKU-00402,Item-00402,BR-E,124.76,2026-02-04
SKU-00453,Item-00453,BR-B,86.78,2026-02-28
SKU-00409,Item-00409,BR-D,30.82,2026-02-30
SKU-00071,Rice 5kg,BR-D,64.08,2026-02-07
SKU-00562,Item-00562,BR-E,90.09,2026-02-17
SKU-00491,Item-00491,BR-C,192.61,2026-02-01
SKU-00115,Item-00115,BR-B,57.2,2026-02-01
SKU-00255,Item-00255,BR-C,185.53,2026-02-12
SKU-00441,Item-00441,BR-A,115.53,2026-02-29
SKU-00532,Item-00532,BR-D,198.23,2026-02-27
SKU-00508,Item-00508,BR-D,40.61,2026-02-12
SKU-00471,Item-00471,BR-B,133.86,2026-02-25
SKU-00214,Item-00214,BR-A,212.68,2026-02-22
SKU-00510,Item-00510,BR-E,106.83,2026-02-28
SKU-00057,Chocolate Bar,BR-C,77.48,2026-02-15
SKU-00032,كعكة شوكولاتة,BR-B,269.99,2026-02-13
SKU-00211,Item-00211,BR-A,243.77,2026-02-01
SKU-00014,Milk 1L,BR-C,55.57,2026-02-30
SKU-00407,Item-00407,BR-D,179.37,2026-02-23
SKU-00141,Item-00141,BR-B,94.41,2026-02-01
SKU-00505,Item-00505,BR-A,101.76,2026-02-27
SKU-00010,Iced Tea 500ml,BR-A,21.98,2026-02-03
SKU-00281,Item-00281,BR-A,152.1,2026-02-06
SKU-00222,Item-00222,BR-C,92.62,2026-02-25
SKU-00416,Item-00416,BR-C,188.99,2026-02-10
SKU-00293,Item-00293,BR-E,142.33,2026-02-20
SKU-00176,Item-00176,BR-B,120.88,2026-02-01
SKU-00592,Item-00592,BR-D,86.67,2026-02-29
SKU-00333,Item-00333,BR-E,96.58,2026-02-12
SKU-00564,Item-00564,BR-C,11.68,2026-02-28
SKU-00116,Item-00116,BR-B,139.45,2026-02-19
SKU-00431,Item-00431,BR-A,166.14,2026-02-17
SKU-00170,Item-00170,BR-B,47.88,2026-02-30
SKU-00212,Item-00212,BR-E,36.42,2026-02-29
SKU-00577,Item-00577,BR-B,11.43,2026-02-01
SKU-00034,Bananas 1kg,BR-C,298.93,2026-02-15
SKU-00373,Item-00373,BR-E,150.24,2026-02-26
SKU-00281,Item-00281,BR-E,185.01,2026-02-23
SKU-00273,Item-00273,BR-A,152.12,2026-02-03
SKU-00134,Item-00134,BR-A,15.35,2026-02-11
SKU-00354,Item-00354,BR-B,128.59,2026-02-02
SKU-00125,Item-00125,BR-C,40.67,2026-02-17
SKU-00106,Item-00106,BR-A,189.8,2026-02-26
SKU-00082,Item-00082,BR-C,165.13,2026-02-23
SKU-00320,Item-00320,BR-B,257.92,2026-02-03
SKU-00425,Item-00425,BR-E,133.41,2026-02-13
SKU-00032,كعكة شوكولاتة,BR-B,172.55,2026-02-17
SKU-00171,Item-00171,BR-D,38.55,2026-02-11
SKU-00350,Item-00350,BR-C,172.21,2026-02-12
SKU-00265,Item-00265,BR-B,121.77,2026-02-08
SKU-00389,Item-00389,BR-E,36.33,2026-02-25
SKU-00238,Item-00238,BR-D,219.67,2026-02-26
SKU-00028,Baguette,BR-B,37.97,2026-02-09
SKU-00323,Item-00323,BR-C,366.87,2026-02-12
SKU-00421,Item-00421,BR-D,116.25,2026-02-01
SKU-00089,Item-00089,BR-A,131.77,2026-02-05
SKU-00156,Item-00156,BR-D,84.72,2026-02-17
SKU-00386,Item-00386,BR-E,71.44,2026-02-05
SKU-00102,Item-00102,BR-D,272.73,2026-02-13
SKU-00544,Item-00544,BR-B,8.54,2026-02-28
SKU-00057,Chocolate Bar,BR-E,57.51,2026-02-15
SKU-00022,Milk Powder 400g,BR-E,98.48,2026-02-23
SKU-00588,Item-00588,BR-A,167.81,2026-02-12
SKU-00034,Bananas 1kg,BR-E,155.9,2026-02-26
SKU-00266,Item-00266,BR-A,61.19,2026-02-21
SKU-00258,Item-00258,BR-E,114.89,2026-02-16
SKU-00475,Item-00475,BR-A,55.44,2026-02-26
SKU-00499,Item-00499,BR-E,120.34,2026-02-11
SKU-00128,Item-00128,BR-C,248.19,2026-02-12
SKU-00262,Item-00262,BR-C,191.63,2026-02-19
SKU-00338,Item-00338,BR-C,76.85,2026-02-24
SKU-00488,Item-00488,BR-C,162.05,2026-02-11
SKU-00173,Item-00173,BR-E,40.33,2026-02-14
SKU-00069,Fish Fillet 500g,BR-D,65.46,2026-02-19
SKU-00292,Item-00292,BR-C,154.14,2026-02-22
SKU-00121,Item-00121,BR-D,117.98,2026-02-27
SKU-00167,Item-00167,BR-D,141.22,2026-02-20
SKU-00499,Item-00499,BR-A,155.16,2026-02-02
SKU-00055,Garbage Bags 30pk,BR-A,180.51,2026-02-04
SKU-00129,Item-00129,BR-E,112.13,2026-02-15
SKU-00415,Item-00415,BR-A,187.27,2026-02-28
SKU-00278,Item-00278,BR-E,45.01,2026-02-23
SKU-00296,Item-00296,BR-B,142.72,2026-02-28
SKU-00252,Item-00252,BR-C,163.4,2026-02-26
SKU-00555,Item-00555,BR-B,75.57,2026-02-22
SKU-00548,Item-00548,BR-D,41.5,2026-02-22
SKU-00504,Item-00504,BR-E,49.16,2026-02-07
SKU-00050,Toilet Paper 6pk,BR-B,89.73,2026-02-09
SKU-00468,Item-00468,BR-D,35.81,2026-02-17
SKU-00574,Item-00574,BR-B,22.96,2026-02-03
SKU-00538,Item-00538,BR-D,267.72,2026-02-17
SKU-00285,Item-00285,BR-A,166.49,2026-02-16
SKU-00591,Item-00591,BR-A,81.54,2026-02-03
SKU-00308,Item-00308,BR-D,48.63,2026-02-21
SKU-00084,Item-00084,BR-A,143.74,2026-02-08
SKU-00062,Pretzels 200g,BR-E,233.11,2026-02-06
SKU-00310,Item-00310,BR-D,102.72,2026-02-25
SKU-00529,Item-00529,BR-E,305.53,2026-02-23
SKU-00190,Item-00190,BR-B,134.95,2026-02-16
SKU-00300,Item-00300,BR-E,16.13,2026-02-16
SKU-00470,Item-00470,BR-A,142.43,2026-02-29
SKU-00124,Item-00124,BR-B,5.77,2026-02-30
SKU-00098,Item-00098,BR-B,172.06,2026-02-25
SKU-00569,Item-00569,BR-A,12.87,2026-02-06
SKU-00416,Item-00416,BR-D,136.23,2026-02-20
SKU-00419,Item-00419,BR-D,74.63,2026-02-18
SKU-00441,Item-00441,BR-C,229.05,2026-02-18
SKU-00221,Item-00221,BR-E,87.56,2026-02-03
SKU-00420,Item-00420,BR-C,28.83,2026-02-17
SKU-00137,Item-00137,BR-A,101.2,2026-02-01
SKU-00194,Item-00194,BR-D,4.23,2026-02-19
SKU-00022,Milk Powder 400g,BR-D,113.21,2026-02-17
SKU-00063,Candy Assorted,BR-E,220.84,2026-02-14
SKU-00446,Item-00446,BR-E,15.05,2026-02-26
SKU-00036,Onions 1kg,BR-E,289.18,2026-02-08
SKU-00280,Item-00280,BR-E,37.62,2026-02-23
SKU-00446,Item-00446,BR-D,36.34,2026-02-28
SKU-00420,Item-00420,BR-B,22.58,2026-02-28
SKU-00487,Item-00487,BR-C,125.07,2026-02-11
SKU-00405,Item-00405,BR-C,140.79,2026-02-13
SKU-00370,Item-00370,BR-C,36.12,2026-02-06
SKU-00515,Item-00515,BR-A,132.59,2026-02-16
SKU-00489,Item-00489,BR-E,162.3,2026-02-26
SKU-00042,Ice Cream 500ml,BR-B,21.85,2026-02-25
SKU-00153,Item-00153,BR-A,73.43,2026-02-13
SKU-00232,Item-00232,BR-A,62.42,2026-02-13
SKU-00262,Item-00262,BR-C,210.44,2026-02-15
SKU-00229,Item-00229,BR-B,72.0,2026-02-25
SKU-00034,Bananas 1kg,BR-D,426.57,2026-02-25
SKU-00041,Potato Chips 150g,BR-D,110.56,2026-02-17
SKU-00352,Item-00352,BR-B,156.21,2026-02-13
SKU-00491,Item-00491,BR-C,142.32,2026-02-18
SKU-00205,Item-00205,BR-D,189.59,2026-02-01
SKU-00064,Chicken Breast 1kg,BR-C,331.13,2026-02-13
SKU-00418,Item-00418,BR-E,186.65,2026-02-16
SKU-00445,Item-00445,BR-B,63.71,2026-02-05
SKU-00546,Item-00546,BR-C,119.99,2026-02-25
SKU-00533,Item-00533,BR-B,155.72,2026-02-27
SKU-00225,Item-00225,BR-D,62.01,2026-02-25
SKU-00594,Item-00594,BR-B,57.8,2026-02-08
SKU-00483,Item-00483,BR-A,60.72,2026-02-10
SKU-00146,Item-00146,BR-B,206.75,2026-02-07
SKU-00457,Item-00457,BR-A,64.0,2026-02-29
SKU-00202,Item-00202,BR-A,109.29,2026-02-26
SKU-00527,Item-00527,BR-B,10.52,2026-02-21
SKU-00085,Item-00085,BR-B,102.66,2026-02-18
SKU-00013,Sports Drink 600ml,BR-C,13.89,2026-02-19
SKU-00537,Item-00537,BR-C,224.63,2026-02-04
SKU-00489,Item-00489,BR-D,130.29,2026-02-01
SKU-00396,Item-00396,BR-C,146.23,2026-02-10
SKU-00310,Item-00310,BR-B,76.73,2026-02-23
SKU-00553,Item-00553,BR-B,161.54,2026-02-14
SKU-00297,Item-00297,BR-A,92.34,2026-02-21
SKU-00462,Item-00462,BR-B,121.58,2026-02-20
SKU-00439,Item-00439,BR-E,116.89,2026-02-09
SKU-00136,Item-00136,BR-E,105.59,2026-02-26
SKU-00586,Item-00586,BR-A,25.81,2026-02-30
SKU-00480,Item-00480,BR-E,11.15,2026-02-03
SKU-00382,Item-00382,BR-A,58.11,2026-02-17
SKU-00384,Item-00384,BR-E,66.81,2026-02-12
SKU-00372,Item-00372,BR-A,178.54,2026-02-05
SKU-00340,Item-00340,BR-A,187.11,2026-02-30
SKU-00537,Item-00537,BR-D,222.36,2026-02-13
SKU-00469,Item-00469,BR-B,113.35,2026-02-16
SKU-00096,Item-00096,BR-C,37.06,2026-02-18
SKU-00439,Item-00439,BR-B,85.06,2026-02-24
SKU-00092,Item-00092,BR-A,134.14,2026-02-10
SKU-00151,Item-00151,BR-D,55.8,2026-02-11
SKU-00361,Item-00361,BR-E,83.8,2026-02-22
SKU-00453,Item-00453,BR-C,103.82,2026-02-14
SKU-00234,Item-00234,BR-E,179.57,2026-02-30
SKU-00296,Item-00296,BR-A,83.24,2026-02-11
SKU-00293,Item-00293,BR-D,135.79,2026-02-21
SKU-00377,Item-00377,BR-B,95.65,2026-02-16
SKU-00223,Item-00223,BR-A,67.89,2026-02-03
SKU-00017,Yogurt 500g,BR-B,112.82,2026-02-07
SKU-00390,Item-00390,BR-D,29.5,2026-02-06
SKU-00360,Item-00360,BR-D,26.21,2026-02-24
SKU-00191,Item-00191,BR-B,193.92,2026-02-30
SKU-00518,Item-00518,BR-D,40.6,2026-02-03
SKU-00437,Item-00437,BR-D,83.78,2026-02-04
SKU-00035,Potatoes 2kg,BR-E,81.28,2026-02-14
SKU-00406,Item-00406,BR-A,17.33,2026-02-28
SKU-00158,Item-00158,BR-D,21.0,2026-02-15
SKU-00572,Item-00572,BR-E,19.5,2026-02-16
SKU-00527,Item-00527,BR-C,13.89,2026-02-09
SKU-00094,Item-00094,BR-D,252.36,2026-02-26
SKU-00024,Bread Loaf,BR-E,27.11,2026-02-14
SKU-00300,Item-00300,BR-C,11.81,2026-02-01
SKU-00293,Item-00293,BR-C,178.9,2026-02-23
SKU-00279,Item-00279,BR-D,161.49,2026-02-10
SKU-00262,Item-00262,BR-D,273.91,2026-02-08
SKU-00553,Item-00553,BR-D,226.36,2026-02-24
SKU-00334,Item-00334,BR-B,7.66,2026-02-22
SKU-00340,Item-00340,BR-D,277.19,2026-02-03
SKU-00567,Item-00567,BR-B,31.25,2026-02-10
SKU-00461,Item-00461,BR-D,127.68,2026-02-25
SKU-00553,Item-00553,BR-E,113.61,2026-02-08
SKU-00271,Item-00271,BR-C,85.57,2026-02-17
SKU-00327,Item-00327,BR-E,10.24,2026-02-06
SKU-00332,Item-00332,BR-A,68.88,2026-02-28
SKU-00585,Item-00585,BR-E,31.16,2026-02-13
SKU-00170,Item-00170,BR-C,51.63,2026-02-28
SKU-00238,Item-00238,BR-C,122.62,2026-02-11
SKU-00182,Item-00182,BR-A,3.14,2026-02-12
SKU-00399,Item-00399,BR-A,179.46,2026-02-03
SKU-00006,Apple Juice 1L,BR-E,155.89,2026-02-28
SKU-00318,Item-00318,BR-D,122.7,2026-02-01
SKU-00307,Item-00307,BR-E,152.84,2026-02-13
SKU-00266,Item-00266,BR-D,46.57,2026-02-30
SKU-00597,Item-00597,BR-A,101.92,2026-02-14
SKU-00084,Item-00084,BR-B,82.22,2026-02-02
SKU-00244,Item-00244,BR-E,152.87,2026-02-11
SKU-00360,Item-00360,BR-E,34.55,2026-02-23
SKU-00072,Sugar 1kg,BR-E,214.71,2026-02-26
SKU-00310,Item-00310,BR-A,100.96,2026-02-07
SKU-00222,Item-00222,BR-C,149.62,2026-02-23
SKU-00411,Item-00411,BR-A,11.11,2026-02-11
SKU-00324,Item-00324,BR-A,90.54,2026-02-19
SKU-00347,Item-00347,BR-D,46.09,2026-02-04
SKU-00032,كعكة شوكولاتة,BR-A,140.82,2026-02-12
SKU-00477,Item-00477,BR-A,27.05,2026-02-12
SKU-00573,Item-00573,BR-A,178.94,2026-02-26
SKU-00093,Item-00093,BR-E,138.38,2026-02-19
SKU-00119,Item-00119,BR-B,223.87,2026-02-24
SKU-00383,Item-00383,BR-A,47.59,2026-02-19
SKU-00098,Item-00098,BR-E,234.62,2026-02-14
SKU-00546,Item-00546,BR-D,101.81,2026-02-22
SKU-00505,Item-00505,BR-A,105.8,2026-02-21
SKU-00319,Item-00319,BR-E,147.68,2026-02-07
SKU-00167,Item-00167,BR-E,244.09,2026-02-28
SKU-00375,Item-00375,BR-A,93.67,2026-02-04
SKU-00433,Item-00433,BR-A,149.43,2026-02-07
SKU-00144,Item-00144,BR-A,95.38,2026-02-12
SKU-00168,Item-00168,BR-B,134.11,2026-02-28
SKU-00272,Item-00272,BR-A,154.34,2026-02-27
SKU-00219,Item-00219,BR-D,63.3,2026-02-30
SKU-00483,Item-00483,BR-D,73.9,2026-02-13
SKU-00159,Item-00159,BR-D,8.09,2026-02-13
SKU-00109,Item-00109,BR-A,84.78,2026-02-06
SKU-00425,Item-00425,BR-B,284.65,2026-02-30
SKU-00061,Popcorn 100g,BR-D,396.31,2026-02-03
SKU-00440,Item-00440,BR-C,29.11,2026-02-04
SKU-00121,Item-00121,BR-E,121.43,2026-02-03
SKU-00556,Item-00556,BR-A,42.77,2026-02-05
SKU-00236,Item-00236,BR-E,351.53,2026-02-07
SKU-00061,Popcorn 100g,BR-B,275.46,2026-02-24
SKU-00521,Item-00521,BR-D,245.77,2026-02-02
SKU-00440,Item-00440,BR-B,45.75,2026-02-27
SKU-00350,Item-00350,BR-E,203.92,2026-02-17
SKU-00108,Item-00108,BR-A,302.39,2026-02-21
SKU-00111,Item-00111,BR-E,35.27,2026-02-02
SKU-00296,Item-00296,BR-C,48.22,2026-02-03
SKU-00145,Item-00145,BR-A,39.3,2026-02-01
SKU-00532,Item-00532,BR-A,146.33,2026-02-04
SKU-00571,Item-00571,BR-A,212.08,2026-02-26
SKU-00417,Item-00417,BR-A,31.92,2026-02-23
SKU-00512,Item-00512,BR-A,197.68,2026-02-18
SKU-00242,Item-00242,BR-C,76.96,2026-02-09
SKU-00580,Item-00580,BR-C,47.51,2026-02-19
SKU-00341,Item-00341,BR-E,121.44,2026-02-23
SKU-00468,Item-00468,BR-C,64.22,2026-02-18
SKU-00226,Item-00226,BR-E,43.5,2026-02-12
SKU-00586,Item-00586,BR-A,22.62,2026-02-09
SKU-00081,Item-00081,BR-C,105.52,2026-02-01
SKU-00298,Item-00298,BR-E,199.59,2026-02-21
SKU-00454,Item-00454,BR-D,116.72,2026-02-22
SKU-00547,Item-00547,BR-C,154.13,2026-02-20
SKU-00088,Item-00088,BR-E,156.16,2026-02-04
SKU-00401,Item-00401,BR-C,20.95,2026-02-21
SKU-00411,Item-00411,BR-A,16.0,2026-02-23
SKU-00385,Item-00385,BR-E,34.55,2026-02-05
SKU-00397,Item-00397,BR-B,213.96,2026-02-13
SKU-00087,Item-00087,BR-A,39.69,2026-02-25
SKU-00554,Item-00554,BR-D,40.65,2026-02-10
SKU-00535,Item-00535,BR-B,235.7,2026-02-29
SKU-00562,Item-00562,BR-E,336.75,2026-02-22
SKU-00423,Item-00423,BR-D,79.24,2026-02-12
SKU-00388,Item-00388,BR-B,55.22,2026-02-27
SKU-00303,Item-00303,BR-A,34.83,2026-02-27
SKU-00510,Item-00510,BR-B,135.84,2026-02-05
SKU-00331,Item-00331,BR-B,94.03,2026-02-11
SKU-00156,Item-00156,BR-C,56.8,2026-02-02
SKU-00001,Cola 1.5L,BR-E,216.4,2026-02-27
SKU-00317,Item-00317,BR-E,18.4,2026-02-06
SKU-00111,Item-00111,BR-C,18.54,2026-02-25
SKU-00154,Item-00154,BR-A,215.74,2026-02-29
SKU-00234,Item-00234,BR-C,79.03,2026-02-24
SKU-00122,Item-00122,BR-E,117.57,2026-02-01
SKU-00338,Item-00338,BR-E,227.39,2026-02-10
SKU-00153,Item-00153,BR-B,60.36,2026-02-23
SKU-00127,Item-00127,BR-A,76.66,2026-02-30
SKU-00593,Item-00593,BR-C,196.35,2026-02-08
SKU-00112,Item-00112,BR-C,257.83,2026-02-03
SKU-00288,Item-00288,BR-A,110.31,2026-02-26
SKU-00498,Item-00498,BR-E,92.68,2026-02-26
SKU-00202,Item-00202,BR-D,119.8,2026-02-25
SKU-00558,Item-00558,BR-B,82.75,2026-02-25
SKU-00153,Item-00153,BR-A,79.53,2026-02-17
SKU-00151,Item-00151,BR-B,62.43,2026-02-19
SKU-00530,Item-00530,BR-A,188.03,2026-02-02
SKU-00581,Item-00581,BR-D,112.32,2026-02-14
SKU-00353,Item-00353,BR-D,72.22,2026-02-26
SKU-00446,Item-00446,BR-B,30.17,2026-02-16
SKU-00463,Item-00463,BR-C,97.05,2026-02-28
SKU-00131,Item-00131,BR-D,114.81,2026-02-17
SKU-00536,Item-00536,BR-E,197.48,2026-02-16
SKU-00153,Item-00153,BR-C,69.93,2026-02-05
SKU-00330,Item-00330,BR-B,98.21,2026-02-15
SKU-00540,Item-00540,BR-E,205.15,2026-02-11
SKU-00048,مجمدات متنوعة,BR-B,64.25,2026-02-18
SKU-00540,Item-00540,BR-B,164.55,2026-02-01
SKU-00269,Item-00269,BR-D,116.99,2026-02-30
SKU-00388,Item-00388,BR-A,39.3,2026-02-16
SKU-00307,Item-00307,BR-C,246.18,2026-02-15
SKU-00081,Item-00081,BR-B,86.38,2026-02-07
SKU-00074,Flour 2kg,BR-B,101.18,2026-02-12
SKU-00195,Item-00195,BR-A,157.82,2026-02-05
SKU-00406,Item-00406,BR-B,16.41,2026-02-16
SKU-00303,Item-00303,BR-A,39.2,2026-02-08
SKU-00004,Energy Drink 250ml,BR-A,43.61,2026-02-09
SKU-00294,Item-00294,BR-C,168.39,2026-02-20
SKU-00392,Item-00392,BR-C,149.94,2026-02-09
SKU-00210,Item-00210,BR-B,170.86,2026-02-28
SKU-00491,Item-00491,BR-A,307.23,2026-02-12
SKU-00233,Item-00233,BR-B,7.6,2026-02-26
SKU-00595,Item-00595,BR-D,152.64,2026-02-20
SKU-00479,Item-00479,BR-A,23.01,2026-02-24
SKU-00211,Item-00211,BR-C,132.24,2026-02-20
SKU-00509,Item-00509,BR-C,250.67,2026-02-12
SKU-00565,Item-00565,BR-D,66.79,2026-02-17
SKU-00519,Item-00519,BR-A,241.53,2026-02-13
SKU-00055,Garbage Bags 30pk,BR-B,152.61,2026-02-05
SKU-00512,Item-00512,BR-E,150.72,2026-02-30
SKU-00225,Item-00225,BR-E,76.86,2026-02-19
SKU-00047,Frozen Veg Mix 450g,BR-B,20.83,2026-02-06
SKU-00235,Item-00235,BR-E,76.73,2026-02-30
SKU-00450,Item-00450,BR-A,140.9,2026-02-04
SKU-00320,Item-00320,BR-E,125.87,2026-02-15
SKU-00318,Item-00318,BR-D,161.95,2026-02-09
SKU-00007,Tea Bag 100s,BR-D,163.68,2026-02-14
SKU-00362,Item-00362,BR-D,54.66,2026-02-15
SKU-00387,Item-00387,BR-B,142.19,2026-02-28
SKU-00159,Item-00159,BR-A,15.14,2026-02-22
SKU-00552,Item-00552,BR-B,192.51,2026-02-07
SKU-00516,Item-00516,BR-D,280.85,2026-02-16
SKU-00569,Item-00569,BR-C,14.1,2026-02-09
SKU-00221,Item-00221,BR-E,94.67,2026-02-30
SKU-00307,Item-00307,BR-C,264.16,2026-02-14
SKU-00584,Item-00584,BR-B,39.09,2026-02-13
SKU-00411,Item-00411,BR-D,11.0,2026-02-12
SKU-00238,Item-00238,BR-A,99.25,2026-02-30
SKU-00271,Item-00271,BR-B,131.0,2026-02-24
SKU-00284,Item-00284,BR-E,207.11,2026-02-04
SKU-00534,Item-00534,BR-C,305.04,2026-02-12
SKU-00101,Item-00101,BR-B,183.53,2026-02-01
SKU-00399,Item-00399,BR-B,166.46,2026-02-16
SKU-00020,Cheese Block 200g,BR-C,11.49,2026-02-08
SKU-00386,Item-00386,BR-C,101.09,2026-02-03
SKU-00421,Item-00421,BR-C,316.68,2026-02-24
SKU-00566,Item-00566,BR-C,174.32,2026-02-03
SKU-00253,Item-00253,BR-D,19.07,2026-02-04
SKU-00214,Item-00214,BR-D,164.35,2026-02-11
SKU-00591,Item-00591,BR-D,84.68,2026-02-14
SKU-00533,Item-00533,BR-D,103.74,2026-02-07
SKU-00370,Item-00370,BR-E,32.69,2026-02-25
SKU-00317,Item-00317,BR-A,44.88,2026-02-03
SKU-00599,Item-00599,BR-C,193.63,2026-02-18
SKU-00025,Croissant,BR-E,390.1,2026-02-06
SKU-00443,Item-00443,BR-D,44.02,2026-02-20
SKU-00014,Milk 1L,BR-D,53.19,2026-02-28
SKU-00029,Donuts 6pk,BR-A,117.16,2026-02-20
SKU-00109,Item-00109,BR-C,68.56,2026-02-10
SKU-00290,Item-00290,BR-B,115.94,2026-02-09
SKU-00512,Item-00512,BR-E,91.65,2026-02-19
SKU-00014,Milk 1L,BR-A,51.37,2026-02-13
SKU-00100,Item-00100,BR-D,182.37,2026-02-09
SKU-00472,Item-00472,BR-E,165.95,2026-02-26
SKU-00585,Item-00585,BR-A,34.05,2026-02-08
SKU-00544,Item-00544,BR-A,7.43,2026-02-19
SKU-00391,Item-00391,BR-D,135.84,2026-02-06
SKU-00038,Cucumbers 500g,BR-E,138.74,2026-02-26
SKU-00186,Item-00186,BR-B,150.89,2026-02-08
SKU-00178,Item-00178,BR-A,222.06,2026-02-19
SKU-00580,Item-00580,BR-D,133.38,2026-02-30
SKU-00372,Item-00372,BR-E,116.44,2026-02-28
SKU-00373,Item-00373,BR-C,224.03,2026-02-07
SKU-00161,Item-00161,BR-D,25.25,2026-02-22
SKU-00344,Item-00344,BR-C,54.17,2026-02-15
SKU-00512,Item-00512,BR-B,147.65,2026-02-27
SKU-00424,Item-00424,BR-A,263.34,2026-02-17
SKU-00349,Item-00349,BR-D,90.1,2026-02-28
SKU-00564,Item-00564,BR-D,8.06,2026-02-25
SKU-00537,Item-00537,BR-C,180.76,2026-02-12
SKU-00513,Item-00513,BR-D,286.5,2026-02-27
SKU-00301,Item-00301,BR-B,233.16,2026-02-28
SKU-00421,Item-00421,BR-C,186.18,2026-02-06
SKU-00392,Item-00392,BR-B,120.1,2026-02-16
SKU-00435,Item-00435,BR-C,97.21,2026-02-26
SKU-00271,Item-00271,BR-C,110.81,2026-02-13
SKU-00395,Item-00395,BR-E,63.34,2026-02-09
SKU-00454,Item-00454,BR-A,132.99,2026-02-26
SKU-00245,Item-00245,BR-C,153.65,2026-02-28
SKU-00328,Item-00328,BR-A,20.67,2026-02-01
SKU-00374,Item-00374,BR-B,36.89,2026-02-21
SKU-00006,Apple Juice 1L,BR-E,267.17,2026-02-24
SKU-00537,Item-00537,BR-E,204.55,2026-02-21
SKU-00265,Item-00265,BR-C,101.62,2026-02-26
SKU-00358,Item-00358,BR-C,219.41,2026-02-25
SKU-00494,Item-00494,BR-E,51.72,2026-02-07
SKU-00204,Item-00204,BR-E,166.52,2026-02-07
SKU-00192,Item-00192,BR-E,16.78,2026-02-13
SKU-00311,Item-00311,BR-E,14.86,2026-02-26
SKU-00030,Cake Slice,BR-D,110.24,2026-02-26
SKU-00282,Item-00282,BR-A,36.73,2026-02-13
SKU-00224,Item-00224,BR-B,129.08,2026-02-27
SKU-00031,Cookies Pack,BR-C,221.08,2026-02-29
SKU-00145,Item-00145,BR-D,17.85,2026-02-18
SKU-00463,Item-00463,BR-E,44.2,2026-02-10
SKU-00405,Item-00405,BR-D,125.11,2026-02-23
SKU-00404,Item-00404,BR-D,60.86,2026-02-28
SKU-00140,Item-00140,BR-D,57.73,2026-02-20
SKU-00486,Item-00486,BR-C,69.36,2026-02-26
SKU-00055,Garbage Bags 30pk,BR-E,210.03,2026-02-02
SKU-00091,Item-00091,BR-A,92.5,2026-02-02
SKU-00495,Item-00495,BR-E,195.09,2026-02-11
SKU-00118,Item-00118,BR-D,147.34,2026-02-19
SKU-00473,Item-00473,BR-D,14.04,2026-02-17
SKU-00202,Item-00202,BR-B,71.32,2026-02-03
SKU-00270,Item-00270,BR-C,93.88,2026-02-28
SKU-00381,Item-00381,BR-C,142.73,2026-02-19
SKU-00216,Item-00216,BR-C,75.04,2026-02-12
SKU-00188,Item-00188,BR-D,134.2,2026-02-01
SKU-00414,Item-00414,BR-E,141.49,2026-02-16
SKU-00062,Pretzels 200g,BR-D,179.0,2026-02-23
SKU-00555,Item-00555,BR-A,98.51,2026-02-08
SKU-00409,Item-00409,BR-A,69.66,2026-02-05
SKU-00193,Item-00193,BR-D,158.05,2026-02-21
SKU-00534,Item-00534,BR-C,158.41,2026-02-24
SKU-00213,Item-00213,BR-B,237.88,2026-02-15
SKU-00010,Iced Tea 500ml,BR-C,20.37,2026-02-01
SKU-00502,Item-00502,BR-E,59.96,2026-02-26
SKU-00415,Item-00415,BR-C,92.73,2026-02-14
SKU-00274,Item-00274,BR-A,141.94,2026-02-17
SKU-00210,Item-00210,BR-E,177.81,2026-02-17
SKU-00276,Item-00276,BR-E,281.48,2026-02-08
SKU-00261,Item-00261,BR-E,38.89,2026-02-07
SKU-00444,Item-00444,BR-C,42.19,2026-02-01
SKU-00299,Item-00299,BR-C,215.52,2026-02-17
SKU-00060,Nuts Mix 200g,BR-E,52.56,2026-02-15
SKU-00568,Item-00568,BR-E,115.42,2026-02-13
SKU-00263,Item-00263,BR-B,128.54,2026-02-16
SKU-00532,Item-00532,BR-C,226.03,2026-02-09
SKU-00268,Item-00268,BR-C,195.29,2026-02-22
SKU-00587,Item-00587,BR-C,250.53,2026-02-01
SKU-00205,Item-00205,BR-B,119.82,2026-02-21
SKU-00381,Item-00381,BR-D,101.82,2026-02-11
SKU-00159,Item-00159,BR-D,22.45,2026-02-04
SKU-00371,Item-00371,BR-B,69.77,2026-02-02
SKU-00134,Item-00134,BR-E,36.64,2026-02-13
SKU-00391,Item-00391,BR-B,153.34,2026-02-27
SKU-00170,Item-00170,BR-B,61.41,2026-02-12
SKU-00272,Item-00272,BR-A,79.24,2026-02-20
SKU-00121,Item-00121,BR-C,105.51,2026-02-02
SKU-00185,Item-00185,BR-D,35.3,2026-02-04
SKU-00150,Item-00150,BR-E,117.6,2026-02-30
SKU-00335,Item-00335,BR-A,84.53,2026-02-03
SKU-00545,Item-00545,BR-B,43.13,2026-02-23
SKU-00394,Item-00394,BR-E,69.6,2026-02-10
SKU-00542,Item-00542,BR-A,151.95,2026-02-08
SKU-00058,Biscuits Pack,BR-C,153.12,2026-02-15
SKU-00223,Item-00223,BR-E,88.7,2026-02-16
SKU-00458,Item-00458,BR-B,94.39,2026-02-24
SKU-00154,Item-00154,BR-C,153.68,2026-02-22
SKU-00336,Item-00336,BR-B,65.99,2026-02-28
SKU-00087,Item-00087,BR-E,20.12,2026-02-22
SKU-00193,Item-00193,BR-E,216.49,2026-02-09
SKU-00135,Item-00135,BR-E,101.81,2026-02-17
SKU-00352,Item-00352,BR-B,195.06,2026-02-15
SKU-00429,Item-00429,BR-E,99.87,2026-02-03
SKU-00345,Item-00345,BR-C,152.27,2026-02-30
SKU-00526,Item-00526,BR-A,89.31,2026-02-28
SKU-00337,Item-00337,BR-C,119.39,2026-02-13
SKU-00106,Item-00106,BR-C,161.8,2026-02-10
SKU-00525,Item-00525,BR-E,144.43,2026-02-29
SKU-00334,Item-00334,BR-A,4.99,2026-02-09
SKU-00296,Item-00296,BR-D,68.29,2026-02-30
SKU-00341,Item-00341,BR-A,172.04,2026-02-20
SKU-00370,Item-00370,BR-C,59.28,2026-02-26
SKU-00216,Item-00216,BR-C,108.73,2026-02-03
SKU-00064,Chicken Breast 1kg,BR-E,163.65,2026-02-05
SKU-00458,Item-00458,BR-D,85.66,2026-02-25
SKU-00463,Item-00463,BR-D,64.46,2026-02-19
SKU-00185,Item-00185,BR-C,62.12,2026-02-05
SKU-00223,Item-00223,BR-E,100.78,2026-02-24
SKU-00255,Item-00255,BR-D,209.07,2026-02-01
SKU-00506,Item-00506,BR-A,299.13,2026-02-29
SKU-00373,Item-00373,BR-E,253.63,2026-02-10
SKU-00583,Item-00583,BR-D,169.57,2026-02-24
SKU-00109,Item-00109,BR-D,39.55,2026-02-19
SKU-00350,Item-00350,BR-D,206.23,2026-02-05
SKU-00338,Item-00338,BR-C,144.01,2026-02-01
SKU-00173,Item-00173,BR-D,78.49,2026-02-24
SKU-00022,Milk Powder 400g,BR-D,223.44,2026-02-30
SKU-00157,Item-00157,BR-D,97.6,2026-02-12
SKU-00203,Item-00203,BR-A,116.9,2026-02-04
SKU-00207,Item-00207,BR-C,193.88,2026-02-21
SKU-00051,Hand Soap,BR-A,141.28,2026-02-11
SKU-00570,Item-00570,BR-B,47.39,2026-02-20
SKU-00345,Item-00345,BR-C,296.76,2026-02-04
SKU-00435,Item-00435,BR-E,107.55,2026-02-07
SKU-00382,Item-00382,BR-D,160.02,2026-02-14
SKU-00425,Item-00425,BR-E,196.95,2026-02-20
SKU-00365,Item-00365,BR-A,82.94,2026-02-19
SKU-00094,Item-00094,BR-A,185.74,2026-02-02
SKU-00301,Item-00301,BR-B,61.65,2026-02-30
SKU-00338,Item-00338,BR-D,200.76,2026-02-03
SKU-00593,Item-00593,BR-D,92.76,2026-02-18
SKU-00393,Item-00393,BR-A,132.6,2026-02-08
SKU-00071,Rice 5kg,BR-D,49.85,2026-02-29
SKU-00531,Item-00531,BR-E,55.42,2026-02-01
SKU-00091,Item-00091,BR-A,135.31,2026-02-18
SKU-00202,Item-00202,BR-E,46.45,2026-02-27
SKU-00210,Item-00210,BR-B,122.34,2026-02-02
SKU-00034,Bananas 1kg,BR-E,378.08,2026-02-24
SKU-00244,Item-00244,BR-B,167.66,2026-02-16
SKU-00044,Frozen Pizza,BR-B,131.23,2026-02-29
SKU-00242,Item-00242,BR-E,94.64,2026-02-06
SKU-00065,Beef Mince 500g,BR-E,191.42,2026-02-10
SKU-00291,Item-00291,BR-D,84.98,2026-02-14
SKU-00464,Item-00464,BR-D,74.41,2026-02-09
SKU-00139,Item-00139,BR-A,151.13,2026-02-23
SKU-00095,Item-00095,BR-B,173.73,2026-02-13
SKU-00446,Item-00446,BR-C,21.1,2026-02-27
SKU-00423,Item-00423,BR-C,53.86,2026-02-15
SKU-00573,Item-00573,BR-B,206.7,2026-02-25
SKU-00507,Item-00507,BR-E,222.35,2026-02-15
SKU-00336,Item-00336,BR-E,83.26,2026-02-16
SKU-00455,Item-00455,BR-C,84.5,2026-02-10
SKU-00398,Item-00398,BR-E,87.11,2026-02-30
SKU-00264,Item-00264,BR-D,38.95,2026-02-26
SKU-00583,Item-00583,BR-E,194.21,2026-02-26
SKU-00335,Item-00335,BR-C,201.36,2026-02-21
SKU-00148,Item-00148,BR-B,25.16,2026-02-05
SKU-00388,Item-00388,BR-E,56.58,2026-02-19
SKU-00385,Item-00385,BR-C,36.88,2026-02-13
SKU-00429,Item-00429,BR-E,70.17,2026-02-22
SKU-00551,Item-00551,BR-B,188.67,2026-02-26
SKU-00150,Item-00150,BR-B,249.87,2026-02-29
SKU-00140,Item-00140,BR-C,53.27,2026-02-06
SKU-00054,Cleaning Spray,BR-B,207.48,2026-02-23
SKU-00572,Item-00572,BR-C,15.38,2026-02-23
SKU-00066,Lamb Chops 500g,BR-B,230.41,2026-02-10
SKU-00534,Item-00534,BR-C,143.24,2026-02-30
SKU-00272,Item-00272,BR-C,80.36,2026-02-26
SKU-00334,Item-00334,BR-D,9.02,2026-02-22
SKU-00381,Item-00381,BR-D,135.48,2026-02-01
SKU-00056,Chips 150g,BR-C,210.89,2026-02-05
SKU-00406,Item-00406,BR-D,17.38,2026-02-09
SKU-00271,Item-00271,BR-B,171.85,2026-02-06
SKU-00479,Item-00479,BR-A,15.74,2026-02-14
SKU-00364,Item-00364,BR-B,124.07,2026-02-06
SKU-00044,Frozen Pizza,BR-A,50.27,2026-02-22
SKU-00523,Item-00523,BR-D,47.9,2026-02-04
SKU-00378,Item-00378,BR-B,40.21,2026-02-21
SKU-00589,Item-00589,BR-A,45.1,2026-02-22
SKU-00023,الحليب الطازج,BR-C,109.19,2026-02-08
SKU-00230,Item-00230,BR-C,128.58,2026-02-02
SKU-00557,Item-00557,BR-A,301.63,2026-02-30
SKU-00191,Item-00191,BR-B,228.16,2026-02-30
SKU-00488,Item-00488,BR-D,258.37,2026-02-06
SKU-00502,Item-00502,BR-E,95.52,2026-02-09
SKU-00132,Item-00132,BR-B,29.85,2026-02-13
SKU-00042,Ice Cream 500ml,BR-E,14.04,2026-02-27
SKU-00503,Item-00503,BR-A,54.34,2026-02-20
SKU-00084,Item-00084,BR-E,67.35,2026-02-27
SKU-00303,Item-00303,BR-E,37.81,2026-02-20
SKU-00022,Milk Powder 400g,BR-C,249.54,2026-02-23
SKU-00185,Item-00185,BR-C,62.35,2026-02-04
SKU-00297,Item-00297,BR-B,109.63,2026-02-27
SKU-00199,Item-00199,BR-A,23.84,2026-02-21
SKU-00496,Item-00496,BR-D,103.88,2026-02-12
SKU-00127,Item-00127,BR-B,23.84,2026-02-20
SKU-00157,Item-00157,BR-B,99.81,2026-02-15
SKU-00295,Item-00295,BR-C,98.34,2026-02-15
SKU-00113,Item-00113,BR-C,175.78,2026-02-27
SKU-00159,Item-00159,BR-A,9.21,2026-02-05
SKU-00455,Item-00455,BR-C,50.68,2026-02-14
SKU-00436,Item-00436,BR-D,34.57,2026-02-06
SKU-00227,Item-00227,BR-B,54.01,2026-02-12
SKU-00348,Item-00348,BR-E,106.54,2026-02-09
SKU-00465,Item-00465,BR-C,115.17,2026-02-15
SKU-00143,Item-00143,BR-A,107.04,2026-02-29
SKU-00485,Item-00485,BR-A,171.46,2026-02-04
SKU-00008,Coffee 200g,BR-A,35.71,2026-02-24
SKU-00448,Item-00448,BR-E,114.71,2026-02-01
SKU-00327,Item-00327,BR-D,33.6,2026-02-06
SKU-00086,Item-00086,BR-E,109.8,2026-02-28
SKU-00208,Item-00208,BR-B,249.82,2026-02-26
SKU-00193,Item-00193,BR-E,269.99,2026-02-30
SKU-00237,Item-00237,BR-A,134.32,2026-02-17
SKU-00289,Item-00289,BR-E,301.1,2026-02-28
SKU-00429,Item-00429,BR-C,44.89,2026-02-15
SKU-00596,Item-00596,BR-C,167.56,2026-02-23
SKU-00541,Item-00541,BR-B,105.23,2026-02-13
SKU-00272,Item-00272,BR-D,146.08,2026-02-21
SKU-00339,Item-00339,BR-A,30.92,2026-02-02
SKU-00312,Item-00312,BR-A,74.04,2026-02-03
SKU-00331,Item-00331,BR-C,49.0,2026-02-11
SKU-00101,Item-00101,BR-A,151.53,2026-02-13
SKU-00374,Item-00374,BR-B,40.55,2026-02-25
SKU-00244,Item-00244,BR-A,142.12,2026-02-12
SKU-00310,Item-00310,BR-B,136.43,2026-02-01
SKU-00592,Item-00592,BR-E,91.58,2026-02-25
SKU-00270,Item-00270,BR-B,126.58,2026-02-21
SKU-00151,Item-00151,BR-A,59.66,2026-02-24
SKU-00277,Item-00277,BR-D,98.29,2026-02-11
SKU-00174,Item-00174,BR-E,10.53,2026-02-08
SKU-00218,Item-00218,BR-E,35.94,2026-02-21
SKU-00553,Item-00553,BR-C,88.46,2026-02-13
SKU-00456,Item-00456,BR-C,162.83,2026-02-16
SKU-00243,Item-00243,BR-E,152.71,2026-02-03
SKU-00059,Gum Pack,BR-C,83.18,2026-02-19
SKU-00086,Item-00086,BR-D,187.07,2026-02-08
SKU-00076,Canned Beans 400g,BR-D,182.08,2026-02-13
SKU-00295,Item-00295,BR-D,81.95,2026-02-27
SKU-00264,Item-00264,BR-C,25.76,2026-02-23
SKU-00304,Item-00304,BR-C,75.06,2026-02-11
SKU-00585,Item-00585,BR-B,32.25,2026-02-01
SKU-00510,Item-00510,BR-D,102.22,2026-02-09
SKU-00402,Item-00402,BR-B,112.52,2026-02-29
SKU-00329,Item-00329,BR-D,198.4,2026-02-06
SKU-00461,Item-00461,BR-A,230.02,2026-02-14
SKU-00027,Muffin 4pk,BR-B,57.46,2026-02-22
SKU-00393,Item-00393,BR-A,71.88,2026-02-28
SKU-00021,Ghee 1L,BR-A,177.92,2026-02-26
SKU-00226,Item-00226,BR-D,38.74,2026-02-03
SKU-00286,Item-00286,BR-E,85.32,2026-02-21
SKU-00479,Item-00479,BR-A,13.46,2026-02-05
SKU-00512,Item-00512,BR-D,212.82,2026-02-12
SKU-00537,Item-00537,BR-D,160.54,2026-02-16
SKU-00051,Hand Soap,BR-A,104.0,2026-02-05
SKU-00395,Item-00395,BR-E,73.87,2026-02-04
SKU-00577,Item-00577,BR-C,20.77,2026-02-24
SKU-00411,Item-00411,BR-C,26.52,2026-02-15
SKU-00208,Item-00208,BR-C,247.83,2026-02-23
SKU-00577,Item-00577,BR-A,32.51,2026-02-05
SKU-00038,Cucumbers 500g,BR-C,308.63,2026-02-04
SKU-00210,Item-00210,BR-C,233.1,2026-02-24
SKU-00583,Item-00583,BR-D,312.59,2026-02-26
SKU-00179,Item-00179,BR-C,45.82,2026-02-04
SKU-00435,Item-00435,BR-D,111.62,2026-02-24
SKU-00538,Item-00538,BR-D,142.8,2026-02-18
SKU-00124,Item-00124,BR-E,4.52,2026-02-24
SKU-00509,Item-00509,BR-C,289.8,2026-02-10
SKU-00512,Item-00512,BR-D,178.82,2026-02-20
SKU-00342,Item-00342,BR-E,154.47,2026-02-12
SKU-00396,Item-00396,BR-E,139.54,2026-02-04
SKU-00182,Item-00182,BR-C,2.77,2026-02-03
SKU-00205,Item-00205,BR-A,229.53,2026-02-14
SKU-00592,Item-00592,BR-A,104.0,2026-02-04
SKU-00592,Item-00592,BR-A,156.67,2026-02-19
SKU-00194,Item-00194,BR-B,5.42,2026-02-07
SKU-00079,Soy Sauce 250ml,BR-B,96.24,2026-02-07
SKU-00041,Potato Chips 150g,BR-C,235.02,2026-02-17
SKU-00489,Item-00489,BR-C,96.7,2026-02-11
SKU-00183,Item-00183,BR-D,48.02,2026-02-20
SKU-00284,Item-00284,BR-E,161.49,2026-02-17
SKU-00127,Item-00127,BR-A,30.15,2026-02-19
SKU-00202,Item-00202,BR-C,76.59,2026-02-08
SKU-00585,Item-00585,BR-B,23.35,2026-02-08
SKU-00085,Item-00085,BR-D,126.72,2026-02-11
SKU-00009,Lemonade 1L,BR-B,108.47,2026-02-24
SKU-00450,Item-00450,BR-C,301.1,2026-02-02
SKU-00324,Item-00324,BR-C,197.72,2026-02-16
SKU-00495,Item-00495,BR-E,119.05,2026-02-03
SKU-00129,Item-00129,BR-C,104.59,2026-02-07
SKU-00359,Item-00359,BR-B,118.5,2026-02-03
SKU-00339,Item-00339,BR-D,50.0,2026-02-05
SKU-00471,Item-00471,BR-B,72.1,2026-02-02
SKU-00193,Item-00193,BR-D,254.02,2026-02-15
SKU-00361,Item-00361,BR-D,79.51,2026-02-07
SKU-00205,Item-00205,BR-E,114.82,2026-02-29
SKU-00472,Item-00472,BR-A,235.29,2026-02-11
SKU-00017,Yogurt 500g,BR-D,59.54,2026-02-25
SKU-00594,Item-00594,BR-C,57.04,2026-02-26
SKU-00070,دجاج كامل,BR-A,95.23,2026-02-25
SKU-00486,Item-00486,BR-C,81.5,2026-02-27
SKU-00599,Item-00599,BR-B,194.08,2026-02-04
SKU-00538,Item-00538,BR-A,236.56,2026-02-20
SKU-00426,Item-00426,BR-E,197.47,2026-02-04
SKU-00220,Item-00220,BR-B,81.06,2026-02-19
SKU-00252,Item-00252,BR-C,155.29,2026-02-07
SKU-00542,Item-00542,BR-C,340.61,2026-02-03
SKU-00104,Item-00104,BR-A,75.28,2026-02-28
SKU-00194,Item-00194,BR-C,4.55,2026-02-21
SKU-00095,Item-00095,BR-D,196.01,2026-02-22
SKU-00166,Item-00166,BR-D,131.7,2026-02-11
SKU-00332,Item-00332,BR-C,98.86,2026-02-30
SKU-00183,Item-00183,BR-A,72.87,2026-02-09
SKU-00399,Item-00399,BR-E,120.19,2026-02-22
SKU-00256,Item-00256,BR-E,8.24,2026-02-28
SKU-00086,Item-00086,BR-D,114.87,2026-02-09
SKU-00395,Item-00395,BR-D,122.0,2026-02-26
SKU-00349,Item-00349,BR-C,46.5,2026-02-22
SKU-00052,Shampoo 400ml,BR-D,59.07,2026-02-30
SKU-00585,Item-00585,BR-E,22.23,2026-02-15
SKU-00592,Item-00592,BR-C,58.22,2026-02-05
SKU-00077,Canned Tuna 185g,BR-C,353.09,2026-02-24
SKU-00182,Item-00182,BR-A,5.48,2026-02-21
SKU-00110,Item-00110,BR-D,108.98,2026-02-17
SKU-00043,Frozen Peas 500g,BR-E,51.04,2026-02-27
SKU-00088,Item-00088,BR-E,273.42,2026-02-09
SKU-00125,Item-00125,BR-B,32.53,2026-02-13
SKU-00369,Item-00369,BR-A,137.79,2026-02-20
SKU-00069,Fish Fillet 500g,BR-C,145.06,2026-02-29
SKU-00328,Item-00328,BR-E,22.17,2026-02-04
SKU-00383,Item-00383,BR-D,48.26,2026-02-23
SKU-00338,Item-00338,BR-B,151.61,2026-02-06
SKU-00175,Item-00175,BR-A,32.17,2026-02-21
SKU-00106,Item-00106,BR-C,168.03,2026-02-20
SKU-00277,Item-00277,BR-E,53.88,2026-02-01
SKU-00087,Item-00087,BR-B,63.32,2026-02-23
SKU-00407,Item-00407,BR-E,229.9,2026-02-10
SKU-00173,Item-00173,BR-D,52.39,2026-02-04
SKU-00167,Item-00167,BR-A,84.75,2026-02-02
SKU-00156,Item-00156,BR-A,55.83,2026-02-10
SKU-00315,Item-00315,BR-D,51.37,2026-02-17
SKU-00401,Item-00401,BR-D,15.46,2026-02-03
SKU-00556,Item-00556,BR-B,39.68,2026-02-20
SKU-00128,Item-00128,BR-B,203.01,2026-02-22
SKU-00335,Item-00335,BR-E,320.89,2026-02-10
SKU-00280,Item-00280,BR-E,63.8,2026-02-11
SKU-00196,Item-00196,BR-B,47.47,2026-02-01
SKU-00098,Item-00098,BR-A,169.59,2026-02-29
SKU-00141,Item-00141,BR-B,80.99,2026-02-29
SKU-00547,Item-00547,BR-B,127.19,2026-02-06
SKU-00557,Item-00557,BR-C,355.32,2026-02-24
SKU-00129,Item-00129,BR-B,191.72,2026-02-30
SKU-00258,Item-00258,BR-D,73.06,2026-02-27
SKU-00084,Item-00084,BR-B,77.83,2026-02-05
SKU-00321,Item-00321,BR-B,244.93,2026-02-29
SKU-00260,Item-00260,BR-B,86.11,2026-02-26
SKU-00041,Potato Chips 150g,BR-D,122.78,2026-02-25
SKU-00138,Item-00138,BR-E,16.58,2026-02-21
SKU-00549,Item-00549,BR-D,157.01,2026-02-14
SKU-00405,Item-00405,BR-D,190.49,2026-02-23
SKU-00512,Item-00512,BR-D,147.78,2026-02-15
SKU-00347,Item-00347,BR-B,88.24,2026-02-02
SKU-00021,Ghee 1L,BR-B,340.76,2026-02-29
SKU-00380,Item-00380,BR-A,20.75,2026-02-26
SKU-00505,Item-00505,BR-B,85.92,2026-02-05
SKU-00353,Item-00353,BR-C,44.39,2026-02-29
SKU-00067,Sausages 400g,BR-D,97.11,2026-02-18
SKU-00213,Item-00213,BR-E,194.36,2026-02-14
SKU-00240,Item-00240,BR-E,90.58,2026-02-08
SKU-00569,Item-00569,BR-A,15.08,2026-02-30
SKU-00524,Item-00524,BR-E,98.85,2026-02-07
SKU-00171,Item-00171,BR-D,54.2,2026-02-01
SKU-00490,Item-00490,BR-A,135.08,2026-02-08
SKU-00361,Item-00361,BR-D,83.43,2026-02-17
SKU-00377,Item-00377,BR-E,225.62,2026-02-24
SKU-00437,Item-00437,BR-E,233.5,2026-02-21
SKU-00196,Item-00196,BR-C,38.64,2026-02-24
SKU-00059,Gum Pack,BR-C,35.45,2026-02-28
SKU-00004,Energy Drink 250ml,BR-D,40.55,2026-02-18
SKU-00565,Item-00565,BR-C,60.86,2026-02-20
SKU-00410,Item-00410,BR-B,229.43,2026-02-17
SKU-00427,Item-00427,BR-D,101.41,2026-02-18
SKU-00012,أكوا 1.5 لتر,BR-C,170.39,2026-02-20
SKU-00264,Item-00264,BR-E,31.86,2026-02-24
SKU-00176,Item-00176,BR-B,154.35,2026-02-11
SKU-00104,Item-00104,BR-B,132.01,2026-02-23
SKU-00036,Onions 1kg,BR-C,155.2,2026-02-04
SKU-00596,Item-00596,BR-D,151.18,2026-02-04
SKU-00102,Item-00102,BR-A,197.89,2026-02-11
SKU-00110,Item-00110,BR-B,323.27,2026-02-14
SKU-00235,Item-00235,BR-D,116.76,2026-02-01
SKU-00344,Item-00344,BR-A,61.36,2026-02-16
SKU-00146,Item-00146,BR-B,104.81,2026-02-28
SKU-00499,Item-00499,BR-E,137.89,2026-02-02
SKU-00204,Item-00204,BR-B,206.0,2026-02-04
SKU-00144,Item-00144,BR-E,45.09,2026-02-26
SKU-00539,Item-00539,BR-E,248.29,2026-02-08
SKU-00362,Item-00362,BR-C,95.1,2026-02-28
SKU-00328,Item-00328,BR-B,23.24,2026-02-29
SKU-00166,Item-00166,BR-D,209.01,2026-02-14
SKU-00251,Item-00251,BR-D,140.31,2026-02-03
SKU-00314,Item-00314,BR-E,153.71,2026-02-04
SKU-00017,Yogurt 500g,BR-E,50.25,2026-02-08
SKU-00056,Chips 150g,BR-D,180.29,2026-02-19
SKU-00266,Item-00266,BR-A,50.57,2026-02-18
SKU-00098,Item-00098,BR-E,197.19,2026-02-14
SKU-00305,Item-00305,BR-E,133.0,2026-02-22
SKU-00039,Lettuce Head,BR-A,191.54,2026-02-10
SKU-00078,Salt 1kg,BR-C,61.27,2026-02-02
SKU-00138,Item-00138,BR-E,13.74,2026-02-14
SKU-00564,Item-00564,BR-D,13.14,2026-02-21
SKU-00197,Item-00197,BR-B,117.86,2026-02-20
SKU-00588,Item-00588,BR-D,213.1,2026-02-07
SKU-00132,Item-00132,BR-A,54.55,2026-02-22
SKU-00508,Item-00508,BR-C,23.27,2026-02-10
SKU-00133,Item-00133,BR-A,109.64,2026-02-28
SKU-00047,Frozen Veg Mix 450g,BR-A,28.51,2026-02-03
SKU-00013,Sports Drink 600ml,BR-C,7.5,2026-02-11
SKU-00376,Item-00376,BR-C,39.9,2026-02-10
SKU-00137,Item-00137,BR-A,210.32,2026-02-05
SKU-00131,Item-00131,BR-B,113.04,2026-02-25
SKU-00476,Item-00476,BR-B,121.94,2026-02-26
SKU-00079,Soy Sauce 250ml,BR-E,108.63,2026-02-25
SKU-00573,Item-00573,BR-E,175.56,2026-02-29
SKU-00465,Item-00465,BR-D,211.43,2026-02-30
SKU-00380,Item-00380,BR-A,21.24,2026-02-22
SKU-00079,Soy Sauce 250ml,BR-B,108.53,2026-02-03
SKU-00546,Item-00546,BR-E,117.59,2026-02-21
SKU-00165,Item-00165,BR-A,76.57,2026-02-02
SKU-00282,Item-00282,BR-C,20.1,2026-02-11
SKU-00514,Item-00514,BR-D,44.71,2026-02-03
SKU-00468,Item-00468,BR-B,67.28,2026-02-29
SKU-00032,كعكة شوكولاتة,BR-D,302.31,2026-02-13
SKU-00320,Item-00320,BR-A,157.72,2026-02-04
SKU-00357,Item-00357,BR-D,133.44,2026-02-20
SKU-00198,Item-00198,BR-E,131.16,2026-02-21
SKU-00334,Item-00334,BR-B,9.49,2026-02-02
SKU-00371,Item-00371,BR-C,84.83,2026-02-25
SKU-00242,Item-00242,BR-E,48.14,2026-02-19
SKU-00324,Item-00324,BR-C,82.2,2026-02-17
SKU-00322,Item-00322,BR-D,126.15,2026-02-02
SKU-00480,Item-00480,BR-A,6.8,2026-02-18
SKU-00286,Item-00286,BR-B,114.63,2026-02-12
SKU-00357,Item-00357,BR-C,147.87,2026-02-09
SKU-00290,Item-00290,BR-A,142.98,2026-02-17
SKU-00424,Item-00424,BR-D,277.51,2026-02-28
SKU-00539,Item-00539,BR-E,300.28,2026-02-29
SKU-00169,Item-00169,BR-B,120.36,2026-02-25
SKU-00033,Apples 1kg,BR-A,108.07,2026-02-22
SKU-00010,Iced Tea 500ml,BR-C,13.19,2026-02-10
SKU-00507,Item-00507,BR-A,327.72,2026-02-10
SKU-00413,Item-00413,BR-A,99.09,2026-02-16
SKU-00551,Item-00551,BR-A,147.7,2026-02-29
SKU-00024,Bread Loaf,BR-C,49.49,2026-02-03
SKU-00535,Item-00535,BR-D,136.4,2026-02-14
SKU-00130,Item-00130,BR-C,178.61,2026-02-16
SKU-00061,Popcorn 100g,BR-C,281.03,2026-02-03
SKU-00118,Item-00118,BR-A,221.56,2026-02-15
SKU-00015,Butter 250g,BR-B,136.45,2026-02-25
SKU-00049,Detergent 1L,BR-C,160.2,2026-02-25
SKU-00030,Cake Slice,BR-D,124.99,2026-02-13
SKU-00434,Item-00434,BR-E,14.15,2026-02-16
SKU-00263,Item-00263,BR-E,240.42,2026-02-25
SKU-00219,Item-00219,BR-A,93.75,2026-02-17
SKU-00104,Item-00104,BR-D,88.64,2026-02-24
SKU-00513,Item-00513,BR-E,183.81,2026-02-27
SKU-00588,Item-00588,BR-B,66.56,2026-02-28
SKU-00541,Item-00541,BR-A,192.41,2026-02-07
SKU-00061,Popcorn 100g,BR-A,360.65,2026-02-10
SKU-00251,Item-00251,BR-B,155.01,2026-02-30
SKU-00366,Item-00366,BR-D,49.84,2026-02-26
SKU-00128,Item-00128,BR-B,200.68,2026-02-29
SKU-00487,Item-00487,BR-A,76.54,2026-02-29
SKU-00472,Item-00472,BR-C,195.63,2026-02-12
SKU-00391,Item-00391,BR-D,164.35,2026-02-26
SKU-00339,Item-00339,BR-B,32.89,2026-02-29
SKU-00159,Item-00159,BR-B,16.01,2026-02-09
SKU-00112,Item-00112,BR-A,172.88,2026-02-29
SKU-00028,Baguette,BR-B,13.99,2026-02-04
SKU-00254,Item-00254,BR-D,122.92,2026-02-26
SKU-00034,Bananas 1kg,BR-C,258.17,2026-02-22
SKU-00317,Item-00317,BR-C,32.34,2026-02-26
SKU-00449,Item-00449,BR-B,95.5,2026-02-07
SKU-00574,Item-00574,BR-C,14.33,2026-02-14
SKU-00123,Item-00123,BR-A,42.97,2026-02-22
SKU-00321,Item-00321,BR-E,155.29,2026-02-09
SKU-00146,Item-00146,BR-D,142.51,2026-02-09
SKU-00338,Item-00338,BR-C,155.46,2026-02-29
SKU-00325,Item-00325,BR-E,154.93,2026-02-05
SKU-00378,Item-00378,BR-A,55.38,2026-02-20
SKU-00595,Item-00595,BR-C,199.39,2026-02-07
SKU-00137,Item-00137,BR-B,119.72,2026-02-08
SKU-00357,Item-00357,BR-E,57.92,2026-02-22
SKU-00342,Item-00342,BR-B,103.2,2026-02-01
SKU-00508,Item-00508,BR-C,26.78,2026-02-22
SKU-00521,Item-00521,BR-A,241.46,2026-02-21
SKU-00462,Item-00462,BR-B,88.14,2026-02-27
SKU-00302,Item-00302,BR-B,16.53,2026-02-23
SKU-00485,Item-00485,BR-D,147.57,2026-02-25
SKU-00281,Item-00281,BR-E,229.18,2026-02-08
SKU-00035,Potatoes 2kg,BR-C,139.18,2026-02-02
SKU-00446,Item-00446,BR-A,29.04,2026-02-17
SKU-00139,Item-00139,BR-D,144.86,2026-02-24
SKU-00469,Item-00469,BR-C,130.16,2026-02-16
SKU-00474,Item-00474,BR-E,170.87,2026-02-18
SKU-00361,Item-00361,BR-C,90.69,2026-02-19
SKU-00104,Item-00104,BR-B,84.82,2026-02-09
SKU-00025,Croissant,BR-D,191.39,2026-02-26
SKU-00363,Item-00363,BR-B,69.43,2026-02-25
SKU-00445,Item-00445,BR-A,147.73,2026-02-28
SKU-00228,Item-00228,BR-B,18.76,2026-02-15
SKU-00032,كعكة شوكولاتة,BR-D,205.82,2026-02-05
SKU-00370,Item-00370,BR-A,43.09,2026-02-04
SKU-00404,Item-00404,BR-A,48.22,2026-02-21
SKU-00237,Item-00237,BR-E,138.19,2026-02-20
SKU-00521,Item-00521,BR-E,115.55,2026-02-05
SKU-00471,Item-00471,BR-E,94.61,2026-02-30
SKU-00249,Item-00249,BR-D,142.27,2026-02-19
SKU-00271,Item-00271,BR-E,72.52,2026-02-30
SKU-00314,Item-00314,BR-E,253.94,2026-02-23
SKU-00363,Item-00363,BR-D,163.03,2026-02-06
SKU-00460,Item-00460,BR-B,218.53,2026-02-28
SKU-00295,Item-00295,BR-B,69.93,2026-02-08
SKU-00136,Item-00136,BR-B,110.13,2026-02-01
SKU-00166,Item-00166,BR-B,103.63,2026-02-28
SKU-00133,Item-00133,BR-D,160.04,2026-02-30
SKU-00278,Item-00278,BR-A,60.76,2026-02-02
SKU-00285,Item-00285,BR-D,74.23,2026-02-03
SKU-00168,Item-00168,BR-E,135.02,2026-02-04
SKU-00017,Yogurt 500g,BR-C,32.57,2026-02-28
SKU-00135,Item-00135,BR-E,65.9,2026-02-16
SKU-00299,Item-00299,BR-C,154.15,2026-02-30
SKU-00539,Item-00539,BR-B,279.75,2026-02-14
SKU-00503,Item-00503,BR-D,97.55,2026-02-20
SKU-00216,Item-00216,BR-C,74.67,2026-02-25
SKU-00235,Item-00235,BR-D,82.37,2026-02-23
SKU-00452,Item-00452,BR-E,206.43,2026-02-25
SKU-00593,Item-00593,BR-B,115.57,2026-02-04
SKU-00043,Frozen Peas 500g,BR-A,31.55,2026-02-15
SKU-00170,Item-00170,BR-A,54.4,2026-02-21
SKU-00258,Item-00258,BR-E,125.58,2026-02-22
SKU-00392,Item-00392,BR-C,139.1,2026-02-12
SKU-00366,Item-00366,BR-D,73.45,2026-02-12
SKU-00186,Item-00186,BR-A,180.15,2026-02-03
SKU-00570,Item-00570,BR-D,42.25,2026-02-19
SKU-00371,Item-00371,BR-A,47.38,2026-02-08
SKU-00479,Item-00479,BR-D,43.22,2026-02-04
SKU-00134,Item-00134,BR-E,18.01,2026-02-09
SKU-00088,Item-00088,BR-C,109.31,2026-02-25
SKU-00164,Item-00164,BR-D,238.82,2026-02-20
SKU-00028,Baguette,BR-E,27.94,2026-02-01
SKU-00001,Cola 1.5L,BR-E,94.29,2026-02-01
SKU-00575,Item-00575,BR-D,29.12,2026-02-25
SKU-00125,Item-00125,BR-E,69.51,2026-02-09
SKU-00356,Item-00356,BR-B,66.96,2026-02-23
SKU-00332,Item-00332,BR-E,83.81,2026-02-08
SKU-00215,Item-00215,BR-A,94.94,2026-02-30
SKU-00529,Item-00529,BR-D,174.67,2026-02-12
SKU-00457,Item-00457,BR-E,50.56,2026-02-01
SKU-00565,Item-00565,BR-E,65.89,2026-02-28
SKU-00004,Energy Drink 250ml,BR-E,38.35,2026-02-11
SKU-00013,Sports Drink 600ml,BR-B,23.46,2026-02-04
SKU-00227,Item-00227,BR-A,30.3,2026-02-18
SKU-00434,Item-00434,BR-D,13.76,2026-02-26
SKU-00497,Item-00497,BR-C,62.71,2026-02-01
SKU-00347,Item-00347,BR-E,55.44,2026-02-02
SKU-00304,Item-00304,BR-E,50.39,2026-02-29
SKU-00255,Item-00255,BR-D,138.19,2026-02-13
SKU-00132,Item-00132,BR-D,41.97,2026-02-11
SKU-00107,Item-00107,BR-E,114.65,2026-02-23
SKU-00138,Item-00138,BR-A,21.38,2026-02-08
SKU-00567,Item-00567,BR-C,25.86,2026-02-02
SKU-00266,Item-00266,BR-D,43.99,2026-02-13
SKU-00268,Item-00268,BR-B,208.29,2026-02-07
SKU-00588,Item-00588,BR-C,120.83,2026-02-30
SKU-00387,Item-00387,BR-D,64.88,2026-02-18
SKU-00574,Item-00574,BR-D,19.16,2026-02-28
SKU-00369,Item-00369,BR-E,147.82,2026-02-03
SKU-00089,Item-00089,BR-A,157.09,2026-02-14
SKU-00469,Item-00469,BR-B,92.81,2026-02-03
SKU-00517,Item-00517,BR-D,11.17,2026-02-15
SKU-00551,Item-00551,BR-E,137.91,2026-02-16
SKU-00054,Cleaning Spray,BR-A,293.05,2026-02-07
SKU-00113,Item-00113,BR-D,172.91,2026-02-22
SKU-00535,Item-00535,BR-B,205.73,2026-02-08
SKU-00450,Item-00450,BR-E,140.49,2026-02-10
SKU-00041,Potato Chips 150g,BR-D,168.97,2026-02-12
SKU-00070,دجاج كامل,BR-E,91.84,2026-02-26
SKU-00594,Item-00594,BR-B,181.35,2026-02-29
SKU-00143,Item-00143,BR-A,157.49,2026-02-08
SKU-00163,Item-00163,BR-D,35.04,2026-02-25
SKU-00509,Item-00509,BR-A,143.62,2026-02-16
SKU-00190,Item-00190,BR-A,68.64,2026-02-01
SKU-00566,Item-00566,BR-C,204.91,2026-02-19
SKU-00358,Item-00358,BR-E,88.18,2026-02-23
SKU-00313,Item-00313,BR-B,139.94,2026-02-01
SKU-00008,Coffee 200g,BR-E,39.57,2026-02-01
SKU-00342,Item-00342,BR-D,156.43,2026-02-21
SKU-00048,مجمدات متنوعة,BR-B,80.4,2026-02-09
SKU-00075,Cooking Oil 1L,BR-B,217.93,2026-02-21
SKU-00194,Item-00194,BR-B,4.62,2026-02-24
SKU-00549,Item-00549,BR-C,132.18,2026-02-28
SKU-00455,Item-00455,BR-D,67.9,2026-02-16
SKU-00045,Chicken Fingers 500g,BR-D,21.05,2026-02-13
SKU-00102,Item-00102,BR-C,173.88,2026-02-15
SKU-00033,Apples 1kg,BR-A,229.92,2026-02-03
SKU-00500,Item-00500,BR-C,42.29,2026-02-13
SKU-00574,Item-00574,BR-D,13.19,2026-02-27
SKU-00391,Item-00391,BR-B,159.29,2026-02-14
SKU-00191,Item-00191,BR-A,339.74,2026-02-23
SKU-00502,Item-00502,BR-C,203.61,2026-02-09
SKU-00384,Item-00384,BR-E,38.17,2026-02-05
SKU-00298,Item-00298,BR-E,154.53,2026-02-09
SKU-00175,Item-00175,BR-D,27.04,2026-02-21
SKU-00066,Lamb Chops 500g,BR-C,203.91,2026-02-17
SKU-00513,Item-00513,BR-D,129.09,2026-02-09
SKU-00586,Item-00586,BR-B,16.85,2026-02-07
SKU-00225,Item-00225,BR-E,121.88,2026-02-17
SKU-00164,Item-00164,BR-A,163.97,2026-02-01
SKU-00473,Item-00473,BR-A,15.66,2026-02-22
SKU-00007,Tea Bag 100s,BR-C,417.21,2026-02-09
SKU-00360,Item-00360,BR-D,29.8,2026-02-03
SKU-00373,Item-00373,BR-C,189.18,2026-02-21
SKU-00389,Item-00389,BR-D,12.88,2026-02-18
SKU-00237,Item-00237,BR-E,65.96,2026-02-22
SKU-00318,Item-00318,BR-C,110.91,2026-02-30
SKU-00461,Item-00461,BR-D,280.67,2026-02-24
SKU-00444,Item-00444,BR-D,24.1,2026-02-13
SKU-00048,مجمدات متنوعة,BR-E,45.41,2026-02-22
SKU-00351,Item-00351,BR-B,97.29,2026-02-29
SKU-00329,Item-00329,BR-B,118.61,2026-02-10
SKU-00587,Item-00587,BR-E,178.68,2026-02-05
SKU-00572,Item-00572,BR-E,16.71,2026-02-12
SKU-00307,Item-00307,BR-C,74.01,2026-02-03
SKU-00568,Item-00568,BR-C,127.53,2026-02-20
SKU-00175,Item-00175,BR-E,24.02,2026-02-22
SKU-00238,Item-00238,BR-E,176.95,2026-02-02
SKU-00064,Chicken Breast 1kg,BR-D,168.9,2026-02-14
SKU-00443,Item-00443,BR-B,39.95,2026-02-26
SKU-00090,Item-00090,BR-C,53.29,2026-02-18
SKU-00195,Item-00195,BR-E,133.95,2026-02-27
SKU-00021,Ghee 1L,BR-A,117.54,2026-02-28
SKU-00521,Item-00521,BR-C,175.0,2026-02-09
SKU-00514,Item-00514,BR-E,24.73,2026-02-11
SKU-00381,Item-00381,BR-B,127.31,2026-02-19
SKU-00403,Item-00403,BR-A,48.75,2026-02-14
SKU-00469,Item-00469,BR-C,90.77,2026-02-17
SKU-00217,Item-00217,BR-C,130.38,2026-02-19
SKU-00560,Item-00560,BR-B,100.55,2026-02-30
SKU-00092,Item-00092,BR-B,236.3,2026-02-14
SKU-00443,Item-00443,BR-B,39.84,2026-02-27
SKU-00556,Item-00556,BR-E,35.51,2026-02-18
SKU-00448,Item-00448,BR-C,99.5,2026-02-30
SKU-00145,Item-00145,BR-C,29.95,2026-02-02
SKU-00126,Item-00126,BR-E,6.95,2026-02-04
SKU-00443,Item-00443,BR-B,38.11,2026-02-20
SKU-00314,Item-00314,BR-D,219.64,2026-02-19
SKU-00201,Item-00201,BR-D,181.11,2026-02-18
SKU-00291,Item-00291,BR-B,86.1,2026-02-27
SKU-00120,Item-00120,BR-D,277.21,2026-02-14
SKU-00493,Item-00493,BR-E,211.97,2026-02-02
SKU-00093,Item-00093,BR-A,161.94,2026-02-27
SKU-00507,Item-00507,BR-A,132.55,2026-02-26
SKU-00321,Item-00321,BR-B,121.42,2026-02-22
SKU-00466,Item-00466,BR-B,95.75,2026-02-25
SKU-00375,Item-00375,BR-A,81.41,2026-02-29
SKU-00361,Item-00361,BR-D,59.65,2026-02-24
SKU-00278,Item-00278,BR-D,50.31,2026-02-04
SKU-00401,Item-00401,BR-C,14.81,2026-02-26
SKU-00242,Item-00242,BR-E,88.73,2026-02-02
SKU-00535,Item-00535,BR-B,207.88,2026-02-13
SKU-00132,Item-00132,BR-C,48.6,2026-02-09
SKU-00015,Butter 250g,BR-B,135.35,2026-02-11
SKU-00540,Item-00540,BR-C,95.86,2026-02-06
SKU-00063,Candy Assorted,BR-B,215.01,2026-02-07
SKU-00355,Item-00355,BR-A,184.33,2026-02-25
SKU-00218,Item-00218,BR-B,62.28,2026-02-28
SKU-00599,Item-00599,BR-E,195.17,2026-02-05
SKU-00272,Item-00272,BR-C,92.11,2026-02-07
SKU-00089,Item-00089,BR-A,98.62,2026-02-16
SKU-00099,Item-00099,BR-E,193.41,2026-02-23
SKU-00248,Item-00248,BR-B,121.74,2026-02-21
SKU-00226,Item-00226,BR-D,24.36,2026-02-15
SKU-00408,Item-00408,BR-A,87.83,2026-02-16
SKU-00231,Item-00231,BR-C,27.16,2026-02-04
SKU-00296,Item-00296,BR-D,92.44,2026-02-13
SKU-00417,Item-00417,BR-D,21.42,2026-02-08
SKU-00595,Item-00595,BR-B,266.84,2026-02-28
SKU-00131,Item-00131,BR-E,98.86,2026-02-02
SKU-00143,Item-00143,BR-A,128.45,2026-02-04
SKU-00213,Item-00213,BR-C,161.35,2026-02-08
SKU-00584,Item-00584,BR-A,54.72,2026-02-28
SKU-00553,Item-00553,BR-E,135.51,2026-02-06
SKU-00295,Item-00295,BR-D,81.63,2026-02-29
SKU-00579,Item-00579,BR-A,239.27,2026-02-20
SKU-00045,Chicken Fingers 500g,BR-B,19.53,2026-02-20
SKU-00113,Item-00113,BR-B,195.45,2026-02-08
SKU-00581,Item-00581,BR-C,175.29,2026-02-03
SKU-00295,Item-00295,BR-B,95.79,2026-02-14
SKU-00192,Item-00192,BR-B,22.96,2026-02-13
SKU-00334,Item-00334,BR-E,3.01,2026-02-09
SKU-00258,Item-00258,BR-B,126.3,2026-02-13
SKU-00274,Item-00274,BR-C,108.38,2026-02-24
SKU-00577,Item-00577,BR-D,16.07,2026-02-06
SKU-00008,Coffee 200g,BR-A,22.09,2026-02-30
SKU-00453,Item-00453,BR-D,99.71,2026-02-06
SKU-00473,Item-00473,BR-E,10.7,2026-02-29
SKU-00457,Item-00457,BR-E,89.29,2026-02-02
SKU-00224,Item-00224,BR-B,83.07,2026-02-02
SKU-00015,Butter 250g,BR-A,275.14,2026-02-22
SKU-00434,Item-00434,BR-B,9.31,2026-02-17
SKU-00435,Item-00435,BR-D,123.86,2026-02-10
SKU-00413,Item-00413,BR-C,69.36,2026-02-06
SKU-00567,Item-00567,BR-C,38.35,2026-02-08
SKU-00297,Item-00297,BR-C,118.95,2026-02-08
SKU-00189,Item-00189,BR-C,162.39,2026-02-26
SKU-00424,Item-00424,BR-E,221.32,2026-02-03
SKU-00343,Item-00343,BR-C,137.92,2026-02-11
SKU-00124,Item-00124,BR-D,5.86,2026-02-25
SKU-00070,دجاج كامل,BR-E,95.48,2026-02-27
SKU-00512,Item-00512,BR-D,176.7,2026-02-23
SKU-00580,Item-00580,BR-C,88.63,2026-02-26
SKU-00422,Item-00422,BR-A,122.43,2026-02-30
SKU-00235,Item-00235,BR-B,67.43,2026-02-06
SKU-00584,Item-00584,BR-D,68.66,2026-02-21
SKU-00144,Item-00144,BR-A,47.69,2026-02-29
SKU-00131,Item-00131,BR-C,70.41,2026-02-12
SKU-00492,Item-00492,BR-E,138.06,2026-02-07
SKU-00465,Item-00465,BR-B,138.5,2026-02-02
SKU-00280,Item-00280,BR-A,74.19,2026-02-10
SKU-00220,Item-00220,BR-A,53.91,2026-02-02
SKU-00559,Item-00559,BR-A,120.15,2026-02-06
SKU-00573,Item-00573,BR-B,117.97,2026-02-07
SKU-00371,Item-00371,BR-B,79.04,2026-02-07
SKU-00157,Item-00157,BR-B,123.23,2026-02-03
SKU-00313,Item-00313,BR-E,110.33,2026-02-09
SKU-00027,Muffin 4pk,BR-D,47.06,2026-02-22
SKU-00337,Item-00337,BR-B,206.16,2026-02-15
SKU-00552,Item-00552,BR-B,252.05,2026-02-25
SKU-00511,Item-00511,BR-D,165.14,2026-02-02
SKU-00449,Item-00449,BR-E,59.34,2026-02-14
SKU-00402,Item-00402,BR-D,115.41,2026-02-08
SKU-00442,Item-00442,BR-A,164.96,2026-02-10
SKU-00216,Item-00216,BR-E,57.81,2026-02-22
SKU-00365,Item-00365,BR-A,66.43,2026-02-06
SKU-00343,Item-00343,BR-D,74.98,2026-02-06
SKU-00387,Item-00387,BR-D,175.15,2026-02-07
SKU-00147,Item-00147,BR-C,250.79,2026-02-16
SKU-00251,Item-00251,BR-C,223.24,2026-02-30
SKU-00554,Item-00554,BR-E,38.53,2026-02-02
SKU-00277,Item-00277,BR-D,106.18,2026-02-22
SKU-00247,Item-00247,BR-C,140.45,2026-02-14
SKU-00427,Item-00427,BR-D,137.81,2026-02-30
SKU-00306,Item-00306,BR-E,106.74,2026-02-18
SKU-00050,Toilet Paper 6pk,BR-D,127.02,2026-02-17
SKU-00563,Item-00563,BR-D,294.14,2026-02-23
SKU-00535,Item-00535,BR-D,287.61,2026-02-06
SKU-00279,Item-00279,BR-C,240.13,2026-02-29
SKU-00020,Cheese Block 200g,BR-B,13.01,2026-02-21
SKU-00369,Item-00369,BR-A,199.47,2026-02-23
SKU-00332,Item-00332,BR-D,135.78,2026-02-10
SKU-00280,Item-00280,BR-A,109.45,2026-02-08
SKU-00241,Item-00241,BR-A,132.77,2026-02-04
SKU-00405,Item-00405,BR-E,145.3,2026-02-14
SKU-00600,Item-00600,BR-A,206.64,2026-02-26
SKU-00209,Item-00209,BR-D,291.47,2026-02-26
SKU-00254,Item-00254,BR-E,88.82,2026-02-25
SKU-00162,Item-00162,BR-B,16.67,2026-02-13
SKU-00221,Item-00221,BR-A,80.3,2026-02-01
SKU-00007,Tea Bag 100s,BR-B,142.88,2026-02-05
SKU-00222,Item-00222,BR-A,191.55,2026-02-27
SKU-00405,Item-00405,BR-B,143.58,2026-02-01
SKU-00567,Item-00567,BR-B,18.38,2026-02-06
SKU-00251,Item-00251,BR-A,205.65,2026-02-16
SKU-00192,Item-00192,BR-A,21.72,2026-02-12
SKU-00019,Cream 200ml,BR-B,216.15,2026-02-16
SKU-00328,Item-00328,BR-D,39.27,2026-02-01
SKU-00008,Coffee 200g,BR-A,41.32,2026-02-21
SKU-00082,Item-00082,BR-D,131.63,2026-02-29
SKU-00218,Item-00218,BR-B,79.79,2026-02-17
SKU-00245,Item-00245,BR-C,152.15,2026-02-17
SKU-00493,Item-00493,BR-A,97.88,2026-02-10
SKU-00505,Item-00505,BR-C,66.56,2026-02-15
SKU-00060,Nuts Mix 200g,BR-E,77.1,2026-02-05
SKU-00546,Item-00546,BR-B,246.44,2026-02-02
SKU-00048,مجمدات متنوعة,BR-E,102.02,2026-02-24
SKU-00533,Item-00533,BR-A,153.47,2026-02-24
SKU-00207,Item-00207,BR-C,224.42,2026-02-04
SKU-00184,Item-00184,BR-B,144.82,2026-02-22
SKU-00013,Sports Drink 600ml,BR-A,14.92,2026-02-23
SKU-00220,Item-00220,BR-B,28.26,2026-02-08
SKU-00143,Item-00143,BR-C,79.11,2026-02-06
SKU-00370,Item-00370,BR-B,30.79,2026-02-06
SKU-00091,Item-00091,BR-B,83.25,2026-02-19
SKU-00355,Item-00355,BR-C,226.04,2026-02-24
SKU-00221,Item-00221,BR-B,113.55,2026-02-01
SKU-00104,Item-00104,BR-A,80.0,2026-02-04
SKU-00444,Item-00444,BR-D,47.36,2026-02-14
SKU-00139,Item-00139,BR-E,100.73,2026-02-11
SKU-00194,Item-00194,BR-E,3.79,2026-02-06
SKU-00443,Item-00443,BR-D,23.27,2026-02-06
SKU-00042,Ice Cream 500ml,BR-E,13.78,2026-02-22
SKU-00347,Item-00347,BR-B,36.89,2026-02-22
SKU-00013,Sports Drink 600ml,BR-C,11.43,2026-02-17
SKU-00288,Item-00288,BR-A,54.23,2026-02-15
SKU-00331,Item-00331,BR-C,42.12,2026-02-11
SKU-00168,Item-00168,BR-E,172.39,2026-02-15
SKU-00064,Chicken Breast 1kg,BR-B,242.7,2026-02-14
SKU-00463,Item-00463,BR-E,74.25,2026-02-18
SKU-00233,Item-00233,BR-A,4.7,2026-02-22
SKU-00302,Item-00302,BR-A,20.26,2026-02-11
SKU-00336,Item-00336,BR-A,95.34,2026-02-15
SKU-00172,Item-00172,BR-D,50.46,2026-02-08
SKU-00141,Item-00141,BR-E,56.5,2026-02-28
SKU-00561,Item-00561,BR-B,129.98,2026-02-03
SKU-00162,Item-00162,BR-A,20.94,2026-02-14
SKU-00201,Item-00201,BR-D,84.45,2026-02-20
SKU-00041,Potato Chips 150g,BR-C,119.39,2026-02-13
SKU-00323,Item-00323,BR-A,147.28,2026-02-23
SKU-00280,Item-00280,BR-D,89.98,2026-02-15
SKU-00051,Hand Soap,BR-D,83.97,2026-02-26
SKU-00451,Item-00451,BR-E,100.48,2026-02-13
SKU-00200,Item-00200,BR-A,131.9,2026-02-26
SKU-00261,Item-00261,BR-A,39.86,2026-02-01
SKU-00316,Item-00316,BR-C,91.29,2026-02-08
SKU-00556,Item-00556,BR-E,13.79,2026-02-04
SKU-00103,Item-00103,BR-C,141.76,2026-02-14
SKU-00512,Item-00512,BR-D,169.59,2026-02-03
SKU-00599,Item-00599,BR-C,149.02,2026-02-24
SKU-00030,Cake Slice,BR-A,188.88,2026-02-26
SKU-00097,Item-00097,BR-D,31.23,2026-02-30
SKU-00495,Item-00495,BR-D,141.77,2026-02-29
SKU-00157,Item-00157,BR-B,105.68,2026-02-12
SKU-00236,Item-00236,BR-C,267.79,2026-02-15
SKU-00472,Item-00472,BR-B,122.53,2026-02-05
SKU-00061,Popcorn 100g,BR-E,415.46,2026-02-21
SKU-00187,Item-00187,BR-E,56.36,2026-02-16
SKU-00242,Item-00242,BR-C,108.41,2026-02-15
SKU-00176,Item-00176,BR-E,168.94,2026-02-07
SKU-00348,Item-00348,BR-D,178.44,2026-02-06
SKU-00262,Item-00262,BR-A,273.13,2026-02-19
SKU-00516,Item-00516,BR-D,179.64,2026-02-20
SKU-00542,Item-00542,BR-C,205.21,2026-02-10
SKU-00273,Item-00273,BR-B,144.8,2026-02-18
SKU-00239,Item-00239,BR-C,118.84,2026-02-22
SKU-00356,Item-00356,BR-B,70.21,2026-02-18
SKU-00567,Item-00567,BR-D,26.33,2026-02-26
SKU-00160,Item-00160,BR-D,132.31,2026-02-28
SKU-00232,Item-00232,BR-B,98.41,2026-02-13
SKU-00162,Item-00162,BR-A,24.81,2026-02-07
SKU-00252,Item-00252,BR-C,92.27,2026-02-23
SKU-00137,Item-00137,BR-A,159.73,2026-02-09
SKU-00352,Item-00352,BR-B,215.7,2026-02-13
SKU-00176,Item-00176,BR-E,85.88,2026-02-07
SKU-00200,Item-00200,BR-C,96.89,2026-02-09
SKU-00373,Item-00373,BR-C,148.56,2026-02-30
SKU-00314,Item-00314,BR-B,116.38,2026-02-05
SKU-00087,Item-00087,BR-A,23.82,2026-02-29
SKU-00590,Item-00590,BR-C,28.96,2026-02-16
SKU-00296,Item-00296,BR-B,74.4,2026-02-18
SKU-00545,Item-00545,BR-C,27.14,2026-02-10
SKU-00388,Item-00388,BR-B,50.11,2026-02-03
SKU-00166,Item-00166,BR-E,135.31,2026-02-14
SKU-00280,Item-00280,BR-D,49.71,2026-02-09
SKU-00397,Item-00397,BR-C,177.83,2026-02-17
SKU-00453,Item-00453,BR-B,112.05,2026-02-11
SKU-00220,Item-00220,BR-E,75.38,2026-02-12
SKU-00584,Item-00584,BR-A,69.15,2026-02-02
SKU-00476,Item-00476,BR-C,106.89,2026-02-21
SKU-00078,Salt 1kg,BR-E,91.5,2026-02-29
SKU-00583,Item-00583,BR-B,373.4,2026-02-02
SKU-00348,Item-00348,BR-D,161.83,2026-02-09
SKU-00333,Item-00333,BR-B,89.93,2026-02-17
SKU-00094,Item-00094,BR-B,178.54,2026-02-29
SKU-00245,Item-00245,BR-D,108.92,2026-02-13
SKU-00173,Item-00173,BR-C,50.77,2026-02-27
SKU-00073,Pasta 500g,BR-C,163.94,2026-02-14
SKU-00399,Item-00399,BR-A,151.5,2026-02-28
SKU-00424,Item-00424,BR-B,319.77,2026-02-20
SKU-00105,Item-00105,BR-B,181.88,2026-02-17
SKU-00503,Item-00503,BR-E,162.17,2026-02-13
SKU-00347,Item-00347,BR-A,70.4,2026-02-09
SKU-00449,Item-00449,BR-A,48.27,2026-02-04
SKU-00169,Item-00169,BR-C,58.08,2026-02-07
SKU-00084,Item-00084,BR-D,77.7,2026-02-25
SKU-00054,Cleaning Spray,BR-B,345.38,2026-02-18
SKU-00555,Item-00555,BR-D,116.78,2026-02-17
SKU-00233,Item-00233,BR-B,2.51,2026-02-18
SKU-00401,Item-00401,BR-A,20.35,2026-02-18
SKU-00303,Item-00303,BR-B,40.04,2026-02-20
SKU-00405,Item-00405,BR-D,213.96,2026-02-25
SKU-00464,Item-00464,BR-E,58.35,2026-02-30
SKU-00064,Chicken Breast 1kg,BR-A,141.37,2026-02-09
SKU-00140,Item-00140,BR-C,60.59,2026-02-08
SKU-00501,Item-00501,BR-B,146.49,2026-02-30
SKU-00434,Item-00434,BR-A,12.38,2026-02-12
SKU-00174,Item-00174,BR-E,9.51,2026-02-24
SKU-00280,Item-00280,BR-D,94.41,2026-02-23
SKU-00448,Item-00448,BR-B,209.21,2026-02-23
SKU-00516,Item-00516,BR-B,138.55,2026-02-11
SKU-00511,Item-00511,BR-D,183.4,2026-02-20
SKU-00548,Item-00548,BR-B,24.3,2026-02-16
SKU-00320,Item-00320,BR-A,126.72,2026-02-20
SKU-00280,Item-00280,BR-E,26.68,2026-02-09
SKU-00236,Item-00236,BR-E,114.11,2026-02-26
SKU-00445,Item-00445,BR-A,127.08,2026-02-25
SKU-00565,Item-00565,BR-D,77.39,2026-02-14
SKU-00016,Cheese Slices,BR-E,135.85,2026-02-22
SKU-00480,Item-00480,BR-D,5.22,2026-02-28
SKU-00084,Item-00084,BR-B,38.76,2026-02-10
SKU-00133,Item-00133,BR-D,95.7,2026-02-10
SKU-00293,Item-00293,BR-A,162.44,2026-02-05
SKU-00285,Item-00285,BR-C,61.89,2026-02-12
SKU-00240,Item-00240,BR-C,54.5,2026-02-06
SKU-00284,Item-00284,BR-B,147.74,2026-02-24
SKU-00339,Item-00339,BR-A,61.49,2026-02-14
SKU-00372,Item-00372,BR-C,98.93,2026-02-29
SKU-00259,Item-00259,BR-E,242.31,2026-02-12
SKU-00159,Item-00159,BR-C,8.63,2026-02-11
SKU-00565,Item-00565,BR-C,60.74,2026-02-28
SKU-00053,Toothpaste 100ml,BR-A,117.19,2026-02-25
SKU-00174,Item-00174,BR-B,8.59,2026-02-21
SKU-00180,Item-00180,BR-E,181.73,2026-02-28
SKU-00439,Item-00439,BR-C,97.91,2026-02-20
SKU-00407,Item-00407,BR-D,225.31,2026-02-30
SKU-00578,Item-00578,BR-E,21.53,2026-02-08
SKU-00530,Item-00530,BR-C,132.92,2026-02-02
SKU-00574,Item-00574,BR-C,15.51,2026-02-23
SKU-00085,Item-00085,BR-B,90.79,2026-02-24
SKU-00328,Item-00328,BR-D,25.36,2026-02-23
SKU-00557,Item-00557,BR-C,198.87,2026-02-22
SKU-00494,Item-00494,BR-D,97.74,2026-02-20
SKU-00292,Item-00292,BR-D,92.14,2026-02-14
SKU-00172,Item-00172,BR-A,27.92,2026-02-05
SKU-00023,الحليب الطازج,BR-D,93.43,2026-02-29
SKU-00418,Item-00418,BR-A,151.92,2026-02-17
SKU-00508,Item-00508,BR-B,37.88,2026-02-21
SKU-00392,Item-00392,BR-C,306.07,2026-02-07
SKU-00224,Item-00224,BR-E,41.56,2026-02-20
SKU-00068,Bacon 200g,BR-D,15.97,2026-02-13
SKU-00050,Toilet Paper 6pk,BR-B,114.9,2026-02-26
SKU-00237,Item-00237,BR-A,124.39,2026-02-10
SKU-00089,Item-00089,BR-E,115.22,2026-02-21
SKU-00441,Item-00441,BR-A,177.58,2026-02-21
SKU-00204,Item-00204,BR-A,218.82,2026-02-18
SKU-00050,Toilet Paper 6pk,BR-B,78.96,2026-02-19
SKU-00247,Item-00247,BR-D,135.73,2026-02-30
SKU-00424,Item-00424,BR-D,325.25,2026-02-15
SKU-00246,Item-00246,BR-D,87.16,2026-02-13
SKU-00319,Item-00319,BR-C,80.68,2026-02-29
SKU-00060,Nuts Mix 200g,BR-B,135.18,2026-02-04
SKU-00339,Item-00339,BR-C,41.97,2026-02-24
SKU-00114,Item-00114,BR-A,128.82,2026-02-20
SKU-00210,Item-00210,BR-E,125.34,2026-02-27
SKU-00051,Hand Soap,BR-E,148.78,2026-02-07
SKU-00256,Item-00256,BR-B,14.16,2026-02-07
SKU-00374,Item-00374,BR-A,52.99,2026-02-11
SKU-00345,Item-00345,BR-A,124.64,2026-02-09
SKU-00018,Eggs 12pk,BR-D,167.69,2026-02-01
SKU-00395,Item-00395,BR-D,39.85,2026-02-21
SKU-00127,Item-00127,BR-C,47.24,2026-02-14
SKU-00161,Item-00161,BR-A,66.57,2026-02-14
SKU-00293,Item-00293,BR-E,191.76,2026-02-09
SKU-00140,Item-00140,BR-D,84.8,2026-02-19
SKU-00465,Item-00465,BR-B,139.6,2026-02-02
SKU-00448,Item-00448,BR-E,107.19,2026-02-06
SKU-00354,Item-00354,BR-B,97.75,2026-02-24
SKU-00370,Item-00370,BR-E,47.58,2026-02-25
SKU-00115,Item-00115,BR-B,26.71,2026-02-09
SKU-00544,Item-00544,BR-E,5.06,2026-02-22
SKU-00308,Item-00308,BR-E,37.53,2026-02-22
SKU-00342,Item-00342,BR-E,219.99,2026-02-23
SKU-00598,Item-00598,BR-C,19.47,2026-02-22
SKU-00301,Item-00301,BR-C,155.32,2026-02-05
SKU-00244,Item-00244,BR-E,73.04,2026-02-12
SKU-00174,Item-00174,BR-C,11.39,2026-02-29
SKU-00539,Item-00539,BR-D,187.36,2026-02-09
SKU-00506,Item-00506,BR-A,237.08,2026-02-16
SKU-00500,Item-00500,BR-E,56.8,2026-02-04
SKU-00309,Item-00309,BR-D,34.72,2026-02-30
SKU-00234,Item-00234,BR-D,185.56,2026-02-11
SKU-00046,Fish Fingers 500g,BR-B,110.18,2026-02-02
SKU-00318,Item-00318,BR-A,165.24,2026-02-02
SKU-00508,Item-00508,BR-B,42.4,2026-02-02
SKU-00255,Item-00255,BR-A,128.25,2026-02-10
SKU-00013,Sports Drink 600ml,BR-D,10.8,2026-02-22
SKU-00090,Item-00090,BR-D,95.16,2026-02-11
SKU-00182,Item-00182,BR-D,6.09,2026-02-23
SKU-00515,Item-00515,BR-B,195.15,2026-02-25
SKU-00410,Item-00410,BR-D,226.12,2026-02-30
SKU-00093,Item-00093,BR-C,158.38,2026-02-29
SKU-00401,Item-00401,BR-E,16.77,2026-02-12
SKU-00480,Item-00480,BR-A,7.77,2026-02-14
SKU-00427,Item-00427,BR-A,245.75,2026-02-19
SKU-00309,Item-00309,BR-A,57.34,2026-02-24
SKU-00245,Item-00245,BR-D,86.03,2026-02-11
SKU-00583,Item-00583,BR-C,222.77,2026-02-04
SKU-00074,Flour 2kg,BR-B,67.38,2026-02-07
SKU-00192,Item-00192,BR-B,18.25,2026-02-03
SKU-00524,Item-00524,BR-B,138.54,2026-02-03
SKU-00132,Item-00132,BR-A,82.86,2026-02-14
SKU-00582,Item-00582,BR-D,105.84,2026-02-18
SKU-00398,Item-00398,BR-E,115.13,2026-02-16
SKU-00585,Item-00585,BR-E,43.49,2026-02-24
SKU-00203,Item-00203,BR-A,101.79,2026-02-02
SKU-00356,Item-00356,BR-B,34.69,2026-02-23
SKU-00210,Item-00210,BR-D,257.04,2026-02-06
SKU-00185,Item-00185,BR-C,89.27,2026-02-14
SKU-00257,Item-00257,BR-B,246.22,2026-02-05
SKU-00495,Item-00495,BR-C,253.84,2026-02-25
SKU-00011,Thermos Flask 500ml,BR-A,51.78,2026-02-04
SKU-00093,Item-00093,BR-E,241.48,2026-02-08
SKU-00478,Item-00478,BR-A,207.77,2026-02-12
SKU-00232,Item-00232,BR-D,49.59,2026-02-06
SKU-00198,Item-00198,BR-A,103.02,2026-02-16
SKU-00212,Item-00212,BR-C,38.29,2026-02-20
SKU-00297,Item-00297,BR-B,106.07,2026-02-26
SKU-00067,Sausages 400g,BR-A,116.17,2026-02-27
SKU-00037,Tomatoes 1kg,BR-B,214.58,2026-02-07
SKU-00019,Cream 200ml,BR-B,233.7,2026-02-17
SKU-00179,Item-00179,BR-D,66.99,2026-02-13
SKU-00212,Item-00212,BR-C,38.73,2026-02-26
SKU-00350,Item-00350,BR-D,142.29,2026-02-23
SKU-00155,Item-00155,BR-A,63.95,2026-02-18
SKU-00004,Energy Drink 250ml,BR-D,101.32,2026-02-24
SKU-00597,Item-00597,BR-C,98.8,2026-02-05
SKU-00069,Fish Fillet 500g,BR-E,118.2,2026-02-22
SKU-00066,Lamb Chops 500g,BR-A,229.33,2026-02-17
SKU-00081,Item-00081,BR-D,135.35,2026-02-26
SKU-00215,Item-00215,BR-D,53.5,2026-02-13
SKU-00312,Item-00312,BR-D,26.31,2026-02-08
SKU-00163,Item-00163,BR-D,21.33,2026-02-17
SKU-00287,Item-00287,BR-C,8.98,2026-02-22
SKU-00504,Item-00504,BR-E,27.46,2026-02-22
SKU-00285,Item-00285,BR-A,114.01,2026-02-07
SKU-00354,Item-00354,BR-B,91.8,2026-02-07
SKU-00160,Item-00160,BR-C,89.09,2026-02-23
SKU-00459,Item-00459,BR-C,200.49,2026-02-19
SKU-00351,Item-00351,BR-A,170.1,2026-02-24
SKU-00256,Item-00256,BR-A,8.87,2026-02-18
SKU-00064,Chicken Breast 1kg,BR-D,165.0,2026-02-28
SKU-00408,Item-00408,BR-C,96.06,2026-02-20
SKU-00300,Item-00300,BR-E,11.01,2026-02-06
SKU-00518,Item-00518,BR-B,85.88,2026-02-30
SKU-00005,Soda Can,BR-A,156.35,2026-02-15
SKU-00453,Item-00453,BR-D,112.44,2026-02-08
SKU-00410,Item-00410,BR-A,164.49,2026-02-14
SKU-00355,Item-00355,BR-B,299.78,2026-02-05
SKU-00397,Item-00397,BR-A,290.75,2026-02-22
SKU-00276,Item-00276,BR-E,111.71,2026-02-28
SKU-00135,Item-00135,BR-E,91.96,2026-02-19
SKU-00304,Item-00304,BR-B,58.83,2026-02-09
SKU-00328,Item-00328,BR-D,33.02,2026-02-14
SKU-00405,Item-00405,BR-A,139.04,2026-02-18
SKU-00549,Item-00549,BR-D,82.12,2026-02-25
SKU-00035,Potatoes 2kg,BR-E,167.12,2026-02-20
SKU-00355,Item-00355,BR-D,246.74,2026-02-05
SKU-00214,Item-00214,BR-E,282.57,2026-02-26
SKU-00374,Item-00374,BR-E,56.41,2026-02-01
SKU-00120,Item-00120,BR-E,168.25,2026-02-21
SKU-00471,Item-00471,BR-A,80.0,2026-02-25
SKU-00336,Item-00336,BR-B,108.38,2026-02-16
SKU-00548,Item-00548,BR-A,35.0,2026-02-01
SKU-00144,Item-00144,BR-A,170.84,2026-02-30
SKU-00220,Item-00220,BR-E,44.73,2026-02-03
SKU-00162,Item-00162,BR-A,27.2,2026-02-14
SKU-00406,Item-00406,BR-D,14.36,2026-02-06
SKU-00018,Eggs 12pk,BR-B,147.66,2026-02-25
SKU-00257,Item-00257,BR-E,237.08,2026-02-12
SKU-00431,Item-00431,BR-D,69.8,2026-02-19
SKU-00003,Mineral Water 500ml,BR-C,105.43,2026-02-16
SKU-00294,Item-00294,BR-B,186.04,2026-02-02
SKU-00326,Item-00326,BR-C,80.03,2026-02-20
SKU-00250,Item-00250,BR-A,118.25,2026-02-01
SKU-00350,Item-00350,BR-C,333.86,2026-02-21
SKU-00546,Item-00546,BR-D,135.68,2026-02-22
SKU-00052,Shampoo 400ml,BR-C,68.41,2026-02-18
SKU-00128,Item-00128,BR-A,200.5,2026-02-04
SKU-00140,Item-00140,BR-E,65.24,2026-02-29
SKU-00430,Item-00430,BR-B,235.68,2026-02-25
SKU-00521,Item-00521,BR-A,203.9,2026-02-17
SKU-00053,Toothpaste 100ml,BR-C,36.84,2026-02-10
SKU-00396,Item-00396,BR-A,181.7,2026-02-15
SKU-00014,Milk 1L,BR-A,59.73,2026-02-22
SKU-00057,Chocolate Bar,BR-A,55.49,2026-02-11
SKU-00264,Item-00264,BR-D,49.85,2026-02-08
SKU-00317,Item-00317,BR-D,35.18,2026-02-25
SKU-00587,Item-00587,BR-B,237.27,2026-02-02
SKU-00568,Item-00568,BR-E,78.07,2026-02-19
SKU-00544,Item-00544,BR-C,8.54,2026-02-03
SKU-00537,Item-00537,BR-B,93.94,2026-02-01
SKU-00359,Item-00359,BR-C,86.46,2026-02-21
SKU-00260,Item-00260,BR-B,63.44,2026-02-03
SKU-00597,Item-00597,BR-A,48.48,2026-02-10
SKU-00015,Butter 250g,BR-E,190.15,2026-02-10
SKU-00065,Beef Mince 500g,BR-B,208.43,2026-02-20
SKU-00038,Cucumbers 500g,BR-B,149.73,2026-02-18
SKU-00556,Item-00556,BR-D,46.9,2026-02-13
SKU-00441,Item-00441,BR-A,166.8,2026-02-06
SKU-00537,Item-00537,BR-E,286.74,2026-02-27
SKU-00073,Pasta 500g,BR-B,394.26,2026-02-01
SKU-00218,Item-00218,BR-E,71.74,2026-02-18
SKU-00224,Item-00224,BR-E,72.58,2026-02-23
SKU-00200,Item-00200,BR-A,125.72,2026-02-14
SKU-00245,Item-00245,BR-B,109.98,2026-02-07
SKU-00459,Item-00459,BR-A,158.54,2026-02-08
SKU-00523,Item-00523,BR-B,63.21,2026-02-12
SKU-00317,Item-00317,BR-E,19.44,2026-02-08
SKU-00229,Item-00229,BR-A,55.35,2026-02-14
SKU-00058,Biscuits Pack,BR-C,198.35,2026-02-27
SKU-00464,Item-00464,BR-D,32.24,2026-02-23
SKU-00573,Item-00573,BR-E,187.78,2026-02-28
SKU-00234,Item-00234,BR-A,201.03,2026-02-15
SKU-00328,Item-00328,BR-D,19.66,2026-02-20
SKU-00191,Item-00191,BR-B,130.5,2026-02-14
SKU-00014,Milk 1L,BR-D,63.3,2026-02-04
SKU-00174,Item-00174,BR-C,7.41,2026-02-30
SKU-00180,Item-00180,BR-D,197.93,2026-02-15
SKU-00066,Lamb Chops 500g,BR-B,239.52,2026-02-27
SKU-00425,Item-00425,BR-D,334.07,2026-02-04
SKU-00317,Item-00317,BR-C,22.81,2026-02-06
SKU-00364,Item-00364,BR-D,126.65,2026-02-10
SKU-00531,Item-00531,BR-E,47.65,2026-02-05
SKU-00430,Item-00430,BR-E,122.03,2026-02-04
SKU-00534,Item-00534,BR-C,292.47,2026-02-04
SKU-00115,Item-00115,BR-C,45.5,2026-02-08
SKU-00238,Item-00238,BR-E,126.31,2026-02-15
SKU-00439,Item-00439,BR-C,120.05,2026-02-02
SKU-00378,Item-00378,BR-A,90.78,2026-02-28
SKU-00545,Item-00545,BR-A,42.51,2026-02-17
SKU-00215,Item-00215,BR-A,58.66,2026-02-14
SKU-00332,Item-00332,BR-A,114.12,2026-02-17
SKU-00439,Item-00439,BR-A,96.1,2026-02-24
SKU-00353,Item-00353,BR-D,40.44,2026-02-07
SKU-00554,Item-00554,BR-E,21.97,2026-02-29
SKU-00369,Item-00369,BR-B,151.52,2026-02-02
SKU-00348,Item-00348,BR-A,148.56,2026-02-11
SKU-00482,Item-00482,BR-E,29.74,2026-02-13
SKU-00197,Item-00197,BR-E,162.57,2026-02-07
SKU-00171,Item-00171,BR-C,89.76,2026-02-30
SKU-00149,Item-00149,BR-D,52.42,2026-02-17
SKU-00400,Item-00400,BR-B,74.76,2026-02-30
SKU-00387,Item-00387,BR-E,232.0,2026-02-09
SKU-00493,Item-00493,BR-D,140.68,2026-02-29
SKU-00221,Item-00221,BR-D,71.64,2026-02-12
SKU-00286,Item-00286,BR-D,120.52,2026-02-28
SKU-00190,Item-00190,BR-D,122.66,2026-02-28
SKU-00194,Item-00194,BR-A,4.34,2026-02-24
SKU-00586,Item-00586,BR-C,29.97,2026-02-06
SKU-00229,Item-00229,BR-B,93.1,2026-02-28
SKU-00402,Item-00402,BR-B,96.63,2026-02-09
SKU-00098,Item-00098,BR-E,165.03,2026-02-09
SKU-00066,Lamb Chops 500g,BR-E,208.58,2026-02-29
SKU-00543,Item-00543,BR-B,74.19,2026-02-02
SKU-00238,Item-00238,BR-C,89.03,2026-02-29
SKU-00163,Item-00163,BR-E,14.45,2026-02-11
SKU-00311,Item-00311,BR-E,14.97,2026-02-19
SKU-00560,Item-00560,BR-D,56.61,2026-02-27
SKU-00516,Item-00516,BR-E,283.14,2026-02-03
SKU-00200,Item-00200,BR-B,181.62,2026-02-02
SKU-00538,Item-00538,BR-D,144.04,2026-02-30
SKU-00550,Item-00550,BR-C,96.98,2026-02-07
SKU-00306,Item-00306,BR-D,109.91,2026-02-17
SKU-00552,Item-00552,BR-B,172.87,2026-02-28
SKU-00371,Item-00371,BR-E,62.59,2026-02-26
SKU-00297,Item-00297,BR-D,114.36,2026-02-07
SKU-00403,Item-00403,BR-B,36.04,2026-02-01
SKU-00568,Item-00568,BR-C,74.46,2026-02-06
SKU-00404,Item-00404,BR-B,39.32,2026-02-07
SKU-00415,Item-00415,BR-C,226.21,2026-02-26
SKU-00291,Item-00291,BR-D,37.73,2026-02-03
SKU-00444,Item-00444,BR-B,30.98,2026-02-08
SKU-00036,Onions 1kg,BR-B,133.72,2026-02-23
SKU-00101,Item-00101,BR-D,223.01,2026-02-14
SKU-00184,Item-00184,BR-B,185.85,2026-02-11
SKU-00314,Item-00314,BR-A,82.62,2026-02-21
SKU-00340,Item-00340,BR-D,313.22,2026-02-13
SKU-00156,Item-00156,BR-B,56.75,2026-02-25
SKU-00107,Item-00107,BR-A,113.36,2026-02-03
SKU-00038,Cucumbers 500g,BR-D,263.15,2026-02-24
SKU-00045,Chicken Fingers 500g,BR-A,21.61,2026-02-01
SKU-00304,Item-00304,BR-D,51.76,2026-02-15
SKU-00269,Item-00269,BR-E,109.28,2026-02-27
SKU-00109,Item-00109,BR-D,48.59,2026-02-10
SKU-00285,Item-00285,BR-A,114.38,2026-02-21
SKU-00504,Item-00504,BR-E,47.46,2026-02-16
SKU-00227,Item-00227,BR-B,51.38,2026-02-02
SKU-00182,Item-00182,BR-C,3.49,2026-02-17
SKU-00586,Item-00586,BR-B,35.7,2026-02-28
SKU-00015,Butter 250g,BR-D,87.43,2026-02-30
SKU-00016,Cheese Slices,BR-D,210.66,2026-02-12
SKU-00025,Croissant,BR-B,265.49,2026-02-12
SKU-00032,كعكة شوكولاتة,BR-D,134.99,2026-02-18
SKU-00348,Item-00348,BR-B,186.28,2026-02-25
SKU-00125,Item-00125,BR-D,50.24,2026-02-19
SKU-00325,Item-00325,BR-C,136.45,2026-02-06
SKU-00577,Item-00577,BR-E,17.89,2026-02-25
SKU-00593,Item-00593,BR-B,113.29,2026-02-06
SKU-00520,Item-00520,BR-E,164.09,2026-02-06
SKU-00049,Detergent 1L,BR-E,286.42,2026-02-12
SKU-00143,Item-00143,BR-A,169.39,2026-02-18
SKU-00004,Energy Drink 250ml,BR-A,66.25,2026-02-20
SKU-00441,Item-00441,BR-B,75.42,2026-02-11
SKU-00059,Gum Pack,BR-D,89.01,2026-02-05
SKU-00286,Item-00286,BR-E,114.94,2026-02-10
SKU-00245,Item-00245,BR-A,107.12,2026-02-25
SKU-00173,Item-00173,BR-C,87.72,2026-02-16
SKU-00257,Item-00257,BR-E,141.83,2026-02-08
SKU-00575,Item-00575,BR-B,46.54,2026-02-02
SKU-00238,Item-00238,BR-D,153.32,2026-02-07
SKU-00599,Item-00599,BR-E,204.85,2026-02-18
SKU-00365,Item-00365,BR-E,39.38,2026-02-01
SKU-00536,Item-00536,BR-D,297.7,2026-02-10
SKU-00570,Item-00570,BR-D,64.28,2026-02-19
SKU-00048,مجمدات متنوعة,BR-E,45.07,2026-02-02
SKU-00279,Item-00279,BR-E,223.18,2026-02-11
SKU-00599,Item-00599,BR-A,154.42,2026-02-05
SKU-00217,Item-00217,BR-D,124.6,2026-02-20
SKU-00054,Cleaning Spray,BR-D,182.43,2026-02-19
SKU-00238,Item-00238,BR-E,74.72,2026-02-04
SKU-00497,Item-00497,BR-C,48.58,2026-02-07
SKU-00263,Item-00263,BR-C,185.14,2026-02-17
SKU-00284,Item-00284,BR-E,167.94,2026-02-16
SKU-00214,Item-00214,BR-D,124.14,2026-02-13
SKU-00415,Item-00415,BR-D,256.68,2026-02-08
SKU-00404,Item-00404,BR-D,94.6,2026-02-28
SKU-00482,Item-00482,BR-C,8.74,2026-02-04
SKU-00557,Item-00557,BR-A,158.2,2026-02-07
SKU-00514,Item-00514,BR-B,32.46,2026-02-26
SKU-00547,Item-00547,BR-E,81.48,2026-02-07
SKU-00595,Item-00595,BR-B,165.79,2026-02-01
SKU-00141,Item-00141,BR-D,151.92,2026-02-16
SKU-00452,Item-00452,BR-C,148.03,2026-02-14
SKU-00575,Item-00575,BR-C,101.66,2026-02-07
SKU-00102,Item-00102,BR-D,144.7,2026-02-03
SKU-00471,Item-00471,BR-C,126.22,2026-02-18
SKU-00069,Fish Fillet 500g,BR-B,86.28,2026-02-29
SKU-00275,Item-00275,BR-B,264.43,2026-02-17
SKU-00236,Item-00236,BR-E,127.93,2026-02-20
SKU-00367,Item-00367,BR-B,39.78,2026-02-23
SKU-00407,Item-00407,BR-A,213.64,2026-02-12
SKU-00193,Item-00193,BR-B,205.73,2026-02-15
SKU-00243,Item-00243,BR-C,102.39,2026-02-03
SKU-00261,Item-00261,BR-E,43.39,2026-02-24
SKU-00312,Item-00312,BR-D,56.17,2026-02-16
SKU-00207,Item-00207,BR-D,145.91,2026-02-25
SKU-00041,Potato Chips 150g,BR-E,266.95,2026-02-03
SKU-00318,Item-00318,BR-C,138.9,2026-02-28
SKU-00345,Item-00345,BR-E,173.7,2026-02-20
SKU-00395,Item-00395,BR-A,49.98,2026-02-07
SKU-00257,Item-00257,BR-A,145.25,2026-02-29
SKU-00412,Item-00412,BR-E,266.79,2026-02-04
SKU-00053,Toothpaste 100ml,BR-E,61.45,2026-02-26
SKU-00113,Item-00113,BR-D,187.21,2026-02-20
SKU-00285,Item-00285,BR-B,84.42,2026-02-30
SKU-00166,Item-00166,BR-A,164.26,2026-02-26
SKU-00519,Item-00519,BR-D,280.63,2026-02-22
SKU-00435,Item-00435,BR-E,69.17,2026-02-17
SKU-00474,Item-00474,BR-B,100.88,2026-02-25
SKU-00072,Sugar 1kg,BR-A,197.28,2026-02-11
SKU-00451,Item-00451,BR-E,123.85,2026-02-30
SKU-00114,Item-00114,BR-B,171.71,2026-02-23
SKU-00164,Item-00164,BR-E,192.04,2026-02-05
SKU-00121,Item-00121,BR-B,149.19,2026-02-20
SKU-00547,Item-00547,BR-E,134.26,2026-02-09
SKU-00592,Item-00592,BR-E,100.86,2026-02-01
SKU-00543,Item-00543,BR-C,71.5,2026-02-22
SKU-00574,Item-00574,BR-C,14.09,2026-02-23
SKU-00233,Item-00233,BR-A,4.33,2026-02-15
SKU-00427,Item-00427,BR-B,135.66,2026-02-19
SKU-00414,Item-00414,BR-D,133.1,2026-02-14
SKU-00262,Item-00262,BR-C,277.12,2026-02-04
SKU-00278,Item-00278,BR-C,26.52,2026-02-24
SKU-00279,Item-00279,BR-A,167.59,2026-02-02
SKU-00153,Item-00153,BR-B,111.18,2026-02-02
SKU-00433,Item-00433,BR-C,143.37,2026-02-25
SKU-00498,Item-00498,BR-B,105.06,2026-02-06
SKU-00181,Item-00181,BR-E,183.6,2026-02-24
SKU-00313,Item-00313,BR-B,125.53,2026-02-09
SKU-00265,Item-00265,BR-E,127.33,2026-02-24
SKU-00153,Item-00153,BR-C,63.89,2026-02-30
SKU-00492,Item-00492,BR-B,109.28,2026-02-27
SKU-00330,Item-00330,BR-C,234.03,2026-02-17
SKU-00473,Item-00473,BR-E,21.6,2026-02-24
SKU-00250,Item-00250,BR-D,183.66,2026-02-27
SKU-00331,Item-00331,BR-B,126.38,2026-02-05
SKU-00364,Item-00364,BR-E,52.01,2026-02-26
SKU-00508,Item-00508,BR-D,24.42,2026-02-23
SKU-00411,Item-00411,BR-A,15.51,2026-02-10
SKU-00230,Item-00230,BR-A,115.48,2026-02-06
SKU-00359,Item-00359,BR-D,82.05,2026-02-10
SKU-00124,Item-00124,BR-B,10.47,2026-02-13
SKU-00507,Item-00507,BR-D,176.52,2026-02-01
SKU-00449,Item-00449,BR-A,163.07,2026-02-19
SKU-00480,Item-00480,BR-A,5.64,2026-02-11
SKU-00010,Iced Tea 500ml,BR-D,24.26,2026-02-06
SKU-00470,Item-00470,BR-B,219.72,2026-02-01
SKU-00302,Item-00302,BR-B,25.17,2026-02-16
SKU-00417,Item-00417,BR-D,27.79,2026-02-06
SKU-00449,Item-00449,BR-A,61.4,2026-02-08
SKU-00074,Flour 2kg,BR-D,151.69,2026-02-19
SKU-00069,Fish Fillet 500g,BR-C,140.24,2026-02-09
SKU-00495,Item-00495,BR-B,109.81,2026-02-10
SKU-00394,Item-00394,BR-D,91.99,2026-02-21
SKU-00046,Fish Fingers 500g,BR-B,41.83,2026-02-23
SKU-00111,Item-00111,BR-C,30.69,2026-02-02
SKU-00190,Item-00190,BR-D,112.16,2026-02-01
SKU-00483,Item-00483,BR-B,38.89,2026-02-26
SKU-00057,Chocolate Bar,BR-D,49.2,2026-02-11
SKU-00294,Item-00294,BR-A,188.16,2026-02-06
SKU-00285,Item-00285,BR-B,115.35,2026-02-23
SKU-00422,Item-00422,BR-E,94.27,2026-02-23
SKU-00171,Item-00171,BR-E,88.27,2026-02-15
SKU-00564,Item-00564,BR-A,13.92,2026-02-08
SKU-00532,Item-00532,BR-A,242.18,2026-02-06
SKU-00119,Item-00119,BR-B,183.84,2026-02-28
SKU-00572,Item-00572,BR-E,19.65,2026-02-27
SKU-00382,Item-00382,BR-B,85.29,2026-02-01
SKU-00452,Item-00452,BR-A,166.77,2026-02-12
SKU-00510,Item-00510,BR-A,180.28,2026-02-20
SKU-00383,Item-00383,BR-A,47.33,2026-02-29
SKU-00274,Item-00274,BR-C,91.4,2026-02-11
SKU-00597,Item-00597,BR-E,83.51,2026-02-30
SKU-00326,Item-00326,BR-E,58.79,2026-02-13
SKU-00253,Item-00253,BR-C,14.08,2026-02-21
SKU-00192,Item-00192,BR-C,16.94,2026-02-03
SKU-00495,Item-00495,BR-E,237.83,2026-02-12
SKU-00078,Salt 1kg,BR-E,147.18,2026-02-09
SKU-00343,Item-00343,BR-B,98.83,2026-02-15
SKU-00203,Item-00203,BR-C,65.74,2026-02-28
SKU-00343,Item-00343,BR-E,123.76,2026-02-20
SKU-00505,Item-00505,BR-D,77.94,2026-02-09
SKU-00427,Item-00427,BR-A,230.44,2026-02-03
SKU-00328,Item-00328,BR-B,43.12,2026-02-14
SKU-00344,Item-00344,BR-B,39.37,2026-02-28
SKU-00268,Item-00268,BR-D,118.53,2026-02-04
SKU-00003,Mineral Water 500ml,BR-A,84.86,2026-02-06
SKU-00597,Item-00597,BR-D,52.19,2026-02-09
SKU-00045,Chicken Fingers 500g,BR-E,45.27,2026-02-09
SKU-00253,Item-00253,BR-D,40.06,2026-02-18
SKU-00123,Item-00123,BR-B,67.71,2026-02-16
SKU-00256,Item-00256,BR-A,11.38,2026-02-01
SKU-00332,Item-00332,BR-E,163.44,2026-02-28
SKU-00013,Sports Drink 600ml,BR-C,25.01,2026-02-17
SKU-00043,Frozen Peas 500g,BR-E,31.75,2026-02-07
SKU-00290,Item-00290,BR-A,57.59,2026-02-27
SKU-00116,Item-00116,BR-A,243.15,2026-02-23
SKU-00227,Item-00227,BR-C,56.88,2026-02-27
SKU-00443,Item-00443,BR-E,57.2,2026-02-04
SKU-00242,Item-00242,BR-A,81.72,2026-02-19
SKU-00311,Item-00311,BR-D,7.38,2026-02-21
SKU-00077,Canned Tuna 185g,BR-B,455.5,2026-02-29
SKU-00441,Item-00441,BR-D,209.48,2026-02-05
SKU-00518,Item-00518,BR-A,56.51,2026-02-24
SKU-00356,Item-00356,BR-E,42.22,2026-02-25
SKU-00163,Item-00163,BR-A,23.66,2026-02-20
SKU-00522,Item-00522,BR-E,128.47,2026-02-29
SKU-00329,Item-00329,BR-E,96.94,2026-02-01
SKU-00593,Item-00593,BR-B,58.69,2026-02-24
SKU-00266,Item-00266,BR-D,74.49,2026-02-12
SKU-00508,Item-00508,BR-A,40.93,2026-02-16
SKU-00525,Item-00525,BR-A,92.4,2026-02-19
SKU-00354,Item-00354,BR-A,147.78,2026-02-19
SKU-00406,Item-00406,BR-C,19.91,2026-02-12
SKU-00041,Potato Chips 150g,BR-E,255.63,2026-02-23
SKU-00578,Item-00578,BR-C,52.05,2026-02-25
SKU-00131,Item-00131,BR-B,117.6,2026-02-09
SKU-00566,Item-00566,BR-D,126.34,2026-02-06
SKU-00424,Item-00424,BR-A,292.5,2026-02-19
SKU-00373,Item-00373,BR-C,154.95,2026-02-13
SKU-00122,Item-00122,BR-E,137.86,2026-02-28
SKU-00517,Item-00517,BR-B,8.04,2026-02-02
SKU-00531,Item-00531,BR-B,48.59,2026-02-30
SKU-00286,Item-00286,BR-B,132.89,2026-02-17
SKU-00362,Item-00362,BR-E,73.33,2026-02-19
SKU-00177,Item-00177,BR-A,177.2,2026-02-13
SKU-00201,Item-00201,BR-B,161.36,2026-02-14
SKU-00146,Item-00146,BR-D,126.0,2026-02-08
SKU-00425,Item-00425,BR-E,228.76,2026-02-16
SKU-00349,Item-00349,BR-B,66.35,2026-02-07
SKU-00353,Item-00353,BR-C,68.85,2026-02-18
SKU-00034,Bananas 1kg,BR-B,452.04,2026-02-27
SKU-00138,Item-00138,BR-E,15.54,2026-02-16
SKU-00083,Item-00083,BR-A,198.25,2026-02-12
SKU-00019,Cream 200ml,BR-B,317.42,2026-02-19
SKU-00294,Item-00294,BR-C,212.76,2026-02-22
SKU-00219,Item-00219,BR-C,77.44,2026-02-21
SKU-00289,Item-00289,BR-B,122.41,2026-02-07
SKU-00191,Item-00191,BR-B,156.86,2026-02-17
SKU-00442,Item-00442,BR-D,238.79,2026-02-21
SKU-00052,Shampoo 400ml,BR-D,63.22,2026-02-24
SKU-00264,Item-00264,BR-D,46.82,2026-02-25
SKU-00053,Toothpaste 100ml,BR-A,79.69,2026-02-10
SKU-00002,Orange Juice 1L,BR-E,9.38,2026-02-24
SKU-00480,Item-00480,BR-E,3.58,2026-02-03
SKU-00560,Item-00560,BR-D,91.05,2026-02-20
SKU-00355,Item-00355,BR-B,227.42,2026-02-30
SKU-00290,Item-00290,BR-B,61.13,2026-02-08
SKU-00133,Item-00133,BR-B,132.64,2026-02-25
SKU-00505,Item-00505,BR-D,72.98,2026-02-15
SKU-00259,Item-00259,BR-C,132.66,2026-02-06
SKU-00110,Item-00110,BR-E,171.13,2026-02-03
SKU-00103,Item-00103,BR-C,130.29,2026-02-02
SKU-00233,Item-00233,BR-D,2.87,2026-02-27
SKU-00406,Item-00406,BR-E,25.31,2026-02-28
SKU-00305,Item-00305,BR-B,60.95,2026-02-24
SKU-00293,Item-00293,BR-D,124.37,2026-02-23
SKU-00574,Item-00574,BR-B,13.98,2026-02-20
SKU-00319,Item-00319,BR-D,75.97,2026-02-13
SKU-00591,Item-00591,BR-B,95.82,2026-02-11
SKU-00248,Item-00248,BR-B,71.17,2026-02-30
SKU-00325,Item-00325,BR-C,157.28,2026-02-23
SKU-00486,Item-00486,BR-E,104.03,2026-02-15
SKU-00464,Item-00464,BR-E,45.83,2026-02-25
SKU-00584,Item-00584,BR-E,52.7,2026-02-14
SKU-00081,Item-00081,BR-B,133.24,2026-02-23
SKU-00298,Item-00298,BR-C,227.88,2026-02-23
SKU-00067,Sausages 400g,BR-A,71.63,2026-02-15
SKU-00178,Item-00178,BR-B,216.78,2026-02-21
SKU-00053,Toothpaste 100ml,BR-A,87.53,2026-02-16
SKU-00500,Item-00500,BR-E,35.72,2026-02-07
SKU-00518,Item-00518,BR-E,75.1,2026-02-10
SKU-00577,Item-00577,BR-E,27.81,2026-02-19
SKU-00088,Item-00088,BR-D,202.35,2026-02-26
SKU-00139,Item-00139,BR-A,146.58,2026-02-04
SKU-00024,Bread Loaf,BR-A,30.01,2026-02-17
SKU-00418,Item-00418,BR-D,190.34,2026-02-11
SKU-00088,Item-00088,BR-C,187.03,2026-02-04
SKU-00260,Item-00260,BR-E,160.45,2026-02-19
SKU-00408,Item-00408,BR-D,82.41,2026-02-22
SKU-00015,Butter 250g,BR-E,153.86,2026-02-21
SKU-00362,Item-00362,BR-E,107.06,2026-02-09
SKU-00161,Item-00161,BR-B,43.59,2026-02-21
SKU-00301,Item-00301,BR-E,161.43,2026-02-23
SKU-00132,Item-00132,BR-E,49.89,2026-02-28
SKU-00046,Fish Fingers 500g,BR-C,37.34,2026-02-15
SKU-00160,Item-00160,BR-C,90.66,2026-02-28
SKU-00263,Item-00263,BR-B,156.4,2026-02-08
SKU-00443,Item-00443,BR-D,42.28,2026-02-16
SKU-00510,Item-00510,BR-D,154.96,2026-02-26
SKU-00134,Item-00134,BR-D,36.67,2026-02-18
SKU-00494,Item-00494,BR-C,79.99,2026-02-01
SKU-00307,Item-00307,BR-E,105.29,2026-02-01
SKU-00482,Item-00482,BR-D,19.75,2026-02-21
SKU-00187,Item-00187,BR-E,54.13,2026-02-03
SKU-00591,Item-00591,BR-E,105.37,2026-02-13
SKU-00403,Item-00403,BR-D,71.85,2026-02-22
SKU-00280,Item-00280,BR-D,62.72,2026-02-30
SKU-00093,Item-00093,BR-D,155.24,2026-02-10
SKU-00236,Item-00236,BR-C,194.2,2026-02-26
SKU-00251,Item-00251,BR-A,103.74,2026-02-07
SKU-00397,Item-00397,BR-E,132.99,2026-02-12
SKU-00334,Item-00334,BR-E,8.34,2026-02-13
SKU-00502,Item-00502,BR-B,70.67,2026-02-18
SKU-00096,Item-00096,BR-A,22.81,2026-02-23
SKU-00230,Item-00230,BR-E,82.49,2026-02-13
SKU-00275,Item-00275,BR-D,303.3,2026-02-03
SKU-00188,Item-00188,BR-D,126.55,2026-02-21
SKU-00210,Item-00210,BR-D,164.86,2026-02-25
SKU-00587,Item-00587,BR-D,191.63,2026-02-15
SKU-00342,Item-00342,BR-D,153.79,2026-02-19
SKU-00040,Carrots 1kg,BR-E,168.81,2026-02-27
SKU-00345,Item-00345,BR-D,211.88,2026-02-01
SKU-00064,Chicken Breast 1kg,BR-D,113.41,2026-02-30
SKU-00121,Item-00121,BR-A,57.22,2026-02-09
SKU-00058,Biscuits Pack,BR-D,287.01,2026-02-26
SKU-00057,Chocolate Bar,BR-C,69.3,2026-02-03
SKU-00210,Item-00210,BR-C,300.67,2026-02-07
SKU-00488,Item-00488,BR-B,182.39,2026-02-06
SKU-00495,Item-00495,BR-B,254.22,2026-02-19
SKU-00558,Item-00558,BR-D,82.58,2026-02-02
SKU-00343,Item-00343,BR-C,92.01,2026-02-23
SKU-00038,Cucumbers 500g,BR-D,97.54,2026-02-19
SKU-00394,Item-00394,BR-E,110.62,2026-02-11
SKU-00300,Item-00300,BR-E,10.36,2026-02-16
SKU-00010,Iced Tea 500ml,BR-A,18.65,2026-02-07
SKU-00108,Item-00108,BR-B,245.67,2026-02-19
SKU-00200,Item-00200,BR-D,137.96,2026-02-06
SKU-00066,Lamb Chops 500g,BR-B,228.22,2026-02-18
SKU-00295,Item-00295,BR-A,98.14,2026-02-23
SKU-00139,Item-00139,BR-E,240.8,2026-02-06
SKU-00384,Item-00384,BR-A,59.17,2026-02-14
SKU-00088,Item-00088,BR-D,238.23,2026-02-12
SKU-00345,Item-00345,BR-E,138.18,2026-02-23
SKU-00378,Item-00378,BR-C,98.55,2026-02-11
SKU-00570,Item-00570,BR-D,66.52,2026-02-29
SKU-00448,Item-00448,BR-B,94.64,2026-02-25
SKU-00152,Item-00152,BR-E,86.59,2026-02-20
SKU-00229,Item-00229,BR-B,49.69,2026-02-28
SKU-00450,Item-00450,BR-E,155.4,2026-02-24
SKU-00199,Item-00199,BR-C,27.02,2026-02-14
SKU-00308,Item-00308,BR-D,77.19,2026-02-22
SKU-00318,Item-00318,BR-D,86.21,2026-02-12
SKU-00329,Item-00329,BR-A,127.89,2026-02-17
SKU-00252,Item-00252,BR-A,185.04,2026-02-04
SKU-00564,Item-00564,BR-C,8.1,2026-02-18
SKU-00051,Hand Soap,BR-E,102.69,2026-02-10
SKU-00360,Item-00360,BR-A,24.63,2026-02-04
SKU-00013,Sports Drink 600ml,BR-C,10.17,2026-02-18
SKU-00570,Item-00570,BR-D,44.7,2026-02-09
SKU-00260,Item-00260,BR-D,114.53,2026-02-15
SKU-00545,Item-00545,BR-E,36.33,2026-02-27
SKU-00394,Item-00394,BR-C,54.32,2026-02-30
SKU-00225,Item-00225,BR-B,62.73,2026-02-09
SKU-00588,Item-00588,BR-D,128.56,2026-02-16
SKU-00592,Item-00592,BR-B,108.62,2026-02-23
SKU-00441,Item-00441,BR-B,152.95,2026-02-03
SKU-00354,Item-00354,BR-A,96.79,2026-02-07
SKU-00563,Item-00563,BR-D,243.81,2026-02-02
SKU-00331,Item-00331,BR-B,48.39,2026-02-11
SKU-00004,Energy Drink 250ml,BR-C,85.12,2026-02-01
SKU-00490,Item-00490,BR-E,144.91,2026-02-09
SKU-00364,Item-00364,BR-E,60.33,2026-02-14
SKU-00387,Item-00387,BR-A,164.38,2026-02-30
SKU-00325,Item-00325,BR-E,100.36,2026-02-15
SKU-00306,Item-00306,BR-D,104.15,2026-02-14
SKU-00374,Item-00374,BR-B,64.76,2026-02-17
SKU-00359,Item-00359,BR-E,81.1,2026-02-24
SKU-00355,Item-00355,BR-C,158.37,2026-02-26
SKU-00549,Item-00549,BR-C,110.73,2026-02-26
SKU-00400,Item-00400,BR-A,56.17,2026-02-19
SKU-00328,Item-00328,BR-B,18.58,2026-02-16
SKU-00495,Item-00495,BR-C,184.41,2026-02-03
SKU-00146,Item-00146,BR-B,188.43,2026-02-15
SKU-00379,Item-00379,BR-D,114.38,2026-02-28
SKU-00084,Item-00084,BR-E,124.28,2026-02-16
SKU-00341,Item-00341,BR-C,180.22,2026-02-18
SKU-00227,Item-00227,BR-B,62.85,2026-02-02
SKU-00030,Cake Slice,BR-A,92.63,2026-02-10
SKU-00360,Item-00360,BR-A,21.11,2026-02-18
SKU-00374,Item-00374,BR-C,44.07,2026-02-03
SKU-00586,Item-00586,BR-B,38.27,2026-02-10
SKU-00419,Item-00419,BR-B,201.42,2026-02-16
SKU-00106,Item-00106,BR-B,124.12,2026-02-29
SKU-00057,Chocolate Bar,BR-D,37.45,2026-02-29
SKU-00200,Item-00200,BR-C,128.36,2026-02-30
SKU-00600,Item-00600,BR-E,94.61,2026-02-26
SKU-00161,Item-00161,BR-E,35.64,2026-02-20
SKU-00414,Item-00414,BR-A,163.79,2026-02-25
SKU-00334,Item-00334,BR-D,9.45,2026-02-05
SKU-00488,Item-00488,BR-B,259.33,2026-02-08
SKU-00049,Detergent 1L,BR-E,234.96,2026-02-19
SKU-00528,Item-00528,BR-B,262.62,2026-02-14
SKU-00028,Baguette,BR-E,37.21,2026-02-16
SKU-00516,Item-00516,BR-C,396.54,2026-02-26
SKU-00057,Chocolate Bar,BR-C,42.46,2026-02-02
SKU-00455,Item-00455,BR-B,70.99,2026-02-20
SKU-00028,Baguette,BR-A,22.63,2026-02-08
SKU-00187,Item-00187,BR-B,41.32,2026-02-17
SKU-00163,Item-00163,BR-C,12.83,2026-02-11
SKU-00312,Item-00312,BR-A,57.39,2026-02-04
SKU-00070,دجاج كامل,BR-D,60.28,2026-02-18
SKU-00453,Item-00453,BR-B,106.82,2026-02-18
SKU-00093,Item-00093,BR-E,234.04,2026-02-15
SKU-00036,Onions 1kg,BR-E,153.46,2026-02-16
SKU-00338,Item-00338,BR-C,215.3,2026-02-26
SKU-00003,Mineral Water 500ml,BR-C,62.31,2026-02-20
SKU-00489,Item-00489,BR-B,100.07,2026-02-20
SKU-00380,Item-00380,BR-A,37.86,2026-02-01
SKU-00358,Item-00358,BR-A,239.63,2026-02-14
SKU-00426,Item-00426,BR-D,138.23,2026-02-18
SKU-00110,Item-00110,BR-C,140.01,2026-02-15
SKU-00029,Donuts 6pk,BR-B,341.89,2026-02-30
SKU-00342,Item-00342,BR-B,219.82,2026-02-18
SKU-00160,Item-00160,BR-A,135.45,2026-02-19
SKU-00175,Item-00175,BR-C,14.33,2026-02-16
SKU-00248,Item-00248,BR-A,122.61,2026-02-07
SKU-00580,Item-00580,BR-A,94.24,2026-02-17
SKU-00221,Item-00221,BR-A,67.57,2026-02-30
SKU-00514,Item-00514,BR-B,33.92,2026-02-30
SKU-00529,Item-00529,BR-A,135.42,2026-02-18
SKU-00405,Item-00405,BR-D,128.89,2026-02-30
SKU-00409,Item-00409,BR-D,74.44,2026-02-12
SKU-00578,Item-00578,BR-C,37.11,2026-02-30
SKU-00335,Item-00335,BR-C,76.7,2026-02-24
SKU-00453,Item-00453,BR-D,97.13,2026-02-01
SKU-00301,Item-00301,BR-A,120.77,2026-02-26
SKU-00546,Item-00546,BR-E,180.66,2026-02-01
SKU-00554,Item-00554,BR-C,42.61,2026-02-05
SKU-00217,Item-00217,BR-C,154.44,2026-02-12
SKU-00484,Item-00484,BR-B,59.57,2026-02-10
SKU-00117,Item-00117,BR-A,164.07,2026-02-02
SKU-00479,Item-00479,BR-C,18.41,2026-02-13
SKU-00015,Butter 250g,BR-E,202.4,2026-02-22
SKU-00118,Item-00118,BR-A,132.93,2026-02-13
SKU-00448,Item-00448,BR-A,82.62,2026-02-23
SKU-00283,Item-00283,BR-D,84.77,2026-02-02
SKU-00043,Frozen Peas 500g,BR-C,53.63,2026-02-21
SKU-00568,Item-00568,BR-E,102.56,2026-02-01
SKU-00416,Item-00416,BR-E,79.06,2026-02-21
SKU-00394,Item-00394,BR-C,61.43,2026-02-08
SKU-00341,Item-00341,BR-D,182.08,2026-02-28
SKU-00519,Item-00519,BR-A,196.96,2026-02-21
SKU-00404,Item-00404,BR-B,63.76,2026-02-16
SKU-00144,Item-00144,BR-B,74.01,2026-02-17
SKU-00100,Item-00100,BR-D,94.5,2026-02-08
SKU-00358,Item-00358,BR-A,225.21,2026-02-28
SKU-00189,Item-00189,BR-C,144.92,2026-02-26
SKU-00417,Item-00417,BR-D,28.31,2026-02-02
SKU-00042,Ice Cream 500ml,BR-A,12.92,2026-02-30
SKU-00562,Item-00562,BR-A,220.24,2026-02-29
SKU-00564,Item-00564,BR-E,12.77,2026-02-21
SKU-00170,Item-00170,BR-C,20.72,2026-02-19
SKU-00386,Item-00386,BR-A,64.88,2026-02-19
SKU-00515,Item-00515,BR-D,103.15,2026-02-01
SKU-00514,Item-00514,BR-A,48.52,2026-02-18
SKU-00575,Item-00575,BR-A,27.28,2026-02-28
SKU-00559,Item-00559,BR-C,91.29,2026-02-06
SKU-00563,Item-00563,BR-A,124.12,2026-02-09
SKU-00334,Item-00334,BR-C,8.34,2026-02-05
SKU-00379,Item-00379,BR-D,82.27,2026-02-12
SKU-00225,Item-00225,BR-D,53.32,2026-02-19
SKU-00513,Item-00513,BR-D,252.34,2026-02-06
SKU-00599,Item-00599,BR-C,301.37,2026-02-21
SKU-00599,Item-00599,BR-C,164.39,2026-02-18
SKU-00062,Pretzels 200g,BR-E,230.58,2026-02-15
SKU-00123,Item-00123,BR-D,75.92,2026-02-03
SKU-00345,Item-00345,BR-D,125.43,2026-02-29
SKU-00285,Item-00285,BR-B,119.7,2026-02-03
SKU-00272,Item-00272,BR-C,130.23,2026-02-11
SKU-00038,Cucumbers 500g,BR-C,102.76,2026-02-06
SKU-00441,Item-00441,BR-C,103.11,2026-02-22
SKU-00513,Item-00513,BR-B,293.71,2026-02-24
SKU-00293,Item-00293,BR-C,114.99,2026-02-27
SKU-00588,Item-00588,BR-A,220.82,2026-02-27
SKU-00475,Item-00475,BR-E,66.2,2026-02-16
SKU-00439,Item-00439,BR-B,52.05,2026-02-18
SKU-00197,Item-00197,BR-D,93.24,2026-02-11
SKU-00169,Item-00169,BR-C,117.13,2026-02-22
SKU-00427,Item-00427,BR-A,240.17,2026-02-22
SKU-00124,Item-00124,BR-C,11.13,2026-02-29
SKU-00277,Item-00277,BR-A,123.41,2026-02-04
SKU-00195,Item-00195,BR-C,79.5,2026-02-12
SKU-00350,Item-00350,BR-D,101.01,2026-02-27
SKU-00441,Item-00441,BR-B,127.11,2026-02-09
SKU-00126,Item-00126,BR-C,6.99,2026-02-19
SKU-00361,Item-00361,BR-C,155.51,2026-02-21
SKU-00371,Item-00371,BR-B,68.76,2026-02-12
SKU-00412,Item-00412,BR-E,109.92,2026-02-29
SKU-00281,Item-00281,BR-E,295.81,2026-02-15
SKU-00161,Item-00161,BR-D,24.86,2026-02-07
SKU-00315,Item-00315,BR-A,39.07,2026-02-20
SKU-00217,Item-00217,BR-D,128.14,2026-02-26
SKU-00255,Item-00255,BR-B,118.55,2026-02-08
SKU-00250,Item-00250,BR-B,90.73,2026-02-15
SKU-00440,Item-00440,BR-D,51.41,2026-02-11
SKU-00519,Item-00519,BR-E,266.78,2026-02-28
SKU-00300,Item-00300,BR-D,10.06,2026-02-23
SKU-00469,Item-00469,BR-C,63.52,2026-02-19
SKU-00297,Item-00297,BR-C,69.93,2026-02-03
SKU-00207,Item-00207,BR-D,216.9,2026-02-16
SKU-00161,Item-00161,BR-D,28.64,2026-02-27
SKU-00005,Soda Can,BR-C,202.0,2026-02-29
SKU-00450,Item-00450,BR-E,129.07,2026-02-07
SKU-00078,Salt 1kg,BR-D,123.05,2026-02-25
SKU-00212,Item-00212,BR-A,46.3,2026-02-11
SKU-00250,Item-00250,BR-C,55.5,2026-02-22
SKU-00547,Item-00547,BR-B,68.26,2026-02-11
SKU-00099,Item-00099,BR-E,132.53,2026-02-09
SKU-00554,Item-00554,BR-A,24.91,2026-02-18
SKU-00060,Nuts Mix 200g,BR-A,110.36,2026-02-17
SKU-00375,Item-00375,BR-B,43.55,2026-02-25
SKU-00247,Item-00247,BR-E,130.04,2026-02-12
SKU-00497,Item-00497,BR-B,36.76,2026-02-11
SKU-00594,Item-00594,BR-A,62.18,2026-02-14
SKU-00013,Sports Drink 600ml,BR-E,10.34,2026-02-23
SKU-00390,Item-00390,BR-C,19.32,2026-02-05
SKU-00421,Item-00421,BR-B,222.77,2026-02-16
SKU-00566,Item-00566,BR-E,217.04,2026-02-11
SKU-00108,Item-00108,BR-E,190.04,2026-02-29
SKU-00437,Item-00437,BR-A,306.37,2026-02-11
SKU-00045,Chicken Fingers 500g,BR-D,14.16,2026-02-10
SKU-00034,Bananas 1kg,BR-A,248.27,2026-02-20
SKU-00596,Item-00596,BR-D,121.5,2026-02-05
SKU-00537,Item-00537,BR-A,163.53,2026-02-16
SKU-00363,Item-00363,BR-B,124.04,2026-02-13
SKU-00429,Item-00429,BR-C,53.12,2026-02-14
SKU-00566,Item-00566,BR-A,258.6,2026-02-26
SKU-00168,Item-00168,BR-A,119.8,2026-02-08
SKU-00483,Item-00483,BR-B,63.22,2026-02-15
SKU-00085,Item-00085,BR-C,142.96,2026-02-07
SKU-00011,Thermos Flask 500ml,BR-E,62.22,2026-02-30
SKU-00054,Cleaning Spray,BR-C,408.78,2026-02-13
SKU-00182,Item-00182,BR-D,7.11,2026-02-21
SKU-00182,Item-00182,BR-C,6.07,2026-02-11
SKU-00460,Item-00460,BR-E,199.79,2026-02-17
SKU-00176,Item-00176,BR-A,90.32,2026-02-18
SKU-00121,Item-00121,BR-C,89.96,2026-02-26
SKU-00213,Item-00213,BR-B,126.04,2026-02-22
SKU-00179,Item-00179,BR-C,36.89,2026-02-19
SKU-00255,Item-00255,BR-E,260.14,2026-02-10
SKU-00502,Item-00502,BR-C,133.5,2026-02-17
SKU-00550,Item-00550,BR-D,79.0,2026-02-09
SKU-00466,Item-00466,BR-E,131.43,2026-02-21
SKU-00588,Item-00588,BR-B,122.36,2026-02-14
SKU-00222,Item-00222,BR-D,195.12,2026-02-17
SKU-00248,Item-00248,BR-D,113.38,2026-02-21
SKU-00375,Item-00375,BR-A,80.78,2026-02-18
SKU-00250,Item-00250,BR-E,64.22,2026-02-28
SKU-00512,Item-00512,BR-D,270.33,2026-02-02
SKU-00193,Item-00193,BR-A,122.92,2026-02-21
SKU-00080,زيت زيتون 1 لتر,BR-B,130.6,2026-02-23
SKU-00513,Item-00513,BR-A,141.51,2026-02-04
SKU-00384,Item-00384,BR-D,49.59,2026-02-04
SKU-00050,Toilet Paper 6pk,BR-A,58.53,2026-02-29
SKU-00205,Item-00205,BR-B,77.58,2026-02-30
SKU-00446,Item-00446,BR-B,51.23,2026-02-13
SKU-00056,Chips 150g,BR-E,207.92,2026-02-24
SKU-00283,Item-00283,BR-B,93.42,2026-02-30
SKU-00233,Item-00233,BR-B,2.29,2026-02-02
SKU-00563,Item-00563,BR-B,95.09,2026-02-16
SKU-00088,Item-00088,BR-D,164.23,2026-02-10
SKU-00325,Item-00325,BR-D,129.6,2026-02-11
SKU-00113,Item-00113,BR-E,200.48,2026-02-01
SKU-00568,Item-00568,BR-A,153.35,2026-02-01
SKU-00341,Item-00341,BR-D,203.76,2026-02-08
SKU-00367,Item-00367,BR-B,92.99,2026-02-12
SKU-00378,Item-00378,BR-A,62.36,2026-02-12
SKU-00187,Item-00187,BR-C,52.85,2026-02-01
SKU-00154,Item-00154,BR-B,249.48,2026-02-26
SKU-00386,Item-00386,BR-D,74.76,2026-02-14
SKU-00335,Item-00335,BR-D,102.24,2026-02-06
SKU-00198,Item-00198,BR-C,149.75,2026-02-10
SKU-00084,Item-00084,BR-C,77.11,2026-02-03
SKU-00511,Item-00511,BR-C,83.18,2026-02-16
SKU-00506,Item-00506,BR-C,218.03,2026-02-11
SKU-00540,Item-00540,BR-D,221.19,2026-02-23
SKU-00537,Item-00537,BR-E,133.79,2026-02-27
SKU-00568,Item-00568,BR-B,125.42,2026-02-11
SKU-00117,Item-00117,BR-A,107.58,2026-02-09
SKU-00119,Item-00119,BR-B,172.39,2026-02-10
SKU-00374,Item-00374,BR-C,66.51,2026-02-03
SKU-00209,Item-00209,BR-D,176.72,2026-02-29
SKU-00271,Item-00271,BR-A,137.95,2026-02-22
SKU-00420,Item-00420,BR-D,21.49,2026-02-11
SKU-00055,Garbage Bags 30pk,BR-E,209.94,2026-02-01
SKU-00197,Item-00197,BR-C,56.15,2026-02-26
SKU-00093,Item-00093,BR-D,190.99,2026-02-15
SKU-00030,Cake Slice,BR-D,149.88,2026-02-02
SKU-00117,Item-00117,BR-A,227.5,2026-02-18
SKU-00227,Item-00227,BR-A,48.55,2026-02-27
SKU-00090,Item-00090,BR-D,92.57,2026-02-11
SKU-00482,Item-00482,BR-E,26.33,2026-02-14
SKU-00266,Item-00266,BR-A,42.39,2026-02-22
SKU-00325,Item-00325,BR-C,197.71,2026-02-24
SKU-00059,Gum Pack,BR-D,78.26,2026-02-28
SKU-00298,Item-00298,BR-A,158.73,2026-02-07
SKU-00278,Item-00278,BR-B,63.06,2026-02-27
SKU-00072,Sugar 1kg,BR-A,331.21,2026-02-11
SKU-00299,Item-00299,BR-D,182.93,2026-02-30
SKU-00541,Item-00541,BR-B,198.32,2026-02-02
SKU-00436,Item-00436,BR-C,14.0,2026-02-03
SKU-00433,Item-00433,BR-E,93.75,2026-02-17
SKU-00357,Item-00357,BR-A,102.76,2026-02-05
SKU-00244,Item-00244,BR-C,164.2,2026-02-11
SKU-00151,Item-00151,BR-A,105.73,2026-02-14
SKU-00264,Item-00264,BR-C,45.93,2026-02-04
SKU-00444,Item-00444,BR-C,29.05,2026-02-14
SKU-00035,Potatoes 2kg,BR-C,103.99,2026-02-04
SKU-00219,Item-00219,BR-D,144.35,2026-02-04
SKU-00230,Item-00230,BR-C,130.35,2026-02-26
SKU-00248,Item-00248,BR-A,71.5,2026-02-16
SKU-00557,Item-00557,BR-E,147.46,2026-02-16
SKU-00549,Item-00549,BR-D,129.37,2026-02-11
SKU-00464,Item-00464,BR-D,48.31,2026-02-25
SKU-00540,Item-00540,BR-B,178.61,2026-02-23
SKU-00331,Item-00331,BR-C,85.86,2026-02-27
SKU-00511,Item-00511,BR-B,148.76,2026-02-12
SKU-00481,Item-00481,BR-B,96.68,2026-02-02
SKU-00097,Item-00097,BR-D,33.94,2026-02-27
SKU-00372,Item-00372,BR-B,121.0,2026-02-23
SKU-00496,Item-00496,BR-C,73.71,2026-02-26
SKU-00578,Item-00578,BR-B,31.07,2026-02-24
SKU-00119,Item-00119,BR-E,127.96,2026-02-19
SKU-00459,Item-00459,BR-C,218.61,2026-02-12
SKU-00174,Item-00174,BR-E,5.25,2026-02-22
SKU-00363,Item-00363,BR-A,112.11,2026-02-19
SKU-00157,Item-00157,BR-E,73.75,2026-02-24
SKU-00157,Item-00157,BR-D,74.12,2026-02-07
SKU-00177,Item-00177,BR-C,203.77,2026-02-04
SKU-00093,Item-00093,BR-E,109.04,2026-02-26
SKU-00391,Item-00391,BR-B,158.74,2026-02-29
SKU-00027,Muffin 4pk,BR-E,63.82,2026-02-24
SKU-00056,Chips 150g,BR-D,135.61,2026-02-25
SKU-00126,Item-00126,BR-B,10.05,2026-02-15
SKU-00597,Item-00597,BR-C,98.37,2026-02-05
SKU-00165,Item-00165,BR-B,48.67,2026-02-11
SKU-00400,Item-00400,BR-D,48.83,2026-02-27
SKU-00220,Item-00220,BR-E,89.61,2026-02-29
SKU-00440,Item-00440,BR-A,49.64,2026-02-23
SKU-00119,Item-00119,BR-C,93.53,2026-02-06
SKU-00509,Item-00509,BR-D,123.01,2026-02-21
SKU-00504,Item-00504,BR-B,81.01,2026-02-06
SKU-00104,Item-00104,BR-C,56.94,2026-02-09
SKU-00190,Item-00190,BR-A,84.59,2026-02-16
SKU-00268,Item-00268,BR-A,136.65,2026-02-03
SKU-00295,Item-00295,BR-B,138.68,2026-02-22
SKU-00338,Item-00338,BR-E,166.0,2026-02-26
SKU-00338,Item-00338,BR-B,275.58,2026-02-26
SKU-00003,Mineral Water 500ml,BR-E,91.04,2026-02-24
SKU-00561,Item-00561,BR-D,245.35,2026-02-23
SKU-00230,Item-00230,BR-D,105.9,2026-02-16
SKU-00216,Item-00216,BR-D,88.31,2026-02-08
SKU-00534,Item-00534,BR-A,201.42,2026-02-29
SKU-00074,Flour 2kg,BR-B,66.37,2026-02-11
SKU-00107,Item-00107,BR-A,135.91,2026-02-08
SKU-00213,Item-00213,BR-A,125.31,2026-02-07
SKU-00382,Item-00382,BR-A,67.32,2026-02-19
SKU-00286,Item-00286,BR-E,188.5,2026-02-23
SKU-00107,Item-00107,BR-B,113.34,2026-02-05
SKU-00186,Item-00186,BR-B,274.93,2026-02-18
SKU-00496,Item-00496,BR-B,64.14,2026-02-23
SKU-00486,Item-00486,BR-A,136.72,2026-02-24
SKU-00590,Item-00590,BR-C,32.8,2026-02-04
SKU-00255,Item-00255,BR-D,123.36,2026-02-12
SKU-00576,Item-00576,BR-D,170.26,2026-02-20
SKU-00174,Item-00174,BR-A,7.49,2026-02-14
SKU-00568,Item-00568,BR-B,104.66,2026-02-17
SKU-00007,Tea Bag 100s,BR-E,378.87,2026-02-15
SKU-00070,دجاج كامل,BR-C,47.78,2026-02-30
SKU-00460,Item-00460,BR-E,196.29,2026-02-18
SKU-00573,Item-00573,BR-B,108.77,2026-02-21
SKU-00285,Item-00285,BR-D,149.26,2026-02-18
SKU-00127,Item-00127,BR-A,33.02,2026-02-02
SKU-00257,Item-00257,BR-E,131.24,2026-02-27
SKU-00376,Item-00376,BR-C,26.27,2026-02-16
SKU-00016,Cheese Slices,BR-A,111.06,2026-02-12
SKU-00330,Item-00330,BR-E,232.81,2026-02-30
SKU-00271,Item-00271,BR-E,126.87,2026-02-25
SKU-00524,Item-00524,BR-A,195.22,2026-02-19
SKU-00238,Item-00238,BR-E,131.95,2026-02-30
SKU-00140,Item-00140,BR-E,48.89,2026-02-18
SKU-00170,Item-00170,BR-C,58.94,2026-02-08
SKU-00476,Item-00476,BR-A,138.62,2026-02-10
SKU-00103,Item-00103,BR-C,215.73,2026-02-08
SKU-00222,Item-00222,BR-A,107.92,2026-02-14
SKU-00427,Item-00427,BR-D,201.86,2026-02-23
SKU-00412,Item-00412,BR-B,159.43,2026-02-04
SKU-00587,Item-00587,BR-A,234.46,2026-02-04
SKU-00341,Item-00341,BR-C,94.79,2026-02-08
SKU-00502,Item-00502,BR-B,205.74,2026-02-09
SKU-00059,Gum Pack,BR-B,59.46,2026-02-15
SKU-00009,Lemonade 1L,BR-B,141.38,2026-02-07
SKU-00029,Donuts 6pk,BR-D,189.21,2026-02-05
SKU-00053,Toothpaste 100ml,BR-A,97.9,2026-02-17
SKU-00133,Item-00133,BR-A,222.4,2026-02-13
SKU-00187,Item-00187,BR-C,71.14,2026-02-05
SKU-00306,Item-00306,BR-D,146.09,2026-02-08
SKU-00151,Item-00151,BR-C,147.1,2026-02-02
SKU-00435,Item-00435,BR-C,94.18,2026-02-20
SKU-00025,Croissant,BR-C,244.76,2026-02-26
SKU-00452,Item-00452,BR-E,107.41,2026-02-27
SKU-00462,Item-00462,BR-B,120.08,2026-02-02
SKU-00354,Item-00354,BR-D,146.34,2026-02-20
SKU-00024,Bread Loaf,BR-B,63.96,2026-02-11
SKU-00012,أكوا 1.5 لتر,BR-E,121.42,2026-02-26
SKU-00425,Item-00425,BR-E,374.9,2026-02-24
SKU-00270,Item-00270,BR-C,102.68,2026-02-23
SKU-00458,Item-00458,BR-E,132.41,2026-02-15
SKU-00270,Item-00270,BR-C,109.31,2026-02-11
SKU-00267,Item-00267,BR-A,147.76,2026-02-29
SKU-00087,Item-00087,BR-C,54.9,2026-02-14
SKU-00496,Item-00496,BR-C,62.51,2026-02-02
SKU-00120,Item-00120,BR-D,302.53,2026-02-20
SKU-00249,Item-00249,BR-A,114.24,2026-02-08
SKU-00264,Item-00264,BR-A,22.14,2026-02-24
SKU-00552,Item-00552,BR-A,182.51,2026-02-19
SKU-00074,Flour 2kg,BR-C,93.35,2026-02-14
SKU-00368,Item-00368,BR-C,42.38,2026-02-02
SKU-00014,Milk 1L,BR-A,48.95,2026-02-10
SKU-00423,Item-00423,BR-C,103.02,2026-02-15
SKU-00395,Item-00395,BR-E,69.39,2026-02-18
SKU-00452,Item-00452,BR-C,103.59,2026-02-10
SKU-00565,Item-00565,BR-E,71.82,2026-02-13
SKU-00436,Item-00436,BR-B,24.07,2026-02-03
SKU-00198,Item-00198,BR-E,84.9,2026-02-11
SKU-00082,Item-00082,BR-A,146.68,2026-02-22
SKU-00110,Item-00110,BR-D,202.36,2026-02-12
SKU-00062,Pretzels 200g,BR-E,188.99,2026-02-11
SKU-00024,Bread Loaf,BR-C,36.96,2026-02-01
SKU-00450,Item-00450,BR-A,205.1,2026-02-21
SKU-00444,Item-00444,BR-C,40.8,2026-02-28
SKU-00397,Item-00397,BR-B,326.02,2026-02-04
SKU-00041,Potato Chips 150g,BR-B,174.92,2026-02-08
SKU-00125,Item-00125,BR-E,51.33,2026-02-06
SKU-00371,Item-00371,BR-C,55.1,2026-02-17
SKU-00261,Item-00261,BR-C,33.42,2026-02-10
SKU-00375,Item-00375,BR-E,91.22,2026-02-09
SKU-00316,Item-00316,BR-A,185.92,2026-02-06
SKU-00521,Item-00521,BR-A,279.4,2026-02-26
SKU-00248,Item-00248,BR-D,91.9,2026-02-24
SKU-00286,Item-00286,BR-D,169.76,2026-02-23
SKU-00161,Item-00161,BR-E,44.22,2026-02-19
SKU-00095,Item-00095,BR-C,176.26,2026-02-17
SKU-00590,Item-00590,BR-C,12.43,2026-02-22
SKU-00317,Item-00317,BR-D,34.7,2026-02-18
SKU-00262,Item-00262,BR-D,227.85,2026-02-19
SKU-00159,Item-00159,BR-C,22.56,2026-02-17
SKU-00507,Item-00507,BR-E,188.25,2026-02-25
SKU-00250,Item-00250,BR-D,111.23,2026-02-26
SKU-00489,Item-00489,BR-D,215.96,2026-02-16
SKU-00211,Item-00211,BR-D,168.55,2026-02-09
SKU-00152,Item-00152,BR-C,30.05,2026-02-18
SKU-00466,Item-00466,BR-A,235.6,2026-02-19
SKU-00458,Item-00458,BR-C,105.98,2026-02-14
SKU-00436,Item-00436,BR-D,40.03,2026-02-03
SKU-00124,Item-00124,BR-E,6.29,2026-02-13
SKU-00260,Item-00260,BR-B,113.07,2026-02-20
SKU-00216,Item-00216,BR-A,110.29,2026-02-16
SKU-00016,Cheese Slices,BR-E,182.29,2026-02-28
SKU-00459,Item-00459,BR-C,103.31,2026-02-12
SKU-00447,Item-00447,BR-B,226.75,2026-02-21
SKU-00426,Item-00426,BR-D,82.08,2026-02-09
SKU-00457,Item-00457,BR-D,183.3,2026-02-04
SKU-00279,Item-00279,BR-A,137.22,2026-02-28
SKU-00480,Item-00480,BR-A,5.21,2026-02-24
SKU-00019,Cream 200ml,BR-A,303.03,2026-02-09
SKU-00289,Item-00289,BR-A,257.63,2026-02-23
SKU-00552,Item-00552,BR-C,165.85,2026-02-12
SKU-00399,Item-00399,BR-B,202.6,2026-02-09
SKU-00563,Item-00563,BR-C,224.88,2026-02-23
SKU-00485,Item-00485,BR-D,336.21,2026-02-22
SKU-00420,Item-00420,BR-B,17.19,2026-02-09
SKU-00189,Item-00189,BR-A,246.45,2026-02-01
SKU-00579,Item-00579,BR-C,290.65,2026-02-22
SKU-00461,Item-00461,BR-B,201.68,2026-02-05
SKU-00541,Item-00541,BR-B,198.53,2026-02-22
SKU-00520,Item-00520,BR-E,254.58,2026-02-18
SKU-00596,Item-00596,BR-C,260.1,2026-02-24
SKU-00437,Item-00437,BR-D,120.32,2026-02-14
SKU-00554,Item-00554,BR-A,30.14,2026-02-15
SKU-00446,Item-00446,BR-C,18.54,2026-02-29
SKU-00293,Item-00293,BR-B,83.18,2026-02-16
SKU-00408,Item-00408,BR-A,70.19,2026-02-16
SKU-00479,Item-00479,BR-E,17.65,2026-02-04
SKU-00431,Item-00431,BR-C,61.02,2026-02-04
SKU-00399,Item-00399,BR-B,179.06,2026-02-11
SKU-00023,الحليب الطازج,BR-D,109.03,2026-02-06
SKU-00353,Item-00353,BR-A,51.83,2026-02-12
SKU-00438,Item-00438,BR-E,90.1,2026-02-20
SKU-00522,Item-00522,BR-B,107.13,2026-02-02
SKU-00022,Milk Powder 400g,BR-E,111.21,2026-02-28
SKU-00316,Item-00316,BR-E,70.6,2026-02-25
SKU-00492,Item-00492,BR-C,103.52,2026-02-14
SKU-00588,Item-00588,BR-B,125.08,2026-02-10
SKU-00101,Item-00101,BR-E,150.59,2026-02-22
SKU-00592,Item-00592,BR-C,149.71,2026-02-04
SKU-00179,Item-00179,BR-E,75.74,2026-02-09
SKU-00041,Potato Chips 150g,BR-B,98.85,2026-02-05
SKU-00567,Item-00567,BR-D,46.34,2026-02-09
SKU-00446,Item-00446,BR-C,21.19,2026-02-03
SKU-00149,Item-00149,BR-A,167.5,2026-02-19
SKU-00061,Popcorn 100g,BR-C,280.28,2026-02-14
SKU-00444,Item-00444,BR-E,20.75,2026-02-30
SKU-00298,Item-00298,BR-B,125.29,2026-02-16
SKU-00366,Item-00366,BR-C,81.16,2026-02-10
SKU-00395,Item-00395,BR-B,67.97,2026-02-10
SKU-00564,Item-00564,BR-C,6.28,2026-02-27
SKU-00184,Item-00184,BR-D,140.33,2026-02-26
SKU-00082,Item-00082,BR-D,221.03,2026-02-13
SKU-00163,Item-00163,BR-C,17.37,2026-02-12
SKU-00203,Item-00203,BR-B,74.21,2026-02-05
SKU-00285,Item-00285,BR-C,123.37,2026-02-08
SKU-00478,Item-00478,BR-B,187.7,2026-02-15
SKU-00500,Item-00500,BR-E,62.09,2026-02-29
SKU-00540,Item-00540,BR-E,267.72,2026-02-03
SKU-00176,Item-00176,BR-E,141.88,2026-02-17
SKU-00500,Item-00500,BR-D,43.02,2026-02-13
SKU-00086,Item-00086,BR-A,137.7,2026-02-23
SKU-00170,Item-00170,BR-E,49.13,2026-02-26
SKU-00391,Item-00391,BR-C,129.56,2026-02-04
SKU-00325,Item-00325,BR-D,119.65,2026-02-02
SKU-00145,Item-00145,BR-A,17.49,2026-02-23
SKU-00009,Lemonade 1L,BR-D,163.33,2026-02-05
SKU-00287,Item-00287,BR-B,16.76,2026-02-02
SKU-00185,Item-00185,BR-D,57.42,2026-02-04
SKU-00299,Item-00299,BR-E,237.69,2026-02-11
SKU-00031,Cookies Pack,BR-A,223.79,2026-02-29
SKU-00065,Beef Mince 500g,BR-A,114.43,2026-02-11
SKU-00524,Item-00524,BR-C,120.36,2026-02-08
SKU-00094,Item-00094,BR-B,174.29,2026-02-24
SKU-00068,Bacon 200g,BR-D,10.38,2026-02-29
SKU-00462,Item-00462,BR-C,43.74,2026-02-16
SKU-00239,Item-00239,BR-A,59.42,2026-02-30
SKU-00456,Item-00456,BR-B,162.09,2026-02-20
SKU-00493,Item-00493,BR-A,162.18,2026-02-01
SKU-00101,Item-00101,BR-C,186.14,2026-02-03
SKU-00565,Item-00565,BR-E,86.15,2026-02-06
SKU-00268,Item-00268,BR-A,182.3,2026-02-07
SKU-00537,Item-00537,BR-D,191.18,2026-02-19
SKU-00437,Item-00437,BR-D,182.08,2026-02-11
SKU-00088,Item-00088,BR-C,151.54,2026-02-02
SKU-00284,Item-00284,BR-D,145.48,2026-02-23
SKU-00032,كعكة شوكولاتة,BR-A,243.49,2026-02-03
SKU-00324,Item-00324,BR-B,195.56,2026-02-19
SKU-00336,Item-00336,BR-E,172.03,2026-02-30
SKU-00417,Item-00417,BR-A,18.61,2026-02-13
SKU-00196,Item-00196,BR-C,66.65,2026-02-16
SKU-00497,Item-00497,BR-E,39.86,2026-02-11
SKU-00263,Item-00263,BR-E,181.53,2026-02-05
SKU-00325,Item-00325,BR-D,149.4,2026-02-06
SKU-00184,Item-00184,BR-C,153.89,2026-02-02
SKU-00397,Item-00397,BR-E,298.27,2026-02-23
SKU-00513,Item-00513,BR-D,320.11,2026-02-25
SKU-00504,Item-00504,BR-C,89.29,2026-02-24
SKU-00531,Item-00531,BR-B,47.69,2026-02-26
SKU-00119,Item-00119,BR-C,211.28,2026-02-04
SKU-00392,Item-00392,BR-A,164.56,2026-02-03
SKU-00582,Item-00582,BR-D,94.04,2026-02-12
SKU-00502,Item-00502,BR-A,131.43,2026-02-24
SKU-00562,Item-00562,BR-D,193.8,2026-02-02
SKU-00269,Item-00269,BR-C,99.94,2026-02-10
SKU-00286,Item-00286,BR-B,179.72,2026-02-25
SKU-00149,Item-00149,BR-D,119.99,2026-02-17
SKU-00552,Item-00552,BR-A,295.68,2026-02-03
SKU-00337,Item-00337,BR-A,132.75,2026-02-22
SKU-00426,Item-00426,BR-B,104.84,2026-02-20
SKU-00455,Item-00455,BR-A,64.17,2026-02-14
SKU-00577,Item-00577,BR-E,10.03,2026-02-30
SKU-00006,Apple Juice 1L,BR-D,301.54,2026-02-03
SKU-00450,Item-00450,BR-A,156.91,2026-02-29
SKU-00272,Item-00272,BR-B,102.02,2026-02-05
SKU-00232,Item-00232,BR-E,86.23,2026-02-13
SKU-00421,Item-00421,BR-A,207.61,2026-02-04
SKU-00471,Item-00471,BR-A,67.34,2026-02-16
SKU-00443,Item-00443,BR-A,44.74,2026-02-15
SKU-00357,Item-00357,BR-A,129.34,2026-02-01
SKU-00006,Apple Juice 1L,BR-D,268.58,2026-02-06
SKU-00520,Item-00520,BR-C,214.01,2026-02-14
SKU-00106,Item-00106,BR-E,299.09,2026-02-16
SKU-00047,Frozen Veg Mix 450g,BR-D,23.64,2026-02-03
SKU-00164,Item-00164,BR-B,120.02,2026-02-19
SKU-00121,Item-00121,BR-C,110.37,2026-02-19
SKU-00155,Item-00155,BR-A,33.04,2026-02-06
SKU-00373,Item-00373,BR-E,139.04,2026-02-14
SKU-00475,Item-00475,BR-C,64.66,2026-02-17
SKU-00591,Item-00591,BR-A,113.46,2026-02-12
SKU-00599,Item-00599,BR-C,262.55,2026-02-21
SKU-00401,Item-00401,BR-E,24.48,2026-02-28
SKU-00553,Item-00553,BR-A,120.6,2026-02-06
SKU-00351,Item-00351,BR-D,82.06,2026-02-07
SKU-00425,Item-00425,BR-A,334.32,2026-02-18
SKU-00040,Carrots 1kg,BR-B,199.9,2026-02-02
SKU-00072,Sugar 1kg,BR-D,248.45,2026-02-02
SKU-00408,Item-00408,BR-B,71.63,2026-02-12
SKU-00346,Item-00346,BR-E,77.42,2026-02-04
SKU-00326,Item-00326,BR-A,112.18,2026-02-25
SKU-00079,Soy Sauce 250ml,BR-D,66.46,2026-02-19
SKU-00416,Item-00416,BR-C,113.46,2026-02-28
SKU-00198,Item-00198,BR-D,96.1,2026-02-25
SKU-00369,Item-00369,BR-B,247.67,2026-02-16
SKU-00193,Item-00193,BR-B,244.03,2026-02-06
SKU-00335,Item-00335,BR-C,208.25,2026-02-30
SKU-00021,Ghee 1L,BR-D,150.58,2026-02-15
SKU-00573,Item-00573,BR-D,221.42,2026-02-29
SKU-00573,Item-00573,BR-D,231.81,2026-02-18
SKU-00205,Item-00205,BR-C,233.35,2026-02-02
SKU-00005,Soda Can,BR-D,209.27,2026-02-17
SKU-00295,Item-00295,BR-B,165.43,2026-02-26
SKU-00578,Item-00578,BR-B,78.28,2026-02-09
SKU-00441,Item-00441,BR-A,143.8,2026-02-27
SKU-00425,Item-00425,BR-A,274.0,2026-02-28
SKU-00509,Item-00509,BR-A,203.2,2026-02-28
SKU-00251,Item-00251,BR-D,168.61,2026-02-10
SKU-00290,Item-00290,BR-D,190.17,2026-02-21
SKU-00323,Item-00323,BR-E,160.48,2026-02-16
SKU-00016,Cheese Slices,BR-B,166.51,2026-02-01
SKU-00164,Item-00164,BR-D,126.78,2026-02-07
SKU-00005,Soda Can,BR-A,213.85,2026-02-02
SKU-00122,Item-00122,BR-E,145.73,2026-02-30
SKU-00503,Item-00503,BR-C,72.86,2026-02-18
SKU-00521,Item-00521,BR-A,128.3,2026-02-10
SKU-00025,Croissant,BR-D,155.26,2026-02-11
SKU-00003,Mineral Water 500ml,BR-D,56.22,2026-02-06
SKU-00014,Milk 1L,BR-C,101.48,2026-02-12
SKU-00075,Cooking Oil 1L,BR-C,321.62,2026-02-04
SKU-00194,Item-00194,BR-C,3.86,2026-02-03
SKU-00449,Item-00449,BR-E,107.02,2026-02-25
SKU-00354,Item-00354,BR-A,96.5,2026-02-28
SKU-00124,Item-00124,BR-E,6.32,2026-02-01
SKU-00368,Item-00368,BR-A,58.09,2026-02-01
SKU-00004,Energy Drink 250ml,BR-D,81.59,2026-02-09
SKU-00383,Item-00383,BR-A,41.98,2026-02-30
SKU-00218,Item-00218,BR-B,40.13,2026-02-14
SKU-00149,Item-00149,BR-D,151.03,2026-02-19
SKU-00272,Item-00272,BR-D,79.87,2026-02-20
SKU-00208,Item-00208,BR-A,157.36,2026-02-12
SKU-00183,Item-00183,BR-B,65.94,2026-02-02
SKU-00376,Item-00376,BR-D,32.14,2026-02-15
SKU-00083,Item-00083,BR-B,218.42,2026-02-04
SKU-00209,Item-00209,BR-D,212.92,2026-02-20
SKU-00089,Item-00089,BR-B,150.65,2026-02-27
SKU-00072,Sugar 1kg,BR-E,212.67,2026-02-19
SKU-00295,Item-00295,BR-B,78.59,2026-02-14
SKU-00359,Item-00359,BR-B,61.04,2026-02-24
SKU-00323,Item-00323,BR-E,227.39,2026-02-14
SKU-00566,Item-00566,BR-A,233.01,2026-02-19
SKU-00328,Item-00328,BR-A,30.37,2026-02-08
SKU-00111,Item-00111,BR-E,23.09,2026-02-16
SKU-00421,Item-00421,BR-B,209.27,2026-02-02
SKU-00132,Item-00132,BR-B,26.94,2026-02-27
SKU-00216,Item-00216,BR-B,122.44,2026-02-17
SKU-00246,Item-00246,BR-A,70.11,2026-02-25
SKU-00149,Item-00149,BR-C,88.69,2026-02-22
SKU-00158,Item-00158,BR-D,6.89,2026-02-25
SKU-00318,Item-00318,BR-B,155.33,2026-02-14
SKU-00389,Item-00389,BR-D,22.37,2026-02-26
SKU-00512,Item-00512,BR-B,208.62,2026-02-15
SKU-00323,Item-00323,BR-D,268.36,2026-02-14
SKU-00208,Item-00208,BR-D,188.99,2026-02-16
SKU-00199,Item-00199,BR-E,15.3,2026-02-17
SKU-00151,Item-00151,BR-B,89.25,2026-02-19
SKU-00472,Item-00472,BR-A,173.16,2026-02-19
SKU-00556,Item-00556,BR-B,25.5,2026-02-21
SKU-00478,Item-00478,BR-C,164.15,2026-02-13
SKU-00142,Item-00142,BR-A,64.29,2026-02-21
SKU-00424,Item-00424,BR-B,193.88,2026-02-22
SKU-00179,Item-00179,BR-E,45.69,2026-02-14
SKU-00558,Item-00558,BR-E,47.65,2026-02-25
SKU-00409,Item-00409,BR-E,60.5,2026-02-29
SKU-00164,Item-00164,BR-D,133.49,2026-02-28
SKU-00168,Item-00168,BR-C,131.24,2026-02-13
SKU-00331,Item-00331,BR-E,95.28,2026-02-25
SKU-00077,Canned Tuna 185g,BR-D,202.45,2026-02-10
SKU-00104,Item-00104,BR-E,88.07,2026-02-20
SKU-00454,Item-00454,BR-A,56.3,2026-02-02
SKU-00544,Item-00544,BR-B,7.39,2026-02-20
SKU-00560,Item-00560,BR-C,94.63,2026-02-30
SKU-00544,Item-00544,BR-D,4.63,2026-02-27
SKU-00279,Item-00279,BR-E,104.14,2026-02-29
SKU-00326,Item-00326,BR-E,96.35,2026-02-30
SKU-00139,Item-00139,BR-D,82.38,2026-02-03
SKU-00517,Item-00517,BR-A,8.07,2026-02-24
SKU-00425,Item-00425,BR-C,210.83,2026-02-20
SKU-00592,Item-00592,BR-D,97.31,2026-02-21
SKU-00025,Croissant,BR-E,295.02,2026-02-27
SKU-00217,Item-00217,BR-D,262.82,2026-02-21
SKU-00343,Item-00343,BR-B,64.25,2026-02-24
SKU-00539,Item-00539,BR-E,173.29,2026-02-29
SKU-00083,Item-00083,BR-C,199.9,2026-02-18
SKU-00101,Item-00101,BR-B,198.64,2026-02-23
SKU-00080,زيت زيتون 1 لتر,BR-C,133.01,2026-02-04
SKU-00490,Item-00490,BR-C,89.8,2026-02-16
SKU-00283,Item-00283,BR-C,93.23,2026-02-16
SKU-00558,Item-00558,BR-B,101.65,2026-02-02
SKU-00361,Item-00361,BR-E,85.3,2026-02-02
SKU-00541,Item-00541,BR-C,315.05,2026-02-15
SKU-00534,Item-00534,BR-C,192.41,2026-02-29
SKU-00014,Milk 1L,BR-A,54.68,2026-02-14
SKU-00396,Item-00396,BR-B,111.29,2026-02-16
SKU-00524,Item-00524,BR-C,147.35,2026-02-05
SKU-00324,Item-00324,BR-C,119.12,2026-02-09
SKU-00343,Item-00343,BR-E,107.54,2026-02-06
SKU-00183,Item-00183,BR-E,105.37,2026-02-06
SKU-00139,Item-00139,BR-D,140.0,2026-02-14
SKU-00025,Croissant,BR-A,304.83,2026-02-04
SKU-00234,Item-00234,BR-E,140.68,2026-02-30
SKU-00239,Item-00239,BR-E,110.31,2026-02-07
SKU-00243,Item-00243,BR-E,85.06,2026-02-18
SKU-00538,Item-00538,BR-D,118.71,2026-02-29
SKU-00259,Item-00259,BR-D,211.57,2026-02-06
SKU-00577,Item-00577,BR-D,34.37,2026-02-02
SKU-00233,Item-00233,BR-C,4.38,2026-02-21
SKU-00568,Item-00568,BR-A,106.43,2026-02-16
SKU-00082,Item-00082,BR-C,216.39,2026-02-14
SKU-00150,Item-00150,BR-D,144.95,2026-02-21
SKU-00409,Item-00409,BR-A,23.67,2026-02-27
SKU-00439,Item-00439,BR-D,168.76,2026-02-21
SKU-00038,Cucumbers 500g,BR-E,140.89,2026-02-20
SKU-00038,Cucumbers 500g,BR-E,150.95,2026-02-02
SKU-00109,Item-00109,BR-D,67.06,2026-02-19
SKU-00331,Item-00331,BR-C,59.42,2026-02-24
SKU-00255,Item-00255,BR-A,122.94,2026-02-17
SKU-00276,Item-00276,BR-D,153.86,2026-02-16
SKU-00306,Item-00306,BR-B,70.98,2026-02-21
SKU-00323,Item-00323,BR-B,176.61,2026-02-22
SKU-00564,Item-00564,BR-E,15.39,2026-02-22
SKU-00203,Item-00203,BR-A,98.83,2026-02-06
SKU-00112,Item-00112,BR-D,214.07,2026-02-25
SKU-00410,Item-00410,BR-E,154.13,2026-02-15
SKU-00061,Popcorn 100g,BR-E,298.95,2026-02-30
SKU-00068,Bacon 200g,BR-A,13.08,2026-02-22
SKU-00259,Item-00259,BR-A,153.18,2026-02-01
SKU-00417,Item-00417,BR-C,24.06,2026-02-14
SKU-00264,Item-00264,BR-B,39.5,2026-02-10
SKU-00424,Item-00424,BR-C,144.77,2026-02-22
SKU-00365,Item-00365,BR-A,131.3,2026-02-10
SKU-00512,Item-00512,BR-D,166.28,2026-02-03
SKU-00422,Item-00422,BR-A,88.7,2026-02-19
SKU-00361,Item-00361,BR-B,148.41,2026-02-18
SKU-00551,Item-00551,BR-D,140.31,2026-02-29
SKU-00575,Item-00575,BR-D,77.12,2026-02-24
SKU-00192,Item-00192,BR-A,12.94,2026-02-12
SKU-00331,Item-00331,BR-B,145.18,2026-02-24
SKU-00169,Item-00169,BR-B,66.73,2026-02-13
SKU-00281,Item-00281,BR-B,152.6,2026-02-21
SKU-00138,Item-00138,BR-E,22.03,2026-02-09
SKU-00302,Item-00302,BR-C,22.75,2026-02-05
SKU-00317,Item-00317,BR-C,36.31,2026-02-30
SKU-00511,Item-00511,BR-C,118.78,2026-02-28
SKU-00484,Item-00484,BR-D,121.77,2026-02-25
SKU-00403,Item-00403,BR-C,84.47,2026-02-26
SKU-00523,Item-00523,BR-B,47.28,2026-02-19
SKU-00011,Thermos Flask 500ml,BR-D,90.75,2026-02-22
SKU-00077,Canned Tuna 185g,BR-A,196.91,2026-02-18
SKU-00299,Item-00299,BR-C,294.91,2026-02-06
SKU-00593,Item-00593,BR-E,85.94,2026-02-09
SKU-00135,Item-00135,BR-A,41.44,2026-02-12
SKU-00519,Item-00519,BR-C,256.21,2026-02-25
SKU-00052,Shampoo 400ml,BR-B,62.33,2026-02-01
SKU-00351,Item-00351,BR-C,114.31,2026-02-03
SKU-00371,Item-00371,BR-E,57.16,2026-02-22
SKU-00360,Item-00360,BR-D,14.84,2026-02-05
SKU-00229,Item-00229,BR-C,50.73,2026-02-02
SKU-00479,Item-00479,BR-A,15.46,2026-02-28
SKU-00222,Item-00222,BR-A,192.08,2026-02-11
SKU-00300,Item-00300,BR-B,8.68,2026-02-24
SKU-00276,Item-00276,BR-C,221.58,2026-02-07
SKU-00127,Item-00127,BR-B,34.74,2026-02-04
SKU-00074,Flour 2kg,BR-B,101.35,2026-02-04
SKU-00524,Item-00524,BR-A,97.11,2026-02-16
SKU-00567,Item-00567,BR-E,33.57,2026-02-21
SKU-00467,Item-00467,BR-A,106.47,2026-02-01
SKU-00455,Item-00455,BR-A,140.91,2026-02-24
SKU-00021,Ghee 1L,BR-D,276.71,2026-02-07
SKU-00190,Item-00190,BR-D,145.78,2026-02-23
SKU-00208,Item-00208,BR-B,196.28,2026-02-01
SKU-00508,Item-00508,BR-E,30.95,2026-02-16
SKU-00042,Ice Cream 500ml,BR-D,29.43,2026-02-24
SKU-00248,Item-00248,BR-D,113.9,2026-02-16
SKU-00337,Item-00337,BR-B,181.53,2026-02-20
SKU-00446,Item-00446,BR-B,35.72,2026-02-26
SKU-00532,Item-00532,BR-C,140.89,2026-02-28
SKU-00559,Item-00559,BR-B,267.43,2026-02-15
SKU-00583,Item-00583,BR-B,202.76,2026-02-05
SKU-00019,Cream 200ml,BR-A,307.58,2026-02-04
SKU-00324,Item-00324,BR-E,125.04,2026-02-16
SKU-00291,Item-00291,BR-D,88.3,2026-02-24
SKU-00506,Item-00506,BR-A,154.18,2026-02-08
SKU-00198,Item-00198,BR-B,101.06,2026-02-19
SKU-00234,Item-00234,BR-A,137.81,2026-02-10
SKU-00507,Item-00507,BR-C,333.88,2026-02-20
SKU-00434,Item-00434,BR-A,13.72,2026-02-21
SKU-00052,Shampoo 400ml,BR-B,29.47,2026-02-01
SKU-00045,Chicken Fingers 500g,BR-B,28.29,2026-02-22
SKU-00577,Item-00577,BR-C,30.92,2026-02-22
SKU-00476,Item-00476,BR-A,114.59,2026-02-21
SKU-00129,Item-00129,BR-C,126.74,2026-02-02
SKU-00432,Item-00432,BR-B,57.11,2026-02-11
SKU-00221,Item-00221,BR-D,99.66,2026-02-20
SKU-00214,Item-00214,BR-B,199.31,2026-02-19
SKU-00172,Item-00172,BR-D,36.22,2026-02-13
SKU-00192,Item-00192,BR-B,23.0,2026-02-20
SKU-00488,Item-00488,BR-C,97.86,2026-02-29
SKU-00357,Item-00357,BR-B,149.51,2026-02-07
SKU-00552,Item-00552,BR-D,172.27,2026-02-15
SKU-00333,Item-00333,BR-D,145.83,2026-02-10
SKU-00307,Item-00307,BR-C,149.17,2026-02-26
SKU-00118,Item-00118,BR-E,170.32,2026-02-09
SKU-00324,Item-00324,BR-E,208.08,2026-02-21
SKU-00394,Item-00394,BR-B,85.57,2026-02-18
SKU-00285,Item-00285,BR-A,170.63,2026-02-23
SKU-00145,Item-00145,BR-D,28.16,2026-02-28
SKU-00364,Item-00364,BR-D,74.57,2026-02-21
SKU-00424,Item-00424,BR-E,202.32,2026-02-02
SKU-00329,Item-00329,BR-A,167.69,2026-02-03
SKU-00122,Item-00122,BR-A,85.43,2026-02-18
SKU-00445,Item-00445,BR-D,43.89,2026-02-12
SKU-00593,Item-00593,BR-A,125.45,2026-02-12
SKU-00425,Item-00425,BR-D,182.39,2026-02-14
SKU-00413,Item-00413,BR-D,140.08,2026-02-03
SKU-00341,Item-00341,BR-A,121.49,2026-02-01
SKU-00084,Item-00084,BR-A,99.34,2026-02-12
SKU-00351,Item-00351,BR-D,83.97,2026-02-12
SKU-00430,Item-00430,BR-D,166.2,2026-02-07
SKU-00143,Item-00143,BR-E,112.32,2026-02-10
SKU-00086,Item-00086,BR-A,141.0,2026-02-11
SKU-00022,Milk Powder 400g,BR-B,106.1,2026-02-26
SKU-00305,Item-00305,BR-D,74.01,2026-02-10
SKU-00497,Item-00497,BR-A,108.59,2026-02-27
SKU-00385,Item-00385,BR-C,30.53,2026-02-15
SKU-00226,Item-00226,BR-A,32.04,2026-02-28
SKU-00304,Item-00304,BR-B,25.67,2026-02-16
SKU-00541,Item-00541,BR-A,266.36,2026-02-05
SKU-00593,Item-00593,BR-B,86.91,2026-02-21
SKU-00387,Item-00387,BR-A,72.06,2026-02-04
SKU-00052,Shampoo 400ml,BR-D,57.35,2026-02-02
SKU-00226,Item-00226,BR-D,34.96,2026-02-11
SKU-00591,Item-00591,BR-A,67.31,2026-02-22
SKU-00588,Item-00588,BR-D,119.19,2026-02-07
SKU-00107,Item-00107,BR-E,94.2,2026-02-15
SKU-00034,Bananas 1kg,BR-E,332.85,2026-02-02
SKU-00563,Item-00563,BR-D,163.63,2026-02-03
SKU-00153,Item-00153,BR-B,96.67,2026-02-08
SKU-00019,Cream 200ml,BR-E,264.1,2026-02-17
SKU-00319,Item-00319,BR-D,107.13,2026-02-17
SKU-00517,Item-00517,BR-B,5.78,2026-02-12
SKU-00413,Item-00413,BR-E,119.07,2026-02-14
SKU-00182,Item-00182,BR-D,10.86,2026-02-06
SKU-00240,Item-00240,BR-A,129.05,2026-02-19
SKU-00451,Item-00451,BR-A,104.38,2026-02-27
SKU-00341,Item-00341,BR-E,106.58,2026-02-26
SKU-00200,Item-00200,BR-B,147.53,2026-02-24
SKU-00090,Item-00090,BR-A,95.53,2026-02-25
SKU-00535,Item-00535,BR-A,177.22,2026-02-30
SKU-00548,Item-00548,BR-B,43.87,2026-02-13
SKU-00316,Item-00316,BR-E,195.06,2026-02-26
SKU-00122,Item-00122,BR-B,91.83,2026-02-11
SKU-00058,Biscuits Pack,BR-E,206.55,2026-02-22
SKU-00222,Item-00222,BR-A,185.66,2026-02-21
SKU-00242,Item-00242,BR-D,81.24,2026-02-08
SKU-00121,Item-00121,BR-E,46.5,2026-02-24
SKU-00077,Canned Tuna 185g,BR-B,265.17,2026-02-01
SKU-00027,Muffin 4pk,BR-C,46.55,2026-02-10
SKU-00443,Item-00443,BR-C,32.88,2026-02-25
SKU-00356,Item-00356,BR-E,26.34,2026-02-25
SKU-00229,Item-00229,BR-E,46.64,2026-02-18
SKU-00579,Item-00579,BR-A,281.9,2026-02-03
SKU-00165,Item-00165,BR-D,112.71,2026-02-02
SKU-00022,Milk Powder 400g,BR-E,295.25,2026-02-22
SKU-00052,Shampoo 400ml,BR-D,83.77,2026-02-29
SKU-00299,Item-00299,BR-C,236.58,2026-02-21
SKU-00437,Item-00437,BR-D,136.97,2026-02-15
SKU-00156,Item-00156,BR-E,61.52,2026-02-14
SKU-00481,Item-00481,BR-A,57.66,2026-02-24
SKU-00532,Item-00532,BR-C,162.93,2026-02-22
SKU-00012,أكوا 1.5 لتر,BR-C,161.75,2026-02-23
SKU-00331,Item-00331,BR-D,88.87,2026-02-02
SKU-00237,Item-00237,BR-A,98.2,2026-02-24
SKU-00533,Item-00533,BR-D,75.38,2026-02-18
SKU-00446,Item-00446,BR-B,41.91,2026-02-20
SKU-00312,Item-00312,BR-D,56.31,2026-02-04
SKU-00277,Item-00277,BR-E,124.07,2026-02-17
SKU-00217,Item-00217,BR-B,160.67,2026-02-19
SKU-00039,Lettuce Head,BR-A,224.21,2026-02-26
SKU-00414,Item-00414,BR-B,169.66,2026-02-27
SKU-00138,Item-00138,BR-B,20.46,2026-02-23
SKU-00485,Item-00485,BR-A,205.31,2026-02-28
SKU-00170,Item-00170,BR-D,37.64,2026-02-22
SKU-00370,Item-00370,BR-C,45.08,2026-02-09
SKU-00552,Item-00552,BR-B,149.04,2026-02-01
SKU-00121,Item-00121,BR-A,113.35,2026-02-16
SKU-00416,Item-00416,BR-E,67.71,2026-02-12
SKU-00106,Item-00106,BR-B,268.87,2026-02-12
SKU-00378,Item-00378,BR-B,71.46,2026-02-16
SKU-00371,Item-00371,BR-A,48.61,2026-02-16
SKU-00249,Item-00249,BR-A,196.59,2026-02-27
SKU-00328,Item-00328,BR-B,35.19,2026-02-05
SKU-00286,Item-00286,BR-B,70.61,2026-02-24
SKU-00210,Item-00210,BR-E,207.76,2026-02-26
SKU-00590,Item-00590,BR-D,26.56,2026-02-18
SKU-00007,Tea Bag 100s,BR-D,160.1,2026-02-01
SKU-00013,Sports Drink 600ml,BR-D,22.31,2026-02-11
SKU-00334,Item-00334,BR-E,6.71,2026-02-26
SKU-00531,Item-00531,BR-B,42.24,2026-02-16
SKU-00555,Item-00555,BR-B,51.98,2026-02-24
SKU-00356,Item-00356,BR-E,39.43,2026-02-07
SKU-00463,Item-00463,BR-A,96.85,2026-02-06
SKU-00370,Item-00370,BR-E,71.13,2026-02-13
SKU-00020,Cheese Block 200g,BR-E,5.72,2026-02-05
SKU-00140,Item-00140,BR-D,33.08,2026-02-23
SKU-00085,Item-00085,BR-D,135.66,2026-02-01
SKU-00066,Lamb Chops 500g,BR-A,272.84,2026-02-21
SKU-00461,Item-00461,BR-A,171.69,2026-02-10
SKU-00098,Item-00098,BR-C,258.77,2026-02-30
SKU-00346,Item-00346,BR-D,82.89,2026-02-23
SKU-00432,Item-00432,BR-B,50.08,2026-02-15
SKU-00551,Item-00551,BR-D,58.01,2026-02-26
SKU-00341,Item-00341,BR-B,142.67,2026-02-19
SKU-00564,Item-00564,BR-A,16.15,2026-02-21
SKU-00229,Item-00229,BR-E,93.89,2026-02-15
SKU-00373,Item-00373,BR-B,213.76,2026-02-25
SKU-00399,Item-00399,BR-C,151.72,2026-02-06
SKU-00336,Item-00336,BR-D,54.07,2026-02-01
SKU-00555,Item-00555,BR-B,102.86,2026-02-27
SKU-00263,Item-00263,BR-C,141.68,2026-02-19
SKU-00396,Item-00396,BR-A,68.08,2026-02-03
SKU-00573,Item-00573,BR-D,119.12,2026-02-19
SKU-00208,Item-00208,BR-E,197.63,2026-02-02
SKU-00394,Item-00394,BR-E,65.28,2026-02-20
SKU-00145,Item-00145,BR-A,33.13,2026-02-17
SKU-00387,Item-00387,BR-A,82.09,2026-02-17
SKU-00383,Item-00383,BR-D,35.06,2026-02-02
SKU-00252,Item-00252,BR-D,142.13,2026-02-12
SKU-00386,Item-00386,BR-E,112.3,2026-02-25
SKU-00426,Item-00426,BR-B,74.65,2026-02-19
SKU-00393,Item-00393,BR-E,60.97,2026-02-11
SKU-00173,Item-00173,BR-E,115.49,2026-02-22
SKU-00002,Orange Juice 1L,BR-E,22.41,2026-02-17
SKU-00393,Item-00393,BR-A,67.24,2026-02-29
SKU-00004,Energy Drink 250ml,BR-D,56.55,2026-02-06
SKU-00210,Item-00210,BR-D,162.15,2026-02-14
SKU-00524,Item-00524,BR-A,119.46,2026-02-18
SKU-00518,Item-00518,BR-C,65.89,2026-02-07
SKU-00500,Item-00500,BR-B,63.08,2026-02-06
SKU-00442,Item-00442,BR-D,241.61,2026-02-07
SKU-00573,Item-00573,BR-B,107.3,2026-02-19
SKU-00078,Salt 1kg,BR-E,81.31,2026-02-17
SKU-00305,Item-00305,BR-B,64.92,2026-02-16
SKU-00584,Item-00584,BR-D,63.91,2026-02-17
SKU-00268,Item-00268,BR-B,74.78,2026-02-25
SKU-00034,Bananas 1kg,BR-A,448.85,2026-02-16
SKU-00286,Item-00286,BR-D,61.49,2026-02-23
SKU-00234,Item-00234,BR-A,160.03,2026-02-12
SKU-00452,Item-00452,BR-C,101.17,2026-02-05
SKU-00218,Item-00218,BR-A,35.53,2026-02-04
SKU-00459,Item-00459,BR-A,169.69,2026-02-28
SKU-00144,Item-00144,BR-D,126.61,2026-02-18
SKU-00095,Item-00095,BR-A,186.59,2026-02-06
SKU-00025,Croissant,BR-D,299.01,2026-02-04
SKU-00391,Item-00391,BR-C,97.95,2026-02-29
SKU-00406,Item-00406,BR-A,21.72,2026-02-01
SKU-00589,Item-00589,BR-C,47.12,2026-02-01
SKU-00072,Sugar 1kg,BR-D,382.71,2026-02-25
SKU-00332,Item-00332,BR-A,158.24,2026-02-06
SKU-00160,Item-00160,BR-B,68.25,2026-02-07
SKU-00460,Item-00460,BR-A,194.95,2026-02-21
SKU-00574,Item-00574,BR-A,15.66,2026-02-03
SKU-00284,Item-00284,BR-D,108.6,2026-02-23
SKU-00242,Item-00242,BR-D,63.83,2026-02-05
SKU-00503,Item-00503,BR-B,93.51,2026-02-12
SKU-00050,Toilet Paper 6pk,BR-E,84.25,2026-02-24
SKU-00210,Item-00210,BR-C,218.5,2026-02-12
SKU-00028,Baguette,BR-A,54.03,2026-02-14
SKU-00136,Item-00136,BR-C,83.51,2026-02-27
SKU-00591,Item-00591,BR-C,73.07,2026-02-08
SKU-00037,Tomatoes 1kg,BR-C,344.42,2026-02-11
SKU-00103,Item-00103,BR-B,75.18,2026-02-19
SKU-00406,Item-00406,BR-D,20.89,2026-02-30
SKU-00154,Item-00154,BR-C,190.47,2026-02-03
SKU-00207,Item-00207,BR-C,235.81,2026-02-14
SKU-00346,Item-00346,BR-B,32.75,2026-02-26
SKU-00394,Item-00394,BR-B,77.15,2026-02-12
SKU-00493,Item-00493,BR-C,147.23,2026-02-19
SKU-00328,Item-00328,BR-E,10.46,2026-02-26
SKU-00566,Item-00566,BR-C,106.77,2026-02-13
SKU-00500,Item-00500,BR-C,33.88,2026-02-14
SKU-00532,Item-00532,BR-B,170.57,2026-02-12
SKU-00006,Apple Juice 1L,BR-A,130.04,2026-02-21
SKU-00380,Item-00380,BR-C,30.83,2026-02-23
SKU-00298,Item-00298,BR-D,163.28,2026-02-06
SKU-00061,Popcorn 100g,BR-A,357.09,2026-02-30
SKU-00022,Milk Powder 400g,BR-B,96.21,2026-02-13
SKU-00357,Item-00357,BR-A,122.07,2026-02-20
SKU-00008,Coffee 200g,BR-D,48.66,2026-02-04
SKU-00499,Item-00499,BR-C,115.03,2026-02-04
SKU-00593,Item-00593,BR-B,143.73,2026-02-16
SKU-00363,Item-00363,BR-A,59.41,2026-02-13
SKU-00164,Item-00164,BR-B,226.39,2026-02-21
SKU-00291,Item-00291,BR-B,91.54,2026-02-12
SKU-00436,Item-00436,BR-E,48.54,2026-02-18
SKU-00512,Item-00512,BR-B,167.96,2026-02-09
SKU-00570,Item-00570,BR-D,19.53,2026-02-08
SKU-00393,Item-00393,BR-C,82.38,2026-02-25
SKU-00303,Item-00303,BR-A,34.98,2026-02-24
SKU-00481,Item-00481,BR-A,111.96,2026-02-15
SKU-00303,Item-00303,BR-C,35.85,2026-02-12
SKU-00595,Item-00595,BR-C,262.48,2026-02-02
SKU-00051,Hand Soap,BR-B,165.17,2026-02-14
SKU-00597,Item-00597,BR-C,44.72,2026-02-11
SKU-00435,Item-00435,BR-C,52.35,2026-02-05
SKU-00261,Item-00261,BR-B,22.26,2026-02-26
SKU-00026,Pita Bread 6pk,BR-E,74.51,2026-02-11
SKU-00059,Gum Pack,BR-E,47.63,2026-02-22
SKU-00305,Item-00305,BR-D,77.15,2026-02-14
SKU-00007,Tea Bag 100s,BR-D,225.71,2026-02-26
SKU-00439,Item-00439,BR-A,71.59,2026-02-11
SKU-00331,Item-00331,BR-B,56.27,2026-02-09
SKU-00096,Item-00096,BR-D,38.46,2026-02-18
SKU-00029,Donuts 6pk,BR-E,306.78,2026-02-16
SKU-00379,Item-00379,BR-C,104.15,2026-02-08
SKU-00460,Item-00460,BR-E,162.71,2026-02-09
SKU-00568,Item-00568,BR-B,120.49,2026-02-20
SKU-00210,Item-00210,BR-B,245.06,2026-02-13
SKU-00106,Item-00106,BR-A,331.94,2026-02-29
SKU-00557,Item-00557,BR-B,220.01,2026-02-22
SKU-00363,Item-00363,BR-D,95.63,2026-02-02
SKU-00392,Item-00392,BR-C,189.07,2026-02-27
SKU-00492,Item-00492,BR-D,86.35,2026-02-12
SKU-00392,Item-00392,BR-B,93.44,2026-02-09
SKU-00362,Item-00362,BR-A,52.37,2026-02-28
SKU-00314,Item-00314,BR-B,256.62,2026-02-19
SKU-00595,Item-00595,BR-E,156.42,2026-02-01
SKU-00595,Item-00595,BR-E,265.49,2026-02-04
SKU-00009,Lemonade 1L,BR-B,144.47,2026-02-25
SKU-00110,Item-00110,BR-C,184.53,2026-02-05
SKU-00331,Item-00331,BR-C,47.24,2026-02-30
SKU-00555,Item-00555,BR-D,65.97,2026-02-18
SKU-00126,Item-00126,BR-E,7.38,2026-02-25
SKU-00358,Item-00358,BR-B,117.1,2026-02-20
SKU-00044,Frozen Pizza,BR-C,100.9,2026-02-16
SKU-00225,Item-00225,BR-A,90.96,2026-02-26
SKU-00055,Garbage Bags 30pk,BR-B,205.85,2026-02-01
SKU-00108,Item-00108,BR-D,217.07,2026-02-13
SKU-00146,Item-00146,BR-A,219.69,2026-02-24
SKU-00018,Eggs 12pk,BR-C,117.93,2026-02-04
SKU-00593,Item-00593,BR-D,69.57,2026-02-16
SKU-00301,Item-00301,BR-C,139.99,2026-02-01
SKU-00447,Item-00447,BR-E,291.0,2026-02-29
SKU-00317,Item-00317,BR-B,40.14,2026-02-16
SKU-00213,Item-00213,BR-E,148.63,2026-02-25
SKU-00326,Item-00326,BR-C,79.41,2026-02-11
SKU-00473,Item-00473,BR-E,9.59,2026-02-24
SKU-00419,Item-00419,BR-B,102.45,2026-02-06
SKU-00271,Item-00271,BR-B,58.31,2026-02-22
SKU-00081,Item-00081,BR-E,84.63,2026-02-14
SKU-00416,Item-00416,BR-C,191.34,2026-02-30
SKU-00272,Item-00272,BR-A,94.53,2026-02-01
SKU-00460,Item-00460,BR-D,252.45,2026-02-05
SKU-00592,Item-00592,BR-E,130.81,2026-02-18
SKU-00088,Item-00088,BR-D,105.81,2026-02-24
SKU-00089,Item-00089,BR-E,122.65,2026-02-06
SKU-00275,Item-00275,BR-B,216.97,2026-02-08
SKU-00453,Item-00453,BR-C,97.7,2026-02-08
SKU-00547,Item-00547,BR-A,130.45,2026-02-17
SKU-00270,Item-00270,BR-B,86.08,2026-02-28
SKU-00494,Item-00494,BR-A,146.43,2026-02-05
SKU-00424,Item-00424,BR-A,173.4,2026-02-10
SKU-00473,Item-00473,BR-D,12.73,2026-02-15
SKU-00210,Item-00210,BR-C,183.35,2026-02-26
SKU-00235,Item-00235,BR-C,58.98,2026-02-11
SKU-00358,Item-00358,BR-D,183.72,2026-02-30
SKU-00199,Item-00199,BR-A,28.27,2026-02-17
SKU-00547,Item-00547,BR-C,127.38,2026-02-08
SKU-00485,Item-00485,BR-A,167.69,2026-02-17
SKU-00275,Item-00275,BR-B,117.18,2026-02-10
SKU-00561,Item-00561,BR-C,231.29,2026-02-29
SKU-00107,Item-00107,BR-D,94.95,2026-02-17
SKU-00543,Item-00543,BR-A,131.56,2026-02-09
SKU-00071,Rice 5kg,BR-E,45.93,2026-02-22
SKU-00133,Item-00133,BR-C,140.33,2026-02-23
SKU-00190,Item-00190,BR-E,83.0,2026-02-03
SKU-00479,Item-00479,BR-B,19.6,2026-02-30
SKU-00559,Item-00559,BR-D,153.27,2026-02-27
SKU-00207,Item-00207,BR-A,121.5,2026-02-03
SKU-00529,Item-00529,BR-A,215.56,2026-02-25
SKU-00156,Item-00156,BR-E,60.65,2026-02-01
SKU-00313,Item-00313,BR-C,89.25,2026-02-25
SKU-00538,Item-00538,BR-B,101.24,2026-02-03
SKU-00412,Item-00412,BR-C,137.87,2026-02-06
SKU-00489,Item-00489,BR-B,201.76,2026-02-18
SKU-00099,Item-00099,BR-B,366.49,2026-02-16
SKU-00135,Item-00135,BR-B,111.78,2026-02-25
SKU-00572,Item-00572,BR-A,22.26,2026-02-29
SKU-00213,Item-00213,BR-E,159.21,2026-02-18
SKU-00256,Item-00256,BR-A,8.09,2026-02-13
SKU-00499,Item-00499,BR-A,126.46,2026-02-08
SKU-00516,Item-00516,BR-C,186.84,2026-02-25
SKU-00534,Item-00534,BR-D,121.13,2026-02-16
SKU-00318,Item-00318,BR-E,163.85,2026-02-14
SKU-00257,Item-00257,BR-E,125.42,2026-02-23
SKU-00032,كعكة شوكولاتة,BR-B,212.97,2026-02-18
SKU-00077,Canned Tuna 185g,BR-B,314.92,2026-02-15
SKU-00227,Item-00227,BR-E,40.25,2026-02-21
SKU-00581,Item-00581,BR-B,322.36,2026-02-25
SKU-00570,Item-00570,BR-B,74.46,2026-02-26
SKU-00459,Item-00459,BR-E,113.38,2026-02-12
SKU-00256,Item-00256,BR-E,10.91,2026-02-14
SKU-00529,Item-00529,BR-B,233.1,2026-02-06
SKU-00044,Frozen Pizza,BR-D,58.23,2026-02-17
SKU-00425,Item-00425,BR-A,175.79,2026-02-14
SKU-00164,Item-00164,BR-B,254.25,2026-02-13
SKU-00511,Item-00511,BR-E,121.61,2026-02-09
SKU-00395,Item-00395,BR-D,31.36,2026-02-23
SKU-00080,زيت زيتون 1 لتر,BR-B,115.75,2026-02-09
SKU-00302,Item-00302,BR-D,23.45,2026-02-28
SKU-00163,Item-00163,BR-A,18.99,2026-02-14
SKU-00132,Item-00132,BR-C,49.04,2026-02-11
SKU-00413,Item-00413,BR-B,76.89,2026-02-21
SKU-00570,Item-00570,BR-D,50.66,2026-02-08
SKU-00134,Item-00134,BR-D,22.25,2026-02-23
SKU-00426,Item-00426,BR-B,171.63,2026-02-11
SKU-00068,Bacon 200g,BR-B,16.51,2026-02-19
SKU-00051,Hand Soap,BR-D,100.63,2026-02-03
SKU-00423,Item-00423,BR-E,123.15,2026-02-29
SKU-00426,Item-00426,BR-D,142.23,2026-02-08
SKU-00488,Item-00488,BR-C,117.44,2026-02-28
SKU-00520,Item-00520,BR-C,143.91,2026-02-15
SKU-00494,Item-00494,BR-D,111.35,2026-02-05
SKU-00284,Item-00284,BR-C,145.92,2026-02-18
SKU-00526,Item-00526,BR-B,57.29,2026-02-29
SKU-00580,Item-00580,BR-B,65.96,2026-02-13
SKU-00039,Lettuce Head,BR-C,153.39,2026-02-01
SKU-00187,Item-00187,BR-C,69.94,2026-02-21
SKU-00064,Chicken Breast 1kg,BR-B,149.4,2026-02-17
SKU-00178,Item-00178,BR-E,240.89,2026-02-18
SKU-00560,Item-00560,BR-A,148.01,2026-02-24
SKU-00004,Energy Drink 250ml,BR-B,63.14,2026-02-25
SKU-00166,Item-00166,BR-E,85.03,2026-02-26
SKU-00521,Item-00521,BR-A,148.35,2026-02-03
SKU-00161,Item-00161,BR-D,52.58,2026-02-01
SKU-00525,Item-00525,BR-D,161.2,2026-02-01
SKU-00537,Item-00537,BR-D,129.23,2026-02-27
SKU-00474,Item-00474,BR-A,253.4,2026-02-24
SKU-00515,Item-00515,BR-B,103.8,2026-02-03
SKU-00241,Item-00241,BR-B,80.49,2026-02-22
SKU-00483,Item-00483,BR-C,59.75,2026-02-29
SKU-00044,Frozen Pizza,BR-A,104.18,2026-02-15
SKU-00374,Item-00374,BR-C,39.05,2026-02-13
SKU-00218,Item-00218,BR-B,69.17,2026-02-22
SKU-00508,Item-00508,BR-A,41.66,2026-02-28
SKU-00346,Item-00346,BR-C,65.05,2026-02-21
SKU-00291,Item-00291,BR-A,44.35,2026-02-25
SKU-00030,Cake Slice,BR-D,297.04,2026-02-14
SKU-00069,Fish Fillet 500g,BR-C,49.74,2026-02-13
SKU-00416,Item-00416,BR-A,103.82,2026-02-10
SKU-00384,Item-00384,BR-D,73.82,2026-02-03
SKU-00523,Item-00523,BR-A,34.3,2026-02-23
SKU-00397,Item-00397,BR-E,234.86,2026-02-11
SKU-00371,Item-00371,BR-C,34.87,2026-02-18
SKU-00196,Item-00196,BR-C,33.85,2026-02-01
SKU-00382,Item-00382,BR-B,90.77,2026-02-06
SKU-00318,Item-00318,BR-E,199.15,2026-02-19
SKU-00410,Item-00410,BR-D,240.13,2026-02-26
SKU-00119,Item-00119,BR-E,131.03,2026-02-18
SKU-00038,Cucumbers 500g,BR-C,152.68,2026-02-07
SKU-00430,Item-00430,BR-B,250.71,2026-02-09
SKU-00342,Item-00342,BR-A,157.56,2026-02-04
SKU-00578,Item-00578,BR-B,67.19,2026-02-28
SKU-00169,Item-00169,BR-B,107.38,2026-02-07
SKU-00023,الحليب الطازج,BR-E,94.46,2026-02-07
SKU-00072,Sugar 1kg,BR-B,148.71,2026-02-28
SKU-00332,Item-00332,BR-C,196.28,2026-02-20
SKU-00032,كعكة شوكولاتة,BR-A,184.26,2026-02-13
SKU-00571,Item-00571,BR-D,124.05,2026-02-13
SKU-00215,Item-00215,BR-D,73.14,2026-02-07
SKU-00453,Item-00453,BR-A,109.48,2026-02-26
SKU-00054,Cleaning Spray,BR-C,184.55,2026-02-15
SKU-00495,Item-00495,BR-D,289.93,2026-02-26
SKU-00594,Item-00594,BR-B,140.88,2026-02-05
SKU-00278,Item-00278,BR-E,44.61,2026-02-03
SKU-00432,Item-00432,BR-D,72.44,2026-02-19
SKU-00122,Item-00122,BR-B,76.35,2026-02-11
SKU-00271,Item-00271,BR-A,127.83,2026-02-20
SKU-00285,Item-00285,BR-C,103.02,2026-02-17
SKU-00142,Item-00142,BR-D,111.9,2026-02-19
SKU-00286,Item-00286,BR-A,90.69,2026-02-16
SKU-00277,Item-00277,BR-E,142.94,2026-02-20
SKU-00598,Item-00598,BR-D,10.81,2026-02-25
SKU-00491,Item-00491,BR-E,220.35,2026-02-03
SKU-00305,Item-00305,BR-A,68.76,2026-02-19
SKU-00040,Carrots 1kg,BR-E,91.37,2026-02-10
SKU-00299,Item-00299,BR-C,145.2,2026-02-02
SKU-00464,Item-00464,BR-B,47.94,2026-02-24
SKU-00155,Item-00155,BR-D,24.71,2026-02-20
SKU-00343,Item-00343,BR-C,108.13,2026-02-18
SKU-00487,Item-00487,BR-C,170.89,2026-02-03
SKU-00252,Item-00252,BR-E,68.38,2026-02-26
SKU-00008,Coffee 200g,BR-B,22.36,2026-02-18
SKU-00032,كعكة شوكولاتة,BR-B,193.47,2026-02-20
SKU-00118,Item-00118,BR-A,196.18,2026-02-18
SKU-00507,Item-00507,BR-D,258.62,2026-02-16
SKU-00367,Item-00367,BR-A,42.6,2026-02-22
SKU-00221,Item-00221,BR-E,139.14,2026-02-13
SKU-00463,Item-00463,BR-E,114.3,2026-02-16
SKU-00312,Item-00312,BR-D,41.63,2026-02-16
SKU-00494,Item-00494,BR-A,73.78,2026-02-14
SKU-00451,Item-00451,BR-E,89.83,2026-02-08
SKU-00232,Item-00232,BR-E,68.88,2026-02-04
SKU-00248,Item-00248,BR-A,94.06,2026-02-26
SKU-00420,Item-00420,BR-B,26.67,2026-02-17
SKU-00432,Item-00432,BR-C,36.02,2026-02-13
SKU-00376,Item-00376,BR-C,31.82,2026-02-25
SKU-00321,Item-00321,BR-B,100.92,2026-02-26
SKU-00255,Item-00255,BR-C,264.35,2026-02-10
SKU-00106,Item-00106,BR-B,145.48,2026-02-06
SKU-00050,Toilet Paper 6pk,BR-E,159.95,2026-02-23
SKU-00181,Item-00181,BR-E,197.12,2026-02-30
SKU-00520,Item-00520,BR-B,255.69,2026-02-26
SKU-00167,Item-00167,BR-A,163.22,2026-02-11
SKU-00027,Muffin 4pk,BR-C,33.78,2026-02-14
SKU-00429,Item-00429,BR-E,69.87,2026-02-20
SKU-00174,Item-00174,BR-B,6.38,2026-02-11
SKU-00137,Item-00137,BR-C,81.63,2026-02-04
SKU-00321,Item-00321,BR-D,139.23,2026-02-23
SKU-00149,Item-00149,BR-D,95.63,2026-02-28
SKU-00096,Item-00096,BR-B,35.72,2026-02-24
SKU-00585,Item-00585,BR-B,25.98,2026-02-27
SKU-00337,Item-00337,BR-D,201.29,2026-02-29
SKU-00159,Item-00159,BR-A,9.79,2026-02-26
SKU-00329,Item-00329,BR-D,156.58,2026-02-14
SKU-00180,Item-00180,BR-E,307.04,2026-02-25
SKU-00373,Item-00373,BR-A,172.89,2026-02-01
SKU-00219,Item-00219,BR-A,51.17,2026-02-21
SKU-00499,Item-00499,BR-B,148.33,2026-02-12
SKU-00144,Item-00144,BR-B,119.65,2026-02-12
SKU-00371,Item-00371,BR-C,38.23,2026-02-27
SKU-00064,Chicken Breast 1kg,BR-B,247.53,2026-02-24
SKU-00422,Item-00422,BR-D,136.05,2026-02-10
SKU-00054,Cleaning Spray,BR-A,475.15,2026-02-25
SKU-00526,Item-00526,BR-E,78.79,2026-02-29
SKU-00118,Item-00118,BR-C,240.3,2026-02-07
SKU-00348,Item-00348,BR-C,134.37,2026-02-23
SKU-00441,Item-00441,BR-B,174.21,2026-02-28
SKU-00433,Item-00433,BR-A,255.28,2026-02-03
SKU-00255,Item-00255,BR-E,180.73,2026-02-26
SKU-00342,Item-00342,BR-A,174.97,2026-02-25
SKU-00045,Chicken Fingers 500g,BR-D,37.2,2026-02-17
SKU-00325,Item-00325,BR-A,156.1,2026-02-29
SKU-00142,Item-00142,BR-C,58.14,2026-02-30
SKU-00323,Item-00323,BR-C,175.54,2026-02-05
SKU-00061,Popcorn 100g,BR-D,357.26,2026-02-21
SKU-00442,Item-00442,BR-A,140.93,2026-02-24
SKU-00358,Item-00358,BR-E,166.71,2026-02-05
SKU-00337,Item-00337,BR-B,130.31,2026-02-11
SKU-00548,Item-00548,BR-C,19.58,2026-02-25
SKU-00257,Item-00257,BR-C,334.31,2026-02-18
SKU-00017,Yogurt 500g,BR-C,34.57,2026-02-19
SKU-00169,Item-00169,BR-B,47.04,2026-02-30
SKU-00049,Detergent 1L,BR-D,153.78,2026-02-29
SKU-00351,Item-00351,BR-B,150.45,2026-02-08
SKU-00279,Item-00279,BR-B,249.11,2026-02-06
SKU-00398,Item-00398,BR-B,81.6,2026-02-12
SKU-00377,Item-00377,BR-C,331.41,2026-02-13
SKU-00152,Item-00152,BR-E,53.47,2026-02-13
SKU-00354,Item-00354,BR-D,97.51,2026-02-26
SKU-00235,Item-00235,BR-E,73.57,2026-02-10
SKU-00213,Item-00213,BR-A,137.63,2026-02-03
SKU-00553,Item-00553,BR-E,178.11,2026-02-18
SKU-00451,Item-00451,BR-E,165.88,2026-02-17
SKU-00016,Cheese Slices,BR-E,106.09,2026-02-28
SKU-00522,Item-00522,BR-B,147.22,2026-02-01
SKU-00073,Pasta 500g,BR-E,260.18,2026-02-12
SKU-00536,Item-00536,BR-C,250.08,2026-02-23
SKU-00019,Cream 200ml,BR-D,241.77,2026-02-14
SKU-00162,Item-00162,BR-C,21.79,2026-02-15
SKU-00004,Energy Drink 250ml,BR-B,86.8,2026-02-18
SKU-00520,Item-00520,BR-D,159.87,2026-02-11
SKU-00055,Garbage Bags 30pk,BR-E,119.67,2026-02-05
SKU-00036,Onions 1kg,BR-D,209.11,2026-02-30
SKU-00130,Item-00130,BR-A,155.53,2026-02-19
SKU-00049,Detergent 1L,BR-D,187.78,2026-02-01
SKU-00409,Item-00409,BR-C,53.29,2026-02-16
SKU-00195,Item-00195,BR-E,77.37,2026-02-21
SKU-00262,Item-00262,BR-C,130.68,2026-02-21
SKU-00104,Item-00104,BR-E,113.9,2026-02-21
SKU-00001,Cola 1.5L,BR-A,84.28,2026-02-07
SKU-00408,Item-00408,BR-D,134.19,2026-02-21
SKU-00074,Flour 2kg,BR-D,117.06,2026-02-30
SKU-00129,Item-00129,BR-D,93.29,2026-02-13
SKU-00426,Item-00426,BR-D,75.57,2026-02-01
SKU-00501,Item-00501,BR-E,80.62,2026-02-11
SKU-00431,Item-00431,BR-C,82.81,2026-02-01
SKU-00557,Item-00557,BR-B,167.54,2026-02-29
SKU-00198,Item-00198,BR-A,87.99,2026-02-13
SKU-00082,Item-00082,BR-E,87.62,2026-02-06
SKU-00583,Item-00583,BR-A,213.84,2026-02-10
SKU-00072,Sugar 1kg,BR-D,410.26,2026-02-09
SKU-00216,Item-00216,BR-A,53.25,2026-02-10
SKU-00152,Item-00152,BR-E,59.09,2026-02-13
SKU-00503,Item-00503,BR-B,117.79,2026-02-10
SKU-00392,Item-00392,BR-C,222.62,2026-02-02
SKU-00390,Item-00390,BR-A,22.34,2026-02-15
SKU-00243,Item-00243,BR-D,196.5,2026-02-29
SKU-00169,Item-00169,BR-A,63.18,2026-02-02
SKU-00062,Pretzels 200g,BR-D,161.36,2026-02-17
SKU-00264,Item-00264,BR-D,63.37,2026-02-18
SKU-00048,مجمدات متنوعة,BR-A,92.42,2026-02-24
SKU-00354,Item-00354,BR-D,117.99,2026-02-22
SKU-00439,Item-00439,BR-C,95.07,2026-02-25
SKU-00374,Item-00374,BR-D,75.63,2026-02-26
SKU-00231,Item-00231,BR-D,42.06,2026-02-11
SKU-00287,Item-00287,BR-D,32.54,2026-02-27
SKU-00022,Milk Powder 400g,BR-E,288.61,2026-02-19
SKU-00223,Item-00223,BR-D,84.63,2026-02-28
SKU-00412,Item-00412,BR-C,167.72,2026-02-18
SKU-00005,Soda Can,BR-C,144.65,2026-02-09
SKU-00218,Item-00218,BR-A,50.9,2026-02-06
SKU-00027,Muffin 4pk,BR-D,23.99,2026-02-05
SKU-00403,Item-00403,BR-D,48.21,2026-02-12
SKU-00208,Item-00208,BR-E,168.6,2026-02-23
SKU-00092,Item-00092,BR-D,106.18,2026-02-03
SKU-00107,Item-00107,BR-D,94.08,2026-02-21
SKU-00208,Item-00208,BR-A,216.13,2026-02-17
SKU-00168,Item-00168,BR-A,200.43,2026-02-13
SKU-00231,Item-00231,BR-B,37.95,2026-02-30
SKU-00055,Garbage Bags 30pk,BR-C,281.2,2026-02-27
SKU-00014,Milk 1L,BR-E,82.16,2026-02-14
SKU-00081,Item-00081,BR-A,86.61,2026-02-01
SKU-00310,Item-00310,BR-C,92.6,2026-02-13
SKU-00327,Item-00327,BR-D,18.2,2026-02-04
SKU-00137,Item-00137,BR-D,101.62,2026-02-04
SKU-00001,Cola 1.5L,BR-E,126.99,2026-02-28
SKU-00465,Item-00465,BR-D,330.28,2026-02-30
SKU-00377,Item-00377,BR-B,109.14,2026-02-14
SKU-00496,Item-00496,BR-B,87.06,2026-02-03
SKU-00013,Sports Drink 600ml,BR-D,24.23,2026-02-18
SKU-00421,Item-00421,BR-E,194.83,2026-02-24
SKU-00315,Item-00315,BR-A,54.39,2026-02-12
SKU-00319,Item-00319,BR-D,93.14,2026-02-21
SKU-00478,Item-00478,BR-C,219.27,2026-02-11
SKU-00471,Item-00471,BR-D,169.75,2026-02-27
SKU-00584,Item-00584,BR-D,84.86,2026-02-08
SKU-00587,Item-00587,BR-C,140.81,2026-02-13
SKU-00035,Potatoes 2kg,BR-B,187.37,2026-02-21
SKU-00256,Item-00256,BR-D,6.72,2026-02-09
SKU-00018,Eggs 12pk,BR-E,178.93,2026-02-02
SKU-00451,Item-00451,BR-A,133.57,2026-02-04
SKU-00390,Item-00390,BR-B,14.17,2026-02-10
SKU-00500,Item-00500,BR-D,37.48,2026-02-14
SKU-00078,Salt 1kg,BR-A,176.28,2026-02-20
SKU-00353,Item-00353,BR-B,65.82,2026-02-25
SKU-00299,Item-00299,BR-A,257.34,2026-02-22
SKU-00594,Item-00594,BR-A,101.53,2026-02-25
SKU-00522,Item-00522,BR-A,139.36,2026-02-14
SKU-00408,Item-00408,BR-A,133.32,2026-02-07
SKU-00028,Baguette,BR-E,31.38,2026-02-03
SKU-00535,Item-00535,BR-B,126.35,2026-02-27
SKU-00582,Item-00582,BR-B,51.18,2026-02-17
SKU-00063,Candy Assorted,BR-E,183.38,2026-02-30
SKU-00255,Item-00255,BR-C,146.06,2026-02-23
SKU-00267,Item-00267,BR-A,113.41,2026-02-05
SKU-00097,Item-00097,BR-E,31.39,2026-02-01
SKU-00417,Item-00417,BR-C,14.86,2026-02-21
SKU-00206,Item-00206,BR-B,58.02,2026-02-10
SKU-00536,Item-00536,BR-D,173.12,2026-02-21
SKU-00177,Item-00177,BR-E,167.83,2026-02-22
SKU-00173,Item-00173,BR-E,71.29,2026-02-10
SKU-00357,Item-00357,BR-C,78.73,2026-02-05
SKU-00449,Item-00449,BR-D,89.75,2026-02-28
SKU-00192,Item-00192,BR-C,16.91,2026-02-25
SKU-00574,Item-00574,BR-D,13.01,2026-02-09
SKU-00008,Coffee 200g,BR-C,42.83,2026-02-28
SKU-00259,Item-00259,BR-C,198.67,2026-02-11
SKU-00187,Item-00187,BR-B,71.16,2026-02-13
SKU-00529,Item-00529,BR-C,174.1,2026-02-19
SKU-00183,Item-00183,BR-A,43.07,2026-02-04
SKU-00254,Item-00254,BR-C,117.05,2026-02-18
SKU-00305,Item-00305,BR-C,69.67,2026-02-23
SKU-00335,Item-00335,BR-A,172.76,2026-02-29
SKU-00451,Item-00451,BR-C,137.71,2026-02-02
SKU-00497,Item-00497,BR-D,66.04,2026-02-17
SKU-00306,Item-00306,BR-A,95.82,2026-02-04
SKU-00184,Item-00184,BR-D,197.6,2026-02-25
SKU-00241,Item-00241,BR-B,91.31,2026-02-06
SKU-00131,Item-00131,BR-C,89.81,2026-02-26
SKU-00555,Item-00555,BR-E,69.0,2026-02-22
SKU-00194,Item-00194,BR-C,5.18,2026-02-16
SKU-00435,Item-00435,BR-C,41.91,2026-02-09
SKU-00102,Item-00102,BR-A,218.0,2026-02-04
SKU-00034,Bananas 1kg,BR-A,305.18,2026-02-28
SKU-00228,Item-00228,BR-E,15.97,2026-02-03
SKU-00174,Item-00174,BR-E,7.34,2026-02-26
SKU-00321,Item-00321,BR-E,118.67,2026-02-29
SKU-00009,Lemonade 1L,BR-A,94.98,2026-02-05
SKU-00454,Item-00454,BR-D,175.39,2026-02-13
SKU-00514,Item-00514,BR-C,28.16,2026-02-01
SKU-00099,Item-00099,BR-D,181.3,2026-02-30
SKU-00259,Item-00259,BR-A,116.64,2026-02-07
SKU-00030,Cake Slice,BR-E,135.9,2026-02-19
SKU-00046,Fish Fingers 500g,BR-D,40.78,2026-02-20
SKU-00399,Item-00399,BR-C,125.86,2026-02-05
SKU-00579,Item-00579,BR-B,138.42,2026-02-05
SKU-00426,Item-00426,BR-C,205.4,2026-02-17
SKU-00015,Butter 250g,BR-B,211.63,2026-02-11
SKU-00430,Item-00430,BR-B,153.36,2026-02-01
SKU-00568,Item-00568,BR-A,115.2,2026-02-22
SKU-00124,Item-00124,BR-E,10.68,2026-02-01
SKU-00254,Item-00254,BR-A,136.54,2026-02-15
SKU-00551,Item-00551,BR-B,135.7,2026-02-17
SKU-00491,Item-00491,BR-B,296.77,2026-02-21
SKU-00159,Item-00159,BR-A,30.43,2026-02-01
SKU-00466,Item-00466,BR-A,177.07,2026-02-03
SKU-00435,Item-00435,BR-E,115.37,2026-02-07
SKU-00479,Item-00479,BR-D,30.6,2026-02-04
SKU-00376,Item-00376,BR-C,29.44,2026-02-23
SKU-00070,دجاج كامل,BR-E,69.51,2026-02-01
SKU-00130,Item-00130,BR-D,189.78,2026-02-06
SKU-00316,Item-00316,BR-B,141.62,2026-02-11
SKU-00551,Item-00551,BR-B,89.89,2026-02-29
SKU-00400,Item-00400,BR-B,72.15,2026-02-21
SKU-00554,Item-00554,BR-D,30.39,2026-02-11
SKU-00360,Item-00360,BR-E,19.48,2026-02-25
SKU-00236,Item-00236,BR-B,246.67,2026-02-17
SKU-00357,Item-00357,BR-D,94.51,2026-02-17
SKU-00227,Item-00227,BR-C,30.29,2026-02-17
SKU-00100,Item-00100,BR-D,89.3,2026-02-12
SKU-00329,Item-00329,BR-E,139.95,2026-02-23
SKU-00154,Item-00154,BR-E,111.45,2026-02-19
SKU-00059,Gum Pack,BR-E,44.05,2026-02-19
SKU-00336,Item-00336,BR-B,79.03,2026-02-20
SKU-00521,Item-00521,BR-E,224.25,2026-02-09
SKU-00337,Item-00337,BR-C,116.35,2026-02-03
SKU-00576,Item-00576,BR-E,222.58,2026-02-06
SKU-00526,Item-00526,BR-C,64.3,2026-02-18
SKU-00496,Item-00496,BR-C,47.96,2026-02-02
SKU-00591,Item-00591,BR-B,116.86,2026-02-25
SKU-00530,Item-00530,BR-D,154.11,2026-02-01
SKU-00506,Item-00506,BR-B,337.14,2026-02-18
SKU-00024,Bread Loaf,BR-C,29.69,2026-02-19
SKU-00510,Item-00510,BR-C,247.48,2026-02-22
SKU-00330,Item-00330,BR-D,108.37,2026-02-30
SKU-00132,Item-00132,BR-C,64.91,2026-02-23
SKU-00383,Item-00383,BR-D,51.92,2026-02-18
SKU-00275,Item-00275,BR-D,269.59,2026-02-01
SKU-00107,Item-00107,BR-C,130.83,2026-02-05
SKU-00217,Item-00217,BR-D,189.44,2026-02-06
SKU-00301,Item-00301,BR-E,167.97,2026-02-26
SKU-00496,Item-00496,BR-A,70.16,2026-02-12
SKU-00119,Item-00119,BR-E,162.44,2026-02-21
SKU-00460,Item-00460,BR-B,133.72,2026-02-14
SKU-00052,Shampoo 400ml,BR-E,110.29,2026-02-16
SKU-00497,Item-00497,BR-B,85.34,2026-02-16
SKU-00296,Item-00296,BR-D,126.53,2026-02-02
SKU-00545,Item-00545,BR-B,18.96,2026-02-18
SKU-00031,Cookies Pack,BR-E,216.65,2026-02-02
SKU-00038,Cucumbers 500g,BR-D,172.43,2026-02-10
SKU-00083,Item-00083,BR-E,107.07,2026-02-25
SKU-00138,Item-00138,BR-A,13.81,2026-02-01
SKU-00324,Item-00324,BR-E,110.48,2026-02-08
SKU-00220,Item-00220,BR-D,86.37,2026-02-25
SKU-00192,Item-00192,BR-E,26.94,2026-02-15
SKU-00369,Item-00369,BR-C,161.34,2026-02-14
SKU-00571,Item-00571,BR-C,358.56,2026-02-12
SKU-00026,Pita Bread 6pk,BR-D,97.61,2026-02-17
SKU-00489,Item-00489,BR-E,98.23,2026-02-28
SKU-00523,Item-00523,BR-D,23.39,2026-02-02
SKU-00180,Item-00180,BR-C,152.93,2026-02-09
SKU-00349,Item-00349,BR-B,60.71,2026-02-17
SKU-00358,Item-00358,BR-B,181.16,2026-02-17
SKU-00294,Item-00294,BR-C,140.53,2026-02-04
SKU-00319,Item-00319,BR-C,82.77,2026-02-13
SKU-00218,Item-00218,BR-B,44.0,2026-02-30
SKU-00343,Item-00343,BR-A,124.01,2026-02-19
SKU-00404,Item-00404,BR-A,59.91,2026-02-28
SKU-00373,Item-00373,BR-E,174.76,2026-02-06
SKU-00183,Item-00183,BR-E,46.34,2026-02-07
SKU-00253,Item-00253,BR-B,23.19,2026-02-20
SKU-00472,Item-00472,BR-D,139.03,2026-02-01
SKU-00111,Item-00111,BR-D,27.4,2026-02-10
SKU-00199,Item-00199,BR-D,11.59,2026-02-20
SKU-00003,Mineral Water 500ml,BR-E,95.03,2026-02-15
SKU-00102,Item-00102,BR-C,140.91,2026-02-25
SKU-00278,Item-00278,BR-D,58.06,2026-02-21
SKU-00314,Item-00314,BR-D,214.87,2026-02-18
SKU-00597,Item-00597,BR-B,73.92,2026-02-13
SKU-00093,Item-00093,BR-E,212.07,2026-02-13
SKU-00315,Item-00315,BR-C,29.86,2026-02-10
SKU-00194,Item-00194,BR-A,5.69,2026-02-11
SKU-00167,Item-00167,BR-A,167.54,2026-02-19
SKU-00038,Cucumbers 500g,BR-A,168.8,2026-02-03
SKU-00138,Item-00138,BR-D,10.04,2026-02-28
SKU-00502,Item-00502,BR-C,132.09,2026-02-26
SKU-00545,Item-00545,BR-C,44.18,2026-02-18
SKU-00453,Item-00453,BR-D,104.96,2026-02-28
SKU-00097,Item-00097,BR-B,23.59,2026-02-02
SKU-00508,Item-00508,BR-E,41.91,2026-02-04
SKU-00533,Item-00533,BR-B,145.47,2026-02-04
SKU-00176,Item-00176,BR-B,189.99,2026-02-11
SKU-00597,Item-00597,BR-B,70.56,2026-02-23
SKU-00529,Item-00529,BR-A,191.26,2026-02-12
SKU-00327,Item-00327,BR-D,9.87,2026-02-13
SKU-00184,Item-00184,BR-D,131.51,2026-02-04
SKU-00290,Item-00290,BR-E,102.86,2026-02-07
SKU-00138,Item-00138,BR-D,13.95,2026-02-04
SKU-00476,Item-00476,BR-C,168.9,2026-02-05
SKU-00538,Item-00538,BR-A,111.33,2026-02-25
SKU-00497,Item-00497,BR-D,45.98,2026-02-07
SKU-00213,Item-00213,BR-C,111.34,2026-02-21
SKU-00385,Item-00385,BR-B,21.41,2026-02-09
SKU-00076,Canned Beans 400g,BR-D,142.26,2026-02-18
SKU-00508,Item-00508,BR-A,39.77,2026-02-04
SKU-00369,Item-00369,BR-A,198.87,2026-02-24
SKU-00234,Item-00234,BR-C,123.45,2026-02-05
SKU-00203,Item-00203,BR-D,80.56,2026-02-09
SKU-00320,Item-00320,BR-E,139.84,2026-02-21
SKU-00146,Item-00146,BR-B,186.45,2026-02-05
SKU-00173,Item-00173,BR-C,60.22,2026-02-24
SKU-00369,Item-00369,BR-B,134.47,2026-02-03
SKU-00119,Item-00119,BR-B,97.99,2026-02-12
SKU-00544,Item-00544,BR-E,4.91,2026-02-21
SKU-00170,Item-00170,BR-B,41.24,2026-02-02
SKU-00384,Item-00384,BR-D,82.59,2026-02-22
SKU-00231,Item-00231,BR-B,36.24,2026-02-13
SKU-00246,Item-00246,BR-E,67.08,2026-02-17
SKU-00158,Item-00158,BR-E,11.14,2026-02-19
SKU-00450,Item-00450,BR-C,202.11,2026-02-18
SKU-00044,Frozen Pizza,BR-A,133.71,2026-02-16
SKU-00214,Item-00214,BR-B,129.78,2026-02-20
SKU-00129,Item-00129,BR-D,71.84,2026-02-22
SKU-00296,Item-00296,BR-A,82.51,2026-02-30
SKU-00380,Item-00380,BR-A,24.71,2026-02-01
SKU-00342,Item-00342,BR-D,174.53,2026-02-26
SKU-00331,Item-00331,BR-E,92.52,2026-02-24
SKU-00040,Carrots 1kg,BR-D,209.12,2026-02-28
SKU-00509,Item-00509,BR-B,115.96,2026-02-06
SKU-00044,Frozen Pizza,BR-C,46.56,2026-02-08
SKU-00066,Lamb Chops 500g,BR-E,102.12,2026-02-14
SKU-00578,Item-00578,BR-D,39.69,2026-02-28
SKU-00253,Item-00253,BR-D,24.83,2026-02-03
SKU-00094,Item-00094,BR-C,139.8,2026-02-02
SKU-00158,Item-00158,BR-E,11.28,2026-02-05
SKU-00222,Item-00222,BR-B,228.55,2026-02-30
SKU-00124,Item-00124,BR-C,7.38,2026-02-21
SKU-00295,Item-00295,BR-C,66.25,2026-02-24
SKU-00160,Item-00160,BR-B,57.29,2026-02-08
SKU-00135,Item-00135,BR-A,35.86,2026-02-05
SKU-00459,Item-00459,BR-E,153.76,2026-02-22
SKU-00165,Item-00165,BR-C,87.09,2026-02-21
SKU-00501,Item-00501,BR-E,136.28,2026-02-11
SKU-00236,Item-00236,BR-B,314.88,2026-02-04
SKU-00497,Item-00497,BR-D,43.43,2026-02-24
SKU-00532,Item-00532,BR-C,180.01,2026-02-13
SKU-00293,Item-00293,BR-A,157.73,2026-02-29
SKU-00466,Item-00466,BR-D,177.91,2026-02-13
SKU-00071,Rice 5kg,BR-C,33.26,2026-02-21
SKU-00477,Item-00477,BR-A,30.69,2026-02-29
SKU-00244,Item-00244,BR-D,95.42,2026-02-07
SKU-00125,Item-00125,BR-C,66.26,2026-02-06
SKU-00432,Item-00432,BR-A,90.86,2026-02-25
SKU-00203,Item-00203,BR-D,39.12,2026-02-11
SKU-00559,Item-00559,BR-E,140.22,2026-02-15
SKU-00201,Item-00201,BR-E,109.07,2026-02-10
SKU-00199,Item-00199,BR-E,12.95,2026-02-06
SKU-00164,Item-00164,BR-B,84.32,2026-02-17
SKU-00229,Item-00229,BR-B,99.95,2026-02-07
SKU-00513,Item-00513,BR-C,122.97,2026-02-11
SKU-00029,Donuts 6pk,BR-D,220.76,2026-02-25
SKU-00595,Item-00595,BR-C,339.95,2026-02-02
SKU-00099,Item-00099,BR-C,133.51,2026-02-11
SKU-00165,Item-00165,BR-B,68.48,2026-02-26
SKU-00379,Item-00379,BR-D,81.29,2026-02-22
SKU-00581,Item-00581,BR-B,140.56,2026-02-28
SKU-00357,Item-00357,BR-A,126.67,2026-02-23
SKU-00194,Item-00194,BR-B,5.44,2026-02-04
SKU-00361,Item-00361,BR-B,118.83,2026-02-26
SKU-00240,Item-00240,BR-B,81.68,2026-02-21
SKU-00597,Item-00597,BR-C,53.01,2026-02-29
SKU-00023,الحليب الطازج,BR-C,52.0,2026-02-21
SKU-00275,Item-00275,BR-C,170.57,2026-02-12
SKU-00061,Popcorn 100g,BR-E,240.75,2026-02-26
SKU-00489,Item-00489,BR-B,135.87,2026-02-22
SKU-00196,Item-00196,BR-A,15.19,2026-02-14
SKU-00072,Sugar 1kg,BR-E,337.18,2026-02-17
SKU-00306,Item-00306,BR-D,93.82,2026-02-24
SKU-00359,Item-00359,BR-B,77.14,2026-02-18
SKU-00256,Item-00256,BR-C,11.35,2026-02-12
SKU-00043,Frozen Peas 500g,BR-E,71.21,2026-02-05
SKU-00143,Item-00143,BR-D,168.43,2026-02-22
SKU-00001,Cola 1.5L,BR-B,115.72,2026-02-22
SKU-00378,Item-00378,BR-C,56.18,2026-02-04
SKU-00064,Chicken Breast 1kg,BR-C,169.81,2026-02-21
SKU-00311,Item-00311,BR-A,13.62,2026-02-15
SKU-00431,Item-00431,BR-E,71.92,2026-02-19
SKU-00272,Item-00272,BR-A,123.58,2026-02-10
SKU-00496,Item-00496,BR-A,58.0,2026-02-09
SKU-00175,Item-00175,BR-C,21.18,2026-02-07
SKU-00160,Item-00160,BR-A,86.59,2026-02-24
SKU-00231,Item-00231,BR-B,43.23,2026-02-10
SKU-00226,Item-00226,BR-C,42.76,2026-02-29
SKU-00213,Item-00213,BR-D,86.64,2026-02-27
SKU-00273,Item-00273,BR-B,120.16,2026-02-03
SKU-00344,Item-00344,BR-D,85.52,2026-02-01
SKU-00374,Item-00374,BR-B,85.25,2026-02-24
SKU-00191,Item-00191,BR-B,188.98,2026-02-28
SKU-00412,Item-00412,BR-C,151.03,2026-02-18
SKU-00475,Item-00475,BR-A,94.94,2026-02-22
SKU-00391,Item-00391,BR-C,116.31,2026-02-21
SKU-00239,Item-00239,BR-A,126.58,2026-02-01
SKU-00472,Item-00472,BR-E,82.5,2026-02-03
SKU-00038,Cucumbers 500g,BR-A,199.56,2026-02-10
SKU-00537,Item-00537,BR-A,165.29,2026-02-10
SKU-00132,Item-00132,BR-A,42.53,2026-02-10
SKU-00021,Ghee 1L,BR-A,217.92,2026-02-27
SKU-00056,Chips 150g,BR-A,204.36,2026-02-23
SKU-00074,Flour 2kg,BR-C,89.8,2026-02-01
SKU-00291,Item-00291,BR-E,43.07,2026-02-14
SKU-00297,Item-00297,BR-A,71.83,2026-02-03
SKU-00061,Popcorn 100g,BR-D,261.92,2026-02-22
SKU-00212,Item-00212,BR-A,25.79,2026-02-26
SKU-00010,Iced Tea 500ml,BR-B,13.77,2026-02-17
SKU-00467,Item-00467,BR-E,95.78,2026-02-01
SKU-00441,Item-00441,BR-D,159.92,2026-02-04
SKU-00274,Item-00274,BR-A,65.78,2026-02-30
SKU-00074,Flour 2kg,BR-C,96.53,2026-02-04
SKU-00273,Item-00273,BR-B,207.84,2026-02-22
SKU-00160,Item-00160,BR-A,77.8,2026-02-13
SKU-00118,Item-00118,BR-A,148.4,2026-02-03
SKU-00445,Item-00445,BR-B,120.11,2026-02-04
SKU-00263,Item-00263,BR-B,221.6,2026-02-09
SKU-00115,Item-00115,BR-A,41.97,2026-02-14
SKU-00334,Item-00334,BR-A,10.88,2026-02-28
SKU-00511,Item-00511,BR-B,173.38,2026-02-04
SKU-00037,Tomatoes 1kg,BR-D,262.71,2026-02-06
SKU-00150,Item-00150,BR-A,162.12,2026-02-02
SKU-00559,Item-00559,BR-C,156.84,2026-02-06
SKU-00308,Item-00308,BR-A,63.03,2026-02-26
SKU-00036,Onions 1kg,BR-E,170.2,2026-02-11
SKU-00236,Item-00236,BR-B,129.02,2026-02-01
SKU-00597,Item-00597,BR-E,90.67,2026-02-27
SKU-00101,Item-00101,BR-C,135.06,2026-02-20
SKU-00518,Item-00518,BR-A,58.7,2026-02-20
SKU-00463,Item-00463,BR-A,88.84,2026-02-22
SKU-00190,Item-00190,BR-E,150.52,2026-02-10
SKU-00079,Soy Sauce 250ml,BR-C,124.63,2026-02-09
SKU-00154,Item-00154,BR-C,91.46,2026-02-23
SKU-00339,Item-00339,BR-A,30.48,2026-02-21
SKU-00178,Item-00178,BR-D,221.48,2026-02-14
SKU-00404,Item-00404,BR-D,87.8,2026-02-29
SKU-00086,Item-00086,BR-A,207.02,2026-02-06
SKU-00580,Item-00580,BR-B,83.09,2026-02-27
SKU-00278,Item-00278,BR-B,40.6,2026-02-16
SKU-00510,Item-00510,BR-E,164.17,2026-02-15
SKU-00470,Item-00470,BR-E,135.93,2026-02-17
SKU-00138,Item-00138,BR-C,22.93,2026-02-26
SKU-00229,Item-00229,BR-C,66.64,2026-02-29
SKU-00225,Item-00225,BR-B,57.79,2026-02-12
SKU-00466,Item-00466,BR-E,158.34,2026-02-22
SKU-00255,Item-00255,BR-D,211.59,2026-02-13
SKU-00168,Item-00168,BR-A,135.19,2026-02-30
SKU-00155,Item-00155,BR-E,38.95,2026-02-04
SKU-00144,Item-00144,BR-D,144.91,2026-02-02
SKU-00576,Item-00576,BR-D,212.04,2026-02-04
SKU-00090,Item-00090,BR-A,51.58,2026-02-08
SKU-00028,Baguette,BR-E,31.33,2026-02-16
SKU-00401,Item-00401,BR-D,15.43,2026-02-25
SKU-00542,Item-00542,BR-D,220.41,2026-02-07
SKU-00598,Item-00598,BR-E,16.69,2026-02-13
SKU-00401,Item-00401,BR-D,22.41,2026-02-01
SKU-00349,Item-00349,BR-C,59.02,2026-02-21
SKU-00038,Cucumbers 500g,BR-C,138.22,2026-02-20
SKU-00055,Garbage Bags 30pk,BR-E,145.58,2026-02-20
SKU-00192,Item-00192,BR-C,20.11,2026-02-25
SKU-00518,Item-00518,BR-A,80.75,2026-02-12
SKU-00442,Item-00442,BR-C,77.84,2026-02-19
SKU-00295,Item-00295,BR-A,107.52,2026-02-14
SKU-00068,Bacon 200g,BR-D,6.76,2026-02-06
SKU-00599,Item-00599,BR-E,233.56,2026-02-03
SKU-00596,Item-00596,BR-A,190.58,2026-02-24
SKU-00318,Item-00318,BR-E,118.82,2026-02-16
SKU-00535,Item-00535,BR-C,167.91,2026-02-27
SKU-00096,Item-00096,BR-D,28.92,2026-02-23
SKU-00096,Item-00096,BR-A,31.73,2026-02-11
SKU-00381,Item-00381,BR-A,240.47,2026-02-26
SKU-00042,Ice Cream 500ml,BR-C,16.1,2026-02-21
SKU-00204,Item-00204,BR-A,168.21,2026-02-21
SKU-00136,Item-00136,BR-B,70.2,2026-02-18
SKU-00254,Item-00254,BR-E,187.75,2026-02-19
SKU-00061,Popcorn 100g,BR-B,226.93,2026-02-14
SKU-00453,Item-00453,BR-C,137.38,2026-02-12
SKU-00209,Item-00209,BR-C,353.0,2026-02-08
SKU-00265,Item-00265,BR-D,97.32,2026-02-05
SKU-00509,Item-00509,BR-A,151.54,2026-02-15
SKU-00559,Item-00559,BR-A,207.87,2026-02-07
SKU-00505,Item-00505,BR-E,43.19,2026-02-01
SKU-00256,Item-00256,BR-B,6.72,2026-02-05
SKU-00246,Item-00246,BR-C,113.02,2026-02-13
SKU-00010,Iced Tea 500ml,BR-E,10.57,2026-02-15
SKU-00356,Item-00356,BR-D,66.22,2026-02-26
SKU-00363,Item-00363,BR-A,122.56,2026-02-19
SKU-00019,Cream 200ml,BR-D,238.43,2026-02-09
SKU-00050,Toilet Paper 6pk,BR-C,98.27,2026-02-24
SKU-00409,Item-00409,BR-A,56.97,2026-02-05
SKU-00173,Item-00173,BR-D,154.27,2026-02-05
SKU-00442,Item-00442,BR-A,75.94,2026-02-21
SKU-00039,Lettuce Head,BR-B,171.88,2026-02-28
SKU-00185,Item-00185,BR-E,88.14,2026-02-14
SKU-00365,Item-00365,BR-C,107.81,2026-02-23
SKU-00544,Item-00544,BR-E,6.68,2026-02-26
SKU-00411,Item-00411,BR-C,27.44,2026-02-29
SKU-00223,Item-00223,BR-B,85.44,2026-02-09
SKU-00361,Item-00361,BR-B,160.36,2026-02-18
SKU-00044,Frozen Pizza,BR-B,61.11,2026-02-15
SKU-00421,Item-00421,BR-A,218.09,2026-02-09
